game_id,play_id,n_defenders_in_R_release,nearest_def_dist_release,nearest_def_closing_vel_release,rec_speed,rec_dir,week
2023090700,101,0,4.735652014242603,-1.6051094767660667,7.9,99.25,1
2023090700,194,1,1.8832153355365413,5.193976908516982,6.09,245.74,1
2023090700,219,0,4.906831971853125,-2.854578421010967,3.85,268.92,1
2023090700,361,1,2.18013761033564,0.345410701094534,1.51,18.99,1
2023090700,436,1,2.8727861041156535,-0.6730288802336781,3.59,116.9,1
2023090700,461,0,3.8774218238411975,-0.590634257295231,6.17,80.2,1
2023090700,530,0,3.4386189088062675,2.6921458372732854,4.07,145.46,1
2023090700,621,2,1.4698639392814536,4.248856636812377,8.29,173.6,1
2023090700,713,1,1.387083270751974,2.6851171420469138,4.47,214.38,1
2023090700,736,1,2.0784850252046496,-6.645738633734696,7.84,311.65,1
2023090700,877,0,5.272731739810009,-3.6091336093668804,2.47,42.04,1
2023090700,902,0,3.658537959349329,1.0207682252327646,1.05,125.1,1
2023090700,1001,0,7.106335201775945,-0.7304589165173654,2.19,47.33,1
2023090700,1069,0,6.076224156497184,-4.203005316487065,4.87,188.78,1
2023090700,1154,0,11.01955534493112,0.3946168961599632,8.2,214.61,1
2023090700,1201,1,1.8613167382259301,-2.1883550488223373,2.76,335.29,1
2023090700,1300,0,7.0331287489992675,1.9031398429310378,6.28,206.28,1
2023090700,1422,2,0.6356099432828305,4.821112748142328,6.51,99.99,1
2023090700,1494,1,0.8736704184073102,-2.3618533576819876,5.67,282.58,1
2023090700,1563,1,2.9652993103563765,6.900292357315976,8.01,163.44,1
2023090700,1588,1,1.0282509421342652,-4.154793074011868,8.82,103.16,1
2023090700,1618,0,5.172639558291294,0.2304375346717763,2.57,161.69,1
2023090700,1679,0,4.213798761212971,2.1919493815025266,9.26,89.13,1
2023090700,1711,0,3.636660556059634,3.7981285185173492,7.94,76.77,1
2023090700,1741,0,3.412989891576004,-2.2751541300417797,2.03,101.27,1
2023090700,1812,1,1.9208331525668756,0.38817042400015755,3.43,216.33,1
2023090700,1837,0,4.601934375890205,-1.2478000894781829,7.45,189.29,1
2023090700,1869,0,3.7571931012392707,2.0116099602007806,2.27,191.75,1
2023090700,1940,0,4.303591523367432,-7.447358451394027,7.25,320.95,1
2023090700,2118,1,1.3189389675038035,-0.12806417134365766,3.74,128.87,1
2023090700,2141,0,3.2172037548156625,7.699007325984216,7.38,177.79,1
2023090700,2186,0,4.025481337678762,3.327207736541382,3.62,289.99,1
2023090700,2261,1,2.3162469643800954,5.1992597759842525,7.35,197.83,1
2023090700,2306,0,5.868986283848346,-1.682349308522421,7.09,46.58,1
2023090700,2364,1,1.4080127840328698,7.559708204052607,8.18,173.65,1
2023090700,2435,0,19.12361106067575,-3.528861252687061,5.62,0.54,1
2023090700,2487,1,2.0214103987068017,0.7770715023191315,9.64,64.76,1
2023090700,2510,0,7.161319710779571,0.35661611131728044,3.77,109.55,1
2023090700,2613,1,1.2841339493993595,1.8875228564482598,5.99,274.86,1
2023090700,2638,0,3.619571797878861,2.324115649394976,7.93,355.11,1
2023090700,2825,0,16.11477893115509,0.30876880200463097,3.36,103.66,1
2023090700,2906,0,12.586381529256133,5.973331830790256,4.71,155.16,1
2023090700,2936,1,1.9320455481173284,-1.6271279946975903,4.25,132.34,1
2023090700,2959,0,4.425573409175366,-0.3129391258911578,7.13,168.24,1
2023090700,3032,1,2.9066303514551053,0.6373399150892564,5.77,333.06,1
2023090700,3089,0,4.709522268765695,0.6261268056962578,6.94,220.22,1
2023090700,3114,0,3.9231874795885022,-1.7565670499695734,5.91,334.75,1
2023090700,3185,1,2.4446881191677576,2.246048325807803,4.16,179.31,1
2023090700,3233,0,12.061981595077985,-2.3556074452366436,6.77,191.31,1
2023090700,3324,1,2.331179958733345,1.5439863422363915,3.17,118.43,1
2023090700,3461,0,3.3735589516117837,-3.7307489970902963,5.93,99.46,1
2023090700,3486,0,7.1775343955985305,4.68953729975931,4.62,165.68,1
2023090700,3566,1,1.2899612397277704,-1.4330904228904973,3.72,85.27,1
2023090700,3674,0,4.332124190278946,-2.6869100420357843,5.24,255.11,1
2023090700,3912,0,7.060269116683868,5.271978329562885,7.68,338.53,1
2023090700,3971,0,6.202983153290043,2.097924409660917,3.94,331.8,1
2023090700,3994,0,3.856591759572178,-0.9251903058714386,7.06,319.35,1
2023090700,4041,1,0.5147815070493551,4.061314571718139,4.53,174.44,1
2023091000,185,0,3.3872260036791184,0.12227346722157245,4.94,240.14,1
2023091000,661,1,1.9299999999999926,2.3715848414116527,4.72,244.59,1
2023091000,842,1,2.6800186566514763,4.887641879554923,8.23,161.89,1
2023091000,877,0,12.119657585922138,6.059818160432104,4.54,44.7,1
2023091000,927,0,3.072751210234892,-5.784357412420142,3.38,282.21,1
2023091000,1046,0,7.066116330771813,-2.1560464445065852,5.07,242.11,1
2023091000,1193,1,1.9859506539690281,5.451436226714467,6.23,174.44,1
2023091000,1240,0,7.2153447596078175,-2.919618293672646,7.29,172.38,1
2023091000,1300,1,1.7740913167027148,-0.5934492661830872,4.0,143.62,1
2023091000,1325,1,1.1211155159036892,3.0405350794218,6.2,58.2,1
2023091000,1382,0,8.637279664338761,-6.80868017957561,5.49,35.86,1
2023091000,1429,1,2.3385679378628335,-2.6396154784227495,5.66,155.93,1
2023091000,1599,0,6.560121950085994,-0.05717438783112094,1.1,275.37,1
2023091000,1697,1,1.8529975715040734,0.7225925010417489,7.4,75.79,1
2023091000,1720,1,0.6378871373526822,3.294380503333637,6.64,101.24,1
2023091000,1743,1,0.4767598976424085,2.8375554098019053,6.41,76.23,1
2023091000,1837,0,13.049800764762654,-0.6777305796901543,5.55,196.27,1
2023091000,1925,0,7.95369096709195,0.0527520929972094,7.85,357.53,1
2023091000,1972,0,4.863095721862764,-0.6638619907877708,6.16,348.72,1
2023091000,2101,1,2.8840596387730963,-1.779936433235318,3.93,272.87,1
2023091000,2207,1,2.293403584195335,-0.7324851372403224,6.85,56.87,1
2023091000,2342,0,5.166555912791423,1.1698450740132191,1.36,224.31,1
2023091000,2389,1,1.283510810238853,4.384201769284239,6.43,246.08,1
2023091000,2580,0,9.792252039239996,1.5777535681844967,4.88,343.99,1
2023091000,2793,0,7.692073842599274,0.4178147011148611,5.72,158.26,1
2023091000,2823,0,3.4967699381000146,-3.812102122500496,4.21,55.38,1
2023091000,3026,0,15.556092054240358,-2.4373677800917704,5.43,0.07,1
2023091000,3078,1,2.0467779557147856,3.967771787027843,7.15,116.36,1
2023091000,3260,0,9.917988707394256,6.036913361130294,4.51,322.92,1
2023091000,3369,1,1.1065260954898462,7.63604284601531,8.08,97.68,1
2023091000,3421,1,0.5390732788777409,-0.17727602238269968,4.94,116.94,1
2023091000,3486,0,5.571328387377645,-3.1310942758566016,6.61,303.73,1
2023091000,3533,1,1.5480633061990698,4.703267062338958,8.79,286.06,1
2023091000,3886,0,7.295238172945423,-1.3811817444607617,6.46,19.77,1
2023091000,3916,0,3.6402747149081973,0.7430583251792078,5.4,28.38,1
2023091000,4107,1,2.82347303865293,3.9261192056549925,7.45,34.07,1
2023091000,4155,1,1.8760063965775813,1.5304381031836083,4.94,45.68,1
2023091001,166,0,7.064630209713737,0.32960514631509563,4.75,169.18,1
2023091001,284,0,9.354619179849063,0.8480979840588805,0.16,343.42,1
2023091001,407,0,7.035573892725456,1.8255972166030845,5.43,177.08,1
2023091001,532,1,0.39012818406262356,6.793852431445523,7.5,6.91,1
2023091001,559,1,2.0143485299222665,0.8435976620877688,4.14,342.1,1
2023091001,893,0,5.509128787748566,0.6881686303627564,6.75,52.97,1
2023091001,1042,0,7.428923205956566,1.422561650203001,7.56,284.18,1
2023091001,1065,0,17.695674612740827,3.085371496695056,5.44,359.9,1
2023091001,1232,0,7.343357542704836,-2.1894734380972998,3.37,158.39,1
2023091001,1368,2,2.2917242417009924,1.5896740185492528,6.24,44.95,1
2023091001,1438,0,5.7050942148224,6.401012101535374,3.91,169.91,1
2023091001,1470,0,7.0704526022030585,4.3198139277883145,6.09,18.92,1
2023091001,1517,0,6.392949241156229,0.5192332919758208,2.01,59.81,1
2023091001,1549,0,3.6540388613149704,-2.9899938800474963,4.64,100.43,1
2023091001,1574,0,4.350735569992732,0.8380119455731407,6.17,62.04,1
2023091001,1797,1,2.9317059879871987,1.3932116133817938,5.25,294.57,1
2023091001,1948,1,1.0916501271011652,-4.8625549878739225,5.57,102.74,1
2023091001,1980,0,5.707416228031742,-2.548634445774546,5.35,77.6,1
2023091001,2033,0,13.11327952878302,-2.4393512500665024,3.46,9.31,1
2023091001,2151,0,4.301162633521313,-2.620565187678304,2.71,97.83,1
2023091001,2351,1,1.9350710581268067,-4.669155181670358,5.81,126.11,1
2023091001,2432,1,2.3900836805434187,2.1026718677361607,4.12,1.98,1
2023091001,2469,0,4.579574216016157,-0.04525042485657316,6.11,25.19,1
2023091001,2523,0,4.382168413011995,2.0130624504474306,6.35,175.45,1
2023091001,2759,1,2.0530221625691314,-2.3911120960972263,4.81,251.61,1
2023091001,3086,1,1.7539099178692101,-1.708406295663274,5.99,237.03,1
2023091001,3111,0,8.201134067920119,2.3533300176977727,5.13,191.7,1
2023091001,3216,1,2.574218327958998,-1.8053111057581632,8.6,356.49,1
2023091001,3257,0,6.301468082915283,-5.343694690708501,6.95,171.39,1
2023091001,3302,1,2.4972184525988146,0.5479550523344079,5.61,32.92,1
2023091001,3383,0,7.710888405365489,0.5158496147947925,5.69,338.89,1
2023091001,3514,1,0.841189633792525,2.6269492362010407,4.23,26.53,1
2023091001,3879,0,3.3012118986820593,3.110160488399794,7.54,62.34,1
2023091001,3902,2,1.4934523762075549,-0.44927115300451637,6.91,69.32,1
2023091001,4018,1,1.124144118874447,4.617059434680231,7.94,260.75,1
2023091001,4191,0,9.917887879987354,2.273028849017464,4.6,16.94,1
2023091001,4216,1,1.0816653826391944,-2.7376311952161982,6.12,86.39,1
2023091001,4239,1,0.9998499887483072,0.4620991065955511,7.02,85.37,1
2023091001,4322,1,2.902033769617443,2.2444089008575006,5.01,10.23,1
2023091001,4392,0,11.65556090456396,2.2231505232077478,3.84,228.66,1
2023091001,4564,1,2.8056015397771668,-2.7625329166816455,2.27,48.52,1
2023091001,4589,0,6.311196400049676,-0.8772112455118952,5.42,86.41,1
2023091001,4614,0,12.365019207425437,-1.0918385923013858,6.1,20.21,1
2023091001,4639,0,8.861811327262616,-1.9805560764414045,5.04,119.04,1
2023091001,4662,0,9.109742038060133,-1.675892275819903,4.5,9.12,1
2023091002,110,0,5.61035649491189,-0.9018392358166973,6.65,32.64,1
2023091002,319,0,8.267103483082812,-0.41714799469242225,6.27,189.68,1
2023091002,444,1,2.643822989536178,1.014473595016604,6.03,170.11,1
2023091002,599,0,3.811364585027259,6.5885307275418095,9.76,299.42,1
2023091002,767,0,4.053603335305513,0.7461922988983312,5.14,142.76,1
2023091002,819,1,1.7560182231400676,4.562988605950029,8.57,201.17,1
2023091002,873,0,8.97008918573277,6.188335700526972,6.09,333.58,1
2023091002,975,1,1.0317460927960918,-2.1400760741200595,3.49,126.41,1
2023091002,1048,0,9.834576757542745,0.7982336704485167,2.26,174.77,1
2023091002,1071,1,0.7692203845452806,2.5125902795661537,4.62,208.16,1
2023091002,1209,0,5.956786046182961,5.0298796492577225,5.93,135.57,1
2023091002,1260,1,2.11101871142821,-4.304169095643979,8.62,77.77,1
2023091002,1412,1,1.5652475842498497,-1.2064278076647932,7.52,288.73,1
2023091002,1464,0,8.743391790375174,-0.4721409321549084,5.59,18.71,1
2023091002,1540,0,5.389109388386919,-4.154688637149585,6.3,36.46,1
2023091002,1832,0,5.818358875146839,1.8626561616262376,2.36,187.16,1
2023091002,1944,0,6.555188784466856,1.7074359349446686,5.81,354.17,1
2023091002,1974,1,1.3061393493804492,-0.7243602336463133,5.87,198.19,1
2023091002,2039,0,7.455742753072965,-0.8909656809931159,6.39,91.26,1
2023091002,2095,0,6.031160750634989,-4.396952561562867,5.64,59.39,1
2023091002,2127,1,1.8461040057374913,4.174074938210393,6.91,136.21,1
2023091002,2179,1,2.7679595372765244,-0.30593430968224883,0.37,56.25,1
2023091002,2211,1,1.3853880322855414,-2.2170499153833654,5.11,51.65,1
2023091002,2441,1,0.7333484846919646,2.496767237630077,2.96,62.06,1
2023091002,2517,0,5.47438581029872,2.9396025257612877,7.27,278.92,1
2023091002,2620,0,3.371483353065829,-1.2526422941838415,1.26,311.52,1
2023091002,2693,0,3.36879800522382,1.8734386108832266,7.54,68.48,1
2023091002,2847,0,9.074006832706267,-2.071858380207146,4.11,293.22,1
2023091002,2872,0,4.2408607616850595,0.27897145576305915,7.83,337.42,1
2023091002,2942,1,1.1588356225107999,0.01139883747429371,7.85,304.0,1
2023091002,3138,0,5.929291694629304,-1.056921914940673,4.63,10.48,1
2023091002,3170,1,2.1444113411376966,1.4186195678269105,5.0,13.09,1
2023091002,3253,0,9.259211629507124,5.459796058395514,5.28,309.58,1
2023091002,3314,1,1.6024044433288336,-1.2071429318436024,6.35,233.78,1
2023091002,3337,0,4.401238462069504,4.136289825632228,0.91,317.98,1
2023091002,3409,0,5.960209727853551,0.4797221720904681,4.96,336.58,1
2023091002,3505,0,6.7501851826449935,4.680609191546033,5.42,351.1,1
2023091002,3571,1,1.3151805959639196,-4.238045590084464,5.68,113.82,1
2023091002,3594,0,4.316225202651035,-4.948342154028982,6.79,103.25,1
2023091002,3617,0,11.426355499458259,2.693417629208681,6.06,0.82,1
2023091002,3716,0,3.756660751252369,4.324246895449107,6.19,330.98,1
2023091002,3787,0,4.421594734934444,-0.8313880211649876,3.07,127.15,1
2023091002,3812,1,0.9889893831583838,0.9682671129952132,7.76,59.17,1
2023091002,3835,0,8.330954327086424,2.3175355022872544,5.82,155.95,1
2023091002,4036,0,4.730771607253935,-5.257907411073569,7.07,100.04,1
2023091002,4124,0,8.646999479588283,-0.8140944408922368,5.6,192.4,1
2023091003,81,0,5.420230622399753,-0.9459548907149358,6.74,304.45,1
2023091003,143,1,1.3435028842544383,1.9985583241092617,2.62,147.52,1
2023091003,166,0,3.7381546249453095,-2.4947008457139415,3.47,103.8,1
2023091003,191,1,1.1901680553602485,0.029921643507166085,5.08,126.73,1
2023091003,263,0,3.7412564734324234,2.0885577043948964,3.9,231.68,1
2023091003,358,1,1.5900000000000012,0.7261632675521723,6.37,159.99,1
2023091003,410,1,1.0153324578678633,-1.6301785327332983,8.52,74.41,1
2023091003,529,0,6.946085228385839,-4.405367211892496,2.85,11.26,1
2023091003,662,0,8.613042435748245,0.1575471483411015,6.45,337.96,1
2023091003,687,0,3.8713821821153194,-1.0874943703314353,6.75,344.76,1
2023091003,761,1,1.5976545308670511,-0.7703672891685593,4.2,233.86,1
2023091003,933,0,3.0567957079268484,6.171628788035289,8.68,352.15,1
2023091003,1171,0,10.76485485271399,-2.181645765608288,6.53,340.15,1
2023091003,1503,0,17.989232890815554,-3.071673391419301,4.79,154.66,1
2023091003,1649,0,3.1893886561534033,2.371707467111265,5.03,255.53,1
2023091003,1706,1,2.361228493814185,-1.9499975406803476,6.07,318.28,1
2023091003,1782,0,4.5437099379251755,0.8363272016047678,7.11,179.1,1
2023091003,1805,0,3.3759295016335917,-1.111641262925306,6.63,101.63,1
2023091003,1841,0,9.869305953307956,2.649996867476302,1.35,148.04,1
2023091003,1929,0,3.0050790339024354,-3.3250684467715264,3.51,256.6,1
2023091003,1954,0,4.121674417030049,2.306905092273442,6.81,312.8,1
2023091003,2062,0,8.056159134475932,-0.058953779393466285,3.58,106.79,1
2023091003,2087,0,9.17357618380095,-2.409743511967601,8.17,169.53,1
2023091003,2204,1,1.7620442673213457,-4.40379877882889,7.14,113.68,1
2023091003,2227,1,2.1160340261914556,-4.348724113207406,6.22,64.27,1
2023091003,2286,1,1.663790852240752,2.1532834946323582,6.66,318.76,1
2023091003,2369,0,7.658805389876417,3.66633652461041,5.41,245.38,1
2023091003,2519,0,5.239895037116678,-3.9944201897843032,4.72,102.57,1
2023091003,2571,0,3.3202409551115384,-1.7281648149854492,5.39,70.5,1
2023091003,2608,1,1.3703284277865655,0.4502242772712888,7.86,104.3,1
2023091003,2638,0,3.492420364160077,2.814639101216085,6.45,147.25,1
2023091003,2798,0,9.267475384375189,5.221007468533381,0.61,337.23,1
2023091003,2902,0,8.218059381630184,-2.724422372014801,6.76,160.31,1
2023091003,2979,0,8.643425246972402,-0.7303779937265711,4.0,314.33,1
2023091003,3002,0,4.309106635951348,-1.232168363884798,6.7,320.66,1
2023091003,3202,0,6.874896362855231,-1.3541631488641463,3.88,86.22,1
2023091003,3335,1,1.0604244433244667,-1.4127234731742693,4.06,224.03,1
2023091003,3409,0,3.7667094392851657,0.4065725310875594,7.04,104.19,1
2023091003,3645,0,5.167562287965194,1.1077436591335672,5.17,40.24,1
2023091003,3750,0,5.494014925352856,-1.150714475032303,3.73,300.25,1
2023091003,3797,1,2.3592583580439,-3.973336078800263,6.26,249.32,1
2023091003,3820,0,13.11739684541106,-3.1821127168452286,5.05,215.92,1
2023091003,3845,1,1.1595257651298672,2.750964210976797,3.82,1.96,1
2023091003,3975,1,1.152779250333736,2.277760375305144,5.52,168.41,1
2023091003,3998,0,7.054431231502649,-1.0446146864921064,7.86,41.78,1
2023091003,4047,0,5.098862618270867,-2.8733604906479213,8.88,193.48,1
2023091003,4153,1,2.9767431867730925,1.1212496233562286,5.33,66.66,1
2023091003,4201,0,11.55634025113487,1.5543782261645305,6.82,153.12,1
2023091003,4258,0,4.272001872658773,0.2211878856533407,3.27,111.37,1
2023091003,4283,0,4.394564824871743,-1.393241524612308,4.43,313.46,1
2023091003,4308,0,4.140772874717956,1.9122392142873132,2.86,56.73,1
2023091003,4333,0,6.802095265431097,-2.0628882317683495,6.29,162.64,1
2023091003,4363,1,2.3438643305447613,-0.3931338365781061,7.22,123.86,1
2023091003,4416,0,5.544005772002761,-1.8924082445104267,8.05,166.04,1
2023091003,4494,1,0.9178779875342898,0.7142807293946467,5.2,22.68,1
2023091003,4551,1,0.2973213749463725,3.822421954539293,6.52,169.91,1
2023091004,124,1,0.8528774824088131,5.38326212141068,5.84,328.81,1
2023091004,196,0,4.773531187705807,3.659351560902758,7.96,63.51,1
2023091004,219,0,10.579834592279791,-1.5918931982668794,3.9,202.32,1
2023091004,315,0,5.7849805531220255,-0.24407013946899528,5.02,247.12,1
2023091004,340,0,3.367625276066208,-3.1795758682398225,3.37,208.35,1
2023091004,365,1,1.280624847486571,3.9972998224637535,7.61,264.01,1
2023091004,390,0,6.367495583037338,3.003508841310526,6.45,199.49,1
2023091004,413,1,2.1612265036316756,-0.8689139855547978,4.49,220.39,1
2023091004,438,0,7.832017620000612,4.245609774585987,3.77,274.83,1
2023091004,542,0,4.372241987813571,-1.4653296503695956,6.31,144.01,1
2023091004,592,1,1.4026403673073182,2.497664644575718,6.12,94.18,1
2023091004,695,1,2.835207223467095,3.864666698455386,8.46,112.47,1
2023091004,766,0,5.992703897240371,0.20013126739018938,2.28,353.61,1
2023091004,821,1,1.8051038751274127,1.4908854888489271,6.5,84.73,1
2023091004,936,0,12.278249060839249,-0.2533743203091004,0.25,226.33,1
2023091004,983,0,4.9782928800945445,2.159199812067582,6.71,356.08,1
2023091004,1190,0,3.162941668763431,-2.7641029049335017,6.7,67.74,1
2023091004,1300,0,4.487694285487818,2.0939584675009657,5.99,164.43,1
2023091004,1326,0,3.0829369114530984,-2.177440777870588,8.85,99.42,1
2023091004,1540,1,2.5266776604861985,-0.06424535732373449,6.78,41.33,1
2023091004,1594,0,7.665252768174056,0.2739973342240176,3.86,343.19,1
2023091004,1641,1,1.8952572384771509,2.822719821975515,7.85,161.39,1
2023091004,1676,0,4.337798981050184,1.5725008372662121,6.57,10.16,1
2023091004,1701,1,0.6003332407921441,3.405255046709001,8.69,10.19,1
2023091004,1746,1,1.5586211855354715,2.26421675347326,5.61,113.4,1
2023091004,1839,0,5.353587582173295,0.1289669536464353,5.03,352.53,1
2023091004,1933,1,2.629543686649837,0.9958957231106451,3.96,155.02,1
2023091004,1958,1,2.0974746720759216,1.1679628897051286,1.07,302.87,1
2023091004,2077,1,1.3761177275218857,-1.0559442656167537,6.13,269.51,1
2023091004,2102,0,7.924291766460899,4.830320942644053,5.24,188.05,1
2023091004,2154,1,1.653602128687551,3.8620803590093846,7.78,273.89,1
2023091004,2177,0,3.2457048541110454,-1.5894066174755705,7.95,277.66,1
2023091004,2234,0,5.10545786389429,2.127451432746701,7.29,117.05,1
2023091004,2257,0,6.531653695657788,-1.6206268396044385,4.7,93.22,1
2023091004,2287,1,2.5987881791327285,1.6304198917859893,4.98,140.11,1
2023091004,2312,1,2.0640978658968616,5.324736276609876,7.44,102.56,1
2023091004,2344,0,3.8100524930767037,-6.569718104956603,2.95,97.3,1
2023091004,2369,0,3.4975705854206756,-1.4930520121946051,6.97,126.46,1
2023091004,2505,0,6.369999999999997,-1.1749487383990114,5.4,62.65,1
2023091004,2607,0,8.132724020892383,-3.802376509022002,6.25,6.39,1
2023091004,2701,0,4.795633430528235,0.6192428904066568,5.78,115.33,1
2023091004,2724,1,2.4629453911932364,1.1166072693661138,1.64,1.77,1
2023091004,2749,0,4.377784827969506,4.653712551701897,3.79,189.59,1
2023091004,2827,0,5.567988864931394,1.184182742155814,7.52,178.17,1
2023091004,2850,0,3.4322732991415514,2.4107370254325753,6.44,168.77,1
2023091004,2936,0,7.384416022949956,3.772757194337013,6.29,213.4,1
2023091004,2961,0,5.185383303093421,-1.3559448556954465,4.74,210.76,1
2023091004,3030,0,6.526898191331005,5.328108114553117,6.95,5.67,1
2023091004,3105,0,7.339455020640157,-3.180200253843618,6.9,224.64,1
2023091004,3177,1,1.9436306233438507,-0.45156327697946885,4.47,321.8,1
2023091004,3244,1,2.567508519946924,3.165956285278985,6.54,86.6,1
2023091004,3365,0,8.313152230050882,-2.3972621451309735,8.14,177.31,1
2023091004,3429,0,7.107693015317973,0.05651647711084745,4.46,254.38,1
2023091004,3584,0,4.729841434974329,0.5022936234556067,6.18,4.31,1
2023091004,3616,0,4.390956615590731,2.1370505023617117,1.46,319.08,1
2023091004,3641,1,1.3260844618650778,0.23010415105409343,1.57,347.48,1
2023091004,3690,0,7.175911091979895,0.04862152761313071,4.19,271.24,1
2023091004,3849,0,3.728444715964017,-3.236641593533765,6.53,257.15,1
2023091004,3874,0,5.160542607129604,-1.0543236855347895,5.93,236.52,1
2023091004,3922,1,2.8700522643324797,0.8170864251835771,2.35,12.25,1
2023091004,4015,0,6.9755286538010814,0.3844285000611172,2.37,48.56,1
2023091004,4040,0,5.950302513318126,3.6353953097287954,6.47,134.0,1
2023091004,4122,0,8.795982037271337,-0.8010681592222343,2.29,8.48,1
2023091004,4249,0,5.018565532101783,3.553531603847235,6.37,294.59,1
2023091005,159,1,1.2525573839150068,0.8591182675982596,3.65,303.65,1
2023091005,228,0,16.10232902408841,-0.4096154893345082,4.89,323.68,1
2023091005,301,1,1.7085666507338835,-0.5095477910101218,7.15,67.09,1
2023091005,331,0,3.1247399891830976,1.2554648674394784,8.16,158.93,1
2023091005,383,0,5.081279366458806,1.1895171323332643,4.29,8.17,1
2023091005,721,1,1.17,3.835545414265906,5.1,323.21,1
2023091005,768,0,3.1000967726830724,-0.3382833698878983,4.91,209.64,1
2023091005,793,1,2.0665188119153415,5.4550080318408956,7.41,227.68,1
2023091005,849,0,5.692776124177025,1.002570634629288,1.32,324.64,1
2023091005,991,0,5.334838329321704,0.713442915873524,2.36,134.43,1
2023091005,1016,1,2.162267328523462,3.9526405645278295,9.33,84.98,1
2023091005,1065,1,0.6640783086353568,2.764707942191081,4.34,335.88,1
2023091005,1217,1,2.3443762496664218,-1.1543396698257276,5.26,311.67,1
2023091005,1289,0,7.1350753324684675,1.3478818916315558,6.29,194.41,1
2023091005,1394,2,2.0397303743387236,0.6856680612715597,2.79,139.0,1
2023091005,1721,1,0.7102816342831912,-0.974224613258236,4.85,114.44,1
2023091005,1766,1,1.8626862323000108,-3.254478402500518,8.97,133.43,1
2023091005,2166,1,2.764796556710819,1.7122595267296223,5.8,331.38,1
2023091005,2251,0,3.0494753647143953,0.04857155768197319,4.88,311.71,1
2023091005,2283,1,1.7295664196555105,0.7006722099086982,7.33,257.82,1
2023091005,2366,0,4.860041152089149,0.22965152130290478,3.26,128.3,1
2023091005,2440,1,1.3514806694880905,6.687240799523195,9.1,72.45,1
2023091005,2518,0,3.2572994949804643,2.7473784581994396,7.96,223.73,1
2023091005,2670,1,1.155205609404663,2.3887698118457052,5.6,39.91,1
2023091005,2720,0,3.1180121872757356,0.36293464466343495,5.04,53.93,1
2023091005,2834,0,3.55787858140213,2.5803589140303833,4.93,209.66,1
2023091005,2964,1,2.4216729754448703,4.925087103375664,6.98,214.17,1
2023091005,3042,0,4.862149730314772,3.5844818512353998,4.01,182.78,1
2023091005,3067,1,1.0295630140987004,1.862850537582149,7.19,109.35,1
2023091005,3128,1,2.0180436070610606,1.488682737537224,4.47,323.15,1
2023091005,3208,1,2.1779348015953084,0.8279824787944529,7.17,306.36,1
2023091005,3358,1,2.0305910469614536,4.569093253996598,6.64,225.82,1
2023091005,3383,1,1.9811612756158927,0.24552376047103586,5.11,314.16,1
2023091005,3413,0,6.299365047367871,2.565932497688797,7.6,291.29,1
2023091005,3436,0,3.4705186932215164,1.5589174577956704,4.95,341.38,1
2023091005,3483,1,1.4495861478366883,5.122507905603342,6.91,2.62,1
2023091005,3578,0,5.395785392322417,1.7882454927435125,6.71,206.32,1
2023091005,3603,1,1.128051417267849,3.640582016105948,6.3,325.31,1
2023091005,3698,0,4.184268155842788,-3.8826563404696968,5.16,79.09,1
2023091005,3774,0,3.774824499231716,-3.3342320714361176,6.9,165.54,1
2023091005,3850,0,13.022081246866799,1.2949017768576105,3.82,179.04,1
2023091005,3875,0,5.650849493660224,3.2497133107080685,9.71,111.17,1
2023091005,3984,0,4.14598601058904,-3.836266302045876,6.76,336.53,1
2023091005,4036,1,2.5283393759541037,3.893210697987152,5.61,213.91,1
2023091005,4124,0,3.3533565274214436,-2.8906994094879312,7.13,214.57,1
2023091005,4147,0,4.301964667451373,0.069125841130416,5.03,343.63,1
2023091005,4270,1,2.281074308302999,7.863478894407333,8.34,13.28,1
2023091006,55,0,5.990826320300064,2.0705863338755384,1.8,143.98,1
2023091006,144,0,4.96226762680128,-5.597921353920153,2.15,251.92,1
2023091006,213,0,3.462369131100838,3.5924924513587233,7.22,189.27,1
2023091006,282,0,3.8633922917560364,3.6966521425694614,6.64,213.15,1
2023091006,431,1,1.1541230437002812,5.259518144760182,7.57,126.13,1
2023091006,492,0,3.608392994118014,0.6336188369303166,7.05,283.79,1
2023091006,550,0,3.217530108639237,-3.473012940908444,3.42,257.42,1
2023091006,575,1,0.9124143795447348,5.079143377988041,6.21,234.87,1
2023091006,598,0,5.272001517450462,2.2231290075635,3.99,11.33,1
2023091006,775,0,4.075904807524335,-0.44277917269992506,8.08,4.11,1
2023091006,822,0,3.004330208216137,-2.9438257202829465,6.89,64.98,1
2023091006,899,0,3.7972226692676356,-1.3688715441254986,3.64,310.47,1
2023091006,960,1,1.7140595088852666,-0.4360310691115383,5.03,228.22,1
2023091006,1027,1,1.892511558749378,4.852300853671311,5.45,312.32,1
2023091006,1096,0,4.121468185003982,3.496193743180259,6.69,57.66,1
2023091006,1143,1,1.348480626483007,-1.2486312741156884,7.69,108.8,1
2023091006,1207,0,7.261432365587386,2.876744220230663,3.54,325.59,1
2023091006,1421,0,8.017006922786086,0.0157662813789769,5.05,134.64,1
2023091006,1446,0,3.8008025468313917,3.9416135735610567,7.59,167.07,1
2023091006,1717,0,3.453071096864356,-3.0892369816187775,3.06,322.08,1
2023091006,1828,0,5.207725031143635,-1.0492900875918194,5.48,141.98,1
2023091006,1974,1,2.7927047821064086,-2.4472125769757875,2.91,44.43,1
2023091006,1999,0,7.0408096125374655,-2.409623620934436,3.7,54.4,1
2023091006,2156,0,4.930253543176049,0.6294297399605912,6.3,228.05,1
2023091006,2188,0,4.066767758306338,-5.861247399811375,8.92,263.94,1
2023091006,2274,0,3.4368590311503904,2.6270640902515496,3.3,183.15,1
2023091006,2299,0,5.450467869825487,-4.861701512704972,5.21,268.15,1
2023091006,2324,0,3.6626902680952993,3.317054848690626,5.59,197.68,1
2023091006,2380,1,1.0623088063270478,3.0579379372034614,5.53,308.59,1
2023091006,2415,0,10.166439888181115,1.5730314282490385,7.07,215.78,1
2023091006,2470,1,2.7299816849202485,-0.3112969459382298,4.26,182.62,1
2023091006,2529,1,1.3756816492197614,4.786385635264085,4.43,208.94,1
2023091006,2657,0,3.3329416436535553,3.348691144055853,8.03,196.1,1
2023091006,2736,0,5.6810650409936345,-1.7686023040812173,1.42,118.09,1
2023091006,2861,0,4.332401181792842,0.5193840298554767,6.84,293.75,1
2023091006,2930,0,6.743923190547178,-1.853043668789372,8.37,207.79,1
2023091006,3078,0,4.519579626469704,4.189915783480915,7.37,5.45,1
2023091006,3137,0,5.497026468919356,2.23643285692155,6.27,8.25,1
2023091006,3234,0,10.20176945436427,2.301004574457568,6.16,166.22,1
2023091006,3295,1,2.814409351888958,2.229222011989547,6.43,141.88,1
2023091006,3422,0,10.049328335764526,0.6429956621897337,6.76,168.67,1
2023091006,3447,0,10.747283377672696,4.530295081809452,4.45,149.62,1
2023091006,3472,1,0.6090155991434011,-2.287514453740606,4.89,108.64,1
2023091006,3596,0,3.1310221973023467,-2.75944315139936,6.71,62.54,1
2023091006,3680,1,1.7826384939184854,-0.09258977942174063,5.18,141.09,1
2023091006,3722,0,6.964854628777266,-4.2361160724902405,3.76,273.75,1
2023091006,3754,0,4.575423477668489,1.88928252961905,4.07,183.32,1
2023091006,3779,0,5.150155337463139,-4.561848601443473,3.1,247.92,1
2023091006,3804,0,5.6612454460127415,1.2540848940793523,4.93,197.53,1
2023091006,3829,1,2.3269078194032535,6.048811700406313,7.31,176.13,1
2023091006,3881,1,0.9402127418834498,2.7418815336749653,6.91,262.9,1
2023091006,4079,0,3.5274495035365083,0.6654628689056359,5.77,147.89,1
2023091006,4163,0,3.522002271435947,2.6164754407820388,7.42,197.95,1
2023091006,4186,0,5.192119027911434,0.2673388000485614,2.06,5.87,1
2023091006,4211,0,3.530014164277532,-1.234307504931929,6.51,337.46,1
2023091006,4270,0,6.4862469888218115,2.656410934077248,5.72,211.32,1
2023091006,4315,0,8.952228772769386,3.6077998743784754,5.68,341.41,1
2023091006,4340,1,2.149790687485646,-0.3818017783247495,2.15,272.79,1
2023091006,4395,0,6.687189245116368,-0.09440168743066679,4.93,349.61,1
2023091006,4420,0,3.7282301431108036,4.46799864382549,1.12,151.48,1
2023091007,77,0,3.5621622646926157,1.8972757368532207,1.46,154.32,1
2023091007,124,0,4.821493544535756,6.428983753193289,6.28,9.71,1
2023091007,147,1,2.1772000367444444,2.1819146871333013,2.85,312.21,1
2023091007,197,0,3.2724608477413346,3.6081991539957627,3.34,15.56,1
2023091007,220,0,11.290358718836167,3.3492271590543927,3.83,171.86,1
2023091007,332,0,3.19903110331863,3.0548080019190773,4.33,322.63,1
2023091007,357,0,5.616493568054719,2.096487777037611,7.41,203.83,1
2023091007,580,0,4.698638100556371,4.080399929178222,6.85,173.54,1
2023091007,699,1,2.998132752230963,0.7080550306749945,5.11,43.37,1
2023091007,842,0,5.44074443435823,3.6717726077969646,7.9,303.81,1
2023091007,935,1,2.586426105652354,-0.4538999043248899,5.01,216.48,1
2023091007,1167,1,1.4270599146496938,2.463635410488104,4.06,348.6,1
2023091007,1214,1,2.313114783144151,1.142621492020039,6.58,127.65,1
2023091007,1371,0,8.35393320538296,0.43268100447283814,7.82,219.06,1
2023091007,1399,0,6.675866984894169,2.948932959660706,6.74,196.12,1
2023091007,1424,1,2.7351416782316753,8.613832051494203,7.79,335.67,1
2023091007,1620,0,3.1391877930445666,-4.4546038378659105,2.59,247.5,1
2023091007,1679,1,2.037473926213537,5.634581572747628,8.51,330.63,1
2023091007,1764,0,5.523929760596164,4.072250713992207,3.16,193.42,1
2023091007,1794,0,6.688527491159767,1.3104644426891545,8.41,3.95,1
2023091007,1848,0,4.569343497702922,0.5697093724192388,5.95,23.08,1
2023091007,1988,0,3.7084228453616275,3.5633476319689863,5.8,210.51,1
2023091007,2013,1,1.7582377541163197,3.1639461623221177,2.92,1.82,1
2023091007,2036,1,0.8676404785393566,4.29794021400387,5.72,334.51,1
2023091007,2135,0,5.088064465000416,-4.112380968573817,5.18,219.71,1
2023091007,2160,0,6.413119365800083,-0.6515110809815371,6.89,323.16,1
2023091007,2183,0,3.682662080615054,3.5052808556113986,6.03,229.29,1
2023091007,2208,0,3.1053663229963715,2.728472884273605,4.39,310.24,1
2023091007,2238,1,2.356140912594152,1.6994487238112872,7.2,223.46,1
2023091007,2359,1,1.411736519326468,-1.4495839248696822,3.31,265.9,1
2023091007,2421,1,1.3805071531868276,-4.5572867595765425,4.75,303.87,1
2023091007,2447,1,2.1003809178337143,0.1727451818314983,0.97,334.12,1
2023091007,2472,1,1.221024160285129,3.4624855337764595,5.53,278.88,1
2023091007,2495,1,1.7132717239247228,1.1519014207182507,6.25,228.34,1
2023091007,2672,1,2.8994482233694057,0.7612496886376362,2.71,161.81,1
2023091007,2719,0,3.5314161465338527,2.744927512062034,0.43,46.29,1
2023091007,3145,0,6.007869838803102,0.8853466562108712,2.04,100.99,1
2023091007,3542,0,6.6343424693031965,4.711768729217663,4.27,21.29,1
2023091007,3890,1,2.383023289856818,-4.0254861528812,1.41,153.87,1
2023091007,4101,0,4.568818227944727,2.8128702232883507,3.27,169.94,1
2023091007,4182,0,4.905201321046879,2.8996572952671875,6.62,21.93,1
2023091007,4234,0,7.411045810140429,5.046915520309433,5.88,170.93,1
2023091007,4271,1,1.2244182292011168,5.401023854788047,6.64,72.71,1
2023091008,125,0,10.442691224009257,-2.24600629062848,3.02,213.56,1
2023091008,273,0,4.5164809309904115,0.2815059507594726,4.11,69.21,1
2023091008,396,2,1.1506954418959054,2.149696707669226,8.71,13.19,1
2023091008,496,1,0.6105735008989467,-0.6254162721595616,4.01,14.49,1
2023091008,572,0,6.350118109137814,4.483229965252093,8.4,326.77,1
2023091008,619,0,4.48362576493623,-0.2875349598393604,6.62,196.85,1
2023091008,735,0,13.250094339286797,4.497253387130749,5.41,224.19,1
2023091008,840,0,3.5261877431583253,-3.406594572934472,6.54,101.2,1
2023091008,888,0,6.308288198869804,-2.0315616895145614,3.67,83.3,1
2023091008,1105,0,4.942762385549197,1.5619193105766074,6.69,29.72,1
2023091008,1130,1,2.762209260718674,0.1512882036968498,6.06,140.7,1
2023091008,1155,0,8.0887205415937,-0.38424632638359535,5.44,157.41,1
2023091008,1200,1,0.6293647591023815,-1.902389285143346,4.69,130.56,1
2023091008,1292,0,6.351511631100112,3.7907225831830758,3.25,173.09,1
2023091008,1356,1,1.443675863897432,3.1331066199786095,5.44,211.54,1
2023091008,1473,0,4.944178394839734,1.390259359469097,0.72,296.22,1
2023091008,1551,0,7.645868165224929,-4.674706237419405,7.43,344.68,1
2023091008,1576,0,3.7396523902630316,0.38710645468029425,3.93,212.21,1
2023091008,1601,0,5.250238089839355,-0.6954169189515008,6.04,335.23,1
2023091008,1626,0,4.1627034484815315,-5.400538550200522,8.56,273.93,1
2023091008,1818,0,6.2371788494478775,2.8318993787653772,6.54,12.51,1
2023091008,1929,0,13.430956779023603,2.213981479369491,6.66,195.98,1
2023091008,1952,0,5.071735403192876,-1.9020970032228086,8.18,247.24,1
2023091008,1981,1,2.5685988398346677,3.151108414347507,8.45,199.25,1
2023091008,2007,1,2.660676605677586,1.9079244993128357,5.52,227.65,1
2023091008,2390,0,13.651937591419028,0.28847219411487474,4.82,26.69,1
2023091008,2475,1,2.983186216111892,1.8000090609835766,4.69,237.14,1
2023091008,2520,1,2.2821919288263195,0.7397768212703765,5.44,289.56,1
2023091008,2697,0,5.781504994376468,0.7793644176283483,5.92,195.0,1
2023091008,2749,1,1.9266551326067687,-4.1506271169132924,6.48,304.1,1
2023091008,2865,0,13.486422802211116,-1.238699913328386,5.12,154.13,1
2023091008,2921,1,2.294776677587602,1.2873051727419247,5.69,147.49,1
2023091008,3010,1,1.4187318280774548,4.466565793610991,8.1,122.65,1
2023091008,3178,1,1.899289340779864,3.608987725730321,7.7,42.54,1
2023091008,3208,0,12.774576313913503,-0.1371958422132376,7.42,65.83,1
2023091008,3254,1,1.2619429464123955,-0.5356144995489798,4.43,60.26,1
2023091008,3354,0,5.021523673149407,0.12878756312911507,8.69,181.71,1
2023091008,3377,1,2.1634232133357623,-0.11201331380045387,5.86,200.4,1
2023091008,3495,0,5.99030049329748,-0.7085007403753919,4.23,196.94,1
2023091008,3745,0,4.702307943978147,0.6515245073637512,7.23,62.02,1
2023091008,3826,0,4.684463683283285,3.2790680699533388,6.22,329.75,1
2023091008,3851,0,6.7769167030442325,0.6398548707859077,6.7,335.76,1
2023091008,3923,0,10.17462038603898,1.3749928343127782,3.57,315.79,1
2023091008,3975,0,8.952882217476118,1.280445187709168,5.56,338.95,1
2023091008,3998,0,8.060676150299056,-5.5967366968182795,2.61,283.38,1
2023091008,4021,0,6.93618050514835,0.08397566556249081,4.91,344.5,1
2023091008,4051,0,12.564859728624116,0.5544751797113507,6.05,343.41,1
2023091008,4083,0,8.038270958359139,0.47846697637994806,6.36,333.2,1
2023091008,4452,0,9.812247448979262,0.49945133295751987,6.88,189.12,1
2023091008,4491,0,14.602140254086047,1.3522649873632682,3.89,345.86,1
2023091008,4514,0,12.119872111536491,-1.1641964836745815,3.13,283.57,1
2023091008,4539,0,11.673397106241177,-0.34105077129651096,6.61,349.59,1
2023091009,103,1,2.5263412279421007,-0.18575655344698272,4.17,305.54,1
2023091009,306,1,1.1031772296417293,0.6549926932225878,5.5,213.06,1
2023091009,417,0,4.390558051091001,1.3376024085769493,7.0,161.4,1
2023091009,442,0,7.567463247350466,0.7325842763390051,7.81,123.62,1
2023091009,511,0,12.979252674942423,0.13229825284695484,4.95,15.91,1
2023091009,570,0,6.620709931721823,-3.136797922873704,7.18,122.46,1
2023091009,681,0,5.3968972567578115,-4.40476590066303,6.51,35.16,1
2023091009,750,0,3.0619764858666136,-2.986781186708157,6.01,181.07,1
2023091009,797,1,1.6804761230080045,6.410186308776645,8.31,177.31,1
2023091009,861,0,12.064435336972887,1.3148252591314495,5.31,188.98,1
2023091009,953,0,4.036855211671583,-1.9694351076794014,7.06,146.16,1
2023091009,987,1,2.0746565980903933,0.7289480326870583,6.88,123.0,1
2023091009,1017,0,6.204780415131547,0.911101130567293,5.72,167.26,1
2023091009,1097,1,0.9437160589923219,5.919759097473207,6.02,16.77,1
2023091009,1212,0,4.112468844866799,-2.7715964294917224,7.2,325.77,1
2023091009,1507,0,4.0650953248355695,0.5452292245311429,1.87,108.2,1
2023091009,1561,1,1.1269871339105844,0.2650594409387639,3.96,138.76,1
2023091009,1621,0,5.722770308163699,-2.708891739169851,6.12,48.21,1
2023091009,1680,0,3.693142293494791,-2.671375742669139,6.79,230.09,1
2023091009,1710,0,4.870318264754368,-2.9495870554435952,4.87,226.09,1
2023091009,1735,0,4.590697114818189,1.60508083108974,4.49,259.7,1
2023091009,1772,0,8.020006234411545,-1.309649495377351,5.42,222.43,1
2023091009,1802,0,4.583939353874568,2.3216522180184707,6.48,196.6,1
2023091009,1827,1,2.7682846674430004,2.7848184400981233,4.64,187.28,1
2023091009,1886,0,3.0592973049378513,1.41906483914697,6.17,297.15,1
2023091009,1946,1,0.8993886812718969,1.2066504817690886,3.58,342.88,1
2023091009,2102,0,4.627148149778651,2.9215649233773036,6.88,227.1,1
2023091009,2430,1,0.6389053137985253,-1.7845101219874442,7.53,65.13,1
2023091009,2499,0,4.25836823208139,1.3625083059248433,5.9,42.08,1
2023091009,2546,0,5.783156577510236,1.1094398183645005,3.46,333.58,1
2023091009,2609,1,1.681338752304241,6.8757240016978285,8.48,178.2,1
2023091009,2634,0,8.305853357723096,0.36576556404599736,6.11,166.02,1
2023091009,2826,1,1.9942417105255772,5.201567194677411,6.06,8.54,1
2023091009,2849,1,0.6041522986797171,2.0678289302472006,2.44,80.28,1
2023091009,2907,0,4.239622624715544,0.44804211364022395,5.14,214.25,1
2023091009,2932,0,7.805158550599728,-1.5474955475485146,6.89,204.79,1
2023091009,3009,0,10.903343523892106,-1.9941925832205551,4.79,176.15,1
2023091009,3108,0,6.848948824454732,-1.0717411931487826,4.34,106.51,1
2023091009,3140,0,12.400338705051567,3.920771841183825,5.34,135.23,1
2023091009,3170,0,7.091431449291468,1.3935034590650288,6.19,13.27,1
2023091009,3195,0,4.277756421303108,3.293796355106845,3.45,167.54,1
2023091009,3242,0,3.206649341602542,6.488931810892372,7.7,8.07,1
2023091009,3361,0,7.347768368695358,0.9141206010797336,4.94,199.62,1
2023091009,3386,1,1.7256882684888375,2.9501074425474445,3.7,236.65,1
2023091009,3418,1,2.9054775855270383,1.2027198493528501,6.76,323.48,1
2023091009,3454,1,2.7290474528670288,-2.54704192096525,7.31,292.12,1
2023091009,3501,1,2.456053745340276,0.5144004397805608,5.96,203.86,1
2023091009,3587,0,3.5648281866031066,-0.38743727747329976,2.23,34.64,1
2023091009,3610,0,10.014135010074506,3.45917757912108,6.41,18.41,1
2023091009,3754,0,3.8011577183800207,2.3780437200262923,4.93,200.14,1
2023091010,121,1,1.5454772725601613,0.17347291540548948,4.95,133.82,1
2023091010,261,1,2.31579360047479,5.313009105232368,6.53,209.67,1
2023091010,328,1,1.5478048972658027,4.51295154971549,6.69,223.28,1
2023091010,607,1,2.852823163114037,5.053431822241022,9.55,59.14,1
2023091010,630,0,3.884288866703918,1.1823180020599613,5.4,59.55,1
2023091010,706,1,0.5099019513592723,-4.147771035877421,7.12,12.03,1
2023091010,767,1,1.8708554193202653,7.066121720314555,8.08,15.74,1
2023091010,997,1,2.3876766950322232,7.232520761555177,7.41,173.65,1
2023091010,1040,1,1.075174404457251,-6.965528417189233,8.72,260.57,1
2023091010,1072,0,3.953795644693839,7.284473957599805,8.99,234.26,1
2023091010,1119,0,8.582831700551985,2.216325774509591,6.68,192.82,1
2023091010,1249,1,1.8004999305748406,-1.337206051358209,5.71,231.67,1
2023091010,1337,0,4.971448481076723,3.0086005027174276,2.75,23.29,1
2023091010,1438,1,0.9060905032059444,1.3488943295602578,4.8,36.51,1
2023091010,1513,1,2.542479105125544,6.9251181660804635,8.46,279.41,1
2023091010,1558,1,1.84043473125238,1.788767459856831,6.86,238.71,1
2023091010,1607,1,1.2481185841096956,-1.134250614319996,4.41,139.45,1
2023091010,1714,0,5.677261663865778,2.024575878726066,6.82,197.29,1
2023091010,1761,0,6.7114826975862805,3.9863251576902217,3.24,165.5,1
2023091010,1810,0,4.742204128883526,-1.0071791051710228,4.53,238.67,1
2023091010,1835,0,4.926662156064695,-1.7147572962131656,7.29,329.29,1
2023091010,1858,2,1.4725827650763812,1.3963435089686234,6.41,266.96,1
2023091010,1888,0,6.215609382836084,0.32688653923061606,5.7,216.84,1
2023091010,1940,0,3.105173103065269,2.632545080608208,8.24,253.32,1
2023091010,2002,1,1.9865548066942418,2.5833595902742688,8.71,324.09,1
2023091010,2027,0,3.910818328687746,-4.335015908202579,7.69,197.46,1
2023091010,2103,0,4.281798687467682,-0.1209614460158325,1.93,84.86,1
2023091010,2151,0,4.499355509403543,-1.2569822122197045,2.09,96.54,1
2023091010,2176,0,3.770411118167355,-0.47608113462722135,6.67,63.85,1
2023091010,2206,0,11.95458489450805,1.6656724650895776,5.81,165.53,1
2023091010,2236,0,3.8147739120424955,-1.0807400513753682,5.59,40.14,1
2023091010,2261,1,2.7784887978899517,-3.790250125074395,8.05,65.94,1
2023091010,2284,1,2.3015864094141634,-1.0872268400699738,6.17,150.79,1
2023091010,2372,0,3.006659275674581,6.3073417998928925,8.98,336.71,1
2023091010,2930,0,3.2093768865622425,0.8370199264323033,7.49,265.42,1
2023091010,2982,1,1.851728921845747,1.419259234414297,5.83,247.52,1
2023091010,3029,1,1.0278618584226196,0.8575257493353876,6.29,298.17,1
2023091010,3064,1,0.9128526715741151,2.51923727869441,7.8,266.32,1
2023091010,3128,0,13.831449670949171,2.613744621286944,5.57,134.09,1
2023091010,3198,1,1.7380736463107709,6.551436626225511,8.59,287.69,1
2023091010,3274,0,3.4387933930377415,-2.1677622032459576,4.68,147.05,1
2023091010,3309,0,5.620053380529405,0.8440754929781648,5.87,156.79,1
2023091010,3494,0,6.3343902626851145,0.3297412609695781,6.29,351.42,1
2023091010,3640,1,1.5756268593801046,8.564678712701891,8.64,15.87,1
2023091010,3676,0,3.5794552658190915,-0.2584130715821818,7.16,39.74,1
2023091010,3701,1,1.937524193397333,1.3866207987272396,4.27,88.32,1
2023091010,3803,1,1.656804152578081,-0.6251402708603722,4.56,115.49,1
2023091010,3826,0,3.861825992972758,4.0275748336429045,6.38,134.74,1
2023091010,3890,0,3.2743854385212448,3.0799146205399524,6.53,196.95,1
2023091010,4076,1,2.7244265451650564,-1.2057169320763923,6.94,226.03,1
2023091010,4099,0,5.727172077037672,2.0657509267322673,6.2,267.34,1
2023091010,4207,0,3.4893265825944155,-0.45240871974901453,6.13,340.59,1
2023091010,4321,0,7.186438617284642,-1.235187053257962,6.72,152.6,1
2023091010,4426,1,1.332704018152572,9.550308522193095,9.87,101.93,1
2023091010,4473,0,4.300941757336407,-2.4379960964394582,6.39,125.72,1
2023091010,4498,2,2.05645325743135,6.4959365898260835,7.31,3.16,1
2023091010,4528,0,12.80183190016178,-1.7104441352453323,6.73,183.82,1
2023091010,4558,1,0.8910667763978197,1.6200513345428302,4.87,149.99,1
2023091010,4615,0,7.692827828568634,-3.764764891716196,6.48,335.45,1
2023091010,4699,0,4.339792621773538,0.7430132214665882,5.61,253.8,1
2023091011,55,0,13.152889416398207,-2.367907612090395,4.57,55.54,1
2023091011,140,0,9.83780971558202,-4.386381956780222,2.72,73.94,1
2023091011,209,0,5.519710137316994,3.3154644975229224,6.34,10.72,1
2023091011,515,1,2.7228110474287424,5.6270554597723335,6.06,177.03,1
2023091011,614,1,0.6168468205316496,1.4022372926461317,3.79,345.3,1
2023091011,637,0,3.0746707140765515,0.8927424737679439,2.11,355.98,1
2023091011,766,1,2.8643498389686974,-3.429509879894752,6.1,56.43,1
2023091011,849,2,1.9100261778310774,7.251532848349386,7.97,166.89,1
2023091011,952,0,4.984475900232641,1.9928795018833487,3.41,187.53,1
2023091011,980,1,1.882817038376275,6.581574218200156,7.2,175.35,1
2023091011,1034,0,10.529320965760327,1.1275260445538566,6.38,174.41,1
2023091011,1101,0,8.153391932196072,1.8349446803482043,6.79,356.68,1
2023091011,1224,1,2.425283488584363,0.49367651322225115,2.62,109.51,1
2023091011,1418,0,3.0067424232880335,2.197600758429478,3.5,123.48,1
2023091011,1443,0,3.4392586410446007,-4.637608025383856,5.02,151.33,1
2023091011,1661,0,4.029516099980245,2.8359532492071042,4.32,342.86,1
2023091011,1686,1,2.6794402400501482,-5.323293524687008,8.47,98.4,1
2023091011,1734,0,6.128295032062341,-3.4816369463481474,7.47,14.85,1
2023091011,1759,0,3.1216982557575923,2.840824189103637,7.47,121.47,1
2023091011,1792,1,1.9448907424325883,0.1362859290135151,1.46,160.99,1
2023091011,1839,2,0.7833900688673565,4.12685165148709,6.38,30.98,1
2023091011,1964,0,3.5166034749456867,-1.6157011652825848,2.49,303.38,1
2023091011,1989,0,5.8993643725404805,5.106502011538917,7.32,195.16,1
2023091011,2093,1,1.3930183056945056,1.4195638272618596,6.04,62.24,1
2023091011,2125,1,2.8624639735724107,-0.5111061728370004,4.82,50.27,1
2023091011,2196,0,6.273962065553157,-2.490220499452289,4.01,186.2,1
2023091011,2221,1,1.4144963768069543,-1.488337209869655,7.69,119.1,1
2023091011,2363,0,8.178832435011739,-2.0065824925755273,4.83,224.52,1
2023091011,2388,1,1.2020815280171295,0.6775594249867065,7.95,249.14,1
2023091011,2449,1,2.2916587878652432,-0.3258630661283347,6.64,45.65,1
2023091011,2508,1,2.226229997102723,2.4037243102635584,5.98,163.43,1
2023091011,2555,0,9.86731979820255,-1.6660043636161401,6.18,165.84,1
2023091011,2580,0,6.146909792733248,-1.5406720974094357,8.04,178.17,1
2023091011,2643,1,1.1768602295939803,5.147615407349216,8.82,77.02,1
2023091011,2809,0,3.2854375659872086,0.8042688585092419,2.14,187.24,1
2023091011,2834,1,1.3978555004005249,1.5443637289871286,3.3,222.68,1
2023091011,2857,0,4.365329311747279,0.16685447436598372,0.81,247.19,1
2023091011,3006,0,3.500642798115796,3.391593632755364,7.4,277.2,1
2023091011,3108,1,1.2073938876770898,2.3697468896978156,5.95,24.97,1
2023091011,3140,0,11.010018165289281,1.8517794150064832,4.57,159.37,1
2023091011,3187,1,2.535507838678473,-5.323550708661847,6.6,139.47,1
2023091011,3217,0,4.364974226728032,5.315058181737018,4.49,111.06,1
2023091011,3262,1,1.5239750654128132,-0.2739022601930946,8.94,278.72,1
2023091011,3285,0,4.344939585310704,-0.26406905151552473,3.17,294.45,1
2023091011,3355,1,1.4413882197381795,3.2785172209291185,6.3,225.02,1
2023091011,3425,0,8.775625333843735,-1.0595081606095822,7.62,20.02,1
2023091011,3455,0,10.852944300971968,-1.9502702629159423,4.32,74.97,1
2023091011,3491,1,2.445178930058085,3.1212215376065293,8.91,103.06,1
2023091011,3541,0,7.1209900996982185,-2.631438873228279,6.4,13.38,1
2023091011,3683,1,0.9774456506629888,7.7897673264318685,7.75,301.8,1
2023091011,3772,0,4.742035427957071,6.69445452518325,6.95,193.04,1
2023091011,3797,0,4.857211133973901,0.049939070849957246,6.09,303.88,1
2023091011,3915,1,1.8363278574372288,1.5633232404120747,5.84,342.3,1
2023091011,3976,0,4.754671387172827,-3.8513514883842945,7.85,84.48,1
2023091011,4046,1,1.6951696080333694,0.023478622993447607,6.36,123.45,1
2023091011,4071,0,8.433137020112984,1.2782869441404905,4.23,89.83,1
2023091011,4096,1,2.6890146894355182,-3.1143605256659415,6.39,94.06,1
2023091011,4270,1,2.5725668115716616,-0.9716962403755425,6.48,32.02,1
2023091011,4317,0,9.164114796312843,0.2177872417504021,7.44,140.4,1
2023091011,4427,1,0.5793962374748401,3.7782838407528256,6.4,320.88,1
2023091011,4457,0,6.434485216394558,-1.4819348884309598,2.93,74.98,1
2023091011,4485,1,1.52085502267639,5.494719417439539,6.82,163.64,1
2023091011,4557,0,9.088327678951726,-2.1166767698498714,6.98,172.97,1
2023091011,4666,1,2.3264780248263666,-1.1210808566575363,6.22,50.2,1
2023091012,55,0,3.8908225351460075,-1.91704943995761,4.06,100.64,1
2023091012,102,0,3.125331982366037,1.619014203952317,5.09,29.53,1
2023091012,176,0,5.168558793319472,4.142771330956378,6.86,125.86,1
2023091012,327,1,0.687677249878172,1.5009552846874032,1.77,16.24,1
2023091012,439,1,0.9962429422585646,4.800416405541404,5.96,196.16,1
2023091012,582,0,3.950012658207568,0.15906119174401656,4.29,195.99,1
2023091012,605,1,2.3596821819897675,2.4553701714030964,5.95,221.28,1
2023091012,652,0,4.976464608534856,-3.071907924316679,2.23,290.87,1
2023091012,677,0,5.18867998627782,-0.9104561119620822,4.75,310.8,1
2023091012,783,0,3.9331412382471065,3.959135267419706,4.54,308.33,1
2023091012,925,0,8.87225450491587,-2.6508799550696365,2.39,347.66,1
2023091012,950,0,5.218170177370609,3.857755372578949,3.41,237.99,1
2023091012,1090,0,8.408668146621078,-5.011427758746278,5.96,347.12,1
2023091012,1165,1,2.90822970206963,5.6973705515943704,7.83,349.7,1
2023091012,1212,1,2.208574200700534,-3.3872009202624147,4.64,250.01,1
2023091012,1392,0,8.396195567041058,-0.6373936873885294,5.2,130.82,1
2023091012,1455,1,2.858006298103627,3.7694680769723874,3.56,316.96,1
2023091012,1641,0,5.417019475689558,-3.6827725163496035,5.54,117.87,1
2023091012,1666,0,4.78979122718308,3.5067437838983473,8.17,167.31,1
2023091012,1713,1,1.649757557946018,3.415882959444417,5.61,133.41,1
2023091012,1831,0,4.608513860237376,0.9536647667986475,2.68,256.55,1
2023091012,1956,0,6.945746900082092,1.6555421676441966,5.93,31.71,1
2023091012,1979,0,5.008572650965542,-5.988233765267159,5.37,47.56,1
2023091012,2002,2,1.8523498589629301,0.30852797009917055,6.92,130.56,1
2023091012,2034,1,2.6867266329122548,3.1445289065417468,5.88,28.06,1
2023091012,2215,1,1.4621901381147357,2.6802371904012654,5.85,159.27,1
2023091012,2240,0,6.058919045506376,-0.4933618236141952,9.6,44.25,1
2023091012,2263,0,6.239887819504447,1.9021500762285148,6.08,174.09,1
2023091012,2310,0,3.4363352572180714,0.9801088285571522,3.58,20.11,1
2023091012,2335,1,1.9206509313251046,5.464892671868488,8.7,97.59,1
2023091012,2476,0,4.403146602147151,1.2410387598462247,6.77,187.27,1
2023091012,2499,0,3.7753410441972046,1.2013805024518338,4.13,212.24,1
2023091012,2543,0,10.426706095407123,1.4121026337865712,8.16,160.79,1
2023091012,2602,0,6.524852488754059,-1.1309948517259611,4.64,16.73,1
2023091012,2656,1,0.7666159403508417,-0.3472788885214979,5.85,72.66,1
2023091012,2725,1,1.4085808461000675,-2.2454343489049413,5.57,124.34,1
2023091012,2791,0,10.202754530027661,0.875930502399551,2.96,337.59,1
2023091012,2956,0,10.27042842339111,-4.618423163778977,6.12,19.38,1
2023091012,3068,1,1.598155186457179,4.907108367826969,6.09,311.71,1
2023091012,3093,0,5.852110730326281,4.464985176231451,7.37,290.38,1
2023091012,3140,0,4.242381406710154,2.560948636833918,9.2,185.58,1
2023091012,3197,1,1.4638647478506999,2.0781507257382863,6.65,319.72,1
2023091012,3298,1,0.7381734213584241,-2.109210171752086,6.69,20.09,1
2023091012,3382,0,8.5340084368367,2.2807273571847873,1.58,339.97,1
2023091012,3412,1,1.3797463535012484,2.035980948871886,6.4,153.85,1
2023091012,3516,0,3.8755902776222415,1.2185005758452643,2.41,210.39,1
2023091012,3541,1,1.1326517558367253,4.423031908824586,7.92,316.54,1
2023091012,3618,0,4.736095438227571,-5.652122963637691,6.98,327.15,1
2023091012,3663,1,1.6994410845922259,4.497330069581147,7.83,252.78,1
2023091012,3729,0,6.86288569043664,4.526977925011382,3.78,64.92,1
2023091013,422,1,2.7518175811634027,0.4576155952909374,1.32,332.33,1
2023091013,485,1,1.864537476158631,0.9433654888413334,3.48,165.66,1
2023091013,539,0,4.198690271977681,-2.192840610032335,7.26,38.74,1
2023091013,616,1,2.0008498194517244,0.5994866655051889,6.89,38.26,1
2023091013,639,0,5.701096385784057,-3.9065311323714393,8.5,164.23,1
2023091013,801,0,12.07881202767888,1.9038438095034047,5.59,222.32,1
2023091013,1015,0,4.020199000049621,-1.1111533076336175,6.02,222.71,1
2023091013,1072,1,0.846463230152373,3.2717477850489347,7.19,332.89,1
2023091013,1117,0,8.150368089847229,0.4328275104106549,6.12,326.75,1
2023091013,1142,0,3.1403343771006282,-0.12043548715022512,5.9,341.8,1
2023091013,1233,1,1.767059704707232,-0.5712094689538141,3.26,322.52,1
2023091013,1337,0,4.061539117132815,-0.4812226301776876,4.35,256.86,1
2023091013,1588,0,3.247768464653846,-2.8891644544851993,5.69,41.43,1
2023091013,1635,0,4.277627847300421,4.539926851574551,7.13,24.96,1
2023091013,1687,2,1.8225805880673747,0.5592465869428099,5.59,30.28,1
2023091013,1737,0,4.073389252207555,7.609132018288404,8.27,16.58,1
2023091013,1813,0,4.5485162415891205,3.4734574724359,6.59,162.88,1
2023091013,1870,0,5.366460658571905,4.768091999565234,6.9,179.67,1
2023091013,1943,1,1.4080127840328696,3.232544186964458,6.84,255.71,1
2023091013,2144,1,2.098618593265583,-0.009248666998666666,5.47,116.99,1
2023091013,2213,1,1.2210241602851262,3.1113363171489787,5.51,40.36,1
2023091013,2292,2,2.68486498729452,3.496792023486595,6.54,90.39,1
2023091013,2515,1,2.122569197929718,0.8895331871558518,5.24,210.26,1
2023091013,2572,0,10.419716886748892,-0.9609175810454703,4.51,195.19,1
2023091013,2738,0,7.150062936785947,0.09545953011942368,7.15,161.59,1
2023091013,2802,1,2.656633207652122,0.01231428787335287,6.32,154.18,1
2023091013,2872,0,6.8605903536066,2.6431181437964675,1.14,252.35,1
2023091013,2897,0,3.529447548838208,0.36012803651036807,6.09,348.4,1
2023091013,2932,1,2.768266605657777,-1.060190493824771,4.12,189.82,1
2023091013,3001,1,1.0860018416190618,7.315050439427548,7.97,197.9,1
2023091013,3024,0,4.82130687677107,-0.16869134749862794,4.08,307.62,1
2023091013,3047,1,1.3956002292920453,2.1012093882699023,1.84,61.92,1
2023091013,3101,1,2.2737194198053583,-4.339262553933926,2.93,294.26,1
2023091013,3210,0,7.725749154612774,1.21328200398574,5.11,229.01,1
2023091013,3257,0,3.6488080245471934,-0.07888583234466706,5.52,189.19,1
2023091013,3357,1,1.3732079230764718,3.448631793493715,6.26,140.08,1
2023091013,3538,0,12.912850188862253,-4.069686400616681,4.23,155.2,1
2023091013,3686,1,2.993659967330953,1.60714246445318,4.65,11.83,1
2023091013,3711,0,9.678222977385879,-6.330766545274215,3.72,137.79,1
2023091013,3845,1,1.6256075787224922,0.15586711761585886,4.11,141.73,1
2023091013,3870,0,4.901112118693064,1.1141352192652758,5.95,93.65,1
2023091013,3974,0,8.649190713587029,-0.589048040439717,0.75,293.48,1
2023091100,58,1,1.352811886405496,1.6678051305137018,5.7,25.03,1
2023091100,152,0,3.7466384933697587,0.6541652165601199,4.54,91.09,1
2023091100,299,0,4.535063395367258,1.319847113737067,2.37,214.45,1
2023091100,331,0,10.510042816278157,0.6526998290546654,5.09,196.07,1
2023091100,482,0,8.698563099730901,-3.509241644619129,4.03,20.92,1
2023091100,534,0,6.619675218619122,-2.3567438052064835,5.71,3.14,1
2023091100,559,0,3.107442678473733,2.3142428169080396,6.68,64.68,1
2023091100,629,0,14.816808023322704,-1.7154867848431197,0.17,9.24,1
2023091100,779,0,5.0063259981747095,5.1651645842285,5.53,212.53,1
2023091100,804,0,4.287061930973236,2.944859109964078,6.77,263.72,1
2023091100,962,0,7.224659161510663,-5.620679010097911,4.19,269.85,1
2023091100,993,1,1.8278402556022215,8.37284097870618,8.89,256.66,1
2023091100,1186,1,1.8744599222175926,-0.0713292349802277,3.28,296.77,1
2023091100,1216,0,3.6637958458407636,0.5152525431772117,4.81,237.37,1
2023091100,1239,0,5.303300858899106,-0.11590659750798621,2.88,295.49,1
2023091100,1356,1,1.5996562130657968,-3.956077323736288,4.61,214.02,1
2023091100,1499,0,15.092120460690735,2.2308827208293343,4.14,11.3,1
2023091100,1551,0,3.2202484376209224,1.4144185981096467,6.24,142.8,1
2023091100,1589,0,11.381757333557944,-2.2835423387364333,1.62,116.09,1
2023091100,1664,1,0.8485281374238528,2.5007557116541026,5.17,340.61,1
2023091100,1701,0,3.967694544694687,4.574711718895814,1.68,161.17,1
2023091100,1775,1,1.0822661410207741,6.707272849620424,8.79,298.65,1
2023091100,1973,1,1.039422916814903,2.570987733671881,7.12,39.01,1
2023091100,2281,0,3.1304951684997038,-2.4483869497307866,1.16,139.91,1
2023091100,2306,0,4.814862407172199,0.41264419503972816,4.1,181.18,1
2023091100,2358,0,11.189539758184873,1.6600142184416886,5.61,348.71,1
2023091100,2383,1,1.1216059914247951,3.363198440654073,4.03,340.62,1
2023091100,2428,0,4.046096884653161,-5.709201524131507,8.61,275.49,1
2023091100,2488,0,4.509988913511872,3.0443835148279828,1.54,214.26,1
2023091100,2513,0,4.720095338020196,-1.134924882146652,3.75,102.98,1
2023091100,2536,0,8.650046242650964,2.2467484369642525,5.38,161.4,1
2023091100,2655,0,3.276339420756041,-2.9695199530627763,5.4,333.98,1
2023091100,2844,0,7.27103844027798,-1.488906719341064,6.92,19.7,1
2023091100,2916,0,9.976818130045272,1.6028318101315624,6.09,189.01,1
2023091100,2941,0,14.016836304958405,-1.721649305923365,4.5,167.3,1
2023091100,3015,0,4.0849602201245485,-0.4424283954563246,7.93,126.95,1
2023091100,3098,0,11.277029750781008,-1.3538927284142823,7.09,187.52,1
2023091100,3167,0,6.022889671909983,1.6279510650933777,7.07,314.55,1
2023091100,3214,1,1.165589979366671,-1.5493084772309675,4.34,222.3,1
2023091100,3593,1,1.6410362579784763,-1.3776592618179062,5.35,61.09,1
2023091100,3618,0,3.4419325966671663,-4.0695784684150595,4.12,81.66,1
2023091100,3684,1,1.6577394246382686,-4.902614289086676,5.12,94.99,1
2023091100,3716,1,1.4329340529138157,0.9368294862349041,5.28,137.31,1
2023091100,3942,0,3.674411517508617,3.6612362446454627,7.18,304.83,1
2023091100,3987,1,1.5564061166674898,-0.7884365887194906,1.2,316.79,1
2023091400,56,0,4.74040082693436,-1.5312644451235577,4.42,252.3,2
2023091400,151,1,2.6044001228689893,-0.21797403968845508,9.32,273.35,2
2023091400,293,1,2.0012246250733563,7.780879302241936,8.44,139.6,2
2023091400,318,0,8.100055555365039,1.4927569488105485,0.76,229.24,2
2023091400,366,1,0.9152595260361921,4.065204582940686,6.74,109.73,2
2023091400,431,1,1.7813758727455593,2.2904357235838737,7.47,286.47,2
2023091400,461,0,8.364807230295273,-0.5386952420460245,4.05,271.02,2
2023091400,685,0,6.552098900352463,-5.758216667464966,6.74,224.2,2
2023091400,779,0,4.172349458039199,-1.0491157838931804,2.42,6.0,2
2023091400,928,0,5.3719456438054145,-3.252037770295044,3.72,287.94,2
2023091400,953,0,4.765553483069934,1.071160186484944,4.99,340.42,2
2023091400,1000,1,2.2562136423663413,2.1241407633053733,6.03,343.83,2
2023091400,1025,0,3.069543940066669,-0.915381111763488,4.74,314.5,2
2023091400,1072,1,2.7460881267723387,3.556549501684746,9.13,346.4,2
2023091400,1105,0,6.602120871356417,1.127091644771528,5.99,202.17,2
2023091400,1213,0,10.926829366289201,3.802990914788074,6.38,13.74,2
2023091400,1420,0,6.336718393616684,-4.55378513599102,3.88,25.49,2
2023091400,1588,0,3.1902351010544647,4.606252608598654,5.09,329.73,2
2023091400,1645,0,3.0793830550939933,1.8394953760012434,1.74,275.07,2
2023091400,1677,0,5.398082993063366,0.8478192124260665,3.89,260.57,2
2023091400,1702,1,2.835207223467095,2.549159736288762,6.04,200.66,2
2023091400,1725,0,4.00312378024962,-6.609060670764853,6.91,339.85,2
2023091400,1767,1,1.1461239025515522,-2.1745182854311413,5.11,238.59,2
2023091400,1962,0,10.07908726026321,-2.016460717828634,6.27,10.46,2
2023091400,2247,0,12.308842350115622,1.41319621878294,6.95,356.03,2
2023091400,2364,1,2.627318024145532,4.458834945474372,9.2,92.9,2
2023091400,2450,0,4.194901667500678,-1.993583189485273,6.44,222.12,2
2023091400,2475,0,7.100563357931536,1.6444595276017204,4.72,346.06,2
2023091400,2500,1,0.5239274758971942,-1.813382801200503,4.39,315.08,2
2023091400,2523,1,1.2121056059601383,5.068590056992718,8.95,268.57,2
2023091400,2587,0,6.514384084470305,-1.9397800681613835,4.18,101.31,2
2023091400,2645,0,7.316809413945397,-0.18585773162209573,6.71,159.7,2
2023091400,2694,0,6.212567907073536,2.4069306477649297,6.27,13.97,2
2023091400,2768,0,4.1345858317369615,2.751477607011082,4.9,23.23,2
2023091400,2793,0,3.7681958547825043,-0.8142704342079453,7.41,0.8,2
2023091400,2885,0,6.377538710192204,3.4283929580870875,2.49,143.57,2
2023091400,2976,1,2.9508303916016545,-0.5208211182086498,6.23,149.25,2
2023091400,3072,0,3.030264014900353,-1.7293947760620518,3.99,283.05,2
2023091400,3117,1,2.49176644170356,1.9107436108256406,3.95,256.69,2
2023091400,3333,1,1.8172781845386254,1.8777428228518536,6.86,39.81,2
2023091400,3356,2,1.4068404316055172,6.68940138719698,7.49,180.9,2
2023091400,3413,1,0.9873196037758014,3.442825239873901,5.87,133.93,2
2023091400,3438,0,4.593147069276144,1.5472343111125384,7.49,15.88,2
2023091400,3486,1,1.0568348972285166,-1.7365067513718233,7.37,56.64,2
2023091400,3516,0,4.560043859438191,-5.056221840761887,8.46,24.46,2
2023091400,3668,1,1.7805897899291716,1.7396211839255877,3.77,175.19,2
2023091400,3813,0,5.281401329192852,-0.939188801155628,2.98,81.61,2
2023091400,3836,1,0.891964124839107,-0.9915775698973995,5.69,58.75,2
2023091400,3927,0,11.257055565288823,1.045580410594245,5.4,29.56,2
2023091400,3950,0,9.390788039350047,-2.4619238322100863,6.75,171.46,2
2023091400,3975,1,1.6381086655042136,-2.42180863854377,4.13,53.7,2
2023091400,4000,0,6.506688866082348,-0.4695988658156715,2.84,72.95,2
2023091400,4084,1,1.4436758638974339,1.3859819167303624,7.98,90.56,2
2023091400,4107,1,2.834783942384319,3.4070755937463955,7.19,105.91,2
2023091400,4132,2,1.4066271716414411,4.3930112257199365,6.7,171.07,2
2023091700,111,0,3.988295375219842,-1.8022009406976158,7.43,217.98,2
2023091700,430,0,6.007878161214656,-3.451537364755276,6.25,162.65,2
2023091700,453,0,3.6629223305988887,1.0545144243296372,4.69,63.38,2
2023091700,522,0,3.925633706804545,1.3947414692313909,6.15,51.56,2
2023091700,545,0,8.815554435201447,4.1634249922187685,6.5,183.59,2
2023091700,597,0,4.378915390824542,-0.16641418773199868,5.22,42.48,2
2023091700,855,0,3.397793401606402,4.464622359485154,5.21,326.17,2
2023091700,924,0,6.1523735257215915,3.5700496920830487,7.05,349.59,2
2023091700,989,0,7.17885784787525,2.2162249423538443,5.46,257.35,2
2023091700,1076,0,4.843655644242272,1.3297183546355575,4.65,49.59,2
2023091700,1311,0,3.451448971084457,3.1350409595289594,7.53,279.11,2
2023091700,1358,0,4.863846214674147,-0.049952692433811174,6.24,345.63,2
2023091700,1427,1,2.385225356229467,-0.47066875304022393,6.0,255.48,2
2023091700,1457,0,3.238826948140328,5.3972091502905215,6.86,19.5,2
2023091700,1546,1,0.8720665112249156,1.261274539000404,3.62,116.54,2
2023091700,1593,0,7.261108730765578,1.811165711579644,6.33,23.04,2
2023091700,1728,0,6.472874168404647,1.0462676464644616,0.92,124.24,2
2023091700,1809,0,4.558069766907921,-1.5453264887473805,4.11,221.24,2
2023091700,1856,0,4.253151772509417,2.5341736338187832,7.0,340.61,2
2023091700,1959,0,3.7207526120396652,1.6436445772014228,5.76,223.37,2
2023091700,1984,2,0.9044335243676003,-3.3236577805555236,2.2,204.21,2
2023091700,2147,1,1.2306502346320838,6.9993400153672924,8.58,196.41,2
2023091700,2170,0,4.470402666427264,-0.3959680819073133,4.37,67.9,2
2023091700,2193,1,2.9806207407182814,0.8309636521535155,6.37,50.99,2
2023091700,2258,0,6.199395131785036,-3.208704312930173,6.64,231.7,2
2023091700,2307,0,7.458149904634527,-0.5215867461342287,6.0,342.1,2
2023091700,2337,0,18.40225257950776,0.7243012867091522,4.19,357.89,2
2023091700,2395,1,1.86045693312154,-2.372948999822195,4.83,220.1,2
2023091700,2859,0,5.920033783687389,-1.1541156172650642,6.5,321.26,2
2023091700,2911,0,5.29385492812185,2.1702776727571975,6.38,223.98,2
2023091700,2941,0,3.913489491489662,3.797881618156846,7.17,336.88,2
2023091700,3163,0,7.504165509901813,4.260817903804565,8.67,275.8,2
2023091700,3232,0,4.090990100208017,2.868830560948163,6.07,211.23,2
2023091700,3328,1,1.441700384962144,7.93376662790385,8.46,28.55,2
2023091700,3373,1,0.5597320787662625,-0.31219258835860475,3.46,124.17,2
2023091700,3506,0,7.854501893818602,-3.16690321030312,7.23,312.14,2
2023091700,3585,0,3.2607514471360743,-1.9551158291115966,4.47,247.13,2
2023091700,3781,1,0.8988882021697726,-4.4371500333976845,4.61,251.9,2
2023091700,3843,0,5.64836259459323,0.10538319388313211,5.08,214.48,2
2023091700,3873,0,3.4847238054112757,-2.3685872931119025,4.4,210.07,2
2023091700,4143,1,1.7110523077919049,-1.9017161185961107,3.41,88.43,2
2023091700,4189,1,2.298630026776819,6.402183682539673,7.29,47.43,2
2023091700,4212,2,0.7963039620647375,3.3291829618409805,5.89,115.38,2
2023091701,102,1,1.6234839081432249,0.8555663192815803,7.51,126.3,2
2023091701,339,0,7.168465665677697,-4.87573424022263,2.15,47.05,2
2023091701,415,1,2.7642177917088953,-3.8769369034527243,2.89,224.53,2
2023091701,487,1,1.9674348782107107,-3.648579253009697,4.38,232.86,2
2023091701,512,0,3.494638751001313,-3.4351046151923077,7.28,1.93,2
2023091701,637,0,6.279402837850109,-0.08940770561024694,0.48,256.31,2
2023091701,662,1,2.6153584840323507,0.7282863533881188,6.08,129.47,2
2023091701,757,0,9.835918869124532,0.3087462505390846,5.12,343.13,2
2023091701,782,2,1.2603570922559948,0.5450400682009473,5.89,334.23,2
2023091701,807,0,7.667105059929718,-2.119108409533424,5.0,344.23,2
2023091701,832,0,5.2623283819997395,-2.71508326393149,4.11,301.76,2
2023091701,857,0,6.628883767271832,0.09883517536876293,2.32,233.25,2
2023091701,936,0,6.785933981405947,-2.8248624765123718,3.16,98.16,2
2023091701,1039,0,3.814249598544907,4.099579579794842,5.86,35.26,2
2023091701,1105,1,1.0381714694596462,-1.4526033102901708,9.54,280.56,2
2023091701,1169,0,5.863795699033172,2.3921899237410615,6.7,294.04,2
2023091701,1194,0,7.465929279065002,-2.3245490144470495,3.08,252.15,2
2023091701,1243,1,2.008008964123415,4.501959758835126,6.46,312.68,2
2023091701,1317,1,2.2536414976655004,-3.9119104599972703,4.47,228.26,2
2023091701,1395,0,9.00988346206542,2.247566898751952,6.28,8.12,2
2023091701,1447,0,6.875732688230391,-2.466863473016454,6.09,26.0,2
2023091701,1573,0,4.472717294889089,-2.914910518505457,5.86,312.25,2
2023091701,1697,0,3.01272302079032,3.12654715643925,5.07,0.36,2
2023091701,1727,0,7.208196723175633,-1.2604022433519453,3.46,61.47,2
2023091701,1752,1,1.8183783984638622,-3.71239719121818,6.1,33.02,2
2023091701,1811,0,7.619087871917485,1.993834101487976,6.59,13.76,2
2023091701,1908,0,4.275383023776932,-2.905247685382644,4.19,121.22,2
2023091701,1938,1,2.683766010664869,-1.1087404869615975,6.11,85.24,2
2023091701,1961,1,2.3811971778918246,5.674026535267415,7.13,159.14,2
2023091701,2018,0,8.091390486189637,0.12388086376057822,3.61,206.13,2
2023091701,2055,0,4.21142493700173,1.5669223758244373,6.2,187.82,2
2023091701,2168,0,6.476542287362912,3.2060405866811905,6.53,173.89,2
2023091701,2267,0,6.275866474041653,3.5968853593327457,6.34,158.47,2
2023091701,2337,1,2.5387004549572256,-3.466765828322456,5.59,165.11,2
2023091701,2435,0,10.498009335107295,-0.35768581227612795,5.39,9.53,2
2023091701,2465,0,3.0968370961353435,3.0277481078704778,3.78,239.33,2
2023091701,2566,0,4.221433405846888,1.4678230290226815,4.26,328.05,2
2023091701,2591,1,1.912616009553408,4.7069924872673825,7.34,328.13,2
2023091701,2616,1,2.1411445537375595,2.8308542348233354,1.21,298.72,2
2023091701,2675,0,13.704196437588008,1.4546683853871591,5.47,132.42,2
2023091701,2705,0,3.2600613491159858,-4.062274692712665,5.97,149.64,2
2023091701,2752,0,7.437344956367164,4.76216386565072,2.76,87.27,2
2023091701,2777,0,5.993479790572425,-0.7635899253606298,6.04,8.85,2
2023091701,2953,0,3.5916709203377772,0.8688933996524397,4.36,16.15,2
2023091701,3000,0,7.203388091724613,-0.2425010322188993,3.13,153.01,2
2023091701,3025,1,2.18213198500916,3.0091057217758923,6.67,47.14,2
2023091701,3144,0,6.991916761518252,-5.142562410336949,5.86,330.74,2
2023091701,3521,0,4.962358310319802,-0.6536643427988289,6.74,110.76,2
2023091702,55,0,3.450000000000003,-4.827157656571497,3.91,318.14,2
2023091702,134,1,1.1684605256490297,-0.3029808481057401,6.65,218.01,2
2023091702,164,0,3.6760984752859955,1.5811653783226276,2.05,71.5,2
2023091702,189,0,11.671610857118223,-2.5118380992935903,3.62,289.13,2
2023091702,336,1,2.5544079548889624,-0.5120246420667514,4.19,224.99,2
2023091702,504,1,2.5503333115496893,0.2774842778288238,3.65,135.23,2
2023091702,529,1,0.9433981132056598,1.9282302175909214,7.85,103.01,2
2023091702,584,0,3.575150346488938,-1.4617975820201268,6.11,237.28,2
2023091702,638,1,1.9876870981117754,-0.9981453845336086,2.48,200.66,2
2023091702,663,2,1.3282319074619457,-2.268231204217881,9.17,273.11,2
2023091702,686,1,0.9676776322722364,-1.1888569235551936,2.13,246.73,2
2023091702,711,1,2.3832121181296446,3.5768268471863074,7.71,276.55,2
2023091702,842,0,13.85266761313503,1.5991728339024491,4.17,160.88,2
2023091702,1177,0,4.916929936454251,0.7090815570346116,6.89,25.66,2
2023091702,1228,0,3.2724914056418806,0.5971425586458412,6.78,31.93,2
2023091702,1327,0,4.83489400090633,-2.1473158856372168,1.56,99.94,2
2023091702,1556,1,1.8613167382259241,-4.089802868504866,3.98,231.09,2
2023091702,1590,1,2.8887713651308604,-3.2792308046096736,3.31,277.05,2
2023091702,1681,0,9.458927000458349,2.072707398554994,5.94,3.74,2
2023091702,1706,0,10.29734917345236,-2.932038213942096,6.59,354.24,2
2023091702,1736,1,1.3618002790424188,-1.895058140978789,5.7,300.24,2
2023091702,1878,0,4.9506464224381865,2.0100371091389584,5.94,163.06,2
2023091702,1903,0,11.587739210044383,1.6736323940488198,4.48,77.61,2
2023091702,1928,0,8.054545300636157,-1.0561266592845313,5.15,33.74,2
2023091702,1957,0,3.313864813175102,1.9437527341791943,6.8,85.53,2
2023091702,2094,1,2.0003999600079916,1.3201122114366024,6.13,103.53,2
2023091702,2136,0,7.558128075125482,0.17175169138680335,6.25,165.89,2
2023091702,2298,1,2.1940145851839725,2.531811388111838,7.42,331.96,2
2023091702,2374,2,1.7240939649566647,-0.9022661544284754,5.9,222.19,2
2023091702,2399,0,9.27427625208566,-2.786856742874728,6.48,183.34,2
2023091702,2429,0,5.784332286444129,6.3110221857801125,7.58,349.96,2
2023091702,2483,1,1.3641847382227985,2.425802714398282,6.9,246.49,2
2023091702,2515,1,1.4812157169028461,1.0652001980833863,8.91,98.62,2
2023091702,2599,2,2.178302091079188,-0.3331797245204845,5.17,169.66,2
2023091702,2663,0,7.4732389229837946,-0.6782328558307142,5.55,357.71,2
2023091702,2718,0,4.098877895229379,-3.9428383895875045,6.55,282.46,2
2023091702,2792,0,3.3791271062213672,1.3556163315851881,5.99,301.77,2
2023091702,2817,1,2.78044960393099,0.24248505713190527,6.4,321.73,2
2023091702,2842,1,1.3420134127496657,-0.03852686798307925,6.88,232.9,2
2023091702,2900,0,4.3871289016850215,1.7890321601683938,5.23,314.54,2
2023091702,2981,1,1.1923925528113632,4.512936821930789,6.38,210.41,2
2023091702,3189,1,2.1457399656062703,3.806253620144783,6.32,237.86,2
2023091702,3246,1,1.1761802582937682,-0.4239759116051607,8.02,295.91,2
2023091702,3269,0,5.3215223385794435,1.3574673932236605,6.88,206.44,2
2023091702,3367,1,1.7760912138738805,-0.5461162857523862,6.66,304.95,2
2023091702,3483,0,4.72451055666087,2.5308854757973,2.83,99.45,2
2023091702,3661,0,6.100008196715806,-0.8094655564988701,3.94,26.67,2
2023091702,3700,1,1.7280335644888394,-0.1816519108449075,2.62,10.11,2
2023091702,3771,0,8.312027430176107,3.20986977413512,4.88,59.62,2
2023091702,3796,1,2.4151397475094534,-1.347085393748211,5.51,132.82,2
2023091702,3876,0,4.3226149493101955,-0.024436920987865235,3.95,63.78,2
2023091702,3901,1,2.3170886905770343,0.08959994279636457,6.3,36.96,2
2023091702,4016,1,0.766550715869477,-1.3273079582423275,4.96,138.11,2
2023091703,104,0,4.405144719529655,4.634730038396576,6.25,207.71,2
2023091703,180,0,8.033791134949922,-0.2027727993357431,4.27,236.23,2
2023091703,210,0,3.268409399080842,-4.895843539194378,3.67,254.25,2
2023091703,281,0,4.256876789384443,-4.1312441150626675,3.33,255.87,2
2023091703,306,0,3.4653859813879304,-4.65895212039616,6.94,282.85,2
2023091703,530,0,3.3500597009605673,2.5608038115534315,7.03,188.06,2
2023091703,582,0,6.64049696935402,0.09210747498687322,4.84,7.32,2
2023091703,629,1,0.9758073580374437,-2.9726013563742306,7.49,108.82,2
2023091703,665,1,2.419462750281555,1.7507225922287748,6.56,80.87,2
2023091703,736,0,8.012496489858817,-3.6574320359756083,7.56,358.2,2
2023091703,913,0,12.861430713571485,-3.69260935239845,4.06,165.62,2
2023091703,980,0,7.307564573782441,-0.18260636945789613,6.37,193.43,2
2023091703,1008,1,1.6900887550658372,0.916622316032058,6.34,323.08,2
2023091703,1062,1,1.8240888136272315,-2.8194845486727376,2.73,198.03,2
2023091703,1131,0,16.38289962125143,-1.3281743701772717,5.56,207.36,2
2023091703,1183,1,1.2535549449465733,7.652224520525659,7.16,194.23,2
2023091703,1206,0,9.613454113896836,-2.4398588054686385,5.68,1.99,2
2023091703,1238,1,1.4499655168313494,5.850877412872117,7.35,68.83,2
2023091703,1393,0,3.7144582377515025,1.134230580114869,3.08,281.44,2
2023091703,1496,0,5.302499410655316,5.870217127002089,8.2,288.21,2
2023091703,1586,0,4.135516896350442,-1.5952216849041565,4.87,131.21,2
2023091703,1611,0,8.750828532201966,4.628839309077031,6.81,183.32,2
2023091703,1663,0,7.0804590246678245,-1.0269417860814625,5.31,1.08,2
2023091703,1771,1,1.9108636790728926,-0.6178480612812027,4.7,232.28,2
2023091703,1865,1,1.4610270360263715,2.6476556347861617,5.1,23.99,2
2023091703,1890,1,2.7333861783509468,-3.125246620040026,3.56,121.01,2
2023091703,1961,0,4.232280709026754,2.5274216350502114,6.18,153.87,2
2023091703,1986,1,1.7800280896660088,-1.14183810556886,5.34,40.89,2
2023091703,2062,1,1.252996408614167,3.3515115283747017,9.45,259.88,2
2023091703,2182,0,5.028419234709843,3.4410003791668173,7.59,143.33,2
2023091703,2268,1,1.4073023839957095,-4.473049648403595,7.55,275.59,2
2023091703,2397,1,2.55,0.8263645448011792,2.41,206.25,2
2023091703,2498,0,4.7332441306148585,-0.667877843840465,6.51,350.84,2
2023091703,2638,1,2.9191265817021317,-3.7041608413514977,6.83,5.08,2
2023091703,2754,0,4.092383168766089,5.400964360909346,7.5,5.52,2
2023091703,2872,0,3.2296903876377985,-0.07710834404855677,5.81,144.75,2
2023091703,2960,0,4.480178567869803,-0.3217231471829117,2.82,271.24,2
2023091703,3017,1,2.3950782868207128,-0.005746634641000892,6.73,221.11,2
2023091703,3069,1,0.8755569655939028,7.230031791877606,8.44,203.66,2
2023091703,3135,0,8.234864904781373,-1.9371694246137041,6.84,14.28,2
2023091703,3185,1,1.0123734488813896,3.414971486364879,5.95,7.44,2
2023091703,3215,0,15.317473682040388,1.6842855196378597,4.9,356.4,2
2023091703,3361,0,4.7015848391792305,-4.383559347113121,5.71,318.25,2
2023091703,3506,0,6.572822833455957,-2.643397301636482,3.91,97.14,2
2023091703,3544,1,2.5627524265913775,5.674608687794782,7.85,10.55,2
2023091703,3589,0,4.107578362003581,-0.5039778534725933,5.58,104.9,2
2023091703,3690,1,1.2920139318134323,4.032369493954768,7.85,78.69,2
2023091703,3733,1,2.7301648301888304,-1.0378933094982419,5.55,54.82,2
2023091703,3827,0,3.1057527267958682,-1.6994076601781671,1.12,55.31,2
2023091703,3874,1,1.5667801377347128,3.059089979983086,5.82,150.6,2
2023091703,4077,1,2.075620389184881,0.24621992575999818,6.0,56.13,2
2023091703,4124,0,5.266735231621202,0.6293836580918274,2.95,84.66,2
2023091703,4149,0,4.289009209596076,1.290118744262293,4.61,40.06,2
2023091703,4179,0,4.44703271856639,0.5211194154891409,4.65,70.23,2
2023091703,4278,0,9.013068289988716,1.6069817787173353,1.68,308.08,2
2023091703,4326,0,3.20356051917238,5.197598518491688,5.33,355.02,2
2023091703,4351,1,1.6378339354159162,4.753344904506511,6.37,225.83,2
2023091703,4401,0,3.862913408296904,4.712764684952061,7.96,191.58,2
2023091703,4448,1,2.9446222168556697,-2.1846493035866317,6.31,212.27,2
2023091703,4478,1,2.6066453537065595,1.7243537255066714,2.88,9.06,2
2023091704,60,1,2.148883430993877,0.9153574000585696,7.57,185.67,2
2023091704,137,0,4.3263379433419225,-7.4765695974143656,5.3,192.54,2
2023091704,206,0,6.539273659971725,-1.6695827566043606,0.32,353.81,2
2023091704,368,1,2.715308453932998,-2.3697305538029707,2.8,110.81,2
2023091704,565,1,1.3168523075880614,3.610172287333346,7.01,58.65,2
2023091704,591,0,3.1551386657324576,3.55838089450493,6.35,146.31,2
2023091704,683,1,0.8487638069569203,-3.1816309726656224,2.84,16.97,2
2023091704,706,0,3.106718526033539,0.1944142609072282,4.11,124.04,2
2023091704,822,1,1.8631693428134732,2.782562386851941,3.14,72.67,2
2023091704,926,0,3.169873814523223,-0.9911969346017669,3.38,267.32,2
2023091704,1127,1,1.788071586933817,0.10407340894363348,4.14,26.84,2
2023091704,1309,1,2.796032903955171,4.09769247635477,8.14,236.94,2
2023091704,1332,0,6.968048507293846,-0.006878909806983691,4.66,297.76,2
2023091704,1381,1,1.9414685163555943,-3.3835277643048554,1.45,76.55,2
2023091704,1481,0,5.331735177219514,-1.1344282012398226,7.64,120.66,2
2023091704,1584,1,2.134900466063932,4.263797628320999,7.56,204.58,2
2023091704,1609,0,5.720489489545451,-2.6399661935833016,6.32,329.46,2
2023091704,1738,1,1.9091883092036792,4.417883639458545,7.67,227.36,2
2023091704,1807,1,2.3505318547086334,0.5630110577936014,6.04,284.15,2
2023091704,2004,1,2.0586646157157316,5.318875223528998,8.03,170.95,2
2023091704,2036,0,8.34513630805394,1.7556479794357123,6.45,151.49,2
2023091704,2084,1,1.2481185841096987,-0.7092669371723312,2.58,102.69,2
2023091704,2109,0,4.045540754954756,-2.0143434173458155,4.28,50.63,2
2023091704,2157,0,4.454862511907641,0.5298854172340257,4.06,82.65,2
2023091704,2182,0,4.44797706828621,3.45801782226086,6.0,138.13,2
2023091704,2214,1,1.8572291188757528,6.567361411660868,7.32,13.29,2
2023091704,2396,0,4.532604108015613,-2.453064060413484,3.31,132.97,2
2023091704,2421,0,4.624824320987768,1.7617353918004173,6.36,74.3,2
2023091704,2490,0,3.19476133693896,3.690462418134511,6.62,353.94,2
2023091704,2742,1,0.8886506625215554,4.332833544737961,8.71,199.64,2
2023091704,2767,1,0.6850547423381597,2.3376555366943617,3.32,271.31,2
2023091704,2792,1,1.8313383084509562,-4.760744493742581,2.98,259.03,2
2023091704,2817,1,0.9968951800465334,1.2032188336104483,6.4,288.24,2
2023091704,2857,0,3.9901127803609717,1.168464801036439,3.37,329.86,2
2023091704,2880,0,5.710236422425959,-0.8582336585233751,6.99,351.98,2
2023091704,3010,0,8.394057421771665,-1.023310725950307,4.41,168.76,2
2023091704,3079,1,2.321120419107978,1.327713104059515,5.2,35.97,2
2023091704,3104,0,6.292002860774935,3.378789224397422,6.27,152.66,2
2023091704,3134,1,2.3293775992741077,-0.8148847553915568,7.44,81.79,2
2023091704,3164,1,1.7042300314218035,-4.953441228683847,7.18,137.24,2
2023091704,3200,1,2.711825953117208,0.1358402725729363,4.28,48.24,2
2023091704,3455,1,2.714498111990501,2.698975675258276,5.14,167.57,2
2023091704,3571,0,7.83257939634193,3.775783882951048,7.51,308.46,2
2023091704,3619,1,2.933939331342761,2.272255956954643,6.52,309.51,2
2023091704,3644,1,2.22315091705444,-2.9992044444113315,7.01,312.98,2
2023091704,3791,0,9.251751185586434,-2.402946503360224,4.4,110.86,2
2023091704,3895,0,4.922154000028844,-1.7342257477900087,3.48,236.55,2
2023091704,3920,1,2.821364917907639,-0.9073480745103435,5.32,267.59,2
2023091704,3991,0,4.680181620407482,-1.8210443438059818,5.36,231.84,2
2023091704,4016,1,2.9942110814035834,-0.8446353800676956,3.86,187.77,2
2023091704,4041,0,4.014336806995648,2.5982662141957173,3.03,288.33,2
2023091704,4086,1,1.6211415730897798,-3.173419705621483,6.84,287.23,2
2023091704,4277,0,5.875755270601394,3.9155811085659575,6.98,322.19,2
2023091704,4302,0,11.94854384433517,1.21399631701678,4.38,338.55,2
2023091704,4327,1,0.5162363799656086,1.4207183273720825,2.38,143.47,2
2023091704,4350,0,7.837805815405233,2.3626973669346967,4.23,314.94,2
2023091704,4375,0,8.270816162870501,-0.046502360226108125,3.04,249.68,2
2023091704,4457,0,6.620815659720485,-1.0521021424446746,6.51,319.54,2
2023091705,103,1,1.9200260414900632,-0.6865437718862988,4.87,45.2,2
2023091705,175,0,4.584157501657202,-3.4909779479834104,6.2,55.58,2
2023091705,267,0,7.43037684104918,-3.566622563472595,1.44,198.97,2
2023091705,292,0,3.2378542277255167,-1.6227310190788586,1.15,200.51,2
2023091705,391,0,9.165244132045807,-1.8317022515124135,4.72,353.33,2
2023091705,480,1,0.6907966415668222,-0.4916238555920748,4.51,46.0,2
2023091705,531,0,4.858847599997349,0.8297899649910542,7.74,300.64,2
2023091705,561,0,7.988072358210077,1.8865951412085273,5.33,274.1,2
2023091705,586,1,2.1902054698132725,-3.674284246962488,6.01,347.98,2
2023091705,641,0,3.481264138211869,5.771304844034753,7.03,213.48,2
2023091705,701,1,1.4650938536489713,0.2851590847596164,7.09,292.8,2
2023091705,785,0,17.969780187859836,-1.9881927145326432,6.31,345.22,2
2023091705,859,0,6.578518070203956,-1.5667462121921956,1.4,137.36,2
2023091705,906,1,1.521085138971517,-0.7426056205380853,3.67,24.55,2
2023091705,997,0,3.6183559802761236,0.6799806132469348,6.45,137.79,2
2023091705,1027,0,6.380070532525487,-1.9156162688501166,5.65,24.83,2
2023091705,1174,2,1.0123734488813907,8.10732395576002,9.15,306.92,2
2023091705,1240,1,2.1582400237230357,-3.528256578278028,3.2,106.64,2
2023091705,1285,0,6.793180403905082,-3.257208444979422,6.0,53.3,2
2023091705,1332,0,4.301546233623441,-1.2129908323448757,4.51,217.01,2
2023091705,1530,0,3.336360292294581,-5.2553003083456575,9.02,117.36,2
2023091705,1657,1,1.7996944185055421,2.9815043321573604,7.77,0.36,2
2023091705,1680,1,2.790286723618194,-2.2124878620449557,4.1,210.31,2
2023091705,1908,0,9.259125228659565,-0.3255627779075579,5.07,87.44,2
2023091705,1933,0,16.389002410152976,-0.5732767233035237,5.05,164.06,2
2023091705,1958,0,6.483363324694991,1.6294555133354582,6.33,158.77,2
2023091705,1995,0,6.061105509723458,0.23591350362403074,3.53,123.74,2
2023091705,2020,1,1.8122085972646862,-1.061107821820605,5.4,69.29,2
2023091705,2045,1,0.9932270636667118,2.786350967484533,5.62,130.44,2
2023091705,2132,1,2.6082369524259064,0.5030698317579989,2.27,239.82,2
2023091705,2157,1,0.8402380615039999,2.547386732906057,8.53,256.91,2
2023091705,2200,0,6.015189107584232,2.4578384360764516,7.08,193.15,2
2023091705,2230,0,3.8981662355523032,2.514049265104746,3.73,268.02,2
2023091705,2380,1,1.4723111084278364,0.8664238514645153,4.48,139.26,2
2023091705,2403,1,1.478681845428556,4.046853134577694,8.49,60.1,2
2023091705,2450,0,3.2249341078539966,-0.12850870373515208,4.78,79.83,2
2023091705,2480,1,1.862713075060142,-0.8518231643612297,4.03,59.48,2
2023091705,2611,0,5.3675040754525725,0.7600671495485531,3.61,286.15,2
2023091705,2636,0,4.950363623007914,-0.7471235296451417,7.09,239.06,2
2023091705,2722,0,6.394005004689941,0.6898933498702431,4.1,9.95,2
2023091705,2780,0,8.001412375324747,0.7765440702847625,4.85,63.83,2
2023091705,2873,0,17.11057275487878,-1.453613188013679,5.47,34.85,2
2023091705,2953,1,0.5408326913196007,0.05218640811540615,3.39,234.95,2
2023091705,3097,0,3.243732418064103,-0.3454205537219518,4.25,152.76,2
2023091705,3296,1,1.1744360348695067,6.3799118224940585,6.97,44.13,2
2023091705,3477,1,1.702057578344515,0.22658726943856355,7.43,252.53,2
2023091705,3578,0,6.802014407511938,-0.7085277354343787,5.98,322.02,2
2023091705,3601,0,9.337820944952844,1.142234386607316,6.02,193.86,2
2023091705,3670,0,5.7421424573063335,1.5721233901106286,3.15,336.25,2
2023091705,3695,1,1.7601136326953448,1.44541877648486,6.51,308.98,2
2023091705,3789,0,8.22836557282186,0.253940247623083,1.3,211.2,2
2023091705,3867,0,4.958971667593997,-0.27192811169204845,8.07,125.25,2
2023091705,3890,0,5.113139935499516,-3.299480595996408,3.52,85.6,2
2023091705,3928,0,3.4179672321425185,-1.4446450199546785,5.04,97.33,2
2023091705,4032,0,3.07001628660175,-1.2279016314368867,5.59,12.3,2
2023091705,4064,0,5.3941635125383405,4.523807770327761,7.61,169.87,2
2023091705,4117,0,3.763004119051694,-0.4097337157083901,6.4,166.19,2
2023091705,4350,0,5.28251833882288,1.1482780275749054,8.37,330.48,2
2023091706,77,0,3.3657391461609163,1.6582716195735183,5.21,45.45,2
2023091706,100,1,1.190378091196236,-4.778442704235329,4.3,123.31,2
2023091706,237,1,1.1356495938448672,-1.471427747269464,6.86,94.19,2
2023091706,329,1,2.663268668384774,3.4226553967790423,1.06,79.55,2
2023091706,397,0,3.40618554984898,4.436098851188269,6.33,292.22,2
2023091706,427,1,1.128937553631732,0.496043903424604,5.6,346.07,2
2023091706,472,0,3.95101252845394,6.3101813020208075,6.59,205.81,2
2023091706,676,1,2.54342289051585,-4.118737920835053,7.29,59.25,2
2023091706,726,0,5.158730463980465,3.150669963384744,1.42,149.09,2
2023091706,844,1,0.909725233243534,-2.126116682683913,3.63,284.43,2
2023091706,1028,1,2.079663434308542,0.07323538177946631,4.59,250.2,2
2023091706,1087,0,6.6795583686348605,2.371909466366708,1.87,200.78,2
2023091706,1173,1,2.530316185776004,-1.288411437636082,2.55,99.67,2
2023091706,1361,1,1.1125196627475824,1.0226875336082073,4.12,202.21,2
2023091706,1433,0,6.947236860795808,-2.1478912069059097,3.03,82.21,2
2023091706,1514,0,3.428250282578564,7.7880424891784035,8.27,156.71,2
2023091706,1537,0,5.240238544188606,1.4221144137840374,5.14,24.04,2
2023091706,1562,0,5.6651390097684375,-0.565541117254395,1.24,160.49,2
2023091706,1703,0,5.58000896056628,-2.111392951876556,3.9,230.76,2
2023091706,1750,0,8.863791513793633,0.7765939270022655,4.51,314.08,2
2023091706,1797,0,4.381381060807197,1.8831318605817342,3.73,206.72,2
2023091706,1829,0,3.674411517508621,-3.2279191418403106,5.98,256.47,2
2023091706,1852,1,1.1360017605620132,4.050118263257065,6.95,321.21,2
2023091706,1882,1,1.0536128321162395,3.5190370045567403,7.27,276.92,2
2023091706,2321,1,0.9859513172565878,0.6557121118629415,1.56,97.94,2
2023091706,2395,0,3.8468818541774765,-1.2371755088091085,4.76,145.18,2
2023091706,2465,1,2.9233542378576036,-1.8900404026228403,1.47,34.56,2
2023091706,2517,1,2.96952858211535,1.5625867106771283,3.67,51.96,2
2023091706,2542,0,6.561287983315473,-0.5033989283232349,6.13,157.18,2
2023091706,2583,1,0.8765842800324442,-0.7314362614063139,7.94,62.12,2
2023091706,2669,1,2.110734469325773,-3.523889125276766,3.33,280.75,2
2023091706,2719,0,3.691314129141544,3.652693354877356,7.0,231.88,2
2023091706,2893,0,3.248538132760644,-1.5683435830180237,7.09,317.65,2
2023091706,2962,0,8.722941017798986,-0.9007468780841842,5.06,10.28,2
2023091706,3033,0,5.582400917168168,-3.3354341799467444,3.0,229.81,2
2023091706,3129,1,2.601883932845583,1.2637982273034472,2.61,126.57,2
2023091706,3241,0,6.678001197963351,-1.3173982726982845,4.84,196.9,2
2023091706,3266,0,8.834891057619211,1.5251440130118106,4.0,55.34,2
2023091706,3311,0,4.284763704103181,3.2928797224740123,6.07,2.56,2
2023091706,3422,0,7.120252804500695,0.49088362840701794,3.77,101.09,2
2023091706,3447,1,2.2567454442182844,-2.6289687844124394,7.71,140.12,2
2023091706,3475,1,2.361715478206466,2.592973023908796,8.78,359.68,2
2023091706,3512,1,1.9204166214652532,-2.970773012638362,7.17,96.25,2
2023091706,3751,0,3.528002267572967,-1.5168195796737267,3.85,287.23,2
2023091706,3929,0,14.781238107817629,0.5440440908620934,4.34,171.26,2
2023091706,3981,0,3.714364010163785,1.1495933890638774,6.68,32.9,2
2023091707,55,0,8.824947591912377,0.4253996955200605,8.18,183.94,2
2023091707,90,1,1.1211155159036958,-0.7421908165328189,0.44,159.51,2
2023091707,172,0,4.013103537164222,2.261312142134068,6.96,144.69,2
2023091707,418,1,1.4477914214416405,3.3148972531168854,7.32,203.07,2
2023091707,470,0,4.564263357870579,-2.169811111914971,6.46,226.66,2
2023091707,500,0,7.717674520216568,2.9593684339551656,2.95,161.02,2
2023091707,547,1,1.8604300578092146,-3.7162358209186577,2.09,224.24,2
2023091707,577,1,0.6107372593840983,-0.27712583921209455,5.94,357.48,2
2023091707,750,1,1.862605701698563,2.0053331333489472,5.55,33.47,2
2023091707,824,0,3.030330015031362,-3.4660149491656536,6.52,228.1,2
2023091707,925,1,1.0660675400742643,3.522859983572479,8.62,73.3,2
2023091707,948,0,5.26282243667787,0.20874910486533305,4.85,119.18,2
2023091707,1022,0,6.187123725932741,0.42475287346719603,5.21,337.36,2
2023091707,1093,0,8.32780883546206,-2.047594074899934,5.91,156.47,2
2023091707,1234,0,4.740854353384006,-0.13177829310897982,2.11,142.75,2
2023091707,1259,1,2.912043955712206,-1.0037307317379425,7.19,51.42,2
2023091707,1347,1,0.5672741841473161,2.205781573803248,2.75,67.45,2
2023091707,1413,1,1.1045361017187258,2.7065631005526427,9.52,253.18,2
2023091707,1576,1,2.411244491958452,6.390581808664417,8.08,83.96,2
2023091707,1646,1,1.1940686747419522,0.5683286730130948,6.21,65.68,2
2023091707,1739,0,3.7308042028495647,2.2037568595090904,2.99,250.1,2
2023091707,1808,1,2.870209051619758,-0.26516990466353807,5.62,230.78,2
2023091707,1891,0,4.0047596681948345,6.341648031584159,8.81,175.28,2
2023091707,2041,1,1.374117898871861,2.8136042079541044,6.57,150.47,2
2023091707,2066,1,1.4358969322343438,6.229557747347577,7.82,157.6,2
2023091707,2216,0,4.011234224026312,-4.304137943220549,5.57,97.73,2
2023091707,2334,1,2.0748011952955894,1.5936801758313608,3.68,317.12,2
2023091707,2498,1,1.130044246921331,4.826234162675255,6.13,153.22,2
2023091707,2523,0,12.604257217305582,-4.641899040805804,5.45,28.4,2
2023091707,2592,0,7.8907667561524155,1.7006908397854805,3.19,136.59,2
2023091707,2617,0,4.565369645494216,-1.8290912429223856,2.81,66.81,2
2023091707,2678,0,4.323251091481966,0.3028303962667055,5.83,217.55,2
2023091707,2745,0,5.3027257141964235,0.5909461112986283,5.86,334.63,2
2023091707,2792,1,2.912335832283084,-4.733233278626477,7.61,278.87,2
2023091707,2817,0,8.202950688624187,-0.34737158720758377,6.51,258.85,2
2023091707,2878,1,2.1004047229046163,-1.6039775074723777,5.63,67.22,2
2023091707,3010,0,8.889460051094225,0.014909840941437241,5.55,202.39,2
2023091707,3091,0,3.1217463061562163,2.2383138728773693,7.17,181.02,2
2023091707,3185,0,4.428826029547781,1.2745222724503658,2.83,231.96,2
2023091707,3324,0,7.708125582786001,-1.1413780283055224,6.5,158.34,2
2023091707,3376,1,0.5907622195096663,-3.494815461664007,4.02,114.79,2
2023091707,3399,0,3.8425512358327802,2.824829064949507,5.17,109.03,2
2023091707,3520,0,3.668855407344368,1.6836161612338805,7.68,333.66,2
2023091707,3600,1,1.510926867852978,3.576011024191883,5.38,247.0,2
2023091707,3707,0,3.799710515289281,0.34860307913151334,3.0,106.08,2
2023091707,3782,0,3.4437334391616323,-0.34186668428265277,5.9,43.07,2
2023091707,3807,1,1.471054043874672,-1.225087791652165,7.62,66.89,2
2023091707,3830,0,5.440183820423724,-1.8822693483974515,3.57,51.38,2
2023091707,3855,0,5.105692901066415,0.22042818584998972,3.41,138.82,2
2023091707,3880,1,0.8796590248499596,-0.9726211855698288,3.65,149.35,2
2023091707,4001,1,0.8949860334105773,1.5310058634770392,8.69,290.83,2
2023091708,94,0,6.3890531379853135,0.11941825795542493,4.77,195.26,2
2023091708,119,0,3.7914772846477702,-0.2739500560975682,6.65,45.14,2
2023091708,166,0,4.2558665392608415,3.3212360500590195,8.27,52.88,2
2023091708,189,1,0.6907966415668189,0.08837256954269512,4.16,67.16,2
2023091708,264,1,1.1621101496846125,-1.2192772055744348,4.29,321.78,2
2023091708,289,0,9.469556483806409,1.0238434073754341,7.56,339.0,2
2023091708,319,1,1.0978615577567141,0.5450704044275556,4.89,292.81,2
2023091708,402,0,6.691487129181374,1.9190554862242433,2.65,67.66,2
2023091708,449,1,2.3940969069776608,-0.07235359189201682,6.96,22.66,2
2023091708,494,0,4.122377954530617,-0.078820183498885,7.32,35.95,2
2023091708,570,1,2.243680012836059,1.730488570780813,5.98,144.16,2
2023091708,678,0,3.011345214351876,-2.265761954638965,4.82,256.01,2
2023091708,792,1,2.3574774654278245,4.190387222326162,8.06,27.28,2
2023091708,846,1,2.1856349191939612,3.3599997213532173,6.56,152.97,2
2023091708,916,1,1.1673045875006198,5.654536333823231,7.89,162.75,2
2023091708,1110,0,3.0536862969204925,1.7298729852066714,6.98,138.63,2
2023091708,1168,0,5.193081936576773,4.701097269198774,0.33,347.85,2
2023091708,1325,0,3.3453400425068947,5.838882366776607,7.33,236.07,2
2023091708,1436,0,8.91596882004418,2.941411159792156,6.33,203.71,2
2023091708,1582,1,1.9068822721919674,5.457261555784718,8.75,90.14,2
2023091708,1628,1,1.927511348864125,1.4604252590437408,5.15,43.5,2
2023091708,1675,0,11.79477850576261,-2.4184953417788284,6.12,15.59,2
2023091708,1727,0,5.213914076775717,4.345853223914686,4.18,117.8,2
2023091708,1759,0,3.8590283751224232,0.04470688001874047,4.16,211.03,2
2023091708,1864,0,4.789999999999999,-1.4865995666200058,3.71,246.7,2
2023091708,1968,0,5.11618998865367,-1.5835476322227358,5.31,61.96,2
2023091708,1993,0,8.989221323340525,0.34259328166563774,6.78,0.59,2
2023091708,2018,0,6.269968101992227,-1.1631902495204982,4.17,37.51,2
2023091708,2043,0,5.180038609894709,2.9002284010169084,3.77,143.95,2
2023091708,2139,1,1.7932372960654175,2.890287992340052,9.29,282.21,2
2023091708,2164,1,2.6496980960101864,3.134264896414632,8.56,191.13,2
2023091708,2300,0,15.063180275094636,-1.4203871500009217,6.66,153.44,2
2023091708,2456,0,3.9729585953040063,2.019023681204857,7.34,168.79,2
2023091708,2522,0,3.5479853438254194,-2.7722226533684187,7.87,204.46,2
2023091708,2572,0,3.6412772484390645,-2.931410144642127,2.5,258.98,2
2023091708,2698,0,4.456231591827336,1.1769477806811337,3.49,195.19,2
2023091708,2766,1,1.390143877445785,-0.9309743458168815,4.35,233.78,2
2023091708,2886,2,1.773414785096818,0.6667183323650345,5.45,124.14,2
2023091708,2933,0,13.764766616256159,-2.6964778230724007,5.34,150.87,2
2023091708,2999,0,5.753060055309689,0.11420739155069037,7.4,13.04,2
2023091708,3082,1,1.280156240464415,0.8496732736000538,6.14,207.26,2
2023091708,3128,0,5.1505339529023635,-6.005145158989565,8.66,281.7,2
2023091708,3169,0,4.460044842823897,4.378797949289545,7.64,168.99,2
2023091708,3206,0,6.399882811427096,-5.86149290068056,6.52,46.75,2
2023091708,3231,1,1.541200830521445,3.4951340553147707,8.93,92.81,2
2023091708,3310,1,2.828161947272471,0.9263490716011435,7.65,153.42,2
2023091708,3384,1,1.4396180048887917,0.22741384041567358,4.42,138.14,2
2023091708,3512,1,1.603121954188139,5.352538735387249,6.18,161.82,2
2023091708,3665,0,17.18358519052412,2.3962730180118847,4.23,207.87,2
2023091708,3755,1,2.19146070008111,-4.07892694241235,9.05,59.53,2
2023091708,3780,0,3.7352376095772075,1.083820629231342,6.84,8.31,2
2023091708,3805,0,4.655598779963757,-0.48848157882464294,6.24,39.11,2
2023091708,3886,1,2.1048752932181056,1.2259909569246288,7.46,115.28,2
2023091708,4048,0,9.198369420718,-2.155748652768339,7.06,8.47,2
2023091708,4093,0,10.922536335485452,-6.088757068054012,6.55,17.51,2
2023091708,4145,1,1.7424408167854641,3.9213923448876935,5.97,73.82,2
2023091708,4341,0,16.048255356891605,-1.8492907197002126,4.53,350.91,2
2023091709,77,1,2.835507009337136,-2.038634499840612,5.66,219.94,2
2023091709,102,0,5.602222773149958,3.257098084845289,2.6,250.42,2
2023091709,171,1,1.2137956994486394,-1.5858605962552095,7.01,235.24,2
2023091709,243,1,0.6129437168288824,-0.7103303395437337,4.21,323.61,2
2023091709,386,0,6.67371710518209,-1.6285437783465706,4.12,83.02,2
2023091709,438,0,4.370823720993562,0.9023768386406159,7.22,139.68,2
2023091709,468,1,2.2679726629745836,-2.344104485698686,5.54,140.83,2
2023091709,493,0,8.005623023850173,0.5497753429358652,1.48,354.91,2
2023091709,583,0,7.8443482839557825,0.5823280897980511,3.89,108.63,2
2023091709,718,1,1.440138882191575,1.378553217128737,5.45,217.81,2
2023091709,841,1,0.7600657866263962,4.504265474492641,5.82,141.96,2
2023091709,975,1,0.9546203433826415,-0.5495099927691234,5.56,222.89,2
2023091709,998,0,3.264015931333673,-1.9635778796635337,6.53,356.61,2
2023091709,1028,0,3.508646462669043,3.4176993218674214,8.09,184.74,2
2023091709,1058,0,10.017624468904792,-1.5425356233178764,4.39,332.1,2
2023091709,1083,0,5.249018955957388,0.8453611205337606,6.18,193.76,2
2023091709,1228,1,1.840027173712388,3.4526706897062174,5.07,146.78,2
2023091709,1302,1,2.0858091954922457,2.637788416525836,5.55,105.14,2
2023091709,1403,0,4.669989293349609,-3.5681780794743383,5.23,225.52,2
2023091709,1462,0,4.3248699402409745,-2.4667872606959427,4.54,271.43,2
2023091709,1524,0,5.440312491024755,-2.130026079074116,8.32,208.5,2
2023091709,1581,0,3.164806471176398,-3.2853535655123585,4.39,281.92,2
2023091709,1808,0,11.513231518561582,-1.582547160508703,6.27,161.8,2
2023091709,1860,1,2.509760944791352,-3.6738417460883985,6.66,82.48,2
2023091709,1885,0,3.6100554012369432,-3.1657416286538007,6.32,75.82,2
2023091709,2085,1,2.2111083193728827,-4.5312584578458575,3.8,279.07,2
2023091709,2159,0,4.341151920861562,-3.1468371174495133,6.92,236.69,2
2023091709,2189,0,6.91859089699629,2.213670804950487,5.89,337.31,2
2023091709,2244,0,6.24064099271862,-2.105715592370371,6.68,194.53,2
2023091709,2391,1,1.8848872645333463,-1.72000759648512,5.84,96.32,2
2023091709,2440,0,6.006071927641227,-2.3678236615664177,7.28,324.62,2
2023091709,2477,0,12.029364072967445,0.548814760059659,6.65,2.21,2
2023091709,2534,0,3.3131254126579623,-1.0655355150076138,2.14,295.1,2
2023091709,2617,0,13.072463425077926,-3.9137659695927596,4.6,351.92,2
2023091709,2642,0,5.64428914921977,-2.162384369818956,1.5,234.64,2
2023091709,2676,0,4.105812952388353,0.28749545618518946,6.13,108.6,2
2023091709,2708,0,5.805273464704311,5.275541005717793,7.58,9.25,2
2023091709,2785,1,2.4379089400549825,8.014359889036347,8.58,101.55,2
2023091709,2854,1,1.8137254478007334,-4.92070747337145,8.56,265.55,2
2023091709,2877,0,4.911588337798681,-3.153567106611154,6.83,238.43,2
2023091709,2993,1,2.8327018904219297,-1.4626259554781313,6.27,311.07,2
2023091709,3018,0,3.0384206423732696,3.7594089771480945,8.77,241.06,2
2023091709,3182,0,5.084761547998096,0.8367689809186496,5.4,58.02,2
2023091709,3207,0,4.2544212297326665,4.101393092179806,3.28,86.67,2
2023091709,3232,0,5.590939098219556,1.0574618977146724,3.2,183.82,2
2023091709,3255,2,1.5988120589988055,1.3766539853940645,5.95,141.0,2
2023091709,3278,0,4.770010482168776,-6.127661136796128,4.32,146.73,2
2023091709,3303,1,2.05528586819449,5.084937008925188,5.96,13.58,2
2023091709,3326,0,3.2784447532328533,0.38364579049692327,7.77,1.48,2
2023091709,3390,0,6.958110375669529,-2.0345100466495563,6.87,157.46,2
2023091709,3480,0,5.716861026822318,-4.136389092820852,6.82,54.25,2
2023091709,3503,0,3.6640005458514793,-1.6467741044626245,3.74,51.03,2
2023091709,3640,1,1.0373041983912017,1.362466913823364,4.45,206.84,2
2023091709,3736,1,0.826377637645158,1.7084990321341051,6.09,128.36,2
2023091709,3812,1,2.9217118269945788,-2.1616056209988748,7.08,322.69,2
2023091709,3889,1,2.682629307228262,-3.9538691079982855,6.19,77.0,2
2023091709,3944,0,5.290793891279453,-1.16880468666018,5.92,7.51,2
2023091709,4189,1,2.385372088375314,0.6548509656503656,2.05,79.45,2
2023091709,4212,0,5.108825696772201,1.7344598159037103,5.4,157.09,2
2023091709,4269,0,5.624677768548161,-0.2629461220676165,2.68,108.42,2
2023091709,4294,0,3.38053250243212,2.2345872091216084,6.36,3.44,2
2023091709,4317,0,4.976072748664354,-4.116434969160652,0.84,105.96,2
2023091709,4342,1,2.959256663420731,-3.6363914128506294,9.05,54.74,2
2023091709,4372,0,14.915025980533859,-1.9907271447541015,3.2,134.06,2
2023091709,4397,0,3.5192328709535574,-0.7474835160252373,5.4,64.47,2
2023091710,100,0,6.851430507565556,-1.22261074930605,6.4,153.18,2
2023091710,172,1,0.9352005132590565,2.9421936539705533,5.91,81.61,2
2023091710,230,0,6.579977203607926,2.786100596086673,4.2,81.12,2
2023091710,321,1,2.7940114530903477,-1.9908426645025488,5.0,2.14,2
2023091710,402,1,2.4730952266340243,-2.206379817820005,2.74,203.07,2
2023091710,467,1,2.4742069436488103,-5.013983630333422,2.25,76.54,2
2023091710,521,0,8.414279529466558,-1.5467514764542092,6.12,168.09,2
2023091710,689,1,1.1666190466471877,-5.661834000531117,4.65,359.77,2
2023091710,805,0,4.5330012133243525,4.424218178502351,6.47,131.16,2
2023091710,921,0,5.206928077091136,-4.768414214189201,6.63,191.85,2
2023091710,973,0,3.962473974677944,3.5804755324240976,6.57,353.72,2
2023091710,1020,0,4.753104248804142,1.9203682635556756,5.99,184.91,2
2023091710,1067,1,2.7888707392061045,0.543540480024538,1.6,308.93,2
2023091710,1137,1,0.923471710449215,-2.184156333093528,2.62,313.42,2
2023091710,1250,1,1.655173706896044,5.371801047439657,7.15,13.95,2
2023091710,1322,1,1.995845685417583,-0.47977540226320725,6.89,302.23,2
2023091710,1345,1,2.0172506041640013,-4.819753214248472,7.81,246.75,2
2023091710,1394,1,1.6260688792299063,4.020126864691556,6.7,44.76,2
2023091710,1460,0,3.7571931012392734,2.865670656658833,6.32,202.07,2
2023091710,1485,0,3.898525362236333,3.7247249507740934,7.15,277.77,2
2023091710,1510,0,10.691234727570059,-2.387192179397949,0.9,57.51,2
2023091710,1538,0,4.475175974193645,2.040206724623922,5.25,340.67,2
2023091710,1561,0,3.123347563112371,-1.0563795879566515,7.38,352.29,2
2023091710,1678,0,7.3401498622303345,0.43617027285046284,5.05,334.38,2
2023091710,1820,2,1.3238202294873698,6.196673851698717,6.33,185.8,2
2023091710,1899,0,4.892412492830098,3.5105651829472126,4.13,102.94,2
2023091710,1924,0,5.5331907612154465,3.91805382091076,2.82,58.77,2
2023091710,1949,0,6.384770943424674,3.253713291784036,1.43,129.11,2
2023091710,2266,0,8.915447268645579,3.35346947450325,2.73,277.57,2
2023091710,2452,0,5.570897593745554,5.789660690038589,7.76,163.41,2
2023091710,2627,2,2.2019309707617984,2.8845270361014914,5.69,135.73,2
2023091710,2686,0,4.1269964865504765,2.5788784523567316,4.34,69.76,2
2023091710,2822,0,3.9392638906272825,3.5175869042482826,5.99,159.24,2
2023091710,2849,0,3.5599016840356743,1.7632742381128361,5.75,151.9,2
2023091710,2958,0,8.633336550835947,-0.5409377691656393,6.3,336.91,2
2023091710,3029,0,13.921770720709343,-1.3698988427368495,6.05,143.23,2
2023091710,3145,0,3.473110997362454,1.5784263264763336,7.18,166.33,2
2023091710,3223,0,5.606647839841554,1.6269106866293428,6.35,219.95,2
2023091710,3299,0,5.3572100948161445,-2.529708250089933,6.22,198.04,2
2023091710,3372,1,1.6337992532744054,-2.738870402823641,6.84,112.0,2
2023091710,3425,1,1.9821453024437932,1.5081234480380568,5.89,148.1,2
2023091710,3659,1,1.2965338406690348,1.4024149386157205,7.99,72.63,2
2023091710,3682,0,6.634892614051863,1.4351873174917635,1.87,130.18,2
2023091710,3707,1,2.404350224073026,6.13264132770004,7.37,81.73,2
2023091710,3815,1,1.883215335536539,-2.220601475085172,2.1,126.77,2
2023091710,3860,1,1.476482306023339,5.570762131057072,8.05,64.21,2
2023091710,3973,0,4.200297608503473,-2.9514262730503145,3.69,149.34,2
2023091710,4021,1,0.6105735008989459,5.381776305433002,7.51,98.96,2
2023091710,4044,0,11.81005080429377,-0.6505959805984228,6.23,164.05,2
2023091710,4103,0,5.428904125143492,0.23723039200940732,4.42,1.05,2
2023091710,4152,1,2.9447750338523324,5.384867981143601,6.56,341.06,2
2023091711,102,0,4.200428549564918,0.39827967806254755,5.85,148.46,2
2023091711,182,0,9.868540925587737,-2.2154608057420053,6.61,159.44,2
2023091711,271,1,1.9382982226685341,0.4702225252590562,4.08,206.29,2
2023091711,504,1,2.9042382822351205,-1.5202639757217087,1.34,168.31,2
2023091711,551,0,6.141416774653872,0.45651023362516574,3.67,141.1,2
2023091711,622,0,5.270341544909585,-0.26802777413843526,5.53,34.2,2
2023091711,675,1,1.5037619492459615,1.8451253086729111,6.95,52.98,2
2023091711,720,0,3.180015723231576,0.6331922802268375,6.21,165.42,2
2023091711,750,0,5.240610651441308,1.3601847098436357,5.83,63.29,2
2023091711,855,0,7.8307151652962075,5.50974106675315,9.69,251.11,2
2023091711,1031,0,3.1745550869373833,3.4301462653991663,7.63,132.38,2
2023091711,1082,1,1.2296747537458876,6.59568576333467,9.7,81.53,2
2023091711,1232,0,3.0802110317314333,0.5956818697369545,7.65,176.78,2
2023091711,1363,1,1.1278741064498288,-3.4843314483080507,1.99,283.04,2
2023091711,1577,0,4.760598701844134,0.30713419628806404,5.76,205.24,2
2023091711,1680,0,7.152684810614822,-2.782000694775383,8.03,0.64,2
2023091711,1784,1,1.8890473789717381,-2.840465667879168,4.45,352.11,2
2023091711,1807,1,1.8744599222175946,0.0425934320948842,4.34,221.36,2
2023091711,1960,0,6.541223127214058,-6.183781748061592,4.49,72.11,2
2023091711,2035,0,5.776988835024699,-0.910252883913623,2.59,251.46,2
2023091711,2060,0,9.052872472315077,-0.7347473986321374,6.66,190.62,2
2023091711,2118,0,8.796732347866442,-1.541604217882794,6.31,331.72,2
2023091711,2150,1,1.294024729284572,5.413974354513812,7.91,292.5,2
2023091711,2456,0,5.293410998590605,-2.602231753116907,3.23,113.33,2
2023091711,2539,1,2.469696337609141,-1.2589231666133278,9.35,59.06,2
2023091711,2647,1,2.668332812825272,2.9325118626441893,7.6,250.74,2
2023091711,2693,1,2.414062965210312,-3.9252595225777376,7.72,262.32,2
2023091711,2863,0,5.3285363844117635,-0.4229226547534029,4.26,125.78,2
2023091711,2939,0,12.987120543061117,0.12721875529307836,5.2,207.05,2
2023091711,2998,1,1.2601587201618671,-0.04258147175819528,7.48,180.71,2
2023091711,3023,0,9.005026374197913,-1.3970601333828068,5.46,193.62,2
2023091711,3073,0,6.36586207830487,-0.0021953449356120203,7.8,354.36,2
2023091711,3211,1,1.4903690818049073,-2.4823314138466217,4.42,75.37,2
2023091711,3369,1,2.240089283934905,3.6226713004694244,4.8,359.89,2
2023091711,3511,1,1.792344832893486,-0.5352401963964273,4.89,65.97,2
2023091711,3747,0,4.8668367550186025,1.293413000983135,7.1,187.54,2
2023091711,3794,0,5.106623150380299,-1.126186802756898,6.13,220.03,2
2023091711,3873,0,7.552304284124152,0.1281964791980307,3.02,96.63,2
2023091711,3920,1,2.7869158580768074,5.252355961255717,4.97,210.02,2
2023091711,3943,1,2.1461127649776497,2.9129568018051994,7.12,77.98,2
2023091711,4035,0,10.012442259508925,-0.38146840351142536,3.61,27.87,2
2023091711,4071,0,3.5918379696194505,3.5109618234431395,7.03,7.5,2
2023091711,4096,0,7.401303939171805,1.2908121059500917,4.32,12.93,2
2023091711,4219,0,3.113278015211619,-2.1157296683435254,3.53,97.93,2
2023091711,4471,1,2.461970755309652,0.23214831568657335,5.69,176.11,2
2023091711,4501,0,9.17163562294098,4.94903636136869,3.44,356.12,2
2023091711,4524,1,1.5915401345866262,1.9291614641410195,3.37,55.25,2
2023091711,4592,0,4.374757136116243,-3.499822519111849,6.06,51.66,2
2023091711,4627,0,3.4698270850288804,-1.8615972426692189,9.0,84.96,2
2023091712,56,0,3.815874735889532,0.5672567247240208,2.9,284.48,2
2023091712,81,0,7.478462408811059,0.21342280563276742,0.85,87.09,2
2023091712,318,0,5.320620264593217,2.0457453981846,6.89,12.27,2
2023091712,343,0,4.870256666747655,-5.602300510914,4.51,87.85,2
2023091712,420,0,12.057611703815974,-0.5841743545739275,6.32,166.18,2
2023091712,445,1,1.9812369873389712,2.267349771306053,4.89,87.21,2
2023091712,643,0,5.1634968771172876,2.7882622128765333,5.93,212.4,2
2023091712,683,1,1.130530848760881,-0.1401470957112314,5.01,261.68,2
2023091712,719,1,2.9524396691549812,-0.9593004548053561,5.66,325.8,2
2023091712,788,0,3.43198193468439,-3.7547969697074026,6.38,270.09,2
2023091712,811,0,3.357260788202188,-3.2841913799018396,5.0,217.55,2
2023091712,894,0,5.206323078718803,-1.8558878243910673,7.78,243.06,2
2023091712,922,0,6.944710217136499,1.5090691217954706,8.21,304.85,2
2023091712,991,0,4.9131863388233095,-3.0339517424070945,6.5,282.18,2
2023091712,1245,1,1.5339491516996246,2.3914670981770803,4.02,87.18,2
2023091712,1304,1,2.6703183330831513,-2.5150966664148307,6.04,70.97,2
2023091712,1493,0,5.201047971322702,5.142594256606751,7.2,252.55,2
2023091712,1579,0,8.920947259119965,-2.633784126279034,3.46,134.32,2
2023091712,1639,0,4.455838866027362,-0.7108495555999269,3.78,38.66,2
2023091712,1712,0,5.55666266746506,-0.7391828470877643,4.33,82.66,2
2023091712,1848,0,3.7052665221276615,1.7715947982338895,6.15,125.38,2
2023091712,1921,0,9.656759290776597,-3.255476722578885,6.4,204.56,2
2023091712,1946,0,5.851401541511228,-2.28916762288976,6.58,212.83,2
2023091712,2003,1,2.4816929705344255,2.9799436336308247,6.57,280.98,2
2023091712,2028,0,4.46014573752921,-0.8966434656816008,4.87,313.26,2
2023091712,2053,1,2.0240800379431665,-0.2509603607093407,4.97,309.39,2
2023091712,2078,0,3.0549795416663583,2.7435329207927857,5.97,321.54,2
2023091712,2184,1,1.171537451385997,1.6579839696032632,3.94,319.75,2
2023091712,2480,0,6.600613607839799,0.6982074493084105,0.0,138.67,2
2023091712,2579,0,8.380095464850028,-0.14914983111519933,6.67,147.69,2
2023091712,2611,0,5.14716426782748,-4.040622407820511,4.24,56.3,2
2023091712,2685,2,2.3881582862113624,-1.2558309500153622,4.99,93.81,2
2023091712,2732,1,1.3008458786497379,-1.0945024066293285,7.43,62.38,2
2023091712,2828,0,6.689073179447214,-3.3925150127320283,1.86,161.78,2
2023091712,2853,0,6.174139616173245,1.0701626019084816,6.72,29.0,2
2023091712,2935,1,1.5623699945915515,-5.481149847577467,5.09,271.62,2
2023091712,3011,0,3.597360143216137,-2.994518170668121,5.78,323.49,2
2023091712,3163,1,2.276927754672952,1.801518283371285,5.86,113.81,2
2023091712,3215,2,1.1496521212958293,2.150201862938483,6.77,82.8,2
2023091712,3306,1,2.402040798987396,1.5350961397942433,2.62,121.69,2
2023091712,3331,1,1.4492066795319447,2.737384625189389,4.14,347.72,2
2023091712,3479,1,2.521447996687618,-4.804092329198519,3.65,120.22,2
2023091712,3576,0,4.616925383845839,-0.3079332066164113,6.63,322.0,2
2023091712,3606,0,7.448704585362475,5.569341004061084,9.57,265.95,2
2023091712,3844,0,7.389722592898873,4.017251766615204,3.53,118.64,2
2023091712,3903,0,11.943219833863894,-0.7226451217364913,3.12,44.8,2
2023091712,3928,1,0.9079647570252943,2.6877513054996225,7.81,55.88,2
2023091712,3951,0,3.183975502418318,-2.8363833399081027,6.46,120.06,2
2023091712,3976,1,1.0867382389517726,3.559281351684715,4.99,136.84,2
2023091712,4055,1,1.293213052826184,1.9584803074847033,1.82,274.44,2
2023091712,4328,0,4.361112243453495,1.1520983572613726,6.05,173.8,2
2023091712,4353,1,2.0341583025910284,2.622577912750246,3.86,146.91,2
2023091712,4405,0,3.0723606559126506,-1.0855581669620264,1.53,84.5,2
2023091712,4428,2,1.8509727172489547,0.9874733246963192,6.41,120.99,2
2023091712,4453,1,1.7397988389466148,2.9133719569096495,5.2,20.9,2
2023091800,101,0,4.482287362496968,-2.3970391809427265,4.48,259.41,2
2023091800,148,1,1.6700299398513734,-3.2096737415445595,6.55,297.99,2
2023091800,429,1,2.9124731758421354,-0.3474219941725344,4.5,135.65,2
2023091800,523,1,2.7051247660690274,7.612787431480945,8.77,0.19,2
2023091800,646,0,3.821020806015065,-1.0661908636776143,4.04,289.1,2
2023091800,720,0,5.797240722964675,-3.777648386733289,5.68,325.82,2
2023091800,743,0,5.808967205966997,1.3367614123401739,8.43,183.35,2
2023091800,790,0,7.825215651980461,-3.148204467293644,6.15,209.38,2
2023091800,837,0,4.731437413725345,-0.11087808088720152,5.79,217.86,2
2023091800,881,0,10.997017777561334,-5.821275597583232,2.43,320.76,2
2023091800,1027,1,2.463757293241359,-1.2945734206280268,3.61,5.84,2
2023091800,1072,0,6.147137545231924,1.5028453532115487,7.4,328.42,2
2023091800,1102,1,0.8786353054595505,5.42092587504375,6.21,249.17,2
2023091800,1236,1,1.0323274674249456,0.6015560780557858,4.72,26.1,2
2023091800,1340,1,1.077821877677388,3.614234174387165,4.56,162.38,2
2023091800,1363,1,1.15433963806152,1.6102667339190924,7.51,136.1,2
2023091800,1454,1,2.0941824180333386,5.210788666405859,6.19,134.68,2
2023091800,1477,0,5.968483894591655,1.444682594822046,6.14,51.4,2
2023091800,1646,0,4.5170787019931335,1.388612299207512,5.94,10.7,2
2023091800,1705,0,4.608958667638495,-4.517653234624888,3.88,65.64,2
2023091800,1730,1,0.6539113089708738,-3.220780213062392,3.36,37.61,2
2023091800,1773,1,2.9759872311554014,6.307489048686616,8.44,180.67,2
2023091800,1854,1,1.6685922210054847,6.069758720677189,6.83,210.53,2
2023091800,1920,0,4.307122008952153,3.5765189833236857,2.19,82.58,2
2023091800,1945,1,2.001449474755733,6.820833352138403,8.75,143.31,2
2023091800,1972,0,3.0709281984442423,4.358133203253306,9.05,197.92,2
2023091800,2098,0,6.296101968678715,-0.3161122566094976,2.0,123.18,2
2023091800,2151,0,4.523549491273415,-3.7592564905298596,3.66,95.03,2
2023091800,2196,0,3.4012350697945033,-6.451169003230053,8.1,86.59,2
2023091800,2430,0,12.860559863396308,0.09623807998428191,6.08,352.28,2
2023091800,2455,1,1.9461757371830517,5.858756032764491,6.78,212.27,2
2023091800,2500,1,0.7823042886243187,3.7241702283131475,5.74,303.53,2
2023091800,2700,2,1.3038404810405289,-0.13731118936899045,6.0,248.68,2
2023091800,2839,0,6.194481414937008,3.0821105989765356,1.73,95.31,2
2023091800,2943,1,1.2700000000000031,2.34423345530066,8.7,79.57,2
2023091800,2968,0,4.7660151069840255,3.0133664212987354,6.85,167.55,2
2023091800,3042,0,4.960252009726921,0.3715320637566163,4.11,127.36,2
2023091800,3202,2,0.5894064811316567,-0.05643372645669942,5.39,283.14,2
2023091800,3225,0,8.229082573409983,0.8608234037237461,1.89,282.56,2
2023091800,3587,0,9.470084476919938,2.2372521258309312,6.08,164.74,2
2023091800,3634,0,4.5276925690687015,4.360137484364056,7.73,172.58,2
2023091800,3705,0,4.080882257551671,2.321853888626894,3.55,143.54,2
2023091800,3852,1,1.2304470732217583,7.0513412474604635,8.54,296.1,2
2023091800,4057,0,6.579072883013227,-0.5273772293487288,3.4,117.47,2
2023091800,4114,1,1.9180198122021523,1.3624355482043058,5.58,26.47,2
2023091800,4142,0,5.420055350270881,1.7020071296536603,3.84,176.67,2
2023091800,4167,0,8.15138025122126,0.225551399942479,6.83,159.23,2
2023091800,4197,0,8.355178035206672,3.216453488482884,3.52,88.44,2
2023091800,4222,1,0.8004998438475802,1.5600095201111048,5.58,129.88,2
2023091800,4274,0,7.603058595065537,-2.1753100348628163,6.83,158.99,2
2023091800,4304,0,12.157520306378276,-1.4811110678013035,6.61,162.65,2
2023091800,4339,0,5.293203188996245,1.2812511820101473,7.53,92.27,2
2023091800,4369,0,3.063070355052268,-1.3042460822545856,6.26,158.83,2
2023091801,56,1,2.4216523284732663,-0.5197830655186826,3.45,219.67,2
2023091801,144,0,4.773782567314936,-2.355969285869012,5.21,275.91,2
2023091801,176,1,1.7686718180600993,3.451682471474116,6.61,344.67,2
2023091801,230,0,7.103273893072118,1.2717732758271576,4.57,295.83,2
2023091801,384,0,4.513734595653581,-4.033290270040354,6.57,309.33,2
2023091801,592,0,5.77710134929274,2.330546460975487,5.64,263.96,2
2023091801,807,1,0.9073588044428719,-0.1859816117667692,6.14,305.04,2
2023091801,911,0,3.6540662281901795,7.4666815898293954,7.28,204.6,2
2023091801,1071,0,10.978693000535172,-4.062106326806186,5.15,163.94,2
2023091801,1163,0,3.7835565279244827,-2.5808595078560366,6.29,137.48,2
2023091801,1216,0,3.5943984197637286,7.922263861645678,5.91,167.83,2
2023091801,1304,1,2.676191323504359,-0.672460941950299,0.98,235.0,2
2023091801,1351,0,5.446953276832832,-1.142044017957596,7.34,202.0,2
2023091801,1407,0,6.284910500556074,-6.324687239161748,8.26,182.69,2
2023091801,1478,0,3.4225283052153133,4.894445982434811,6.34,5.15,2
2023091801,1539,0,8.166970062391563,3.324138941798289,2.92,144.79,2
2023091801,1615,0,10.358928516019407,0.6835871204852401,5.46,189.71,2
2023091801,1640,1,0.8886506625215577,3.0972432244635737,6.51,279.35,2
2023091801,1743,1,1.48219431924428,-1.721826157400583,6.31,71.66,2
2023091801,1838,0,12.77989827815543,0.11626505634564993,4.26,287.8,2
2023091801,1863,0,3.5960116796250876,0.7014692536982005,6.38,217.17,2
2023091801,1945,0,3.902832304878084,-0.7843799394185534,6.81,127.21,2
2023091801,1990,0,6.220289382335841,-1.394336009942827,3.11,152.76,2
2023091801,2091,1,1.007670581092845,-1.1969036396318593,4.29,280.99,2
2023091801,2116,0,7.082492499113571,1.2954806751623797,4.34,19.53,2
2023091801,2139,1,2.9449108645254496,0.4667847071105461,5.37,230.44,2
2023091801,2253,0,8.66275360379135,-2.176042108147768,5.68,152.81,2
2023091801,2308,0,10.437058972718322,-2.1389638495328374,5.99,156.44,2
2023091801,2597,0,3.5300424926620906,0.9165567590005903,6.89,30.64,2
2023091801,2698,0,6.6826716214400275,-2.3800302577496164,1.53,122.07,2
2023091801,2723,1,1.5809174551506415,-0.8473459795026097,4.18,51.74,2
2023091801,2789,1,0.5000999900019996,2.173847139841557,2.23,171.88,2
2023091801,2955,0,6.275746967493198,3.3102156304043566,6.55,124.85,2
2023091801,3000,0,4.387824062106415,0.01133594388792046,3.2,100.79,2
2023091801,3131,0,5.595614354116981,0.98208761797904,5.4,311.49,2
2023091801,3154,1,2.4300205760445657,-1.2277638816213574,5.36,311.29,2
2023091801,3179,1,2.8844410203711943,-0.527229895147752,6.21,216.77,2
2023091801,3204,0,3.4419325966671677,1.3731618036460453,9.38,263.43,2
2023091801,3265,0,8.177689160147871,0.5332190699280014,3.67,314.47,2
2023091801,3509,0,6.715504448662066,2.8244200822591523,5.68,199.58,2
2023091801,3554,1,1.1080162453682714,-0.8132532845688023,6.13,55.72,2
2023091801,3640,0,4.140591745149478,0.7065349711667999,6.67,147.1,2
2023091801,3826,0,3.922371731491039,-4.46045880148618,4.71,57.57,2
2023091801,4004,0,5.456784767608118,2.1174398831515955,4.67,52.5,2
2023091801,4169,0,3.17238080942374,1.9138523429518677,4.9,15.24,2
2023091801,4371,0,11.370070360380366,-4.313248805360813,4.84,159.15,2
2023091801,4401,0,6.350787352761864,-2.3217608691319,4.33,73.95,2
2023091801,4431,0,3.7579382645275046,-1.028593278874906,2.64,94.54,2
2023092100,78,1,1.8852055590836787,-0.8837432337517148,6.05,301.23,3
2023092100,101,0,3.113069225057475,-2.501583602822596,5.78,297.66,3
2023092100,126,0,7.479919785666158,-0.17970415367894277,7.48,309.74,3
2023092100,213,1,1.8000555546982449,3.7189325559191198,6.17,255.09,3
2023092100,307,0,12.760940404217864,1.9780622574130944,5.54,343.09,3
2023092100,330,0,3.135123602029112,-1.3689852463583398,6.01,222.44,3
2023092100,353,2,2.1961101975993818,-0.9200791432170992,6.82,242.87,3
2023092100,423,1,0.9757561170702441,0.9962408265554994,6.97,59.41,3
2023092100,473,1,1.6323296235748457,0.7023083980492968,5.05,138.58,3
2023092100,498,0,8.422030633997952,-1.2752145118188347,5.21,22.62,3
2023092100,572,0,4.669014885390711,4.524161852027363,4.84,6.24,3
2023092100,627,0,8.000862453510878,-5.612249059170728,7.07,21.81,3
2023092100,672,1,1.0607544484940896,0.4638510533247431,4.58,32.28,3
2023092100,771,0,5.40126836955913,-1.2246421779446877,6.71,232.18,3
2023092100,851,0,3.2408949381305163,-3.23017276501478,2.46,340.18,3
2023092100,971,0,8.15456927127362,3.6485375526800934,3.41,284.62,3
2023092100,1087,1,2.5920841035738,0.5178056372069566,4.56,19.15,3
2023092100,1209,0,7.678079186880019,3.8818088143457254,6.76,174.44,3
2023092100,1336,2,1.8927493230747758,2.8149259124930888,6.74,70.43,3
2023092100,1441,0,3.0705862632402887,3.2815799162148482,6.22,186.88,3
2023092100,1506,0,5.866148651372553,1.2425817362526166,7.06,16.43,3
2023092100,1536,0,7.594609930733768,-2.3393427343586124,4.66,106.47,3
2023092100,1632,0,3.991252936109156,0.39229054158480914,6.91,50.47,3
2023092100,1744,0,6.898296891262364,1.7699010770449588,5.64,163.02,3
2023092100,1856,0,6.972840167392336,2.677225561029671,5.04,201.4,3
2023092100,1881,0,3.6598633854284754,-0.5957251955451729,5.16,228.61,3
2023092100,1906,1,2.3810081898221216,0.38789239494249905,1.38,181.85,3
2023092100,1931,1,1.1604309544302966,-1.2274537240550323,6.22,242.91,3
2023092100,1961,0,7.357723832816775,-2.7133418469153,5.47,244.51,3
2023092100,1986,2,1.9250974001333028,1.4013028896088553,5.97,325.96,3
2023092100,2016,1,0.3640054944640245,1.6917831235689236,5.72,324.84,3
2023092100,2200,0,13.00455689364309,-1.5958642357038606,7.77,19.12,3
2023092100,2397,1,1.2525174649480912,1.861611243100954,5.78,220.85,3
2023092100,2463,0,5.056649088081952,-0.9850588934554432,3.48,62.3,3
2023092100,2588,0,5.310753242243514,-3.813443658481897,6.13,230.19,3
2023092100,2633,0,3.8212563379077302,2.859470126526853,6.75,333.34,3
2023092100,2718,0,13.736382347619767,0.3251913938959599,6.74,193.49,3
2023092100,2993,0,4.749484182519191,0.23203184034287433,5.34,32.39,3
2023092100,3052,1,1.6534206966165654,2.01205260498756,7.46,131.63,3
2023092100,3095,0,5.287239355277951,5.7260018392066305,6.71,170.74,3
2023092100,3208,0,4.683897949357987,0.6787299629457269,4.39,203.37,3
2023092100,3339,0,6.440031055825738,2.633084444410649,5.25,19.95,3
2023092100,3445,0,4.8245725199234,6.279693329543364,5.89,320.75,3
2023092100,3470,0,7.862932023106899,1.3885136672261735,1.49,98.01,3
2023092100,3495,1,2.839753510430085,4.9290337025287805,7.93,204.31,3
2023092100,3544,0,7.280830996527802,0.4449693729425258,5.47,142.38,3
2023092100,3579,0,4.433057635537807,1.954828792914055,6.48,147.0,3
2023092100,3677,0,6.7545910312912385,3.1944173316311213,4.52,31.97,3
2023092100,3724,1,2.370590643700426,-0.7689711234394507,6.44,101.97,3
2023092100,3788,0,5.193919521902503,0.4871799846574203,3.52,277.8,3
2023092100,3823,0,5.703796980959265,0.36750600702883895,3.3,284.21,3
2023092100,3879,1,1.7066048165876029,-0.1517889669259591,1.42,154.42,3
2023092100,3907,0,8.588067302950064,1.3002608368858701,4.6,349.71,3
2023092100,3957,0,3.0708467887538817,3.9073732112451887,6.55,217.56,3
2023092100,4138,1,1.2791403363196707,5.021416512854028,6.95,347.93,3
2023092400,109,1,0.8927485648266269,3.0855800669983102,8.75,23.12,3
2023092400,221,0,3.9698866482558426,0.40181189266767536,3.53,250.3,3
2023092400,268,1,2.8357186038110322,-1.560311664345193,6.57,345.34,3
2023092400,293,1,2.305211487044085,-0.8358564785265996,1.89,326.43,3
2023092400,362,0,4.03183581014902,-2.4583358154320614,6.3,212.18,3
2023092400,419,0,3.7956290651221476,1.5296450975725646,7.15,303.95,3
2023092400,527,1,1.2379418403139946,0.556906155796022,4.89,28.18,3
2023092400,601,0,4.921229521166435,-2.885114449383194,6.46,4.4,3
2023092400,626,1,1.0700467279516352,-3.3253779436157225,3.43,127.41,3
2023092400,724,1,2.4956962956257303,0.7873363465339691,7.31,286.05,3
2023092400,834,1,0.9481033698917032,3.7304733031860815,4.79,126.73,3
2023092400,857,0,10.410422661928767,3.8161694976461846,5.4,28.89,3
2023092400,882,1,2.196588263648885,1.6360788408398403,4.26,289.24,3
2023092400,1134,1,0.9899494936611565,5.226763871226577,6.87,287.39,3
2023092400,1189,0,5.092209736450378,-4.47657785411729,4.09,234.07,3
2023092400,1236,1,2.784115658517077,-1.5047187767136883,1.9,29.04,3
2023092400,1308,1,1.808922331113197,2.5117764741164437,7.57,351.89,3
2023092400,1338,1,1.0570241246064331,2.928145988332223,7.06,319.37,3
2023092400,1460,1,2.063055985667865,-0.201365905629456,3.92,317.64,3
2023092400,1552,1,0.7355270219373324,2.971357235304609,6.55,195.94,3
2023092400,1878,1,1.645144370564481,-3.7989838840501085,5.55,282.7,3
2023092400,1925,1,1.9031815467789717,0.9195718020117227,5.39,204.89,3
2023092400,2105,0,5.791312459192649,0.5263591190268186,3.4,84.18,3
2023092400,2312,0,3.6140282234647834,-2.5920127679386447,3.8,288.51,3
2023092400,2386,1,1.2253978945632258,1.246162498117052,5.99,317.18,3
2023092400,2452,0,5.901931887102731,-1.1599805353980526,2.99,103.39,3
2023092400,2505,1,1.1853269591129691,4.143925196481482,5.88,358.92,3
2023092400,2614,0,6.625918804211228,0.8450866303774862,6.88,209.26,3
2023092400,2639,0,5.0760713154958745,-3.5294404758833764,4.06,247.88,3
2023092400,2688,1,2.221103329428868,4.564341066826991,7.71,242.96,3
2023092400,2711,0,3.419195811883254,-1.461106401284236,5.33,154.96,3
2023092400,2814,0,3.8733060813728644,0.21239954850970966,3.06,83.51,3
2023092400,2910,0,13.450446089256667,-0.68193140188663,5.12,24.19,3
2023092400,2962,0,7.701538807277413,3.2994973124111993,4.37,95.44,3
2023092400,3110,0,3.326153935102823,2.2949126231517343,2.38,63.37,3
2023092400,3317,1,2.283199509460356,-3.634318646467857,3.74,304.61,3
2023092400,3386,1,2.720900586203031,-2.8930089144750064,2.09,231.31,3
2023092400,3409,0,4.722933410498182,-1.6685983629404297,5.25,346.09,3
2023092400,3477,0,3.7682489302061777,2.149263631493168,6.45,40.81,3
2023092400,3578,1,2.1087674124947937,3.577538755756586,5.2,171.66,3
2023092400,3798,1,1.290348790056395,3.4821480157315032,4.1,46.19,3
2023092400,4066,1,2.13841062473979,-1.6354744701738073,6.82,111.4,3
2023092400,4091,1,2.7760583567353083,-0.2714263464981773,5.84,41.11,3
2023092400,4126,0,5.429300139060278,-0.9402811131129967,3.99,122.68,3
2023092400,4215,1,1.2748725426488723,4.311975652751239,8.25,73.06,3
2023092400,4274,1,1.5080119362922892,-1.6500246936953662,7.6,235.81,3
2023092400,4297,0,5.033140172894047,-3.3980421207732445,2.94,260.63,3
2023092400,4322,0,6.877855770514529,-3.0119914101003893,6.23,195.6,3
2023092400,4352,0,3.376536687198887,2.421887676874875,5.85,198.47,3
2023092400,4419,0,3.7284044844946753,5.443839376900342,7.47,229.54,3
2023092400,4448,0,3.054832237619606,1.1463224637949432,5.5,305.15,3
2023092400,4590,0,10.479666025212824,-1.8509900057028603,5.7,328.37,3
2023092400,4615,1,0.866833317310772,-4.983922948536807,5.3,282.16,3
2023092400,4708,0,7.091318636191727,0.3336414467973076,4.42,65.09,3
2023092400,4773,1,1.9657314160383184,1.9762903457421532,7.74,272.29,3
2023092400,4834,1,2.602498799231232,2.1262035109952,4.08,335.84,3
2023092400,4903,0,5.510716831774251,3.368490201888205,3.52,79.73,3
2023092400,4926,0,5.102509186664931,1.5393841056827526,4.06,92.61,3
2023092400,4951,0,3.694996617048519,2.732938596655384,4.56,119.43,3
2023092400,4974,1,0.6774215821775972,3.754269828490874,6.81,8.25,3
2023092401,112,0,8.603487664894978,-0.9626702230300396,4.94,53.65,3
2023092401,189,0,5.2727601879850345,2.2440139320292367,5.65,172.19,3
2023092401,408,0,3.9601136347332355,-3.493465293102498,7.52,346.8,3
2023092401,518,1,2.9891804896994754,-1.751009854673019,3.48,81.99,3
2023092401,572,0,9.304504285559762,-0.0006333759379962833,3.85,134.43,3
2023092401,626,1,2.897464408754658,1.033449198932685,6.56,226.93,3
2023092401,768,1,2.8694424545545387,-4.247187704688395,2.02,49.34,3
2023092401,793,0,5.421042335197172,0.8560773413659759,5.76,146.0,3
2023092401,818,0,6.070296533119285,-1.7736599109110052,2.85,112.07,3
2023092401,1016,0,9.548429190186217,-0.17789576468644208,3.1,170.75,3
2023092401,1063,1,0.73498299300052,-1.8275880448495871,4.53,297.96,3
2023092401,1241,1,2.6049952015310853,-0.1853251880938407,7.16,3.25,3
2023092401,1288,1,2.7405291459862275,-2.9656511337937754,4.61,264.57,3
2023092401,1382,0,7.629685445678611,-1.4142966021433307,5.86,126.02,3
2023092401,1429,0,4.630615509843161,2.92695763584101,5.06,140.85,3
2023092401,1746,1,2.355949914577981,-3.043634563116784,5.89,237.51,3
2023092401,1781,1,0.7783315488915976,5.614398514167136,7.28,303.89,3
2023092401,1840,1,2.277827912727384,0.8227120871542388,3.38,12.78,3
2023092401,1915,1,2.7109039082933215,1.661099421708296,7.81,74.82,3
2023092401,1938,1,2.883903604491665,-3.900728400490903,7.63,57.15,3
2023092401,2005,1,0.8814193099768087,-0.9563873476358511,7.17,72.87,3
2023092401,2053,0,10.110400585535675,-2.645976921700071,4.51,53.62,3
2023092401,2083,0,5.26307894677631,2.482566881585519,6.05,16.66,3
2023092401,2113,1,1.325631924781536,3.666396214423058,8.46,124.45,3
2023092401,2138,1,1.1686744627996353,-2.7182614727586256,5.94,64.82,3
2023092401,2168,0,6.5192024052026545,-1.4157765034908232,6.1,17.94,3
2023092401,2308,0,4.684154139223009,-3.838179462855311,5.48,232.28,3
2023092401,2414,1,2.160023148024113,8.625982625356677,9.17,339.27,3
2023092401,2493,1,1.2096693763173454,-1.5111165844271066,8.11,123.47,3
2023092401,2662,0,4.033174928018869,-2.286889151278846,3.75,102.19,3
2023092401,2687,0,3.669386869764489,1.3734818381082587,4.39,142.27,3
2023092401,2829,0,3.978467041462068,3.530589238147224,8.07,193.92,3
2023092401,2874,0,6.601189286787642,-4.867362740556349,6.16,346.55,3
2023092401,2943,0,10.046815415841976,-6.015802766424532,1.96,99.99,3
2023092401,3015,1,2.6925824035672514,-4.296261349023819,3.43,47.93,3
2023092401,3045,0,11.897466116783013,3.359130865523885,6.29,7.92,3
2023092401,3075,1,2.924414471308744,1.7477396158787282,6.46,175.28,3
2023092401,3100,1,1.0878419002777941,-3.477960270598052,8.0,129.08,3
2023092401,3452,0,4.638156961552721,-0.8435221048518219,4.45,314.1,3
2023092401,3521,0,3.824264635194589,0.9699349382077957,9.31,265.85,3
2023092401,3612,0,5.96795609903424,-2.0750082263150773,5.52,54.61,3
2023092401,3710,1,2.031772625073978,-0.14087819143112457,7.95,108.52,3
2023092402,121,0,3.981808634276639,3.4194742800828495,6.9,206.6,3
2023092402,215,1,2.899275771636773,5.203271337630337,7.64,6.34,3
2023092402,306,1,2.573285837212804,2.311271189995962,8.88,246.68,3
2023092402,347,1,0.7223572523343265,4.326604881934326,7.5,254.47,3
2023092402,470,0,4.921544473028765,0.7123399390830691,6.71,30.74,3
2023092402,540,0,4.8036756759797985,-2.486932493241537,4.11,47.63,3
2023092402,565,0,4.573893308768801,-0.7370223804676057,3.44,146.05,3
2023092402,612,0,3.430014577228502,2.1806623765018656,4.77,162.55,3
2023092402,728,1,2.7459060435492035,-5.795525251737111,4.09,87.35,3
2023092402,845,1,1.8582787734890516,-0.6264583655414617,4.94,313.59,3
2023092402,912,0,4.26825491272487,-1.7558116886007062,6.95,70.61,3
2023092402,937,0,5.183454446602179,2.1898900409348365,6.03,56.78,3
2023092402,1009,1,0.510881590977796,0.1593891038083779,4.13,131.85,3
2023092402,1078,0,4.481037826218391,-5.864129664098121,9.14,241.04,3
2023092402,1123,1,2.816025568065742,-0.04456570546295591,6.6,324.71,3
2023092402,1200,0,4.631857078969512,-4.530698263101258,7.84,287.6,3
2023092402,1271,1,1.112205017071943,5.247493106345248,6.07,172.57,3
2023092402,1316,1,1.4490341610880058,-3.937740320960053,7.26,65.0,3
2023092402,1418,0,4.414702707997454,1.412751012024055,7.5,319.34,3
2023092402,1443,0,6.72580850158552,0.32840952237698273,2.29,241.2,3
2023092402,1468,1,2.027140843651472,1.9588766242689453,4.91,204.98,3
2023092402,1515,1,1.1443775600735944,-8.162886254541194,6.26,265.54,3
2023092402,1713,2,1.3209466302617987,1.292079147351294,2.78,189.24,3
2023092402,1909,1,1.192686044187654,6.400794382909487,7.88,233.8,3
2023092402,1964,0,5.179198779734182,-0.8824204504674371,5.79,354.53,3
2023092402,1987,0,10.676422621833586,-2.660933905323648,6.57,175.71,3
2023092402,2036,0,14.194787775799961,-4.299136617580458,6.0,144.49,3
2023092402,2066,0,14.344772567036399,1.9048789224613591,3.48,64.88,3
2023092402,2091,0,5.831243435151716,1.3108678728196255,7.52,5.89,3
2023092402,2184,1,1.5684705926474973,-0.18035592768936848,6.28,205.84,3
2023092402,2209,0,4.22452364178495,1.9771177453654973,1.17,201.3,3
2023092402,2376,0,13.590824110406254,-1.2497881970853228,5.9,168.47,3
2023092402,2423,1,2.0219297712828683,3.684828123647256,5.56,34.22,3
2023092402,2545,0,6.0124038453849815,-3.01995432796603,6.48,330.42,3
2023092402,2634,1,2.59077208569183,2.4994255132450127,5.05,217.18,3
2023092402,2793,0,3.4150256221586384,2.605001387981616,6.18,51.62,3
2023092402,2819,0,5.1883137915897075,-4.496800218182307,4.83,149.43,3
2023092402,2901,1,1.8270194306574918,0.03463640948990657,3.89,206.07,3
2023092402,2926,1,1.0737783756436934,6.133182227156207,8.47,351.3,3
2023092402,2951,1,2.496497546563988,2.2169348728979505,6.36,231.87,3
2023092402,3058,1,2.4014162487998547,-3.9372331597569388,8.36,77.76,3
2023092402,3188,0,3.4339044832377046,-0.5329965637003797,3.17,160.65,3
2023092402,3211,0,5.25950568019467,2.2885402976488707,6.26,254.53,3
2023092402,3336,1,1.7713271860387674,-1.9592468914468095,2.22,235.07,3
2023092402,3360,1,0.9560334722173707,-3.8291185758401864,3.35,271.2,3
2023092402,3383,0,4.445672052682248,-6.744776814831581,8.29,174.26,3
2023092402,3509,1,1.1638728452885219,0.08236660811327923,5.73,8.33,3
2023092402,3657,1,2.7148664792213957,4.808203399510775,6.79,267.82,3
2023092402,3686,0,6.3818649311937055,0.11552423805207729,7.22,355.5,3
2023092402,3714,0,5.668483042225668,0.8371983263292792,4.16,239.93,3
2023092402,3793,1,2.157452201092762,2.914993028986673,6.13,181.18,3
2023092402,3818,0,10.626349326085606,-1.0331541072678827,7.02,345.26,3
2023092402,3841,0,5.7623779813545735,1.3141918055037118,5.8,343.85,3
2023092402,3908,0,3.1374671313019364,-2.9643436267273287,5.75,255.42,3
2023092402,3933,1,2.288252608432906,-0.0061944124318764615,4.54,308.68,3
2023092402,3958,1,1.1717081547894097,-2.780469804802266,5.71,261.38,3
2023092402,4005,1,0.9415412895885142,0.5695986586075663,5.17,193.19,3
2023092402,4030,0,3.5105127830560594,0.09007256659771665,7.28,358.18,3
2023092402,4300,0,6.90122452902382,3.06213589131844,6.62,191.66,3
2023092402,4336,1,2.0334207631476566,-4.159417237814086,6.69,263.45,3
2023092403,77,0,5.530144663568939,-1.1903445693025216,5.72,242.36,3
2023092403,203,0,8.931785935634599,-6.394938638495013,5.59,170.0,3
2023092403,250,1,1.0965856099730633,0.20859843123212896,4.98,32.09,3
2023092403,393,0,7.643984563040409,-2.4808348786593184,6.16,187.51,3
2023092403,474,0,6.335818810540593,0.9240195293119818,6.17,213.61,3
2023092403,526,1,1.608011193990888,1.8928010383649418,4.99,255.73,3
2023092403,549,2,2.3736048533822975,-0.43727429217696745,4.47,278.01,3
2023092403,620,0,4.469015551550471,4.756332030839375,7.95,181.36,3
2023092403,673,1,2.241093483101495,0.7744141542159617,9.11,91.47,3
2023092403,863,0,9.821837913547538,-2.6863457354878504,4.41,212.04,3
2023092403,893,0,3.18209050782658,-3.963382782276226,2.23,224.88,3
2023092403,918,0,8.253350834661036,-0.8269289392723336,5.92,205.97,3
2023092403,978,0,11.545128842936302,-1.1417451903465228,4.87,332.8,3
2023092403,1129,0,7.2799587910921595,-1.8636685697119342,4.5,282.7,3
2023092403,1214,0,3.054734030975522,-2.1107551740810377,4.63,267.55,3
2023092403,1237,1,0.6688796603276267,1.0114193308549706,1.02,285.81,3
2023092403,1362,0,5.825160941982632,8.768641537222393,8.57,195.54,3
2023092403,1409,0,6.496745339013992,1.0242360376113289,9.4,283.43,3
2023092403,1490,1,1.5839191898578728,0.6207563156033666,5.73,327.36,3
2023092403,1546,0,4.487939393530176,-3.8862579419601326,7.22,229.57,3
2023092403,1598,1,1.6834488409215183,1.548618465628787,6.4,297.52,3
2023092403,1704,0,11.062196888502763,2.0373676546663577,7.42,106.37,3
2023092403,1749,0,7.801775438962594,0.7333239174987297,5.26,14.16,3
2023092403,1835,0,5.168287917676408,0.0004497977427666555,4.36,52.45,3
2023092403,1867,0,12.52589717345628,0.38758507854653,6.21,180.55,3
2023092403,1919,1,1.4615402833996742,1.9019477417174402,7.23,119.49,3
2023092403,1989,1,1.1747765745025776,0.5681292741093158,4.78,182.53,3
2023092403,2171,0,6.581162511289328,-4.868695452082072,3.59,274.76,3
2023092403,2220,1,0.6109828148156116,-4.86602353886308,6.11,282.56,3
2023092403,2269,0,4.02613959022784,0.7376457312791991,1.14,311.01,3
2023092403,2437,0,5.898584575980909,0.327674476339337,4.87,327.33,3
2023092403,2462,1,0.5608029957124004,0.5768436979317026,4.87,184.0,3
2023092403,2485,2,0.7443117626371446,-1.4638513892477312,4.23,207.24,3
2023092403,2528,0,4.5269084373333675,0.36274439613125076,3.93,156.06,3
2023092403,2611,0,3.3424093106620063,-1.7308083790234625,5.45,94.18,3
2023092403,2781,1,2.366600938054406,0.847320059891477,7.49,215.35,3
2023092403,2855,0,5.756127170242157,-1.2307732267044793,7.0,332.02,3
2023092403,2880,0,9.69639623777824,-0.5401817824815719,6.12,188.67,3
2023092403,2905,1,1.4927156460625721,4.182111449578425,6.33,218.59,3
2023092403,2993,1,2.979009902635436,-1.582171356057367,5.32,189.61,3
2023092403,3038,0,7.374564393915078,-1.4878080266629172,3.24,106.7,3
2023092403,3114,0,5.546827922335431,-0.3071359786203877,6.0,307.71,3
2023092403,3198,1,1.45825237870542,-0.8905074055434656,6.3,52.47,3
2023092403,3228,0,4.4650755872661305,-0.48557289696494227,5.69,125.86,3
2023092403,3275,1,1.5715279189374944,3.328794963721762,8.15,55.84,3
2023092403,3310,1,0.9879271228182772,5.9826850281926145,7.81,114.0,3
2023092403,3383,1,2.3491700662148727,-0.16674251093348302,5.72,301.31,3
2023092403,3466,0,3.715534954754164,4.192436901978693,6.79,238.65,3
2023092403,3491,1,1.4120906486483134,4.679699098107013,7.11,300.44,3
2023092403,3620,1,1.0934349546269333,-0.5109740176642048,6.06,126.7,3
2023092403,3643,1,1.4948244044034091,-2.379179658615657,5.19,146.74,3
2023092403,3666,0,3.752132726863496,-5.562616121322724,6.39,176.46,3
2023092403,3691,1,1.68620876524824,2.717471305775217,6.91,29.89,3
2023092403,3714,0,4.0,-4.164031044244589,7.65,14.1,3
2023092403,3824,0,6.022640616872309,2.101779585156709,2.41,284.28,3
2023092403,3873,0,3.9194387353293325,-3.986726845737949,4.63,195.11,3
2023092403,3958,0,5.077341824222592,-2.859257445861652,2.82,78.36,3
2023092403,3983,1,1.4131525041551531,5.162123147548035,7.71,68.65,3
2023092403,4055,1,1.3346160496562283,2.5842977439800867,5.35,19.67,3
2023092403,4078,1,1.5432433379088348,5.066426653335961,8.44,108.99,3
2023092403,4103,2,1.5405193929321275,-0.8771271911866059,5.86,34.17,3
2023092403,4128,1,0.9411163583744476,-0.3798807106260975,6.25,128.89,3
2023092403,4151,1,1.1108555261599056,0.8706855852315403,5.24,124.91,3
2023092403,4208,0,5.378336173948229,-1.0344108527006413,4.75,229.59,3
2023092403,4233,1,1.4312581877495059,2.663803427855044,8.1,284.73,3
2023092403,4263,1,1.5498387012847492,2.4853590572067192,5.67,339.71,3
2023092403,4286,1,1.499666629621399,7.442716095803677,7.86,189.08,3
2023092403,4340,2,0.8041144197189839,-0.49144211811681154,4.82,253.88,3
2023092403,4363,1,2.934927597062663,-5.688952813742478,5.52,188.65,3
2023092404,62,1,2.1365392577717826,1.1062782742839627,3.67,138.04,3
2023092404,185,0,4.10650703152935,-3.2038626034969733,5.04,298.15,3
2023092404,255,1,1.919426997830342,-1.6289897670524454,6.23,308.22,3
2023092404,299,0,5.4595237887566705,-2.3979494920513456,4.82,44.06,3
2023092404,397,1,1.6446884203398502,4.0734146445192,9.06,79.12,3
2023092404,561,1,2.983286778035252,0.6804543465903077,4.72,303.36,3
2023092404,733,1,2.993008519867597,-0.22902371566003238,5.44,96.2,3
2023092404,758,0,12.968905119554234,-0.13578102827003824,5.29,14.62,3
2023092404,810,0,11.811528266909406,0.6687758346014057,3.56,151.31,3
2023092404,1027,0,7.382411530116694,-0.9168381284528491,4.46,138.83,3
2023092404,1096,2,2.1272047386182655,-0.7009291578405799,4.01,94.54,3
2023092404,1200,1,2.709335711941213,-3.329291152684608,7.47,296.65,3
2023092404,1269,0,7.1826735969275415,-0.8961583751997025,5.54,230.93,3
2023092404,1367,1,2.848613697923955,0.4928940863423634,5.88,236.14,3
2023092404,1478,0,4.286000466635542,-2.824941455848341,6.33,95.52,3
2023092404,1505,0,5.186029309597087,0.004251551010857502,3.72,113.44,3
2023092404,1677,0,3.051638903933423,-3.526608383861377,7.22,256.3,3
2023092404,1725,0,5.9084092613833,-1.813917596279152,6.21,245.74,3
2023092404,1845,0,11.954936218985024,-0.8766773257757536,5.87,174.27,3
2023092404,1870,0,8.539847773818924,-3.76488828348826,0.52,218.3,3
2023092404,1924,1,2.6484901359076343,0.8289755918136288,3.76,18.48,3
2023092404,1947,1,1.1001818031580068,2.4014466031019914,7.86,72.43,3
2023092404,1970,0,5.607040217440934,-1.8071634066129783,5.15,120.46,3
2023092404,2033,0,6.414125037758474,4.266473970818898,4.4,351.32,3
2023092404,2063,0,3.836274234201717,-1.4138515628930683,4.36,303.56,3
2023092404,2110,1,0.4499999999999972,6.411468876952743,7.37,259.72,3
2023092404,2178,1,2.255349196909428,-2.9799072544500547,2.02,260.61,3
2023092404,2203,1,1.066208234820942,1.6399247294271828,5.11,225.18,3
2023092404,2235,1,2.0840585404445795,-0.6498583585433328,7.07,210.55,3
2023092404,2265,0,7.156318886131334,-5.907708904620904,7.0,195.05,3
2023092404,2519,0,4.436935879635856,1.9231776157813583,2.66,56.29,3
2023092404,2744,2,0.676830850360705,5.431550922641024,6.96,281.37,3
2023092404,2816,0,8.99193527556777,-1.1181856735842806,5.1,177.76,3
2023092404,2841,1,1.1595257651298672,-0.12535124414681742,4.89,126.3,3
2023092404,2866,1,2.3938462774372113,2.860686540062453,7.93,172.92,3
2023092404,2918,1,2.2155134844997044,4.70480393937146,6.24,143.16,3
2023092404,3072,0,7.862277023865286,0.8827526776948256,6.04,163.2,3
2023092404,3122,1,2.581181899828062,1.2312718868667005,6.09,165.88,3
2023092404,3159,0,3.6346801785026397,-0.6670445876329717,5.02,28.2,3
2023092404,3183,0,4.132904547651689,-0.18040709881532901,6.96,158.17,3
2023092404,3232,0,4.942974812802508,-0.7742227084556261,5.28,222.43,3
2023092404,3257,0,4.450044943593266,4.442987454200185,9.01,344.12,3
2023092404,3343,1,1.4480331487918368,1.1926477456098512,4.65,154.58,3
2023092404,3516,0,3.1740510392871673,2.8517243096500815,5.13,155.82,3
2023092404,3541,1,2.4856588663772805,-1.1726419900324212,0.88,221.08,3
2023092404,3566,0,4.932433476490076,-4.923230192840783,5.65,256.41,3
2023092404,3591,0,4.33010392484984,3.654680767708501,6.71,248.54,3
2023092404,3614,0,3.552492083031288,2.284044133580306,3.7,182.25,3
2023092404,3639,0,5.956122900008026,-1.1942431780562819,8.24,290.25,3
2023092404,3740,0,5.148368673667418,-1.5998395649208825,8.23,114.08,3
2023092404,3804,1,1.5028306624500292,-4.606171197211457,6.27,269.31,3
2023092404,3829,0,6.547136778775889,0.8169785339398871,4.53,241.61,3
2023092404,3882,1,0.9394147114027942,-1.2489271626574996,1.14,312.52,3
2023092404,3996,0,3.7706895921038104,-0.3056761112190134,7.21,253.25,3
2023092404,4223,0,3.6213809520678657,-0.25511010438772985,2.35,259.3,3
2023092404,4255,0,4.457016939613314,1.7362958533954165,4.27,285.76,3
2023092405,77,1,2.6605450569385236,2.5367356766209697,6.76,137.47,3
2023092405,102,0,3.0884624006129737,1.1382530437521128,7.05,133.01,3
2023092405,210,1,1.218400590938791,1.969234650269594,7.97,228.67,3
2023092405,297,0,5.652556943543344,0.563499374882564,5.45,29.55,3
2023092405,344,0,7.689323767406343,-2.698865889481549,5.67,149.47,3
2023092405,416,0,4.2378532301154515,1.5971957049130872,9.49,169.29,3
2023092405,529,1,1.9210674116230244,0.00341025291621766,3.96,252.19,3
2023092405,554,1,2.872350953487408,-0.6521815674843201,5.9,208.52,3
2023092405,648,0,4.27435375232327,-0.8440796039012386,5.75,224.23,3
2023092405,717,1,0.693541635375987,4.381496374855735,6.27,195.62,3
2023092405,752,1,2.4440335513245297,5.272099780417231,5.95,345.22,3
2023092405,838,1,2.680335799857917,2.6954383761313734,7.61,78.24,3
2023092405,1036,0,3.7225394558016442,-6.379256617352349,7.1,333.51,3
2023092405,1103,2,1.405275773647294,2.082224254733653,7.52,184.3,3
2023092405,1241,0,6.421370570213191,0.9615074973746192,6.12,19.55,3
2023092405,1321,0,6.165095295289439,-4.4021458021273805,8.83,109.01,3
2023092405,1640,0,3.657895569859801,5.5374496799307,6.96,352.82,3
2023092405,1692,0,3.8199607327824836,-4.803660359372177,8.71,116.57,3
2023092405,1741,0,4.630561521025297,2.038179548934111,7.3,277.16,3
2023092405,1773,1,2.848859420891098,-1.389995387998355,7.6,327.04,3
2023092405,1798,1,2.8342547521350303,0.7049990674306192,7.65,235.69,3
2023092405,1828,1,1.2461540835707283,1.1355969863892477,6.12,301.48,3
2023092405,1997,0,7.526200900852969,5.351380002835395,7.62,358.45,3
2023092405,2098,0,7.5048317769287785,0.4709062824553595,3.89,61.25,3
2023092405,2123,1,1.5787653403846982,-3.977860582912995,7.0,110.49,3
2023092405,2201,0,7.484470589159918,1.0769863527061418,8.35,175.84,3
2023092405,2226,1,1.4389232085139214,2.5326949978406246,8.69,68.88,3
2023092405,2250,1,1.414390328021221,-1.7506961890148465,8.21,15.6,3
2023092405,2312,0,8.520451865951712,-1.4868489059001075,7.41,161.34,3
2023092405,2337,1,2.521150531007623,1.7803390008814484,3.77,173.77,3
2023092405,2505,1,1.135341358358798,2.447915608285897,4.5,38.36,3
2023092405,2672,0,3.2289317118824283,3.268498909068585,7.19,216.26,3
2023092405,2719,1,1.5402921800749354,4.7350104364223355,8.32,251.71,3
2023092405,2742,0,6.303173803727776,-0.21735603977646886,2.55,283.28,3
2023092405,2789,1,1.060660171779821,-0.7203751657328126,6.27,228.63,3
2023092405,2844,1,1.87384631173424,2.7336273852438877,5.79,330.78,3
2023092405,2928,1,2.2228135324403615,-2.1250341317648926,6.27,45.28,3
2023092405,2953,0,4.047764815302391,3.0016977868847894,0.93,46.38,3
2023092405,3003,2,2.368142732184869,4.697305658278063,8.42,357.09,3
2023092405,3028,1,1.2041594578792312,3.7398418366055175,9.13,101.82,3
2023092405,3073,0,5.403702434442517,-2.9598577726889954,8.1,174.25,3
2023092405,3143,0,19.090565732843015,-1.683982959746994,5.66,347.3,3
2023092405,3234,0,3.3443235489408054,0.5743804165300447,4.89,5.88,3
2023092405,3259,1,0.7102112361825905,6.487577725547475,7.05,235.61,3
2023092405,3559,0,6.386250856331899,0.2456190935788447,5.68,298.75,3
2023092405,3582,1,1.095901455423794,3.017579548048329,3.96,279.74,3
2023092405,3804,0,5.74815622613026,-0.0704468989826168,5.87,212.7,3
2023092405,3916,1,2.7848518811599283,2.9549071614727667,8.05,96.28,3
2023092405,4121,0,4.429051817262924,-0.33535951160746025,5.78,311.09,3
2023092405,4180,1,1.011187420807829,6.702039055154875,8.39,286.79,3
2023092406,115,0,6.536489883721999,-0.0608985131509584,3.4,270.59,3
2023092406,295,0,5.6524154129009325,1.1327186686742585,4.02,24.52,3
2023092406,320,0,4.674237905798118,1.801582955839774,4.33,69.68,3
2023092406,361,0,8.807774974418912,-0.7069941261217334,3.42,245.54,3
2023092406,415,0,4.728477556254244,2.5850698728225243,5.14,228.62,3
2023092406,438,0,7.077697365669147,-1.3417090636657716,1.19,358.6,3
2023092406,463,1,1.2621014222319915,1.231763613929945,6.34,207.61,3
2023092406,535,1,1.0547511554864537,2.3235477768579638,7.57,335.25,3
2023092406,597,0,6.111178282459119,-1.0338236247097154,5.09,258.46,3
2023092406,620,0,6.0533131424039155,1.4013077688962787,6.78,298.77,3
2023092406,650,0,3.857525113333677,-0.6523076048313092,4.91,349.01,3
2023092406,714,0,11.16458687099527,-0.8963849822379879,6.14,27.43,3
2023092406,817,0,6.1647789903612935,-1.0152205802014556,2.35,63.75,3
2023092406,949,1,1.3595955280891459,0.6814103169060965,4.96,39.44,3
2023092406,1004,1,1.7177310616042278,-5.294682616121363,8.79,106.61,3
2023092406,1027,0,14.795110678869559,1.633828539957258,6.92,173.44,3
2023092406,1052,1,2.6580067720004044,2.247307607011797,4.69,26.24,3
2023092406,1115,0,4.305275833207442,2.1623578090381037,5.66,39.01,3
2023092406,1183,0,6.401663846219973,-1.0004005237509446,3.3,262.51,3
2023092406,1215,0,4.217309568907646,8.161826613730522,9.03,335.57,3
2023092406,1240,0,3.6508766070630236,2.5700126006154176,8.37,309.58,3
2023092406,1323,0,4.059876845422777,-1.9011642268165492,6.29,193.55,3
2023092406,1417,0,4.017822793503961,-1.5921950617585183,3.62,91.39,3
2023092406,1467,0,8.779322297307466,-0.13478274377113417,4.16,146.43,3
2023092406,1537,0,7.46243927948496,-2.673626196734494,4.1,332.69,3
2023092406,1663,0,3.0945758998609145,-5.554275549036767,7.44,235.24,3
2023092406,1693,1,0.44384682042344303,5.555127492552305,7.93,201.53,3
2023092406,1740,0,9.21295826539988,-2.8029645020419736,4.75,199.34,3
2023092406,1863,1,2.250088887133128,8.86211480193262,9.0,187.89,3
2023092406,1977,0,6.941411960113019,-2.737830689021483,5.41,131.3,3
2023092406,2019,0,4.94064773081425,2.3067811161523752,4.14,347.95,3
2023092406,2074,0,4.891022388008463,1.7668838168528018,4.89,34.75,3
2023092406,2099,1,2.8698606237934254,-3.059071586693471,8.0,74.29,3
2023092406,2162,0,4.174685616905777,2.9078414178156775,4.49,20.85,3
2023092406,2230,1,2.8400704216621144,3.701828116027703,1.02,197.23,3
2023092406,2301,0,11.716082963175015,-4.378232449141163,6.33,204.98,3
2023092406,2331,0,10.843454246687253,-0.00501111869349702,4.56,270.17,3
2023092406,2356,0,12.336259562768618,-1.8371284664011358,5.89,219.02,3
2023092406,2489,0,5.773534446073741,3.2173473477957435,7.76,19.75,3
2023092406,2512,1,1.118033988749895,5.04169849281027,7.93,111.34,3
2023092406,2607,1,1.7996944185055421,-4.444851290873858,8.76,289.24,3
2023092406,2691,0,7.49176881650789,-7.1651825572543375,2.49,229.87,3
2023092406,2741,1,2.7916482586457785,-1.5102063422226537,1.85,264.46,3
2023092406,2764,0,6.778215104288149,3.5173681893506297,0.98,204.97,3
2023092406,2830,0,4.839111488692942,2.1383380544162063,5.14,169.06,3
2023092406,2855,0,6.12829503206234,1.8989434177469398,5.46,95.49,3
2023092406,2904,0,5.922001350894814,-4.232222811778984,3.48,99.53,3
2023092406,3018,0,11.175061521083453,4.053857987462859,8.47,182.86,3
2023092406,3048,0,8.27481117609339,-0.8143205885576217,2.61,296.55,3
2023092406,3112,1,1.354843164355199,3.261671308206859,6.78,77.09,3
2023092406,3167,0,5.611996079827574,3.502725900830764,2.18,59.24,3
2023092406,3225,0,8.590768300914652,-1.8903541938337358,6.32,155.77,3
2023092406,3250,0,3.9667240892202247,-0.3155195985584278,7.0,5.46,3
2023092406,3273,1,1.3958868148958248,-0.6376608787054546,8.35,93.26,3
2023092406,3307,1,1.1772000679578687,7.705209150856185,8.3,31.99,3
2023092406,3364,1,1.617559890699566,1.778693999526846,5.92,221.48,3
2023092406,3617,0,6.903245613477764,-1.8268593152074821,3.19,272.35,3
2023092406,3642,0,4.922052417437262,0.3503451109789092,5.91,219.29,3
2023092406,3667,0,5.67212482232187,0.2539100858816461,6.19,221.32,3
2023092406,3692,0,3.714040925999603,-4.8230817885353146,5.71,293.77,3
2023092406,3757,1,2.517717220022934,-0.15051603158278862,5.45,226.86,3
2023092406,3832,1,1.2389108119634744,1.4275041210439114,4.44,148.28,3
2023092406,3873,0,10.45903437225445,3.408580975052597,5.25,28.02,3
2023092406,3898,0,4.685648300929125,3.1324861497951555,2.84,339.08,3
2023092406,4004,0,6.984618815654857,-3.269010684943388,6.54,19.11,3
2023092406,4029,1,2.7511815643464885,-3.211144552017228,7.98,74.55,3
2023092406,4134,0,4.133775513982344,2.9697054656462334,4.25,221.95,3
2023092406,4157,1,2.648641161048438,-3.3075313254857925,8.27,202.54,3
2023092406,4193,0,4.7362960211540885,-4.8156734721379015,5.94,310.88,3
2023092406,4223,0,9.29419711432892,1.0892129850606416,3.67,296.89,3
2023092406,4414,1,0.4924428900898055,0.36635453218232217,2.14,161.86,3
2023092406,4448,1,1.0508092119885526,3.0546240011791297,5.68,58.34,3
2023092406,4524,0,9.215042050907854,-0.6750835510658397,4.7,69.43,3
2023092406,4611,1,1.0656922632730312,4.353082090598875,6.24,323.93,3
2023092406,4690,1,2.474550464225774,-1.9319508415020263,5.14,293.92,3
2023092406,4724,0,6.567746950058293,-1.3915256436564851,6.2,325.44,3
2023092406,4761,0,3.8426032842332294,3.665527532001508,6.57,198.87,3
2023092406,4791,1,1.8203571078225285,-0.9738520830097119,4.17,206.59,3
2023092406,4823,1,0.5510898293381951,-1.3379890525962075,1.19,290.6,3
2023092407,191,1,1.4413882197381793,1.5602220230548247,6.98,221.65,3
2023092407,243,1,2.7731570456791648,4.405785172950295,4.84,214.38,3
2023092407,268,0,4.160432669807312,4.493611420546989,8.03,282.68,3
2023092407,356,0,7.591765275612781,-4.218286676581476,6.74,37.25,3
2023092407,391,1,2.741167634421506,-1.3338905176503082,6.21,38.76,3
2023092407,573,0,3.6216294675187295,0.4303520367249487,0.79,299.56,3
2023092407,620,0,4.821161685735091,-4.358790351147658,6.84,342.25,3
2023092407,742,0,10.68056646437819,-0.11720463659433389,4.56,45.55,3
2023092407,849,0,6.587541271217964,-1.1332825868116005,5.81,308.13,3
2023092407,872,1,2.1220744567521637,0.32425592292023103,4.31,215.06,3
2023092407,1190,0,4.6027817675836005,3.2673602111766593,6.81,131.97,3
2023092407,1215,0,3.1297284227229687,-1.1018766108946174,6.7,109.6,3
2023092407,1308,0,4.81274350033325,2.15399043785454,4.8,198.52,3
2023092407,1405,1,1.8952572384771411,2.724333200735322,5.3,174.21,3
2023092407,1430,0,3.630385654444993,4.135072141678254,2.06,140.14,3
2023092407,1500,1,0.6888396039717813,3.971995512858203,7.69,90.81,3
2023092407,1732,1,1.9080094339389395,4.0545559263754765,5.82,338.07,3
2023092407,1836,1,1.0335376142163406,3.323385991444177,2.98,150.78,3
2023092407,1881,0,4.784485343273614,-5.131502299385005,7.28,155.66,3
2023092407,1933,1,1.2491997438360252,2.010795175570379,8.91,60.56,3
2023092407,2129,0,5.179285665031426,-0.8966445483701009,3.47,328.03,3
2023092407,2220,0,7.407840441046233,0.06906531083529166,6.31,339.93,3
2023092407,2250,1,1.5373353570382762,5.538350028081445,7.36,252.72,3
2023092407,2345,0,4.196629600048114,6.883458292501676,7.23,10.9,3
2023092407,2527,0,7.11966291336886,1.3571550578596163,7.02,329.69,3
2023092407,2687,1,0.5186520991956,-0.4530804739835739,3.43,99.96,3
2023092407,2710,0,10.860248615938778,0.7705301744087083,4.68,155.86,3
2023092407,2811,1,0.7823042886243227,2.987588529265575,4.63,324.06,3
2023092407,2834,1,2.0444314613114334,-4.819037595401937,6.8,234.21,3
2023092407,2972,0,8.676802406416781,-0.9590486747052342,6.37,7.35,3
2023092407,3022,0,4.144007722000518,1.1619690111172316,1.62,283.16,3
2023092407,3257,0,10.259244611568636,-2.0010196635218374,2.78,347.47,3
2023092407,3289,1,1.6507574019219244,-3.717120497239062,5.32,236.0,3
2023092407,3312,1,2.6583641586509508,4.188223425581763,5.75,202.43,3
2023092407,3337,0,11.718024577547197,-1.7240443787839383,4.3,283.34,3
2023092407,3446,0,3.54611054537221,3.7004539298654215,8.09,291.7,3
2023092407,3471,0,3.519204455555261,0.35845854676303834,5.93,275.54,3
2023092407,3496,0,5.448302487931447,2.4539224324363893,5.52,190.2,3
2023092407,3568,1,1.5554099138169326,0.6976347404305486,6.6,325.75,3
2023092407,3712,1,1.2628935030318267,-2.3670918230648716,2.47,123.41,3
2023092407,3766,0,4.963637778887585,-1.6326220653337233,6.89,176.76,3
2023092407,3791,1,1.133181362359978,0.997885186186982,8.36,65.59,3
2023092407,3857,0,10.816810990305793,-1.8759125501982452,5.8,338.12,3
2023092407,4027,1,1.1414026458704265,-0.45308072765091456,7.24,155.64,3
2023092407,4111,1,0.7787810988975007,1.6796100545489774,6.05,227.76,3
2023092407,4134,0,6.852882605152378,2.168215777685055,7.82,171.75,3
2023092407,4157,0,6.347385288447516,4.992064573232132,4.71,339.23,3
2023092407,4288,0,4.440833255144805,0.740857685833924,7.82,305.16,3
2023092408,146,0,3.155265440497833,0.5088719929726474,0.58,241.9,3
2023092408,171,2,1.4741099009232692,5.27146689700197,6.35,292.31,3
2023092408,196,0,3.8544000830219987,-0.31250582790366155,6.73,355.56,3
2023092408,232,1,1.0068763578513502,3.747397728457326,7.04,247.69,3
2023092408,372,0,3.7340594531956794,2.4153685853816333,3.33,152.16,3
2023092408,419,1,0.8275868534480232,0.36884200655508925,6.06,134.1,3
2023092408,449,0,4.268254912724876,3.7670013732011425,6.99,124.25,3
2023092408,514,0,3.7879413934220225,-5.1950162095910795,4.6,43.85,3
2023092408,546,1,0.9377632963600123,0.6681710664814424,4.45,243.45,3
2023092408,598,0,4.216776019662416,3.2236589627456924,5.26,355.54,3
2023092408,668,0,5.1722045589864285,0.4838434287140554,5.78,320.46,3
2023092408,759,0,3.5456452163181797,-3.198016281096531,5.38,92.7,3
2023092408,840,1,2.9929416967258122,-1.4953461692141767,8.89,251.0,3
2023092408,911,1,1.8552897347853798,2.95090526667031,7.82,69.86,3
2023092408,990,0,4.627882885294316,4.064849231735008,4.13,310.68,3
2023092408,1042,1,0.7300684899377561,5.277883589291224,6.6,215.22,3
2023092408,1065,1,1.9201041638411174,2.7171824905072306,0.85,261.11,3
2023092408,1121,1,2.087223035518723,-2.4423452479415118,6.1,1.23,3
2023092408,1197,1,2.694011878221772,2.525681122148099,5.94,167.81,3
2023092408,1338,1,2.9051161766786535,-3.9602743967053042,1.98,117.15,3
2023092408,1368,0,3.670095366608339,-7.205175550740205,4.94,125.35,3
2023092408,1442,1,2.3477648945326703,0.7926536045383832,4.31,148.79,3
2023092408,1525,1,1.4301048912579726,-0.9205966375616894,4.63,143.91,3
2023092408,1574,1,1.8902909828912577,1.0390719282394336,5.67,41.76,3
2023092408,1674,0,4.477700302610715,1.3400154054014723,1.17,322.78,3
2023092408,1699,0,5.889550067704661,0.2453798714140104,2.8,245.0,3
2023092408,1724,0,3.506907469552055,2.669860068723711,6.24,198.64,3
2023092408,1803,1,1.091650127101177,0.13782228965991838,4.02,354.8,3
2023092408,1826,1,0.7922752047110896,3.7509807738588488,6.27,42.0,3
2023092408,1849,0,6.548014966384845,-1.2216659011692508,6.08,136.61,3
2023092408,2043,0,3.709123885771411,2.295251272386687,6.17,40.89,3
2023092408,2100,0,5.956676925937813,0.7539925765914426,7.53,353.37,3
2023092408,2147,0,9.34783932253866,0.7465779592933841,6.83,163.1,3
2023092408,2177,1,2.965569085352759,2.38358543222301,2.12,162.38,3
2023092408,2268,1,2.4665765749313384,-4.355158098113639,7.2,99.27,3
2023092408,2295,1,2.6303041649208496,4.523096965774632,6.27,279.55,3
2023092408,2376,1,1.0456098698845568,-2.5151161242956808,3.88,268.38,3
2023092408,2449,0,4.357212411622826,4.892421864422663,1.75,154.08,3
2023092408,2629,0,11.229425630903833,-1.8187798736992358,6.37,21.04,3
2023092408,2709,0,8.132312094355454,0.8331517328679265,4.47,275.48,3
2023092408,2893,0,8.999805553455039,-2.3992674880200435,3.51,132.63,3
2023092408,2918,1,1.7593180496999374,5.777320178973591,6.2,352.23,3
2023092408,2965,0,4.237570058417918,0.3968195226295018,5.5,159.74,3
2023092408,3073,1,2.4499999999999944,-2.1453028254202238,2.98,233.99,3
2023092408,3187,1,2.9432295187429682,4.365520412565279,4.71,331.09,3
2023092408,3518,1,2.179931191574639,-1.6687758956534646,3.58,217.45,3
2023092408,3543,0,8.244276802728065,-2.492768607856777,2.04,274.89,3
2023092408,3575,1,0.7782030583337497,4.7837618614404365,6.41,204.81,3
2023092408,3600,1,0.848999411071648,1.4872485484903926,7.46,220.63,3
2023092408,3762,0,17.337442141215643,-6.524787127743147,6.43,347.8,3
2023092409,100,0,3.574758733117522,0.9202099312055251,4.1,180.63,3
2023092409,173,1,2.59416653281936,-2.88986440697806,4.9,64.31,3
2023092409,196,0,6.701708737329603,-0.39900701360863566,8.22,22.27,3
2023092409,259,0,3.2423448305200346,-2.6292691277592883,6.59,158.48,3
2023092409,289,0,3.0958843647655865,1.1624236864212334,4.23,129.84,3
2023092409,570,0,9.543086502804007,2.926740198771938,4.9,278.17,3
2023092409,595,2,2.4043502240730197,4.819991546601051,7.93,353.47,3
2023092409,697,1,1.7366634676873913,-2.4994643373868226,8.55,255.17,3
2023092409,752,1,1.0312128781197423,4.863225679714974,5.18,359.61,3
2023092409,818,0,3.6807743750466395,-4.401245264323815,5.37,120.98,3
2023092409,865,0,3.5202982828163822,-1.8037944402475283,4.22,77.91,3
2023092409,930,0,15.756630350427079,-4.365708290611949,6.02,337.5,3
2023092409,967,0,4.610390438997547,0.10153728775471967,0.97,262.57,3
2023092409,1100,0,4.57403541744049,0.4240733496214315,7.11,172.83,3
2023092409,1390,1,1.05683489722851,0.3355183353241594,5.36,68.17,3
2023092409,1413,0,5.3029237218726895,0.7964993770912885,6.38,32.56,3
2023092409,1479,1,0.948472456110349,5.813949270137201,7.5,285.97,3
2023092409,1502,0,4.050580205353314,-1.8811580607192568,3.86,300.49,3
2023092409,1530,1,1.8110770276274855,-3.0868907603864533,1.99,229.14,3
2023092409,1555,1,0.6352952069707427,1.8258516767986692,5.03,316.37,3
2023092409,1659,0,3.575765652276442,5.1570106561692155,6.65,354.34,3
2023092409,1713,0,3.264735823922054,2.355617213419594,8.78,237.98,3
2023092409,1770,0,4.919064951797241,-6.413100691922961,8.37,66.04,3
2023092409,1824,0,5.864000341064111,-1.2521761460104532,6.67,120.41,3
2023092409,1875,0,5.224566967701729,4.175231295276686,2.74,330.64,3
2023092409,1922,2,0.9415412895885134,1.7708512998193173,6.42,318.32,3
2023092409,2015,0,5.4536684901082895,-1.3505874137536957,6.11,101.99,3
2023092409,2040,0,6.6331968160156345,2.937052969954796,5.44,140.48,3
2023092409,2070,0,3.5003571246374263,-1.4601325722835792,5.29,135.98,3
2023092409,2117,0,5.530144663568939,-0.26057011617867104,6.19,140.61,3
2023092409,2270,0,3.8140005243838084,-0.5046746320084781,1.06,292.52,3
2023092409,2302,1,2.0930838492521104,1.9802139528459848,4.93,346.48,3
2023092409,2361,1,2.2621449997734446,-2.4714206593070585,5.51,306.65,3
2023092409,2384,1,1.3870832707519716,-1.515554523855835,6.66,211.44,3
2023092409,2519,1,1.2101652779682628,3.889127946488556,6.91,139.45,3
2023092409,2659,0,4.060209354208227,3.639222423490957,2.82,328.6,3
2023092409,2684,0,4.849412335530978,2.336730083583337,6.61,198.08,3
2023092409,2714,0,8.103585626128716,-2.9880441729970806,4.6,359.6,3
2023092409,2739,0,8.55247917273114,-0.9016047298845443,5.66,194.41,3
2023092409,3023,0,4.006045431594605,-1.2872548851783665,4.44,52.15,3
2023092409,3046,0,3.849844152689813,4.196201007702023,7.81,166.45,3
2023092409,3090,0,6.111317370256593,-7.51578146415817,6.33,304.61,3
2023092409,3241,0,7.871016452784226,-1.613702410911749,5.38,202.08,3
2023092409,3478,0,4.120291251841307,-0.6823327547759916,7.48,6.35,3
2023092409,3503,0,3.984532594922519,6.806872959128189,8.69,25.62,3
2023092409,3576,0,15.530003219574676,0.19766842900720477,5.98,175.02,3
2023092409,3611,0,4.758655272238158,1.2938903567175863,5.82,129.32,3
2023092409,3639,1,0.8681589716175313,3.0378167180909434,7.6,176.65,3
2023092409,3745,0,10.696041323779562,-3.6304956423653545,5.57,147.26,3
2023092409,3770,0,6.739925815615484,1.332423005296664,4.82,63.91,3
2023092409,3984,0,4.052505397898924,-1.0821787611746183,5.91,275.83,3
2023092409,4009,0,3.7680764323458185,-2.3349854928112466,4.02,285.79,3
2023092409,4034,0,14.781664317660585,-0.5723631225435538,4.98,5.76,3
2023092409,4081,1,1.1200446419674557,-0.7996150778255116,7.75,292.82,3
2023092409,4104,0,5.419344978869677,-3.6751883578705042,7.3,321.83,3
2023092409,4182,0,4.9623583103198,-0.03417497203720976,4.8,270.04,3
2023092409,4309,0,11.170138763685973,2.615677811318754,6.73,358.73,3
2023092409,4360,1,2.477458375028739,-3.799881686974008,3.82,324.65,3
2023092409,4383,1,0.7917701686726927,-0.4386618427876523,3.31,334.62,3
2023092409,4406,0,11.08058662706989,-1.2914972049932627,3.82,338.74,3
2023092409,4611,1,1.2539936203984505,1.3366361847592607,5.15,126.24,3
2023092409,4673,0,3.552492083031295,2.6256065223355,6.51,322.02,3
2023092409,4703,0,3.567211796347398,-3.6597005275746732,7.19,297.28,3
2023092409,4726,0,5.871669268615186,-1.3871066085415533,5.44,309.78,3
2023092409,4751,0,5.862465351709975,1.3486361284065247,4.36,201.94,3
2023092409,4776,1,2.3856236081997517,-1.9238816210301843,4.36,283.25,3
2023092409,4801,0,3.2379777639755343,1.0310614763981052,4.77,319.04,3
2023092409,4826,0,4.569660818922995,1.917034257579369,4.59,307.15,3
2023092409,4938,1,2.5234302050978146,2.0984517959327866,6.54,224.63,3
2023092409,4968,1,1.3305637902783884,2.435149277933978,6.78,266.88,3
2023092410,55,1,2.304647478466072,2.6086673236298363,6.94,195.55,3
2023092410,152,0,3.582764295903373,-0.8956595328000062,4.65,211.14,3
2023092410,374,0,5.3894712171047,-5.669992687469054,8.17,202.2,3
2023092410,533,0,6.80800998824179,1.681181607436314,6.13,340.34,3
2023092410,661,0,4.825442984846054,1.6197807828160946,6.24,167.87,3
2023092410,686,0,6.076619125796844,-0.45164426713842465,3.61,138.15,3
2023092410,765,0,8.259213037572042,-3.3788696013331276,6.68,21.53,3
2023092410,810,0,6.495429162110849,-2.2015956898027427,4.37,90.26,3
2023092410,840,1,2.947626163542448,2.626094049125504,1.19,90.52,3
2023092410,995,1,2.5157503850740093,-4.400469969522373,6.7,243.6,3
2023092410,1178,0,14.233397345679627,-1.6334175665909867,6.85,6.23,3
2023092410,1352,0,9.561072115615485,-0.1055529654415078,0.39,170.06,3
2023092410,1382,0,7.38457852554904,2.1747675603101917,3.73,318.24,3
2023092410,1405,0,5.771455622284556,-2.5109905675075295,6.42,321.7,3
2023092410,1488,1,2.042669821581548,0.8598614455215858,4.06,206.47,3
2023092410,1603,1,1.5388307249337065,-3.8351782393404528,7.17,291.32,3
2023092410,1736,0,5.919814186273079,-2.5688572113442,5.28,106.43,3
2023092410,1912,1,2.5071098898931434,6.414300341316643,9.1,158.93,3
2023092410,1969,0,10.30553734649485,3.2829824851886595,5.98,18.65,3
2023092410,1999,0,7.571908610119373,1.3932763183371206,6.79,171.76,3
2023092410,2079,0,6.057433449902686,-0.04577780518497635,5.5,239.47,3
2023092410,2104,0,14.040512811147611,0.46445784661566875,6.35,195.46,3
2023092410,2257,0,8.7108438167608,-1.19910613034443,3.58,299.47,3
2023092410,2320,0,3.9024223246593897,-5.342978781790498,6.11,92.15,3
2023092410,2402,2,0.6888396039717801,2.981972223735332,8.16,127.52,3
2023092410,2550,0,8.83883476483184,-1.1064369081200462,4.9,3.01,3
2023092410,2619,0,10.044366580327509,1.0143068232468335,0.91,131.82,3
2023092410,2644,0,14.056759939616237,2.0335240726800574,6.21,347.5,3
2023092410,2672,1,0.9608329719571462,0.8729853543600395,7.6,277.95,3
2023092410,2727,1,2.0355343278854336,-0.4718993703365521,4.0,202.85,3
2023092410,3039,1,1.7029973576021749,1.0984344312650338,7.79,286.31,3
2023092410,3098,0,5.98642631291825,-2.601833627003476,4.74,275.15,3
2023092410,3247,1,2.24955551165114,-5.973869861656566,2.86,277.03,3
2023092410,3367,1,1.0153324578678666,-2.5948313584377427,7.88,105.63,3
2023092410,3526,0,3.129680494874834,3.32935286324075,3.14,100.45,3
2023092410,3671,1,0.9213576938409985,-0.45429063178017814,5.59,90.8,3
2023092410,3696,1,1.3601470508735518,-2.0403878611555313,5.0,52.72,3
2023092410,3775,1,2.0778113485107386,-3.1126138113316077,4.31,113.76,3
2023092410,3860,0,7.462392377783412,-4.947975793192491,8.21,304.77,3
2023092410,3937,1,2.2605530296810112,5.674005297126944,8.1,353.01,3
2023092410,4023,1,1.1261438629233824,-0.5235554209296234,5.47,69.03,3
2023092410,4048,0,3.0402138082707237,-0.9250326566225481,6.32,135.06,3
2023092410,4071,0,5.544438655084927,-0.9544226252994803,5.26,63.88,3
2023092410,4187,1,1.4365583872575443,0.8673712938364933,5.74,110.83,3
2023092410,4358,1,2.9300170647967176,-0.9161501650696802,7.39,120.71,3
2023092411,77,0,7.550662222613322,-0.8859056941033445,4.16,103.86,3
2023092411,195,1,1.5211837495845129,0.0809601349108684,5.98,47.33,3
2023092411,369,0,6.415052610852071,2.576259238807509,6.45,126.35,3
2023092411,401,0,5.606424885789526,4.187233997276225,7.58,136.13,3
2023092411,522,1,2.683654225119175,6.905489919330178,5.95,27.65,3
2023092411,631,1,1.148564321228899,-1.9904530728711003,8.07,236.95,3
2023092411,780,0,7.68110018161461,-2.656808429479197,5.46,5.97,3
2023092411,856,0,3.312717917360306,-3.8434556202594616,2.13,122.16,3
2023092411,901,1,2.9060110116790696,-3.5963073481076226,6.27,259.75,3
2023092411,1002,0,15.846823025452133,1.182916857255843,4.89,341.97,3
2023092411,1030,0,3.7623529871610937,-0.6288384955765796,5.75,315.08,3
2023092411,1319,1,2.5328442510347937,-0.8535326533540317,7.33,167.03,3
2023092411,1351,1,2.2405802819805336,8.904730591392173,8.99,306.82,3
2023092411,1376,0,4.137934267240118,-2.3829798266682496,2.23,219.71,3
2023092411,1474,0,5.63169601452351,4.019025694558257,7.99,229.29,3
2023092411,1554,1,2.690167281044061,1.5399001713976936,7.61,345.75,3
2023092411,1577,0,5.408326913195984,1.1096996254979086,6.15,198.08,3
2023092411,1730,0,17.017088470123202,0.5581722757606402,1.47,354.17,3
2023092411,1760,1,1.0198039027185568,2.1277057138765176,5.56,233.15,3
2023092411,1837,1,1.3633048081775396,1.4057173835482688,8.72,104.43,3
2023092411,1860,0,3.157784033147297,2.290771650791,6.29,130.77,3
2023092411,1897,0,3.841926600027645,-3.6336290600450125,3.28,310.16,3
2023092411,1922,0,4.239080088887212,-0.6718419747955705,5.71,220.97,3
2023092411,2013,0,5.962700730373779,-2.7850520645348666,6.74,27.38,3
2023092411,2043,1,1.9053870997778901,8.02157615657471,8.9,96.28,3
2023092411,2208,0,5.4522105608642795,-1.9903269020178085,6.75,216.62,3
2023092411,2244,0,5.240343500191565,0.9195509400628096,4.82,240.51,3
2023092411,2267,0,8.895757415757249,0.16245753076656583,4.62,218.64,3
2023092411,2395,0,9.497394379512732,1.108545986416121,5.0,343.24,3
2023092411,2469,0,3.128322234041759,0.28476452968561916,4.49,48.39,3
2023092411,2494,1,2.1300234740490542,6.238809013867958,7.82,116.41,3
2023092411,2563,0,4.658336612998248,5.279432642462839,7.23,4.11,3
2023092411,2666,1,1.2007497657713724,1.156504737049529,9.16,13.42,3
2023092411,2689,1,2.3765521244020698,-1.9947948637278603,4.59,59.12,3
2023092411,2863,1,1.8024705268048058,5.809355327732705,8.28,282.03,3
2023092411,2886,1,1.064377752492035,6.262915796501273,7.49,238.67,3
2023092411,2966,1,1.50880747612146,2.8149619714047094,6.55,156.48,3
2023092411,3350,0,3.3702373803635894,-0.2711874111565955,5.66,204.83,3
2023092411,3515,1,2.127087210247857,4.732787229447141,5.63,249.49,3
2023092411,3587,1,1.4065560778013764,6.84754160532324,7.31,182.9,3
2023092411,3643,1,1.5791770008456936,4.056029012105708,5.14,174.51,3
2023092411,3717,0,5.069487153549163,0.9215851724639468,5.06,139.66,3
2023092411,3742,1,1.2844454056128645,0.17856866529937676,7.26,68.24,3
2023092411,3797,2,0.8676981041814079,2.0023657715199716,6.45,43.69,3
2023092411,3820,1,2.7644167558456103,0.7364174093495488,5.99,140.43,3
2023092412,148,0,4.30029068784891,-1.5352451244895178,4.13,279.29,3
2023092412,195,1,1.951435369157795,3.9857891467191084,7.71,282.38,3
2023092412,307,1,2.1062288574606503,-0.35350371887986975,5.41,14.51,3
2023092412,356,0,4.31903924501734,-2.259100813502173,4.53,261.11,3
2023092412,410,0,4.483770734549211,-3.9608167472808398,5.89,232.33,3
2023092412,545,0,4.20743389728228,2.379707775131529,5.23,318.74,3
2023092412,592,0,3.2005780727862247,0.1942645216002029,8.39,288.25,3
2023092412,658,1,0.9487360012142511,-0.21201306552250676,2.15,149.82,3
2023092412,703,1,2.248999777678955,3.7536456009538988,8.9,94.06,3
2023092412,792,1,2.6865033035527857,4.30029629648883,6.7,197.23,3
2023092412,817,1,1.4851935900750444,0.6749688532829632,6.73,242.5,3
2023092412,866,0,6.8308857405171155,2.9489146799826127,6.3,127.17,3
2023092412,918,1,0.9757561170702441,1.461899781646665,4.97,150.81,3
2023092412,965,0,9.754409259406746,-0.10025981641999157,4.6,170.85,3
2023092412,1052,0,3.4932220084042838,-1.9103879880607677,5.98,232.72,3
2023092412,1097,1,1.7734147850968243,0.7479861345443941,4.57,159.57,3
2023092412,1175,0,6.4338635360100715,0.3391691280299777,5.88,140.44,3
2023092412,1200,1,2.8217724926010628,-4.927573752067415,7.81,93.19,3
2023092412,1234,1,1.194026800369245,5.739993532218314,6.02,125.73,3
2023092412,1261,1,2.6856098003991598,4.316106728502071,6.45,203.28,3
2023092412,1424,1,0.9426027795418386,0.8176090611039939,8.78,228.43,3
2023092412,1512,1,2.0436242316042352,3.252865036374038,7.02,68.46,3
2023092412,1559,0,10.630268105744086,-4.02169541788827,5.39,79.21,3
2023092412,1604,0,6.36605058101175,3.8202113195587843,4.92,158.62,3
2023092412,1658,1,1.1670903992407782,1.1782091049537395,6.88,252.86,3
2023092412,1737,0,4.293774563248517,0.10303307247686187,3.83,270.76,3
2023092412,1979,1,2.681510768205117,-2.4270691309404677,5.09,85.2,3
2023092412,2008,1,0.9706183596038122,0.7291991920569444,1.82,161.23,3
2023092412,2164,1,1.876086351957182,0.257528712323672,5.81,316.21,3
2023092412,2187,0,3.143024021543576,-3.5602126632326963,6.48,311.21,3
2023092412,2210,0,6.17417200926569,-0.10499408499603513,3.24,299.91,3
2023092412,2254,0,3.247183394882399,3.9054334377832576,2.27,196.6,3
2023092412,2301,1,1.6011246047700332,7.937402834882916,8.88,141.0,3
2023092412,2346,2,1.8070971196922396,7.744845126768996,8.19,176.9,3
2023092412,2371,0,8.445259025038833,-4.453822762313022,5.74,19.07,3
2023092412,2528,1,2.3688815926508413,-2.5468901435701876,3.78,289.19,3
2023092412,2553,1,1.6347782724271762,1.7643868702302188,6.96,201.98,3
2023092412,2576,1,1.498065419132289,0.7849879811310114,4.07,326.08,3
2023092412,2603,0,4.2182579342662265,-0.6078655383385043,6.57,136.32,3
2023092412,2682,0,4.683641745479685,0.9480402002204127,3.06,75.63,3
2023092412,2737,0,3.3969692374232654,7.215112138852337,7.3,52.44,3
2023092412,2818,0,3.3294594155808497,3.0626915011776052,7.71,211.79,3
2023092412,2866,1,1.7762882648939595,3.5631777195983694,6.52,309.83,3
2023092412,2901,0,8.416204607778964,-2.343925773434905,6.93,333.88,3
2023092412,3099,0,5.89868629442183,5.663923572407979,6.58,127.3,3
2023092412,3129,1,1.2366486970841755,3.177352974476736,4.23,157.52,3
2023092412,3255,0,4.95996975797232,3.0144484035378536,7.07,113.6,3
2023092412,3292,0,16.28835473582277,-1.6263246095284631,6.14,27.24,3
2023092412,3317,0,7.312195292796822,-0.8169947883373346,2.29,57.34,3
2023092412,3464,1,1.010791768862419,-4.495367126294326,5.63,152.09,3
2023092412,3572,1,0.8947066558375335,-0.2439534327683887,1.32,135.4,3
2023092412,3653,1,1.5277761616153083,6.581010050390717,6.44,191.46,3
2023092412,3698,1,0.9035485598461228,2.495030245324747,7.25,280.15,3
2023092412,3765,0,3.0064098190366524,1.320103779380804,4.91,159.33,3
2023092412,3790,0,5.134403568088508,-3.564906424524392,6.32,58.57,3
2023092412,3815,0,4.095424275945051,1.3133670527288037,5.48,147.99,3
2023092412,3940,1,2.697035409482038,0.3589802873234076,4.14,38.24,3
2023092412,3965,0,3.828837943815324,1.4405753212333794,3.87,358.22,3
2023092412,4098,0,5.040099205372838,-0.9481573569333681,6.43,195.15,3
2023092500,100,0,6.0440135671588315,-4.182709008570212,6.58,38.42,3
2023092500,135,1,2.202294258267957,4.836163478108013,8.73,154.0,3
2023092500,180,1,1.3406341782902562,-2.1271581065489316,6.76,105.53,3
2023092500,258,1,2.280350850198271,6.110982690349442,8.21,350.27,3
2023092500,288,0,3.9872923143406505,-3.3162809562878897,4.86,314.06,3
2023092500,373,0,3.1346610662079577,4.137152262607549,8.96,329.03,3
2023092500,418,0,5.572880763124219,1.5897640245145455,6.42,124.36,3
2023092500,450,0,5.114498997946918,0.239946899573875,2.89,90.75,3
2023092500,651,0,4.23760545591493,-1.4596695778959152,2.26,245.8,3
2023092500,730,0,5.472147658826464,2.5518680852366473,3.29,198.58,3
2023092500,861,1,2.6100766272276377,-3.0078648160684174,7.12,76.59,3
2023092500,943,1,1.7523127574722497,-4.05630691955139,4.53,328.36,3
2023092500,1081,0,9.412247340566434,1.6082563972643744,6.09,200.65,3
2023092500,1155,0,5.525233026760046,-0.8818951422847319,6.0,306.37,3
2023092500,1180,0,13.083439914640186,-0.4637343062216569,5.58,345.07,3
2023092500,1235,1,1.2709838708654024,-2.515358808908078,5.11,267.68,3
2023092500,1384,2,0.8953770155638384,0.9594022411143937,6.97,315.4,3
2023092500,1463,0,8.236437336615873,0.4650933594277438,1.85,79.71,3
2023092500,1488,1,1.7492855684535893,-2.940611126919834,1.15,164.42,3
2023092500,1511,0,3.75768545783172,-1.2243098794547962,4.95,115.59,3
2023092500,1558,0,9.2872385562125,5.612141794168341,3.86,76.73,3
2023092500,1605,1,2.53160028440511,0.008938728775525151,7.53,171.06,3
2023092500,1654,1,1.227721466783076,7.237434915434123,7.07,172.68,3
2023092500,1943,1,2.4707286374670923,-1.4708966739619003,4.79,99.61,3
2023092500,2007,0,5.086472254913021,4.6721254447894545,4.59,181.41,3
2023092500,2077,0,12.258813156256199,0.7300718084983014,1.87,186.65,3
2023092500,2285,0,5.752373423205416,2.8954469788805692,6.44,215.49,3
2023092500,2381,0,5.681769090697018,-2.94472900796191,4.86,267.94,3
2023092500,2407,0,7.1825970233614,-3.1838723087973175,4.08,207.61,3
2023092500,2530,1,0.9976472322419371,1.908830867360027,5.01,336.17,3
2023092500,2658,0,4.65800386431785,5.675196549656457,2.62,355.34,3
2023092500,2705,1,2.364254639415985,6.218465413393701,7.06,179.57,3
2023092500,2728,1,2.9129023327258996,3.4143054498688885,8.5,72.56,3
2023092500,2844,0,3.640329655402104,7.208072671354529,8.05,350.7,3
2023092500,2896,2,2.2968238939892625,3.9580339430353426,9.49,305.55,3
2023092500,3064,0,6.603673220261586,-3.3623856169712516,5.56,265.65,3
2023092500,3094,1,1.4800000000000006,3.973620176910587,5.58,185.65,3
2023092500,3119,0,4.515584126112588,0.10998515536759286,3.65,325.65,3
2023092500,3164,1,1.046518036156095,6.809552216923835,6.33,152.95,3
2023092500,3272,1,1.834121042897659,4.916559665624993,7.41,233.61,3
2023092500,3307,1,1.579525245129055,-2.1385560042316687,7.34,271.01,3
2023092500,3359,0,4.8794466899434425,-0.04265099344996237,4.6,279.18,3
2023092500,3406,0,4.802343178074637,-0.8368958956118633,5.38,300.95,3
2023092500,3436,2,0.9193475947648956,0.923961957405818,5.23,211.94,3
2023092500,3481,1,0.7602631123499289,-1.7003020185818523,3.86,271.7,3
2023092500,3576,1,1.608228839437975,-1.6539184691626185,4.61,136.69,3
2023092500,3696,1,2.2434125790857076,-1.8201261744732051,8.13,110.63,3
2023092500,3719,0,6.110400968839933,-3.8541442449274212,6.05,91.11,3
2023092500,3793,0,3.156358661495871,0.8498492940383655,3.72,198.83,3
2023092500,3891,0,4.3013137527969185,0.7964477246217943,5.7,35.8,3
2023092501,79,0,4.203867267171981,1.0243849489100936,6.59,13.33,3
2023092501,109,1,2.104661492972209,-0.454209252641486,4.7,41.3,3
2023092501,156,0,7.570997292299086,-1.2127625734958944,7.63,9.85,3
2023092501,181,0,4.192684104484858,-1.4395473922200719,2.07,107.07,3
2023092501,238,1,0.974063652950873,2.6394608937651816,5.06,135.54,3
2023092501,282,2,0.6806614430096667,3.67540263502559,6.04,233.13,3
2023092501,336,1,2.4894376875109723,0.9130275391802423,5.51,314.01,3
2023092501,459,0,3.405950674921762,2.95570841729137,5.35,192.04,3
2023092501,547,0,4.272996606598234,1.1903864776965811,6.01,34.03,3
2023092501,625,0,5.83211796862855,1.0847333914065618,0.71,154.58,3
2023092501,699,0,6.559977134106493,-1.6274865820209414,5.34,180.38,3
2023092501,724,0,4.174937125275053,4.269390684153316,4.08,214.66,3
2023092501,773,1,2.491947029934624,2.6438368291643393,2.88,359.39,3
2023092501,845,0,15.624218380450264,-2.262392590364684,4.95,212.77,3
2023092501,870,0,6.296824596572469,-1.8151934048560567,4.51,85.05,3
2023092501,895,0,4.378310176312318,-4.2967947774318045,4.41,140.34,3
2023092501,967,0,9.172567797514503,0.0372798208695454,4.98,196.14,3
2023092501,1056,1,1.6858528998699729,7.137387184892033,8.49,181.42,3
2023092501,1110,0,4.330288673980062,1.7966885815682416,4.89,189.75,3
2023092501,1176,1,1.723513852569803,7.973619878865021,9.27,167.03,3
2023092501,1210,1,1.9416487838947614,-0.6912800576283185,5.59,69.22,3
2023092501,1235,0,3.749093223700899,4.650287530820749,8.97,35.86,3
2023092501,1265,0,9.205270229602172,-1.0309556121680914,6.51,163.61,3
2023092501,1310,1,1.1734564329364776,1.9666765798175263,6.03,110.18,3
2023092501,1398,2,0.937443331620638,4.12859135658875,5.49,353.11,3
2023092501,1421,1,2.7647965567108153,5.181589419026695,6.21,241.85,3
2023092501,1451,1,0.9143850392476889,-1.7229802534038239,5.37,240.33,3
2023092501,1494,0,6.14239367022336,-2.279296388737907,4.42,303.98,3
2023092501,1601,1,1.2845621822239646,6.3292411845068735,7.65,173.43,3
2023092501,1659,0,3.3407933189588364,-5.2665636387690995,2.08,286.44,3
2023092501,1684,0,3.7407619544686277,-2.721802322170023,6.27,209.29,3
2023092501,1707,1,2.547861848688025,0.5678791495258523,3.89,200.36,3
2023092501,1730,1,2.650924367084061,-4.758903614545422,7.11,237.58,3
2023092501,1773,0,5.034361925805497,0.8860135951221046,5.6,136.79,3
2023092501,1916,1,1.018331969448077,1.1764119402383515,6.06,299.78,3
2023092501,1939,1,2.5150944316267707,-6.288642152077775,6.25,282.35,3
2023092501,2042,0,4.1703357179008975,2.762106742626847,5.44,37.69,3
2023092501,2147,0,3.8813528569301696,-3.433707811210634,6.17,298.58,3
2023092501,2177,1,2.9920227271864115,2.047764707564293,5.52,264.94,3
2023092501,2202,1,1.2457929201917952,4.011869289836463,6.42,218.58,3
2023092501,2335,1,2.7902867236182023,2.7710729095349294,7.28,267.81,3
2023092501,2529,0,9.358472097516772,2.3293500312497035,1.18,264.58,3
2023092501,2669,0,3.648698398059234,2.8604162534924287,5.79,132.55,3
2023092501,2745,0,5.264389803196557,-2.3325666789757062,6.28,110.54,3
2023092501,2792,0,4.3638171364070635,-2.0611287699402845,5.15,19.84,3
2023092501,2817,0,10.399312477274641,-0.03796410381998666,2.34,15.78,3
2023092501,2910,0,4.289673647260359,2.2891041503085128,9.26,298.91,3
2023092501,2962,1,2.124617612654099,-1.735007338571475,6.97,60.18,3
2023092501,3026,0,6.833103248158921,0.07570479288498122,8.26,120.33,3
2023092501,3086,0,3.810642990362645,-2.7009803552778053,4.29,72.13,3
2023092501,3109,0,5.632983223834415,0.056485530760922886,5.97,10.81,3
2023092501,3175,0,8.393169842199073,1.688653618457171,5.87,223.34,3
2023092501,3417,0,6.082976245227327,3.7128016076215706,4.97,344.88,3
2023092501,3440,1,2.4987396823198793,-1.8814713503160272,5.49,339.1,3
2023092501,3522,0,10.188660363364754,-0.1894017278187054,4.97,184.53,3
2023092501,3569,1,1.1244554237496454,4.523153346659899,7.04,226.15,3
2023092501,3596,1,1.0186756107809742,1.342123533788152,8.46,64.96,3
2023092501,3759,0,6.224146527838174,-0.31773511616473415,6.25,197.35,3
2023092501,3848,1,1.2384264209067943,5.230676698778433,8.4,84.29,3
2023092501,3871,1,0.45705579528105655,5.118796294999189,8.45,139.45,3
2023092501,4092,0,4.937256323100915,-3.3404697504036585,6.44,153.73,3
2023092501,4117,0,11.372937175593654,0.0543067984106782,6.3,20.29,3
2023092501,4153,1,1.0735455276791972,3.0855365431892063,8.4,81.52,3
2023092501,4176,0,4.645621594576985,-2.0807868713881654,6.18,172.18,3
2023092501,4241,0,5.437214360313565,5.916907639142998,9.13,107.88,3
2023092501,4318,0,5.704121317082938,1.2954921754522666,6.85,33.5,3
2023092800,78,0,9.182401646628195,-0.22842231007655878,5.64,177.77,4
2023092800,103,1,2.5357050301641926,0.376984994882249,7.76,214.53,4
2023092800,188,0,3.6600683053735423,-4.604815500534892,2.88,107.26,4
2023092800,322,0,5.947982851353893,3.470455725885092,4.03,271.58,4
2023092800,369,1,0.836002392341076,6.338989801902075,6.92,236.85,4
2023092800,394,1,2.853296339324043,-1.4879219913969186,5.56,226.22,4
2023092800,485,1,0.6800735254367717,3.430361720887017,4.79,112.05,4
2023092800,508,0,10.22154587134451,3.7500785607336518,4.27,77.82,4
2023092800,596,1,2.503537497222682,-1.2555340608584693,4.83,335.57,4
2023092800,648,1,2.6959599403551966,-0.31842906712214414,6.09,305.27,4
2023092800,873,0,4.88635856236523,-3.5629823755240917,6.1,124.94,4
2023092800,916,1,1.2264175471673548,0.24496554673305182,6.07,311.15,4
2023092800,1015,2,2.5793216162394423,-1.2972097437705288,5.94,53.94,4
2023092800,1072,0,7.8416133544061,-3.5059741809708966,3.48,8.41,4
2023092800,1156,0,4.25553756886249,-2.1316205599331477,5.57,312.79,4
2023092800,1310,1,2.1716583525039064,4.0961131035124065,5.8,327.64,4
2023092800,1359,0,5.619572937510466,0.9773751005403133,5.55,145.62,4
2023092800,1446,1,2.863564212655275,2.4944616842167178,6.02,145.82,4
2023092800,1493,0,8.231628028525098,-4.475295055765944,5.41,68.41,4
2023092800,1548,0,14.10042907148574,2.3720296989351524,3.39,203.31,4
2023092800,1573,0,3.9268944472700125,-0.9461884205042568,6.01,209.44,4
2023092800,1669,0,6.538333120910865,-4.651552562970523,5.53,286.1,4
2023092800,1748,0,3.5940228157316967,1.090465135924502,2.08,80.65,4
2023092800,1818,1,2.798856909525744,-0.3365357893551677,6.92,39.09,4
2023092800,1841,1,2.8208154849263045,-3.9562121958447958,5.32,114.31,4
2023092800,1866,1,2.2779815626997406,4.651945151459406,5.48,346.0,4
2023092800,2035,0,3.1126194756185668,-1.1601361876380885,3.19,295.52,4
2023092800,2083,0,4.530397333567988,1.8313579743828794,7.25,201.26,4
2023092800,2228,0,6.547526250424657,4.122699687759737,5.4,7.4,4
2023092800,2275,0,4.424409565128435,1.5263239890066942,3.48,102.55,4
2023092800,2300,0,7.379566382925221,1.3789899655089997,7.37,27.46,4
2023092800,2425,0,5.0048976013501,1.4398271133970078,3.02,160.89,4
2023092800,2511,1,2.344013651837369,-1.374834920167935,6.25,39.66,4
2023092800,2561,0,5.970535989339656,-4.44120156391821,6.2,12.73,4
2023092800,2652,0,7.998931178601305,2.0693782253949164,6.12,5.54,4
2023092800,2677,0,5.87579781816904,0.6467940917450695,7.66,184.91,4
2023092800,2748,0,4.624824320987772,-2.5277503022230237,8.17,64.91,4
2023092800,2771,0,5.509301226108444,-3.528028162605245,6.61,32.84,4
2023092800,2889,0,3.430932817762531,3.0328706044267144,5.24,191.88,4
2023092800,3032,0,5.951890455981195,2.1729520417827817,3.85,94.82,4
2023092800,3057,1,2.034821859524808,-0.5130458341809996,9.04,93.78,4
2023092800,3102,1,0.9829038610159182,-1.5018496617415746,6.59,240.69,4
2023092800,3234,0,4.7175523314532475,-1.7921548411020343,6.34,161.42,4
2023092800,3325,0,4.930770730829011,-2.3888800214037165,7.77,48.75,4
2023092800,3618,0,3.5457157246457247,-4.168101525009708,3.01,271.56,4
2023092800,3643,0,4.427640455140862,0.7677121805615701,5.48,351.46,4
2023092800,3691,0,6.340354879657767,-3.5197047256910237,2.64,311.03,4
2023092800,3763,0,4.303916820757575,-4.569522298601,4.4,211.32,4
2023092800,3791,0,3.814354467010113,4.635018509841995,4.13,339.93,4
2023092800,3987,0,6.194069744521769,0.5617464766755049,4.04,181.47,4
2023092800,4178,0,4.338502045637414,1.6678376470050487,2.79,37.51,4
2023100100,146,0,7.461527993648488,4.637579282231246,2.79,123.63,4
2023100100,171,1,1.0912378292562965,-1.1086722066073382,5.86,150.77,4
2023100100,275,0,7.9147583664948415,1.766169121791795,6.07,325.24,4
2023100100,334,0,5.041358943776962,-4.259950505122141,5.9,26.96,4
2023100100,465,0,3.8282371922335274,4.288641398254222,2.7,124.99,4
2023100100,522,0,8.789294624712507,6.287643699781182,7.97,96.51,4
2023100100,762,0,6.034633377430649,1.939947515076608,6.61,73.69,4
2023100100,846,1,1.9220041623263906,-0.462972150391631,4.33,354.1,4
2023100100,891,2,1.8100276240985889,-0.20760355216826745,5.95,332.55,4
2023100100,972,1,1.4660491124106316,1.1217337311723106,4.64,42.33,4
2023100100,995,0,4.293483434229135,-1.73158883401655,6.03,94.0,4
2023100100,1042,1,1.045466403094801,7.188948615774301,8.05,94.76,4
2023100100,1111,0,3.2977113275725016,-2.326258859105914,1.32,247.6,4
2023100100,1283,0,9.154550780895809,-0.01143921197244363,4.1,11.95,4
2023100100,1313,0,4.982539513139862,2.8415485256930033,5.75,178.1,4
2023100100,1360,0,4.872832851637735,-4.039991290241233,6.48,101.34,4
2023100100,1429,1,0.88684835231285,-1.5907486400061726,4.63,48.09,4
2023100100,1495,0,4.9190751163201405,-3.320738696478568,6.27,49.66,4
2023100100,1560,1,1.6868906307167637,-2.4993211969842393,3.96,342.14,4
2023100100,1686,0,4.637208211844705,3.2086390962679165,5.6,34.62,4
2023100100,1718,0,10.082286447031745,0.9915962411220576,4.67,21.38,4
2023100100,1748,1,2.3086792761230353,-4.473168188258526,8.46,93.1,4
2023100100,1771,0,3.63088143568473,0.32010561270637083,3.83,88.39,4
2023100100,1870,1,1.3237824594698397,3.2874669401157854,7.61,181.91,4
2023100100,1893,1,2.6376125568399953,1.1612341222014249,6.64,315.6,4
2023100100,1923,1,1.611986352299555,2.2515431678386784,4.98,198.01,4
2023100100,2091,1,2.7829840100151473,1.2279957283941727,3.73,294.5,4
2023100100,2161,1,1.472480899706342,1.2930201162370176,7.54,233.7,4
2023100100,2220,0,4.91294209206663,-1.7455456414705117,6.66,144.7,4
2023100100,2245,0,4.799354123212834,1.145760846048729,3.67,111.81,4
2023100100,2304,0,3.522782990761705,1.4809698767524804,3.92,59.6,4
2023100100,2616,0,3.2845852097334856,4.218453158907814,5.84,267.5,4
2023100100,2676,1,2.97069015550259,-2.7045715296298134,7.17,244.04,4
2023100100,2735,0,13.245576620140024,-1.35210102892343,2.31,226.95,4
2023100100,2814,0,4.65107514452304,0.9076497013882467,7.63,18.29,4
2023100100,2892,0,6.16020291873571,1.784621029772241,3.96,113.51,4
2023100100,2939,1,1.0340696301506989,4.254668101198181,6.91,128.08,4
2023100100,2989,0,5.299905659537721,5.642015370389772,7.62,191.52,4
2023100100,3109,0,4.511108511219833,0.7526108300621908,1.15,311.86,4
2023100100,3134,1,1.1130588483993107,6.135286834439274,7.86,302.05,4
2023100100,3200,1,2.653469426995534,2.9632604169701406,6.85,89.16,4
2023100100,3245,0,3.7447830377740186,-1.5304462090815303,4.67,80.66,4
2023100100,3314,1,1.808009955724799,-0.021448662516276806,5.99,68.11,4
2023100100,3392,0,4.831749165674893,4.81666218056367,6.68,53.68,4
2023100100,3417,2,2.030369424513671,5.089386689357045,6.86,140.52,4
2023100100,3469,1,2.322068043792001,-0.7544791069267902,6.74,325.06,4
2023100100,3776,0,9.069123441656313,3.857172876912491,6.06,167.04,4
2023100100,3806,0,3.431457416317445,-5.823938543794921,5.52,69.7,4
2023100101,81,0,10.096499393354108,2.4551298871538427,4.99,195.55,4
2023100101,128,0,5.092190098572518,-2.619753985215391,4.19,274.23,4
2023100101,197,1,1.0662082348209454,3.911680874673473,6.65,244.98,4
2023100101,238,1,1.529705854077833,4.589425735262756,7.38,316.47,4
2023100101,302,0,7.034912934784622,0.9113069098677865,6.08,26.11,4
2023100101,327,0,4.043389667098634,1.4183495532064958,5.57,72.87,4
2023100101,374,1,0.7278049189171576,2.426867795125531,4.77,151.22,4
2023100101,403,0,3.634969050762329,6.771376336019847,8.53,19.78,4
2023100101,589,0,4.201297418655343,4.816585922416142,6.28,348.4,4
2023100101,614,0,6.257171885125102,-1.6987067362289756,6.18,206.02,4
2023100101,639,0,8.026736572231583,2.6929845999206568,5.34,206.35,4
2023100101,671,0,3.1292970456637743,0.5103489082197319,1.92,313.8,4
2023100101,892,1,1.2529964086141687,3.892096132007445,5.48,75.59,4
2023100101,974,1,1.1764352935882199,-1.7543153596423737,9.32,302.56,4
2023100101,1009,0,4.11691632171459,-1.3703324444213736,7.55,194.47,4
2023100101,1066,0,3.7443290453698093,-3.509581843026341,6.99,247.37,4
2023100101,1198,0,4.230413691354544,3.77557709227552,6.3,109.23,4
2023100101,1304,1,1.5052574530624383,-1.8473336337165782,3.9,60.89,4
2023100101,1507,0,6.099713108007617,-1.2519059487674882,5.58,330.64,4
2023100101,1617,0,8.208836701993773,2.501368036947624,6.9,20.51,4
2023100101,1676,1,0.8660831368869829,-1.116635624032166,4.02,72.84,4
2023100101,1795,0,5.184669709827226,-1.4202222132554874,4.0,267.58,4
2023100101,1878,1,0.8732124598286507,6.135868016677996,6.73,46.77,4
2023100101,1960,0,14.65701879646745,-1.4850308707142088,5.73,200.2,4
2023100101,1990,0,3.6119939091864435,3.552279072554228,2.47,344.54,4
2023100101,2100,1,1.4101418368376994,3.453474317171486,8.38,124.63,4
2023100101,2190,0,3.399955882066708,-3.665415278631294,3.5,295.07,4
2023100101,2352,0,15.277450703569624,-3.0783732462381694,6.68,8.98,4
2023100101,2493,1,1.4120906486483171,2.0497895204430443,4.36,42.15,4
2023100101,2590,1,2.89084762656215,1.5363053680324836,7.53,117.45,4
2023100101,2682,0,7.311504633110749,0.5636127846955741,4.29,332.3,4
2023100101,2707,0,5.961610520656303,0.5402980554791791,5.0,288.45,4
2023100101,2892,1,1.5799999999999983,1.4724058219513583,7.35,91.89,4
2023100101,2941,0,6.144949145436438,-1.141659676735602,7.08,203.77,4
2023100101,2966,0,10.674160388527053,0.6059308428781089,3.68,172.34,4
2023100101,2996,1,2.7439023306233032,-1.805589855837205,4.89,234.55,4
2023100101,3066,1,2.6448440407706393,-0.510133835943231,7.14,99.95,4
2023100101,3135,1,2.2079175709251526,-5.610691130337306,6.85,147.39,4
2023100101,3216,0,4.1449366702037755,-1.685457977116279,7.99,278.18,4
2023100101,3441,0,4.5617978911828185,-1.9948027783769162,4.39,306.56,4
2023100101,3567,0,3.821544190507287,2.9139717283736317,6.74,175.11,4
2023100101,3653,0,9.166242414424792,-0.2934233905904995,5.5,24.63,4
2023100101,3730,0,4.226038333948236,-1.8103737106477227,8.32,242.45,4
2023100101,3919,0,22.31474176413431,-1.9034569544227722,3.25,238.22,4
2023100101,3990,0,8.8915971568667,-1.3038773407303468,6.26,242.06,4
2023100102,313,0,3.0220853727186516,-1.4319709217340733,7.8,25.18,4
2023100102,430,0,5.9003813436082275,1.785336713725748,3.78,78.5,4
2023100102,628,1,1.420211251891778,2.2200810818186474,5.6,288.57,4
2023100102,722,1,0.6,4.717135623198825,6.37,252.47,4
2023100102,945,0,8.811832953477964,-0.17663086068345338,5.71,350.88,4
2023100102,992,1,1.3782960494755825,5.188456709466767,6.87,208.84,4
2023100102,1015,0,4.011284083681929,-0.4141336815885712,3.51,276.8,4
2023100102,1062,0,8.197932666227501,0.8798276996566328,3.9,3.26,4
2023100102,1092,1,1.1896638180595391,0.27193686249572413,5.92,308.57,4
2023100102,1166,0,3.160015822745196,-4.511817459931689,1.52,359.83,4
2023100102,1237,0,5.099666655772713,2.778772611011015,7.01,146.74,4
2023100102,1336,0,3.921033027149862,-4.199428367065147,3.85,144.22,4
2023100102,1390,0,7.748457911094308,-2.979673981412635,3.28,86.29,4
2023100102,1700,0,4.918739675973916,-3.006979665154046,4.22,12.78,4
2023100102,1830,0,3.714862043198921,0.30083950898525214,7.07,222.4,4
2023100102,1855,1,1.4294054708164503,-3.739210363791147,5.23,234.43,4
2023100102,1944,2,1.3514806694880963,1.7443605711978698,5.99,131.08,4
2023100102,2105,0,8.069522910308885,-0.779536013269374,6.08,197.8,4
2023100102,2260,1,0.7144928271158507,1.7996109479847868,3.85,140.93,4
2023100102,2320,0,14.01760678575341,0.31491570608668773,6.2,359.33,4
2023100102,2374,0,5.308267137211532,-0.3164461250179869,4.31,206.09,4
2023100102,2437,0,13.061887306205026,-0.23560376738145777,5.03,194.4,4
2023100102,2474,1,2.2408034273447566,0.07303411426914064,4.76,191.44,4
2023100102,2857,0,8.175065748971075,-3.0198591134827026,6.49,163.24,4
2023100102,2887,1,1.3227622613304408,-1.483673228231586,9.06,57.36,4
2023100102,2980,0,3.1657068720903387,3.290095219125601,6.59,44.54,4
2023100102,3054,1,2.1144266362302546,3.5867942604542606,2.55,124.47,4
2023100102,3175,0,13.710889832538221,-1.008164616539446,4.73,193.24,4
2023100102,3330,1,1.1676043850551405,0.5659560436587012,6.68,293.23,4
2023100102,3413,0,7.391244820732159,-0.12513276470480983,3.73,46.45,4
2023100102,3460,0,5.942634096089042,2.0498938491159056,2.57,232.0,4
2023100102,3485,0,7.8230684517010305,-0.1423102269691614,5.68,137.31,4
2023100102,3540,0,5.22119718072398,-3.248444084750095,5.97,47.31,4
2023100103,56,0,5.56722552084968,5.5807663864701365,7.39,163.06,4
2023100103,81,1,2.84692816909735,1.6195224100957233,1.18,146.75,4
2023100103,148,1,2.279846486059971,1.4218129213849038,6.15,158.15,4
2023100103,225,1,1.7510282693320514,4.699593402760713,6.34,186.89,4
2023100103,250,1,1.9725364381932202,0.8130499339227282,6.44,210.67,4
2023100103,297,0,8.191825193447421,-2.4139199269724054,5.54,322.0,4
2023100103,338,0,10.422461321588102,-1.091019601982861,5.49,199.77,4
2023100103,540,1,2.152881789602024,-4.4815037526612045,3.96,135.42,4
2023100103,609,0,5.706172096949057,2.730962706471778,6.33,169.53,4
2023100103,685,0,4.301534609880527,4.099437631513197,8.2,17.86,4
2023100103,735,1,0.9585405573057441,3.3038534346576824,7.97,325.92,4
2023100103,868,0,5.768474668402384,0.1520273827577172,3.52,70.73,4
2023100103,1023,0,3.1689114850370923,5.296333915731726,9.11,194.3,4
2023100103,1075,0,3.3510893751137085,1.8056112791358425,7.63,280.92,4
2023100103,1231,0,6.242451441541219,-2.677068804564506,3.44,137.6,4
2023100103,1256,0,14.775983892790354,-2.339390997215699,4.83,22.82,4
2023100103,1330,0,3.9408755372378863,7.502700614355836,7.82,197.16,4
2023100103,1404,0,8.97875269734054,-2.717194151709731,8.45,347.52,4
2023100103,1560,0,3.1172423710709443,1.7738991070104357,4.76,132.66,4
2023100103,1607,0,10.113916155476078,0.6220480456857231,6.03,154.71,4
2023100103,1751,0,5.8986862944218315,-2.5878503730106184,6.97,301.62,4
2023100103,1810,0,13.57178322844864,-0.1545187749475309,5.59,264.98,4
2023100103,1885,0,23.161616955644526,0.5867656538844007,5.15,207.84,4
2023100103,2000,0,6.209041794029095,2.2438868945015247,7.35,317.04,4
2023100103,2174,1,2.440020491717231,-0.7553923124995798,1.92,41.71,4
2023100103,2219,0,5.393709298803563,3.488992820968682,2.95,62.23,4
2023100103,2244,1,1.3929106216839708,3.0838082054281495,5.78,138.13,4
2023100103,2371,0,13.310462050582618,-0.733173756932435,5.77,182.55,4
2023100103,2396,0,3.7540644640176346,0.44440049282033456,8.4,165.5,4
2023100103,2465,0,6.0694151283299105,0.3990804284021481,4.98,13.55,4
2023100103,2587,0,9.141115905621156,1.351735189611702,6.55,327.13,4
2023100103,2636,0,11.148345168678626,-4.380806671360808,4.4,200.62,4
2023100103,2709,0,4.740010548511472,6.9571376041248945,8.22,189.71,4
2023100103,2871,1,1.123610252712211,-0.8997561380507219,3.81,210.67,4
2023100103,2977,0,4.345123703647568,-1.5572711330905014,6.6,45.4,4
2023100103,3035,0,7.893605006586033,4.58254721776399,7.66,23.2,4
2023100103,3105,0,3.4838197427536426,3.2386028202261934,5.86,13.76,4
2023100103,3180,0,3.165643694416668,-1.1744940452646697,6.82,108.7,4
2023100103,3244,0,8.09862333980288,0.5865955162631107,4.8,340.96,4
2023100103,3409,0,11.023270839455954,2.6672892315323944,3.56,336.53,4
2023100103,3467,0,7.893826701923469,0.9240677615396395,5.26,199.58,4
2023100103,3733,1,1.596997182214174,4.400081680257403,8.37,107.3,4
2023100103,3816,0,3.772982904811519,-1.2819983238857695,5.7,129.4,4
2023100103,3875,0,10.29066081454442,-2.4457497655465326,6.23,224.16,4
2023100103,3923,1,1.0149384217773982,-1.2321583678697614,5.73,330.91,4
2023100103,3958,0,4.7955187414918905,-2.314797179096468,4.08,261.52,4
2023100103,4023,0,13.725469026594318,-1.4966041330824722,5.13,322.82,4
2023100103,4056,0,3.0021658848238237,-2.0555343790907386,7.45,296.5,4
2023100104,228,0,5.252351854169713,-0.41099015475859696,3.64,85.84,4
2023100104,291,1,2.0220039564748613,2.0662794804156275,2.3,142.91,4
2023100104,316,0,8.680472337378882,-4.042822527506374,5.07,171.36,4
2023100104,341,1,2.5950915205441203,2.020558836202488,5.83,128.25,4
2023100104,406,0,7.355270219373313,-0.8681566723939247,5.96,322.59,4
2023100104,517,0,11.15317443600699,0.7865149464069031,4.15,230.29,4
2023100104,590,1,1.6678429182629915,1.0302406939825612,9.82,65.97,4
2023100104,613,1,1.7266151858477354,-0.027862100935061807,4.34,123.76,4
2023100104,767,0,5.4157640273557,-2.636849795661991,2.6,121.13,4
2023100104,903,0,4.600010869552376,-0.15416703309944674,3.17,106.11,4
2023100104,1034,1,1.4142135623730954,0.346186398533598,4.76,259.37,4
2023100104,1137,0,6.153015520864546,3.3295288106137355,0.44,304.73,4
2023100104,1237,0,9.392789787917122,-3.8488872192794394,6.01,341.36,4
2023100104,1316,0,6.601674030122966,-0.20683877834358766,5.22,97.77,4
2023100104,1397,0,8.260054479239217,-1.5224135370160736,7.14,192.45,4
2023100104,1490,0,5.43644185106399,-1.824554603898819,5.37,279.88,4
2023100104,1513,1,1.4320963654726582,0.8954432934018489,2.57,287.84,4
2023100104,1560,0,5.506105701854986,4.7241381838580905,4.89,342.43,4
2023100104,1693,0,3.003081750469007,2.4395557222856734,4.72,9.11,4
2023100104,1893,0,6.737039409117322,0.41434807340080626,6.15,349.51,4
2023100104,2133,1,0.8260750571225357,5.360367266153205,8.1,43.7,4
2023100104,2229,1,2.802802169258469,8.396496819042378,8.59,150.16,4
2023100104,2293,2,0.3471310991541976,4.278239089848097,7.72,48.71,4
2023100104,2335,0,5.168142799884693,7.184899895205107,7.25,149.78,4
2023100104,2457,1,2.486201922612087,1.6903756415845081,2.41,245.27,4
2023100104,2527,1,2.7487451682540627,-0.43519280100122426,6.1,223.47,4
2023100104,2672,0,6.893511441928561,3.7139389188746006,4.41,158.14,4
2023100104,2853,0,3.51882082521972,0.9339374291110489,6.42,202.42,4
2023100104,2914,1,2.5784685377176912,5.300501489117944,6.89,292.63,4
2023100104,2937,0,3.1025795719046503,0.6907927474424874,1.66,207.09,4
2023100104,3048,0,4.933254503874692,-0.7991446568291951,6.93,245.3,4
2023100104,3160,1,2.8321899653801488,1.4575103946644785,5.91,38.3,4
2023100104,3242,0,7.923345253111217,4.347843036378413,6.01,317.41,4
2023100104,3289,0,10.711134393704524,-2.418124171009302,4.49,309.82,4
2023100104,3732,1,2.526064132202508,3.2226428785661447,5.28,13.11,4
2023100104,3757,0,7.423880386967453,0.25955389167240717,5.81,167.41,4
2023100104,3782,1,1.1666190466471877,-2.758701160365763,6.74,107.92,4
2023100104,3844,2,0.902108640907512,-0.1329058728537036,6.98,121.06,4
2023100104,3915,0,6.763268440628389,-2.7388536609398346,5.1,336.05,4
2023100104,3984,0,3.4261494421580623,3.1197307298124697,5.26,207.01,4
2023100104,4305,0,3.4951537877466885,2.0627781533441727,5.43,167.68,4
2023100104,4352,1,1.121784292990407,-3.864166583681068,5.81,56.38,4
2023100105,62,1,2.5004999500099894,-2.3424495070922964,6.46,280.12,4
2023100105,436,1,1.4136477637657812,6.342065288850878,7.2,320.12,4
2023100105,524,1,1.5853390804493512,1.0396492516189046,6.03,164.72,4
2023100105,655,0,3.7269961094693915,-4.3646776306696875,8.86,105.79,4
2023100105,805,0,3.8189527360259423,0.7027393454228552,5.12,309.14,4
2023100105,830,0,3.8204711751301046,2.9380626711835127,2.93,302.44,4
2023100105,875,1,1.2884486796143635,0.417366854336789,5.27,252.5,4
2023100105,946,0,3.24098750383274,1.657550642453769,6.27,154.75,4
2023100105,1003,0,8.811838627664489,0.815907425682499,3.73,160.96,4
2023100105,1103,1,0.9441398201537781,3.649284069217096,5.89,87.12,4
2023100105,1172,1,1.8752333188166217,9.347242037653686,9.44,164.03,4
2023100105,1195,0,5.152678914894661,-3.613733379565204,3.6,82.74,4
2023100105,1293,0,5.984755634109048,-2.6451389932152063,6.72,331.02,4
2023100105,1318,2,0.8405355435673144,1.254364938158719,4.94,221.72,4
2023100105,1360,1,1.069626102897647,3.222481550750234,5.48,77.0,4
2023100105,1439,0,4.484149863686544,-3.9432617872284412,2.52,122.95,4
2023100105,1486,0,3.360014880919428,3.4302035918309985,7.37,24.68,4
2023100105,1615,0,14.20065139351008,0.8951228130404125,5.34,346.3,4
2023100105,1711,1,1.6357261384473876,3.6673374964526033,6.87,103.26,4
2023100105,1780,1,0.7629547824084991,2.559854970419299,7.24,118.96,4
2023100105,1829,0,4.340794858087638,-1.2862100807579084,5.52,318.44,4
2023100105,1861,1,2.4994599416674066,-2.9410346403588754,7.26,245.19,4
2023100105,1922,0,8.065147239821485,3.0276488478103465,7.11,335.69,4
2023100105,2044,0,8.093417078095019,1.9582106447457894,2.97,164.55,4
2023100105,2102,0,4.984505993576496,0.36533731845123096,1.24,13.83,4
2023100105,2318,0,4.481885763827547,-1.8685602009098252,6.81,141.35,4
2023100105,2526,1,1.9678668654154554,0.1659280817680464,6.27,211.73,4
2023100105,2610,0,8.563976879931422,1.0523121341367645,4.32,355.94,4
2023100105,2664,1,0.9581753492967793,7.769009426068203,7.75,30.56,4
2023100105,2692,1,1.1503912377969507,2.224159087598642,6.76,85.27,4
2023100105,2744,2,1.3788763541376645,2.3299331412619924,2.45,11.71,4
2023100105,2810,0,8.924595228916546,0.6341317843824065,3.77,240.18,4
2023100105,2966,0,8.21533322513457,3.4807383300112966,5.78,23.61,4
2023100105,3024,1,1.1364858116140297,3.843934941226386,6.99,120.16,4
2023100105,3047,0,6.041274699928825,-1.812452721045924,2.49,129.8,4
2023100105,3157,1,2.008979840615632,7.195308900524552,9.06,355.02,4
2023100105,3246,0,7.914947883593426,1.1470725479454909,2.6,46.42,4
2023100105,3337,1,2.3935329536064445,-3.457278143371033,7.01,123.4,4
2023100105,3403,0,3.988984833262712,-0.9135265827430978,6.28,328.18,4
2023100105,3433,1,1.1557248807566618,2.6688629322612702,5.65,286.54,4
2023100105,3456,1,2.1224985276791153,2.2588166830904655,3.72,208.32,4
2023100105,3596,0,6.282117477411576,1.9587833691778036,6.85,39.72,4
2023100105,3752,1,1.0673331251301064,8.90883901406882,9.62,180.85,4
2023100105,3777,1,1.2587692401707307,7.129272376924184,7.71,100.21,4
2023100105,3916,0,7.1738204605356595,-2.340253741956528,5.5,206.38,4
2023100105,3970,0,13.981634382288785,-2.1219622533941775,6.83,193.16,4
2023100106,55,0,4.798020425133684,1.0170694524438508,5.54,61.47,4
2023100106,102,1,1.478276022940239,1.0486167429797109,1.79,176.61,4
2023100106,158,1,2.3138928237928393,-4.323550952366821,6.99,48.93,4
2023100106,233,1,1.1067971810589439,-0.14250838331685822,4.36,145.81,4
2023100106,369,0,8.282421143602878,1.4109949574816079,8.66,188.75,4
2023100106,835,1,1.6036520819679039,1.5120714959726114,5.41,199.17,4
2023100106,952,0,3.554729244260383,-4.086362538759714,7.48,105.97,4
2023100106,1186,1,1.9702284131541703,-0.99483924203308,6.86,63.45,4
2023100106,1596,1,1.4583552379307336,2.7042553412538,8.06,81.48,4
2023100106,1724,1,1.4051334456200295,0.9344825171876038,2.4,99.32,4
2023100106,2008,0,10.669831301384287,-3.0177639503434373,5.14,89.68,4
2023100106,2147,1,1.9891706814650159,2.1606306970231506,7.08,136.69,4
2023100106,2247,1,2.6595676340337677,-0.35113012502845864,4.57,248.35,4
2023100106,2337,1,1.1360017605620132,2.4520534647623986,6.29,298.74,4
2023100106,2543,1,2.443869881969989,6.931481274075057,7.37,168.54,4
2023100106,2639,1,2.563766760062235,6.660778108102692,8.27,323.51,4
2023100106,2695,0,3.1821062207286555,1.5622491867131814,7.56,28.57,4
2023100106,2827,1,2.407509086171852,-0.9297323248043889,6.63,30.99,4
2023100106,2926,1,0.5200961449578368,-0.6934614517441137,5.08,277.78,4
2023100106,3110,0,3.291944713995054,-1.1495807957596498,3.05,83.26,4
2023100106,3189,0,6.174479735167977,3.391923228997444,5.92,337.4,4
2023100106,3212,1,1.0837435120913124,2.0351147633676745,8.87,273.12,4
2023100106,3248,0,6.707883421765768,3.8088207174697146,2.17,318.38,4
2023100106,3398,0,14.57067259943754,0.7235248829289848,5.82,158.46,4
2023100106,3423,0,10.382331144786315,-2.58072225812613,6.5,147.15,4
2023100106,3607,0,4.924002437042448,4.86507351606109,5.61,192.61,4
2023100106,3654,1,0.7653757247261002,3.8099985015005,6.58,270.25,4
2023100106,3723,1,2.2398660674245643,3.8148119763510553,6.87,323.82,4
2023100106,3746,0,6.744716450674557,-5.025171470608813,8.4,199.09,4
2023100106,3823,0,6.279363025020929,2.482788688506665,5.94,337.96,4
2023100106,3897,0,4.686459217789057,-5.917475591073507,6.05,146.0,4
2023100106,3927,1,1.2025389806571742,0.12562798666147268,6.38,28.25,4
2023100106,4002,1,2.9133657511544984,-0.9834162655189932,3.98,115.32,4
2023100106,4092,1,1.0207840124139866,-1.3696785412074064,6.25,248.78,4
2023100106,4138,1,0.7291776189653637,6.447707450426151,7.71,227.99,4
2023100106,4187,0,5.696534033954333,-4.079946246746474,1.27,18.97,4
2023100106,4212,0,3.481048692563779,-0.7036996224585093,5.67,31.65,4
2023100106,4237,1,1.0049875621120903,-1.1450781052444974,6.8,41.2,4
2023100106,4391,0,4.87262762788211,-2.47486750949202,6.36,18.3,4
2023100106,4438,1,1.1763077828527637,-1.6999404753495742,0.76,116.34,4
2023100106,4470,0,7.0231901583254945,1.5238589598921672,2.47,109.09,4
2023100106,4565,0,3.6851322907054507,-2.297994809960949,5.92,59.78,4
2023100107,63,0,10.237079661700399,0.6206239891698735,5.91,173.66,4
2023100107,116,1,1.6824089871371941,3.5419791634030857,5.49,167.58,4
2023100107,192,1,2.2042232191862943,-3.3965555560413434,6.72,110.31,4
2023100107,336,0,5.400490718444023,0.10367305160919349,5.6,146.57,4
2023100107,408,1,1.374372584127023,5.166393695348234,6.93,245.45,4
2023100107,455,0,5.407263633299192,-0.959064852539057,5.97,349.09,4
2023100107,584,0,5.2918144336323785,1.3026824048884156,3.76,325.33,4
2023100107,609,0,16.01490867910273,-0.23350828722067318,6.39,347.5,4
2023100107,653,0,5.2467227866545425,-4.968983787642653,7.36,119.74,4
2023100107,721,0,9.049254112908976,-3.4972540371271763,2.74,42.84,4
2023100107,808,1,0.9615092303249121,3.6675026731385745,6.62,326.53,4
2023100107,831,1,1.4434680460612954,6.6348168110943515,6.62,180.45,4
2023100107,874,0,7.813993857177008,-0.003241668908739115,0.85,357.58,4
2023100107,996,0,12.904456594525785,-2.3053163631818894,4.7,26.42,4
2023100107,1045,0,9.91262326531176,-0.8548717402951854,1.21,355.31,4
2023100107,1075,0,7.057145315210676,1.9406782391708866,7.24,176.86,4
2023100107,1120,0,6.8707277634905575,0.7222944034878525,7.05,335.3,4
2023100107,1195,0,5.268813908271956,-0.3632684523115699,4.07,81.14,4
2023100107,1220,1,2.3269293070482386,2.433874833366748,4.98,30.63,4
2023100107,1289,1,1.866011789887727,4.100160464014227,5.91,168.51,4
2023100107,1319,1,1.6824387061643606,-4.596162642740414,7.22,57.79,4
2023100107,1374,0,4.974746224683221,2.8707211604760636,8.81,150.0,4
2023100107,1451,0,7.857136883114606,-3.8987425782047755,7.65,31.67,4
2023100107,1564,0,7.420437992463782,-2.709445369324817,6.99,164.27,4
2023100107,1634,0,9.977985768680973,-2.5724168483539605,1.48,91.06,4
2023100107,1775,2,1.890661259982867,2.861817607111636,6.27,302.0,4
2023100107,1936,0,4.663668084244423,-1.0078707342776976,3.23,75.8,4
2023100107,1968,1,1.2414910390333065,2.7793439640804176,4.46,28.75,4
2023100107,2020,0,5.784980553122025,-1.7629580672561822,2.04,268.54,4
2023100107,2097,1,2.174626404695759,2.084008991984047,4.55,137.28,4
2023100107,2127,1,0.7184705978674423,2.9350346441897717,7.27,124.34,4
2023100107,2214,1,0.8095060222135458,1.1458911584308806,4.83,158.16,4
2023100107,2587,0,4.534159238491738,2.6993474565310773,9.02,282.86,4
2023100107,2612,1,2.9607600375579257,-1.0039797336429044,9.21,291.04,4
2023100107,2915,0,5.157567255984159,1.5195796364413867,5.14,323.17,4
2023100107,3008,0,7.930952023559343,0.0899283154430649,5.84,207.03,4
2023100107,3088,0,5.414148132439674,0.8376606780545046,2.05,244.61,4
2023100107,3178,1,2.20639978245104,5.5465057117573,8.29,51.74,4
2023100107,3413,0,14.69588377743918,0.5487525578484467,3.58,21.66,4
2023100107,3497,0,4.5914812424750275,-2.8621201559261236,5.13,148.65,4
2023100107,3522,0,6.5340492804998,-0.40143094275837576,7.87,98.66,4
2023100107,3550,0,3.4366553507734863,-1.4683336683951105,3.9,111.24,4
2023100107,3575,0,7.600322361584417,-0.25154268736133223,6.09,150.66,4
2023100107,3605,0,9.786940277737466,0.0386879948986984,4.52,2.91,4
2023100107,3666,0,7.81142752638722,2.2363162843010063,4.42,56.18,4
2023100107,3725,0,12.284433238859659,-0.40666696659716334,0.43,287.27,4
2023100107,3773,1,1.85413052399231,1.403790796932903,4.74,129.22,4
2023100107,3843,0,3.6231064019705426,0.6357826705286848,7.03,192.38,4
2023100107,3894,1,2.723600558084821,-5.332176365049378,2.04,243.96,4
2023100107,3919,1,1.2747548783981946,-1.618872363273738e-05,6.44,317.23,4
2023100107,4000,0,9.57527023117363,0.7700437718833768,6.67,349.84,4
2023100107,4063,1,1.364734406395618,1.9354844549844028,5.59,334.45,4
2023100107,4093,1,1.336001497005148,3.9481169597220216,7.0,359.22,4
2023100107,4158,1,2.611915006274134,4.563647933323759,8.83,96.53,4
2023100107,4181,0,5.53364256164057,-0.24058545587321345,6.91,132.5,4
2023100107,4204,1,0.9295697929687633,6.674739246101593,7.06,27.16,4
2023100107,4373,1,2.344120304079976,1.8618326927625968,8.15,125.62,4
2023100108,77,0,3.8108398024582413,-4.750927145747188,6.85,30.08,4
2023100108,102,1,1.713971995103773,0.9732151834140406,7.27,57.79,4
2023100108,154,0,4.527659439489684,-5.324136538017725,4.33,42.89,4
2023100108,179,1,0.733757453113768,-2.812209314965183,5.97,48.35,4
2023100108,293,1,0.6264982043070796,-0.16595770410737964,5.69,107.38,4
2023100108,461,0,8.835077815163832,0.612787209883482,4.22,182.49,4
2023100108,486,0,3.647259244967383,-1.532652211011167,4.03,333.42,4
2023100108,557,0,3.3115102294874488,0.18593384040605082,1.96,284.2,4
2023100108,582,0,8.502823060607572,-3.4787062160620885,3.13,319.73,4
2023100108,724,0,4.800010416655361,1.016557206022487,4.84,209.1,4
2023100108,896,0,10.948666585479716,-4.360419942044283,8.82,353.93,4
2023100108,926,0,6.529632455199909,-3.3951057494843724,2.36,326.65,4
2023100108,990,1,2.517935662402835,0.7137451190698911,7.15,292.8,4
2023100108,1155,2,2.5999999999999996,2.4057618680975326,6.55,34.04,4
2023100108,1180,0,3.5679966367697156,2.05398158302493,0.91,63.48,4
2023100108,1451,0,3.5176270410604884,-5.011907925759978,8.51,72.97,4
2023100108,1500,1,1.9137659209004605,6.430389656266756,7.18,191.89,4
2023100108,1559,0,4.312597824977424,3.0697369447202805,1.95,282.74,4
2023100108,1584,2,1.0430723848324241,4.288124341804022,8.69,282.76,4
2023100108,1607,0,4.3246387132337425,-2.025409821492361,6.92,326.14,4
2023100108,1659,0,5.045720959387272,2.101247542389621,6.64,340.7,4
2023100108,1800,1,2.738046749053055,1.5295141613385472,0.59,6.22,4
2023100108,1902,1,2.8114409117034658,1.1373093099568268,0.57,114.48,4
2023100108,1925,0,4.2946711166281375,1.8032087839798088,5.91,29.52,4
2023100108,1972,1,1.2614277624977162,1.031877776940215,8.72,101.15,4
2023100108,1997,0,15.145190655782438,1.571787041235341,5.05,26.86,4
2023100108,2213,1,1.7596022277776355,2.7176397857428913,6.68,70.28,4
2023100108,2431,0,3.9044846010709295,-5.962245123201653,1.21,255.42,4
2023100108,2456,0,3.8462579216688058,-0.4144279324434781,4.76,327.82,4
2023100108,2587,0,8.041946281839987,-3.8471404466826895,6.74,32.06,4
2023100108,2612,1,1.79011172835664,4.135981715691492,7.58,70.3,4
2023100108,2685,0,11.041231815336541,-3.599897654379449,4.87,332.49,4
2023100108,2777,0,10.88967400797655,-1.1338619951528188,6.95,344.41,4
2023100108,2805,0,3.151586901863886,2.2447671565090372,10.01,254.83,4
2023100108,2940,1,1.0916501271011716,3.829975064845434,6.72,30.3,4
2023100108,3078,1,1.9480503073586228,0.029249559736810316,8.37,3.13,4
2023100108,3103,0,4.685648300929121,-0.4356714612632726,4.63,110.57,4
2023100108,3272,0,4.769287158475571,2.2125059177241773,3.51,52.5,4
2023100108,3297,0,4.058780605058617,-2.537535746889451,3.07,185.52,4
2023100108,3354,1,1.203037821516852,-0.2887673912113605,3.85,133.89,4
2023100108,3417,0,18.954178958741526,-0.6654898104313449,5.61,23.49,4
2023100108,3442,1,1.7701977290687054,-2.0223596356238693,7.27,127.24,4
2023100108,3500,0,4.906088054652093,-1.9113677401886418,2.48,131.78,4
2023100108,3681,1,2.7202941017470903,-1.919542588008006,3.32,255.38,4
2023100108,3704,1,1.0024470060806212,1.7889318785062884,5.81,257.06,4
2023100108,3787,1,0.7816009211867649,-0.7027421837936509,7.22,99.85,4
2023100108,3973,1,1.9123022773609797,6.999983028181696,7.73,193.65,4
2023100108,3996,1,2.5193848455525822,1.9271071472668209,5.29,224.7,4
2023100108,4079,0,4.224133047147074,-1.8019035196383562,3.89,263.95,4
2023100108,4131,1,1.3446189051177306,4.423497233828954,7.5,289.43,4
2023100108,4218,0,6.065410126281647,-0.153067821131124,1.91,85.64,4
2023100108,4293,1,2.034035397922064,-0.09589356469445764,4.83,52.43,4
2023100108,4318,0,8.541896744868795,-0.3228492355656538,3.27,182.89,4
2023100108,4382,1,2.9101546350666627,1.194973226268578,1.02,128.85,4
2023100108,4407,0,7.16525645040008,-2.116286376237985,5.57,141.98,4
2023100108,4437,0,6.496037253587769,1.096907774639604,6.87,123.08,4
2023100108,4467,1,1.499333185119309,-1.9387449910940622,4.85,83.95,4
2023100108,4570,0,4.529293543147757,2.264406740368313,7.48,351.28,4
2023100108,4595,1,1.4100354605470036,5.897911999802796,8.23,225.3,4
2023100108,4666,1,2.9202739597510314,-2.63980430403039,3.84,78.26,4
2023100108,4696,1,1.5115885683611054,-5.199322607838622,8.66,78.07,4
2023100108,4793,0,13.033817552812373,0.5955973531467863,4.95,194.04,4
2023100108,4879,0,5.453255908170822,-1.2152676053778628,6.26,138.29,4
2023100109,146,0,5.319924811498756,-0.27307093014886086,3.75,34.87,4
2023100109,201,0,8.05026707631493,2.7848313691328377,5.56,45.93,4
2023100109,253,1,2.7300183149568733,-0.371057137865649,4.12,108.21,4
2023100109,461,0,3.5215053599277666,5.268725477509825,8.81,239.86,4
2023100109,484,1,1.6724233913695423,6.158640125828678,7.46,221.35,4
2023100109,507,0,4.929787013654853,0.7118998697953951,4.18,37.16,4
2023100109,620,1,2.1958597405116764,4.370213151495966,5.59,200.37,4
2023100109,730,0,10.63092187912224,2.069528234113561,6.18,172.44,4
2023100109,787,1,1.903943276465978,-3.8315000562484682,7.47,68.98,4
2023100109,822,1,1.9817668884104394,0.5015955340934135,7.04,74.06,4
2023100109,1274,0,9.407241891224015,-0.10922753630397825,5.37,150.45,4
2023100109,1504,1,1.9194269978303415,3.5723398912160382,7.23,103.81,4
2023100109,1534,1,2.9320470664707936,3.807435663864437,7.29,93.98,4
2023100109,1559,0,5.959471453073674,2.8515449514698954,7.32,161.19,4
2023100109,1673,0,17.88091999870252,1.7167335000324426,3.91,168.25,4
2023100109,1724,1,2.66067660567759,-4.659630298853177,6.76,155.48,4
2023100109,1789,0,5.444933424753696,-4.457792578880834,6.1,148.05,4
2023100109,1900,0,3.7610769734213045,-2.9176340678695056,4.93,293.71,4
2023100109,1947,0,6.455013555369195,4.727102908439532,5.87,192.66,4
2023100109,1979,1,1.5160804727981942,2.0775082808075847,7.89,267.7,4
2023100109,2042,0,5.966573556070516,2.8952188880655196,9.01,104.09,4
2023100109,2188,1,2.3957044892891157,-2.918983112763032,7.18,60.59,4
2023100109,2211,0,5.089056887086244,-0.8777323177783187,4.25,113.79,4
2023100109,2248,0,7.151223671512449,-0.25859786141043817,6.8,145.07,4
2023100109,2439,1,1.416615685357181,-1.0806631823531492,3.71,106.88,4
2023100109,2526,0,5.127621280866987,1.7398539784419649,6.29,154.84,4
2023100109,2607,1,2.1181123671797963,-4.323418451118309,6.31,81.36,4
2023100109,2717,1,1.3472935834479431,3.7627824842637265,6.86,127.29,4
2023100109,2822,0,3.3567841753678493,0.9151404300722957,6.2,62.69,4
2023100109,2883,0,3.5041261392820893,-0.2831482011989854,4.83,239.18,4
2023100109,2908,1,2.931637767528582,-1.4708187975399194,3.81,269.92,4
2023100109,2933,0,7.163274390947198,-4.8503913846174616,5.67,358.46,4
2023100109,2958,1,1.2828094168659656,0.02891249830876158,4.5,297.75,4
2023100109,3161,0,3.9915160027237717,-3.5901624598531034,7.99,251.9,4
2023100109,3287,0,14.311540797552166,3.2894910807657176,3.89,178.56,4
2023100109,3321,2,1.667693017314637,-0.6870082861951241,5.57,25.62,4
2023100109,3363,0,3.4916185358655674,4.487748144216364,7.55,356.12,4
2023100109,3417,0,5.170889672000357,3.165593064206414,6.11,201.42,4
2023100109,3469,1,1.0929318368498573,8.174923997078883,8.68,316.24,4
2023100109,3518,0,5.271973065181575,-0.4105111801917855,3.97,55.5,4
2023100109,3543,1,2.4734186867572587,-0.2898133695402302,4.51,50.56,4
2023100109,3568,0,8.20634510607493,0.9229903087104158,0.48,310.66,4
2023100109,3621,1,1.9506409203131123,4.1568878751565155,5.31,32.33,4
2023100109,3742,0,6.229646859975292,0.5083092685686361,7.55,181.76,4
2023100110,107,1,0.726911273815449,-5.0346527699204575,5.85,76.51,4
2023100110,526,0,7.337901607407938,0.9043780054347093,6.42,10.73,4
2023100110,556,0,3.4439802554602426,-2.674387817416517,5.87,121.76,4
2023100110,599,0,6.8052479749087755,1.0576016105426145,1.94,250.01,4
2023100110,653,0,5.564287914908788,3.661471223691266,5.97,255.68,4
2023100110,963,1,1.930802941783546,-1.0603132631060497,4.63,83.08,4
2023100110,1008,0,9.907916027096723,5.361936934590655,7.56,319.55,4
2023100110,1082,0,6.686718178598526,2.2123165616059084,6.51,348.01,4
2023100110,1129,2,1.4276203977248316,-4.073993756279269,7.2,327.85,4
2023100110,1184,0,11.779393023411693,1.3364941429285684,6.89,335.48,4
2023100110,1209,1,0.6453681120105034,4.177729141269698,4.69,245.46,4
2023100110,1252,1,1.6011246047700363,0.4363589504494703,7.83,265.41,4
2023100110,1325,1,2.921660486778022,6.594267762828885,8.5,29.57,4
2023100110,1623,0,13.070397851634048,2.297602956282213,2.09,143.13,4
2023100110,1752,0,5.0899312372565495,0.8698499576974539,1.54,253.66,4
2023100110,1922,0,12.640098892018212,-1.3072620484900697,3.58,56.44,4
2023100110,1945,1,0.9708243919473807,-2.164868838952055,4.32,138.59,4
2023100110,2045,1,2.8125611104471946,7.129102825940099,7.83,14.44,4
2023100110,2087,0,4.0697051490249265,0.7978408817900422,4.27,85.74,4
2023100110,2148,0,9.806171526135978,-0.93644885854524,3.91,78.36,4
2023100110,2173,1,1.6352675622050323,1.8834088854601518,5.85,15.67,4
2023100110,2317,0,10.275349142486592,-1.2678959470558353,5.99,4.98,4
2023100110,2435,1,0.9213576938409973,2.3565103230465696,8.12,250.77,4
2023100110,2458,1,0.9730878685915282,5.582652455170196,9.17,250.38,4
2023100110,2550,0,9.79369695263234,-1.3748656541513549,5.34,155.13,4
2023100110,2575,0,7.095667692331704,-3.959001803412742,5.19,147.19,4
2023100110,2642,1,2.317282891664283,1.7032916292294145,5.57,148.38,4
2023100110,2747,0,7.600796010945178,0.477085269865188,0.52,70.2,4
2023100110,2979,1,1.560416611036937,5.938012899462108,7.21,261.59,4
2023100110,3002,1,1.51238222681966,2.1891731018857787,3.62,242.14,4
2023100110,3067,0,5.434013249891831,-1.2778400976001214,5.74,129.69,4
2023100110,3122,1,2.0911719202399386,-5.1813854488992535,8.48,100.21,4
2023100110,3150,0,6.657063917373783,-1.9392876287165846,1.45,51.85,4
2023100110,3369,1,1.2912009913255196,0.3907018995593326,4.62,206.83,4
2023100110,3582,0,3.0205959676858507,-4.184640849238838,4.82,271.18,4
2023100110,3607,0,5.977591488216643,0.4635944866658581,6.13,334.81,4
2023100110,3642,0,6.442359816092236,-4.136493686927781,4.02,298.52,4
2023100110,3667,1,0.9604686356149281,-0.3259906497898052,3.88,339.42,4
2023100110,3690,1,0.9170605214488303,3.317915444758288,4.52,237.39,4
2023100110,3720,0,4.997679461510112,-2.97771010914126,5.65,315.63,4
2023100110,3750,0,5.59746371136071,-2.5779150770369994,5.61,307.76,4
2023100110,3803,2,0.9508417323613844,-0.8997193002696997,1.22,253.65,4
2023100110,3911,0,5.1399708170377805,-2.933949190198374,2.11,117.84,4
2023100110,3936,1,2.085689334488723,6.0820910801976655,8.45,68.05,4
2023100110,4017,1,1.9553260597659892,0.7917687234001591,7.22,208.01,4
2023100110,4042,1,0.53,-0.7500108006368993,3.68,291.22,4
2023100110,4088,1,2.188058500132023,-1.2128978291262023,5.91,266.55,4
2023100110,4111,1,1.3102671483327375,3.439878931299674,4.66,250.96,4
2023100110,4136,1,2.2455511572885585,2.612296307615715,6.16,354.1,4
2023100110,4243,1,2.683281572999749,3.0552919953945405,8.25,66.43,4
2023100111,55,0,11.130071877575636,-1.6387521345612037,5.04,158.52,4
2023100111,80,0,7.290685838794594,4.340183206728975,5.08,60.62,4
2023100111,110,0,5.515142790535902,-1.9545594505644062,3.47,94.49,4
2023100111,157,1,1.2822246293064192,4.82862457873146,7.56,87.77,4
2023100111,180,0,4.331108403168875,-4.3586035744406395,6.04,162.38,4
2023100111,205,1,1.280351514233495,-0.021211943830526714,4.91,118.3,4
2023100111,228,2,1.6717057157287005,1.9169414676611662,0.1,317.16,4
2023100111,318,0,3.2630813658258715,2.229270452445804,5.57,246.93,4
2023100111,365,0,6.083165294482801,-2.6296869571672152,4.46,269.98,4
2023100111,390,0,8.719936926377393,-4.0469241773490054,7.27,210.98,4
2023100111,582,1,1.8202472359545012,-4.319985811904252,5.3,91.76,4
2023100111,629,0,7.354889530101724,-4.562776323500623,6.9,24.24,4
2023100111,676,1,2.5690854403853494,-4.312812026354219,3.23,99.07,4
2023100111,723,0,4.58207376632022,2.1336866176384284,4.18,71.83,4
2023100111,770,1,1.0941663493271925,0.23698921668238038,6.69,60.08,4
2023100111,881,2,1.0893117092917,2.1353431967888583,6.32,301.15,4
2023100111,948,1,1.2408464852672145,-2.3655853824157034,1.91,76.11,4
2023100111,1007,0,6.7686113790053035,-4.49417997626991,3.87,63.49,4
2023100111,1086,0,6.128523476335879,-2.310694958228556,6.84,204.96,4
2023100111,1294,0,7.207947003134804,-0.407879913149654,6.14,21.78,4
2023100111,1341,1,2.433125561905923,6.431571429996936,8.14,181.45,4
2023100111,1422,0,4.639191739947812,-0.4353367342824275,6.5,268.97,4
2023100111,1447,0,3.6136546597592853,-5.560051599973005,5.64,279.22,4
2023100111,1543,0,5.975558551298782,-4.555428387568537,4.56,234.71,4
2023100111,1613,0,6.279363025020932,-4.137790738839777,7.08,335.65,4
2023100111,1681,0,7.312797002515519,-0.013846992374875522,4.63,130.49,4
2023100111,1737,0,5.741750604127626,-2.7995879697427375,2.77,229.77,4
2023100111,1811,1,1.0941663493271947,-2.109907590308104,3.74,105.48,4
2023100111,1865,1,2.8492981591963904,4.080036734459065,3.37,255.58,4
2023100111,1955,0,6.9918380988120745,3.1430889523805963,6.94,15.94,4
2023100111,1982,1,1.1593532679903937,6.524506232077318,8.41,169.81,4
2023100111,2025,0,5.0980192231885475,7.693375845147694,5.75,174.91,4
2023100111,2050,1,2.064969733434367,-3.4802972380613326,4.69,256.64,4
2023100111,2252,1,0.8122191822408554,2.181322279827749,6.12,294.22,4
2023100111,2361,1,2.035534327885427,-0.357376696472144,6.48,327.09,4
2023100111,2395,1,2.588049458569132,-3.9865074121167514,5.38,120.17,4
2023100111,2436,0,6.518527441071342,-2.0321469788240454,4.45,72.42,4
2023100111,2483,0,7.722544917318392,1.6064089707100844,6.02,169.63,4
2023100111,2512,1,2.23486017459706,0.5821449349076304,3.17,121.56,4
2023100111,2535,1,2.670674072214726,1.2992324934027126,2.63,45.53,4
2023100111,2592,0,4.207766628509719,2.2767234163639714,1.19,111.84,4
2023100111,2680,0,5.034381789256747,2.0881031660632,6.81,214.36,4
2023100111,2727,0,4.057708713054693,6.344275949955007,8.2,179.82,4
2023100111,2791,0,3.443268795781123,-3.753323745287787,4.78,64.03,4
2023100111,2903,0,4.965682229059778,-2.182002781120017,5.01,69.39,4
2023100111,2986,1,2.3908157603629823,-0.4638105006649186,6.32,310.38,4
2023100111,3055,2,0.9693296652842092,1.4940057596911274,6.83,297.11,4
2023100111,3089,1,2.308007798946963,5.304894944193089,7.37,216.51,4
2023100111,3207,1,1.107248842853306,-6.694411456481899,7.43,275.02,4
2023100111,3331,0,6.187059075198815,2.6122629888960307,6.5,164.49,4
2023100111,3378,0,4.080012254883555,2.60597679445591,4.23,60.94,4
2023100111,3540,0,5.24492135308052,0.07818007082309619,6.69,194.89,4
2023100111,3658,1,2.240200883849484,1.1993239463235186,6.46,140.01,4
2023100111,3683,1,0.468721665810319,-3.197735089723074,5.83,109.75,4
2023100111,3706,1,1.3822445514452188,-3.025073441391066,6.8,69.41,4
2023100111,3859,1,1.5352524222420187,-0.037814636241088495,6.91,312.09,4
2023100111,3906,0,3.6480268639361753,-4.018204312867638,6.86,279.23,4
2023100112,55,1,2.6583641586509525,-4.578792346668415,1.71,255.4,4
2023100112,102,1,2.239866067424566,3.8367851899364673,4.77,282.81,4
2023100112,307,1,1.8595160660774102,1.7117482290168593,6.0,54.24,4
2023100112,332,0,3.5640566774393454,2.0799366795159107,6.12,18.0,4
2023100112,357,0,5.176649495571432,-1.3142841423438614,4.52,55.53,4
2023100112,471,0,7.48288714334248,3.5248541937059716,5.64,182.1,4
2023100112,610,1,2.109241569853961,-2.2179544881798394,8.14,185.33,4
2023100112,667,0,4.36175423425026,-1.5640289639170466,2.08,218.76,4
2023100112,692,0,11.903835516336743,1.259978925660331,5.36,29.01,4
2023100112,804,0,4.509190614733427,-3.5055723505433187,5.54,66.67,4
2023100112,895,1,1.1220071301021264,0.17581052523575025,5.5,140.44,4
2023100112,940,1,1.2083873551142428,1.6415986720238702,1.97,2.77,4
2023100112,1183,1,2.9205821337534754,1.0409256077287639,6.23,123.05,4
2023100112,1253,1,1.6905620367203318,-0.7935781452475834,8.86,55.74,4
2023100112,1351,0,3.204496840379149,4.856406122452145,5.53,144.66,4
2023100112,1376,1,2.599326835932723,-3.333527018182344,2.82,66.96,4
2023100112,1432,1,1.5910059710761666,-1.0810553907431468,6.67,53.76,4
2023100112,1498,0,5.394070818964091,-0.2980370266355272,3.86,300.7,4
2023100112,1523,1,2.404204650190993,-3.631190629992444,9.46,280.8,4
2023100112,1548,0,11.615455221384998,-0.06387674974943192,5.8,194.0,4
2023100112,1595,1,2.3754157530840807,0.8578442985543955,4.83,284.43,4
2023100112,1734,1,2.822941728056037,-0.3912912593131198,4.87,7.72,4
2023100112,1838,1,2.040122545338882,5.928353835204293,6.38,355.97,4
2023100112,1890,0,4.049308582955856,-2.024260720750632,2.43,178.25,4
2023100112,1915,0,7.92011363554842,1.349347987981677,6.36,19.6,4
2023100112,1940,1,1.4773286702694144,-3.446839101106816,9.18,95.09,4
2023100112,1977,1,1.462634609189867,3.480718470962042,6.81,74.99,4
2023100112,2006,0,4.601086828130933,-3.574204642157642,7.93,62.83,4
2023100112,2160,0,5.36003731330296,1.5277450799251875,3.1,71.38,4
2023100112,2207,0,5.576755329042145,-5.311040394287568,5.75,148.76,4
2023100112,2237,1,0.9633794683301059,0.4222421644703296,5.18,72.82,4
2023100112,2304,0,3.144280521836425,0.2385152644364999,5.91,14.68,4
2023100112,2383,0,5.161637337124734,-2.232657137050792,6.6,222.76,4
2023100112,2539,0,3.9827628601261207,6.389978238744336,8.77,320.49,4
2023100112,2591,0,4.490211576306846,2.8438126365567156,3.88,352.39,4
2023100112,2648,1,1.1395174417269804,6.077707078608857,7.93,346.23,4
2023100112,2709,0,5.101186136576474,-5.900865332825461,8.41,113.1,4
2023100112,2803,0,14.690871315207955,2.9071982538131484,6.74,24.58,4
2023100112,2828,0,4.533398283848432,0.43410461283432,6.53,26.16,4
2023100112,2878,1,2.6020376630633173,0.8520978443259535,4.91,211.76,4
2023100112,3012,2,1.999124808509965,-2.240235314213806,5.71,88.52,4
2023100112,3060,1,1.4921461054467817,2.9052105314996637,5.3,26.76,4
2023100112,3091,1,1.2567418191498207,5.619363082632443,7.91,39.41,4
2023100112,3119,0,12.705408297256717,1.1555976186423749,3.88,17.26,4
2023100112,3439,1,1.1651609330903616,-1.8647315499744563,7.0,247.08,4
2023100112,3522,1,1.5115885683611137,-4.488051373674062,5.27,218.55,4
2023100112,3741,0,4.260293417125168,-4.35022411967728,2.88,71.72,4
2023100112,3766,1,1.9991248085099633,5.3408667684412015,6.32,13.98,4
2023100112,3791,0,9.460708218732883,-0.13928374172768304,3.37,88.61,4
2023100112,3816,0,9.139939824747213,-0.9156196747846965,4.25,113.62,4
2023100112,3839,0,6.367998115577609,0.3795625114522778,7.08,180.13,4
2023100112,3864,1,2.891107054399752,0.9024653825945541,6.14,80.28,4
2023100112,3889,0,4.37714518836193,2.2178838712228797,6.47,165.18,4
2023100112,3914,0,3.2344705903748694,0.4747624170107403,5.69,140.63,4
2023100112,3950,0,7.042393059180942,0.22659784340088834,1.51,237.89,4
2023100112,3980,1,1.2310970717209928,2.0809479818495435,5.11,46.68,4
2023100112,4010,1,0.526972485050214,4.124705336810661,6.01,93.4,4
2023100113,110,1,2.380966190436138,2.002923297584486,6.01,56.58,4
2023100113,135,0,5.590921212108077,-1.8359432638871587,2.45,223.54,4
2023100113,209,1,1.9401030900444376,0.919428898291013,6.18,138.71,4
2023100113,298,0,3.917754458870536,-1.8731062019704583,2.41,282.73,4
2023100113,323,1,1.8250753409106149,0.2310668136464029,5.01,306.75,4
2023100113,377,1,0.902718117686799,4.66751669930491,7.82,54.89,4
2023100113,580,0,6.470123646422837,4.39611137889501,6.74,340.47,4
2023100113,627,1,1.570891466651984,0.6019006533006819,6.44,192.1,4
2023100113,724,0,9.826087726048447,0.7282002528359364,1.42,122.06,4
2023100113,819,1,2.2313448859376326,2.743588215503094,6.84,144.62,4
2023100113,905,0,6.5556769291965615,1.3795431032363747,4.38,276.34,4
2023100113,930,0,5.326208782990021,2.5445899701106685,4.6,227.22,4
2023100113,975,0,12.724484272456792,-0.2629333146523072,5.28,197.57,4
2023100113,1020,0,3.125011999976959,7.422220163256184,7.99,155.28,4
2023100113,1078,0,4.147119482243066,-2.792778050875035,4.1,232.78,4
2023100113,1211,0,3.9232894361747017,5.2237658508182125,8.71,26.07,4
2023100113,1236,0,3.6472455360175626,7.166252890918832,8.21,93.3,4
2023100113,1261,1,2.1772000367444484,4.893602311327614,8.05,8.46,4
2023100113,1316,0,6.503360669684558,8.608402949820803,6.45,38.88,4
2023100113,1389,0,4.610173532525643,2.9526075874770044,7.11,340.13,4
2023100113,1476,1,1.5768639763784322,3.3865313361120224,7.45,110.98,4
2023100113,1521,1,2.445342511796664,1.6125421637790693,7.06,160.66,4
2023100113,1618,1,2.4030397416605482,4.741941208159333,6.36,153.84,4
2023100113,1682,0,8.55432639078027,-2.57670486191092,4.62,218.55,4
2023100113,1751,1,2.6828715958837837,1.1079705471165315,3.29,333.56,4
2023100113,1796,1,0.9044888059008791,4.756770555407904,7.51,315.87,4
2023100113,1843,0,3.420014619851792,-5.481522429073181,3.48,260.8,4
2023100113,2000,0,7.663347832377183,-2.7482927300683384,3.46,94.11,4
2023100113,2025,0,3.104464527096418,-2.822880600847008,6.65,151.28,4
2023100113,2077,1,2.687843001367466,-4.820385862429388,6.09,8.24,4
2023100113,2102,0,14.088129755223015,5.066619473223301,7.43,171.86,4
2023100113,2183,1,2.8212054161297786,6.730951571349095,8.09,223.58,4
2023100113,2239,0,4.254703279900958,1.1506360650025909,7.5,114.3,4
2023100113,2332,1,0.8602325267042623,3.12651214048297,7.88,98.57,4
2023100113,2357,0,5.996507316763654,-1.9473098897727628,1.1,197.38,4
2023100113,2451,0,3.806546991697335,2.0456316543929893,5.15,147.38,4
2023100113,2476,1,2.990150497884675,5.989007237563539,5.28,81.98,4
2023100113,2580,1,0.9900505037623071,6.274278855556762,7.96,261.7,4
2023100113,2689,0,5.540009025263406,1.9907833815931781,5.74,169.14,4
2023100113,2957,1,2.3377339455121904,-1.3182269247346476,5.23,146.56,4
2023100113,2980,1,1.412267680009707,5.056000445869108,6.64,139.92,4
2023100113,3023,0,7.761294995037875,-0.7841644776094192,3.44,171.8,4
2023100113,3082,0,7.844647856978671,1.1288578230645214,6.48,337.6,4
2023100113,3112,0,5.589141257832013,4.119614893398661,0.56,138.05,4
2023100113,3137,0,4.729873148404725,4.418402727685742,7.3,215.1,4
2023100113,3167,0,7.813097977115091,1.9393388029462184,3.89,66.79,4
2023100113,3298,0,5.994038705247067,-0.41630408783583106,4.15,82.13,4
2023100113,3402,0,3.041381265149107,5.474228044861848,7.92,188.32,4
2023100113,3497,1,2.995363083167043,5.781553275736318,4.58,185.54,4
2023100113,3522,0,4.699978723356098,4.554443288674257,4.26,289.28,4
2023100113,3547,0,7.23373347587537,3.097568589564835,5.63,340.58,4
2023100113,3911,0,5.905294234837081,-2.6792491144922024,1.94,117.21,4
2023100200,101,0,5.64575947061155,4.3120569487166325,6.41,203.17,4
2023100200,148,0,8.836933857396465,7.255430184057624,6.73,353.89,4
2023100200,195,0,4.181148167668777,-4.951193468192433,6.08,184.31,4
2023100200,376,0,11.587532092727942,0.289097837343002,5.65,171.29,4
2023100200,492,0,6.939920748827038,-1.610573581673587,7.53,353.03,4
2023100200,537,0,4.294007452252497,-1.9979722994793565,2.71,243.5,4
2023100200,578,0,6.0645609898821204,5.226160505745395,7.41,170.36,4
2023100200,709,0,4.670010706625846,-1.5390807626849616,1.15,41.91,4
2023100200,779,0,7.490961220030441,1.052891750897037,2.99,72.35,4
2023100200,809,1,0.8746427842267965,-1.7950079314178735,3.35,54.38,4
2023100200,976,1,0.5964059020499451,-0.6187395457296643,0.65,319.81,4
2023100200,1113,0,5.7129502010782485,4.785581713359066,7.72,80.16,4
2023100200,1236,1,1.8006943105369093,-1.2002824536925845,6.5,327.7,4
2023100200,1439,0,6.373978349508259,-2.7191668819741976,4.0,104.48,4
2023100200,1527,0,6.6760766921898105,-3.3905453989747634,6.45,162.89,4
2023100200,1584,0,4.461714916934964,0.31475262024772577,5.06,141.47,4
2023100200,1609,0,6.440504638613346,3.2334227931485864,6.52,28.29,4
2023100200,1668,1,1.7681911661356065,0.8854712091881789,2.48,69.44,4
2023100200,1693,0,5.572297551279898,-0.15979303283054236,3.28,36.65,4
2023100200,1769,1,1.405275773647294,6.413941529778388,7.29,317.96,4
2023100200,1818,0,7.713786359499466,-0.5863559780936859,4.64,259.5,4
2023100200,1848,0,5.042866248474174,-2.1659369001314746,6.55,309.68,4
2023100200,1878,0,6.706713054842886,-3.2768161903293294,7.38,301.49,4
2023100200,1901,0,13.107936527157891,0.9392948854287004,7.46,341.17,4
2023100200,2029,0,11.770955781074024,4.683332658884575,6.21,171.57,4
2023100200,2054,0,4.928001623376356,-0.776013243954444,5.24,36.73,4
2023100200,2436,0,5.386241732414168,-1.6093391792051803,3.57,290.83,4
2023100200,2461,0,5.09918620958286,5.671608392913896,8.37,207.92,4
2023100200,2568,1,2.275016483456767,-0.14509338017475826,3.91,215.84,4
2023100200,2615,1,1.3805795884337806,6.693248329148722,7.31,346.73,4
2023100200,2649,0,6.945250175479644,4.610215508397071,1.69,59.54,4
2023100200,2946,0,6.195885731677122,-1.4416075457635527,6.06,142.35,4
2023100200,3020,0,5.750217387195024,-1.8899975019158766,3.23,41.13,4
2023100200,3123,1,0.9946356116689209,-0.1355722512633613,2.34,37.77,4
2023100200,3211,1,0.8190848551890102,0.6632048263276981,6.06,38.38,4
2023100200,3236,0,10.632271629336792,-2.8108765637863136,5.54,29.39,4
2023100200,3331,0,3.0424496709066493,1.941506528933608,4.38,215.7,4
2023100200,3423,0,4.311159936722368,-4.050570674927512,2.85,197.11,4
2023100200,3499,0,4.775573264017635,-1.5771378262896432,6.52,199.19,4
2023100200,3536,1,2.272003521124036,2.0928131194358612,8.03,27.46,4
2023100200,3568,0,10.321434008896244,-4.390423095504297,3.09,118.2,4
2023100200,3685,0,6.5973479520182945,-0.01911374565578336,1.65,261.7,4
2023100200,3950,0,4.618657813694362,-6.03176387515691,2.29,299.67,4
2023100200,4017,1,2.7103505308354485,3.9033441875315784,4.6,209.77,4
2023100500,56,1,1.6183942659315191,5.8208045244864675,7.29,292.21,5
2023100500,101,0,3.667056039931758,2.6196216795988807,7.54,252.81,5
2023100500,180,0,4.845296688542404,2.6771389871492706,8.01,244.23,5
2023100500,266,0,3.5180960760047517,-0.5087772323606119,6.04,161.82,5
2023100500,381,0,3.122178726466507,1.1367088024165106,1.83,219.57,5
2023100500,406,1,1.935071058126807,4.364453935991793,7.4,211.78,5
2023100500,476,0,7.152796655854266,-0.9284584765240845,3.93,195.1,5
2023100500,592,1,2.9954131601500324,1.2962523394082879,5.1,208.49,5
2023100500,818,1,2.2222511109233345,-4.612641764305012,2.25,278.7,5
2023100500,964,1,2.2967150454507923,-0.8038707617134425,4.13,74.89,5
2023100500,1064,0,6.737121046856735,0.13317808163405648,3.02,268.35,5
2023100500,1089,0,5.620533782480103,-4.628026977977484,5.76,175.73,5
2023100500,1119,0,5.65884263785449,-2.932878924302004,6.93,332.36,5
2023100500,1171,0,6.632721914870244,0.5560723990884946,4.95,212.45,5
2023100500,1201,0,7.663661005028859,-1.6424886241017687,1.64,275.86,5
2023100500,1226,0,6.275109560796532,4.379903978940214,9.21,283.09,5
2023100500,1421,0,7.430975709824381,4.475151229453205,2.31,66.73,5
2023100500,1535,0,11.159507157576458,2.738487524851167,5.18,27.02,5
2023100500,1631,0,4.06784955474019,-0.24151804573355584,4.11,110.09,5
2023100500,1656,1,1.7042593699316964,6.197255012912924,7.78,52.57,5
2023100500,1722,1,1.5829403020960744,4.930421751754184,5.56,198.71,5
2023100500,1872,1,0.9689685237405813,3.8165939385078147,6.53,359.87,5
2023100500,1963,0,16.062459338469942,-3.728012041625618,6.43,335.36,5
2023100500,1993,0,14.41511706508137,-1.9209978229158424,6.0,344.66,5
2023100500,2131,0,6.805622675405978,0.9400763599479481,2.92,56.59,5
2023100500,2156,0,4.2523052571517015,-0.13585118129100002,5.26,145.15,5
2023100500,2186,0,13.759018860369373,-1.5200228863953376,6.88,26.92,5
2023100500,2255,1,2.9167276184107456,-1.7132991214540763,4.75,172.94,5
2023100500,2400,0,3.723439270352082,0.8371472504337734,3.94,316.37,5
2023100500,2425,0,8.813001758765278,-3.214269933957894,6.29,255.76,5
2023100500,2501,1,2.444994887520214,1.7161713955221232,4.18,145.53,5
2023100500,2531,0,3.5303540898895664,-2.478958817875562,4.27,95.09,5
2023100500,2693,0,5.41400036941262,5.241370323033005,6.92,158.38,5
2023100500,2730,1,0.7692203845452875,3.9018773985808513,7.28,115.85,5
2023100500,2755,1,2.4382370680473247,4.213261249385309,5.74,52.56,5
2023100500,2800,0,4.412708918566915,0.8413439129652789,3.61,179.91,5
2023100500,2964,1,1.4940214188558294,-4.130119244177682,3.57,282.44,5
2023100500,3075,1,1.0791200118615183,0.5246504986457816,5.86,76.15,5
2023100500,3163,0,3.867453942841462,-2.653755634281281,4.58,294.34,5
2023100500,3199,1,2.692953768633985,1.1670412436491606,1.1,216.8,5
2023100500,3224,1,2.596247291765557,-2.123848944783677,5.05,250.63,5
2023100500,3247,0,3.4017789463749692,5.42000195611879,5.11,6.45,5
2023100500,3302,1,0.8026207074328471,2.7845710748644166,7.35,312.3,5
2023100500,3325,0,8.038538424365465,-0.834279330979932,3.14,241.03,5
2023100500,3350,1,1.35340311806941,-1.830979419500978,7.52,267.0,5
2023100500,3375,1,1.307363759632338,7.3266383508067605,7.64,355.87,5
2023100500,3398,0,3.326093805051204,-0.39696419780386294,4.42,298.07,5
2023100500,3421,1,2.906974372092059,3.1012638171355924,6.42,305.24,5
2023100500,3532,1,0.9013878188659973,3.7807715126082333,6.83,19.83,5
2023100500,3575,0,6.5625680948848055,-0.5799639370356172,6.33,201.32,5
2023100500,3605,0,5.8021806245583285,-0.7968705838000231,7.4,226.4,5
2023100500,3672,0,8.190543327521075,-3.7028289078881116,1.18,242.76,5
2023100500,3697,1,1.3710215169719286,-4.487430901328664,8.4,302.41,5
2023100500,3745,1,1.7387639287723906,8.096522335695354,8.72,207.32,5
2023100500,3770,0,5.261862788024791,0.11540895948524987,6.42,242.72,5
2023100500,3793,0,9.675913393576856,-1.7926480619029297,5.89,155.43,5
2023100500,3827,0,6.483532987499948,1.454888736606038,6.1,342.75,5
2023100500,3918,0,4.087248463208475,-1.307203672925951,4.58,84.77,5
2023100500,4002,0,5.070000000000007,-1.4127890410594302,3.87,269.71,5
2023100500,4047,0,12.437061550060765,-0.7257833276989857,5.22,268.98,5
2023100500,4195,0,6.562202374203344,-3.6879202351052545,3.75,225.55,5
2023100500,4220,0,4.765259699113998,-2.2204822598121488,2.67,288.97,5
2023100500,4268,0,8.270217651307613,-0.9825971723847261,7.48,352.66,5
2023100500,4293,0,5.232064602047648,-0.5865543511264492,3.18,254.49,5
2023100500,4318,0,8.022468448052633,-2.724507812924601,2.99,264.9,5
2023100800,62,0,5.142071566985431,2.403028015526577,4.81,156.15,5
2023100800,220,0,4.968470589628155,2.7043240997785127,2.99,210.37,5
2023100800,245,2,2.176809592040608,2.4431251319442397,5.76,342.84,5
2023100800,317,1,2.7765626231007308,5.350377233356568,7.95,23.01,5
2023100800,657,0,6.69223430552158,2.3089113148170197,4.14,323.24,5
2023100800,682,0,5.3069011673480375,-1.0961561320877107,7.25,185.69,5
2023100800,783,0,4.762740807560284,1.6462320034473934,7.81,62.72,5
2023100800,835,0,3.1681066901226633,-3.9572415885274257,6.61,85.05,5
2023100800,860,1,2.3122499864850274,-6.341413565754785,7.48,47.6,5
2023100800,883,0,7.782216907796907,0.21872336623866118,6.89,156.86,5
2023100800,1006,0,8.166272099311911,-2.158960153264789,3.81,298.89,5
2023100800,1053,0,5.705523639421724,-5.779261869940238,5.6,181.81,5
2023100800,1120,1,2.9347061181658294,4.296188843733262,5.7,177.84,5
2023100800,1186,0,6.869621532515459,-2.0863396915709824,3.88,229.3,5
2023100800,1238,0,4.0512343797909285,0.8697890264059979,2.57,314.38,5
2023100800,1393,1,1.9730686759461775,2.156049446464802,5.78,325.11,5
2023100800,1418,1,1.1552056094046663,4.307297340396072,7.27,310.18,5
2023100800,1479,0,3.437920883324689,-4.837969522836761,7.34,132.53,5
2023100800,1516,0,4.534192320579269,-0.5297068260302993,4.39,63.75,5
2023100800,1563,0,8.451869615653095,-0.2513889026425704,5.72,163.06,5
2023100800,1676,1,2.1319005605327854,1.6490429752940077,3.77,308.73,5
2023100800,1699,0,9.864709828474428,-2.71282557103185,5.3,345.47,5
2023100800,1744,1,1.2340583454602139,0.4034252026713814,6.16,133.81,5
2023100800,1796,1,0.9716995420396171,-3.985085826582882,5.53,78.63,5
2023100800,1821,0,5.782499459576284,-1.7792196966579414,2.4,59.09,5
2023100800,1933,0,3.8808504222657225,-0.9421074358305603,4.6,50.43,5
2023100800,1990,0,3.6317626574433612,-2.516019773939618,6.15,62.45,5
2023100800,2020,0,3.5855961847369326,4.904550359352228,7.55,105.81,5
2023100800,2077,0,9.170479812965075,0.819268605016264,3.35,273.58,5
2023100800,2102,0,4.540495567666594,-2.8101340664645607,3.44,290.4,5
2023100800,2132,0,11.097373563145466,-2.1786275099863426,4.19,265.3,5
2023100800,2157,1,1.3301503674397117,2.7667514979715713,7.16,247.98,5
2023100800,2199,0,3.3308407347094806,-3.281947003083433,4.24,275.0,5
2023100800,2342,0,6.478371709002184,-3.7815136422745583,4.26,312.57,5
2023100800,2389,0,6.48950691501288,1.4288575272384374,4.06,302.5,5
2023100800,2782,0,9.676466297156212,3.0281118523936055,5.47,358.22,5
2023100800,2812,1,2.2005453869438814,-3.2603130181287177,4.85,309.95,5
2023100800,2835,1,2.151882896442092,3.3243312153752975,8.61,209.99,5
2023100800,2934,1,1.8483776670366898,-4.462635508875068,4.76,67.78,5
2023100800,2981,1,1.890661259982867,-5.186399150622047,6.87,108.06,5
2023100800,3004,0,7.4418277324861535,-3.8335770995878393,5.59,62.07,5
2023100800,3066,0,6.339124545234932,-2.8318456225976245,2.5,21.96,5
2023100800,3098,0,4.246056994436132,-3.9399067370170817,4.49,93.25,5
2023100800,3123,0,3.0985480470697913,5.483268198297146,7.37,23.33,5
2023100800,3234,1,1.2495199078045938,1.2585133288202175,5.71,129.43,5
2023100800,3359,0,8.27798284608032,-1.93579538299939,1.92,92.31,5
2023100800,3443,1,0.9708243919473788,-0.6552160161107956,0.52,64.13,5
2023100800,3466,1,2.0044949488586905,2.9505876203877093,8.92,122.19,5
2023100800,3504,1,1.5962455951387997,-5.94955304426706,6.75,295.08,5
2023100800,3604,1,2.0278560106674193,8.378283996078249,9.2,340.44,5
2023100800,3708,1,2.6240617370786046,1.9526370142440412,4.39,240.61,5
2023100800,3917,0,7.893693685468169,-0.6257400890120417,6.76,85.23,5
2023100800,3975,0,13.388861041925855,-0.6669679826515598,2.28,43.09,5
2023100800,4000,0,3.6496575181789344,5.211580621847477,6.97,182.44,5
2023100800,4030,0,5.120087889870632,1.114076686090967,2.33,41.48,5
2023100800,4055,0,6.391509993733874,-2.398667233478789,6.87,357.04,5
2023100800,4113,1,1.7967192323788388,2.2773015128563463,5.21,153.22,5
2023100800,4174,1,2.3336237914453974,-2.630918170330264,5.39,149.61,5
2023100800,4235,1,1.1896217886370457,8.198039909318213,8.09,48.43,5
2023100800,4350,1,1.5088074761214523,0.7461795981094759,7.98,298.36,5
2023100800,4478,0,3.4468826495835314,1.426427109921602,8.99,64.09,5
2023100800,4503,0,3.0623520372419595,4.3775760400111805,6.98,103.38,5
2023100800,4731,1,1.2734991166074656,0.4286103859587205,6.27,64.38,5
2023100801,128,1,0.9200000000000017,-4.512164184617997,5.09,305.18,5
2023100801,199,1,1.5654072952430016,1.3443032224960132,4.46,141.73,5
2023100801,224,0,5.055422830980613,-1.1903467003012502,6.16,162.68,5
2023100801,341,0,6.611542936410539,0.7650725444830352,3.92,342.71,5
2023100801,391,0,5.989432360416137,-0.9695307803430881,5.89,241.13,5
2023100801,460,0,3.0375812746328283,2.438641526809915,6.75,237.42,5
2023100801,590,1,2.7051986988019934,-0.6499684348271826,1.2,62.68,5
2023100801,615,0,11.960221569853964,-1.8725244887055095,4.94,357.03,5
2023100801,674,0,4.642251608863962,0.5893431260856747,7.19,333.25,5
2023100801,779,1,1.7866449003649334,2.463633102618877,6.39,323.02,5
2023100801,868,1,1.1851160280748911,-3.5261557582492107,6.82,62.63,5
2023100801,915,2,1.8835339126227533,2.6741545547071515,6.28,86.51,5
2023100801,982,0,5.466305882403582,-0.6056503414166228,7.35,237.57,5
2023100801,1005,1,1.045609869884558,-1.0937578700929897,3.9,300.49,5
2023100801,1119,1,2.5725668115716607,-3.1590672472621737,5.24,163.54,5
2023100801,1148,1,2.548921340488949,0.3387400681600441,6.32,67.85,5
2023100801,1191,0,7.10178146664624,4.7783144776337805,7.6,334.63,5
2023100801,1245,0,3.019552947043649,-4.622215593292883,1.18,183.6,5
2023100801,1268,2,1.0700000000000003,3.824395447349391,5.39,298.8,5
2023100801,1311,0,3.814734591029893,-4.758092579263133,8.05,122.91,5
2023100801,1365,0,3.8137121024010208,-2.8113998787587873,4.61,102.31,5
2023100801,1467,0,6.690239158654939,3.1370844103943094,6.13,74.56,5
2023100801,1521,1,2.751381471188607,4.417600421776954,6.02,131.61,5
2023100801,1591,1,1.114136436887333,2.733823851668944,7.53,264.13,5
2023100801,1614,0,5.158420300828547,2.207480618490675,2.21,190.79,5
2023100801,1680,0,6.718400107168376,-2.771285350166904,3.59,107.6,5
2023100801,1782,0,4.272762572388034,2.74028327470018,6.81,81.43,5
2023100801,1831,1,1.959311103423855,1.2717948686630862,7.31,135.69,5
2023100801,1876,0,5.598080028009606,-0.24703883915710412,4.31,68.62,5
2023100801,1967,0,8.5000058823509,-2.2299992037684744,4.75,255.67,5
2023100801,1999,1,2.3032585612562,0.8256212153383489,3.96,331.43,5
2023100801,2058,1,1.4996666296213976,1.7189582930451128,4.25,195.02,5
2023100801,2081,2,1.282263623440984,0.04814798218126182,7.21,301.32,5
2023100801,2104,0,4.560975772792484,5.315828962647968,7.81,326.85,5
2023100801,2132,0,3.3643572937486934,-0.475506110168433,7.2,186.77,5
2023100801,2171,0,8.035004667080162,-2.54925591604827,6.94,354.01,5
2023100801,2346,1,2.3131147831441496,7.487595679893664,8.59,342.03,5
2023100801,2393,0,6.179482178953187,4.432572840326841,6.15,353.76,5
2023100801,2418,0,4.577248081544187,3.0857194629281692,6.24,251.25,5
2023100801,2493,0,5.638661188615608,1.08941616411682,1.31,224.41,5
2023100801,2675,1,2.9110994486619624,1.4721785957065945,6.01,245.98,5
2023100801,2741,0,10.138293742045551,-4.172458660608348,4.79,167.31,5
2023100801,2793,0,3.743180465860555,-5.168757856870702,6.83,59.57,5
2023100801,2917,1,2.6468282906150153,-4.401304338459827,2.85,77.77,5
2023100801,2942,0,3.7242583154233517,-0.24716810180066962,4.38,10.86,5
2023100801,3107,1,2.50347758128568,0.4654159230793259,5.91,68.23,5
2023100801,3190,0,5.637534922286513,-1.0067407570688927,6.8,171.93,5
2023100801,3358,0,6.963346896428468,2.7236493102142054,4.17,347.44,5
2023100801,3481,1,2.2299103120977772,2.449252100116716,7.95,44.86,5
2023100801,3586,1,1.0855873986004074,2.926423163143254,7.42,235.8,5
2023100801,3667,0,9.20978284217386,-0.510638856289295,3.25,7.23,5
2023100801,3692,2,1.3980700983856285,-0.270219003229451,6.02,250.76,5
2023100801,3739,0,5.00300909453501,2.3057765109182844,5.59,335.61,5
2023100801,3774,1,1.2022063050907732,-2.277267979927998,4.06,302.82,5
2023100801,3889,0,4.99768946614333,-3.3364025108458155,4.63,161.47,5
2023100801,4012,1,1.8558555978308207,5.955191107123424,7.89,28.28,5
2023100801,4088,1,2.908143737850663,-1.6021008912280037,6.42,77.56,5
2023100801,4145,0,11.626770832866706,-5.095717188333417,5.99,193.68,5
2023100801,4175,0,5.037241308494165,-1.8874039523471413,4.67,247.08,5
2023100801,4222,0,5.846605852971442,-0.541030159644569,5.07,232.91,5
2023100801,4252,0,5.2560156011945,0.6914948363044877,4.83,225.62,5
2023100801,4277,0,4.29847647428714,0.4732777021532337,6.7,273.3,5
2023100802,56,0,3.061404906248101,-2.4110720937822667,2.43,273.32,5
2023100802,152,1,1.7762882648939586,-5.600420180589102,4.99,303.59,5
2023100802,361,0,5.309934086219903,-0.23494801133241594,6.94,70.97,5
2023100802,393,0,5.319191667913466,-3.079286277349004,5.98,72.08,5
2023100802,535,0,4.127783909072759,4.483848175313735,7.62,203.72,5
2023100802,653,1,1.8696791168540183,0.2870098286242483,4.25,162.37,5
2023100802,700,0,3.270978446887104,5.5673269731409665,7.46,21.43,5
2023100802,789,1,2.8991895419237386,-0.06899764867159397,4.96,204.15,5
2023100802,829,0,5.013631418443123,-1.3328620732773897,5.58,208.98,5
2023100802,854,0,3.2221886971435985,-3.0281288833670654,2.47,312.38,5
2023100802,901,0,7.311210570076615,-3.0105345272876423,5.95,320.12,5
2023100802,1052,0,8.514111815098508,-3.1444671264937054,5.36,190.59,5
2023100802,1148,1,1.4582523787054105,-0.5973020867687582,6.47,96.63,5
2023100802,1193,1,1.2007081243999351,1.3509408729318442,3.74,123.84,5
2023100802,1264,0,4.28360829208274,0.40505494387622853,2.81,226.96,5
2023100802,1311,1,1.2701181047445949,-0.2884837468307264,5.94,245.69,5
2023100802,1334,1,1.6876018487783184,5.070724709589632,6.97,280.48,5
2023100802,1370,0,3.249999999999999,3.6074690455446135,2.8,359.09,5
2023100802,1393,1,2.9213866570517504,-0.009217846572338373,3.66,334.09,5
2023100802,1418,0,6.055617227005023,-1.942566740487778,7.18,317.78,5
2023100802,1441,0,9.727656449525757,1.7860865711896892,6.78,340.2,5
2023100802,1729,1,1.5052574530624319,2.7416090016921246,5.23,220.34,5
2023100802,1793,0,5.480337580842987,3.060052623009415,7.21,54.52,5
2023100802,1820,0,3.07148172711478,5.235702855508835,7.59,301.73,5
2023100802,1884,0,3.891336531321858,-2.043480600860951,3.6,134.96,5
2023100802,1931,0,3.5578785814021203,0.6670619626669851,6.21,129.11,5
2023100802,1956,0,3.220636583037578,0.6421332593939474,2.31,127.24,5
2023100802,2051,1,0.6000000000000071,1.9271895876561977,8.06,24.11,5
2023100802,2074,1,1.1395174417269793,-2.4318254747584707,5.19,115.53,5
2023100802,2283,0,3.3324165405903248,-0.9890807595989825,4.6,99.31,5
2023100802,2308,0,10.685228121102517,-1.7128136588168186,4.76,74.54,5
2023100802,2355,1,1.675470083290054,0.9816172244904721,0.94,144.85,5
2023100802,2557,1,2.057984450864483,0.5832977548282243,4.23,358.5,5
2023100802,2644,0,4.623429463071752,2.9288129551501783,6.81,219.85,5
2023100802,2743,0,9.315240200875126,0.4849129593650605,5.11,138.59,5
2023100802,2921,1,1.606393476082365,-3.6788964176686387,5.13,275.86,5
2023100802,3001,1,1.964204673652925,2.8986538855118913,7.37,10.02,5
2023100802,3033,0,16.457475505070637,-3.97024468413555,4.18,353.95,5
2023100802,3103,1,1.1947384651043869,0.5197824354948557,4.09,106.98,5
2023100802,3270,1,1.1221853679316953,-3.594325128083168,2.26,117.44,5
2023100802,3322,1,1.5541557193537638,2.1764724117368517,4.64,170.89,5
2023100802,3380,0,4.884802964296518,-2.8372062746501197,6.24,38.56,5
2023100802,3444,1,2.5866000850537336,-3.3468793772651457,7.71,66.4,5
2023100802,3530,1,1.4035668847618148,0.8717988894987596,6.56,226.36,5
2023100802,3769,0,3.0686316168611696,2.6671150984269554,7.65,95.96,5
2023100802,3816,1,1.5920113064925139,3.4773955044544085,5.31,21.99,5
2023100802,3841,1,2.0690335908341373,1.2177683589687698,6.47,5.38,5
2023100802,3866,0,3.1400636936215096,-0.12482570631416956,5.02,136.29,5
2023100802,3891,0,4.6824993326214175,3.964457282618104,6.5,156.6,5
2023100802,4044,0,4.016590594023741,-1.164847318671224,3.32,4.1,5
2023100802,4069,1,2.462925090212849,-2.163712881582271,6.07,19.2,5
2023100803,84,0,4.447133908485336,-0.310797793642901,4.83,326.85,5
2023100803,109,0,13.994356005190093,-4.725466285168235,6.19,194.54,5
2023100803,134,1,0.8626702730475858,4.281562925537131,4.99,263.34,5
2023100803,157,1,2.1199292441022592,-3.8245583841573865,6.42,302.33,5
2023100803,180,0,9.775479527879956,-3.7099631381842086,6.32,204.65,5
2023100803,255,1,2.2370739817896066,-3.2581794972005165,4.05,146.08,5
2023100803,314,1,2.962853354454121,-8.002146641523797,6.28,28.89,5
2023100803,339,1,0.8646964785403024,3.2000844842679577,7.31,58.88,5
2023100803,442,0,3.2207452553718126,5.747152053624264,7.65,4.52,5
2023100803,489,0,3.2289317118824266,-2.2259199350008814,4.17,36.81,5
2023100803,558,1,2.3756472802164903,3.6244057638234737,6.42,56.88,5
2023100803,606,0,5.110244612540572,-1.0795937392916208,3.75,70.46,5
2023100803,631,1,1.2522779244241387,0.3445182573226983,1.01,200.75,5
2023100803,730,0,3.8967935536797422,-1.7032631878359423,4.78,216.21,5
2023100803,925,0,4.757415264615865,-0.872527851178265,6.95,291.03,5
2023100803,974,0,4.996048438516183,-1.310729806336614,5.52,33.2,5
2023100803,1028,1,1.45261832564511,0.257364768373713,5.79,103.43,5
2023100803,1135,0,4.384632253678748,3.063662405534695,8.16,79.23,5
2023100803,1395,0,5.818264346005598,-1.4470544005118784,7.0,341.12,5
2023100803,1418,0,15.19660817419466,1.5217201971192673,5.06,310.13,5
2023100803,1476,0,4.740675057415348,1.8025300148846182,7.06,334.21,5
2023100803,1528,0,3.9194514922371475,0.8682585913668224,4.64,306.28,5
2023100803,1655,1,1.5469324484281772,-1.4271025486199578,1.26,35.14,5
2023100803,1702,0,3.398602654032979,-0.28508416585375174,5.23,37.44,5
2023100803,1725,1,0.9884331034521258,3.7819465150563616,7.72,358.64,5
2023100803,1750,0,7.3119696388866355,-0.8936966799073269,5.55,24.1,5
2023100803,1884,0,6.057491229873957,-4.159168248126956,5.04,153.94,5
2023100803,2011,0,5.811110048863299,1.5164734815398138,4.2,91.75,5
2023100803,2036,0,8.898011013704126,-0.20013412471559144,9.13,26.96,5
2023100803,2144,1,1.6183942659315065,0.003080441631412967,6.59,243.79,5
2023100803,2421,1,1.570000000000001,-2.675144981118963,3.82,112.76,5
2023100803,2504,1,2.0302709178826372,1.4087187819865763,2.97,156.81,5
2023100803,2551,1,2.5192459189209737,3.0004083462917324,7.12,18.29,5
2023100803,2644,0,4.038378387422352,2.612322820903744,7.88,90.59,5
2023100803,2735,1,1.869438418349214,-1.9855298852376673,4.51,239.57,5
2023100803,2898,0,10.055093236763145,-3.3318906605699956,6.76,173.24,5
2023100803,2923,1,1.0062305898749104,-2.9070997279932866,3.93,120.04,5
2023100803,3029,0,3.9003717771515087,1.967858741627942,5.91,212.88,5
2023100803,3098,1,2.6754065111679775,-3.479658270996443,5.53,248.34,5
2023100803,3145,0,4.042190000482413,1.8724273416503199,7.55,194.32,5
2023100803,3192,0,6.527633568147038,-0.1622476542334936,4.77,254.94,5
2023100803,3276,1,1.554155719353757,0.7049742559517856,2.1,26.46,5
2023100803,3301,0,6.265564619409811,2.0301436086843965,5.58,166.11,5
2023100803,3494,0,3.604691387622525,-2.6236280487583157,5.87,80.27,5
2023100803,3700,1,2.9255426846997143,4.089357950175059,5.93,339.83,5
2023100803,3723,0,10.471680858391357,0.5188086983868537,6.49,206.45,5
2023100803,3776,1,1.7602556632489492,2.377665360012219,2.11,358.97,5
2023100803,3855,1,1.931269012851394,3.622533190705066,6.75,241.78,5
2023100804,79,0,4.30202278004197,-3.578416693355983,5.07,323.99,5
2023100804,148,1,2.388828164602889,1.2953300683517701,7.75,354.61,5
2023100804,272,0,5.6677332329600665,-3.3248261733324416,8.47,142.23,5
2023100804,366,0,4.655878005274625,-0.11061095651843222,7.93,155.2,5
2023100804,389,2,1.2277621919573916,6.145503029769869,6.24,11.21,5
2023100804,513,1,2.2526872841120227,-1.749513089610605,5.73,225.3,5
2023100804,695,1,2.664000750750648,-1.0714151981157212,2.12,244.39,5
2023100804,851,1,2.421569738826452,-1.2080135273675632,8.18,174.91,5
2023100804,946,0,4.090305612053949,-0.4920545535192501,4.51,84.06,5
2023100804,1100,1,1.3662357044082831,5.088147750356479,7.49,204.36,5
2023100804,1209,1,1.4061649974309576,1.1782113928960394,6.45,64.74,5
2023100804,1232,0,3.3945397331597116,1.0425114022422646,6.32,127.64,5
2023100804,1393,0,4.8708212859845235,0.8309855449066794,8.1,169.03,5
2023100804,1488,0,5.028011535388518,-0.5555454745017372,5.23,144.63,5
2023100804,1513,1,0.9347726996441401,2.9063691166913808,5.8,140.3,5
2023100804,1725,1,1.4080127840328729,0.7420962607718757,6.74,223.2,5
2023100804,1755,1,2.40149953154274,4.068922477301545,4.64,234.96,5
2023100804,1828,0,3.238054971738433,-1.6468200179817685,4.52,287.97,5
2023100804,1857,0,3.485426803133299,3.482818960478406,6.79,264.47,5
2023100804,1914,0,3.632478492709904,1.3934707784945917,6.38,279.53,5
2023100804,1939,0,6.8877427361944985,-0.14949036909291957,5.62,251.27,5
2023100804,2119,1,1.7314156057977428,4.994599084961644,9.16,328.76,5
2023100804,2142,0,4.44014639398298,-0.3636653327048504,3.72,310.36,5
2023100804,2167,1,2.146182657650559,5.894227375478672,8.58,278.72,5
2023100804,2271,0,4.550010988997717,1.3061006170961864,5.48,168.49,5
2023100804,2296,0,3.980276372313864,2.7946614096260554,3.08,120.26,5
2023100804,2430,0,5.208781047423666,3.067193975850709,6.14,153.54,5
2023100804,2560,0,5.9887310842948915,0.15996576468260626,7.67,186.4,5
2023100804,2585,0,3.7254261501202666,-2.1835157107869905,7.82,171.47,5
2023100804,2689,0,4.420961433896483,-1.1968148302130484,4.93,140.29,5
2023100804,2986,0,4.952191434102683,1.4645367470254957,5.71,336.28,5
2023100804,3128,1,0.772010362624753,-0.06994449932841729,5.19,174.83,5
2023100804,3205,1,2.0263267258761575,0.9127891889534491,2.76,212.71,5
2023100804,3309,0,3.4998571399415654,0.655695460173294,5.02,318.39,5
2023100804,3337,1,1.4996666296213992,4.329297668500423,7.44,268.36,5
2023100804,3467,0,5.143277165387846,-0.4861571901964101,8.39,7.54,5
2023100804,3492,0,3.0224824234393832,1.4425071601723605,8.37,191.85,5
2023100804,3578,0,7.607634323493736,-5.340781528410421,6.48,178.13,5
2023100804,3603,0,4.082597212559664,-1.2442191509922595,2.09,206.87,5
2023100804,3677,0,4.726192971092066,0.4337591194506706,7.96,206.82,5
2023100804,3702,1,1.1806777714516352,0.2844848126472983,1.94,222.29,5
2023100804,3727,0,5.781323377912703,0.5037082830986839,3.7,330.5,5
2023100804,3825,0,3.2810059433045837,-5.128503102628951,6.15,185.91,5
2023100804,3850,0,4.332631994527116,2.366210327903845,3.41,337.86,5
2023100804,4007,0,5.988397114420517,1.2569285356628876,3.78,149.65,5
2023100805,84,0,4.9105702316533435,3.9852493432470464,4.55,221.3,5
2023100805,109,1,2.817605366264056,0.9632502600539083,6.97,332.98,5
2023100805,180,0,3.971347378409497,1.8539882252892128,6.84,237.38,5
2023100805,247,0,5.022917478916011,-1.185537873815655,7.83,252.35,5
2023100805,377,1,1.108602724153247,6.752179690233388,8.26,159.51,5
2023100805,400,1,1.395600229292042,-0.4940168337143118,7.95,60.18,5
2023100805,471,0,9.16105889076148,-0.6847209586990931,6.02,354.17,5
2023100805,525,0,7.1772209106310765,-4.146767881079526,5.52,198.2,5
2023100805,600,0,3.1797012438277874,0.05018564911019774,4.39,164.07,5
2023100805,748,0,3.237838785362851,-3.165147430914299,7.45,72.01,5
2023100805,901,1,1.8280043763623735,2.428444581340816,6.04,13.69,5
2023100805,997,0,4.890480548984949,2.684750666650527,1.56,18.49,5
2023100805,1052,0,7.82951467205982,-1.239692465472579,7.53,334.01,5
2023100805,1099,1,2.0640009689920213,2.7765103639652144,8.78,229.53,5
2023100805,1266,1,1.465127980757998,1.4005466121643642,1.41,270.14,5
2023100805,1311,1,1.0278618584226191,1.8563721326897178,7.55,298.72,5
2023100805,1353,0,24.3009073904659,-3.9318332703333847,5.96,147.31,5
2023100805,1476,0,3.7129503093900955,3.0768042822131094,2.94,69.27,5
2023100805,1584,0,5.886875232243342,3.807100984486007,6.7,329.4,5
2023100805,1721,1,0.784091831356501,1.680596818687543,7.92,283.27,5
2023100805,1845,1,1.4358969322343438,-4.278517269895449,2.87,119.33,5
2023100805,1948,0,3.624155073944822,0.2986582624006618,6.52,147.93,5
2023100805,2053,1,2.545682619652346,-4.1791857147349605,6.15,304.34,5
2023100805,2095,0,4.701116888570201,1.1286100949218678,6.02,229.94,5
2023100805,2226,0,8.227812589017809,2.1672755040748473,3.29,253.09,5
2023100805,2379,0,5.475216890681127,1.9169330498460002,5.67,186.25,5
2023100805,2452,0,5.481505267716151,4.910109868654998,5.55,165.91,5
2023100805,2586,0,4.3077720459652875,1.5103811945941117,7.0,200.27,5
2023100805,2633,1,1.0220078277586722,-2.0251751815852135,4.68,249.3,5
2023100805,2735,0,4.9403643590326425,4.128588482295434,2.78,107.83,5
2023100805,2836,1,1.1428035701729276,3.272356605058162,6.65,173.44,5
2023100805,2864,0,4.70159547387905,-0.6271051315484439,5.13,219.43,5
2023100805,3057,0,3.3134423187977804,-1.296232381231418,6.59,66.45,5
2023100805,3179,1,2.0227209397245116,5.030354193989364,7.89,156.29,5
2023100805,3222,0,3.8951251584512665,4.868198952500898,8.75,325.67,5
2023100805,3271,0,8.560338778342832,0.49495069237077866,6.68,24.81,5
2023100805,3338,0,9.63954874462493,2.145037662167561,5.5,351.18,5
2023100805,3510,1,2.997665758552812,6.263821821308351,7.04,54.42,5
2023100805,3646,0,10.15657422559398,-0.8373758511821054,5.72,348.04,5
2023100805,3691,0,3.062760193028507,0.15064242746961123,5.65,12.69,5
2023100805,3749,0,4.993125273813987,-2.971239654086716,2.93,105.81,5
2023100805,3774,0,3.807637062536291,5.469741480835613,7.12,165.48,5
2023100805,3863,1,1.6323296235748443,1.60470812715231,7.55,238.23,5
2023100805,3974,0,3.191755003129156,-0.7341020411653627,8.32,116.47,5
2023100805,4019,0,13.888945244330108,0.3188785430142701,5.21,149.08,5
2023100805,4226,1,0.9394147114027962,4.813455611942698,8.44,64.04,5
2023100805,4271,1,2.2610838109190063,1.2089574849009805,6.52,13.49,5
2023100805,4313,1,0.6906518659932809,-0.9964989157194798,2.15,93.93,5
2023100806,54,1,2.5015395259719586,9.228268098437255,9.2,188.66,5
2023100806,133,0,3.282742755684644,1.2052132956609105,7.37,32.93,5
2023100806,156,1,1.5829403020960715,1.0902094456435885,5.48,118.0,5
2023100806,179,1,1.7768792868397008,-0.8460246882422457,7.62,84.06,5
2023100806,273,1,2.318210516756399,-3.3791327966767746,6.38,191.79,5
2023100806,425,1,1.698499337650739,-1.6264640272788513,5.55,62.48,5
2023100806,450,1,1.4434680460612879,1.1654806768512007,1.79,323.15,5
2023100806,655,1,0.9419129471453295,1.7081694183831135,5.68,261.89,5
2023100806,713,0,5.476093498106106,-0.48346270745193964,2.19,128.87,5
2023100806,745,0,8.493444530930898,1.392453445182928,6.54,161.47,5
2023100806,814,1,1.8621492958407007,7.0739481142740965,7.71,8.67,5
2023100806,930,0,7.550821147398474,2.587228631198174,1.0,171.02,5
2023100806,960,1,1.7840403582878934,0.8253136757385264,5.41,330.35,5
2023100806,1036,1,1.9630843079195543,0.6035853022891351,4.7,284.12,5
2023100806,1059,1,2.0642189806316575,5.083345697397611,6.66,325.53,5
2023100806,1143,1,2.095709903588756,2.474497321735603,3.13,129.99,5
2023100806,1166,1,1.142322196230118,-0.02899653515115652,7.97,105.91,5
2023100806,1203,0,4.343731115066861,4.656787113825857,7.16,21.32,5
2023100806,1255,1,0.7224956747275368,3.287745918654364,8.1,76.12,5
2023100806,1300,0,9.751481938659374,-4.535097173902695,3.94,29.46,5
2023100806,1348,0,6.916559838532447,2.5468133184491797,5.34,183.99,5
2023100806,1464,1,2.049780476051031,5.361722496104502,6.9,343.19,5
2023100806,1582,1,1.0542295765154797,1.6095013688150366,5.35,29.16,5
2023100806,1629,1,0.6596969000988254,-3.72275273928031,3.47,347.23,5
2023100806,1743,0,3.272002444986867,3.9657806035519663,7.96,197.74,5
2023100806,1768,0,3.811154680670938,-2.43454078288282,2.83,249.34,5
2023100806,1813,2,1.448447444679998,0.21209613295472063,7.73,188.39,5
2023100806,1892,0,9.711488042519536,-1.0422185105068449,6.16,159.02,5
2023100806,1924,1,2.940017006753533,5.979011631023225,6.29,2.89,5
2023100806,1977,0,3.066202863477887,-1.4822260079009824,6.33,222.8,5
2023100806,2009,1,2.447611080216788,0.7018708527992918,4.95,300.62,5
2023100806,2112,0,3.9245127086047202,0.7462760786965927,3.46,346.48,5
2023100806,2208,1,1.6191355718407294,-0.5108987012466741,4.72,137.14,5
2023100806,2238,2,1.2083045973594584,0.23817365173453053,8.81,66.04,5
2023100806,2324,1,1.3998928530426935,2.1228171562572564,2.9,350.9,5
2023100806,2431,0,6.317349127600912,-2.1451764931031674,7.22,205.81,5
2023100806,2503,0,3.7604919890886634,1.8877027701787576,5.28,207.81,5
2023100806,2551,1,1.5838244852255554,1.6247125861109042,7.9,118.92,5
2023100806,2718,1,2.4254690268069843,1.007334353554141,7.69,120.81,5
2023100806,2831,0,8.292653375126685,-3.5702818728119907,7.17,227.33,5
2023100806,2887,1,0.9948869282486347,-1.6224248551445624,7.17,245.65,5
2023100806,3198,1,1.4499655168313494,1.7492917273360387,8.03,8.63,5
2023100806,3254,0,8.51936617360705,-3.607239929958839,6.97,161.59,5
2023100806,3356,2,1.1723907198540906,0.44616422394019806,7.5,40.52,5
2023100806,3379,1,1.5368148880070107,-1.0778539703691927,4.63,97.02,5
2023100806,3445,0,4.562455479234837,7.126657358084671,9.18,298.64,5
2023100806,3468,0,6.332969287782787,-1.199299324629329,4.99,340.67,5
2023100806,3672,0,4.240106130747196,1.9491936551893996,2.18,85.71,5
2023100806,3707,0,5.647530433738273,3.167338190078546,4.63,108.04,5
2023100806,3732,1,0.5939696961966998,2.6778162609853977,4.38,15.87,5
2023100806,3755,0,15.6804751203527,-1.3174045842582294,5.84,159.0,5
2023100806,3780,1,1.180720119249269,-0.8049550334865483,8.2,73.92,5
2023100806,3844,1,1.287361643051398,0.9252482661844772,8.05,110.62,5
2023100806,3899,1,2.630475242232865,-4.136052844462258,7.2,249.33,5
2023100806,4088,0,16.4300760801647,1.7136628305039878,4.47,319.78,5
2023100806,4149,0,14.128793295961254,-1.3036158597120826,1.58,344.48,5
2023100806,4174,1,2.4988397307550505,3.574550511631215,6.64,312.0,5
2023100807,97,0,4.397203656871034,1.8304122628681707,5.69,292.33,5
2023100807,162,0,3.6508903023783073,0.6182176445825388,4.23,95.1,5
2023100807,187,0,3.5350388965328285,-3.1745038579271685,5.53,45.65,5
2023100807,234,0,5.59914279153514,1.3118625231239078,5.34,161.21,5
2023100807,286,0,4.3318010111268865,-1.6742256313360466,6.06,65.25,5
2023100807,380,0,5.632166545832967,1.4215588945317905,6.92,357.79,5
2023100807,405,1,2.6764155133312193,1.3664241613794919,3.89,6.62,5
2023100807,491,1,1.1280514172678455,4.307251214838675,8.27,262.78,5
2023100807,594,0,6.340764938081213,-1.1359394519827992,4.73,97.51,5
2023100807,644,0,8.06013027190008,1.5037813972424137,8.61,173.42,5
2023100807,674,1,2.3119256043393683,-1.0158929752786703,6.44,56.05,5
2023100807,709,1,1.0688779163216013,2.7803207236993064,5.18,16.44,5
2023100807,810,0,9.832400520727376,-2.925884897967465,4.82,342.77,5
2023100807,904,0,5.445071165742463,-3.9255799744598048,8.28,1.81,5
2023100807,956,0,6.448953403460133,-1.9611486537718792,2.63,96.29,5
2023100807,1026,1,1.390575420464495,1.5761037721545792,6.23,127.64,5
2023100807,1197,1,1.1229425630903858,6.38535414751164,8.6,153.89,5
2023100807,1249,0,5.69723617203991,-1.7470245116900016,4.02,11.95,5
2023100807,1296,0,3.1190543438677008,0.6539235632957295,3.97,137.36,5
2023100807,1382,0,4.659839053014599,0.3965223227231066,6.79,326.26,5
2023100807,1459,1,1.2215563842901354,-1.3987847462486551,8.76,40.42,5
2023100807,1561,1,2.4495101551126477,-1.8793936241067926,2.43,251.74,5
2023100807,1640,0,5.354642845232539,-1.098304275516395,5.75,241.5,5
2023100807,1665,0,5.019770911107397,3.7572792590864887,0.23,28.53,5
2023100807,1690,0,12.889840961004913,-1.122825052448906,4.92,357.18,5
2023100807,1715,0,5.2096928892210155,-0.8452997318169309,6.06,323.48,5
2023100807,1933,0,3.040148022712052,2.7838560408591384,2.56,92.99,5
2023100807,2044,1,2.1582400237230357,1.3811498710759795,6.52,147.87,5
2023100807,2100,0,3.2700152904841246,-4.769649502502831,6.95,252.33,5
2023100807,2125,1,1.1463420083029365,0.7104334043552347,5.99,308.21,5
2023100807,2165,0,4.788068504104758,-1.5419194377803096,5.61,204.33,5
2023100807,2309,1,2.801303268123613,0.525761321063394,3.3,248.21,5
2023100807,2356,0,6.72339943778443,-1.9499229100432505,9.84,301.44,5
2023100807,2442,0,3.1261797773000866,-1.5311897737065563,2.2,101.54,5
2023100807,2536,0,4.137692593704863,-1.493539664683356,2.96,208.95,5
2023100807,2588,0,10.496461308460109,4.51992924351843,6.25,170.9,5
2023100807,2723,0,12.28667977933827,-1.9442258809710515,6.5,189.28,5
2023100807,2748,0,4.648117898676832,-0.07960168308576243,3.97,222.48,5
2023100807,2847,1,1.1618089343777662,5.044888922330084,8.05,161.47,5
2023100807,2882,1,2.290087334579185,-0.39776997192992253,5.09,234.29,5
2023100807,2905,1,2.0518284528683255,2.2699664699710143,6.06,260.67,5
2023100807,3008,0,7.570660473168772,0.9376846239319983,5.82,152.35,5
2023100807,3272,0,3.0900647242412274,-4.3508055866272555,6.05,55.58,5
2023100807,3344,0,4.738280278750934,-2.0809307851068635,6.68,30.75,5
2023100807,3412,0,3.9634959316240113,0.32039045585616144,4.07,93.65,5
2023100807,3437,1,1.3513326755466264,1.8776791190111441,5.46,125.38,5
2023100807,3845,0,3.6913412196652966,0.5815126577087638,4.33,190.59,5
2023100807,3875,0,9.978877692406098,-4.288750031063811,7.73,355.79,5
2023100807,3900,1,1.479898645178105,0.8892539600639471,5.02,329.64,5
2023100807,3959,0,8.10255515254293,-0.7622861386935172,5.59,17.47,5
2023100807,4033,0,3.1405891167104247,-5.307863120711533,5.11,305.61,5
2023100807,4056,0,5.3815704027727795,-2.1848210760597815,6.21,308.86,5
2023100807,4081,0,11.832856797916557,-2.8654620878773516,4.28,282.71,5
2023100807,4129,1,1.666883319251832,0.24636373627018582,2.0,297.98,5
2023100807,4152,0,4.47004474250538,-4.649827414597212,3.92,264.55,5
2023100807,4175,0,5.556725654555927,1.3040080308858757,1.62,311.4,5
2023100807,4264,0,9.605664995199444,0.6787041937942762,1.02,240.46,5
2023100808,80,0,4.485398533017999,-2.179073787221747,7.6,348.74,5
2023100808,157,1,1.5697452022541771,-1.2315680635695814,1.95,306.58,5
2023100808,182,0,3.8612044752900636,6.329396298989087,7.3,335.02,5
2023100808,328,1,2.2517770760001974,0.36198473901828454,5.37,252.36,5
2023100808,392,0,4.2261211530196325,-3.0892790187769354,6.4,157.47,5
2023100808,415,1,0.6293647591023804,-0.27135076492974775,3.72,50.21,5
2023100808,440,0,4.203724539024888,-2.1973078968722177,5.14,105.96,5
2023100808,465,1,1.457154761856127,1.2031192632226078,4.34,29.65,5
2023100808,490,0,3.6405082062811016,0.5882438328703468,4.58,137.06,5
2023100808,546,1,2.412902816111748,0.6231065317688163,4.55,53.4,5
2023100808,620,1,0.7316419889536144,5.402430287706151,5.98,24.27,5
2023100808,643,1,2.05353354002315,-0.5856540968940693,5.37,45.77,5
2023100808,715,2,2.7009072549793296,1.7772791335176974,6.39,35.12,5
2023100808,801,1,1.8004999305748381,2.669361891038987,3.49,198.56,5
2023100808,826,1,1.6536021286875489,1.0573576886434068,5.52,331.77,5
2023100808,893,0,3.7283910739084214,0.665373348564545,4.11,150.27,5
2023100808,938,1,1.441006592628917,5.642345656185647,7.25,132.74,5
2023100808,984,0,5.123846211587538,4.740830056277862,7.81,161.85,5
2023100808,1125,1,2.48243831746129,-2.6965032895550607,5.52,204.63,5
2023100808,1148,1,1.9602295783912587,0.8127032649713406,2.9,200.49,5
2023100808,1229,0,8.891996401258833,0.42340444491312623,5.83,141.43,5
2023100808,1252,0,16.959834904856827,4.8326170757914495,6.24,131.67,5
2023100808,1304,0,3.751612986436634,-4.226209032264005,3.64,122.65,5
2023100808,1354,1,1.2287391912037333,1.2557158385267395,5.43,127.95,5
2023100808,1401,1,2.996681497923991,2.216174373712527,6.68,20.63,5
2023100808,1652,1,1.0089598604503593,6.222048497192749,7.01,249.22,5
2023100808,1741,1,1.1682465493208136,-1.0803119438095004,7.33,296.26,5
2023100808,1867,1,0.7561084578286373,5.254386447538364,6.26,128.85,5
2023100808,2079,1,1.2781236246936396,-1.7185466266639073,1.71,316.28,5
2023100808,2138,1,1.3694524453225843,-2.6903767563473897,8.14,223.53,5
2023100808,2303,0,7.879086241436885,0.8282361476993311,6.77,30.64,5
2023100808,2333,0,4.086783576359286,-4.819485329667071,6.27,16.92,5
2023100808,2370,0,3.0172835465033745,6.3139792668584676,7.61,57.62,5
2023100808,2417,0,5.165365427537533,3.3605930052837514,6.64,185.86,5
2023100808,2442,1,1.406022759417503,-3.533942547122747,8.02,114.4,5
2023100808,2499,1,1.7365770930194855,0.03501480414233438,6.6,320.07,5
2023100808,2542,1,2.7080066469637813,-0.15301353401772255,6.09,314.71,5
2023100808,2805,0,3.5511406618155847,-2.2146660895409727,4.5,76.62,5
2023100808,2919,0,5.975156901705602,-0.318712097780004,4.77,356.0,5
2023100808,2942,0,4.704657267006812,4.039878627704471,6.93,168.07,5
2023100808,3015,0,4.902509561438917,-0.44695866296330733,7.0,216.14,5
2023100808,3107,1,2.3447814397081874,7.144300461971666,6.77,355.27,5
2023100808,3173,0,5.237804883727533,-1.682636841131981,3.98,85.43,5
2023100808,3242,1,1.5717506163510826,1.6414190716319392,8.18,83.19,5
2023100808,3265,0,4.335862082677445,-0.04578256661019553,3.59,82.87,5
2023100808,3290,2,1.1420157617125972,4.843399133504257,6.76,76.84,5
2023100808,3368,0,6.827276177217383,1.2086395410968007,8.77,327.82,5
2023100808,3425,0,6.471050919286604,-5.04954865044065,3.75,250.6,5
2023100808,3652,0,3.6977425545865144,-0.3632187482289888,5.43,119.03,5
2023100808,3687,1,1.9165072397463077,-0.6176496733613572,3.72,135.66,5
2023100808,3712,1,0.7294518489934766,5.962226522992876,7.36,80.38,5
2023100808,4040,1,1.4317122615944866,-2.3123455499805905,8.31,129.95,5
2023100808,4063,1,1.2586500705120514,0.7787432385688935,6.89,66.76,5
2023100808,4108,1,1.988064385275284,2.518673745948048,5.72,21.73,5
2023100808,4133,0,3.401293871455393,-0.0023108448991155384,2.91,129.31,5
2023100809,97,0,11.756138821909174,-1.9926583477517652,5.29,5.47,5
2023100809,168,1,1.7530829986056002,0.8799298278478169,4.19,153.51,5
2023100809,262,1,1.9112822920751364,2.6599373254194276,2.05,178.35,5
2023100809,328,0,6.997006502783884,1.5333787499538134,0.51,150.2,5
2023100809,353,0,4.431173659427027,-0.3716286995545006,6.42,202.3,5
2023100809,660,0,13.825223325501835,-1.0773391140236215,6.53,19.49,5
2023100809,709,0,18.940245510552394,0.9859683498062384,4.71,187.58,5
2023100809,884,1,0.9580187889598017,-2.0014874753337324,4.56,63.41,5
2023100809,994,1,0.7736924453553882,6.3329448952039336,7.46,228.71,5
2023100809,1398,1,1.0526157893552612,5.826476129061357,6.66,232.41,5
2023100809,1554,0,6.841907628724611,-2.63164319745712,6.12,135.58,5
2023100809,1584,0,18.055395315528262,5.932474238425127,5.82,186.57,5
2023100809,1629,0,3.0634947364080687,-0.2432285376434118,6.94,167.43,5
2023100809,1681,0,6.450713138870774,-0.32265741436848033,6.15,160.84,5
2023100809,1817,1,2.951135374732917,-2.3118334223875996,3.99,233.75,5
2023100809,1842,1,0.9843271813782265,-0.31484864438719895,5.46,202.88,5
2023100809,1895,1,2.0366639388961585,-0.09596868243264776,1.71,66.16,5
2023100809,1920,0,6.861661606345797,1.845096091651824,4.22,250.55,5
2023100809,1999,0,4.874884614019086,-3.79517543602977,5.91,306.73,5
2023100809,2036,0,6.897137087226844,-1.7979287989935981,6.68,200.7,5
2023100809,2119,0,7.503225972873268,-2.7111735156528933,6.94,221.82,5
2023100809,2344,0,3.7359068510871585,5.76297923321336,2.9,57.45,5
2023100809,2460,1,2.2737853900489338,-1.4499660240191514,3.68,24.75,5
2023100809,2529,0,4.043167075449646,-4.4369232997406405,8.15,35.48,5
2023100809,2840,0,4.6833428232406815,2.4573236717842324,2.34,55.6,5
2023100809,3128,0,3.845022756759703,1.8895343221484402,3.17,270.24,5
2023100809,3216,1,2.675256997000471,6.720548524080806,7.13,339.69,5
2023100809,3324,1,1.9795201438732564,7.868209032459036,8.68,205.23,5
2023100809,3517,0,4.4481456810675555,-1.7323618282377957,6.62,37.82,5
2023100809,3580,0,4.3001046498893505,4.433771706906364,7.75,173.5,5
2023100809,3627,0,5.965852830903562,0.8189857400705239,5.0,149.2,5
2023100809,3764,1,2.5428330656966023,2.12848084875491,5.21,289.54,5
2023100809,3840,1,1.5326447729333788,-1.1997190899172745,7.82,305.86,5
2023100809,3874,0,11.383430941504411,-3.108373005479476,1.28,217.12,5
2023100809,3904,0,3.341496670655234,-2.2340978089185897,6.2,61.07,5
2023100809,3929,0,10.601207478396029,-2.089545821518675,3.85,45.08,5
2023100809,3981,1,1.777301325043113,-4.030439147413176,6.59,89.08,5
2023100809,4095,0,3.895754099016,-1.9489134265643968,4.31,2.85,5
2023100809,4120,1,1.3781872151489398,7.95076272343493,7.31,27.58,5
2023100809,4157,0,12.939629051870076,1.2253153313515037,4.4,117.3,5
2023100810,55,0,5.9160882346361285,2.2238385584597666,5.16,164.31,5
2023100810,165,0,4.887504475701273,0.10097630171616062,1.86,209.51,5
2023100810,190,1,1.39230025497376,1.0194347906075065,3.45,188.98,5
2023100810,215,1,2.055650748546554,-0.4323449352430093,7.89,325.8,5
2023100810,238,0,4.2511763077999944,3.854743691705594,6.82,356.63,5
2023100810,411,1,1.5825612152457118,1.075232270182657,5.17,22.33,5
2023100810,467,1,2.418780684559891,-2.3053973129642498,4.7,63.16,5
2023100810,539,1,1.857444481000719,-0.07765254863356863,3.64,45.3,5
2023100810,575,0,4.978373228274482,2.569654366173774,0.91,43.52,5
2023100810,678,0,3.731005226477174,5.6023806496637,5.01,68.17,5
2023100810,791,0,7.13148652105576,5.514760519675811,4.67,250.0,5
2023100810,846,1,1.1543396380615207,3.915273716920761,7.17,240.21,5
2023100810,985,0,6.473090452017489,0.6705552126329611,1.36,200.01,5
2023100810,1076,0,4.160697056984561,3.210708091751593,5.68,280.66,5
2023100810,1192,0,8.511850562598008,-0.6327428750292892,6.59,191.58,5
2023100810,1343,1,2.7215069355046673,7.532338957088074,8.7,341.0,5
2023100810,1368,1,0.8868483523128394,4.004458309864224,6.51,310.28,5
2023100810,1434,0,14.131114605720242,-0.04331270350358862,5.52,175.82,5
2023100810,1479,0,4.820010373432821,0.5985194798350859,9.01,88.0,5
2023100810,1584,0,6.014815042875382,-2.8240399240291043,6.95,208.15,5
2023100810,1637,1,2.2428999086004695,-1.4380606092665391,3.97,222.7,5
2023100810,1753,0,6.077910825275411,-4.067643147207897,3.01,354.93,5
2023100810,1817,1,1.0912378292562996,-0.41180881676667336,8.22,220.48,5
2023100810,1890,1,1.6192899678562818,1.2648865828303542,5.05,130.27,5
2023100810,1915,0,10.742001675665477,-3.3449580990802414,4.18,180.92,5
2023100810,1962,1,2.2027482833950893,0.8784765601235562,5.22,62.84,5
2023100810,2049,0,11.45253247103015,-2.9603864877846293,2.64,129.25,5
2023100810,2151,0,11.989299395711159,-1.492807753953003,3.43,86.34,5
2023100810,2294,0,5.443987509170094,-4.66718694433352,8.66,56.65,5
2023100810,2351,1,2.3777720664521285,-4.165055751173161,4.0,43.48,5
2023100810,2376,0,6.310261484280981,-3.1682151168706363,5.18,80.68,5
2023100810,2423,0,5.771455622284562,-3.125608799725687,6.89,156.1,5
2023100810,2453,1,2.659793225045895,1.4043073026280988,6.28,94.02,5
2023100810,2476,0,4.390410003632919,-0.08153561335195027,5.65,48.57,5
2023100810,2499,1,0.9044888059008777,3.5687194302924845,5.38,147.15,5
2023100810,2563,1,2.7126739575555305,2.5664921197099497,7.09,291.6,5
2023100810,2608,1,1.1739250401963477,1.0604904991748034,7.59,242.0,5
2023100810,2707,0,4.633724204136457,-5.128148264619444,4.28,68.46,5
2023100810,2730,1,2.2743790361327223,5.456531316100684,6.26,158.15,5
2023100810,2822,0,4.051234379790929,-0.5939820964661768,5.64,152.81,5
2023100810,2940,0,7.242720483354299,-2.7783101378407893,0.42,265.76,5
2023100810,2995,0,6.854166616008102,-0.5224726054360684,6.3,153.0,5
2023100810,3042,0,6.5091090020063405,-2.7048388095656257,2.78,116.72,5
2023100810,3121,0,4.1434285320251405,-2.0842252215274133,1.68,140.56,5
2023100810,3146,1,1.780702108720042,5.5412504187931235,6.88,294.17,5
2023100810,3171,0,3.2046996739164237,2.4018160422252444,2.77,314.92,5
2023100810,3283,1,1.9228364465029337,4.489954953382297,7.22,164.63,5
2023100810,3330,1,0.9109335870413366,3.0692264838505534,7.86,134.37,5
2023100810,3353,0,3.9706170805052587,1.6259791666003884,1.73,119.81,5
2023100810,3378,1,0.9472592042308232,-1.1407512234564545,4.08,151.61,5
2023100810,3401,1,1.1208925015361724,-0.5523913872045977,2.67,64.6,5
2023100810,3524,0,6.006163500938014,3.8571862267604144,4.04,309.84,5
2023100810,3707,0,3.4226597844366595,1.666253551687662,5.94,54.3,5
2023100810,3733,1,1.4702720836634318,0.885284262631385,4.22,137.92,5
2023100810,3758,1,0.6942621983083911,0.767582779367274,2.36,358.55,5
2023100810,3783,0,6.092101443672778,-1.6300691439885338,0.64,118.19,5
2023100810,3830,0,6.302578837269708,-2.1195815627775256,1.28,274.73,5
2023100810,3855,0,7.307762995609534,2.4488255635721226,1.65,205.56,5
2023100810,4075,0,7.8830070404636805,-0.3305467525260436,7.2,1.09,5
2023100810,4133,1,1.246314567033535,-0.780259567473577,3.11,93.04,5
2023100810,4156,1,1.796023385148425,0.6729005963915939,2.41,357.07,5
2023100810,4181,0,7.087242058798332,3.1907094384495216,7.61,53.93,5
2023100810,4204,1,1.7776670104381171,-2.219863455040008,4.85,174.53,5
2023100810,4252,0,6.518235957680575,-2.8703651865012363,7.27,138.4,5
2023100811,88,0,3.5164328516267758,-5.800241543684619,4.16,76.3,5
2023100811,135,0,6.100073770045737,-2.0035758517596745,5.78,142.58,5
2023100811,211,0,4.595182259715062,2.0294175386530284,6.34,151.23,5
2023100811,263,0,3.6013886210738297,4.100524275949574,8.45,155.45,5
2023100811,360,0,3.212382293563455,1.207634935094704,7.43,298.8,5
2023100811,383,1,1.2121056059601376,-0.38396383152632874,6.46,248.32,5
2023100811,533,0,8.382225241545349,-2.8276128563987273,6.35,185.81,5
2023100811,570,0,3.484594667963556,0.4971949459876469,1.93,189.93,5
2023100811,839,0,3.65568051120444,1.0839361721157037,7.47,170.72,5
2023100811,898,1,2.3025420734483797,-4.525787428096531,7.87,83.09,5
2023100811,921,0,3.1185252925060563,1.0505880147332847,7.03,147.03,5
2023100811,1168,1,0.9021086409075126,-0.9595276848157397,8.51,116.22,5
2023100811,1191,0,6.327353317146118,-2.6100575832300503,5.63,84.54,5
2023100811,1267,1,1.9304144632694824,5.8601871088465805,8.35,301.43,5
2023100811,1439,1,2.140864311440593,7.272847043626104,7.35,164.17,5
2023100811,1469,0,5.009111697696507,1.4884520249105844,3.81,80.43,5
2023100811,1530,1,2.061698329048166,0.481269077960216,2.98,174.32,5
2023100811,1561,0,6.972668068967583,4.030495492035632,3.06,86.93,5
2023100811,1596,1,2.0506096654409895,-1.3510215557006817,0.58,135.39,5
2023100811,1621,1,1.1161093136427083,2.546318801549475,8.31,122.78,5
2023100811,1685,1,2.530019762768673,-4.49999459675952,5.11,279.26,5
2023100811,1880,1,2.173039346169323,1.064482245141978,5.83,245.68,5
2023100811,1993,0,8.791188770581595,-3.205140468029987,5.29,175.05,5
2023100811,2018,0,8.836928199323562,0.944513906368526,6.83,158.86,5
2023100811,2041,0,4.627882885294313,2.4172939686376433,5.78,13.63,5
2023100811,2155,1,0.9060905032059431,-2.6350977979360364,3.46,231.72,5
2023100811,2352,1,1.7280335644888403,2.9422801998749732,4.79,11.13,5
2023100811,2399,0,5.340383881332878,0.49979705083681625,3.85,99.43,5
2023100811,2513,1,2.303258561256202,-3.3621112631647576,7.52,285.54,5
2023100811,2626,0,4.733212439770687,0.19756686334569906,7.82,292.3,5
2023100811,2651,0,3.9167460984853246,-0.23532764668701156,4.52,296.03,5
2023100811,2698,1,1.689644933114647,3.187175836699039,5.53,268.16,5
2023100811,2769,0,5.49758128634766,-1.2590453342212884,4.89,138.02,5
2023100811,2816,1,1.1016351483136344,0.29593512721906357,8.52,98.83,5
2023100811,2894,0,3.5503520952153433,-1.0545061641382352,4.11,227.03,5
2023100811,2917,0,5.997074286683468,-3.8788556325483325,1.74,274.16,5
2023100811,2942,0,7.588524230705205,-2.484928048017018,7.62,238.23,5
2023100811,3122,0,7.468667886577901,5.81905575074364,7.31,164.21,5
2023100811,3190,0,3.66400054585149,1.3558568463849996,6.99,225.96,5
2023100811,3213,1,0.7605918747922477,-2.500597789850216,3.7,308.83,5
2023100811,3351,1,0.9823441352194278,2.3434171979901635,5.71,236.1,5
2023100811,3576,0,6.502314972377141,-3.064378191251141,3.83,277.85,5
2023100811,3628,0,10.284357053311595,-1.328204471318614,5.78,353.86,5
2023100900,181,0,4.782823433914319,0.06323253346697777,6.37,149.43,5
2023100900,228,1,0.3900000000000017,-0.9053478607951864,8.33,94.5,5
2023100900,295,0,9.63912859131986,-3.222135224523876,7.01,350.51,5
2023100900,349,0,11.485686744814167,-0.07248484414636369,6.03,197.55,5
2023100900,403,0,5.614775151330637,1.4469695647249048,6.27,348.32,5
2023100900,551,1,2.7632770400377904,3.9863000885655104,6.83,164.31,5
2023100900,710,0,4.0105984590831385,4.096599388466719,7.23,317.7,5
2023100900,803,0,3.3169413621588184,-1.3552247380055316,7.17,234.29,5
2023100900,886,0,9.505167015891928,-2.317226537717541,5.05,328.54,5
2023100900,933,0,4.842282519638862,0.8738666711147435,2.13,292.34,5
2023100900,1207,0,3.181477644114444,-0.5082443415990002,6.31,7.6,5
2023100900,1366,0,4.488262470043387,1.4913781981617784,5.8,130.45,5
2023100900,1425,0,4.364962771891642,-0.16818108200980708,5.17,305.62,5
2023100900,1487,0,4.979899597381451,1.0123455339699419,6.79,22.87,5
2023100900,1600,1,2.302086010556513,-0.77216701415389,2.71,308.87,5
2023100900,1630,0,11.060818233747455,-0.7880733531895918,4.8,309.86,5
2023100900,1710,1,2.6342740935597453,0.17271184179189758,4.54,29.76,5
2023100900,1740,1,1.9856736892047462,2.393632765261501,7.46,5.03,5
2023100900,1765,1,2.0056919005669855,-1.4367184699605609,5.72,13.5,5
2023100900,1797,1,1.3041855696180655,2.241430556385074,6.34,142.7,5
2023100900,1968,0,8.578746994753955,0.8776472082088733,4.85,152.49,5
2023100900,1993,0,4.585771472718629,2.1976382347054377,1.54,214.46,5
2023100900,2040,1,1.650242406436099,7.166529037124395,8.02,18.75,5
2023100900,2305,0,10.694194686838275,-0.9050091407151654,6.37,132.28,5
2023100900,2328,0,5.875542528141548,1.6317918242985847,2.47,10.09,5
2023100900,2399,0,8.99387013470842,-4.608919493341597,8.26,234.71,5
2023100900,2656,1,2.325446193744324,6.979975861534064,7.66,17.75,5
2023100900,2681,1,2.120377324911769,1.3640512722657352,4.81,141.43,5
2023100900,2753,0,4.737531002537074,-1.0845660974331048,4.15,141.39,5
2023100900,2892,2,1.4312232530251845,-2.797793866363,9.7,94.7,5
2023100900,2915,0,6.096433383544845,-2.3736834688327475,6.85,126.61,5
2023100900,2962,0,3.781335742829505,0.7974172872554942,2.83,350.91,5
2023100900,3031,1,2.1102606474082792,3.708816654672828,4.79,169.52,5
2023100900,3076,1,1.0510946674776769,1.4524807961364377,3.55,68.48,5
2023100900,3103,0,4.3777277210900225,-1.8122075888930484,5.7,217.85,5
2023100900,3330,0,3.509073951913811,-4.7771693601120395,9.4,89.27,5
2023100900,3400,0,7.331855154052074,-0.14967234295158072,4.98,323.54,5
2023100900,3498,0,9.458720843750493,-1.4663924515218938,1.92,238.69,5
2023100900,3605,0,8.693934667341356,0.6992828561041723,7.12,152.18,5
2023100900,3630,0,15.26967255706552,-1.7088942319311209,4.08,23.8,5
2023100900,3685,1,0.5246903848938064,-0.40067545069992005,0.66,149.35,5
2023100900,3730,0,6.630897375167254,0.3913569161067021,4.93,136.79,5
2023100900,3753,0,6.817631553552902,1.4482184350135219,6.0,129.3,5
2023100900,3776,1,2.032166331775031,7.145428851498503,8.17,85.17,5
2023101200,100,1,1.0965856099730638,-1.4019713975952435,3.97,110.53,6
2023101200,218,0,12.763518323722508,2.623499856480262,6.3,133.22,6
2023101200,332,0,10.082906327046782,-2.8076476963583565,2.82,208.7,6
2023101200,362,0,4.946766620733185,0.6849199163135359,3.26,21.63,6
2023101200,414,1,1.1308846094982425,3.9982451563155386,5.72,331.94,6
2023101200,437,1,1.8856563843924474,2.1268980209126296,4.83,205.79,6
2023101200,562,0,5.985649505275093,-1.6893408709061166,5.06,109.96,6
2023101200,589,1,1.0204410811016928,1.8924454502811123,7.33,301.4,6
2023101200,659,0,5.991635836731068,-2.1375065533246342,3.02,247.75,6
2023101200,990,0,6.17357270954186,-0.5578095218353913,5.6,50.25,6
2023101200,1071,0,5.014897805539012,-3.640653897356809,1.85,8.6,6
2023101200,1096,0,6.539999999999992,-2.0844277962049844,6.33,162.16,6
2023101200,1165,0,3.51950280579516,-2.4304250829544722,2.5,32.08,6
2023101200,1190,0,4.142233696932129,0.9343479399249695,5.15,110.59,6
2023101200,1277,0,3.920204076320515,3.7731768271051336,6.83,340.65,6
2023101200,1365,0,5.7455722082313105,-4.532587001806259,4.34,107.86,6
2023101200,1397,0,6.959748558676521,-1.2308073933080341,4.22,83.61,6
2023101200,1444,1,1.9875864761061308,1.619023646180334,6.59,139.29,6
2023101200,1514,1,1.7613914953808554,0.7326796732350156,4.55,164.08,6
2023101200,1771,0,5.0701084801017835,-0.7586887781929266,4.17,100.86,6
2023101200,1794,0,13.207259367484223,2.1776794220353497,4.22,37.43,6
2023101200,1918,1,1.0065783625729334,0.6873579532104581,4.02,330.41,6
2023101200,1941,1,1.2741271522104858,-0.34192653373077064,4.82,311.51,6
2023101200,2020,0,13.152794379902698,-2.4416600601249474,4.93,35.1,6
2023101200,2169,0,9.999839998719981,1.07598775735472,6.09,191.94,6
2023101200,2251,0,6.664788068648542,0.3325647900643601,4.22,287.47,6
2023101200,2276,0,7.868424238689726,-1.049719038587042,4.93,247.32,6
2023101200,2306,0,3.340134727821617,5.30306101242466,7.81,303.14,6
2023101200,2334,1,1.204408568551392,-1.2737401881109909,4.21,239.43,6
2023101200,2602,1,1.6138463371709166,-2.916953598702058,6.2,76.25,6
2023101200,2654,0,11.02445009966483,1.7760252873332887,4.98,344.12,6
2023101200,2760,0,13.223448869338128,-0.25862325790104856,5.83,184.73,6
2023101200,2994,0,4.8688088892459085,-1.2955189245474188,7.1,343.23,6
2023101200,3050,1,1.050761628534274,4.052312113088667,7.83,290.57,6
2023101200,3195,1,1.372661648040039,5.552137095926837,8.33,114.33,6
2023101200,3324,0,8.547426513284567,-1.9159163527045653,7.0,216.7,6
2023101200,3425,0,7.462291873144605,-2.9311676689947994,6.14,345.97,6
2023101200,3484,1,1.8984203960134867,-0.3625729736755859,5.84,242.82,6
2023101200,3584,0,4.330415684434926,0.28605781000763364,2.99,29.73,6
2023101200,3636,1,1.9104973174542754,-1.6730715755653862,5.55,48.9,6
2023101200,3683,1,2.4283533515532802,-1.7624963771043654,6.08,46.12,6
2023101200,3837,1,1.1080162453682634,4.632877715763516,6.85,279.58,6
2023101200,3860,1,2.1689859381747967,4.270411444062081,6.69,337.49,6
2023101500,140,1,2.02200395647486,-4.8033451131515115,4.66,268.72,6
2023101500,170,1,2.170829334609236,6.932370165590228,9.33,0.54,6
2023101500,400,1,2.832419460461317,3.6123121000803393,8.24,166.8,6
2023101500,425,0,3.9466568130507587,-3.6756839633706986,2.95,120.6,6
2023101500,651,0,4.652418725781255,2.052977197991909,2.49,159.81,6
2023101500,676,0,3.4701296805739124,1.4648040337953627,5.76,329.67,6
2023101500,701,0,7.271512909979596,-2.5854542856621383,8.1,334.39,6
2023101500,823,2,0.911372591205156,0.7329233023550973,6.09,274.62,6
2023101500,931,0,3.667056039931756,1.288423731935248,7.08,200.98,6
2023101500,1266,1,0.9679876032264093,4.799656014938562,6.99,333.51,6
2023101500,1320,0,3.486330449053843,-1.577113777321526,2.5,107.42,6
2023101500,1477,0,3.8733060813728675,0.09958419873569446,3.0,118.86,6
2023101500,1500,1,2.7211762162711914,-4.313539499381179,3.65,134.43,6
2023101500,1536,0,6.137833493994447,5.2127202213808435,5.74,18.25,6
2023101500,1561,1,1.6770509831248424,-3.1270549677701327,1.68,143.94,6
2023101500,1655,0,6.183566931795915,4.834715790032479,2.58,233.1,6
2023101500,1702,0,6.71405242755819,-0.359995921831201,8.07,276.13,6
2023101500,1864,0,3.1333687941255812,0.6641097048478657,6.25,28.7,6
2023101500,1924,1,0.9330058949438645,0.8017542071442636,3.29,169.05,6
2023101500,1949,1,0.8318653737234155,3.8242034708218817,8.47,105.87,6
2023101500,2098,0,3.2175301086392345,-3.248040159706093,2.91,87.82,6
2023101500,2462,2,1.0346496991735885,-1.7492590608813523,7.06,37.75,6
2023101500,2584,1,1.0095543571299055,-3.0174801031754357,4.74,285.09,6
2023101500,2770,0,11.404227286405684,-0.5807417196024813,3.38,29.2,6
2023101500,2935,1,1.991506967098033,2.7952114870139573,8.48,113.37,6
2023101500,2984,0,9.757561170702438,0.21127960482564967,4.08,190.83,6
2023101500,3014,1,2.900827468154561,-4.602141689268949,3.08,322.76,6
2023101500,3072,0,3.6867600952597943,-1.6165329837969438,7.93,212.58,6
2023101500,3095,0,3.0319960422137746,0.3191411949680004,4.84,318.03,6
2023101500,3120,0,8.766783902891646,0.36067901324009477,4.41,291.26,6
2023101500,3340,0,3.481738071710738,7.099031490122945,7.6,347.24,6
2023101500,3557,1,1.6595481312694733,-0.23296670974228606,7.36,100.36,6
2023101500,3604,1,1.4224275025462574,0.12200000277971457,3.96,119.85,6
2023101500,3873,2,2.8848743473503293,-4.2743518660375,5.99,200.01,6
2023101500,3942,1,2.6532432983049263,2.6126591972653763,5.65,332.59,6
2023101500,4145,1,1.876406139405858,-5.642197722633962,7.2,252.16,6
2023101501,55,0,6.190129239361643,2.394517305503862,8.68,355.69,6
2023101501,102,0,4.992354154104055,3.554651153293552,6.64,304.92,6
2023101501,127,0,3.0381902507907546,2.668532656507845,0.63,219.86,6
2023101501,152,0,3.0618458485038067,-3.2940065794783724,2.55,218.64,6
2023101501,177,1,1.1708543888972718,1.955019096515047,8.51,244.27,6
2023101501,222,0,3.9532391781929945,8.743782967531196,8.85,344.4,6
2023101501,305,0,4.724955026240991,1.36379380608246,3.25,322.68,6
2023101501,397,0,5.586931179100026,0.44559542345928005,8.2,153.0,6
2023101501,432,0,7.054431231502651,-2.04166575362107,6.33,14.01,6
2023101501,479,0,4.301546233623435,-3.2727995700502,6.07,94.31,6
2023101501,504,0,12.829859703052096,-1.6341590349526556,6.07,12.97,6
2023101501,590,0,3.1318045916052966,-3.1974304276362395,5.28,116.1,6
2023101501,644,2,0.8280700453464054,4.528414881966311,6.13,82.02,6
2023101501,753,1,1.3778606605894546,0.5612027623407305,6.01,310.5,6
2023101501,836,0,3.2452426719738567,3.7823393543744173,5.81,179.6,6
2023101501,859,1,0.7638062581571312,5.624521360041136,7.6,263.99,6
2023101501,908,1,0.6236184731067564,0.11113042740292378,3.87,12.21,6
2023101501,973,0,10.851893843933405,-2.245257082669317,5.64,333.52,6
2023101501,1075,0,4.005558637693373,-1.3796540389654366,7.13,159.12,6
2023101501,1161,1,2.7280945731407504,0.8542667272175519,4.89,312.75,6
2023101501,1208,0,4.057647101461632,-0.3981958289393759,3.63,246.39,6
2023101501,1233,1,2.4620316813558687,0.6250359982317881,9.29,259.68,6
2023101501,1278,1,2.8302826713952083,2.2804003397295887,8.38,302.57,6
2023101501,1301,1,2.915647440964011,-4.5299857478826056,5.18,324.5,6
2023101501,1331,1,0.840535543567314,6.811410426717656,8.82,161.91,6
2023101501,1388,1,1.0140019723846605,0.14360079971385453,2.64,178.31,6
2023101501,1507,0,5.511306560154321,1.3685285397088485,8.86,45.49,6
2023101501,1532,1,2.385372088375308,0.18258830499749906,6.5,17.43,6
2023101501,1620,1,2.262675407565129,-0.8826590975285571,1.97,256.61,6
2023101501,1645,1,1.8562596801094435,-1.4218669508759314,4.15,227.1,6
2023101501,1741,0,7.48108280932647,-3.3038606892221165,7.47,223.75,6
2023101501,1844,0,6.635495460024069,-1.1888636764767435,5.83,303.37,6
2023101501,2039,0,3.997411662563665,0.22897663782743782,5.96,209.36,6
2023101501,2069,0,4.80965695242394,0.0033925782965242846,6.93,243.81,6
2023101501,2092,1,0.7523961722390673,-1.388148905608839,4.91,214.82,6
2023101501,2252,1,2.527706470300698,1.656911583951185,5.69,134.13,6
2023101501,2321,0,3.858108344772084,1.342442710079816,6.38,56.02,6
2023101501,2461,0,7.970225843726137,-4.344927477441302,6.03,151.29,6
2023101501,2792,1,2.80978646875523,-1.6108338042779144,3.62,68.1,6
2023101501,2822,0,3.9558816969166215,1.7297280970163726,6.78,134.41,6
2023101501,2847,0,7.369613287004951,-3.680874242018861,7.77,181.26,6
2023101501,3012,0,4.320567092408127,-4.505174071291729,5.18,238.44,6
2023101501,3083,1,2.939540780462147,1.050593887447679,5.05,197.48,6
2023101501,3169,0,4.731553656041536,-2.1279221792751533,7.54,172.89,6
2023101501,3243,1,1.0012492197250422,6.943782064204042,7.68,146.11,6
2023101501,3286,1,1.9630588376306997,-5.074770652580678,8.06,288.68,6
2023101501,3373,1,0.7017834423809123,0.7684746652444103,0.69,296.42,6
2023101501,3442,1,0.7516648189186454,-0.18540216620198358,4.03,321.8,6
2023101501,3647,0,3.0402960382173374,-1.4105639816253275,7.12,284.74,6
2023101501,3806,1,2.9597972903562195,1.2237172086505745,6.94,259.64,6
2023101501,3849,1,1.0628264204469136,5.6213686153669835,7.85,289.88,6
2023101501,3923,1,1.3623509092741115,-0.4355349143237533,5.52,45.37,6
2023101501,3973,0,4.62897396838651,-2.2944139236554077,5.38,282.3,6
2023101501,4005,1,2.93620503371273,2.0271649504958833,6.39,247.28,6
2023101501,4030,1,2.110213259365033,5.383305020302688,6.55,194.91,6
2023101501,4060,0,5.696428705776985,-1.5874160102219963,6.33,250.01,6
2023101501,4087,2,1.4855638660118253,5.849679360768212,7.17,184.1,6
2023101501,4151,1,0.7317103251970694,3.822677672897902,4.33,327.81,6
2023101502,260,1,2.9970819141291423,-3.5385534904512577,5.1,264.95,6
2023101502,329,1,1.9060167890131474,-1.248420776786097,1.07,347.5,6
2023101502,398,0,5.047058549293837,1.9689267543868367,6.64,207.88,6
2023101502,423,1,0.7158910531638216,1.902881820212327,2.8,135.16,6
2023101502,548,0,6.630490177958187,0.28464318637344665,5.75,164.07,6
2023101502,573,0,8.53578936010021,1.9212755352432698,5.29,39.8,6
2023101502,670,1,2.5506861821870612,2.6566188121056826,5.74,23.79,6
2023101502,835,0,3.0808440401941795,0.750246235482702,5.02,212.49,6
2023101502,965,0,3.525067375242637,0.06392825270684566,6.53,44.78,6
2023101502,1034,1,1.7933767033169579,7.510873874178447,8.07,16.56,6
2023101502,1059,0,3.8854214700595837,0.37978390103241055,4.99,13.46,6
2023101502,1228,1,1.1557248807566625,0.33927887868016066,2.37,321.95,6
2023101502,1306,1,0.9321480569094187,2.9429019093313094,8.66,83.78,6
2023101502,1408,0,3.2824685832464553,-0.15861800627591383,7.07,117.45,6
2023101502,1446,0,12.259694123427387,-2.8191868633397186,5.3,141.69,6
2023101502,1489,0,3.7981574480266076,4.66874083147303,7.88,230.34,6
2023101502,1536,0,6.206126005810707,3.3931784274589427,3.44,171.31,6
2023101502,1672,0,4.513103145287065,4.013887440927297,1.98,91.85,6
2023101502,1843,0,3.43110769285955,0.02568320710071792,2.49,131.29,6
2023101502,1879,1,0.8988882021697693,2.2479643982200876,6.98,132.76,6
2023101502,1909,0,7.040177554579152,1.2407508285723736,5.45,156.7,6
2023101502,1966,1,1.4494136745594774,0.44276288523295115,4.83,57.04,6
2023101502,2039,1,2.616447973876028,1.6254343721730775,1.45,93.22,6
2023101502,2064,0,3.6412772484390707,2.8900626867434425,5.28,53.56,6
2023101502,2224,0,6.017075701700956,1.397973183589643,4.8,207.96,6
2023101502,2253,1,1.0159724405711061,4.396994908129611,6.9,282.16,6
2023101502,2485,0,5.900991442122248,2.5179656764486924,2.22,271.84,6
2023101502,2532,0,6.356807374775488,2.5670606687174518,6.44,333.11,6
2023101502,2602,0,5.651548460377918,-2.782390227248613,8.3,32.62,6
2023101502,2913,1,1.5682155464093528,3.7098351837050934,6.94,47.1,6
2023101502,2990,0,9.868804385537286,-0.32764841961364644,5.25,332.31,6
2023101502,3191,1,1.310343466423981,1.3201733900148942,6.01,234.98,6
2023101502,3320,1,0.5565968020030241,-3.2751102540800088,3.12,94.41,6
2023101502,3407,0,3.4223091619548307,-1.1694611318301387,1.51,352.13,6
2023101502,3437,1,1.7734147850968205,3.6518384781431434,8.16,281.76,6
2023101502,3509,0,7.92124358923522,-2.780774592057957,6.9,329.47,6
2023101502,3534,0,8.31933891604375,-4.166069422021712,5.55,339.92,6
2023101502,3671,1,1.1389907813498752,0.6872514822448178,1.6,124.75,6
2023101502,3706,0,15.086265276734329,-2.4421509117559683,3.55,110.03,6
2023101502,3816,0,3.178443015062564,0.6836252398450737,0.84,118.7,6
2023101502,3915,0,4.390763031638116,-1.6391481266825154,3.11,289.02,6
2023101502,3940,1,1.8956001688119788,-6.251056151706938,8.46,256.68,6
2023101503,55,0,4.068931063559566,-6.069846894802636,2.79,292.33,6
2023101503,126,0,7.29724605587615,4.148327688925279,6.5,357.37,6
2023101503,178,0,3.4136930149033584,4.790155786402411,6.59,209.51,6
2023101503,208,0,4.009912717254577,1.695305238345136,0.93,305.33,6
2023101503,233,0,6.7403634916820305,0.14135642678357366,3.74,306.38,6
2023101503,452,0,8.450715946001258,-4.3863407206671745,6.49,174.17,6
2023101503,504,0,4.266954417380156,0.44575339363665256,4.02,146.16,6
2023101503,529,0,8.739622417473193,2.6641467149477585,7.07,159.12,6
2023101503,581,0,4.310835185900755,-0.5683271812352532,6.63,182.98,6
2023101503,611,0,7.578522283400632,-1.3212633466675572,2.8,1.1,6
2023101503,666,0,5.68072178512554,0.9652977916296477,1.58,82.63,6
2023101503,691,0,8.419412093489665,-1.6594019333342258,4.32,116.14,6
2023101503,746,1,1.3629746879527864,-3.9900717235452436,3.8,124.11,6
2023101503,810,0,3.3482234095113763,-1.1758069904528443,7.5,244.91,6
2023101503,855,0,4.112541793100717,0.36735397549158316,5.57,195.02,6
2023101503,935,1,1.2349089035228467,0.38720941836075795,8.28,66.67,6
2023101503,997,1,1.8888356201639167,2.338484678168291,6.55,253.57,6
2023101503,1044,1,2.8070268969142442,-4.267700228713473,6.73,200.01,6
2023101503,1091,1,1.4402777509911058,5.725835586139783,7.24,161.37,6
2023101503,1219,0,5.73467523056014,0.5628107173557138,4.5,163.1,6
2023101503,1244,0,10.916340962062336,-0.13853816514962847,5.0,33.11,6
2023101503,1269,0,13.158305362013756,2.493739953741775,4.68,5.88,6
2023101503,1305,1,1.2199999999999998,1.1120453183523524,7.65,97.92,6
2023101503,1429,1,1.4189080308462596,0.8862124277208976,4.74,241.7,6
2023101503,1483,0,3.2100155762861897,-1.7040758645115912,1.56,177.54,6
2023101503,1533,2,2.7128029784707937,-0.9282845672610156,2.38,263.89,6
2023101503,1578,0,5.735512182883058,2.994489922221071,7.5,14.75,6
2023101503,1637,0,9.986000200280388,3.200813500466178,0.3,46.54,6
2023101503,1696,0,5.364969711004896,3.226732117809211,4.47,144.81,6
2023101503,1721,1,1.1811858448186665,-0.19151625698402475,7.59,104.63,6
2023101503,1839,1,1.0127191120937724,2.777611026531835,6.2,295.52,6
2023101503,1862,0,4.192278616695209,-0.28599486298544285,4.22,309.79,6
2023101503,1885,0,4.986963003672682,5.23972415016856,2.26,359.06,6
2023101503,2066,1,1.2080562900792349,0.420710411028995,8.09,108.28,6
2023101503,2130,1,0.9347726996441401,0.05975705565042211,3.17,248.08,6
2023101503,2266,0,3.0411346566701023,-2.8462285381828507,4.92,282.74,6
2023101503,2347,0,3.083699077406874,0.3318474498571087,8.9,315.62,6
2023101503,2374,0,3.6882651748484663,1.088172537530313,6.82,20.22,6
2023101503,2411,1,2.954657340538832,-2.3662175896656192,6.88,172.74,6
2023101503,2434,1,2.7707760645710766,-4.129455781591707,3.17,73.09,6
2023101503,2547,0,14.970751484144007,-3.983654283757945,4.84,203.93,6
2023101503,2624,1,2.6554848898082604,3.549570075438981,6.64,283.6,6
2023101503,2714,1,0.6140032573203513,2.268291884327301,4.32,332.54,6
2023101503,2829,0,6.321779812679338,3.297321577862785,1.96,57.2,6
2023101503,2969,0,4.68585104330046,2.426297296817508,6.65,35.33,6
2023101503,3021,1,1.817278184538625,2.53145392794309,6.22,103.89,6
2023101503,3048,1,2.99603070745278,-2.402860505456463,3.27,264.66,6
2023101503,3071,1,0.9918165152889945,5.492359942352289,7.65,311.26,6
2023101503,3094,0,3.2856658381521395,-1.8388540181385205,3.8,314.62,6
2023101503,3194,0,5.796723212298477,5.925674240807329,6.86,4.38,6
2023101503,3230,0,6.835393185472216,3.4431331941793326,1.46,302.8,6
2023101503,3356,0,6.067759059158499,-3.0446403245796057,3.67,281.56,6
2023101503,3381,0,5.826422573071751,1.2405922200255446,4.08,340.49,6
2023101503,3426,0,12.304682035713082,3.676927807594814,4.61,326.32,6
2023101503,3493,1,1.249079661190593,5.16587374989516,7.21,82.77,6
2023101503,3590,0,8.054973618827072,-2.2998477305697658,4.78,127.52,6
2023101503,3658,0,4.746925320668101,-0.5430667884190057,6.08,134.81,6
2023101503,3703,1,1.1250777750893455,4.45178295601561,6.76,256.0,6
2023101503,3755,1,0.955091618641892,3.97915334129272,6.62,287.65,6
2023101503,3822,0,4.484027207767593,0.6397674019397529,3.49,118.42,6
2023101503,3871,0,6.104891481426997,-2.424580483682919,7.55,69.18,6
2023101503,3896,1,2.7038491082159117,0.043229114042723005,6.54,358.1,6
2023101503,3941,0,4.571061145948504,3.6851332709349163,4.95,150.05,6
2023101504,310,0,7.066540879383634,2.4141588632713074,6.37,344.93,6
2023101504,386,1,1.859811818437553,3.3505610669255472,0.83,284.21,6
2023101504,472,1,1.018233764908632,0.5656783510978372,4.71,147.35,6
2023101504,655,1,0.5315072906367317,1.30012241930496,7.94,261.36,6
2023101504,678,0,8.106719435135274,-1.567632715525409,5.52,241.34,6
2023101504,917,1,2.2171377945450335,-5.818686906057465,8.27,89.48,6
2023101504,1123,0,5.958867342037411,4.32873871404861,7.96,334.01,6
2023101504,1173,0,7.715879729492939,-2.080991826006709,7.8,353.66,6
2023101504,1256,0,6.558810867832674,4.6413877474677765,8.55,340.42,6
2023101504,1391,0,4.533276960433811,-3.0475926750278193,2.18,345.37,6
2023101504,1482,1,2.7984638643370046,0.9470158682602249,4.51,309.8,6
2023101504,1585,1,0.7375635565834353,0.34812457946009756,6.44,48.33,6
2023101504,1789,0,7.972182888017554,-1.8976019527338406,6.04,277.92,6
2023101504,1919,1,2.4120530674095892,-4.70010818115598,6.92,268.82,6
2023101504,1998,1,1.6107451691686059,-5.798124797314124,8.15,302.3,6
2023101504,2081,0,8.314806071099913,-5.144714741291653,6.07,26.41,6
2023101504,2405,1,1.387083270751974,1.7522839253580416,7.57,130.63,6
2023101504,2450,1,0.935200513259055,1.9662964212388117,6.14,121.28,6
2023101504,2507,0,3.0691041038061933,5.685650234417557,7.36,6.9,6
2023101504,2658,1,1.2640015822774908,1.304878441111637,7.33,303.85,6
2023101504,2703,1,2.1868013169924643,-2.288753519123856,6.75,286.76,6
2023101504,2802,0,5.107220379032024,2.5136172680256053,4.18,117.92,6
2023101504,2895,0,3.662157833846054,2.8067249246069577,0.65,134.96,6
2023101504,3080,1,2.3602754076590275,0.6502129571934394,1.57,99.17,6
2023101504,3327,0,3.4817380717107373,4.230508960373607,7.95,246.38,6
2023101504,3372,0,4.13217860214198,-2.547672133436565,0.38,243.21,6
2023101504,3454,1,1.9416487838947611,9.809588461051536,9.71,171.01,6
2023101504,3506,1,1.4937536610833824,-3.522606848918544,2.9,52.82,6
2023101504,3619,1,1.0234256201600656,-1.7790518767642953,6.7,234.83,6
2023101504,3712,0,9.991166098108868,0.2674556233619426,5.62,345.85,6
2023101504,3794,1,2.6791229908311442,3.666708129206176,8.24,189.37,6
2023101504,3861,1,1.8388311504866326,7.588490818464267,8.0,188.25,6
2023101504,3886,0,5.6225616937477865,4.6588035108351695,5.92,294.64,6
2023101504,3911,0,4.031935019317652,3.026544575429533,3.2,305.8,6
2023101504,3958,1,1.1798728745080962,-2.715129620226633,3.99,296.31,6
2023101504,3988,0,4.040853870161603,-0.349221760335999,3.25,293.05,6
2023101504,4129,0,5.710210153750909,4.297686935982087,5.87,42.26,6
2023101504,4208,0,7.736620709327803,-4.401437883778521,6.99,188.91,6
2023101504,4231,0,4.937732273017644,4.391885140823205,5.82,184.74,6
2023101504,4522,1,0.8221921916437791,0.26120723128101186,5.12,114.08,6
2023101504,4545,1,1.334616049656229,-0.2574960950698135,7.74,102.54,6
2023101504,4602,1,2.009601950635999,-1.21899203204318,1.69,3.57,6
2023101504,4627,1,2.144411341137705,2.8265206224596127,5.91,138.29,6
2023101504,4650,0,4.003123780249619,0.012520198722774767,4.97,38.01,6
2023101504,4675,1,1.903785702225964,2.326082501684081,5.64,35.74,6
2023101505,118,1,1.348258135521534,0.809956431013708,4.04,60.69,6
2023101505,147,1,2.4424782496472734,0.7447753898744547,6.77,143.65,6
2023101505,170,1,2.7068062361388234,5.482151364919564,7.05,153.41,6
2023101505,240,1,1.682914139223981,-2.2528135081711276,4.71,336.86,6
2023101505,281,0,6.904990948582049,-2.8863589805927794,4.15,247.22,6
2023101505,335,0,9.884255156560858,-0.786125973360504,6.29,343.91,6
2023101505,360,0,5.534880305842215,-2.604496151014313,2.21,311.28,6
2023101505,429,0,3.829908615097753,-4.014720933692562,8.14,303.41,6
2023101505,452,0,4.128159396147389,0.1513116435857455,1.32,157.53,6
2023101505,527,1,2.8347133893923058,1.0337820633232562,4.8,88.7,6
2023101505,614,0,6.645607571922971,3.5129525211755306,1.36,118.65,6
2023101505,637,1,2.0748252938500626,5.0167768571689395,8.19,47.06,6
2023101505,684,1,2.2677080940897114,7.026741059159148,7.84,159.88,6
2023101505,787,1,2.1129126815843557,5.59526901095416,7.53,293.96,6
2023101505,810,0,4.172684986911904,-0.5827538091673308,6.01,218.28,6
2023101505,838,1,1.0640488710580873,-0.266376750192973,5.14,332.96,6
2023101505,892,0,7.580798111017067,-0.8117791207236562,6.02,201.04,6
2023101505,937,1,1.948332620473208,1.4302916457697117,9.27,287.72,6
2023101505,1053,0,10.917092103669361,-1.5035781162747401,4.16,223.88,6
2023101505,1145,1,0.8900000000000006,2.4407397521497805,7.33,293.57,6
2023101505,1192,0,5.388033036275857,0.8555184318060938,4.74,303.95,6
2023101505,1217,2,0.5990826320300054,-2.678567292708646,6.7,8.42,6
2023101505,1290,0,4.362499283667566,2.598608177059804,8.98,15.25,6
2023101505,1389,1,1.1906720791217047,6.89157736732101,8.8,326.19,6
2023101505,1597,1,2.9129023327259036,4.130910188097372,6.69,215.19,6
2023101505,1663,1,2.3813441582434094,-1.262123657518061,4.28,51.67,6
2023101505,1688,0,12.874070840258723,0.2609585271575427,4.87,1.72,6
2023101505,1713,1,2.006614063540866,-0.7146796535360079,4.51,30.59,6
2023101505,1738,0,8.31991586495921,-2.5364407154716706,6.96,169.7,6
2023101505,1770,0,3.3805325024321267,5.059335696281666,5.87,158.51,6
2023101505,1840,0,5.578261377884694,1.6229715953049029,6.49,1.5,6
2023101505,1865,1,1.1744360348695044,-2.6323110921975568,7.25,112.73,6
2023101505,1931,0,4.13319489015459,-2.458351074136023,5.02,71.91,6
2023101505,1960,0,3.863275812053815,-4.050281598754353,7.59,93.42,6
2023101505,2110,0,5.365827056475077,-1.2836452121674031,2.5,297.31,6
2023101505,2213,1,2.552253905864377,0.17731948419957233,4.9,312.19,6
2023101505,2338,0,7.131795005466721,-3.215878738521611,1.41,72.19,6
2023101505,2414,0,4.423053244083767,0.9220543156804233,4.47,285.57,6
2023101505,2487,2,2.446405526481654,3.42193536145158,7.39,43.56,6
2023101505,2568,1,1.430314650697538,-0.03954482792693497,2.39,118.86,6
2023101505,2701,0,3.477527857544781,-0.41955581042184287,6.53,276.98,6
2023101505,2726,1,1.3894603268895502,1.2637589162213398,4.98,213.82,6
2023101505,2800,2,1.2254386969571354,5.095991747720455,6.51,299.65,6
2023101505,2859,1,1.4233762678926503,3.717277899284016,4.6,190.38,6
2023101505,2994,0,8.934119990239664,-0.0346139831631595,3.39,65.39,6
2023101505,3019,1,0.5080354318352222,1.1888921637008192,6.52,108.59,6
2023101505,3062,1,1.3536617007214171,-6.21636350964756,6.67,321.6,6
2023101505,3129,0,5.173954000568607,2.899183952111433,2.69,48.82,6
2023101505,3198,0,7.53846801412595,-0.10654711373980186,8.01,176.06,6
2023101505,3290,2,0.7516648189186422,4.154196755513979,7.67,83.55,6
2023101505,3419,1,0.8246211251235294,1.9049704678515682,3.57,238.14,6
2023101505,3518,1,0.9682974749528213,-4.2156028373817165,9.85,74.38,6
2023101505,3667,0,9.885312336997757,0.9301227811025361,5.12,176.76,6
2023101505,3792,2,1.4925146565444538,1.5354783249603992,5.87,211.58,6
2023101505,3865,0,7.613474896523927,-4.29694178017677,6.06,169.28,6
2023101505,3890,0,5.665165487432824,-0.8584517266802199,3.84,114.06,6
2023101505,3915,0,9.27475067050322,-0.5842662960997407,6.05,148.08,6
2023101505,4007,0,9.464586625944095,-2.532880953577468,5.6,23.2,6
2023101505,4072,0,7.509147754572421,2.2242294202350066,6.43,161.8,6
2023101505,4120,0,4.649268759708336,-3.8915096565992697,7.2,37.27,6
2023101505,4198,1,0.8228000972289703,2.147263509810508,7.23,121.53,6
2023101505,4221,0,3.067800515027023,-2.649204991212088,5.91,70.07,6
2023101506,64,1,2.3894769302087875,2.9477530135989993,4.2,153.11,6
2023101506,93,0,5.459899266470034,-1.5865407470793764,7.56,10.54,6
2023101506,143,0,3.602568528147664,0.7001385916566044,6.93,165.29,6
2023101506,212,0,4.526367196770495,0.3691732192605346,6.22,152.6,6
2023101506,259,0,7.39043300490574,-2.9289242141416536,6.26,160.19,6
2023101506,284,0,4.231430018327139,-1.0844135368309025,3.75,59.54,6
2023101506,309,0,9.10147790196736,-0.6144393072240466,5.39,155.03,6
2023101506,386,0,4.625635091530675,-1.279856614875527,5.52,18.83,6
2023101506,409,0,3.1990154735480747,-2.27566773039559,4.09,106.55,6
2023101506,571,1,1.1194641575325226,-0.39986825165149886,6.38,253.89,6
2023101506,645,1,2.2852789764052877,6.348821077989769,6.42,335.59,6
2023101506,1038,1,1.8445866745696722,3.1485299371948745,7.65,245.85,6
2023101506,1153,1,1.4230249470757723,0.09137616707153029,8.03,139.36,6
2023101506,1183,1,1.0611785900591872,2.112048516860455,6.27,63.74,6
2023101506,1267,0,4.5538555093459,2.972184420526272,7.88,175.65,6
2023101506,1365,0,11.57565116958869,1.3720440349490175,5.74,359.8,6
2023101506,1390,0,5.56359595944925,0.9456608604081941,4.43,283.54,6
2023101506,1502,0,6.413267497929589,1.1266845396835516,3.81,147.13,6
2023101506,1618,2,2.1992044015961794,2.618449654536341,8.45,184.58,6
2023101506,1648,0,5.341582162618111,2.1418404905028607,7.43,273.98,6
2023101506,1671,1,1.5280052355931246,3.1015956148528794,7.68,232.82,6
2023101506,1723,0,3.1265636088203945,1.4115300496235825,4.84,28.71,6
2023101506,1843,0,5.509863882166241,-0.9620714934005776,3.68,38.17,6
2023101506,1875,0,3.3997794046084837,0.7821300558854816,6.94,36.96,6
2023101506,1912,1,2.985297305127239,-0.015443527102154131,8.68,58.89,6
2023101506,2043,0,7.35163927297851,-2.292218154276198,7.21,351.78,6
2023101506,2068,0,12.764924598288856,2.1281184051183746,3.9,261.63,6
2023101506,2093,0,3.4375718174316,1.6383604372188594,5.77,343.71,6
2023101506,2293,1,0.9334880824092023,-0.0341976593601947,5.18,53.0,6
2023101506,2316,1,1.3928388277184118,0.21126340623425843,7.64,116.85,6
2023101506,2408,0,3.1415919531345895,1.7407930916733951,6.25,293.47,6
2023101506,2433,1,2.930017064796724,-2.2779674393043092,7.63,174.46,6
2023101506,2463,0,5.990075124737584,-0.6550077116956379,5.49,260.93,6
2023101506,2558,1,0.9656603957913876,-0.5907259334662451,7.66,67.02,6
2023101506,2581,0,5.252361373706114,-2.3670614700861483,7.06,47.77,6
2023101506,2784,0,10.587752358267547,-0.3542539193419444,3.9,21.44,6
2023101506,2954,1,2.5849564793241675,-4.844796911495164,4.12,70.15,6
2023101506,2979,1,2.6722649569232466,9.421640026743416,9.41,167.42,6
2023101506,3110,1,1.363121417922853,-6.305338201878438,4.82,277.48,6
2023101506,3133,0,3.913080627842978,-1.6433424408718689,5.75,257.54,6
2023101506,3156,0,3.061323243305093,-2.021791725262335,6.05,310.52,6
2023101506,3181,1,2.1052315787105234,5.867138370987782,8.35,245.13,6
2023101506,3275,0,5.445071165742464,-2.977909907459515,2.02,296.73,6
2023101506,3367,1,1.513803157613306,2.0072925779369237,5.41,14.14,6
2023101506,3431,1,1.6124515496597138,-2.327089318524671,8.21,302.26,6
2023101506,3454,1,1.0283968105745953,-3.2257847985043275,4.62,222.55,6
2023101506,3484,0,5.383353973128643,-0.4034621520079931,4.16,266.78,6
2023101506,3547,1,1.220655561573369,1.9619980591180426,7.91,107.56,6
2023101506,3570,1,2.9249957264926123,-0.1706626639463718,6.5,50.0,6
2023101506,3605,0,6.407152253536663,1.2869260902726614,4.71,122.34,6
2023101506,3628,0,6.252503498599585,3.551419966275591,1.08,88.07,6
2023101506,3675,1,1.866011789887729,-3.266887462344548,7.37,67.78,6
2023101506,3803,1,1.5126797413861257,0.35981141379975634,8.76,68.23,6
2023101506,3828,1,1.343465667592589,1.3412536057801545,7.53,100.48,6
2023101506,3853,2,1.8645374761586408,1.2806121258759136,7.42,1.18,6
2023101506,3966,0,12.136923003793013,-0.8889269647629573,3.78,204.27,6
2023101506,4117,0,4.420689991392746,-3.5863467621911562,7.84,86.83,6
2023101506,4285,1,2.574975728040949,-3.0565267721169205,3.64,88.28,6
2023101506,4310,2,0.6260990336999405,4.682282486955643,7.1,15.91,6
2023101506,4333,1,2.856868915438722,-2.194617208473275,5.05,131.86,6
2023101506,4358,1,1.3648443134658297,2.933327859470493,6.18,12.82,6
2023101506,4381,1,2.468623098004224,0.9738600316280763,3.38,134.35,6
2023101506,4404,0,17.353503968939535,-3.939870421192161,3.13,108.3,6
2023101506,4434,1,1.7426416728633585,2.2407854630710418,6.66,47.83,6
2023101507,189,0,17.442365091924888,-1.0954451873594986,5.42,340.2,6
2023101507,240,1,1.582687587617974,2.5940982750415076,7.78,153.12,6
2023101507,321,1,2.6584958153060914,2.5085963915760026,5.22,28.01,6
2023101507,472,1,1.692926460304765,-4.6805874340106515,3.62,303.93,6
2023101507,593,0,4.566366170161999,0.7499215377469485,6.04,171.19,6
2023101507,635,1,1.5508062419270818,0.7169799204554634,5.12,146.94,6
2023101507,821,1,1.800444389588315,-1.437701455585579,5.73,121.47,6
2023101507,844,1,1.6954350474140853,-1.8956069187342224,5.88,82.02,6
2023101507,901,0,4.335573779789707,-4.121247423594634,8.57,257.31,6
2023101507,946,2,1.5634896865665557,4.58524227180668,10.16,94.53,6
2023101507,994,0,6.704386623696456,2.525101878251225,4.69,89.19,6
2023101507,1078,0,3.5809495947304257,-3.1139560720225856,4.16,18.58,6
2023101507,1211,0,4.068722158122861,-0.7199919634883056,2.41,271.84,6
2023101507,1236,1,2.2418296099391646,-2.8853549918616337,3.41,240.49,6
2023101507,1283,1,2.086000958772546,-2.80541677576825,6.83,256.85,6
2023101507,1306,1,1.2042009799032725,-0.4467963897796987,7.76,245.44,6
2023101507,1471,0,5.046909945699447,-4.345620839687085,7.09,5.14,6
2023101507,1597,1,2.883400769924293,6.6957265394058,8.07,178.59,6
2023101507,1688,0,4.141545605205863,-2.3922852395556524,7.19,76.18,6
2023101507,1735,0,8.433089588045418,2.7083753066755367,4.99,75.45,6
2023101507,1758,0,12.612949694659058,2.7749915314493947,6.56,14.31,6
2023101507,1805,0,5.523087904424486,0.7395148861609715,5.97,157.59,6
2023101507,1830,1,1.424254190796011,3.551500141375338,8.69,105.85,6
2023101507,1959,1,1.2288612614937486,-2.2679428364026912,3.66,252.29,6
2023101507,1984,0,6.118823416311342,0.4750579841432126,4.93,303.33,6
2023101507,2009,0,3.685457909134221,-2.658874539741314,5.06,279.48,6
2023101507,2176,1,2.991320778519079,-3.2923714491355747,8.38,84.13,6
2023101507,2242,1,2.951626670160033,2.769657598051268,4.53,188.58,6
2023101507,2334,0,5.826019224135803,2.5126574921560465,3.33,235.63,6
2023101507,2505,1,2.264906179072325,-1.07761861387869,8.36,77.5,6
2023101507,2535,0,4.55816849183968,-1.7976563689341176,4.78,109.4,6
2023101507,2560,0,7.5050982671781155,1.8540798336405717,7.87,169.09,6
2023101507,2712,1,2.811867706703144,7.730093351755125,8.32,331.45,6
2023101507,2737,1,1.1257886124845982,3.1156700577019394,0.43,137.85,6
2023101507,2855,1,2.928651566847788,2.279953751435474,2.48,228.8,6
2023101507,2878,1,0.5491812087098384,3.013273138845447,6.72,272.46,6
2023101507,2930,1,1.8476200908195346,-5.716204082053702,8.29,96.89,6
2023101507,2992,0,4.0708230126105915,-3.3903057976784545,7.29,63.48,6
2023101507,3015,0,8.412680904444194,-0.221518292146206,5.02,142.01,6
2023101507,3107,0,3.3521933118482283,1.419624030830429,7.01,195.99,6
2023101507,3302,1,2.6224606765402596,-1.215260055424253,4.63,87.59,6
2023101507,3516,0,3.3241540277189303,-0.7014603513718418,7.93,309.48,6
2023101507,3581,1,2.5494509212769723,-0.08542467209640603,4.04,33.71,6
2023101507,3637,1,1.1130588483993125,1.0460446284285112,2.59,85.68,6
2023101507,3662,2,1.7204650534085242,3.0000430766492,6.63,134.5,6
2023101507,3685,1,1.9359752064528102,-1.8099032714690995,6.42,138.06,6
2023101507,3708,1,0.8668333173107786,-2.9145620736744826,1.22,108.3,6
2023101507,3731,1,0.8980534505250791,2.0367365475115546,1.44,191.67,6
2023101507,3809,0,4.3123079667389295,1.1095840266982369,7.5,338.06,6
2023101507,4064,0,8.707588644395186,-1.148811507379976,6.7,156.03,6
2023101507,4111,1,0.6592419889539859,0.2257722193471041,1.79,36.16,6
2023101508,77,0,7.376069413990084,-1.4462456152607421,7.85,211.45,6
2023101508,124,1,1.459931505242629,-0.20000136996683449,4.16,328.88,6
2023101508,147,1,1.5487091398968338,3.4354448921386522,7.55,230.99,6
2023101508,243,1,1.2106609764917649,2.4338103962266335,6.42,124.04,6
2023101508,320,1,2.138036482382842,-1.347331503026958,3.45,110.46,6
2023101508,397,0,4.896896976657768,2.4456602064240265,7.97,157.95,6
2023101508,571,0,3.9415986604422324,2.6899563326601044,2.81,317.97,6
2023101508,596,1,2.2947330999486697,2.0216308305967896,3.97,124.01,6
2023101508,731,0,7.178091668403241,-3.790793308155829,5.6,1.27,6
2023101508,756,0,3.4313991315496906,-2.928209775637671,6.45,101.87,6
2023101508,781,0,4.080649458113257,1.6108314077413333,3.26,24.3,6
2023101508,828,1,0.7051950084905588,5.4315669621714315,6.69,134.09,6
2023101508,925,0,5.9033295689805465,-2.48796857784701,6.06,257.52,6
2023101508,1014,0,4.484473213210219,-0.386682438389105,3.64,80.82,6
2023101508,1056,0,6.775071955337446,5.9795537285374145,3.46,313.12,6
2023101508,1108,1,2.919246478117254,0.8975893637071911,4.19,324.15,6
2023101508,1199,0,8.4523665325162,-0.18075220565083722,7.14,162.51,6
2023101508,1224,1,1.6929559947027548,6.802104458462466,9.21,150.77,6
2023101508,1357,1,2.30644748476959,1.6499738812892188,7.53,25.82,6
2023101508,1380,1,1.1107204868912794,-0.9556783546431388,2.49,167.8,6
2023101508,1505,1,2.8504385627478426,-0.4654976487821856,6.57,257.75,6
2023101508,1652,0,4.133533597299049,-3.5624337892334212,4.12,294.74,6
2023101508,1725,1,2.316635491396949,0.2520679371678044,5.07,106.81,6
2023101508,1750,1,2.5741017850893195,-3.236230657746658,9.66,60.54,6
2023101508,1843,0,3.6126583010298705,1.00278588533281,5.78,333.54,6
2023101508,1873,1,0.44011362169330737,4.9213478052744595,5.69,210.48,6
2023101508,1896,0,3.9655768811107395,1.4228024860950472,5.72,246.3,6
2023101508,1921,0,5.775898198548861,-3.3469721182336087,6.72,194.46,6
2023101508,2036,1,2.4696558464693026,-1.8636399305696423,3.05,107.84,6
2023101508,2086,0,6.605641528269597,-3.999040165575928,6.02,12.57,6
2023101508,2178,1,1.1140017953306929,0.34647146873055606,4.46,29.23,6
2023101508,2222,0,7.259814047205344,-3.1790831866064626,5.09,260.36,6
2023101508,2254,0,3.011444835954994,-1.9686587924883385,4.1,291.63,6
2023101508,2360,1,1.6443843832875564,0.12057509253212428,5.12,201.31,6
2023101508,2466,0,3.316519259705873,-3.436970531706904,3.06,115.31,6
2023101508,2491,1,2.6187401551127567,2.7217435789805013,5.3,153.44,6
2023101508,2540,0,6.386556192503127,-0.924808822208242,3.22,27.51,6
2023101508,2598,0,6.1926730900314775,4.223928474902669,7.64,172.67,6
2023101508,2623,1,1.0163660757817456,0.42061875404836346,8.16,77.76,6
2023101508,2648,1,2.8612759391572054,-1.9567895960949473,3.53,155.34,6
2023101508,2671,0,3.9577392536648994,0.05225236854147752,9.44,100.42,6
2023101508,2989,0,5.636328592266419,-4.003864316155421,5.84,254.29,6
2023101508,3014,0,3.4522021957005933,-3.249536152838895,1.84,222.91,6
2023101508,3039,0,4.13765634145708,5.379647327407506,6.41,209.13,6
2023101508,3064,1,0.6777905281132242,3.6850081112613484,6.65,244.07,6
2023101508,3180,0,9.16065499841578,1.0827293349142664,2.83,165.4,6
2023101508,3205,1,2.420123963767146,-1.3806641544421165,3.58,205.73,6
2023101508,3230,1,1.7801685313475268,5.2255404768764935,8.09,70.09,6
2023101508,3335,1,2.224410034143884,1.9490611681845056,6.31,337.89,6
2023101508,3365,1,1.1098198051936239,4.4457643251857215,6.41,345.76,6
2023101508,3412,0,3.150063491423628,0.5814355814799552,2.49,236.86,6
2023101508,3437,0,10.930073192801597,-2.0390649575409507,4.1,209.45,6
2023101508,3484,1,1.2656223765404901,1.8701684343303886,5.31,209.58,6
2023101508,3600,0,8.058349706980954,0.00023975273274279285,4.76,82.76,6
2023101508,3625,0,3.1046094762465697,1.7236059302352162,4.52,158.16,6
2023101508,3650,1,2.33205917592157,4.236826932649067,6.91,108.28,6
2023101508,3673,1,2.394013366712895,-4.369871713342219,4.19,55.36,6
2023101508,3729,1,2.136632865047248,-0.18050080781539046,5.69,123.49,6
2023101508,3754,0,7.134731950115582,-3.754819981513637,5.58,160.21,6
2023101508,3809,1,2.419938015735106,-0.6709822763065434,6.06,165.02,6
2023101508,3834,0,4.7762432936357,1.8982493852333313,8.8,89.56,6
2023101508,3857,1,0.5643580423808928,6.303504938397223,7.81,142.17,6
2023101508,3880,1,1.380615804632133,-3.9562819794374713,7.63,104.45,6
2023101508,3903,0,3.8300130548080507,3.298186482103888,8.21,90.5,6
2023101509,77,0,4.319189738828333,-0.8561980200050296,4.45,196.56,6
2023101509,104,0,7.424284477308241,0.3534702838050412,2.59,265.33,6
2023101509,174,0,3.4620369726506426,2.9231192851786947,7.78,180.6,6
2023101509,380,1,2.843817856333276,5.857943690746115,7.29,356.29,6
2023101509,604,0,11.197879263503424,-1.2663312498342116,7.35,168.33,6
2023101509,704,0,3.9597979746446605,-2.1790548045205833,6.73,222.29,6
2023101509,729,0,6.643982239590948,-0.4567955585300367,5.96,341.27,6
2023101509,831,0,3.467809106626253,-0.061949392984524065,5.09,200.12,6
2023101509,951,0,3.45589351687809,1.6277512009062323,4.07,247.47,6
2023101509,1005,0,4.792629758285112,-2.449515310321931,6.74,261.43,6
2023101509,1074,0,3.934107268491799,-2.5589746587675317,4.21,36.88,6
2023101509,1099,0,5.64553806115945,-0.6115950488098109,1.97,74.65,6
2023101509,1146,0,3.436815386371517,-1.5444557594191362,6.76,49.33,6
2023101509,1214,0,3.562021897742912,0.8535530435541067,6.67,329.42,6
2023101509,1261,0,10.930800519632587,-0.4271434513643089,3.67,358.56,6
2023101509,1300,0,10.393507588874888,1.3332661480314565,0.72,17.69,6
2023101509,1325,0,4.416616351914663,2.0682811379400157,3.62,243.56,6
2023101509,1408,0,3.7381546249453095,-0.15740180597815018,3.83,288.02,6
2023101509,1474,0,4.855069515465249,1.2002949592051504,3.93,92.61,6
2023101509,1670,0,15.015808336549846,0.32971479281418853,4.16,352.32,6
2023101509,1695,1,1.2734598540982784,5.578288811859062,7.33,224.77,6
2023101509,1826,0,6.298650649147002,0.7098153720023788,3.95,77.29,6
2023101509,1909,0,5.094869968900089,-1.3546851477243333,5.8,35.6,6
2023101509,2005,1,1.3998928530426822,3.5013276639709163,7.28,183.68,6
2023101509,2028,0,4.306947875236011,2.8097606123195247,6.66,13.31,6
2023101509,2201,1,1.8406792224610997,2.2719299130110384,3.6,44.95,6
2023101509,2248,0,5.3583579574343485,1.457035868927191,5.11,42.78,6
2023101509,2328,0,7.495198463016171,0.3456269672138814,7.35,8.22,6
2023101509,2463,0,7.235385269631459,-0.4987030393455666,4.8,200.07,6
2023101509,2512,1,1.6315023751131916,1.1835373344210551,9.45,262.06,6
2023101509,2591,0,5.7318496142170385,1.3076417519235053,5.86,300.99,6
2023101509,2672,0,5.9157417117382645,-1.3734736212742018,4.23,265.82,6
2023101509,2697,1,0.8184130986244057,-2.0712693691537605,6.24,299.3,6
2023101509,2783,0,3.2828341414089146,2.0781111013747364,6.88,41.34,6
2023101509,2808,1,0.7200694410957874,0.24499874545194672,1.2,351.17,6
2023101509,2860,0,3.2291330105772955,-4.212288380284059,6.54,289.5,6
2023101509,2980,1,2.6075659147948773,3.8324781094098643,7.11,185.81,6
2023101509,3118,0,6.43386353601007,-1.491184972778762,6.3,337.32,6
2023101509,3197,0,6.6723459142943105,3.7039970659777275,4.59,337.6,6
2023101509,3222,1,2.0497804760510325,-4.567817887920609,4.36,256.81,6
2023101509,3374,0,4.178085686052879,-3.2782529266303317,7.42,348.65,6
2023101509,3399,1,2.5949373788205405,-3.910705924601667,5.06,250.68,6
2023101509,3424,0,11.049796378214399,3.1180361369906935,1.09,254.61,6
2023101509,3449,0,4.1511685101908355,3.166856237916621,2.24,316.35,6
2023101509,3557,0,11.851793113280372,-0.5983037902675428,2.7,229.24,6
2023101509,3589,0,6.712525605165318,-0.8766379979548459,6.42,186.52,6
2023101509,3674,1,0.849058301885093,-0.9485622453933491,5.11,150.58,6
2023101509,3862,1,1.3813399291991906,-0.8135616230674501,5.42,289.65,6
2023101509,3920,1,0.6609841147864308,1.669079516927141,7.43,272.03,6
2023101510,77,1,2.1034257771549667,-0.30124310031411405,6.85,180.96,6
2023101510,174,0,7.550417207015776,-0.7881884864993572,6.03,331.21,6
2023101510,199,1,1.6584932921178774,7.156282009778558,8.61,268.71,6
2023101510,280,0,5.406070661765349,0.7695975921806215,6.68,154.91,6
2023101510,333,1,1.1676043850551405,-1.8292824272253503,3.28,110.63,6
2023101510,499,0,10.54408364913709,-0.8818892536874401,5.59,349.19,6
2023101510,593,1,1.259364919314489,1.4974985197738528,0.49,198.83,6
2023101510,708,0,4.638545030502563,-0.09815973814927315,5.27,135.73,6
2023101510,733,1,1.2918978287774918,5.070052185116132,7.09,15.45,6
2023101510,804,1,2.4224367896809986,-0.31033087752147615,6.9,55.76,6
2023101510,827,1,1.117720895393842,1.884781194159641,4.58,96.05,6
2023101510,916,0,9.890323553858089,2.5829808162220638,6.94,358.85,6
2023101510,966,0,11.128256826655285,0.7492392839065438,4.98,164.7,6
2023101510,1025,0,4.911781754109194,3.2532939753359145,5.92,180.96,6
2023101510,1103,1,2.252487513838867,3.480326448372095,6.93,117.59,6
2023101510,1126,1,1.8621761463406188,-1.0961941581512804,5.94,87.83,6
2023101510,1149,0,5.374476718714114,2.21730726964819,3.21,171.06,6
2023101510,1218,0,14.509534796126312,-0.22099765652980963,5.71,350.04,6
2023101510,1379,0,9.228000866926703,0.0060924357338378865,5.83,38.49,6
2023101510,1533,1,1.6468454693747083,0.9280438117152285,2.96,211.57,6
2023101510,1741,0,13.424581930175707,-0.16358787031136668,6.68,170.03,6
2023101510,1984,1,1.4717676447048318,-3.3860819989075983,9.01,269.21,6
2023101510,2032,0,6.132046966552032,-0.7892272936341136,4.95,266.82,6
2023101510,2381,1,1.5935494971917221,-2.7450493904160203,6.88,116.89,6
2023101510,2530,1,1.5953056133543888,1.1424332089282432,4.58,199.0,6
2023101510,2590,0,5.040575363983762,-5.525066927588506,2.73,95.25,6
2023101510,2644,1,0.9178779875342947,-3.468900871162044,5.38,112.9,6
2023101510,2764,1,2.5778285435614174,5.46664290525045,6.06,35.83,6
2023101510,2855,0,3.8668333297415356,-4.5082700854757585,2.0,273.05,6
2023101510,2940,0,4.030198506277327,-5.515704520419343,6.47,232.18,6
2023101510,2985,1,2.3600211863455796,-0.44226906816716927,6.82,181.47,6
2023101510,3056,0,4.114608122288208,-0.00159568165680328,3.04,239.54,6
2023101510,3101,0,3.01144483595499,-1.2157451933238017,3.06,284.18,6
2023101510,3126,1,1.5802847844613308,-5.4567656103856335,7.32,253.88,6
2023101510,3213,0,3.405877273185281,-4.80041340412662,3.32,281.22,6
2023101510,3445,1,2.1804815981796306,0.43417558427258085,3.37,18.42,6
2023101510,3470,1,0.7657675887630646,-2.0085445233047903,4.44,117.78,6
2023101510,3663,1,1.0920164833920778,1.0563550912112214,8.27,111.69,6
2023101510,3721,0,4.804591553920059,0.5033843642018901,5.42,144.14,6
2023101510,3744,1,1.2076837334335522,-4.247439499520622,4.72,123.54,6
2023101510,3803,1,0.8711486669908906,5.28597267181059,8.02,2.99,6
2023101510,4016,0,4.906668931158898,-0.4322999794267288,7.09,7.09,6
2023101510,4041,0,3.3115857228826164,4.147869567736674,5.89,52.47,6
2023101510,4064,1,2.8122055401410453,0.15829584431226484,7.22,0.66,6
2023101510,4087,0,3.5351096164051277,-2.134347508270633,2.19,63.25,6
2023101510,4112,1,2.64916968123976,-2.907895845334846,6.6,111.2,6
2023101510,4135,1,2.197384809267594,-4.376658431371484,6.79,47.29,6
2023101510,4160,0,5.277849941027127,1.3716979141132777,2.22,56.79,6
2023101510,4208,0,4.801010310340938,-3.089499923253083,7.53,103.79,6
2023101511,55,1,2.6144406667583726,0.8370357659990303,5.74,209.57,6
2023101511,134,1,2.2806358762415324,-4.836149059792537,4.2,293.46,6
2023101511,181,0,4.341624120073031,-2.0116446218547113,6.3,306.69,6
2023101511,230,0,13.080646008511966,-2.608378836483562,6.14,169.5,6
2023101511,283,0,3.595469371306058,-2.6884671715971127,6.7,58.16,6
2023101511,336,0,8.116477068285231,-2.621561135235978,7.04,37.36,6
2023101511,366,1,0.7800640999302569,8.42125707072794,8.38,191.61,6
2023101511,396,1,1.5600320509528025,3.622716799227531,5.68,131.65,6
2023101511,533,1,0.9947864092356705,1.2295573216143914,6.07,38.03,6
2023101511,558,1,2.708800472533921,3.9435832049617723,7.12,21.89,6
2023101511,708,1,1.0387011119662808,6.733002832114995,7.85,187.67,6
2023101511,873,0,3.3055256768024077,-0.045383669316073294,5.35,337.79,6
2023101511,955,0,3.707991370000745,-0.32922999859347923,6.48,325.09,6
2023101511,1153,1,2.6568025895801948,-0.9164782227971617,5.66,49.7,6
2023101511,1288,0,6.711728540398519,-1.9389522978291402,5.77,208.29,6
2023101511,1313,1,2.412488341940741,0.7947338427670045,3.15,39.32,6
2023101511,1343,1,1.2609916732476916,2.6128824767486574,6.17,242.6,6
2023101511,1366,1,1.390143877445788,-1.7679336326758563,4.49,298.51,6
2023101511,1391,0,8.119168676656495,-1.8543069133395125,4.21,288.75,6
2023101511,1589,0,13.700689763657886,-1.6404390723647913,5.38,142.79,6
2023101511,1614,1,1.316548517905817,5.897199104899236,8.75,271.01,6
2023101511,1637,0,8.894267816970657,-3.225683388399853,6.96,214.89,6
2023101511,1689,0,4.321712623486204,-2.811035369298825,6.35,307.84,6
2023101511,1741,0,3.9951595712812287,-0.07903649125917134,5.91,261.86,6
2023101511,1810,1,1.4169333082400126,5.936925293807184,9.02,32.5,6
2023101511,1833,1,1.8242806801586253,-0.07278495082558273,3.49,148.6,6
2023101511,1890,0,8.518198166279065,-1.0007096845069108,4.16,49.95,6
2023101511,1920,1,2.3563743335896343,-2.0510723700376716,7.71,44.39,6
2023101511,1943,1,2.61874015511276,-1.137854712461975,6.14,85.73,6
2023101511,2108,0,10.0655898982623,-4.193605561470509,3.67,292.89,6
2023101511,2149,0,4.644620544242554,0.12140388928420609,6.48,152.37,6
2023101511,2238,0,3.3202409551115437,0.4897634205872432,2.37,144.35,6
2023101511,2333,1,1.320757358487928,4.9147500739964185,3.47,77.64,6
2023101511,2356,1,1.3755726080436443,-2.650025473160282,2.18,140.12,6
2023101511,2514,0,4.3246387132337425,-2.263104676199133,0.46,307.72,6
2023101511,2591,0,8.015846804923363,0.8870587736160991,6.81,2.24,6
2023101511,2635,0,7.838902984474292,2.9540733152559464,7.88,174.17,6
2023101511,2716,1,0.850940655980187,3.8402056044035184,7.13,282.83,6
2023101511,2780,0,9.049999999999997,-0.8337230009098194,3.22,271.37,6
2023101511,2887,0,3.351715978420606,-2.183729207670109,2.64,243.22,6
2023101511,2910,0,10.874309173460171,2.714194975441984,4.17,243.63,6
2023101511,3009,0,6.79685221260548,-4.263764246181356,4.76,1.63,6
2023101511,3114,1,1.5844872987815297,4.5251222514641825,6.52,354.76,6
2023101511,3137,0,3.4754136444457933,-0.22995789631814684,5.4,227.74,6
2023101511,3228,0,5.163874514354507,-0.38091084965145616,3.77,299.2,6
2023101511,3273,0,3.3174689146998793,-2.8017378435357205,7.9,233.09,6
2023101511,3339,0,6.1595210852792635,2.1954148602849255,6.3,203.92,6
2023101511,3510,1,0.7749193506423714,1.14011198164151,3.35,13.72,6
2023101511,3559,0,11.806481270895238,-1.1598470843361843,4.65,46.27,6
2023101511,3660,1,1.465093853648975,3.0619699687655597,7.87,253.9,6
2023101511,3785,1,2.3702320561497765,0.08174546007431743,3.23,237.41,6
2023101511,3915,0,7.170955305954706,0.02682245114473518,1.84,179.62,6
2023101511,3940,0,7.2012360050202515,0.16448641204278708,2.19,355.15,6
2023101511,4033,0,12.432618388738554,-0.3964305878421345,6.29,192.49,6
2023101511,4085,0,9.188476478720498,1.0384757434723895,4.47,310.57,6
2023101511,4132,1,1.3832208789632996,-0.14573432187489876,3.98,300.74,6
2023101511,4227,0,3.6432952117554227,-0.5491719460357569,3.18,247.76,6
2023101511,4317,0,8.161868658585474,-4.579356333104763,7.66,187.47,6
2023101511,4340,0,5.186925871843543,8.164100646247496,8.41,6.39,6
2023101511,4363,0,4.818848410149453,1.610754063878154,8.28,184.31,6
2023101511,4388,1,2.2593804460515288,4.742785547779967,9.57,288.78,6
2023101512,59,0,3.3326415948913564,-1.6789078001640116,5.73,339.29,6
2023101512,96,1,1.4041723540933277,-0.8633469628703581,5.92,243.13,6
2023101512,124,1,0.9449338601193265,8.336879528641575,8.82,317.43,6
2023101512,178,0,5.560899207861983,0.2796109696242749,2.24,177.34,6
2023101512,310,1,1.6638810053606605,0.7098906833955385,6.87,288.04,6
2023101512,359,0,7.661103053738407,-3.0486894398906017,3.91,261.21,6
2023101512,423,0,6.749296259611076,-2.2999439975908738,5.79,347.42,6
2023101512,520,1,1.17175082675456,2.019019466054335,7.09,124.94,6
2023101512,596,0,4.65405199799057,-0.41261701006680496,3.24,38.98,6
2023101512,845,1,1.7510282693320514,7.966112858894458,9.0,210.68,6
2023101512,948,1,1.8883061192507966,1.5155303677132745,4.96,350.74,6
2023101512,973,0,11.302123694244369,1.5923310744737664,6.98,181.02,6
2023101512,1155,0,4.1391786624884865,0.15817178670747153,3.22,356.47,6
2023101512,1405,0,8.710367386052098,-0.1955041655938039,6.96,330.61,6
2023101512,1518,0,4.445188409955185,-0.24393853066868387,6.49,129.3,6
2023101512,1541,2,1.1421471008587294,3.9611833165871686,5.02,66.26,6
2023101512,1585,0,9.083286850033966,6.414725238221109,7.23,184.57,6
2023101512,1622,2,1.3482581355215344,2.913091809445648,3.77,207.24,6
2023101512,1696,1,2.905942188000309,-4.791397652971275,2.88,253.78,6
2023101512,1787,1,2.727288030260097,1.3873632302192838,5.43,337.23,6
2023101512,2074,0,4.618246420450083,-1.184990459305667,3.8,76.01,6
2023101512,2108,0,3.1113019782721225,0.8723507160203886,6.38,56.58,6
2023101512,2161,0,4.7546398391466065,-2.5245005211087976,4.49,306.41,6
2023101512,2193,1,1.6909760495051367,0.09922188712720148,8.19,237.46,6
2023101512,2296,1,0.8318653737234172,6.456020557681615,6.86,214.57,6
2023101512,2429,0,4.801301906774868,-5.477242192000956,5.63,162.71,6
2023101512,2553,0,3.510498540093697,-0.38830521117073047,2.54,106.57,6
2023101512,2765,1,2.6216216355530775,-2.3360656233475052,2.02,40.25,6
2023101512,2834,0,3.281234523773023,-1.3136304700505486,5.71,349.07,6
2023101512,2913,1,2.198294793698064,2.1133230552467897,1.25,39.74,6
2023101512,2982,0,6.460534033653874,-1.736299854922374,6.46,185.82,6
2023101512,3464,0,5.1295711321708,5.943953599718589,6.5,180.46,6
2023101512,3572,0,7.062294244790426,-5.033066068813462,1.55,192.33,6
2023101512,3666,0,6.874707266495064,-3.4863803031694593,6.05,177.59,6
2023101512,3691,0,4.72547352124631,-3.1447769433066917,4.37,92.96,6
2023101512,3738,1,1.1264102272262964,2.973862060998425,4.66,86.64,6
2023101512,3806,0,3.4129898915759966,-2.8725142995005486,5.85,3.79,6
2023101512,3865,0,3.332821627390227,0.024226360485414378,3.26,239.77,6
2023101512,3890,1,1.8916923639957903,4.47859585597681,6.64,176.96,6
2023101512,3937,2,2.396351393264359,-2.5905903315045076,8.55,263.58,6
2023101512,3967,1,1.1085576214162267,6.275159448702398,8.3,232.43,6
2023101512,4068,0,3.2415428425365653,7.596308608133474,8.91,151.65,6
2023101512,4112,0,13.681593474445872,0.33987957472519803,6.05,0.95,6
2023101512,4167,0,9.789509691501408,1.8838492982208643,6.38,203.34,6
2023101512,4197,0,6.378244272525159,-2.097473522183132,7.07,343.97,6
2023101512,4227,0,5.3173771730055055,1.3006697327565206,4.41,298.3,6
2023101512,4252,0,4.115883866194479,-2.6929399940155623,4.0,300.45,6
2023101512,4307,0,4.551856764003013,-1.1630084577149615,6.44,210.8,6
2023101512,4337,0,7.679648429453004,2.0734893019597087,1.41,351.71,6
2023101512,4490,2,0.6552098900352459,0.2619414370607189,4.15,271.17,6
2023101600,156,0,4.213739431906059,5.434282319686891,7.76,145.97,6
2023101600,307,0,3.8964855960211073,-1.45168203602806,8.1,163.94,6
2023101600,364,1,2.045189477774625,-2.24328906287802,1.1,270.92,6
2023101600,389,0,4.635180686877267,-1.3691493843958364,5.95,300.15,6
2023101600,414,1,0.5232590180780415,5.31290220911917,5.4,237.46,6
2023101600,513,1,0.796115569499807,-0.6384890980505187,6.54,256.98,6
2023101600,697,0,8.288063706318862,-4.700918190377901,3.72,25.57,6
2023101600,740,0,3.8421348232460506,-0.7944698661039471,5.33,308.47,6
2023101600,848,1,1.9116746585127928,1.2821325904719387,7.15,356.48,6
2023101600,927,0,4.873448471052095,0.3210782707737394,3.92,58.48,6
2023101600,952,0,14.505123232844317,0.07623125456351487,6.07,167.23,6
2023101600,1165,1,1.90685605120051,4.169946560498051,5.0,187.36,6
2023101600,1188,0,3.1749803148996065,-3.3390703731840694,6.96,242.78,6
2023101600,1260,0,9.262013819899,1.5773073807773832,1.28,171.31,6
2023101600,1296,0,7.006004567512075,-0.6426601847127605,2.87,101.19,6
2023101600,1515,1,2.735616932247644,2.060096854204731,4.25,176.19,6
2023101600,1552,0,6.25538168299905,-1.25061126940586,3.9,120.6,6
2023101600,1633,1,1.8867962264113163,-5.980402283476706,8.35,65.16,6
2023101600,1678,0,5.209625706324773,-1.1812297660926614,2.83,108.11,6
2023101600,1750,1,2.8485961454723627,1.82084712510778,4.83,155.86,6
2023101600,1825,1,2.160092590608097,5.944948636839706,8.39,329.01,6
2023101600,1850,1,2.5500196077677573,-0.72933903987692,7.21,351.45,6
2023101600,1887,0,5.236458727040633,1.1563278206322876,7.07,238.6,6
2023101600,1917,1,2.6600187969260656,3.028958732164752,7.58,249.08,6
2023101600,1974,0,17.946966317458777,-3.5448504520063766,5.47,340.92,6
2023101600,2053,1,0.514781507049348,2.4472668886995868,5.05,124.92,6
2023101600,2076,0,4.57587150169233,2.0683961142507203,7.53,124.01,6
2023101600,2111,0,3.070846788753872,-3.0328604714657215,4.04,115.02,6
2023101600,2179,0,5.376625335654329,1.0237980802366018,3.57,128.31,6
2023101600,2220,0,4.181985174531349,0.25951076519263794,3.3,84.23,6
2023101600,2370,0,3.3909438214161045,0.4964896660650425,1.22,31.57,6
2023101600,2507,1,2.803158932347574,-1.182343880929805,1.67,278.04,6
2023101600,2532,0,3.663686667825189,1.2529878639356797,4.63,327.07,6
2023101600,2579,1,2.672002994010296,-1.3106349313457955,5.62,314.92,6
2023101600,2627,0,4.877396846679589,1.4461763651107757,6.94,340.96,6
2023101600,2674,1,1.1377170122662288,8.812811516583562,8.92,350.01,6
2023101600,2835,1,2.588976631798752,4.8694792342120925,6.91,343.18,6
2023101600,2865,1,2.6764902391004513,3.080350164705586,7.61,212.35,6
2023101600,2940,0,4.188961685191211,-1.4090922629563525,6.25,215.22,6
2023101600,3038,1,2.5598632775990238,-0.6178011301891506,6.8,311.15,6
2023101600,3168,0,4.000499968753905,-6.336625916581302,5.5,273.75,6
2023101600,3298,1,2.5460754112948036,0.6850995443301462,5.79,347.59,6
2023101600,3357,1,1.0568822072492294,6.7896702100649495,8.15,193.85,6
2023101600,3421,1,1.567801007781281,-2.1129765198237336,6.9,74.34,6
2023101600,3541,0,4.408049455257965,4.056308075065922,7.12,22.92,6
2023101600,3599,1,2.7821035207195286,-1.0953259968777962,4.2,151.57,6
2023101600,3755,1,1.4235167719419455,1.9373001114974056,5.87,72.05,6
2023101600,3778,0,6.552167580274484,-1.746217679067315,7.03,158.18,6
2023101600,3803,1,2.397185850116758,5.85296821455031,7.76,165.59,6
2023101600,3898,0,5.870689908349784,-2.9191916832810914,4.53,270.09,6
2023101600,4008,1,0.9278469701410866,-1.7010615397515698,3.03,349.33,6
2023101600,4053,1,1.2200409829181973,9.285539934536542,8.85,341.66,6
2023101600,4105,0,7.101802588075786,0.06323041872589341,6.02,328.63,6
2023101600,4182,0,3.6858241954819295,-2.8878534478988875,5.66,262.18,6
2023101600,4288,1,1.1232987136109445,2.0471909487088715,7.71,310.73,6
2023101600,4456,1,0.48270073544588404,2.2578601950056965,2.26,269.47,6
2023101900,78,0,3.1009675909302943,0.2741518187734526,6.38,49.13,7
2023101900,172,1,0.8628441342444185,4.8354958285683365,5.94,30.43,7
2023101900,227,0,3.437397271192259,-4.720020982871489,5.22,110.34,7
2023101900,340,0,5.337312057581045,-1.0136026069654416,2.97,263.31,7
2023101900,385,0,4.548593189108027,1.6979384010876155,4.78,323.13,7
2023101900,491,0,7.389681995864234,-2.1723474169050805,5.53,187.1,7
2023101900,543,1,2.513821791615309,-3.679647984588078,7.47,322.69,7
2023101900,610,1,2.362562168494196,3.6240132596887493,7.97,45.88,7
2023101900,680,0,4.702020842148624,-0.9528211706106289,1.21,272.54,7
2023101900,705,1,2.85043856274784,2.510920464465635,5.73,212.28,7
2023101900,842,1,2.2299103120977777,2.9283688293007013,5.46,8.0,7
2023101900,867,1,0.9241753080449602,4.9801823443762965,6.58,214.11,7
2023101900,977,0,3.4798850555729572,1.7060766874112872,6.54,126.68,7
2023101900,1027,1,2.1772000367444417,5.206654663861386,7.52,202.76,7
2023101900,1173,0,6.192721534188343,0.6547475957639419,3.12,136.68,7
2023101900,1203,0,5.1151930559852765,-2.4675711489152263,6.83,119.09,7
2023101900,1277,1,1.0412012293500224,3.235587527243861,7.16,65.49,7
2023101900,1300,2,2.0715453169071596,-1.0083933273993115,8.4,353.31,7
2023101900,1386,0,3.9584087712109763,3.035028560219901,6.37,251.91,7
2023101900,1429,0,9.371792784734414,-1.7823091066251266,4.1,88.66,7
2023101900,1526,0,9.604686356149267,-1.1011275636639013,5.45,137.6,7
2023101900,1553,1,1.1352973178863888,-2.074150496988806,4.38,103.62,7
2023101900,1650,0,4.488763749630848,-3.4426359192478895,7.09,239.97,7
2023101900,1704,0,8.762745003707458,-2.7430201532320226,4.42,109.39,7
2023101900,1751,0,6.428763489194483,0.6203245296110786,4.03,135.91,7
2023101900,1776,1,1.3440238093129124,2.6533955885057385,5.7,157.92,7
2023101900,1835,1,1.686001186239206,-0.4832457067747806,4.53,61.9,7
2023101900,1928,1,2.207374005464411,0.4322918543195762,7.19,327.3,7
2023101900,1958,0,6.050008264457163,-3.8502885803469837,4.24,291.04,7
2023101900,2017,0,8.721387504290814,1.7749104329662497,4.82,300.36,7
2023101900,2070,0,6.250503979680357,-4.493279398555681,2.37,311.77,7
2023101900,2142,0,6.468755676326009,-0.07806278858819077,3.55,213.18,7
2023101900,2174,0,4.632893264473075,2.1593372521446046,5.05,335.07,7
2023101900,2211,1,1.1054863183232957,-5.326297919883871,6.28,236.54,7
2023101900,2393,1,2.3471898091121726,-3.412504761105227,7.13,307.07,7
2023101900,2455,0,11.516305831298505,-2.190420075028909,0.36,286.66,7
2023101900,2480,1,1.7132717239247237,0.8612997528965523,1.73,206.87,7
2023101900,2527,0,12.759412212167142,-3.733263912067584,3.57,347.83,7
2023101900,2631,0,6.693526723633815,-2.4586966511516133,7.21,259.82,7
2023101900,2654,0,9.990495483208027,0.2742498064274983,4.98,345.02,7
2023101900,2785,0,4.505873944086763,1.3215188201898187,3.57,121.03,7
2023101900,2880,1,1.1119802156513403,3.4737997262653724,5.02,328.72,7
2023101900,2903,1,0.9398404119849261,3.1555969057336135,6.08,181.96,7
2023101900,2969,1,1.0044899203078128,-0.38488174811481723,3.75,228.59,7
2023101900,3023,0,7.729999999999997,-0.2108732441070371,3.07,291.7,7
2023101900,3053,0,10.498618956796175,-1.3580666030216473,5.4,330.99,7
2023101900,3083,0,6.300507916033441,-1.2388655020670847,6.19,315.72,7
2023101900,3160,0,5.576925676391967,1.578432187795357,3.39,295.09,7
2023101900,3640,0,5.605943274775442,1.4714217128262785,1.22,173.75,7
2023101900,3665,1,2.629923953273172,-4.928104330954961,7.93,114.08,7
2023101900,3730,1,1.8943336559328654,-1.2637258724655267,6.73,294.2,7
2023101900,3875,0,3.91369390729526,0.18466755687910563,4.66,117.37,7
2023101900,3907,0,4.255561067591431,-0.6660567276040159,7.73,141.61,7
2023101900,3932,1,1.1125196627475824,-0.5713760219310773,6.93,59.72,7
2023101900,4066,1,1.7298554852934998,3.1275176711734898,6.87,293.08,7
2023101900,4089,1,1.3185598204101272,2.5636557025599838,8.01,291.82,7
2023101900,4155,1,2.2740272645683053,-4.106885436002589,2.53,66.2,7
2023101900,4274,1,1.4741099009232643,1.2207449959577428,3.93,351.95,7
2023101900,4336,1,2.987791826750987,-3.859778043271647,5.79,61.07,7
2023101900,4361,0,6.1859356608358,0.5773262863129472,4.3,141.62,7
2023101900,4411,0,10.053337754198852,-0.5798147355389154,0.83,186.19,7
2023101900,4493,1,1.5404220200970926,0.6650445861524856,5.48,32.01,7
2023101900,4586,1,2.761340254296814,-1.1533878673046227,6.4,55.04,7
2023101900,4616,1,1.6577394246382686,-2.6713066779810735,4.71,47.33,7
2023102200,55,0,3.668487426719631,-0.023295032734387933,7.62,169.34,7
2023102200,80,0,5.826259520481387,-2.882179074756585,2.65,26.18,7
2023102200,110,0,6.535174060421036,0.30106362245020835,7.3,159.33,7
2023102200,291,1,2.1825672956406157,-4.37998517275042,7.3,223.88,7
2023102200,389,0,8.196413849971218,2.6713630580595416,3.4,18.53,7
2023102200,421,1,0.8348652585896754,1.4612122151469653,4.73,142.07,7
2023102200,478,0,5.594649229397678,-0.2590910299685576,7.79,39.57,7
2023102200,537,0,4.143235450707575,-1.6107622939949273,1.31,354.95,7
2023102200,584,1,2.89774049907854,0.08555191418714703,0.2,7.46,7
2023102200,661,0,5.334641506230774,-1.1710222658946128,3.33,72.07,7
2023102200,686,1,2.850438562747845,3.8462339560194865,5.99,18.06,7
2023102200,754,0,8.687427697540853,-2.557664907764739,6.01,202.67,7
2023102200,801,1,2.2302690420664573,-1.9176164159616669,7.32,300.56,7
2023102200,857,0,6.14772315577076,-1.3911380507281101,7.82,38.76,7
2023102200,922,1,2.2005681084665385,3.366509547455077,6.96,143.29,7
2023102200,967,1,2.1718655575334345,-6.364190562695118,6.9,71.56,7
2023102200,1017,0,15.037170611521306,-5.181084512755217,4.76,282.84,7
2023102200,1092,1,1.4173919711921599,2.7050939456819973,7.12,354.91,7
2023102200,1198,0,8.745856161634489,-3.442426223734349,4.64,82.85,7
2023102200,1316,0,3.5769400330450045,2.28802491936992,6.76,304.88,7
2023102200,1478,0,3.646422904710863,1.0148475573863305,8.55,168.93,7
2023102200,1523,1,1.1667476162392658,-1.617391966493119,3.96,120.79,7
2023102200,1546,1,2.8199645387841374,-3.0464566958734034,2.53,26.84,7
2023102200,1576,1,0.7640026177965623,3.285810254011603,6.95,110.57,7
2023102200,1639,0,5.291852227717625,1.3464938672366231,3.28,8.64,7
2023102200,1686,1,2.135602959353632,4.280041805197165,4.58,322.48,7
2023102200,1785,0,4.478448392021508,1.5396537068834886,2.62,126.99,7
2023102200,1810,1,2.848034409904487,4.97095441905345,6.15,137.64,7
2023102200,1874,1,0.9340770846134688,4.566526275229927,5.53,34.86,7
2023102200,1904,0,3.446113753200842,7.71139840873209,8.37,171.61,7
2023102200,1927,1,1.0171037311896935,-1.3943549080708642,7.26,105.6,7
2023102200,2027,1,1.4150971698084873,-0.03969288784088184,3.1,54.83,7
2023102200,2241,1,2.956298361126633,-5.046834959530591,5.98,98.45,7
2023102200,2343,1,1.0064790112068935,2.383096828108066,6.42,30.36,7
2023102200,2420,1,0.9192388155425089,0.27117474481021003,2.65,159.24,7
2023102200,2466,1,2.177544488638521,-0.5086070022042577,5.4,116.93,7
2023102200,2518,1,2.3745315327449332,-3.7828004710615817,5.15,303.99,7
2023102200,2565,1,1.9912307751739864,2.804153934108763,6.7,299.87,7
2023102200,2639,0,4.7668123520860375,-2.5059265260281363,2.53,36.05,7
2023102200,2671,1,2.0778113485107355,-0.2510601897117219,2.62,89.85,7
2023102200,2786,0,4.370011441632625,-0.3296011022206984,7.92,80.48,7
2023102200,2970,0,7.615543316139698,2.794262552359929,7.1,45.19,7
2023102200,3022,0,6.388747921150126,-0.9670305694691134,6.3,19.71,7
2023102200,3047,0,6.639917168158046,-2.4441643594474414,6.48,19.14,7
2023102200,3116,0,7.300006849311859,1.437046947696546,2.39,258.03,7
2023102200,3152,1,1.7348486965727006,-0.42538197702456515,2.48,243.12,7
2023102200,3273,0,3.507206865869192,3.9090540846994504,6.54,47.47,7
2023102200,3405,0,5.796559324288855,-0.5113770407720846,4.34,82.78,7
2023102200,3498,0,11.334795984048416,4.927118278943461,5.33,348.08,7
2023102200,3523,0,6.8872345683881,0.26633739521184396,3.45,243.85,7
2023102200,3553,0,5.396072645915728,-1.3332389026409164,5.86,328.07,7
2023102200,3583,0,4.6158856138340365,-0.578688965529673,6.57,190.09,7
2023102200,3608,1,0.8052949770115283,-0.5084348209590508,1.94,291.24,7
2023102200,3633,0,4.475175974193645,2.8230739005212584,1.34,2.23,7
2023102200,3658,0,5.2185246957353755,0.3162955521182025,3.8,242.81,7
2023102200,3683,0,10.723105893350116,5.264886532033781,2.13,184.07,7
2023102200,3708,0,3.0901456276363453,-0.7436990906837297,6.08,326.75,7
2023102200,3761,1,1.0331505214633547,-0.38529356427186945,3.89,218.77,7
2023102200,3784,0,10.64575502254302,-2.8303991692290063,5.19,194.64,7
2023102200,3807,1,0.9985990186255946,-0.2188913051066257,5.13,236.05,7
2023102200,3886,1,1.2432618388738557,3.6806080034928064,6.87,84.26,7
2023102200,3950,1,1.3138112497615482,2.1042003216802003,9.69,252.68,7
2023102200,3980,1,1.0823123393919158,-3.0277438589441035,5.0,230.87,7
2023102200,4003,1,1.7833956375409203,6.065108931988743,7.75,351.02,7
2023102200,4028,1,2.174511439381272,3.913651253741107,6.98,224.67,7
2023102200,4053,1,1.6933103672983287,2.324829712665762,9.81,273.11,7
2023102201,107,0,9.252983302697578,0.2112804886006694,4.81,222.44,7
2023102201,173,0,4.4829566136646894,-1.2801655137436796,5.59,40.03,7
2023102201,225,1,2.1789217516927954,-0.6011922370762908,4.31,125.58,7
2023102201,302,1,1.4805404418657437,-2.1638146088426,3.69,129.59,7
2023102201,424,0,5.023116562454032,-1.8688308791054107,3.23,223.04,7
2023102201,485,1,2.0554318281081474,2.5327250029170685,6.13,330.93,7
2023102201,755,1,2.7882969712711696,-0.20056719492939334,6.99,78.1,7
2023102201,834,0,4.561578674099569,0.5937059532733286,4.86,109.75,7
2023102201,894,1,2.4229733799610775,-2.041686272383526,5.68,69.59,7
2023102201,917,1,1.3518135966175229,3.9134871708857717,7.74,59.69,7
2023102201,1040,0,4.210855020064215,-3.790005465136066,6.57,137.69,7
2023102201,1162,1,2.2723776094654684,-4.059822667138917,6.31,55.27,7
2023102201,1187,1,2.8890136725187006,1.2681513124124375,5.45,186.59,7
2023102201,1303,0,6.750770326414612,-1.7750300096349068,3.38,280.17,7
2023102201,1396,0,4.16192263263026,3.9612084445297158,6.91,167.18,7
2023102201,1527,0,4.860874406935447,-2.2302757212603193,3.58,263.22,7
2023102201,1552,0,3.680896629898749,-2.4949038825697687,6.44,235.46,7
2023102201,1582,0,3.808884351092847,-0.293456398164776,5.7,205.29,7
2023102201,1634,0,4.764136857815907,0.3430936340874111,4.04,283.03,7
2023102201,1682,0,9.548465845359662,-2.7247669251657056,4.73,275.0,7
2023102201,1764,1,2.430329195808666,-5.000292798484977,7.16,262.09,7
2023102201,1843,0,4.804175267410632,-1.3708785766887197,5.48,206.65,7
2023102201,1873,1,1.18802356878978,1.5829674760984873,5.89,334.49,7
2023102201,1946,0,3.1368296096536725,4.745258531147762,6.02,159.1,7
2023102201,1976,1,1.576863976378432,2.7751208242900134,4.68,46.4,7
2023102201,2001,0,5.5810572475114455,-5.022976765149414,6.84,18.51,7
2023102201,2089,0,3.980577847499027,6.043086355397674,6.52,176.04,7
2023102201,2367,1,1.4598972566588366,3.038376317039942,6.3,332.17,7
2023102201,2668,0,17.178405048199316,-2.110801636600865,4.53,182.08,7
2023102201,2693,0,3.763243282064019,3.702290136134264,6.06,8.35,7
2023102201,2765,1,0.9761659694949373,-1.3953391277659641,5.52,128.38,7
2023102201,2788,0,6.7984262884876525,-0.14059889199633502,6.82,156.78,7
2023102201,2857,1,0.7840918313565074,3.460413102686565,6.09,306.37,7
2023102201,2880,0,5.122538433237958,-5.227842157952217,3.83,237.75,7
2023102201,2905,0,5.43445489446733,-1.432941224422698,4.84,249.38,7
2023102201,2935,0,3.5784074670165817,-4.600513755530233,3.45,211.62,7
2023102201,2960,0,3.3577373333838936,-2.7945348741192815,3.47,309.86,7
2023102201,3005,1,0.8329465769183503,6.071005900127669,7.27,300.4,7
2023102201,3129,1,0.740000000000002,4.1854101207409,6.85,54.99,7
2023102201,3197,1,1.3891724155049925,-2.2122395250829365,5.83,17.04,7
2023102201,3249,0,3.006958596322866,-0.6352509612329132,5.28,29.78,7
2023102201,3284,1,2.8579713084633895,-1.088961696501183,4.27,51.58,7
2023102201,3481,1,2.1838727069131103,3.277553503700394,6.88,209.48,7
2023102201,3726,1,2.0175727991822283,-4.1179809664460425,6.67,82.43,7
2023102201,3799,0,5.859496565405598,-1.634694170951261,5.81,51.19,7
2023102201,3826,0,6.152934259359512,-0.2988277582898376,4.96,113.76,7
2023102201,3849,0,14.809253863716432,-0.6641915987695,5.35,141.53,7
2023102201,3874,0,3.2171105047853104,1.5047753435386593,5.85,43.36,7
2023102201,3904,0,4.170083932009043,-5.044956997896126,7.75,82.75,7
2023102201,4037,0,4.320185181216194,-3.0434006192959195,7.01,50.57,7
2023102201,4062,0,7.350435361255826,-2.729781833314987,6.4,161.85,7
2023102201,4092,0,8.132976085050297,2.059778938923301,3.32,110.65,7
2023102201,4117,0,11.58813617455369,-2.57746552883884,4.0,75.13,7
2023102201,4142,0,9.422064529602842,1.3920110908496692,5.93,30.56,7
2023102201,4167,0,5.180463299744528,-1.8438049498005498,4.7,84.37,7
2023102201,4199,1,2.885914066634699,-2.3594984821602103,1.78,348.98,7
2023102201,4224,0,5.10956945348626,-0.9468454424913078,5.92,44.91,7
2023102202,62,0,3.1780497164141486,-0.22907711835422118,5.16,189.78,7
2023102202,205,0,4.6907781870389025,-0.3166428015032685,1.81,128.35,7
2023102202,230,2,0.9861541461658013,6.471433133459652,6.42,155.86,7
2023102202,287,0,3.6670560399317624,5.704850078651289,5.73,136.47,7
2023102202,443,0,5.858028678659744,6.83381895352285,8.16,312.65,7
2023102202,634,0,6.911222757226101,1.4460018104312908,5.07,307.59,7
2023102202,685,2,2.1889952032839157,1.7033751190888096,7.56,81.56,7
2023102202,715,1,0.9082400563727645,5.867744351059945,7.54,44.41,7
2023102202,938,0,8.282686762156347,0.6117467545045109,6.66,224.58,7
2023102202,1295,1,2.912473175842142,8.82646839951338,9.73,353.59,7
2023102202,1375,1,2.8536467896360214,0.9045605822835333,5.78,301.64,7
2023102202,1400,0,8.585621701426167,-1.7087712356451372,5.5,187.32,7
2023102202,1603,0,5.459029217727278,1.3647268947302722,7.11,179.35,7
2023102202,1692,0,5.849529895641195,-0.4036426563397242,6.1,338.12,7
2023102202,1717,0,8.619153090646432,-2.330359636020007,7.52,317.36,7
2023102202,1810,0,3.444139950698868,3.0023610719243408,8.49,201.12,7
2023102202,1896,0,5.660830327787612,-0.6516942170697624,6.81,33.52,7
2023102202,1922,1,2.49647751842471,2.285928667094373,4.15,13.69,7
2023102202,2068,0,6.222443250042539,3.051411461586868,3.21,344.1,7
2023102202,2380,0,7.702940996788174,0.7352975262741781,2.81,62.56,7
2023102202,2405,0,6.370282568301033,-0.5781911216523451,5.94,166.16,7
2023102202,2435,0,6.423846199902366,0.7511119109967546,0.42,344.63,7
2023102202,2460,0,7.615989758396479,-1.0246641485628945,4.55,180.41,7
2023102202,2728,1,1.7014111789923103,0.5423997440780504,6.98,112.17,7
2023102202,2867,0,5.63237072643483,-0.18298444695357852,6.13,295.75,7
2023102202,2931,1,1.5156846637740973,-2.732625546358103,3.06,55.08,7
2023102202,3330,1,0.6407027391856547,-3.1132198739097174,3.93,95.26,7
2023102202,3353,0,7.191084758226676,0.14428102752594996,4.45,154.4,7
2023102202,3527,1,0.8471717653463197,2.824195756457365,8.3,248.56,7
2023102202,3607,1,2.1718655575334314,4.710984083668666,7.98,17.26,7
2023102202,3630,0,4.843345950889739,0.5232451175460245,4.49,151.17,7
2023102202,3769,0,3.377128958153652,1.1427714526708121,7.07,297.91,7
2023102202,3824,1,0.6425729530566886,-3.4123757988429237,4.49,243.95,7
2023102202,3858,1,2.8040863039500077,3.4594601153530835,7.92,265.77,7
2023102202,4094,1,1.0666770832824766,1.4606371763374573,5.68,223.34,7
2023102202,4175,1,2.466110297614447,-2.933393975922783,5.51,59.68,7
2023102202,4265,0,3.771180186625932,-1.1666943106605052,5.75,349.23,7
2023102202,4513,0,4.593430090901573,-2.861845174982638,5.88,308.67,7
2023102202,4536,1,1.6311039206623221,4.717643992678116,7.1,295.74,7
2023102202,4617,0,5.263800908089137,-2.981423692038023,6.0,234.53,7
2023102202,4664,0,4.858662367359969,-1.7552620584201666,6.63,325.8,7
2023102202,4782,1,2.241093483101495,8.276929980249395,7.2,191.3,7
2023102202,4938,0,3.5277188096558922,-0.9193960233793624,6.66,31.38,7
2023102203,56,0,6.551717332119874,-2.0842934302298626,7.13,176.85,7
2023102203,150,0,6.7815190038810655,2.7993614891618672,5.35,335.46,7
2023102203,291,0,4.570700165182573,-6.088329478872754,7.54,140.61,7
2023102203,318,0,8.3828694371319,-2.0852099984535633,6.5,222.72,7
2023102203,422,1,1.0017983829094557,2.386887956797563,6.46,300.42,7
2023102203,567,1,2.841214529035077,-0.695705198523981,4.1,65.16,7
2023102203,625,1,2.000399960008,6.096089288792022,6.94,71.39,7
2023102203,913,0,4.863342472004209,9.53925698380194,8.47,358.28,7
2023102203,1031,0,6.506650443968851,2.9488799916581705,4.44,53.23,7
2023102203,1106,0,10.083431955440567,0.08624305543458677,4.73,205.41,7
2023102203,1208,1,2.6938633966851415,5.0671087704919735,7.86,323.01,7
2023102203,1266,0,5.324002253943932,-1.4402794521531916,7.82,180.72,7
2023102203,1347,1,2.5088842141477956,-0.48024544363968175,1.73,131.97,7
2023102203,1415,1,2.3120986138138666,-4.273661215782037,3.64,230.59,7
2023102203,1462,0,3.0438133976970403,-1.7801666936956064,2.81,263.46,7
2023102203,1487,1,1.8309833423600579,-4.996010075294354,2.49,271.66,7
2023102203,1588,0,4.682413907377261,-0.15075153740587008,4.64,266.36,7
2023102203,1706,0,5.083276502414559,1.791477791068886,6.33,155.76,7
2023102203,1743,1,2.5391730937452834,-2.622874509787052,1.68,79.05,7
2023102203,1819,0,5.882388970477895,-0.43237148411491855,3.31,101.39,7
2023102203,1983,1,2.8085583490467196,-0.8340159721981203,6.42,203.1,7
2023102203,2008,0,8.230218709123099,1.6287116447887229,5.75,344.23,7
2023102203,2066,0,6.029834160240233,-0.7169433288545461,5.52,180.8,7
2023102203,2152,0,3.041052449399713,5.290400805524244,4.27,204.2,7
2023102203,2199,1,1.664001201922647,5.888635791447069,6.6,359.8,7
2023102203,2224,0,9.42707802025633,-2.060197611789568,6.89,210.13,7
2023102203,2322,0,3.794851775761471,-1.1582651576667293,6.26,47.16,7
2023102203,2347,0,5.631278718017779,2.7692107866981637,7.26,39.22,7
2023102203,2438,0,9.000644421373392,-0.034174768983624704,5.65,171.53,7
2023102203,2580,0,5.918251430954929,-0.9495395104783507,6.22,314.08,7
2023102203,2603,0,10.688259914504325,4.918869073454997,6.05,318.33,7
2023102203,2628,0,4.889222842129412,-1.4378562197001734,4.34,290.24,7
2023102203,2729,0,5.608395492473762,2.447801570827926,5.35,0.14,7
2023102203,2841,0,6.133718285020921,0.33985891942098634,4.2,146.65,7
2023102203,2866,0,5.141254710671316,6.035621218959194,7.01,181.78,7
2023102203,3099,1,1.1386395390991826,2.6483757232713776,6.98,236.95,7
2023102203,3146,0,4.604628106590151,1.9972163367977502,6.92,191.36,7
2023102203,3259,0,11.781837717436101,-2.839556960687921,3.95,153.63,7
2023102203,3284,0,3.8101181084055673,-2.4378709613500007,3.03,46.14,7
2023102203,3343,0,4.764714052280585,-0.3750568472109928,3.14,80.97,7
2023102203,3368,0,3.730160854440462,0.1518417436980627,4.3,138.04,7
2023102203,3393,0,3.413209633175208,-4.467724533491254,7.51,70.94,7
2023102203,3493,0,3.3337666385036595,1.6475902805815457,3.38,295.29,7
2023102203,3516,1,2.701795699160097,-4.450045978635487,3.62,280.06,7
2023102203,3557,0,5.452641561665318,0.6272982586823797,7.01,3.67,7
2023102203,3651,0,5.7303141275151654,-2.451042997731109,6.04,9.7,7
2023102203,3694,1,1.1898319209031123,1.6972219248250986,5.85,165.96,7
2023102203,3892,0,9.070551251164398,2.2160479742187285,4.73,183.77,7
2023102203,3917,1,2.7796582523756417,2.5311049742376013,6.14,239.24,7
2023102203,3942,0,3.7701193615056803,-2.250487029152625,6.18,309.61,7
2023102203,3974,1,1.1900420160649803,1.4363380907625365,4.49,315.22,7
2023102203,4072,1,1.036966730420992,-1.4276984409929472,3.68,281.79,7
2023102203,4129,1,1.4572576985557462,7.355385755023974,8.73,105.8,7
2023102204,215,0,13.959401849649577,-2.793843707233587,6.45,162.14,7
2023102204,291,0,4.43062072400697,1.4006922339551693,6.52,346.1,7
2023102204,350,1,1.3013838787997996,1.8890657839543301,8.27,284.66,7
2023102204,471,1,1.2209013064126022,1.1891162853375947,7.23,245.46,7
2023102204,515,0,5.48820553550976,-2.6932872355519226,3.85,82.6,7
2023102204,567,1,0.8558621384311875,7.520622631768921,7.49,128.46,7
2023102204,639,0,11.86858879564036,0.6855756802788999,7.01,181.72,7
2023102204,723,0,6.462507253380844,-2.96931126877545,4.31,97.01,7
2023102204,777,0,3.88634790002131,-0.8091359240762712,2.53,131.1,7
2023102204,869,0,4.054750300573389,2.4555471252466883,5.29,346.71,7
2023102204,894,1,0.5366563145999524,3.849993987310182,6.78,307.8,7
2023102204,924,0,6.450062015205747,3.258246200229463,8.11,179.07,7
2023102204,1076,1,2.846225570821823,-1.45210554864118,7.73,93.54,7
2023102204,1236,0,4.315669125408017,0.4746119860106526,5.29,140.55,7
2023102204,1403,1,2.7772108310317396,-0.9468650621823398,6.84,188.26,7
2023102204,1433,0,7.400337830126406,0.05513104837524774,9.09,220.58,7
2023102204,1481,0,3.2190681881563212,1.3663023696543943,7.68,6.53,7
2023102204,1511,1,1.7066048165875993,3.3383932021338847,5.9,12.67,7
2023102204,1597,1,0.8075270893288969,0.988686789897598,7.07,255.46,7
2023102204,1733,1,1.4806079832285062,7.339432651188981,9.41,150.33,7
2023102204,1799,1,1.6824089871371966,-1.0132084830541512,3.36,83.88,7
2023102204,1933,0,3.369332278063412,0.584905417352556,7.11,196.42,7
2023102204,2055,0,6.091182151274085,-0.5001147947408898,3.11,125.43,7
2023102204,2201,0,3.479324647111851,-3.606400328980013,0.35,24.84,7
2023102204,2246,1,2.094588265029663,6.1631445628755,7.45,234.38,7
2023102204,2296,1,2.7371518043396854,-3.8859340871170738,3.56,69.36,7
2023102204,2321,0,4.084311447478021,1.3651274297076066,3.19,110.86,7
2023102204,2630,0,4.048135373230494,-3.0885113235000503,7.06,356.06,7
2023102204,2660,2,0.6209669878504002,3.459014860963609,4.67,237.72,7
2023102204,2832,1,2.864349838968693,-2.510226245493487,2.3,120.74,7
2023102204,2855,0,6.652435644183266,-2.251015715883121,2.65,114.1,7
2023102204,2928,0,5.106045436538926,6.045175428148074,6.98,189.69,7
2023102204,2992,0,4.576559843375807,-1.2221926927438798,6.41,337.46,7
2023102204,3022,0,5.008203270635088,2.0346805699145007,6.04,307.36,7
2023102204,3063,1,1.5920113064925077,3.8684477783908306,7.16,177.38,7
2023102204,3251,0,11.529687766804443,0.5217156970682774,5.81,198.3,7
2023102204,3345,1,2.3345235059857523,2.6293423781266014,5.8,177.16,7
2023102204,3405,1,1.2419742348374236,2.5920582536369596,7.42,290.63,7
2023102204,3510,1,0.8514693182963204,2.5880761805476014,7.67,254.94,7
2023102204,3616,0,4.055539421581306,6.3857682924946655,8.12,179.4,7
2023102204,3797,1,2.2299103120977706,4.805071703198361,7.01,343.31,7
2023102204,3849,1,2.147673159491455,4.714739800600715,7.92,286.91,7
2023102204,4017,1,1.3780058055030102,3.7800937497428735,6.57,79.65,7
2023102204,4074,1,2.6054174329653943,-1.305984648606987,6.49,142.78,7
2023102204,4104,1,1.3231024147812622,6.4218819359254375,7.65,7.15,7
2023102204,4129,1,0.7009279563550018,-1.0006455248608135,7.07,116.28,7
2023102204,4152,1,1.0439348638684256,-1.3364898351801178,5.31,150.85,7
2023102204,4177,1,2.632869157402241,-0.5036119371259712,1.44,102.47,7
2023102204,4202,0,6.4103198048147325,-3.4992105809620213,6.75,50.46,7
2023102204,4317,1,1.8300273222004109,4.250496968805976,6.08,34.4,7
2023102204,4347,1,2.4583937845674746,-3.4988695013100877,6.8,178.99,7
2023102204,4372,1,1.6446884203398557,-3.946620243910429,3.32,162.0,7
2023102204,4452,1,2.483646512690569,-0.8892200574195773,6.34,88.97,7
2023102204,4482,0,3.064718584144384,5.40933945231849,8.46,6.4,7
2023102205,55,0,5.5913951747305415,-0.46404537155790127,6.36,190.69,7
2023102205,80,1,1.7509426032854452,1.9246605062424216,5.48,140.36,7
2023102205,256,1,1.7017931719219117,3.9323790848254347,7.83,126.6,7
2023102205,279,1,1.2731457104353736,3.505798726824965,2.6,212.13,7
2023102205,325,1,2.160671192014191,0.6907439717218082,5.89,235.08,7
2023102205,431,0,3.380000000000001,1.119001353021174,7.39,282.88,7
2023102205,478,2,2.0983088428541663,0.35885498604991306,4.83,200.16,7
2023102205,610,1,0.9660745312862782,0.32761301421901345,6.48,16.71,7
2023102205,644,1,2.0017242567346796,0.6935869658890296,4.42,139.1,7
2023102205,715,0,5.639663110505804,-2.2267587574390886,2.78,90.24,7
2023102205,784,1,0.8523496934944046,-1.1828776818314048,8.07,82.44,7
2023102205,870,0,3.0280026420067694,0.28351591840485696,6.97,190.64,7
2023102205,895,1,2.7104612153653855,3.0241516593608853,2.96,264.94,7
2023102205,968,0,4.866086723435987,-0.5454514294419759,3.18,76.04,7
2023102205,1057,1,2.5985572920372566,1.519389298841861,3.99,152.93,7
2023102205,1106,0,8.557038038947818,-2.893226055604591,3.07,4.94,7
2023102205,1180,1,2.7789206537790903,-4.149260148026977,8.64,93.98,7
2023102205,1234,1,2.523529274646916,-1.5119844368295894,4.2,40.82,7
2023102205,1326,0,4.163039754794567,1.3412171798750272,8.1,37.62,7
2023102205,1432,0,3.5105127830560647,-0.6927513969506656,7.87,181.9,7
2023102205,1457,0,4.384905928295388,1.0963885797983184,8.32,192.16,7
2023102205,1487,1,2.0640978658968647,4.587779678581944,9.19,275.14,7
2023102205,1510,0,7.162080703259357,2.6143144695946443,5.54,175.45,7
2023102205,1567,0,11.570764883965102,1.1106398640895212,6.27,196.3,7
2023102205,1590,0,3.01681951730627,-5.17244950019925,4.07,294.67,7
2023102205,1637,0,4.134646296843297,-1.2739013060541553,6.93,305.32,7
2023102205,1689,0,11.823810722436312,-6.290581071085358,0.45,11.98,7
2023102205,1749,1,1.0072239075796396,-3.02830221315401,5.68,271.46,7
2023102205,1772,0,7.08130637665113,1.2853718641524798,4.98,346.77,7
2023102205,1845,0,4.237747042946282,3.5269981786871867,3.69,88.01,7
2023102205,1897,0,5.0573708584599535,3.1086515855165975,6.21,45.84,7
2023102205,2067,1,1.5890248582070752,0.184403422816519,4.75,138.14,7
2023102205,2321,1,2.5930676813380695,3.2161187668403617,5.74,199.95,7
2023102205,2406,1,1.1123398761170067,-4.513471284212213,5.71,57.1,7
2023102205,2458,0,4.831076484594297,-2.3554064371010712,8.02,175.63,7
2023102205,2613,1,1.964204673652929,5.520476199629419,6.22,343.31,7
2023102205,2682,0,8.977895076241424,1.0618470465756984,6.0,335.5,7
2023102205,2707,2,1.5709869509324337,0.4363592812645076,6.19,325.27,7
2023102205,2846,1,0.8509406559801901,1.5361332797758303,4.18,36.07,7
2023102205,3035,0,4.98317168076718,2.5457962993764234,4.48,245.66,7
2023102205,3147,0,10.128810394118355,-0.9362775071310625,5.54,32.01,7
2023102205,3293,0,4.0761378779427995,1.4599145731409606,3.67,357.97,7
2023102205,3318,1,1.109414259868695,3.1815335297567087,6.53,350.51,7
2023102205,3383,0,8.602813493270675,2.232103518798384,1.3,354.31,7
2023102205,3415,0,4.86880888924591,1.131009023294522,8.2,103.54,7
2023102205,3671,1,0.6706713054842842,4.0887434919367305,5.56,329.8,7
2023102205,3694,1,2.147556751287379,1.3194184963099098,3.22,211.14,7
2023102205,3744,1,2.680914023239085,1.3964803329845532,4.48,353.44,7
2023102205,3769,1,1.4893287078412167,3.105218014696373,7.03,317.31,7
2023102205,3821,2,1.0088111815399368,-6.643530765238433,3.5,326.1,7
2023102205,3959,1,2.744157429886258,2.2507433850234873,4.59,331.86,7
2023102205,3982,0,9.487723646902877,1.1425180157275416,5.14,335.5,7
2023102205,4063,1,2.7861981264798796,4.470142015828122,5.85,349.47,7
2023102205,4149,1,1.6911830178901388,-1.4720663728186976,4.02,196.12,7
2023102205,4258,0,3.431850812608261,2.8559819569745586,6.16,162.36,7
2023102206,55,0,14.739891451432056,-0.012498041047993125,4.09,343.32,7
2023102206,105,1,0.7640026177965602,7.1307943959068,7.53,184.49,7
2023102206,148,1,2.439877046082447,-0.32853700820095644,5.03,141.12,7
2023102206,227,1,1.118302284715542,-1.088629012619236,3.41,135.29,7
2023102206,401,0,3.2057604402075945,0.042545123897748116,5.75,324.04,7
2023102206,524,1,0.7810889834071423,2.3547451802167583,7.4,58.62,7
2023102206,598,0,5.808037534313982,-0.6153775023293271,8.07,7.9,7
2023102206,650,1,1.6388410539158413,6.242128474776703,6.09,7.89,7
2023102206,673,0,7.284263861228532,2.196350889336567,5.63,46.11,7
2023102206,746,1,1.586726189359717,-5.050895619899391,6.03,310.82,7
2023102206,853,0,5.121406056933974,-1.0635424194136116,2.57,317.76,7
2023102206,1059,0,6.3918229011761545,4.509740505476369,8.02,243.06,7
2023102206,1184,0,12.827349687289262,-2.58133276143648,5.56,332.72,7
2023102206,1235,1,1.1808894952534668,-3.9413639736212476,6.12,122.72,7
2023102206,1443,0,3.915226685646691,-1.8391886482330686,6.4,240.78,7
2023102206,1517,1,0.4534313619501807,1.4737544813145889,4.23,206.57,7
2023102206,1606,1,1.483543056335068,0.764607182918813,8.28,80.1,7
2023102206,1658,0,4.097816491742889,-0.3485870877126107,5.7,39.65,7
2023102206,1786,2,1.543923573238001,8.345965534544499,8.5,357.88,7
2023102206,1889,1,0.7679192665899176,1.2067826324597777,4.77,310.99,7
2023102206,1919,1,1.7142053552593992,5.776874735169123,6.39,264.13,7
2023102206,2048,1,1.7203778654702566,0.5157080906747631,1.76,126.56,7
2023102206,2097,0,6.517054549411108,0.4364193867154257,4.46,0.43,7
2023102206,2266,0,3.7334300582708106,7.463244305254937,9.5,74.78,7
2023102206,2364,0,14.25912339521613,1.6964322339106672,3.86,182.81,7
2023102206,2387,0,3.0004333020415515,-1.6363613008568216,8.08,177.55,7
2023102206,2525,0,4.382145593199751,0.470098797730151,3.05,246.04,7
2023102206,2583,0,3.736268191658623,-0.6984111571208753,6.62,236.8,7
2023102206,2699,0,7.598716996967313,-1.5161632643291343,5.41,15.27,7
2023102206,2748,1,2.0663010429267064,4.081725953400107,6.56,150.38,7
2023102206,2895,1,1.1884864324004767,2.119842424177543,6.09,94.75,7
2023102206,2918,1,1.1856221995222553,1.2731685204425034,4.22,154.66,7
2023102206,2971,0,8.241868720138655,1.0784355169523745,4.13,198.67,7
2023102206,2996,0,7.01231060350295,-3.2867772011604375,3.81,338.33,7
2023102206,3041,1,1.1248555462813903,2.183475203576281,1.35,130.77,7
2023102206,3198,1,1.110855526159904,6.896078259318316,7.91,192.48,7
2023102206,3239,1,1.87949461292125,1.0597503060683362,4.62,119.89,7
2023102206,3348,1,1.297112177107286,0.4969759733013013,8.26,77.57,7
2023102206,3422,1,2.6915608854343267,-3.999369819035497,7.12,134.19,7
2023102206,3476,0,4.753535526321436,2.3408716990167546,6.94,8.55,7
2023102206,3684,1,2.3807561823924757,4.0185470567337696,2.16,170.73,7
2023102206,3777,0,5.773820225812368,1.6950008076934013,7.73,90.26,7
2023102206,3894,1,2.3726145915424306,0.5279877951240779,5.39,146.29,7
2023102207,55,0,3.571792267195838,-4.3396809164392165,3.93,140.47,7
2023102207,80,0,8.42591241350158,4.492902643868257,7.78,32.69,7
2023102207,178,0,9.468621863819461,4.231976538853492,4.58,157.69,7
2023102207,272,0,6.7380857815851565,1.4990169353378506,5.17,347.13,7
2023102207,297,1,2.6700187265260893,-0.4454550632056065,6.49,248.64,7
2023102207,415,0,12.371746036837322,-1.5078613552466924,0.24,76.19,7
2023102207,473,1,2.6854422354614136,2.1730451518016247,5.49,23.92,7
2023102207,518,1,2.902412789387478,1.5134401638306212,7.94,199.54,7
2023102207,574,0,4.803758944826433,-1.5448858635195204,5.88,310.17,7
2023102207,631,0,4.625862081817832,-4.634818542343172,8.78,304.79,7
2023102207,780,0,3.050049179931369,-1.6356928527344734,6.92,124.7,7
2023102207,867,0,12.732517425866723,0.6832396740259989,5.89,8.41,7
2023102207,897,0,11.10463867039356,4.131093377771146,5.8,26.5,7
2023102207,1046,0,9.489467845985894,1.687652069981687,5.52,181.55,7
2023102207,1206,1,1.6337686494727421,3.3154354482312254,5.22,31.03,7
2023102207,1276,1,1.2355565547557927,1.0141743856916028,4.79,239.24,7
2023102207,1372,0,5.775430719868435,1.8228165963679244,6.1,235.47,7
2023102207,1589,0,7.676066701117177,-2.9153423915972634,5.15,111.44,7
2023102207,1614,1,2.2801973598791836,-1.6740708953496541,3.51,117.92,7
2023102207,1695,1,1.1676043850551479,3.5749050642394797,6.19,201.74,7
2023102207,1718,1,2.45120378589786,-3.1043397069346192,6.09,68.18,7
2023102207,1743,0,12.56874297612931,-0.654818103803818,5.34,10.26,7
2023102207,1788,0,3.2328934408668646,-3.8911060080296687,3.99,136.92,7
2023102207,1813,1,1.5071164520368034,-0.3957926672640304,5.18,111.33,7
2023102207,1914,0,4.051876108668679,1.0527921867335834,4.26,351.61,7
2023102207,1959,1,1.2033287165193027,4.169859990894318,6.21,216.1,7
2023102207,2017,1,2.476933588128677,-2.9787028192023586,2.25,274.46,7
2023102207,2114,0,10.783529106929695,-2.729880888698861,5.83,342.3,7
2023102207,2139,0,5.060049406873414,-0.6917134895640786,5.84,292.98,7
2023102207,2387,0,5.190298642660171,-2.1943783637008263,6.14,135.01,7
2023102207,2461,0,10.60453205002465,4.729948424527904,7.08,111.71,7
2023102207,2491,0,4.281798687467693,-0.8129186279072165,8.39,35.83,7
2023102207,2638,0,3.1219385003551783,0.3820158560893395,4.58,174.52,7
2023102207,2757,0,7.186264676450478,0.3886601108278504,4.97,344.83,7
2023102207,3005,1,2.3036709834522857,1.3543980662722008,4.73,334.62,7
2023102207,3052,0,3.8685527009464376,1.6310360565976931,2.59,352.03,7
2023102207,3097,0,3.3920053065996227,-1.9514944451387273,6.99,134.23,7
2023102207,3164,0,5.950302513318123,-2.4920005694183383,5.09,262.98,7
2023102207,3452,0,3.432855953866983,1.884758263071256,5.35,168.55,7
2023102207,3530,0,6.820593815790528,4.439419901132833,1.61,95.19,7
2023102207,3624,1,2.4671643642043883,0.7542442077948748,6.27,168.78,7
2023102207,3647,0,3.9832775449370903,2.3133584383405115,5.63,10.79,7
2023102207,3748,0,7.4311371942657605,-3.087880290170911,3.21,310.07,7
2023102207,3887,1,1.2020815280171304,1.0482921751201817,5.86,337.8,7
2023102207,3953,0,6.582674228609523,-3.07623776519836,2.83,33.8,7
2023102207,3978,1,1.111980215651336,-1.3709541379255406,3.72,107.4,7
2023102207,4069,0,6.21232645632858,2.446345243740687,3.06,62.89,7
2023102208,79,0,5.991302028774713,-0.07929896529373293,6.74,177.08,7
2023102208,109,1,1.2515989773086267,3.4048317129583734,7.84,103.55,7
2023102208,156,0,12.110363330635462,-2.20476872881932,4.89,160.19,7
2023102208,186,1,1.7069856472741591,-2.571329953882574,3.61,138.11,7
2023102208,425,0,7.179979108604701,-0.1514419147686331,5.24,214.74,7
2023102208,521,0,3.9265761166695863,-1.1052418126352301,3.96,59.9,7
2023102208,595,0,4.102218911759832,-1.0485877990315213,6.48,342.57,7
2023102208,672,0,3.1662280397975135,1.5689399295998334,8.19,220.79,7
2023102208,798,0,6.00793641777275,-2.4771063944268343,5.73,45.98,7
2023102208,845,1,1.4337712509323088,5.862853010629414,6.72,2.28,7
2023102208,940,1,1.5556349186104066,1.3218922615476594,5.87,207.11,7
2023102208,1124,1,1.9384787850270664,1.9880579673100354,1.99,89.3,7
2023102208,1169,0,3.2733010860597553,-2.991237067017216,4.62,171.88,7
2023102208,1194,0,11.986763533164407,-1.7484958629348295,3.14,0.52,7
2023102208,1219,0,3.9091942903877266,0.20970919548293246,3.21,85.78,7
2023102208,1278,1,2.538050432911055,2.808740486042148,4.78,156.74,7
2023102208,1350,0,10.355529923668806,2.6570189047340076,5.08,186.03,7
2023102208,1494,1,1.2881770064707727,-2.9902360865363713,7.06,262.79,7
2023102208,1555,0,9.71100921634821,-1.883602520066411,7.15,161.42,7
2023102208,1726,0,6.308763745774606,1.4767470958140905,7.85,24.56,7
2023102208,1903,0,13.084131610466164,2.497850174108835,1.76,59.67,7
2023102208,1940,0,9.483801980218695,-2.582128107923275,6.21,335.61,7
2023102208,1970,0,10.629002775425363,1.4954209893899726,4.0,277.56,7
2023102208,2170,1,1.1300000000000008,4.134936374317772,8.1,241.04,7
2023102208,2193,0,3.140334377100633,-0.5725882044316185,5.85,335.52,7
2023102208,2326,0,12.706868221556403,-0.9829632447303687,7.71,312.13,7
2023102208,2469,1,2.1247588098417207,1.5096519348966768,7.43,126.67,7
2023102208,2647,0,3.851752847730499,-2.2439153285930336,5.91,135.91,7
2023102208,2677,1,2.177544488638524,2.6421706267016565,7.92,41.03,7
2023102208,2741,0,4.476885077819178,-5.565548796792425,8.29,218.63,7
2023102208,2851,0,8.024624601811599,-0.40252712820600234,8.44,358.72,7
2023102208,2876,1,1.0911461863563432,-0.559828326066858,6.68,194.89,7
2023102208,2899,0,5.881164850605701,-2.6152750471968833,7.05,215.17,7
2023102208,2973,1,1.571559734785796,3.611399810688389,8.65,324.67,7
2023102208,3059,0,6.802132018712959,3.945582605580764,6.25,163.43,7
2023102208,3179,1,1.5579473675320379,4.821335088079973,8.61,16.93,7
2023102208,3287,0,3.914345411432155,-1.1121612034499888,7.59,159.47,7
2023102208,3429,0,4.903600717839902,-1.0492180081829896,5.61,103.0,7
2023102208,3454,2,0.5948108943185229,-2.780683439015382,5.78,60.4,7
2023102208,3518,0,6.189668811818607,-2.647889669975897,2.17,278.44,7
2023102208,3592,0,8.184601395303257,-2.7452984102645765,2.6,264.83,7
2023102208,3617,0,6.6685080790233755,-4.032810042073985,7.54,185.3,7
2023102208,3681,1,2.8410209432526172,5.293691778853986,7.41,340.09,7
2023102208,3801,0,12.03477045896597,-0.6889041567858604,3.0,133.04,7
2023102208,3899,0,4.150530086627481,0.5238995870891916,5.82,142.24,7
2023102208,3926,0,4.0698894333875995,-1.9954119505273156,9.67,122.88,7
2023102209,55,0,4.047530111067731,0.5372517438280222,6.39,352.53,7
2023102209,225,0,5.273272228891659,-1.5760682120956016,4.77,46.6,7
2023102209,277,0,6.69487117127731,-0.9982227886305913,1.26,92.05,7
2023102209,366,1,2.4377243486497777,0.003658906684373908,1.99,293.05,7
2023102209,480,0,3.651985761198971,-2.888838381632874,5.81,129.99,7
2023102209,510,0,5.5915114235777015,1.3544190148485746,1.31,113.78,7
2023102209,613,1,2.942872746144486,2.2739979308778917,7.07,260.35,7
2023102209,687,1,1.7376133056580743,-1.3261052307343868,2.06,198.67,7
2023102209,820,1,1.920520762709946,2.044059107449679,7.05,132.37,7
2023102209,867,0,8.06613910120573,2.073940285325519,4.43,116.45,7
2023102209,912,1,1.9329769786523583,-1.868263075515725,5.42,230.9,7
2023102209,937,0,4.532769572788803,6.573831366162225,8.45,329.09,7
2023102209,1084,1,2.4357750306627186,-1.051889815523293,5.52,39.58,7
2023102209,1131,1,2.985732740886234,3.1332055434497,6.32,163.64,7
2023102209,1239,0,4.37768203505006,-0.04959611296380739,2.26,228.25,7
2023102209,1264,1,1.9075901027212343,5.996973189230428,6.38,204.88,7
2023102209,1289,0,4.042190000482411,0.9703406222067383,4.99,236.0,7
2023102209,1375,0,3.8145117643022157,-1.930241189776498,8.52,53.9,7
2023102209,1400,2,0.9984988733093245,0.2477924729776822,4.53,84.35,7
2023102209,1445,1,1.185116028074888,4.6651115704255215,6.38,62.55,7
2023102209,1509,0,3.173168763239666,0.25958585220887087,3.86,289.56,7
2023102209,1556,0,6.136489224304076,-1.0132763647579395,4.76,266.46,7
2023102209,1579,1,1.7697739968707873,1.189370587671371,8.36,240.26,7
2023102209,1658,1,1.5852129194527764,0.65592627804217,7.29,110.32,7
2023102209,1688,0,4.1264027917788155,1.5578855141723307,4.61,15.37,7
2023102209,1731,0,11.49727793871228,-1.7903062888609902,6.74,150.75,7
2023102209,1776,1,2.9071291680969282,-0.15907682137466844,5.71,289.35,7
2023102209,1808,0,5.428526503573508,0.06546926786953033,1.53,344.49,7
2023102209,1833,0,5.661960791104085,2.511823047567871,3.49,225.72,7
2023102209,1865,0,4.666529759896531,-0.7732756934011462,5.11,264.31,7
2023102209,2105,0,12.997218933294931,-4.323131827201793,6.84,333.03,7
2023102209,2157,0,10.310135789600446,2.5298480386069877,6.73,195.2,7
2023102209,2182,0,7.94345642651862,-2.546076750999973,6.82,313.03,7
2023102209,2207,1,2.5521167684884642,4.374192922581856,5.77,305.32,7
2023102209,2304,1,2.5738881094562,1.6755773446157827,2.07,261.55,7
2023102209,2423,0,3.0466539022343837,2.6081248688913106,7.69,21.71,7
2023102209,2519,1,1.6574679484080528,2.1290860245216865,7.59,68.56,7
2023102209,2577,1,1.0690182411914189,6.116954851177165,5.8,39.32,7
2023102209,2656,0,4.7945177025431915,4.087089443809436,7.45,188.39,7
2023102209,2681,1,1.553319027115809,8.100807813114388,8.39,334.37,7
2023102209,2974,0,12.826800068606355,0.9442837464216158,6.35,359.98,7
2023102209,3026,1,1.4066271716414391,6.580936687828306,6.91,129.43,7
2023102209,3123,0,4.807213329986514,-2.7476676011993564,3.34,239.03,7
2023102209,3148,0,3.551957206949433,-0.4101395340947174,3.82,246.65,7
2023102209,3253,0,4.570525133942487,-1.1974297279131894,3.0,102.01,7
2023102209,3300,1,2.8476305940202282,4.358487678016732,6.49,7.87,7
2023102209,3359,0,11.391158852373188,-1.2115442991529066,6.15,180.92,7
2023102209,3384,1,0.9226592003551491,4.498738322477397,7.01,42.48,7
2023102209,3427,0,3.9860005017561124,0.27832844865147877,3.39,233.56,7
2023102209,3661,0,5.568357028783272,-0.10608926572858102,6.08,145.25,7
2023102209,3686,0,4.515085824211985,6.535089745653437,7.27,172.97,7
2023102209,3770,1,1.904363410696603,-0.8398125623527177,7.5,273.36,7
2023102209,3793,0,4.989849697135178,-2.390018093978775,7.72,245.4,7
2023102209,3861,0,5.991135117821991,-1.489851663429672,5.4,7.79,7
2023102209,3909,1,2.70647372054487,-1.9616409197542957,4.48,250.34,7
2023102209,4016,1,2.333173804070329,2.4178241056611234,8.38,268.68,7
2023102210,196,1,2.7204595200076045,-4.785404425945524,3.94,67.31,7
2023102210,219,0,12.699232260258885,3.3247701850930036,5.61,12.78,7
2023102210,244,0,4.607439636066875,-3.5793992418952563,8.41,168.06,7
2023102210,274,0,3.879239616213466,5.660973033070679,7.5,35.96,7
2023102210,462,0,6.507756910026686,5.550092211304476,8.22,206.23,7
2023102210,514,0,17.617973776799648,-1.8635196273087427,4.51,190.13,7
2023102210,723,0,3.2202484376209215,2.4290970875511126,6.75,294.38,7
2023102210,775,0,3.028828156234686,-4.711371210693394,8.82,8.24,7
2023102210,837,0,3.9345901946708497,-0.4367098170670637,6.74,222.0,7
2023102210,932,0,5.420415113254695,-1.4590104962258121,6.43,126.99,7
2023102210,1011,0,4.774191030949638,0.4126836030540503,3.34,227.73,7
2023102210,1125,0,3.1491586177898383,-2.119220955327833,5.36,296.22,7
2023102210,1301,0,8.740097253463492,-2.231942162645668,8.37,38.63,7
2023102210,1331,0,4.274119792425101,1.0850547941468687,3.32,132.94,7
2023102210,1401,0,4.785498929056401,0.7376752513629437,1.83,255.77,7
2023102210,1448,0,4.393688655332784,2.102936001860901,3.16,349.85,7
2023102210,1536,1,2.8736736070750966,-3.464781369310907,4.75,295.34,7
2023102210,1583,0,3.0800649343804443,-1.3508943776776832,8.36,186.33,7
2023102210,1852,1,2.4257163890281976,-4.8287794010089105,8.16,108.53,7
2023102210,1882,1,2.1058252539087845,2.367995037595735,6.22,19.31,7
2023102210,1919,0,4.134839779241757,-2.3764032727587687,7.44,99.56,7
2023102210,1944,0,5.687635712666553,1.1014777084579979,5.39,44.04,7
2023102210,1994,1,1.590220110550742,-1.7321280924819917,7.32,90.96,7
2023102210,2150,1,1.666763330530159,-1.6563054825866415,7.48,102.2,7
2023102210,2229,0,7.368161236020839,-1.9594582994031104,6.31,151.35,7
2023102210,2295,0,3.3241540277189388,0.48098981254629747,9.09,66.52,7
2023102210,2391,0,4.266204402041708,-2.2248197599843804,4.35,272.65,7
2023102210,2506,1,2.3200215516240292,0.13081708534241002,4.51,313.26,7
2023102210,2606,0,5.347597591442344,2.1590907394962455,4.32,48.77,7
2023102210,2653,0,3.393302226445501,-1.1954128986178962,6.14,92.87,7
2023102210,2676,1,0.9302150289046068,0.7831048094509718,7.38,58.32,7
2023102210,2800,1,2.7354158733179865,5.041045694959921,6.14,189.78,7
2023102210,2832,1,2.583118270617898,-2.0425530296128995,2.14,208.62,7
2023102210,2879,0,10.176875748479986,4.109169726030787,5.34,195.19,7
2023102210,2904,1,1.4603081866510241,3.2272633645692546,5.97,216.95,7
2023102210,2927,2,1.832402794147616,7.929254001129397,8.46,352.4,7
2023102210,2952,0,4.999399963995681,0.7673280917395918,3.2,218.38,7
2023102210,3016,0,4.501244272420684,2.713997009922386,7.41,61.25,7
2023102210,3114,1,0.8354639429682195,4.743842620901797,7.3,281.51,7
2023102210,3137,1,2.930273024822094,5.1558906549717065,7.04,255.46,7
2023102210,3212,1,0.9513148795220197,1.5334869861252298,5.33,211.02,7
2023102210,3237,1,1.2119818480488878,5.9348559676838075,8.18,304.42,7
2023102210,3338,1,2.8946847842209036,1.828580782367323,3.97,31.6,7
2023102210,3418,0,4.806797270532638,4.678984468435067,8.81,171.19,7
2023102210,3441,1,2.4762269685955727,-5.130303041404076,4.78,164.69,7
2023102210,3510,0,5.642269047112164,0.06707622381146422,3.95,59.81,7
2023102210,3568,1,1.0484750831564829,3.942223491011741,7.83,88.88,7
2023102210,3683,0,3.3337816365203103,-2.8485515535580044,5.35,336.45,7
2023102210,3748,1,0.9708243919473823,-1.4137604136157922,4.2,330.53,7
2023102300,79,0,7.196561679024228,1.4901101859536703,5.25,172.57,7
2023102300,104,1,0.6300793600809372,-1.4660349999126077,5.65,14.71,7
2023102300,131,0,7.033078984342487,-3.3677194533889168,6.31,215.32,7
2023102300,161,1,2.9005689097140954,-5.0827186253089485,7.29,297.35,7
2023102300,191,0,7.4988665810240915,-1.723644032972499,3.09,255.9,7
2023102300,328,0,7.606023928439881,-4.147583959816651,5.66,69.29,7
2023102300,353,0,9.93289987868598,-0.5818241705507816,3.52,207.96,7
2023102300,378,0,3.722069316925735,1.8615770217622556,5.04,11.46,7
2023102300,449,0,5.283370136570035,-2.1170248001543173,8.24,37.28,7
2023102300,542,0,4.0971819583708955,-2.1043527806046627,8.33,127.85,7
2023102300,628,0,5.083276502414574,0.74825620237193,5.49,310.95,7
2023102300,699,0,3.246552017140646,0.012390723898657363,7.62,267.48,7
2023102300,724,1,2.432447327281727,-4.904886412828683,5.87,254.49,7
2023102300,774,0,7.53538983729442,2.401195438451143,4.25,1.48,7
2023102300,846,0,6.454424838821815,3.851232784925525,4.85,35.83,7
2023102300,966,1,2.651980392084372,3.028493947560326,5.11,326.46,7
2023102300,996,0,3.9654760117796664,-4.867393574523684,6.07,339.51,7
2023102300,1134,1,2.119811312357772,-4.2707600854321655,5.81,260.61,7
2023102300,1216,0,4.055724349607601,5.404723780721801,7.29,210.51,7
2023102300,1239,1,1.0070253224224317,1.0069361314160332,4.49,331.42,7
2023102300,1376,1,2.223083444227859,2.0610068870828284,7.75,101.89,7
2023102300,1428,0,5.671155085165636,-1.4869308735604472,4.55,130.49,7
2023102300,1497,0,3.555629339512211,-3.534184586026887,3.18,138.35,7
2023102300,1680,1,2.561581542719251,-3.3754556188279428,2.08,296.13,7
2023102300,1710,1,2.205651831092115,-1.2201207256047426,1.41,317.41,7
2023102300,1735,0,9.786138155574953,-0.7301857446325303,3.34,272.06,7
2023102300,1790,1,1.8402445489662542,-5.475865082678846,7.89,256.41,7
2023102300,1937,1,1.9404123273160263,5.304524527850287,6.47,2.51,7
2023102300,2159,0,5.813776741499458,-4.82521593325005,8.01,323.61,7
2023102300,2191,0,6.817074152449863,-1.7073361159736753,6.29,191.7,7
2023102300,2238,0,4.070626487409523,-5.9513245604232505,4.65,340.23,7
2023102300,2286,1,1.5469001260585682,-4.655075970807402,1.54,314.1,7
2023102300,2470,1,2.850438562747844,-4.916305995661898,7.46,195.98,7
2023102300,2536,0,4.335550714730487,-1.3492524673665152,6.11,2.49,7
2023102300,2561,1,1.9615555052049913,7.196500118408611,8.55,53.45,7
2023102300,2705,0,7.434245086086418,0.7013927198660079,7.46,190.12,7
2023102300,2730,1,1.2303657992645967,-3.3437616327591124,5.87,239.82,7
2023102300,2777,1,2.7012034355079693,-0.2207736561459231,3.09,205.58,7
2023102300,2866,1,1.4152384958020279,-0.5115613630343909,7.19,292.55,7
2023102300,2892,0,3.839752596196792,1.9497337381262518,4.73,356.5,7
2023102300,2922,0,6.721346591271721,-3.179915337854548,1.23,261.17,7
2023102300,2995,0,11.013627921806698,2.3979588476942455,5.24,179.05,7
2023102300,3045,0,4.017785459678003,-2.0120678233249305,8.11,325.31,7
2023102300,3115,0,8.437849252030993,-6.508250965910515,0.8,333.85,7
2023102300,3221,0,4.489743867972868,-3.4373891838700774,3.51,182.89,7
2023102300,3253,1,0.9732420048477166,0.6416262210594622,4.85,96.94,7
2023102300,3278,2,1.7084788555905492,2.571703991474749,6.88,176.28,7
2023102300,3325,0,6.765707649610639,0.9879898652024117,5.68,154.17,7
2023102300,3350,1,0.9228217596047422,2.0625607245636344,7.42,131.58,7
2023102300,3391,1,2.904926849337167,1.450508204095574,4.85,194.59,7
2023102300,3421,0,3.9514048134809086,3.954142022826262,6.87,270.41,7
2023102300,3539,1,2.605724467398653,0.29070718684794894,5.29,273.09,7
2023102300,3622,1,1.2621014222319829,2.5391577996078056,7.46,157.09,7
2023102300,3669,0,3.5501267583003275,1.694861138289646,3.25,5.78,7
2023102300,3697,0,8.048863273779718,1.406063474970451,4.96,28.73,7
2023102300,3729,1,2.4812899870833305,2.8853347443381283,5.04,140.18,7
2023102300,3873,0,6.391126661239001,1.2264362072191521,6.65,252.02,7
2023102300,3896,0,3.926232290631819,0.373147212135595,3.63,307.84,7
2023102300,3921,0,4.213751297834272,0.32776811218589175,4.93,222.18,7
2023102300,3969,0,4.974706021464991,-5.253109023663356,5.43,307.78,7
2023102600,109,1,1.5182226450688943,4.03603999249731,8.31,316.62,8
2023102600,138,0,5.021951811795887,2.4830823987529644,7.61,279.62,8
2023102600,210,0,7.23467345496671,-2.9696573374025896,4.65,239.31,8
2023102600,253,0,3.12507599907586,-1.7374133411731765,4.31,45.11,8
2023102600,307,0,5.173857361775642,-1.8290322166728807,7.12,174.85,8
2023102600,337,1,0.9492101980067404,0.3176450325062541,5.02,134.61,8
2023102600,367,0,5.481979569462111,-2.616554018554325,4.7,111.49,8
2023102600,451,0,5.040446408801513,2.868634166194691,1.12,186.98,8
2023102600,476,0,3.650986168146903,1.0168840966859407,5.2,5.59,8
2023102600,743,0,5.033974572840033,-0.791347101815998,5.04,224.93,8
2023102600,800,1,2.2926185901715126,7.196694252176443,7.3,182.54,8
2023102600,884,1,1.6717057157286987,-4.342812710984786,4.56,74.52,8
2023102600,934,0,7.370006784257398,7.314855261067956,8.02,147.15,8
2023102600,1048,0,3.857512151633485,3.993190852484549,8.16,191.97,8
2023102600,1093,1,0.7648529270389182,1.0567406824347656,4.09,156.65,8
2023102600,1116,1,2.278639945230489,-1.9767647567911197,7.14,34.22,8
2023102600,1363,0,5.107249749131132,0.08788989017073545,7.45,130.01,8
2023102600,1459,1,2.8118677067031497,-5.768861749373298,7.22,76.39,8
2023102600,1482,1,2.5160683615513992,-0.29757581348253104,3.12,95.47,8
2023102600,1644,1,0.6449806198638843,3.955894675671755,5.32,44.38,8
2023102600,1731,1,0.9208691546577087,-3.4166517913599694,4.11,297.14,8
2023102600,1859,1,1.037545179739176,-1.6499157556824315,5.42,225.95,8
2023102600,1904,0,3.4786491631091514,6.206534127493013,7.9,354.25,8
2023102600,1997,0,11.370457334689757,-1.820705784152362,6.06,177.5,8
2023102600,2055,0,4.056525606969587,-1.0372262715942315,6.62,158.0,8
2023102600,2080,0,8.65279723557648,-1.298273675284913,4.5,69.37,8
2023102600,2163,0,14.000089285429578,-2.6098822301186004,3.85,95.8,8
2023102600,2318,1,2.588532402733255,-4.354655837055894,5.34,292.35,8
2023102600,2453,0,4.851360633884067,1.219469236184051,1.99,253.35,8
2023102600,2478,0,5.361464352208265,-2.3656648067033696,4.64,327.57,8
2023102600,2539,0,5.985724684614221,-0.5147010111571293,8.55,193.2,8
2023102600,2780,0,6.860007288625865,0.5395971976258103,5.83,343.23,8
2023102600,2805,1,1.0762899237658945,5.564944499504121,6.63,217.8,8
2023102600,2860,1,1.3329666162361304,6.504543695964023,6.89,265.55,8
2023102600,2883,1,1.0560303025955289,-2.1425997525300655,2.42,277.52,8
2023102600,2992,0,3.543811507402731,0.9017742796494401,6.04,5.91,8
2023102600,3070,0,4.691918584118874,2.8363242968414015,5.14,197.82,8
2023102600,3129,1,1.1261438629233818,0.3928649225205678,5.78,222.68,8
2023102600,3159,1,2.07740222393257,3.0369712230829196,6.89,274.44,8
2023102600,3182,0,5.784548383409038,0.7631122000616672,2.32,6.69,8
2023102600,3318,0,4.191288584671783,-0.5948450714034978,4.96,158.75,8
2023102600,3444,1,2.7875616585108918,1.5733777941179135,7.05,349.35,8
2023102600,3542,0,4.218080132003186,-0.640698733013547,7.57,171.36,8
2023102600,3619,0,4.8393801255946,-3.715104682225352,3.65,95.22,8
2023102600,3729,1,2.372277386816295,-2.779902684368224,6.82,230.29,8
2023102600,3752,0,9.886682962450047,-0.8071273135242667,3.63,247.58,8
2023102600,3843,0,13.614499623563107,1.7280129809988882,4.52,190.67,8
2023102600,3868,0,9.21479788166838,3.065142630412396,4.14,323.58,8
2023102600,3928,0,5.156064390598711,-0.00419488546266808,5.54,324.54,8
2023102600,3953,0,3.267598506548806,0.6966731055885713,4.48,233.56,8
2023102600,4052,1,1.445856147754684,-4.981501047839727,7.18,269.84,8
2023102600,4096,0,6.25,3.122636617269035,6.86,350.21,8
2023102600,4175,0,3.6090164865237213,-1.3761896184924343,7.77,279.02,8
2023102600,4198,0,4.8889467168297145,1.111481210673599,5.41,226.41,8
2023102600,4260,1,1.504160895649132,7.322628103297584,9.22,204.45,8
2023102600,4422,0,5.90716514074222,1.9204426123690608,3.21,67.36,8
2023102600,4577,0,5.533552204506605,-2.792244462711154,5.51,352.58,8
2023102600,4607,0,13.928765200117343,3.8250878572437284,3.29,9.63,8
2023102600,4644,0,8.330306116824282,-0.10591312587400559,5.89,303.0,8
2023102900,220,1,2.2693170778892964,0.393025689733577,2.38,273.18,8
2023102900,243,0,5.492950027080175,-2.874927265126896,6.02,216.65,8
2023102900,413,0,8.154912629820137,-0.8313766239399505,6.9,337.55,8
2023102900,494,1,0.8100000000000005,2.7258580647426487,5.96,243.0,8
2023102900,554,0,6.240640992718617,-0.14549997030344505,5.51,97.11,8
2023102900,586,1,0.9656603957913975,1.5726820279416156,9.2,113.93,8
2023102900,631,0,5.205929311852019,0.13276369973287183,4.09,53.92,8
2023102900,660,0,5.0164230284137705,-2.0031083093320374,6.16,145.17,8
2023102900,751,1,2.136000936329394,-0.2791538157722878,6.16,43.13,8
2023102900,825,0,3.9537956446938405,0.30044000191949133,6.06,150.4,8
2023102900,934,1,1.5081445554057478,0.7023986887222831,7.24,267.04,8
2023102900,1142,0,4.545283269500373,4.510050908557045,6.91,182.5,8
2023102900,1156,1,2.2914187744713908,-2.6468110555276927,6.87,183.33,8
2023102900,1251,1,1.3905394636614965,8.464792357349886,8.89,35.95,8
2023102900,1346,0,3.0283493853913193,1.5788918843024,3.2,69.41,8
2023102900,1398,0,5.159040608485261,-5.32663131521144,4.53,278.14,8
2023102900,1423,0,3.198640336142851,3.822094156700748,6.79,250.3,8
2023102900,1514,1,2.0708693826506854,-2.501620050619996,5.79,55.85,8
2023102900,1544,1,1.9412624758130994,7.339472154633155,9.32,152.91,8
2023102900,1620,0,5.066162255593478,-2.2173675312887626,6.2,144.55,8
2023102900,1650,0,3.3241690691058383,6.125259148222429,6.81,163.08,8
2023102900,1675,0,4.02266081095585,-1.7692309209922548,4.9,116.36,8
2023102900,1764,0,7.8710164527842315,0.3776600684783349,1.31,58.71,8
2023102900,1818,2,0.7211102550928007,5.177198573352518,6.45,150.6,8
2023102900,2035,0,5.324969483480634,0.4321694635712902,2.08,114.6,8
2023102900,2060,0,6.903984356876832,-0.7793060124173243,6.03,167.37,8
2023102900,2247,1,2.7443396291275537,2.431071939505281,5.89,239.89,8
2023102900,2294,1,1.7640861656959934,2.5785351460879102,5.35,289.29,8
2023102900,2414,1,2.1043051109570605,-0.6388195185474278,3.55,138.2,8
2023102900,2477,0,10.459684507670387,-3.154179608244053,6.99,340.42,8
2023102900,2617,0,11.88643764969135,-0.9407133549837539,4.15,358.42,8
2023102900,2785,0,8.885229316117849,0.6831210727929865,1.21,226.54,8
2023102900,2995,1,1.60801119399089,0.9710613522403966,3.86,12.71,8
2023102900,3139,1,2.234390297150433,0.5493008983587846,6.86,240.25,8
2023102900,3162,1,2.640018939326005,-2.231720176037904,0.55,280.65,8
2023102900,3350,0,9.639626548782894,-0.07899245014253337,1.91,283.9,8
2023102900,3407,0,3.9418269875782235,-3.349544251724949,9.26,316.64,8
2023102900,3454,1,2.0941824180333444,-0.3668206258688831,7.54,315.84,8
2023102900,3497,0,3.5491970923012985,3.3726744055807814,5.86,139.13,8
2023102900,3520,0,7.093687334524973,-0.12385542661800605,7.21,148.76,8
2023102900,3618,0,4.5347546791419715,-2.0712242403576555,4.83,96.14,8
2023102900,3710,1,1.2657408897558717,0.3991559280537402,3.76,19.78,8
2023102900,3735,0,9.639320515472035,-0.33406165951019773,6.52,27.55,8
2023102901,148,1,2.0884922791334444,0.4784519314466614,2.53,338.26,8
2023102901,198,0,3.2521377584598072,1.7624850394999516,5.75,335.48,8
2023102901,223,0,3.9321876862632075,1.840496650520944,5.45,347.98,8
2023102901,248,1,0.5147815070493559,-1.0463799808833931,5.08,219.18,8
2023102901,271,1,2.810409222871291,-6.1550352549899605,5.22,263.45,8
2023102901,296,1,1.2500000000000036,1.3683472937079,7.51,279.66,8
2023102901,422,1,1.0683164325236263,-5.141310888025697,5.58,84.69,8
2023102901,469,1,1.8062391868188525,-3.867773583664225,8.71,172.62,8
2023102901,497,1,1.4441952776546543,7.9655849247789225,8.75,160.68,8
2023102901,544,1,1.290348790056398,2.1561734945284865,5.94,139.68,8
2023102901,635,1,1.3223085872821077,2.0722069925335673,6.07,334.32,8
2023102901,753,1,1.88679622641132,-0.7278664701017209,7.03,346.31,8
2023102901,861,1,2.7549591648516283,-5.108622776587246,4.74,50.4,8
2023102901,1091,1,2.2978685776170917,2.539928079921885,6.74,118.51,8
2023102901,1172,0,4.126560310961167,-0.33116590740628493,5.44,235.81,8
2023102901,1197,1,1.4579780519610048,5.279028815886946,9.41,358.46,8
2023102901,1245,0,3.0085212314358025,1.6807029717339115,4.25,173.65,8
2023102901,1321,1,1.9957204213015414,1.4271084491859298,6.57,57.04,8
2023102901,1368,0,3.2351970573676017,-5.040743759292825,6.82,102.86,8
2023102901,1391,0,6.416432030342107,-3.5272775137759473,7.11,9.94,8
2023102901,1447,1,2.84887697172061,2.6710300090076315,6.59,172.06,8
2023102901,1499,1,1.5208221460775704,4.327792114217519,5.57,333.87,8
2023102901,1697,0,12.42596072744478,2.1564837746827323,4.99,167.9,8
2023102901,1726,1,2.258937803481986,0.231328900010767,6.08,52.25,8
2023102901,1776,0,8.38619103049769,-0.6821666958701719,6.57,15.64,8
2023102901,1801,0,4.475086591340999,-0.2517957749959133,4.88,101.12,8
2023102901,1872,0,5.515523547225596,0.45732431035036913,6.15,318.36,8
2023102901,1897,1,1.7130382365843424,-4.597929514174005,3.35,277.69,8
2023102901,1973,1,1.8700267377767525,-2.2108403982150424,6.02,307.64,8
2023102901,2044,0,11.50086083734605,-4.791251613970106,6.01,346.84,8
2023102901,2069,1,1.923018460649818,-3.9558575051315645,5.89,293.27,8
2023102901,2214,2,0.5887274411814053,4.010396103075474,6.23,286.41,8
2023102901,2459,1,1.268108828137391,6.652873015634323,7.15,4.88,8
2023102901,2629,0,3.219223508860484,-5.331362733959148,3.14,289.82,8
2023102901,2681,0,7.255397990461991,-1.8998302490776748,4.79,349.98,8
2023102901,2801,1,2.2717834403833432,1.7144859038606883,6.64,336.28,8
2023102901,2824,1,1.970406049523809,0.006980202959168347,4.3,321.6,8
2023102901,2849,2,1.084619749036502,6.908541347903767,7.42,355.67,8
2023102901,2903,1,2.5582024939398393,-0.09922893293648394,5.61,244.14,8
2023102901,3120,0,3.4246751670778948,2.056017126734827,7.5,41.93,8
2023102901,3188,0,4.149144490132871,3.326302134880099,6.62,222.38,8
2023102901,3233,0,7.961959557797312,3.378757758083853,5.95,347.83,8
2023102901,3258,0,3.3710829120625365,0.42616839584857247,3.97,232.31,8
2023102901,3281,1,1.1053506231056276,-0.5188730303129976,6.37,67.24,8
2023102901,3316,0,4.898132297110807,-1.782260372439344,5.47,354.65,8
2023102901,3353,1,1.3600367642089648,4.568728709511022,6.88,100.93,8
2023102901,3456,1,1.9550191814915718,2.6601462648598417,5.62,324.81,8
2023102901,3541,0,5.720917758541892,1.610568206377498,5.0,174.73,8
2023102901,3658,0,8.581212035604297,0.843487343172487,6.16,340.12,8
2023102901,3683,0,3.8748548359906323,3.1966132934735296,6.77,191.09,8
2023102901,3875,1,1.820439507371772,-1.8733087315606198,8.48,57.31,8
2023102902,62,0,6.11304343187581,3.8281567325352865,6.21,11.22,8
2023102902,283,2,0.964624279188536,2.9462601636378,6.39,224.08,8
2023102902,306,1,2.3433736364481,-1.2621115040097848,6.38,319.19,8
2023102902,407,1,2.486704646716212,2.9019446386627794,7.51,187.64,8
2023102902,477,0,4.204342992668414,-2.137907708717824,4.86,246.77,8
2023102902,552,0,9.541677001450006,-1.0805156593007563,7.23,167.27,8
2023102902,575,1,1.1098198051936197,4.071749104207911,6.75,24.34,8
2023102902,861,1,1.8168654325513458,-0.11104292367862323,5.31,222.46,8
2023102902,886,0,6.849416033502421,2.047922986766207,7.14,224.81,8
2023102902,1248,0,6.082474825266439,0.26535437654163563,5.82,35.67,8
2023102902,1298,0,4.326118352518797,-2.875450226473147,6.9,46.08,8
2023102902,1357,0,4.014498723377543,2.342732134449936,5.52,8.01,8
2023102902,1380,0,3.100790221862802,0.39654698246090236,3.08,43.99,8
2023102902,1503,0,3.559845502265506,-4.839819990964439,4.51,258.75,8
2023102902,1625,0,11.864678672429358,-2.3204755610051526,6.0,16.48,8
2023102902,1672,0,7.854457333259883,1.8516836951428852,3.42,57.79,8
2023102902,1697,1,1.2403628501370068,3.0989652018249645,4.52,253.93,8
2023102902,1751,0,14.41937932090005,-2.212641278916091,5.45,174.62,8
2023102902,1787,1,2.323617868755538,3.1724633300408187,6.83,244.64,8
2023102902,1810,0,3.372906758272458,-2.7629603213342855,4.81,271.86,8
2023102902,2013,0,11.23698358101497,-0.09266502071763805,5.97,343.16,8
2023102902,2067,0,5.750069564796591,-0.36324705473862967,7.22,205.01,8
2023102902,2104,0,9.882029143855023,-1.9796599785485656,5.06,291.97,8
2023102902,2149,0,5.750347815567334,-1.3322532254988073,1.61,241.77,8
2023102902,2181,0,6.988454764824626,-3.5781631800747733,5.17,220.59,8
2023102902,2322,1,2.946794869005997,2.431788332605161,7.18,324.98,8
2023102902,2367,2,1.941262475813096,-5.115406568653495,6.86,315.52,8
2023102902,2419,0,6.5423084610861935,-3.526139953314539,3.53,319.52,8
2023102902,2449,1,1.960229578391263,-1.3832528746159167,1.56,309.42,8
2023102902,2474,0,3.1319323108905155,-2.7384596838743094,2.58,260.14,8
2023102902,2521,0,4.586251192422848,2.4737336933957987,3.36,246.75,8
2023102902,2568,0,11.492575864443966,-5.163515831243039,3.61,358.84,8
2023102902,2593,1,1.1866338946785533,5.639402444132462,5.65,317.97,8
2023102902,2616,1,2.468299009439496,2.4131495485844416,4.86,289.43,8
2023102902,2727,0,3.3889231327960228,2.365662310900379,9.04,103.37,8
2023102902,2759,1,0.8935882720806047,3.844188196062537,6.99,299.87,8
2023102902,2830,0,4.237983010820122,1.8287301339240694,2.46,98.76,8
2023102902,2877,0,4.118300620401574,-3.7882885371316712,5.21,70.91,8
2023102902,2907,0,7.382817890209672,0.5006091695455064,7.94,99.58,8
2023102902,2932,0,8.984814967488196,0.9860722326170412,3.61,37.19,8
2023102902,2992,0,10.488412653972006,2.548832853126608,6.1,30.19,8
2023102902,3156,1,1.1377170122662337,0.998656972295096,6.33,120.61,8
2023102902,3225,1,1.7088007490635058,-1.131126652211459,4.07,28.98,8
2023102902,3374,1,2.988109770406707,-0.3706662796235074,0.78,33.0,8
2023102902,3419,0,7.148286507968184,6.2093783014826105,5.06,355.32,8
2023102902,3455,1,2.293403584195338,2.9847297940091777,7.86,47.63,8
2023102902,3546,0,3.345265310853535,-0.8599188665504074,1.12,133.03,8
2023102902,3686,0,4.172349458039202,1.5064174153591545,4.73,285.07,8
2023102902,3711,0,8.77398427169778,-4.214493395354485,3.25,2.37,8
2023102902,3761,0,6.372723122810214,-2.6442856790556863,4.41,204.03,8
2023102902,3838,0,3.645737236828789,-1.149997155337477,5.56,219.2,8
2023102902,3884,1,1.0547511554864493,0.5208129423207728,4.99,296.7,8
2023102902,3936,0,7.251551558114994,6.556694519102731,3.79,205.67,8
2023102902,4049,1,1.4328293687665687,-0.21476640844948536,8.53,258.13,8
2023102902,4116,2,0.6926037828369155,2.686112484784317,4.21,28.53,8
2023102902,4146,0,3.6320792942886024,-1.890570244787258,4.62,118.94,8
2023102902,4298,1,2.753071012524014,6.147881040481511,5.99,275.42,8
2023102902,4321,0,5.610436703145308,2.165470889715383,5.06,159.31,8
2023102902,4375,1,2.9167104758614606,-0.20283233879995377,2.02,264.23,8
2023102902,4400,1,2.4167126432408117,3.751182139217844,6.59,280.69,8
2023102902,4423,1,2.1663333076883635,5.743180242940547,9.17,277.25,8
2023102902,4483,1,1.8958902921846554,5.164620493904787,6.63,186.06,8
2023102903,100,0,3.6168079849502583,-1.2609839804294807,7.26,178.16,8
2023102903,173,1,1.034649699173595,0.15613628191167583,7.0,58.87,8
2023102903,203,0,6.787230657639384,-2.3874130098126645,2.91,92.05,8
2023102903,250,1,1.771581214621558,0.36811185784246203,5.26,146.55,8
2023102903,388,0,5.725879845054384,0.9585769484696476,1.84,105.15,8
2023102903,493,0,6.338958905056886,-3.687109398097177,6.9,347.51,8
2023102903,580,0,3.1821062207286555,4.191009944431825,8.63,118.28,8
2023102903,603,1,2.302172886644266,1.0128178644128671,6.92,46.45,8
2023102903,652,0,7.801140942195577,1.1201647679585587,6.61,24.25,8
2023102903,715,0,3.1578632015969226,2.157287848814088,5.65,60.61,8
2023102903,779,1,2.8873517277948677,2.6459298294057323,7.96,186.59,8
2023102903,804,2,1.9900251254695203,2.2087528619455252,5.64,321.39,8
2023102903,885,0,3.2080679543924884,-0.017357224036996438,1.58,326.92,8
2023102903,937,1,2.7930807363912704,-0.8620753853006413,6.19,210.89,8
2023102903,1170,1,1.3313526955694346,4.846530411940885,6.78,100.02,8
2023102903,1193,0,3.835844105278525,3.044095696046851,6.69,51.9,8
2023102903,1372,0,3.6240309049454873,-1.8389088927614579,3.63,262.63,8
2023102903,1421,0,3.8529209698617057,-3.7518727776336154,4.82,253.73,8
2023102903,1525,1,1.5864740779477027,-1.9183378771388746,5.72,224.84,8
2023102903,1715,0,5.686202599274846,0.4996598451424794,3.59,187.51,8
2023102903,1829,1,1.9632880583347923,2.6852913483113636,9.57,283.07,8
2023102903,1918,1,1.46263460918987,2.7849884044636455,4.41,92.95,8
2023102903,1941,0,6.626771461277355,-0.8322078340218897,0.34,47.61,8
2023102903,1995,0,5.162567190846041,-4.381630041263631,6.37,18.98,8
2023102903,2086,0,5.50077267299785,-3.2887040889499515,5.25,49.68,8
2023102903,2140,0,3.5935636908227915,-1.3466373385893318,4.01,34.95,8
2023102903,2168,1,2.2769497139814003,7.526919749863607,8.15,169.46,8
2023102903,2346,1,1.8977091452590849,-0.36078958052690097,3.87,220.86,8
2023102903,2371,1,0.9404786015641305,-2.9046908109050213,3.57,307.82,8
2023102903,2420,0,5.43798675982205,1.1680679050460538,3.6,247.33,8
2023102903,2518,0,3.662157833846047,0.09159587067709751,2.82,52.1,8
2023102903,2543,0,7.434924343932491,2.027131972634083,3.49,114.97,8
2023102903,2594,0,6.283128201779745,-4.272121553185855,2.73,336.93,8
2023102903,2670,1,2.9383158441529056,0.979170063882837,5.54,312.4,8
2023102903,2693,0,5.468939568142988,-1.5106386745786884,8.29,321.13,8
2023102903,2765,0,5.590080500314819,-3.537580135337837,3.91,48.2,8
2023102903,2886,1,1.4422205101855952,-5.140010408463656,6.57,96.57,8
2023102903,2920,0,8.011847477330065,-2.2015381352251366,6.07,200.92,8
2023102903,2969,0,10.003009547131304,2.447297000986019,5.11,2.28,8
2023102903,3021,1,1.989095271725316,4.16681619883775,5.68,336.34,8
2023102903,3217,1,0.8221921916437791,-0.05113211398141715,4.4,155.3,8
2023102903,3262,0,3.5573164042575565,0.3841203005389438,4.81,245.91,8
2023102903,3355,0,3.103675240742816,-0.5838626308976353,9.43,115.77,8
2023102903,3680,0,5.481505267716156,2.817368950458577,0.93,5.64,8
2023102903,3767,1,2.151882896442089,-0.3403206386048453,3.33,188.14,8
2023102903,3792,0,7.308187189720853,0.3247516973786583,4.3,296.35,8
2023102903,3874,1,2.422601907041272,3.0836691229131192,6.64,151.51,8
2023102903,3921,0,5.071341045522383,-0.5554646627980391,1.22,0.54,8
2023102903,3968,1,2.9638488490474635,-3.0821462071734906,8.43,39.38,8
2023102903,3991,1,2.7965156892104144,-1.911744528529002,5.3,122.68,8
2023102903,4096,0,4.013290420590065,-1.7642306108584314,3.7,248.84,8
2023102903,4119,0,3.7254932559326996,-4.375078898176928,3.98,269.86,8
2023102903,4190,2,1.1401754250991385,5.667783169407925,7.5,358.84,8
2023102903,4325,1,1.1734564329364787,8.003181079234764,9.01,83.88,8
2023102903,4570,1,1.3819189556555058,-2.6436106653159515,5.14,309.03,8
2023102903,4593,0,7.251406760070772,0.7384290566223458,3.1,282.36,8
2023102904,55,0,6.98870517334935,4.274123697091905,5.67,2.31,8
2023102904,102,0,3.523464204444257,-0.6255889905256723,6.82,19.61,8
2023102904,180,1,1.0495713410721488,4.102310987887318,7.28,348.49,8
2023102904,203,0,4.519568563480369,1.9961143613506729,1.72,358.36,8
2023102904,228,1,2.873882391469765,0.8505977140868117,7.21,259.97,8
2023102904,302,1,2.208098729676737,-1.9301290626927419,6.41,252.22,8
2023102904,343,0,6.303467299827932,1.9397245182700664,4.9,166.77,8
2023102904,446,0,6.540863857320376,0.6330748082149243,6.64,15.23,8
2023102904,492,0,5.235656596836736,3.8104196538317483,6.07,309.34,8
2023102904,566,1,1.3024976007655509,3.628622948024725,6.91,271.43,8
2023102904,643,1,1.8201098867925531,4.847312078656558,6.87,32.67,8
2023102904,707,2,1.5554099138169346,4.508790867280854,7.15,187.25,8
2023102904,764,0,4.7647140522805795,3.7955789496701815,6.58,187.04,8
2023102904,838,1,1.6497575579460162,0.9541040601608044,9.88,257.52,8
2023102904,1014,1,0.8324061508662668,-0.5236522305120502,4.53,224.3,8
2023102904,1131,0,5.272921391411029,2.971433000872244,7.11,7.0,8
2023102904,1255,1,2.7465068723744346,-3.3514226245262844,5.01,4.26,8
2023102904,1417,1,1.6886088949191265,3.098867087058829,4.58,90.39,8
2023102904,1474,1,1.01257098516598,0.5748412207681179,5.83,31.82,8
2023102904,1497,1,1.0897706180660214,0.03293941939239953,3.96,125.29,8
2023102904,1561,1,2.3985203772326047,4.859808433441332,2.59,60.77,8
2023102904,1631,0,3.369821953753642,-2.1871561896824456,5.9,247.04,8
2023102904,1722,1,2.19893155873483,1.1037867679353046,6.07,211.92,8
2023102904,1747,0,8.36486102693882,-5.178459711854031,6.33,217.37,8
2023102904,1781,1,2.5145377308761945,-4.227146361606288,6.71,70.36,8
2023102904,1809,1,1.9160375779195995,0.2518959201363331,6.05,112.73,8
2023102904,1871,0,3.914141029651328,-5.828798085788494,3.64,45.38,8
2023102904,1903,1,1.8062391868188419,2.0469374382628125,6.6,86.14,8
2023102904,1928,1,0.8052949770115282,0.8877326895112122,3.85,124.77,8
2023102904,1958,0,10.895985499256131,-1.7949558645579804,4.77,174.58,8
2023102904,1983,1,2.1660101569475634,1.7960269737830852,7.71,81.57,8
2023102904,2172,0,11.387440449899179,3.184393623546643,5.34,185.03,8
2023102904,2272,0,3.8680744563671476,1.1622204243101495,6.93,104.63,8
2023102904,2343,1,1.461642911247475,1.0366465471554036,7.64,115.57,8
2023102904,2366,0,4.034352488318291,-3.855817490777089,5.52,149.43,8
2023102904,2413,0,3.5715122847331675,0.3768445773457746,5.94,152.07,8
2023102904,2469,0,7.132811507393141,-0.2633502824676298,6.74,156.94,8
2023102904,2562,1,2.934706118165841,2.3440138324794004,7.59,317.32,8
2023102904,2619,0,5.33645950045533,1.8412638329135556,1.35,285.01,8
2023102904,2645,1,0.638122245341756,2.337086924432423,5.74,224.63,8
2023102904,2717,0,9.769590574839867,1.4461802734701537,5.6,18.26,8
2023102904,2813,0,4.370125856311235,-1.5257945012708933,6.91,152.52,8
2023102904,2843,1,2.7486905973572187,1.2530891234211217,6.05,34.85,8
2023102904,2971,0,7.117113178810634,-0.9938982809412082,6.43,157.79,8
2023102904,3034,0,4.196093421266977,-0.7874611413539502,3.26,269.31,8
2023102904,3079,1,2.420330555936518,-0.8295267391171448,6.39,140.6,8
2023102904,3156,0,3.5732478223599333,-1.0815422831589334,4.31,322.85,8
2023102904,3272,0,3.3357008259134986,-0.5161572744146874,5.79,150.49,8
2023102904,3338,0,5.077962189697752,1.1220039140093423,1.75,43.64,8
2023102904,3407,0,5.076071315495868,3.126887254495229,6.87,153.8,8
2023102904,3437,0,10.686089088155688,3.1319108489162493,5.89,164.85,8
2023102904,3489,2,0.8188406438373701,6.487725825582302,7.01,38.07,8
2023102904,3566,0,4.667815334822063,-0.6576911704520564,7.46,156.57,8
2023102904,3630,0,15.085304106977755,-0.6087364286053848,7.97,341.66,8
2023102904,3709,1,0.9340770846134719,4.646460006180566,8.15,257.25,8
2023102904,3732,0,3.9300508902557514,1.8031932328739904,5.87,291.42,8
2023102904,3779,0,4.632493928760192,0.9514388621666536,2.4,217.32,8
2023102904,3848,0,5.790077719685636,-8.849510166657568,7.49,254.52,8
2023102904,3912,1,0.8221921916437785,1.9885588768807723,5.84,97.68,8
2023102904,3954,1,2.6504716561397172,-1.5848128857246042,2.9,115.16,8
2023102905,55,0,8.664248380557884,2.933500930280748,6.85,328.5,8
2023102905,233,1,0.9449338601193251,-0.07693806959254479,6.38,129.82,8
2023102905,328,0,4.90657721838758,-3.9520746853277493,3.87,337.12,8
2023102905,353,0,7.80078201208059,-0.5114434404763327,6.21,341.56,8
2023102905,547,1,2.7803956552980007,1.168845104901827,5.01,344.56,8
2023102905,618,1,2.3894769302087866,5.745062768027529,5.95,322.08,8
2023102905,748,1,2.281161984603461,1.798512711714344,5.88,314.68,8
2023102905,795,0,6.470185468748172,-2.0000158782687594,7.05,264.48,8
2023102905,818,1,0.990050503762303,2.821735995284753,6.95,292.53,8
2023102905,841,0,16.2954288068771,3.0537688416922095,3.09,204.23,8
2023102905,979,0,5.418533011803102,0.7989708415902754,2.49,239.51,8
2023102905,1054,0,5.360345138141762,0.5901768781269469,7.22,357.55,8
2023102905,1214,1,1.7149344010777774,4.523978059326872,7.29,180.12,8
2023102905,1289,1,2.521685943966854,3.0349252995488216,5.58,137.65,8
2023102905,1327,0,3.5730799039484107,-1.573787952972109,5.99,162.47,8
2023102905,1595,1,1.7387639287723902,0.5951287722870391,6.1,28.65,8
2023102905,1642,1,1.2314625451064245,7.299261827560905,7.91,19.9,8
2023102905,1677,1,0.5440588203494208,-1.2365717644945637,4.97,37.74,8
2023102905,1843,0,3.4439657373440875,2.3915608495279397,6.91,169.63,8
2023102905,1990,1,2.2264994947225993,3.908942268694031,5.62,335.47,8
2023102905,2353,1,2.1134095674998723,3.23629609413892,5.29,338.39,8
2023102905,2939,1,1.2345849504995685,1.8381316625910278,5.63,205.01,8
2023102905,3154,1,2.62246067654026,1.7541850439967688,4.52,272.76,8
2023102905,3179,1,1.3189768762188383,3.999134833884724,4.9,201.41,8
2023102905,3413,0,3.5475202606891485,3.4824380127189274,7.94,152.03,8
2023102905,3587,1,1.3437261625792623,5.298015838565719,7.78,50.42,8
2023102905,3698,0,3.2893768406797097,0.05954880547590857,6.75,81.01,8
2023102905,4037,0,6.521058196335934,2.5378048083853963,6.54,26.43,8
2023102905,4067,0,6.338469846895228,-3.3406786102704626,8.0,101.75,8
2023102905,4148,0,7.74365546754245,-2.2458358002335266,5.2,78.89,8
2023102905,4180,0,3.4225136961011593,3.483995021956372,5.37,128.98,8
2023102905,4392,1,1.7736967046256813,4.69042497333899,8.7,99.93,8
2023102905,4428,1,2.811138559374117,-1.8382900102040645,2.21,64.79,8
2023102905,4603,0,11.27324709212036,0.03528809215516604,6.17,0.21,8
2023102905,4697,1,1.2831601614763477,2.477305881050088,5.24,172.76,8
2023102905,4720,1,0.9794896630388695,3.2282749369462422,5.1,80.02,8
2023102905,4778,0,3.671961328772399,5.789986652957856,7.39,23.75,8
2023102906,56,0,4.653396608929872,3.7864433578476984,7.98,260.79,8
2023102906,152,1,1.1947384651043933,0.27048340892727074,6.96,120.03,8
2023102906,311,0,9.22074292017731,1.1365230189801832,2.15,116.91,8
2023102906,428,1,0.700071424927482,4.325398711180775,3.78,318.27,8
2023102906,536,1,2.2567454442182915,3.3699018560118947,7.3,74.4,8
2023102906,606,0,7.265018926334604,3.5134827602322045,1.26,121.3,8
2023102906,674,1,2.136000936329382,0.4846520506145031,5.05,318.1,8
2023102906,721,1,1.3763720427268278,6.285963177683526,7.97,229.69,8
2023102906,815,1,0.8697700845625842,3.1884567105720913,8.16,75.57,8
2023102906,928,0,4.504220243282955,0.9896518791357328,4.0,113.91,8
2023102906,1041,0,5.556122748824037,2.792412339663041,6.66,146.04,8
2023102906,1066,0,11.640017182117905,0.41269395431293754,6.2,21.08,8
2023102906,1117,0,4.030198506277329,-2.707454814114757,5.28,295.52,8
2023102906,1198,1,1.3038404810405297,8.64374754292527,9.13,306.47,8
2023102906,1245,1,1.4612323566086272,5.858743128123542,8.51,346.73,8
2023102906,1308,1,1.8398369492974118,1.0531983624184749,4.8,45.94,8
2023102906,1463,0,6.030928618380423,6.096032591926869,5.57,7.29,8
2023102906,1493,0,5.8232636897190195,-3.3627709351683723,5.48,123.75,8
2023102906,1572,0,6.15373870098495,-0.3660234606179504,5.13,149.4,8
2023102906,1655,0,5.996332212277766,-1.856627632276678,5.05,261.54,8
2023102906,1724,0,3.8896015220071103,1.0978326517756214,4.31,236.59,8
2023102906,1854,0,3.7700132625761387,0.18184890272920873,4.82,312.08,8
2023102906,1980,0,5.0241218138098525,0.17592399614958293,1.62,101.5,8
2023102906,2147,1,0.9999999999999943,5.500558998283605,8.16,18.96,8
2023102906,2266,1,1.6238842323269242,0.0871421097133319,1.89,213.45,8
2023102906,2315,0,5.9753158912312,1.2578486803880038,2.91,276.81,8
2023102906,2340,1,0.8400595217006946,5.455152707242623,7.42,206.07,8
2023102906,2370,0,4.006706877224737,2.5594650625741693,6.91,184.53,8
2023102906,2577,0,3.328618331981006,0.29951923445163764,4.24,129.0,8
2023102906,2685,1,1.0650821564555408,-0.04772533909475474,7.44,298.18,8
2023102906,2708,1,1.5098675438593998,0.7706062206657851,4.54,229.4,8
2023102906,2804,0,4.433531323899721,-1.903747795137975,5.68,58.9,8
2023102906,2860,1,1.2808200498118356,5.0898799569665005,7.26,111.43,8
2023102906,2981,1,1.3167383946707139,-0.2492032876760356,6.95,286.43,8
2023102906,3036,0,8.031593864233924,-2.5062176517352164,6.59,25.11,8
2023102906,3073,0,5.051821453693707,-3.583092045122082,6.7,98.4,8
2023102906,3148,1,2.2303587155433133,-0.7571404779228774,4.81,356.9,8
2023102906,3220,1,2.0659622455408093,-2.6319473544783474,4.91,132.03,8
2023102906,3328,1,1.8432851108821986,2.969069833724189,4.41,16.93,8
2023102906,3353,0,7.382587622236532,-1.2049668849027637,6.74,17.89,8
2023102906,3402,0,7.710025940293583,-0.06662335418621468,6.8,128.94,8
2023102906,3454,1,1.114001795330691,-4.068099262233382,3.07,138.5,8
2023102906,3501,0,3.2018900668199093,3.269863665722014,6.89,155.33,8
2023102906,3655,0,6.2701993588720955,3.1781068318731394,8.67,262.1,8
2023102906,3711,1,2.539704707244523,2.4880229654516377,6.89,152.12,8
2023102906,3770,0,3.104094070739483,-6.265782868342515,4.29,13.9,8
2023102906,3928,0,4.81486240717219,1.1423868170653886,2.01,213.63,8
2023102906,3953,0,9.928887148114834,0.6406324379403373,4.84,334.73,8
2023102906,3978,0,4.443028246590384,2.800136063880121,2.96,306.74,8
2023102906,4003,0,5.375323246094143,1.8430408475144073,4.26,237.66,8
2023102906,4055,0,3.211043444115947,1.1895930550313045,1.81,215.53,8
2023102906,4133,1,2.7239126270862677,3.0547872910190375,6.0,205.08,8
2023102906,4320,0,6.0625159793603896,-0.23816229507498166,5.16,278.39,8
2023102906,4381,0,12.952007566396807,-0.9649271910306155,4.24,282.34,8
2023102906,4406,0,6.038418667167758,1.5401923980244558,5.59,356.28,8
2023102906,4436,0,4.882263819172414,-1.3297346394087666,3.29,320.54,8
2023102906,4461,0,8.440574624988518,-2.4310196351091182,5.96,4.37,8
2023102906,4484,0,4.993245437588661,0.6011410147537819,3.93,284.28,8
2023102907,234,0,4.5570275399650555,-3.773580782702307,5.61,289.24,8
2023102907,281,1,2.5773047937719737,2.1678342367744845,6.13,317.67,8
2023102907,417,0,4.661770050098991,4.309516387873617,6.51,175.62,8
2023102907,475,1,2.3201939574095958,5.8818570559071865,8.9,148.93,8
2023102907,618,2,1.4422205101855936,4.318766783043935,7.76,275.89,8
2023102907,729,1,2.870017421549908,3.7401435450510085,7.39,146.96,8
2023102907,759,1,0.9217917335276997,-1.1889769636493122,8.46,72.6,8
2023102907,837,0,8.13233053927348,5.3194494957006455,6.05,357.12,8
2023102907,889,0,6.015189107584232,-4.073722831007668,6.31,339.5,8
2023102907,914,0,3.316986584235753,0.1348159473013848,4.3,253.85,8
2023102907,1009,1,1.7821335527956395,2.577541668361818,8.6,337.83,8
2023102907,1066,0,4.093531482717584,1.3264156627732449,2.8,270.36,8
2023102907,1192,0,5.416133307074337,-0.9982480529020126,5.33,112.01,8
2023102907,1270,1,0.954829827770369,1.9582265589505874,8.44,237.28,8
2023102907,1387,0,3.1456954715928873,0.8400373731968385,5.32,134.98,8
2023102907,1412,1,1.987360057966347,0.831408855790834,5.46,134.69,8
2023102907,1437,1,2.7053465582065477,-0.4316593258702247,5.73,23.54,8
2023102907,1583,1,1.825212316416916,3.2051448069756736,7.4,199.96,8
2023102907,1705,1,0.7905694150420952,-1.9717651044371705,7.78,55.42,8
2023102907,2131,0,6.726009217953834,-0.5133455503756257,3.06,306.82,8
2023102907,2310,1,1.3767352686700525,-0.37901729596182776,1.92,232.55,8
2023102907,2603,1,2.0863365021012266,2.620632413249929,7.86,182.32,8
2023102907,2779,1,2.617269569608749,-1.9961930768814178,4.54,242.88,8
2023102907,2849,0,3.7525458025186076,0.2520560469130959,5.01,265.73,8
2023102907,2896,1,2.4605080776132406,5.458824703473494,8.04,208.85,8
2023102907,2924,1,0.7787810988974995,-3.1956031256046216,6.21,242.09,8
2023102907,3090,1,2.5179356624028357,2.7479470966788693,8.16,96.98,8
2023102907,3169,1,2.4374166652421163,-1.2932919889343706,5.16,246.3,8
2023102907,3205,0,5.023325591677289,0.28656523317052485,5.71,209.26,8
2023102907,3529,0,3.613488619049467,0.8246280972785811,9.28,87.76,8
2023102907,3659,1,2.92071908953942,1.1449176182916196,7.15,325.53,8
2023102907,3729,0,12.790797473183602,2.75520554290162,4.95,194.37,8
2023102907,3809,1,1.8626862323000077,-3.3333180996485656,7.76,215.54,8
2023102907,3886,0,5.019581655875317,-3.8091977345340675,2.65,93.57,8
2023102907,3933,1,1.4333875958721014,0.8422520155087105,5.79,16.34,8
2023102907,3958,0,3.9510251834175953,1.0846987321099149,2.47,115.64,8
2023102907,4020,0,5.850888821367227,0.12667973235529106,0.95,315.28,8
2023102907,4076,1,2.551960031034966,-1.9303099845900487,6.71,133.44,8
2023102907,4317,0,5.6975082272867335,-3.779886478295216,2.92,31.74,8
2023102907,4371,0,3.304421280648097,-2.9259753609988457,3.44,53.2,8
2023102908,55,1,1.3219682295728625,2.733817836490682,5.05,154.32,8
2023102908,80,0,4.103425398371467,3.9192777719073737,2.09,94.74,8
2023102908,236,0,8.900089887186539,-0.5807018438024294,1.03,222.67,8
2023102908,357,0,11.718429928962328,3.810341306961078,4.72,202.7,8
2023102908,382,1,1.3788763541376645,4.623897370875603,6.4,347.63,8
2023102908,524,1,1.2298373876248907,6.46828538406028,7.81,80.55,8
2023102908,596,0,4.841952085677854,1.8116632875526222,8.12,354.22,8
2023102908,621,1,0.9709788875150666,0.11905409300257563,6.17,306.73,8
2023102908,696,0,3.0852552568628724,-0.7696315686744922,5.83,333.3,8
2023102908,721,0,8.204248899198513,0.17936573651092858,2.62,281.9,8
2023102908,746,0,3.528526604689269,-1.696243234796749,6.05,262.64,8
2023102908,771,1,0.5544366510251629,6.1008513716839685,7.84,272.84,8
2023102908,794,0,8.183232857495868,1.0597007072158764,6.89,208.27,8
2023102908,903,1,2.6161995336747514,3.8057043388333307,6.17,154.1,8
2023102908,928,0,6.525710689265962,2.075758898653669,6.87,12.68,8
2023102908,958,0,13.405804712884642,2.747909782054905,6.61,166.63,8
2023102908,983,1,1.9289893727027094,4.23975125839681,7.31,102.93,8
2023102908,1053,1,1.1081967334368052,1.675820967427748,4.97,231.31,8
2023102908,1078,0,7.5040522386241415,0.3726783781698846,7.12,201.41,8
2023102908,1146,0,4.816803919613086,-2.7200264306676534,1.71,7.64,8
2023102908,1171,1,1.3963523910532032,-3.103902631691403,7.25,264.24,8
2023102908,1235,1,2.113007335529147,-0.3863924665795303,5.77,61.21,8
2023102908,1258,1,0.9924716620639589,1.0993659191938014,3.18,146.89,8
2023102908,1283,1,1.3623509092741108,6.562815337551717,7.06,130.91,8
2023102908,1313,0,8.754450296849017,-0.5898216542718779,5.63,151.16,8
2023102908,1365,0,7.801666488642026,2.0001692195869456,8.84,9.45,8
2023102908,1410,0,11.514812199944902,2.22016339204121,3.42,134.52,8
2023102908,1435,1,2.4278591392418134,-4.587515138068768,3.01,121.24,8
2023102908,1505,1,2.4609957334379855,2.8577910549630037,4.66,354.25,8
2023102908,1530,0,3.4749676257484805,3.0546694257408893,7.04,294.26,8
2023102908,1602,1,2.166887168266959,6.964272705874909,8.69,352.92,8
2023102908,1679,0,5.118095348857817,-0.009007174710807642,7.01,186.3,8
2023102908,1711,1,0.7515317691222373,0.7690382545069229,3.17,217.52,8
2023102908,1741,0,5.564350815683715,1.4560428301535402,7.33,11.83,8
2023102908,1781,0,12.699200762252723,-1.9883225369406858,1.97,66.43,8
2023102908,1818,0,4.299790692580273,4.800879251413624,7.26,30.0,8
2023102908,1848,0,9.876325227532758,-0.5420733252559122,6.32,25.32,8
2023102908,1878,1,2.668107943843345,0.49253563199487366,1.93,329.75,8
2023102908,1908,0,6.497053178172391,1.668092339434517,6.56,45.7,8
2023102908,1933,1,0.909560333347928,1.0687380562495263,7.31,66.47,8
2023102908,1997,0,14.376164300674924,-1.1033480216925295,6.22,343.72,8
2023102908,2027,0,8.401815280045138,-0.4623075334068413,4.53,211.23,8
2023102908,2052,0,3.785300516471577,-0.9211068781514605,3.81,231.76,8
2023102908,2084,0,5.7056112731240285,-1.1443510608971832,3.06,240.61,8
2023102908,2338,0,11.72359159984686,-4.505288213193459,3.49,269.08,8
2023102908,2508,1,2.3876766950322232,3.9775022933441466,3.42,152.05,8
2023102908,2574,0,5.822198897323934,3.3654140598561453,7.72,131.11,8
2023102908,2634,0,3.4832312584725122,-3.0843092223602464,3.82,40.53,8
2023102908,2793,1,1.9670282153543193,-0.6115701337338271,2.51,261.1,8
2023102908,2863,1,1.0255242561733982,6.132574543475985,7.54,256.63,8
2023102908,2982,0,4.839762390861767,-0.3437924233524207,6.81,22.95,8
2023102908,3007,1,1.7788198334851115,1.9381026231799425,6.51,23.21,8
2023102908,3135,1,1.8710692130437059,1.3004349521556076,5.82,231.97,8
2023102908,3160,0,3.422352991729519,-1.412981792416247,4.8,279.52,8
2023102908,3207,0,5.2807669897468505,1.7629860170224145,7.08,200.8,8
2023102908,3299,1,0.7668767828015137,2.615042738339285,5.52,318.69,8
2023102908,3409,0,4.701829431189517,-0.15402522581781541,6.34,32.27,8
2023102908,3478,0,4.818640887221213,-2.4616937070110945,7.9,161.89,8
2023102908,3531,0,8.081744861105184,1.3719681807871207,8.95,65.67,8
2023102908,3605,1,2.793027031734567,4.069243042214368,7.4,263.61,8
2023102908,3664,2,2.5428330656966125,0.045703531057915026,5.75,295.12,8
2023102908,3725,0,3.7240435013570945,2.2941257922181872,6.62,111.42,8
2023102908,3827,1,1.658945448168799,1.8111247217846262,8.57,319.5,8
2023102908,3897,0,5.056649088081945,5.46125052759934,8.29,311.84,8
2023102908,3920,0,7.257217097483028,-1.8668430036019497,3.97,340.92,8
2023102908,3979,1,1.5989058759038925,7.350788103316723,7.86,156.14,8
2023102908,4066,0,5.461584019311603,0.2250601902619802,7.71,190.2,8
2023102908,4091,0,3.181147591671912,0.6530054509398929,6.74,199.0,8
2023102908,4348,0,11.847805704011177,-0.6048187952518902,6.38,189.39,8
2023102908,4378,0,3.59844410822233,2.817062444790184,6.67,208.1,8
2023102908,4403,0,8.833232703829331,-2.5717996444327813,7.51,180.81,8
2023102908,4433,2,2.210565538499141,2.3532502062134104,8.44,227.56,8
2023102909,84,0,4.097633463354186,-1.5319701729658417,2.43,202.28,8
2023102909,173,0,10.90951877948794,2.0584320400025633,3.67,159.21,8
2023102909,225,2,2.6237759050650666,0.15137506255970012,5.93,130.79,8
2023102909,334,0,11.860763044593718,-2.6735971176081947,3.57,154.71,8
2023102909,425,1,1.246154083570725,5.853753669991332,6.3,219.69,8
2023102909,470,1,1.2414910390333083,2.8558120499232897,5.2,217.95,8
2023102909,553,0,7.050248222580533,-4.735499920631007,4.65,334.21,8
2023102909,667,1,0.7553806987208503,-2.8192176456736737,4.4,139.08,8
2023102909,690,1,1.3322537295875716,3.204174194053745,4.57,24.37,8
2023102909,831,0,3.390943821416099,-2.8690673761696006,4.23,235.52,8
2023102909,895,0,6.561562313961519,-1.0005322305488973,5.08,160.84,8
2023102909,958,1,1.5164761785138505,5.216811407497486,9.23,67.5,8
2023102909,983,1,1.241974234837427,-0.8366394792331475,4.76,135.51,8
2023102909,1087,1,1.570986950932438,0.08098808343193697,6.17,280.14,8
2023102909,1110,1,0.7000714249274914,1.2271476947423916,1.59,168.68,8
2023102909,1133,0,4.583939353874572,1.3556578468157046,7.76,245.12,8
2023102909,1280,1,1.8245273360517282,1.1998369886860494,6.01,176.64,8
2023102909,1332,0,5.214786668695091,-0.5486531120183882,6.8,2.72,8
2023102909,1410,1,0.984885780179611,2.0157947766905178,8.05,298.59,8
2023102909,1689,0,6.87104795500657,5.7388424369415025,6.24,171.0,8
2023102909,1725,2,0.725603197346868,-0.3923998652002818,0.22,351.05,8
2023102909,1817,1,2.241093483101496,2.7581307817379495,3.33,248.4,8
2023102909,1906,0,4.574581948112851,0.015786501134536834,4.7,306.47,8
2023102909,2071,0,5.1451336231433284,3.730862042784347,6.27,231.42,8
2023102909,2118,1,2.192464366871211,-2.121967840654351,4.47,219.56,8
2023102909,2148,0,3.975034591044459,-4.701103131260563,6.65,258.66,8
2023102909,2200,0,6.395600050034401,-4.36326240680976,3.4,194.19,8
2023102909,2225,0,3.2966194806195004,-3.2583424556281555,6.41,246.75,8
2023102909,2344,0,6.737358532837628,3.2378688241781344,7.92,149.65,8
2023102909,2513,1,1.686712779343302,-1.305354303797644,5.01,229.02,8
2023102909,2565,0,6.033274401185481,1.5980484771109298,5.46,282.9,8
2023102909,2590,1,2.3055585006674617,6.0755877355658185,7.36,214.22,8
2023102909,2637,1,2.0630317496345034,-2.934555794042065,5.45,249.62,8
2023102909,2743,1,2.553135327396493,3.451407922159351,7.79,44.58,8
2023102909,2766,0,5.954636848708743,-2.663582977737184,6.65,33.87,8
2023102909,2952,1,0.7049113419430827,-1.1160003207666056,5.36,313.08,8
2023102909,3040,0,8.826692472268423,1.1798981954159136,2.66,348.65,8
2023102909,3065,1,2.1424518664371424,-2.14911999214409,4.91,159.25,8
2023102909,3149,1,1.5239750654128184,3.325435387206177,7.83,261.92,8
2023102909,3270,0,3.8484932116349126,-1.6711211471740492,1.5,145.42,8
2023102909,3385,0,4.904171693568651,-0.5764596982685763,6.08,27.79,8
2023102909,3435,0,4.713767071037774,-2.628148677729114,0.95,231.41,8
2023102909,3518,0,9.061925843881092,-2.772877998694097,3.59,332.82,8
2023102909,3570,0,4.8875044757012756,-1.4544818478782853,1.05,281.06,8
2023102909,3619,1,2.6891076586853067,1.8671239914147366,5.95,224.1,8
2023102909,3903,0,5.062351232382038,-0.734894565807373,8.34,189.94,8
2023102909,3928,0,4.869537965762253,-2.4263171297196933,5.88,234.99,8
2023102909,3971,1,2.930017064796721,-5.112104797050713,6.14,351.96,8
2023102909,4101,1,1.167090399240779,3.4731631620806045,3.36,93.57,8
2023102909,4124,1,0.5502726596879071,-1.5503798528585615,3.04,100.61,8
2023102909,4174,1,2.589401475244808,7.2329389965107795,7.61,358.01,8
2023102910,165,1,2.536395079635664,0.6802948204848391,3.72,307.99,8
2023102910,239,0,10.103034197705162,1.2826930067264277,5.18,193.83,8
2023102910,518,0,4.924408593932884,-0.9071618600244612,5.15,152.72,8
2023102910,543,0,3.3602976058676695,5.604812427681425,7.52,16.32,8
2023102910,568,0,3.0201986689620277,0.38598642616828305,6.54,138.91,8
2023102910,591,0,3.7455039714302836,-7.092299909227949,7.26,16.19,8
2023102910,638,1,1.8725650856512275,5.630410548897875,8.12,79.15,8
2023102910,751,0,3.568809325251206,-3.081785439276877,3.46,48.31,8
2023102910,815,0,3.5455888086466043,6.669855019787984,6.96,348.03,8
2023102910,1021,2,2.752035610234718,-4.1815273896807,4.5,336.06,8
2023102910,1046,0,10.260121831635338,-0.32516770969599335,6.5,202.32,8
2023102910,1087,0,3.0232432915661933,3.7265318292219014,5.35,217.04,8
2023102910,1234,1,1.7907540311276713,0.5767895829283587,3.9,40.39,8
2023102910,1259,0,3.3373043013785786,-1.7090195551206633,1.0,57.54,8
2023102910,1428,2,1.1901260437449457,0.9651193761573538,6.22,207.99,8
2023102910,1562,0,5.988271870915682,1.1025024982935538,7.28,20.98,8
2023102910,1613,0,4.983623179976596,-1.9373558305875338,6.41,314.27,8
2023102910,1645,1,1.3588230201170386,-2.1702087963998915,7.0,289.88,8
2023102910,1724,1,1.9684765683136798,4.408975713096671,8.7,164.8,8
2023102910,1776,0,5.0712621703082945,-2.1638686196500334,7.09,172.47,8
2023102910,1823,0,3.4038360712584232,2.6240743152588033,5.09,143.4,8
2023102910,1857,1,2.893890115398302,4.505790360988715,7.59,7.62,8
2023102910,1880,0,6.092372280154918,-2.3895497151234215,6.6,335.25,8
2023102910,1932,0,3.72486241356644,5.164036763733083,6.07,207.42,8
2023102910,2216,1,2.370337528707672,2.828337868200859,8.17,137.96,8
2023102910,2321,1,0.908019823572145,3.6564544610598966,6.97,229.42,8
2023102910,2451,0,3.982222997271751,-2.9575231468095438,1.3,88.5,8
2023102910,2524,1,1.9479476378999505,3.9835721563243784,6.97,129.83,8
2023102910,2621,0,5.442949568019166,-0.572665492736653,1.44,328.11,8
2023102910,2690,1,2.143105223734947,7.4992614694602135,8.02,185.26,8
2023102910,2829,1,2.3624140195994414,3.896966909123545,8.83,193.14,8
2023102910,2861,0,6.936202130849416,-1.9907945283930535,5.55,116.9,8
2023102910,3029,0,17.65321500463867,-2.7072828537319293,4.94,26.08,8
2023102910,3268,1,1.7511139311878057,-1.4110587709842317,4.45,211.41,8
2023102910,3336,1,2.379012400135822,2.105131250423199,5.26,20.79,8
2023102910,3366,0,5.039017761429303,-2.657958965286904,5.61,13.99,8
2023102910,3418,0,5.238415791057443,-1.4468997687186749,6.25,12.93,8
2023102910,3478,0,4.122377954530613,-2.744842505091177,6.27,132.35,8
2023102910,3503,1,1.3096946208945102,-0.7974240586347654,6.71,57.35,8
2023102910,3549,1,1.5868522300453778,3.2778466910141097,7.32,125.95,8
2023102910,3925,1,2.518114373891703,0.1756874015304638,5.39,126.14,8
2023102910,3950,0,11.11097655474081,1.730155799103032,5.54,35.42,8
2023102910,3975,0,5.937558420765223,1.2134946392901869,3.37,110.29,8
2023102910,4040,0,3.098983704377934,0.20866449967303868,3.03,99.74,8
2023102910,4099,0,6.407651675926212,-1.6820807421975217,4.69,135.26,8
2023102910,4134,1,0.484148737476405,1.6259714360863748,5.73,161.29,8
2023102910,4157,1,2.4549134404292223,1.9338895953221185,4.44,177.82,8
2023102910,4221,1,1.9233304448274127,0.9189699307466782,1.94,149.49,8
2023102910,4256,1,0.7782673062643686,0.856408844376797,6.52,22.3,8
2023102910,4368,0,4.210890642132607,1.5527877554896226,8.9,359.78,8
2023102910,4421,1,1.6114899937635323,4.011406773507314,6.96,114.22,8
2023102911,77,0,9.024660658440295,3.310453038471677,3.51,24.99,8
2023102911,500,0,6.135698819205518,3.4980488439716204,8.35,115.52,8
2023102911,604,1,1.9936148073286337,-0.8413537336418275,0.63,1.77,8
2023102911,651,0,3.9301017798525275,-2.2219177710810385,6.02,133.66,8
2023102911,889,0,5.661960791104089,-0.24993290082111436,4.93,76.45,8
2023102911,938,0,7.885207670061708,2.8657578144092253,6.15,356.93,8
2023102911,973,0,5.18298176728415,-2.6392938720059123,5.79,341.81,8
2023102911,1034,0,8.840955830678034,-3.3413281149929484,4.38,245.57,8
2023102911,1082,0,3.6897831914626114,-5.84335051579582,8.82,121.07,8
2023102911,1144,2,1.7632356620712948,8.400852427276806,9.17,34.39,8
2023102911,1265,0,5.4488530903301085,5.360302168896755,3.61,166.58,8
2023102911,1317,1,1.8772320048411655,2.2922184594023953,6.61,256.03,8
2023102911,1344,0,4.912758899030153,8.110852901670519,8.14,40.97,8
2023102911,1449,0,9.07463497888483,1.3747280123379748,6.06,6.4,8
2023102911,1655,1,1.7949373248110878,4.626519429743986,8.98,77.16,8
2023102911,1678,1,1.294488315899376,-0.50091054861189,4.08,135.08,8
2023102911,1801,1,2.141611542740658,-4.276649653304137,5.94,297.78,8
2023102911,1883,1,2.527943828489866,-1.3549746297223102,2.21,352.74,8
2023102911,1942,1,1.5232859219463688,3.506754949157066,5.18,354.17,8
2023102911,2088,0,7.549788076495918,-0.08317005911195359,5.21,24.05,8
2023102911,2123,0,7.991601841933813,0.7432235384672183,3.6,73.45,8
2023102911,2185,0,11.452567397749736,-1.0642541011092979,4.06,321.59,8
2023102911,2291,0,12.63587353529624,-1.6129285731649876,6.82,181.37,8
2023102911,2321,1,1.8258422713914793,1.7109645700834184,7.66,248.09,8
2023102911,2745,0,4.172792829748442,0.25316946213764335,6.52,37.74,8
2023102911,2780,0,5.233096597617892,2.2302143242444172,5.06,356.47,8
2023102911,2851,0,10.233889778573934,2.6964497983924365,6.1,162.54,8
2023102911,2881,1,1.3888484438555542,-3.99358137585175,7.92,66.73,8
2023102911,3378,0,6.499799996922989,4.826379130929722,8.1,357.6,8
2023102911,3453,0,5.764616205785089,-0.397157935247181,4.97,224.63,8
2023102911,3476,1,1.9890952717253152,-2.7530807321589057,2.39,269.43,8
2023102911,3518,1,2.660469883310088,4.880980832237632,4.66,356.53,8
2023102911,3543,0,4.818142795725344,0.311067169169696,6.18,189.92,8
2023102911,3590,0,5.6592667369545335,3.339127975558535,6.11,204.59,8
2023102911,3613,0,5.34910272849569,4.640528134875054,6.98,347.61,8
2023102911,3643,1,1.9572429588581968,-2.895338995060229,4.58,290.1,8
2023102911,3666,1,1.572927207470201,4.825207848412022,4.1,158.68,8
2023102911,3714,0,5.490036429751627,0.003138844343220093,8.79,229.78,8
2023102911,3916,1,1.8385320231097477,-1.6776406265876573,6.32,274.89,8
2023102912,147,0,5.030357840154117,-0.40518922016503933,3.52,335.0,8
2023102912,189,1,2.498159322381186,-2.602088682517874,3.85,277.28,8
2023102912,218,0,4.943531126634088,-5.158488155915871,4.16,356.04,8
2023102912,243,1,1.8681541692269377,0.08853154345536529,4.58,204.97,8
2023102912,266,1,1.028834291807969,4.34705644895497,5.99,342.5,8
2023102912,365,0,3.049016234787867,-1.3668649581410175,6.61,246.0,8
2023102912,412,0,7.428303978702003,3.4246218803102058,4.66,193.45,8
2023102912,437,1,0.968762096698669,1.7328509647904038,6.1,324.05,8
2023102912,501,0,4.774484265342174,-4.739338409525585,5.14,76.75,8
2023102912,609,0,5.087710683598271,-0.03167489843064397,6.73,148.18,8
2023102912,639,0,5.522934002864784,0.793542073931953,4.61,19.7,8
2023102912,823,0,4.4994444101466575,1.1459853531992736,6.08,296.26,8
2023102912,875,1,0.7144928271158508,0.124740500753281,0.91,25.37,8
2023102912,1022,0,3.424733566279282,0.32742429902769205,6.0,307.01,8
2023102912,1236,0,8.915654771243677,-1.6256176483731009,5.65,38.39,8
2023102912,1355,0,4.790918492314393,4.735564745485322,7.01,301.51,8
2023102912,1501,0,6.838318506767582,3.945644679578443,3.0,259.22,8
2023102912,1613,0,3.373336627139364,2.7099709207317155,6.31,28.05,8
2023102912,1650,1,1.7297687706742768,-4.198092941018307,3.54,99.25,8
2023102912,1675,1,2.573285837212811,-4.72760962893628,6.1,115.5,8
2023102912,1727,1,1.0413932974625864,2.3387157960701157,6.03,105.17,8
2023102912,1752,0,4.041546733615738,-4.598705045295436,5.96,20.97,8
2023102912,1784,1,1.5778466338652815,0.8561888382906465,4.82,37.73,8
2023102912,1869,0,4.219964454826604,2.773665692755509,8.12,269.72,8
2023102912,1894,0,3.257376244771242,1.0200547144808048,8.67,222.56,8
2023102912,2005,1,0.8376156636548837,-0.4099717758282657,7.33,297.83,8
2023102912,2271,1,1.5405193929321361,-0.5271026259462244,7.62,93.55,8
2023102912,2296,1,1.0778682665335313,4.130734676157961,6.64,63.46,8
2023102912,2341,1,0.8914033879226579,-1.6500143959999805,5.53,50.62,8
2023102912,2480,1,2.630532265531062,-5.174170031229671,5.25,38.41,8
2023102912,2517,0,4.172217635742411,4.644554970283242,6.67,0.21,8
2023102912,2542,0,10.691538710587915,-0.6588578790869759,5.06,178.67,8
2023102912,2741,1,2.631368465266692,3.322319142641097,8.62,242.72,8
2023102912,2837,0,3.963760840414052,-0.8130893093400975,4.86,56.29,8
2023102912,2954,0,3.247352768025057,0.9588978594016744,5.84,305.81,8
2023102912,2988,2,1.7202906731131224,5.554455605256811,7.43,126.04,8
2023102912,3052,1,0.6140032573203522,-0.8188182709290968,3.08,236.27,8
2023102912,3099,0,6.352456217873527,-4.5769110956205,6.66,241.65,8
2023102912,3124,0,3.8260292732805934,2.5773350134719126,2.08,222.13,8
2023102912,3172,1,2.4872675770813206,3.916299159785787,7.36,224.52,8
2023102912,3219,1,2.229102958591191,-0.046003560996788706,2.35,358.64,8
2023102912,3267,0,3.67375829362793,1.6683914033190463,4.71,208.13,8
2023102912,3368,1,2.1251117617668953,1.2593114042745959,5.59,26.55,8
2023102912,3625,0,5.31400037636431,-0.858848129383637,3.87,312.31,8
2023102912,3650,0,5.412476327892802,1.7266954144715811,6.69,193.38,8
2023102912,3675,1,2.985297305127244,-2.838395393029599,5.6,234.33,8
2023102913,62,1,1.2200409829181973,-0.43545660413803433,9.13,277.37,8
2023102913,222,0,3.8832975677895196,1.767599432079916,3.02,139.86,8
2023102913,247,0,3.3630938137375828,-0.31235224273942896,5.61,50.13,8
2023102913,294,0,6.9222106295604755,-1.2154560885004173,6.1,127.13,8
2023102913,324,0,9.3470102171764,2.8497698519034267,1.89,81.29,8
2023102913,482,0,4.919349550499541,1.102954845078107,2.98,276.02,8
2023102913,542,0,11.923665543783091,-0.7982638938792836,2.33,292.26,8
2023102913,588,1,1.7488853593074662,6.150443025123238,7.2,189.59,8
2023102913,655,1,2.705420484878452,-1.7975888770434008,6.62,142.57,8
2023102913,736,1,1.5073486657041217,-1.9228864261588174,3.46,55.03,8
2023102913,793,0,3.104094070739474,-1.8023826286329294,5.39,57.59,8
2023102913,879,0,3.813790765104975,7.013244133553916,8.14,2.04,8
2023102913,950,0,9.932154851793237,-1.4472062844906686,2.96,6.82,8
2023102913,975,0,5.85246956420962,-4.156717437878728,4.82,208.03,8
2023102913,1120,0,6.143175074828975,1.2772458543086214,6.96,74.94,8
2023102913,1152,0,11.122526691359294,-1.3914249572683863,0.99,345.0,8
2023102913,1184,0,13.960465608281117,-4.88465039122063,2.3,288.91,8
2023102913,1231,0,3.772015376426768,0.036636041031749,3.57,294.69,8
2023102913,1342,1,2.254706189284982,2.459561608571848,4.43,288.74,8
2023102913,1453,1,0.6824221567329091,4.853416776509873,7.78,10.53,8
2023102913,1544,1,1.8885444130334903,2.9781506283183656,9.29,65.36,8
2023102913,1581,1,2.4164643593481783,4.1935820506199235,6.81,149.3,8
2023102913,1642,0,4.646912953779101,1.5699646692286973,3.13,127.61,8
2023102913,1689,0,7.305258380098542,0.9899909356209968,1.74,151.36,8
2023102913,1714,1,2.3216588896735044,6.450798350945767,7.25,8.96,8
2023102913,1862,1,1.3209844813622853,-1.1930059037330498,5.87,278.25,8
2023102913,1887,0,7.988116173416598,-1.809906688420818,7.24,179.87,8
2023102913,1975,0,5.173026193631729,-3.0339043215638952,2.6,281.09,8
2023102913,2037,0,4.013601873629224,1.8982035159045398,6.99,353.87,8
2023102913,2085,0,4.57507376989705,-0.5749098739290059,2.11,223.46,8
2023102913,2236,1,1.6413713778423205,1.5064690182131717,4.28,38.09,8
2023102913,2261,0,11.072131682742935,0.17447360333721773,5.47,21.15,8
2023102913,2415,1,0.9741663102366086,2.8503876151442995,5.61,151.68,8
2023102913,2540,0,3.9607322555305293,-1.5277323230145907,3.86,105.77,8
2023102913,2630,0,7.640026177965628,2.1841390620947934,4.56,254.3,8
2023102913,2655,0,3.018029158242178,2.8007213765056393,6.61,321.58,8
2023102913,2733,1,1.9654261624390752,3.236409122972397,8.03,75.66,8
2023102913,2756,0,4.76353860066233,-4.855859077561265,4.67,69.48,8
2023102913,2863,0,3.261671350703504,-4.569155080703018,4.62,280.74,8
2023102913,2895,0,9.843154982016687,0.3340735876665043,4.05,282.53,8
2023102913,2964,0,10.60039621900993,-1.6520672635406015,6.94,181.89,8
2023102913,3046,0,4.88992842483405,-2.6170655116642094,3.59,271.76,8
2023102913,3093,0,5.420230622399747,-0.2837199468532021,6.65,281.42,8
2023102913,3145,0,11.963983450339605,-0.4798015782420141,2.5,322.43,8
2023102913,3227,0,4.85173164962778,-0.7755880412108921,4.57,99.68,8
2023102913,3421,0,5.811239110551204,0.4722256978609798,7.38,300.62,8
2023102913,3451,0,4.541563607393381,-2.3396075456069196,5.01,306.71,8
2023102913,3553,1,1.0119288512538822,6.845292223554814,8.47,98.23,8
2023102913,3576,0,6.379631650808694,-2.723334268057198,4.74,28.77,8
2023102913,3623,0,12.522096469840825,-1.7009684152934579,4.01,150.89,8
2023102913,3648,0,3.2582971012478272,-4.655099392026787,6.4,170.37,8
2023102913,3673,0,16.036561352110372,-0.15750967014907225,3.94,10.09,8
2023102913,3720,0,5.51837838499681,-0.06299845799226875,6.14,49.5,8
2023102913,3743,1,2.7785607785326643,0.6612638741185443,5.86,120.33,8
2023102913,3849,1,1.181397477566294,1.0200342129505118,8.09,292.21,8
2023102913,3937,0,11.056229013547068,0.8441699775777398,3.51,67.65,8
2023102913,3969,0,13.236196583611179,-0.8639459286076668,5.74,18.58,8
2023102913,4019,0,3.1128443584606087,1.1038591681546728,6.99,69.96,8
2023102913,4044,0,11.055754157903483,0.15902163313651507,5.79,163.82,8
2023103000,109,0,6.894903915211581,-1.5262438367241913,7.78,338.98,8
2023103000,213,0,6.202233468678847,0.5168698300168975,2.96,268.13,8
2023103000,238,0,6.25096792504969,-1.5287820884960854,5.08,255.36,8
2023103000,358,1,1.1669190203266075,4.0911595728464665,7.16,275.14,8
2023103000,424,0,9.423131114443859,4.258758811569427,2.28,113.83,8
2023103000,465,0,8.491230770624478,3.5068900078427934,2.3,14.83,8
2023103000,586,1,2.992924990707257,2.1823214932597486,2.61,180.76,8
2023103000,627,1,1.9077997798511235,-2.545435688559473,6.96,108.74,8
2023103000,654,0,6.8291434309143,1.6784021924993797,5.57,188.85,8
2023103000,829,1,0.7424284477308182,1.9782361016036152,4.68,139.84,8
2023103000,888,0,4.72123924409683,-0.17187288053531305,4.56,320.47,8
2023103000,957,0,8.91687164873421,5.604515818908054,9.61,319.24,8
2023103000,980,0,6.5968780495019015,-6.877779799372907,8.29,356.58,8
2023103000,1244,1,1.218400590938781,-0.5612311954708968,3.56,322.73,8
2023103000,1287,0,5.326584271369409,1.7576853197926245,8.51,43.35,8
2023103000,1357,0,4.085927067386297,0.011556361682232591,8.2,167.84,8
2023103000,1398,1,2.744886154287639,-0.5789438535584112,5.9,132.15,8
2023103000,1511,0,9.229414932702939,-0.14687448814107418,7.2,346.24,8
2023103000,1829,0,4.485398533017998,1.2648391021786112,7.53,75.03,8
2023103000,1949,0,6.418917354196117,4.538226332371204,0.4,66.5,8
2023103000,2003,0,11.901768776110549,-2.2312248678474047,5.78,175.03,8
2023103000,2038,0,6.376597838973381,0.7977427147297338,3.71,156.0,8
2023103000,2070,1,2.32165888967351,2.03783981408718,6.38,66.88,8
2023103000,2202,0,5.346821485705322,-0.17723983509250485,3.75,261.2,8
2023103000,2249,1,1.3699999999999972,-1.2214625153067173,5.36,355.01,8
2023103000,2388,0,5.617944463947652,3.750810081269202,6.02,165.26,8
2023103000,2454,0,7.760103092098711,-1.7761634512336184,7.03,17.37,8
2023103000,2506,1,1.0897706180660214,3.4202747231651207,5.11,3.8,8
2023103000,2551,1,1.8757931655702327,3.352193130546118,6.41,55.31,8
2023103000,2642,0,11.793430374577195,-1.8620926740862542,6.96,164.1,8
2023103000,2867,0,3.3407334524023304,1.4704298591943887,4.85,314.46,8
2023103000,3036,1,2.4613004692641622,0.32328306039001564,7.25,218.41,8
2023103000,3085,1,1.0435516278555665,-1.082477856689881,7.11,277.11,8
2023103000,3212,0,3.7535316703073125,3.979716556773158,8.13,190.3,8
2023103000,3447,0,3.825075162660207,5.33952110791449,7.82,351.58,8
2023103000,3536,1,0.7106335201775944,-1.7631640927616579,7.69,65.85,8
2023103000,3593,0,10.136809162650742,-2.5612151534089485,1.55,346.58,8
2023103000,3835,0,8.922135394623869,0.9928505111972168,5.36,340.73,8
2023103000,3886,1,2.646979410573493,-2.684117025094032,7.03,99.23,8
2023103000,3927,0,5.474166603237422,2.168783798720307,4.23,32.24,8
2023103000,3950,1,2.41008298612309,-5.628583283973997,5.83,91.52,8
2023103000,3993,0,12.481991027075773,-1.6385332458807986,3.4,54.04,8
2023103000,4091,0,6.695140028408667,0.7384797650555667,7.43,189.14,8
2023110200,108,0,7.149272690281159,0.8755678975282355,7.78,170.29,9
2023110200,180,0,6.176617197139544,3.3450139860954002,7.47,155.68,9
2023110200,262,0,5.443252704036444,-3.3353057767480223,4.65,60.0,9
2023110200,285,0,8.70117808115659,-1.135598901898414,6.53,181.36,9
2023110200,315,0,3.7229289544658246,-3.117747917189349,7.09,103.57,9
2023110200,446,0,7.782608817099823,-0.2671452667966195,4.51,261.6,9
2023110200,539,1,1.8867962264113223,4.606881161126891,8.54,214.41,9
2023110200,932,1,1.8278402556022222,6.438622431011307,8.27,178.65,9
2023110200,1063,1,1.3182184947875626,1.4620892678103563,5.87,304.35,9
2023110200,1122,0,5.732451482568346,-0.2216690601407404,3.64,205.72,9
2023110200,1258,1,1.2203687967167947,-0.8111214088703846,5.37,327.51,9
2023110200,1281,1,2.392007525071774,-3.3869803792129805,9.09,272.57,9
2023110200,1330,1,2.356374333589641,-4.773388635803518,1.88,87.73,9
2023110200,1407,0,3.5924643352439833,4.733612666132493,7.73,143.91,9
2023110200,1491,0,9.055252619336464,0.6367343727361121,6.86,25.7,9
2023110200,1846,0,3.6402747149082026,0.4286665964203924,4.37,326.02,9
2023110200,1902,1,1.5254179755070412,-1.6767600271195824,5.07,248.07,9
2023110200,1993,0,6.5348297605982015,1.960136859873195,5.98,167.09,9
2023110200,2018,0,4.320474510976779,1.6306246328851848,7.81,93.05,9
2023110200,2050,1,1.8977091452590946,4.6533952767071325,6.44,133.4,9
2023110200,2087,1,0.7071067811865476,-1.4258891514115608,5.97,61.24,9
2023110200,2110,0,3.479080338250328,4.3529736242765,6.81,123.96,9
2023110200,2240,1,2.597248544132806,1.6598339486230307,3.39,335.47,9
2023110200,2263,1,1.2414910390333083,4.542537378687999,6.26,223.28,9
2023110200,2403,1,2.0208166665979403,2.7350626903723403,7.59,156.91,9
2023110200,2433,0,16.26192178065065,-0.7049261145580458,3.79,145.03,9
2023110200,2546,1,2.555660384323393,2.879357378413046,4.74,163.22,9
2023110200,2571,0,13.529737617559325,-2.814559247301204,5.4,13.69,9
2023110200,2677,1,1.301729618622853,-1.3715129574459193,7.33,138.74,9
2023110200,2782,0,6.140374581407881,-2.955410898225548,7.46,250.03,9
2023110200,2937,0,6.965091528472545,1.5625400113552517,5.4,330.3,9
2023110200,3030,0,8.451159683735717,2.450361395202252,6.71,160.81,9
2023110200,3097,0,4.151445531378199,3.711305405524255,3.92,230.27,9
2023110200,3217,0,4.453818586336897,1.1521170568158023,9.58,26.28,9
2023110200,3346,0,8.765021391873493,3.8852767483556545,5.0,33.0,9
2023110200,3440,0,5.036238675837353,-0.25985549821318377,2.75,297.11,9
2023110200,3509,0,5.440634154214017,-1.7485181255179465,5.45,210.35,9
2023110200,3554,1,1.9276151068094445,1.9751012824396683,7.35,293.34,9
2023110200,3727,2,2.278464395157407,-3.3720692388569167,6.52,341.36,9
2023110200,4038,1,1.3373481222180006,1.760688205094505,7.2,65.28,9
2023110200,4061,1,2.994828876580432,-1.5800773990911883,4.1,96.41,9
2023110200,4106,0,11.325568418406199,-5.416284174185809,6.28,174.9,9
2023110200,4138,0,4.820373429517675,-1.726819394916397,5.72,137.87,9
2023110200,4234,0,3.9513541982464684,2.8483875898078477,5.45,111.34,9
2023110200,4282,0,6.647977135941432,-5.247477939819666,7.04,152.8,9
2023110200,4312,1,1.20602653370479,3.536054961773986,7.38,77.07,9
2023110200,4335,0,4.258192104637838,-5.390091606712333,6.11,168.37,9
2023110200,4365,0,3.8738224017112635,-1.434264559824127,7.62,82.58,9
2023110500,55,0,6.613297210922853,-5.235114931009339,7.84,61.37,9
2023110500,80,0,5.613448138176743,2.45358828580841,4.69,39.89,9
2023110500,127,0,4.9325956655700045,3.9096042242056877,7.92,169.84,9
2023110500,157,0,3.159050490258112,3.3156914180480226,7.62,123.61,9
2023110500,187,1,2.5223203603031874,-1.0965675241728017,7.77,121.39,9
2023110500,314,0,3.4688326566728485,4.190703881003679,5.81,265.43,9
2023110500,723,1,1.9378596440402993,4.417993107499413,6.49,318.63,9
2023110500,748,0,3.608434563630051,2.708894810381599,6.28,276.76,9
2023110500,879,1,1.3380956617521764,3.5283055028479513,8.52,3.62,9
2023110500,978,2,1.8742731924668865,3.710144226767813,8.71,99.44,9
2023110500,1102,0,3.560126402250346,4.441863282498103,8.38,109.06,9
2023110500,1125,0,7.039275530905154,-2.838622334051106,3.76,84.81,9
2023110500,1212,1,0.6030754513325851,-2.2956105828052396,2.51,304.62,9
2023110500,1235,0,8.700643654351094,-2.7947983630434434,6.55,196.8,9
2023110500,1313,1,2.0836986346398567,3.413568721359203,8.92,76.71,9
2023110500,1370,0,3.2393826572357893,-1.1162850762868333,5.99,156.83,9
2023110500,1477,1,2.080384579831335,3.4351158133911657,5.61,211.79,9
2023110500,1631,0,4.967514469027744,1.0768997656716426,5.64,211.05,9
2023110500,1656,0,3.8622920656004256,2.14100431716753,4.25,203.55,9
2023110500,1743,0,5.202018838874002,1.3228922156718923,6.04,228.23,9
2023110500,1817,0,6.020132888898717,-1.8894392859415439,6.61,350.43,9
2023110500,1907,2,1.6395731151735806,1.4464362693169586,6.25,116.74,9
2023110500,1932,1,1.5743570116082262,2.635549887107705,5.86,103.69,9
2023110500,1964,1,2.030369424513678,2.82576770669666,7.47,167.86,9
2023110500,2075,0,4.601086828130942,1.2018543577735012,4.79,87.1,9
2023110500,2100,0,4.099560952102068,3.6167540160198146,7.66,124.67,9
2023110500,2130,1,2.2730816087417556,2.0000842031561916,7.62,1.8,9
2023110500,2313,1,1.0782393055347141,1.3210139319965797,6.85,304.98,9
2023110500,2418,0,7.35258457958832,0.09343605035942862,0.94,335.25,9
2023110500,2465,0,8.31086638082938,0.8218123372368198,2.15,96.51,9
2023110500,2566,0,10.589362587049326,-4.068447468784359,6.44,202.15,9
2023110500,2598,0,7.690058517332621,-0.15998883200612535,6.71,345.55,9
2023110500,2645,3,0.791770168672704,2.174030513032628,8.43,350.38,9
2023110500,2692,0,3.7959188610927925,-4.480693870270305,1.31,307.27,9
2023110500,2783,1,0.790253124005216,4.29171221245572,7.8,272.26,9
2023110500,2855,0,6.954142650248119,-2.1853553681718547,4.01,102.53,9
2023110500,2905,0,6.392808459511357,2.2827748460564945,4.09,208.99,9
2023110500,3092,1,2.7513814711886093,1.229927047449768,7.37,281.14,9
2023110500,3115,0,10.201004852464285,0.3790590911459541,5.39,335.78,9
2023110500,3404,1,1.1278741064498288,7.803884906935604,8.61,244.59,9
2023110500,3536,1,2.1965882636488807,5.01998875310386,3.74,177.54,9
2023110500,3564,0,4.557060456039616,0.9174788463631066,6.49,117.66,9
2023110500,3596,1,2.7806474066303277,-2.686809796920916,5.83,89.73,9
2023110500,3665,1,1.3897481786280579,1.3507390692623766,5.7,143.59,9
2023110500,3929,0,12.40719549293876,3.6759500751974374,4.11,140.12,9
2023110500,3952,1,0.9192388155425071,4.900468084730418,6.45,106.81,9
2023110500,3975,1,2.035927307150228,-1.644553966590506,7.01,83.64,9
2023110501,102,0,5.022071285834167,1.2046315854731007,5.46,313.29,9
2023110501,127,0,11.591207874936934,1.5287966239858206,5.1,340.6,9
2023110501,174,0,11.866465354097667,1.1908198144437157,5.39,195.57,9
2023110501,338,0,4.901683384307882,0.3425922998612789,8.58,251.22,9
2023110501,414,0,5.384876971667974,-0.036323784899770395,5.37,305.72,9
2023110501,480,0,6.997713912414537,1.8219824445539445,7.33,16.19,9
2023110501,556,1,1.4434680460612954,-0.9767179561402324,7.17,120.07,9
2023110501,581,0,4.585204466542364,0.836454751675971,5.7,19.21,9
2023110501,611,0,3.0377952531400134,6.270556556823223,6.46,159.34,9
2023110501,746,1,2.4047661008921453,6.807164118331087,9.13,358.2,9
2023110501,776,1,2.2536414976655013,3.398067120244593,4.61,21.84,9
2023110501,857,0,3.8059164467970095,-1.986444846469026,3.94,269.5,9
2023110501,882,1,1.4466858677681205,1.0759726691270983,6.65,283.79,9
2023110501,1003,1,0.8672946442818641,0.8040927241482181,4.01,341.58,9
2023110501,1101,1,1.5134728276384726,4.347167379315549,8.77,26.31,9
2023110501,1125,1,2.109502310972896,-0.758358786379792,2.98,134.93,9
2023110501,1210,0,3.6188395930187336,1.3422104306802334,3.8,84.09,9
2023110501,1290,1,2.2751703232945024,-0.6091445532747,5.6,53.52,9
2023110501,1646,0,3.783437590340295,0.5844337018561849,1.09,244.57,9
2023110501,1739,1,0.8509406559801926,7.917290093674401,8.75,189.9,9
2023110501,1784,0,5.413806424319217,-0.8183917903977477,7.78,239.54,9
2023110501,1932,0,4.019266102163431,7.863573417184758,9.18,343.83,9
2023110501,2076,0,4.315669125408016,-1.0639398253356322,1.43,139.77,9
2023110501,2124,0,5.907977657371429,-2.052628942834718,5.76,23.78,9
2023110501,2147,0,3.1715768948584566,2.7327254345910745,5.71,64.03,9
2023110501,2264,0,5.062973434652809,0.7353656430984583,7.66,350.24,9
2023110501,2403,0,3.5322089405922736,-5.503182819256411,8.45,96.14,9
2023110501,2530,1,1.1994165248152955,4.422166752996983,6.56,211.13,9
2023110501,2658,1,1.3908630414242842,-0.3145893040807213,6.89,244.98,9
2023110501,2724,1,1.110180165558726,1.6547841184156526,8.07,46.56,9
2023110501,2770,0,3.627630080369277,3.7805619316626142,3.19,21.13,9
2023110501,2936,0,6.027545105596475,-2.014652840291264,4.47,201.28,9
2023110501,3055,1,0.4669047011971436,3.8535553091643373,5.07,191.71,9
2023110501,3078,0,6.30800285351869,3.9805067349926064,6.81,334.45,9
2023110501,3199,1,2.512866888635374,-5.011498613810903,7.29,76.71,9
2023110501,3231,0,10.41887709880484,0.677736588954402,3.58,226.82,9
2023110501,3256,0,5.609037350562039,3.324249749040772,5.86,197.3,9
2023110501,3425,0,5.853554475701068,3.9769690450466597,1.12,346.91,9
2023110501,3448,0,4.271299568047178,-0.2405493912279586,7.43,246.99,9
2023110501,3495,1,1.9536888186197878,-0.07362804848005111,6.05,244.49,9
2023110501,3518,1,1.2376186811776881,4.966565593563944,5.58,181.25,9
2023110501,3613,1,1.2080562900792313,-1.8725224520880517,3.43,34.8,9
2023110501,3638,0,5.690035149276321,4.248925483847959,6.11,157.04,9
2023110501,3712,0,7.862277023865289,2.072731966355004,7.76,169.51,9
2023110501,3742,1,1.1628413477340824,2.0787321865160093,5.56,38.02,9
2023110501,3784,0,9.952110328970424,-2.936452429862169,7.91,302.68,9
2023110501,4181,0,6.330031595497768,-1.9076130161649767,4.87,160.6,9
2023110501,4213,1,1.6062689687595932,3.448611067471868,5.46,159.56,9
2023110501,4238,1,2.3930106560565054,3.501892926843109,7.3,99.38,9
2023110501,4268,1,0.9800510190801283,1.9520934222746407,6.39,145.38,9
2023110501,4363,0,4.302859514323004,-0.9535797892120577,2.84,12.28,9
2023110501,4413,0,3.1900626953086624,-1.969776100885303,7.59,358.24,9
2023110501,4436,1,1.4204224723651817,0.17436569311681882,4.28,178.04,9
2023110501,4461,0,3.6859191526673474,1.0385024000099599,3.5,341.46,9
2023110501,4525,0,14.171467813885755,-2.5158019537273106,3.84,218.55,9
2023110501,4550,0,7.496966053011045,3.6941151568797155,6.43,221.61,9
2023110501,4580,0,14.273097071063447,-2.9021159223935573,5.62,211.17,9
2023110502,99,0,5.26376291259399,0.05800281286131048,6.96,135.52,9
2023110502,142,0,6.350440929573315,2.7237274008863497,6.67,340.23,9
2023110502,236,1,1.883215335536533,-0.010303151501427799,6.63,297.4,9
2023110502,314,1,1.5747063218263926,3.5301647630181723,7.45,62.76,9
2023110502,506,1,2.2515772249692,-0.8783812590656083,2.02,241.05,9
2023110502,562,0,3.984971769034254,3.0335177025796316,4.17,124.49,9
2023110502,616,0,4.191479452412954,-4.074376568910398,4.18,72.55,9
2023110502,687,2,2.1289668856043775,-1.3818277066223716,3.02,75.56,9
2023110502,790,0,3.7342335224246495,-1.5623437032764134,3.7,302.33,9
2023110502,859,0,3.4638273629036473,-0.2494185113948415,6.35,340.5,9
2023110502,889,1,0.9992497185388663,3.366136282909256,8.78,270.18,9
2023110502,912,1,2.5723335709040547,7.407077952327367,8.09,173.3,9
2023110502,1001,0,6.502499519415593,5.738032597632788,2.34,148.99,9
2023110502,1176,1,1.1161541112230013,2.0522259081746483,7.11,273.88,9
2023110502,1237,0,4.209798094920936,-1.0305882548524532,5.48,127.8,9
2023110502,1451,0,3.4687894141904883,-0.7273466673137338,2.76,34.62,9
2023110502,1598,1,2.9557401780264785,6.36370991566971,7.72,3.16,9
2023110502,1716,0,5.348167910602657,2.259526894079341,8.69,205.66,9
2023110502,1746,1,1.3761177275218888,-0.3366580606733316,3.19,279.88,9
2023110502,1807,1,2.4575801105966,-4.967952434223891,7.83,264.67,9
2023110502,1918,1,1.4840485167271313,-1.7530258192107013,4.99,125.48,9
2023110502,2141,0,4.28337483767181,-1.6771385425886873,6.1,21.5,9
2023110502,2322,1,2.08470621431414,0.4424410605162321,8.08,298.22,9
2023110502,2345,1,1.512514462740768,8.555029147167662,8.12,353.4,9
2023110502,2435,0,8.581311088639078,2.1043238106124003,5.76,164.18,9
2023110502,2482,0,11.083794476622167,1.7738338248796532,6.05,171.75,9
2023110502,2605,1,2.4829820780666116,2.395648835370389,3.54,359.79,9
2023110502,2704,0,15.80679600678139,-4.637073422148715,1.86,315.09,9
2023110502,2773,1,1.9856485086741817,1.8454817589769459,6.08,319.5,9
2023110502,2920,0,6.090730662244062,-4.13954072049611,6.67,44.35,9
2023110502,3010,0,7.968293418292277,3.9135031091084387,6.76,160.96,9
2023110502,3065,0,3.1341346493091202,0.17865033031598299,1.7,36.48,9
2023110502,3208,1,1.1646887996370507,0.668936087671165,8.44,299.36,9
2023110502,3295,0,3.23284704246891,-0.474105840085269,5.1,309.89,9
2023110502,3320,1,1.0640018796975879,4.491245763462623,6.61,265.96,9
2023110502,3343,0,7.605918747922567,0.1752108124439118,2.91,32.81,9
2023110502,3373,0,4.8608744069354435,-2.942947249343873,4.58,189.31,9
2023110502,3405,1,0.9138927727036693,5.213535073538379,8.21,325.99,9
2023110502,3507,0,4.8410949174747735,-4.1983954417024965,7.23,130.89,9
2023110502,3530,0,6.8517516008682025,-2.236998791765762,3.47,99.29,9
2023110502,3580,1,0.8836288813749833,4.639198725872461,5.9,134.18,9
2023110502,3603,1,1.0735455276792065,5.08141637715871,6.45,71.04,9
2023110502,3809,0,4.108381676524224,0.7978999443076114,2.09,107.11,9
2023110503,84,0,11.017812850107772,-4.157555562156446,5.98,182.85,9
2023110503,283,0,7.912016177941,2.123540054159124,5.11,348.86,9
2023110503,354,1,1.8804254837669045,4.343401423138877,4.2,190.69,9
2023110503,384,0,9.993968180857893,3.7400478880794523,7.03,185.23,9
2023110503,626,0,4.069643719049613,-0.08293990811653311,3.46,294.37,9
2023110503,676,0,4.396111918502528,1.5670495059238125,1.53,320.43,9
2023110503,701,0,5.022987159051872,4.535764398827412,4.31,316.74,9
2023110503,838,0,6.02515559965052,2.0539192183570862,9.09,258.75,9
2023110503,1088,0,5.145376565422585,-1.502727589112967,0.4,81.41,9
2023110503,1611,0,6.199233823626915,3.127714636524043,7.12,166.33,9
2023110503,1743,0,4.729143685700411,-1.751275507183487,2.16,303.1,9
2023110503,1839,0,5.239942747778837,1.5997702685178827,2.86,151.73,9
2023110503,1864,1,2.0172506041639964,-3.9819586586335696,8.16,77.25,9
2023110503,1931,0,3.586697645467214,1.734390193803194,2.51,140.95,9
2023110503,1976,0,9.362478304380744,-2.540302348756964,5.86,175.24,9
2023110503,2001,0,8.120006157633131,0.5209976812893794,4.3,0.18,9
2023110503,2024,2,2.7181059581995775,-1.5912251537674817,6.58,117.18,9
2023110503,2213,0,3.17907219169367,7.133916680926453,9.01,284.9,9
2023110503,2313,2,0.9626006440887129,5.864604732305557,6.38,54.56,9
2023110503,2404,0,21.170973052743708,0.9663051832202404,5.86,332.19,9
2023110503,2498,0,10.903669107231755,4.318006849705123,4.86,188.29,9
2023110503,2636,0,4.628876753598004,0.2082772577303611,3.72,312.74,9
2023110503,2809,1,0.629682459657251,-2.8624739891310167,4.96,134.46,9
2023110503,3019,0,4.637035691042278,1.6929665711983457,7.38,43.59,9
2023110503,3046,0,4.978604222068672,5.351964495158775,4.55,224.03,9
2023110503,3313,1,1.340634178290255,-2.2532915908800373,2.43,252.27,9
2023110503,3410,0,3.1580531977786594,3.652698229649899,7.03,357.14,9
2023110503,3495,2,2.2585836269662485,3.6175168185849156,8.51,82.59,9
2023110503,3828,0,4.248588000736239,1.3665148749098883,0.52,158.84,9
2023110503,3907,0,4.900255095400657,2.086239298781078,8.17,181.1,9
2023110504,101,1,0.9219544457292852,-1.3974204664707073,4.16,253.1,9
2023110504,257,0,10.813625663948239,-0.4840159936301801,6.94,182.97,9
2023110504,282,0,7.06906641643718,1.2024550323165897,8.76,188.16,9
2023110504,729,0,10.492978604762332,0.09485249063402161,3.23,122.4,9
2023110504,1020,1,1.5380832227158616,-2.0552382890547145,4.34,85.5,9
2023110504,1096,1,2.1802064122463265,7.302376873896627,8.26,188.67,9
2023110504,1141,1,1.0515227054134406,7.044053916412512,9.5,260.67,9
2023110504,1597,1,1.3182184947875681,-3.181242613183558,7.21,102.82,9
2023110504,1692,1,2.257432169523603,1.300203574198666,3.97,168.48,9
2023110504,1746,1,2.547017864091257,0.5164942576166072,3.77,22.75,9
2023110504,1788,1,1.2159358535712375,-3.838936645189409,5.83,144.44,9
2023110504,1903,0,6.400031249923712,-2.424365905377989,5.26,304.33,9
2023110504,1933,1,2.7640007235889095,3.4582037568154664,5.09,0.4,9
2023110504,2028,1,1.4803377992877216,-3.071722495374261,6.53,229.75,9
2023110504,2129,1,2.4262728618191356,-2.9169620921103943,5.03,246.18,9
2023110504,2271,0,7.151531304552894,3.255637666352041,6.27,29.76,9
2023110504,2361,0,5.589069690028927,2.0790510656872643,3.15,265.26,9
2023110504,2472,0,12.077868189378453,-1.7306374668738254,5.93,343.35,9
2023110504,2854,0,13.19488537274955,-1.7617514140663522,2.8,3.22,9
2023110504,2886,0,5.173248495867944,3.735176470666278,6.53,146.47,9
2023110504,3049,0,6.877826691622869,-2.458324871800653,7.3,195.46,9
2023110504,3079,1,1.3935924798878618,9.680105014204614,9.47,353.13,9
2023110504,3102,1,1.6818144963104604,4.337269318519482,7.22,287.71,9
2023110504,3127,0,3.549830981891951,8.031257007243735,8.76,337.93,9
2023110504,3150,0,4.192278616695221,-2.9276229362775306,5.21,268.76,9
2023110504,3173,0,11.000113635776678,0.8029379289211878,5.86,190.47,9
2023110504,3364,0,4.893260671576779,1.1779640329687378,8.34,54.2,9
2023110504,3401,0,3.200390601161055,-1.7200884184180103,5.37,225.54,9
2023110504,3596,0,3.1907522623983215,-0.4481430074827304,5.64,152.76,9
2023110504,3619,0,4.057647101461633,-0.6002598533788125,5.87,10.32,9
2023110504,3759,1,1.947331507473748,-2.505530584242928,5.69,281.07,9
2023110504,3876,1,2.1250882334623173,-2.7600821237814643,4.53,244.06,9
2023110504,3940,0,3.7541044204976557,-5.429442950024479,6.33,20.72,9
2023110504,3970,0,4.267095030579937,-1.9522400959465438,5.79,125.07,9
2023110504,3995,0,7.748864432934667,-1.743688010410417,6.67,10.1,9
2023110504,4025,1,1.2370933675353675,5.622519172332529,8.81,78.24,9
2023110504,4048,0,6.043459274289852,-2.4740085162226597,2.94,36.6,9
2023110504,4073,1,2.780377672187718,2.694818959873497,5.69,39.41,9
2023110504,4154,1,2.495776432295168,0.3112072544170976,5.52,341.42,9
2023110505,56,0,5.42779881720021,-4.102520743284298,4.49,28.12,9
2023110505,109,0,6.008161116348329,1.6687892887570037,2.4,4.19,9
2023110505,145,1,2.6851629373280144,1.761095277551319,6.79,274.43,9
2023110505,203,0,5.531301835915302,1.66619377223553,5.24,342.67,9
2023110505,226,0,10.965678273595298,3.5311588907829576,2.05,7.27,9
2023110505,294,0,4.555172883656559,4.887916373282536,7.81,167.91,9
2023110505,341,0,4.581320770258298,0.8977290328689673,6.57,63.22,9
2023110505,410,0,5.304309568643215,3.45436212223134,1.8,187.74,9
2023110505,446,1,2.060728026693477,2.209922707103403,6.8,146.17,9
2023110505,508,0,7.418308432520182,1.0554493199332542,5.36,201.56,9
2023110505,577,1,2.10608641798004,0.7270802775679177,5.25,220.66,9
2023110505,709,1,2.9607093744574153,-1.223166363521825,5.28,336.26,9
2023110505,768,0,6.995212648661941,-2.8765428222491076,4.36,0.48,9
2023110505,837,0,3.12640368474706,0.007199376425585963,5.47,201.88,9
2023110505,925,1,0.9541488353501264,0.1729856045010716,9.14,62.32,9
2023110505,1111,0,8.394932995563455,0.6804849043793455,3.38,121.83,9
2023110505,1282,1,2.1440149253211827,-5.008948909319753,6.89,48.42,9
2023110505,1386,0,6.504252455125037,-2.4352882369084545,4.94,68.83,9
2023110505,1467,0,14.236407552469126,1.955830158564542,5.37,332.11,9
2023110505,1492,0,7.646868640168998,1.8152231849734077,4.34,289.51,9
2023110505,1517,1,1.8283325736856495,5.442000276730088,6.8,288.19,9
2023110505,1540,0,5.628854235099721,-3.083272080909836,9.35,219.11,9
2023110505,1563,0,3.9284220750830734,-1.5701609013576858,6.41,245.29,9
2023110505,1588,0,4.715421508200513,-4.53970750170684,8.31,189.28,9
2023110505,1768,0,3.8485971470134444,3.286458061609446,4.6,162.16,9
2023110505,1812,0,4.068574689003516,-3.8439207974994556,4.11,305.22,9
2023110505,1941,1,2.735616932247645,-1.1498422340829095,3.86,271.19,9
2023110505,1986,0,8.525731640158513,1.5229784992318425,3.91,353.93,9
2023110505,2138,0,6.589362639891658,-0.9113965106595027,3.45,77.23,9
2023110505,2174,0,4.692653833386814,-0.6220620542999298,8.19,35.29,9
2023110505,2219,1,1.3018832512940604,7.435322931860964,9.43,139.19,9
2023110505,2269,0,10.327139003615676,0.5115032340053761,5.87,1.81,9
2023110505,2344,0,3.681956001909854,-4.417316642183173,8.83,208.44,9
2023110505,2499,1,1.7075128110793223,-0.13063933405359351,4.59,162.06,9
2023110505,2639,0,3.157847368065785,-6.75472281408844,7.58,250.09,9
2023110505,2686,1,2.734117773615464,-4.658674758522592,7.5,220.14,9
2023110505,2769,1,2.8778464170278424,-3.5229630902012765,6.93,294.26,9
2023110505,2853,0,4.916014646031888,-0.41191860559148724,6.02,168.05,9
2023110505,2949,0,20.607304530190262,0.5625731373893901,4.35,315.68,9
2023110505,3007,0,7.3092886110756305,-2.6543637799328033,2.5,336.9,9
2023110505,3054,0,4.160012019213408,3.8375864459175655,6.03,193.78,9
2023110505,3145,1,0.9436630754670926,0.5183467547407128,4.33,52.57,9
2023110505,3174,1,2.396038397021217,-1.5439483067774302,5.17,134.06,9
2023110505,3257,0,9.98250970447812,0.8414810219933064,5.04,215.08,9
2023110505,3304,1,1.8738463117342359,6.641055326542739,9.77,258.56,9
2023110505,3355,1,1.221024160285129,0.12457192168476716,4.11,325.14,9
2023110505,3434,1,1.7584083712266632,-2.074923965218494,4.46,139.81,9
2023110505,3492,1,2.071617725353789,3.343836199785307,7.97,39.26,9
2023110505,3607,1,1.2211879462228525,6.488688833062436,6.59,167.51,9
2023110505,3725,0,3.7529321869706056,2.7428859247260164,6.32,357.02,9
2023110505,3955,1,2.90630349413133,4.275996760398237,4.75,196.2,9
2023110505,4103,1,1.9812369873389704,3.4590081061528863,4.65,197.96,9
2023110505,4179,1,1.2200409829181957,4.395695949144824,5.99,199.42,9
2023110505,4222,1,1.8967603960437391,2.2182113273849002,7.05,278.98,9
2023110505,4322,0,7.217319446996927,-1.1636190240239546,4.1,161.83,9
2023110505,4347,0,13.511846653955185,-2.24442824715253,6.86,29.66,9
2023110505,4379,0,4.1564046963692105,-4.347063113574654,4.69,58.68,9
2023110505,4434,0,4.95889100505345,-0.6754857214025485,8.13,57.3,9
2023110505,4459,0,3.0124076749337925,1.927810924578141,7.46,84.86,9
2023110506,67,0,4.070626487409527,1.003432241406918,4.57,108.64,9
2023110506,114,0,6.191671825928762,-0.5790481997354561,7.53,183.92,9
2023110506,157,1,0.9297311439335515,2.417253715454039,4.45,219.82,9
2023110506,204,0,3.5620780451865426,3.740154509286423,7.12,329.09,9
2023110506,227,1,1.3748090776540667,4.290407283116341,5.13,219.85,9
2023110506,296,1,1.7728226081590945,0.7525775906045491,4.28,214.68,9
2023110506,321,1,0.8080841540334772,2.389749907369194,5.58,334.19,9
2023110506,366,0,4.472001788908412,-1.878634179966525,2.12,279.61,9
2023110506,391,1,1.9942166381815194,2.2029123061859326,6.35,264.07,9
2023110506,443,0,4.626499756835615,0.6396153929148538,6.26,106.72,9
2023110506,468,0,6.904056778445558,3.2647042133771245,6.78,15.82,9
2023110506,540,0,8.47455013555292,-1.8481055779379039,5.55,5.72,9
2023110506,565,0,6.111276462409475,2.7117015237522124,6.53,168.91,9
2023110506,683,0,6.982041248803969,-0.17561097793395675,6.79,199.46,9
2023110506,713,1,1.582213639177718,-3.164629882191317,5.57,241.18,9
2023110506,791,1,0.8080222769206289,6.525424015081555,9.05,96.54,9
2023110506,814,0,6.465786881733729,-4.737629378889008,5.54,7.51,9
2023110506,869,0,4.271814602718622,0.7764790734876983,9.96,57.89,9
2023110506,892,0,9.453216383855818,-2.369174754245547,4.38,128.85,9
2023110506,1006,0,5.977900969403892,-1.7301122722229818,4.08,240.53,9
2023110506,1092,1,0.9548298277703764,4.508530296814057,5.88,111.48,9
2023110506,1140,1,0.7310950690573664,3.3472786278392133,6.15,118.01,9
2023110506,1309,2,0.8723531395025723,4.838625770683727,7.47,108.3,9
2023110506,1402,0,7.440275532532387,0.5729603700881075,2.33,203.84,9
2023110506,1432,1,2.7176460402340843,4.153301040039809,3.1,14.04,9
2023110506,1479,1,1.256065284927497,-0.460182930666047,5.78,294.17,9
2023110506,1693,0,4.3256097836027685,-0.6511806800741033,3.04,142.19,9
2023110506,1740,0,18.24919998246499,0.2127438193440035,5.7,204.47,9
2023110506,1765,0,3.237298256262468,-4.59619340075593,1.08,197.41,9
2023110506,1788,0,4.546669110458772,3.3238226449473287,1.8,296.77,9
2023110506,1955,0,13.993348419874348,-0.7529644443922334,5.55,231.26,9
2023110506,1980,1,1.5041608956491315,3.5145758434923784,7.44,282.23,9
2023110506,2003,2,0.9718538984847456,0.21069127503654228,6.75,255.94,9
2023110506,2026,1,2.654524439518309,4.0958949998600085,8.79,210.06,9
2023110506,2061,1,1.656532523073418,5.076936968718172,5.63,346.81,9
2023110506,2146,0,5.468034381749984,-1.9304443437444703,5.62,121.55,9
2023110506,2171,1,0.9265527507918824,2.816485738154909,5.61,40.37,9
2023110506,2267,0,6.1415958838074,-1.5623169809103945,5.99,168.9,9
2023110506,2412,1,1.085218871933215,4.087726287390497,7.87,77.47,9
2023110506,2435,1,0.9765244492586952,2.562454461729902,6.98,74.25,9
2023110506,2501,0,5.850299137650994,0.10136044822105417,3.99,272.15,9
2023110506,2630,0,5.964838639896301,-3.4967795868809723,7.29,202.93,9
2023110506,2653,1,1.1016805344563374,7.283897612628262,8.15,279.71,9
2023110506,2739,1,1.5546703830716009,2.6502485646914318,5.42,161.97,9
2023110506,2794,1,0.8299999999999983,-2.293102947815763,5.37,154.71,9
2023110506,2868,0,6.336757846091327,1.2766698096784683,6.95,351.43,9
2023110506,2920,1,0.818840643837359,6.2070630502793405,7.39,256.82,9
2023110506,2945,1,1.8647251808242422,3.291734466196794,5.86,318.07,9
2023110506,3133,2,1.9393297811357475,1.369639347369246,9.17,91.25,9
2023110506,3156,1,2.826517291650628,5.469096502282014,5.62,137.15,9
2023110506,3201,1,2.3580076335754288,-1.6530362599672224,4.8,308.29,9
2023110506,3275,1,2.0930838492521033,2.207766657208461,4.56,20.48,9
2023110506,3369,0,18.351572139737783,0.9339032722452332,5.24,121.31,9
2023110506,3456,1,1.6476953601925364,-0.7628043104731761,4.84,244.67,9
2023110506,3503,1,1.3843771162512137,5.1605073580337635,6.44,280.48,9
2023110506,3531,1,0.6280127387243005,3.146030825700149,5.85,309.75,9
2023110506,3838,1,2.1196697856034095,-4.4640439375483965,6.9,286.97,9
2023110506,3923,0,7.5848071827832255,-5.387541268983077,7.14,175.77,9
2023110506,3953,0,6.332211304118015,-2.297156894594838,7.68,359.88,9
2023110506,4042,2,1.6205246064160848,5.470288901347592,8.75,5.22,9
2023110506,4176,1,0.845931439302264,2.4515413516189017,8.39,112.42,9
2023110506,4240,1,2.871410803072252,-2.6968405444721886,5.79,299.38,9
2023110506,4273,0,5.6495840554858505,-3.4833219070401436,7.05,328.21,9
2023110506,4310,1,2.483163305141243,1.9697395076006834,6.12,317.68,9
2023110506,4335,1,2.8556785533389437,2.105928588917543,7.18,183.17,9
2023110506,4358,1,1.1183022847155413,-2.1326921929215743,7.08,227.95,9
2023110506,4406,1,1.2061509026651702,-1.3589383037744818,3.15,248.55,9
2023110506,4458,1,2.0599271831790555,2.0126780346355764,5.95,327.18,9
2023110507,55,0,5.3074475974803565,-4.069010879457914,5.3,50.81,9
2023110507,80,0,4.329618920875141,-1.8434454887651082,6.73,59.78,9
2023110507,250,0,4.589651402884531,-1.269417219461134,8.27,135.62,9
2023110507,319,1,2.7325080054777495,1.7810626751831662,7.65,326.85,9
2023110507,366,0,7.954929289440607,0.6166410297472741,3.8,263.68,9
2023110507,391,1,0.8645229898620386,1.0645642017830261,6.62,324.56,9
2023110507,507,0,9.952954335271508,0.3964772715506937,5.79,166.67,9
2023110507,597,0,4.83389077245235,0.28950445386219925,2.86,232.26,9
2023110507,679,1,2.8800694436072187,-3.7934608849008202,3.64,317.07,9
2023110507,726,1,2.3739418695494656,-1.9482174503902836,4.25,265.39,9
2023110507,755,1,2.3840302011509857,-0.019859490014333847,4.78,223.53,9
2023110507,802,1,2.5015395259719546,1.1370468588951241,3.1,353.83,9
2023110507,911,0,7.844137938613776,1.4572614032684803,8.01,6.12,9
2023110507,960,0,5.867418512429466,3.1010289836331872,8.85,198.8,9
2023110507,1100,1,1.363084736911101,3.498514579239254,5.34,226.24,9
2023110507,1206,0,3.1241798923877617,-4.96990386705311,1.73,165.2,9
2023110507,1265,0,8.798011138888148,-3.1469509107406552,7.35,159.29,9
2023110507,1290,0,3.7157098917972617,3.6939342574065184,6.23,154.22,9
2023110507,1389,1,2.310086578464106,-1.1261906345749109,6.2,35.72,9
2023110507,1474,1,2.9712287020692307,-1.1615848752246603,6.46,163.25,9
2023110507,1626,0,8.26478069884495,-1.867091845171444,6.52,337.82,9
2023110507,1651,0,4.098499725509322,0.9448936576301367,5.66,202.82,9
2023110507,1856,0,5.824946351684281,0.9050577056642425,5.5,129.48,9
2023110507,1973,0,3.423448553724738,2.1971081997541955,4.6,118.64,9
2023110507,2090,1,2.4566847579614275,-0.816547619170688,4.06,30.29,9
2023110507,2167,0,4.674879677595996,-1.871774753602365,5.87,222.12,9
2023110507,2237,0,8.373440153246445,1.681753586346525,1.31,155.57,9
2023110507,2332,0,7.888637398182263,-2.9229239784605285,4.18,233.37,9
2023110507,2425,0,3.6277954738380687,2.331486917350932,8.08,189.55,9
2023110507,2494,0,5.061076960489733,-1.2931280614950138,3.05,191.93,9
2023110507,2519,0,20.09435990520723,-1.546467757124481,6.67,209.18,9
2023110507,2672,0,5.065372641770792,2.594467050160265,7.42,302.92,9
2023110507,2820,0,7.084885320172801,-0.5800686673787839,3.02,2.14,9
2023110507,2843,0,3.2175301086392363,2.5263581250257454,5.82,151.94,9
2023110507,3020,1,2.747817315616157,0.31803655555512156,3.88,233.8,9
2023110507,3045,0,4.63349759900661,-5.1391913286889475,3.95,258.01,9
2023110507,3118,0,9.46881724398565,1.0011653636302464,6.98,194.93,9
2023110507,3219,0,3.9642906048875886,3.722885649476562,7.01,141.15,9
2023110507,3382,0,3.1829074758779896,1.1485501251583097,4.02,331.14,9
2023110507,3407,0,4.794882688867372,-2.9696531440035345,3.42,289.11,9
2023110507,3499,0,14.003578114182101,1.1547227058011746,6.54,136.92,9
2023110507,3569,1,0.6972087205421348,3.131209942654069,6.12,47.43,9
2023110507,3650,1,0.8905054744357285,-3.1846581903423106,4.02,295.97,9
2023110507,3693,1,1.869037185290863,-5.514604464116056,3.36,129.45,9
2023110507,3718,2,0.9702061636580123,-0.03353050935760968,8.64,87.37,9
2023110507,3852,0,6.42982114836797,-1.7760098352034048,2.78,182.85,9
2023110508,281,0,3.2828798333170846,-1.26530493488767,5.28,17.2,9
2023110508,349,0,4.323066041595935,3.089957099281486,7.33,203.15,9
2023110508,402,0,13.388670583743563,2.840143113736677,2.4,198.99,9
2023110508,519,2,1.2106609764917682,-1.4474928992964962,3.34,270.16,9
2023110508,542,0,10.228626496260391,-4.962266476771073,2.26,63.34,9
2023110508,645,0,4.8182361918029715,3.2290280822616437,6.18,35.02,9
2023110508,772,0,10.060402576437978,-1.27570650941187,5.81,163.94,9
2023110508,1118,0,8.948798802073943,0.20873957513742245,7.04,163.72,9
2023110508,1285,1,2.1457399656062703,3.5889160068032937,7.09,311.72,9
2023110508,1310,0,5.4893077887835755,-1.2402284275350421,6.26,324.66,9
2023110508,1588,0,6.478680421196898,0.31948033945712606,2.39,176.48,9
2023110508,1655,0,8.382463838275713,3.939522393884766,5.08,150.75,9
2023110508,1678,0,4.342349594401626,-0.08384390047167845,3.02,38.61,9
2023110508,1827,0,5.108512503655055,-2.0659938954978463,1.51,334.79,9
2023110508,1874,0,10.992251816620643,0.3529269857739291,5.64,329.27,9
2023110508,1937,0,4.514255198811875,-1.5131692217834525,4.86,290.03,9
2023110508,1973,0,5.755215026391283,1.2460701592063983,6.41,343.16,9
2023110508,2003,1,0.717007670809735,-0.7309736419004755,1.93,287.82,9
2023110508,2097,0,5.125436566771655,-4.32130345918708,3.59,78.88,9
2023110508,2127,0,4.162271014722612,-4.3286191855403064,2.71,98.98,9
2023110508,2157,1,2.0615528128088303,3.4007407540209904,6.29,144.57,9
2023110508,2239,1,2.5756164310704346,-0.05447181225173636,5.65,149.63,9
2023110508,2412,0,8.000956192855952,3.35144573854343,5.92,338.58,9
2023110508,2437,0,3.0815093704222343,-2.1079634259268953,6.9,308.35,9
2023110508,2579,0,3.7184943189414725,2.354531176399255,2.15,334.29,9
2023110508,2631,0,6.260734781157877,-3.6028855157818893,7.26,34.68,9
2023110508,2801,1,2.2367163432138586,0.13679145288791084,5.61,74.21,9
2023110508,2826,1,1.1420157617125943,-3.8936592383700104,5.44,112.39,9
2023110508,2878,0,10.132270229321762,2.1846821862268473,4.94,42.88,9
2023110508,2942,1,2.252487513838861,-3.098982051046645,4.74,231.08,9
2023110508,2994,0,5.510607951941419,0.8306375556260353,3.87,291.9,9
2023110508,3064,1,1.2611502686040241,-2.584188269573895,5.99,274.72,9
2023110508,3162,0,5.939436000160287,-2.02231471139228,1.26,64.47,9
2023110508,3262,0,4.1060443251382495,-0.19330960989736995,7.85,284.7,9
2023110508,3380,0,17.30336383481546,-4.093918430108796,5.02,198.01,9
2023110508,3411,1,2.5400787389370496,-2.5975602432661415,3.92,285.8,9
2023110508,3468,0,8.594562234343298,-0.10773058330794363,5.68,175.85,9
2023110508,3516,0,12.316639151976478,2.0635110557265683,5.97,210.31,9
2023110508,3568,0,5.26008555063509,-0.23817818349583889,6.43,318.19,9
2023110508,3672,1,2.6891076586853138,-3.7275995005753297,5.37,261.23,9
2023110508,3695,0,6.598075476985697,-1.6105498776111462,6.41,193.2,9
2023110508,3960,0,6.132642171201587,1.5822805943670937,5.66,333.23,9
2023110508,3988,1,1.0346980235798309,1.2357023175508939,7.41,280.66,9
2023110508,4115,0,5.988589149373994,-2.7040370208552447,3.41,305.74,9
2023110508,4140,1,2.716707566154296,1.7416905147757054,2.88,228.11,9
2023110508,4188,0,8.016090069354263,-3.0876508599039347,6.46,349.54,9
2023110509,62,0,7.648954176879349,0.9356941975518296,6.53,193.6,9
2023110509,85,0,3.7425258850140253,6.103339337625202,6.99,195.27,9
2023110509,108,0,4.645212589322474,2.731866926809436,3.87,216.16,9
2023110509,273,0,4.480546841625473,2.5215209407743755,6.01,42.44,9
2023110509,427,1,1.3350655414622905,-2.547517667359962,5.14,275.2,9
2023110509,494,1,0.9426027795418388,0.9897486725873832,8.81,254.81,9
2023110509,583,0,4.9798995973814515,1.872215198438457,5.58,152.07,9
2023110509,637,1,1.4451643505151888,-0.6141618269153917,5.06,170.65,9
2023110509,706,0,14.055635880315059,-2.179606428546906,6.68,210.82,9
2023110509,774,1,2.088659857420543,-0.9550244849672489,9.21,259.62,9
2023110509,958,0,8.604446524907923,3.9161800096805797,4.15,167.62,9
2023110509,1008,0,12.045883114159794,4.161988422411797,6.12,336.34,9
2023110509,1354,0,6.004839714763416,0.6099694762536199,5.36,308.76,9
2023110509,1391,0,7.293284582408669,-4.010711908002506,4.44,206.69,9
2023110509,1516,2,2.024672813073752,-3.596390801363306,9.23,111.68,9
2023110509,1543,1,1.358234147707972,8.111701173319794,9.05,276.21,9
2023110509,1597,0,6.6270732604974265,-0.8618519731634398,5.56,353.51,9
2023110509,1689,1,2.169446934128605,-0.6449188122844394,1.89,105.92,9
2023110509,1738,0,6.563390891909453,0.6142337562379552,0.52,229.43,9
2023110509,1960,1,0.9417536832951635,2.512506806093934,5.16,86.35,9
2023110509,2048,0,8.517611167457693,-2.221180585891911,4.23,137.16,9
2023110509,2073,1,1.1107204868912783,2.4417291301416366,7.87,79.88,9
2023110509,2096,1,1.1636150566231027,-1.1923776628319638,7.11,39.22,9
2023110509,2119,0,4.390899680020035,0.969961766818382,5.82,139.4,9
2023110509,2166,1,1.2020815280171253,3.3102692217315575,5.04,24.33,9
2023110509,2196,0,4.262968449331995,-0.22962217606995566,5.71,52.53,9
2023110509,2276,1,1.0878419002777857,2.763454580672944,7.06,131.23,9
2023110509,2299,0,3.3085646434670046,-2.8245635863604392,7.06,26.29,9
2023110509,2491,0,6.162207396704534,-1.0299408817830829,4.46,83.08,9
2023110509,2521,1,1.1637869220780923,5.980289821105208,6.51,42.08,9
2023110509,2599,0,3.7884693479029123,-0.44978781036602833,7.41,290.88,9
2023110509,2624,0,4.46972034919412,0.3376776981571017,3.79,229.23,9
2023110509,2743,0,7.4820652229180675,2.493209409021018,7.59,200.86,9
2023110509,2768,0,4.21200664766807,5.704019478672155,5.4,51.9,9
2023110509,2857,0,7.140770266574892,-0.3999153687489049,4.64,160.74,9
2023110509,3083,0,6.908849397692789,1.0424838184128007,7.81,3.95,9
2023110509,3106,0,3.169305917705011,-6.635807430333864,8.69,278.31,9
2023110509,3260,0,6.088710865199626,3.2944168007760872,2.34,350.87,9
2023110509,3293,1,2.9567718883945098,3.307018491610881,7.13,43.23,9
2023110509,3345,0,11.920205535140743,-2.3978692208501324,3.38,97.55,9
2023110509,3390,0,11.420529760041786,1.0168844697695765,6.04,22.11,9
2023110509,3518,0,7.782570269518934,-2.165640184134833,3.29,113.8,9
2023110509,3543,1,2.529268669002962,-1.789627459258137,6.88,49.66,9
2023110509,3566,0,3.1007740968990287,4.503574208008389,5.9,143.32,9
2023110509,3605,0,9.356179775955564,1.4259041674527704,4.79,11.37,9
2023110509,3650,0,16.11296682799291,-1.0851786827218473,4.34,135.2,9
2023110509,3675,0,5.1825283404917295,2.1898608012137695,2.22,175.99,9
2023110510,99,1,1.055888251663025,4.854432462186161,5.47,43.13,9
2023110510,148,1,1.5879546593023381,0.25940115887317194,5.56,203.75,9
2023110510,239,0,4.166353321551113,3.309014778541373,7.06,205.2,9
2023110510,289,0,3.6565831044842922,0.27580699586343277,2.61,1.64,9
2023110510,314,0,3.0885757235334275,-3.2485027736847036,2.71,313.26,9
2023110510,393,0,6.169611008807608,4.161812834599603,4.39,304.41,9
2023110510,418,0,6.397265040624787,-2.548427546437066,5.36,226.86,9
2023110510,443,1,1.1005453193758072,5.181463573110786,6.14,318.38,9
2023110510,696,0,8.504116650187713,-1.5181525015162844,3.95,178.76,9
2023110510,744,1,1.9932385707686935,4.497184914661608,7.08,88.55,9
2023110510,774,0,4.102218911759832,1.8512698985560427,5.03,13.34,9
2023110510,945,1,1.1761802582937715,2.248184339520887,1.7,26.67,9
2023110510,988,0,12.690665861175303,-5.607477089532576,3.69,327.24,9
2023110510,1021,1,1.7949373248110876,0.9404423515959494,3.05,257.71,9
2023110510,1111,1,2.419938015735112,3.5933346119572662,5.05,318.36,9
2023110510,1240,1,1.4026403673073142,3.804473028910669,5.59,269.73,9
2023110510,1263,1,0.8143709228600918,0.330321266270973,2.66,186.76,9
2023110510,1417,1,1.5420765220960946,-1.3045778607044465,8.09,157.51,9
2023110510,1759,1,1.3897481786280563,0.392909278923103,5.27,310.74,9
2023110510,1831,1,1.3692698784388753,-2.637971677955816,1.92,232.53,9
2023110510,1856,1,2.160416626486659,0.8929741172548651,4.74,206.13,9
2023110510,1881,0,9.128964892034586,2.918100775595717,4.85,1.73,9
2023110510,1933,1,1.7480560631741782,-4.185417687251323,6.53,177.39,9
2023110510,2026,0,6.372566202088448,0.25604626077870124,6.96,33.43,9
2023110510,2075,0,3.6526155012538593,2.2597230454830792,6.44,46.92,9
2023110510,2371,0,11.702277556099924,5.713457464663233,3.4,131.44,9
2023110510,2396,1,1.3718600511714016,1.6636067744597502,7.42,77.21,9
2023110510,2460,1,0.9998499887483142,3.3074474748952176,7.64,285.39,9
2023110510,2527,1,0.9109335870413371,-0.4673881485047444,4.39,270.35,9
2023110510,2585,1,2.1360009363293826,0.9051794609403998,6.17,293.73,9
2023110510,2635,1,2.2821262015935937,2.0714427065379137,4.55,179.99,9
2023110510,2709,1,2.386629422428206,-5.453622660702546,4.19,110.91,9
2023110510,2898,2,0.8994442728707472,4.536264095342324,8.52,117.67,9
2023110510,2921,1,1.6619265928433755,6.140164118972056,8.34,22.92,9
2023110510,3016,0,6.719538674641291,-1.4748095149359939,7.48,12.08,9
2023110510,3087,0,3.671294049786799,2.7210493723274056,3.32,359.83,9
2023110510,3112,1,2.1533694527414466,-3.2200026686060723,4.59,287.22,9
2023110510,3157,0,9.895963823701065,-2.886737648820532,5.43,165.44,9
2023110510,3209,1,2.06874358005046,7.739801497402445,7.14,170.56,9
2023110510,3234,1,2.026277374892197,-5.319189472261497,2.9,83.09,9
2023110510,3257,1,1.395564401953566,1.1450710569560612,5.16,48.72,9
2023110510,3437,1,2.20020453594659,0.926276390045944,5.9,27.69,9
2023110510,3522,1,1.3449535307957652,-1.1730727119272075,3.8,311.77,9
2023110510,3666,0,5.987428496441523,-1.9317687298868416,6.57,7.89,9
2023110510,3696,0,3.913374502906662,-3.7183182783056674,4.68,87.13,9
2023110510,3719,1,2.2751703232945024,2.5440460314606614,4.4,158.68,9
2023110510,3789,0,3.1027246091137384,0.7540862125699458,4.74,170.81,9
2023110510,3913,1,1.4829699929533309,1.4862273060886644,6.76,244.49,9
2023110510,3967,1,2.033642053066371,4.3339628553880765,8.27,35.13,9
2023110510,4014,0,6.23211841992753,-3.662126482772967,1.76,332.97,9
2023110510,4050,1,1.4235167719419364,-4.027916586958682,8.59,69.54,9
2023110510,4073,1,1.9109421759959055,2.7806099079939095,6.34,151.98,9
2023110510,4096,0,3.764306044943739,-1.0255972573234051,5.31,128.15,9
2023110510,4172,1,0.8969392398596422,2.233282889005909,4.6,85.22,9
2023110510,4204,1,0.7261542535852837,3.4299352917516597,5.17,106.0,9
2023110510,4411,0,3.6021382538708893,-3.4477593465612366,6.76,182.13,9
2023110510,4457,0,3.4198537980445898,-5.89504938115826,6.0,17.06,9
2023110510,4607,0,4.01782279350396,0.8304067072296226,7.5,45.48,9
2023110511,156,0,6.704811705036914,-2.9777313854681937,4.46,35.45,9
2023110511,181,0,5.962717501274059,0.047927554078127876,5.84,351.09,9
2023110511,233,0,4.767431174123022,-0.7901756946406794,3.64,118.3,9
2023110511,258,1,0.7694153624668533,1.8673454307654738,7.11,37.44,9
2023110511,329,0,4.049802464318478,0.009498912080931066,5.55,344.81,9
2023110511,354,0,3.752612423365886,-2.4685452970657855,6.01,288.9,9
2023110511,377,0,4.010112217881189,1.8043243768239057,6.83,350.95,9
2023110511,427,1,2.77252592413488,4.646167301835006,6.72,305.04,9
2023110511,452,1,2.319482700948637,3.354736221574818,4.55,333.27,9
2023110511,590,0,5.765865069527736,3.6327960950172455,8.8,177.86,9
2023110511,682,1,1.9483326204732065,2.02812810598829,6.8,139.73,9
2023110511,712,0,3.9269963076122076,-3.657269829949433,3.99,38.52,9
2023110511,746,1,0.7116881339463281,4.5634699996686,6.48,60.61,9
2023110511,769,1,2.744175650354766,9.134512176910969,9.18,169.5,9
2023110511,829,1,1.5044268011438768,4.197151007357689,6.12,165.74,9
2023110511,1265,0,16.574284298273643,0.08808542986620349,3.49,235.04,9
2023110511,1310,1,0.8286132994346648,3.920834253840648,9.07,84.66,9
2023110511,1340,1,1.5744205283214534,3.232853022366063,7.26,73.34,9
2023110511,1367,0,5.838638539933775,-0.07663554816571205,6.96,228.78,9
2023110511,1739,1,0.9701546268507932,3.334177879001213,7.95,284.06,9
2023110511,1762,0,7.251330912322233,-3.2250885350456326,5.58,205.61,9
2023110511,1797,1,2.760072462816872,-0.7545438670467928,4.06,276.26,9
2023110511,1851,1,1.1621101496846191,4.46870257795768,7.43,300.56,9
2023110511,1881,0,12.313967679022063,-4.448174413589296,4.23,320.0,9
2023110511,1945,0,7.704732312027462,-1.792867961387725,3.36,155.31,9
2023110511,1970,0,3.2739120330271496,3.176198130163091,5.09,108.69,9
2023110511,2004,0,5.516611278674618,2.4490884577636276,4.57,27.38,9
2023110511,2029,0,6.7368390213808675,-1.9580875415710217,4.2,12.69,9
2023110511,2163,0,5.4150253923688965,-3.5793753369319545,2.75,261.28,9
2023110511,2222,1,1.9101832372838017,-1.3976883602508376,4.46,334.55,9
2023110511,2247,1,2.057887266105699,5.36999916140654,4.65,1.5,9
2023110511,2283,0,6.788755408762346,0.28521079898412816,6.83,352.19,9
2023110511,2308,0,3.7562348169410282,6.004456754894804,5.45,318.69,9
2023110511,2338,0,10.14820181115847,-1.2661452037059473,4.52,247.74,9
2023110511,2445,1,1.0701868995647374,3.073349604749506,6.88,296.11,9
2023110511,2551,0,11.345311807085778,0.03317341278969743,5.87,4.32,9
2023110511,2598,0,9.338013707421938,-3.881456461192548,8.46,135.45,9
2023110511,2628,1,2.2004772209682137,2.0420043332546998,9.06,85.26,9
2023110511,2651,0,10.865228943745274,1.5577110917235983,5.93,8.6,9
2023110511,2718,0,7.318428793122191,1.2662566980239738,2.73,287.49,9
2023110511,2750,1,0.7212489168102819,-0.011882169635470508,3.66,318.44,9
2023110511,2859,1,1.5791770008457,-2.777807574914595,4.52,109.04,9
2023110511,2916,0,3.9842188694899776,-4.75789200818865,3.6,83.36,9
2023110511,2950,1,0.9170605214488312,4.948821384408406,4.77,194.78,9
2023110511,2973,0,4.768060402301971,1.2483567979249544,2.89,68.35,9
2023110511,3034,1,2.2010906387516145,-0.6608180925999075,3.47,244.26,9
2023110511,3081,0,13.375686898249374,-1.8072972750927778,3.67,253.55,9
2023110511,3227,1,1.5809174551506426,0.003002645667904747,4.0,150.36,9
2023110511,3268,0,3.097127701597075,1.6907452346189373,4.71,356.43,9
2023110511,3310,1,2.2772132091659847,-2.3491631293526005,5.51,304.09,9
2023110511,3340,1,2.1262408142070823,-0.7361606283257869,5.42,234.02,9
2023110511,3399,1,0.8798295289429656,-2.8732543468866485,7.73,293.09,9
2023110511,3482,1,2.087342808452893,0.7420069536229923,5.51,221.74,9
2023110511,3536,0,4.816274493838572,2.503749001495329,6.32,191.92,9
2023110511,3644,0,11.917323525020201,-0.8196793337480441,3.75,25.01,9
2023110511,3798,0,3.911892125302025,5.679280768035573,6.1,326.33,9
2023110511,3908,0,6.099213063994407,-0.10373323735186102,6.91,171.66,9
2023110511,3958,1,1.3340539719216777,4.42597081751771,7.13,100.42,9
2023110511,4013,1,1.0012492197250393,5.6406766088200655,8.03,255.84,9
2023110600,78,1,1.4445068362593496,3.1916197404157476,8.29,91.25,9
2023110600,172,1,2.127345764091953,-1.0543502370048912,5.85,332.62,9
2023110600,195,1,1.5061540425866138,-0.797298403248281,4.93,318.74,9
2023110600,306,1,1.387515765676192,1.6008966855854814,6.98,317.64,9
2023110600,376,0,3.7599601061713357,1.628844052204209,3.45,313.3,9
2023110600,412,0,9.889231517160471,-0.8035053253610269,2.89,19.65,9
2023110600,534,0,7.0562667183150065,2.280835579247144,5.5,184.2,9
2023110600,650,0,3.3386524227598184,2.167447924830472,6.87,235.21,9
2023110600,805,1,1.5467385040788244,2.2380893309020182,3.8,68.63,9
2023110600,852,1,1.7315888657530678,-0.39903133690153714,1.12,325.36,9
2023110600,923,2,0.7910120100225959,2.919848977940671,4.98,33.23,9
2023110600,1099,0,8.889600665946707,2.1364644710780674,6.37,189.47,9
2023110600,1124,1,2.618587405453559,-2.4506342264042793,8.11,244.0,9
2023110600,1167,0,10.615243756033115,4.078049555884155,5.4,176.21,9
2023110600,1234,0,4.6724083725633365,1.6270505482511468,2.48,220.98,9
2023110600,1349,0,11.966357006207028,1.8555629338342237,4.36,27.0,9
2023110600,1463,0,13.368174894128215,-3.630648119836191,3.55,203.29,9
2023110600,1554,0,4.820632738552069,-0.811106922647796,6.19,29.77,9
2023110600,1678,0,5.869284453832511,0.6293124420061095,2.95,112.91,9
2023110600,1703,0,6.713337471034798,1.0442672434748441,3.4,105.38,9
2023110600,1829,1,2.4795160818191824,1.5144406423921213,0.95,88.54,9
2023110600,1852,1,2.051852821232565,-4.0404188140427975,6.99,281.82,9
2023110600,1906,0,5.638625719091488,0.9672822429667571,2.79,93.3,9
2023110600,1953,0,4.534357727396465,-2.6032419985127024,2.8,94.1,9
2023110600,2001,0,3.439956395072474,-0.5230713726442654,4.21,87.13,9
2023110600,2071,0,8.340803318625847,-1.0430535370885323,5.33,344.01,9
2023110600,2116,1,2.4716391322359312,1.057287909416238,6.95,213.09,9
2023110600,2153,1,2.6053790511171275,1.065766495244016,5.7,254.67,9
2023110600,2176,0,3.881906747978366,3.4328289013963156,6.71,208.93,9
2023110600,2247,1,1.1406138698087147,-1.8572150993406162,7.44,52.2,9
2023110600,2270,1,2.8096441055763575,-0.013537971141116142,7.42,119.52,9
2023110600,2293,0,10.61809775807324,-0.28987113721058105,4.79,22.48,9
2023110600,2356,0,3.0460794474208983,-2.4122506161278006,2.2,257.03,9
2023110600,2381,1,1.4345033983926287,1.2357572939773205,5.19,320.39,9
2023110600,2481,0,3.0527692346458206,3.948955271594981,9.3,4.93,9
2023110600,2533,0,5.60393611669513,-2.347505567591663,4.84,161.25,9
2023110600,2558,0,9.555862075187141,1.0340561262442494,2.98,186.63,9
2023110600,2583,1,2.136773268271587,2.601326224876905,6.87,38.67,9
2023110600,2760,0,7.3052310025077345,-1.4371203321238855,4.93,240.18,9
2023110600,2843,1,1.7520559351801517,2.016084370904957,6.67,61.52,9
2023110600,2868,0,7.9041381566872895,1.7056349010691192,3.29,216.78,9
2023110600,2965,1,1.7002646852769745,-0.0742109550300993,2.68,92.09,9
2023110600,3248,1,2.738046749053058,1.6213951138390292,2.99,223.36,9
2023110600,3293,0,3.0948020938341103,-3.15167538803838,4.7,114.31,9
2023110600,3363,0,3.6672741920941783,-3.9705454414531145,3.07,109.45,9
2023110600,3443,1,1.9266551326067676,-1.9744347187246714,8.09,136.23,9
2023110600,3488,0,8.105134175323693,-0.08667969010112386,3.66,174.45,9
2023110600,3593,1,1.3001538370515977,4.336651150289878,6.29,217.9,9
2023110600,3616,0,4.068636135119478,-1.6126560782731103,4.63,227.69,9
2023110600,3705,1,2.842973795165896,4.295548484712029,6.2,329.12,9
2023110600,3886,0,3.807164299055143,-2.5919680184337723,4.98,345.01,9
2023110600,3918,1,2.6226894593146155,4.796470099599161,6.63,332.0,9
2023110600,4057,1,2.781887848206684,4.723270900506539,5.56,174.15,9
2023110600,4080,0,7.0092795635500185,1.4836978102852891,7.84,252.6,9
2023110600,4130,0,10.960497251493662,0.8778539697531931,4.32,339.07,9
2023110600,4155,0,9.394647412223629,-2.8434745313939613,3.74,261.67,9
2023110600,4180,0,7.554475494698493,0.5073015709989378,4.27,184.91,9
2023110600,4246,1,2.220495440211486,-1.385674115020056,8.8,303.98,9
2023110600,4269,0,12.338626341696232,-4.97933605329966,4.87,209.32,9
2023110600,4306,0,7.170251041630274,0.456002079732194,5.16,204.76,9
2023110600,4331,1,1.2856126943990573,1.174259530448721,7.76,268.69,9
2023110600,4356,1,1.8606719216455099,3.398974463645721,6.33,334.81,9
2023110600,4381,0,3.6097645352571135,-0.060809548792423285,3.54,282.72,9
2023110600,4463,1,1.20074976577137,0.11868389471378316,5.95,336.95,9
2023110900,93,0,8.027066712068613,2.791310603909913,3.32,289.86,10
2023110900,138,1,2.984845054605011,4.484325297441845,6.31,206.25,10
2023110900,282,0,4.115264268549465,1.7995822746922412,2.88,36.56,10
2023110900,351,0,5.436800529723339,8.222878400733519,8.68,4.21,10
2023110900,537,1,2.1922819161777505,-0.6382529840728071,2.84,266.98,10
2023110900,631,0,6.668050689669351,2.590247075104798,5.25,344.55,10
2023110900,683,0,10.687684501331432,-0.4889436866616276,6.2,187.22,10
2023110900,757,1,0.9091754506144554,1.8667433861208786,6.37,308.29,10
2023110900,899,1,1.8491078930121958,-3.22089836855615,9.0,72.8,10
2023110900,929,0,6.43851690997236,1.4799534331612465,3.39,163.97,10
2023110900,996,0,3.206774079975078,2.9301025037470776,6.73,195.03,10
2023110900,1043,0,4.817271011682859,2.5484075705490508,8.5,171.73,10
2023110900,1131,0,3.8179182809484,2.2576920744148774,2.21,240.96,10
2023110900,1258,0,3.541892149684969,1.4971733855555545,4.36,3.89,10
2023110900,1497,0,10.460946419899114,0.5565629863179544,3.71,42.4,10
2023110900,1545,0,3.4176014981270066,-1.6180199678595089,2.88,125.79,10
2023110900,1570,1,1.057591603597534,-2.8726593652152204,8.49,66.89,10
2023110900,1593,0,3.2745228660065875,1.4122298503344837,6.64,32.67,10
2023110900,1845,0,3.7284044844946753,-1.2407450270228533,4.09,274.99,10
2023110900,1875,1,0.9762171889492613,-1.9194625378421977,3.61,209.0,10
2023110900,1936,0,6.239847754552991,0.07938241620060696,4.37,84.32,10
2023110900,1972,0,5.906987387831467,1.0894769792358976,2.41,172.22,10
2023110900,2033,0,4.547724705828177,-3.532308175701192,6.84,112.11,10
2023110900,2063,0,5.620293586637622,-0.470915227258481,2.69,53.17,10
2023110900,2088,1,1.138419957660615,2.5333449281704077,3.41,197.21,10
2023110900,2111,0,18.172264580948614,0.5974944479962945,5.2,131.2,10
2023110900,2229,1,2.377603835797714,3.3948320938991725,2.0,146.34,10
2023110900,2274,1,1.1503912377969474,-2.7210197202058417,6.57,59.78,10
2023110900,2366,0,10.715120157982364,2.6388847557818966,6.32,202.42,10
2023110900,2479,0,6.175904792012262,0.16324523045839043,4.17,90.63,10
2023110900,2557,0,6.791325349296705,-1.7913344259208208,6.4,188.74,10
2023110900,2724,1,2.8178360491696446,-0.1375842534513118,5.4,314.82,10
2023110900,2820,0,3.7436479535340883,0.49613365482983296,8.06,184.31,10
2023110900,2843,0,4.135129985865018,5.864592284015423,6.65,181.26,10
2023110900,2868,1,2.494654284665509,2.982549829631253,6.65,140.64,10
2023110900,2940,0,3.8419396143094184,2.0701674141058763,3.36,90.32,10
2023110900,3304,0,10.97969034171729,-3.1711677819062403,5.98,338.23,10
2023110900,3353,0,11.32270727343951,2.0939744632649284,5.09,355.73,10
2023110900,3378,0,3.064718584144392,8.117630193059815,7.26,357.7,10
2023110900,3436,0,6.928845502679362,0.5216541575790057,7.41,325.93,10
2023110900,3461,1,0.9704638066409254,1.8292778238458953,6.15,352.86,10
2023110900,3561,0,10.2036121055242,0.3375786385619941,5.7,165.46,10
2023110900,3635,1,1.759147520817969,5.649972996818723,5.0,163.44,10
2023110900,3754,0,4.35114927346787,-1.3169591003413672,4.94,216.47,10
2023110900,3828,0,4.143428532025143,-3.564223021036628,3.27,258.63,10
2023110900,3853,0,4.143971524998696,0.6811405342892896,4.92,238.9,10
2023110900,3876,1,1.230000000000004,3.075476578883938,4.82,210.19,10
2023110900,3921,0,5.138579570270377,-0.6757551681367346,3.5,324.7,10
2023110900,3946,0,4.291410024688862,-0.802276090804151,1.25,277.2,10
2023110900,3978,0,3.456009259246854,-1.8537118848252796,4.74,217.64,10
2023110900,4008,0,5.504470910087542,-6.82643158604581,7.15,222.69,10
2023110900,4031,1,1.5684705926474973,1.4520508989742074,7.47,285.02,10
2023110900,4054,0,5.491019941686607,-0.3633119716122304,3.22,272.53,10
2023110900,4163,0,4.525836939174902,2.4955757360471655,2.5,161.71,10
2023111200,84,0,5.649070720038829,1.6751970670047491,4.7,114.51,10
2023111200,116,1,1.3294359706281476,0.8945680538123493,5.62,130.19,10
2023111200,185,0,3.584815197468342,2.045394565226243,6.01,30.25,10
2023111200,398,0,4.278329113100118,2.0018939492986205,6.3,250.95,10
2023111200,421,0,12.043130822174103,-4.459107819958395,1.47,327.81,10
2023111200,446,0,3.0041637771599623,3.4880078760689406,6.8,308.57,10
2023111200,867,1,1.8908463713374541,0.7597466382345799,3.36,32.17,10
2023111200,1023,2,1.029611577246489,6.931530721924264,7.45,21.08,10
2023111200,1115,0,4.3955090717686005,-2.0767541561371243,5.76,290.38,10
2023111200,1200,0,5.087091506941861,2.725405467643056,7.36,173.98,10
2023111200,1301,0,5.3896660378914065,-0.07065466914291085,6.84,310.58,10
2023111200,1364,1,1.619938270428846,9.11750826980131,9.44,163.52,10
2023111200,1423,1,1.1136426715962329,7.689656592852239,8.93,166.95,10
2023111200,1448,1,2.431316515799619,-5.94246950150398,3.07,71.9,10
2023111200,1529,1,1.699441084592228,3.1642311046474885,5.39,89.07,10
2023111200,1603,1,1.5976545308670447,2.837110207404391,4.72,192.8,10
2023111200,1779,0,3.626265296417238,-4.095930512462904,5.13,59.94,10
2023111200,1843,1,2.5413579047430535,2.672654166141519,2.51,128.59,10
2023111200,1866,1,1.0163660757817512,0.28698099441953984,6.92,58.87,10
2023111200,1889,0,8.319062447175167,1.8688846673178547,2.96,102.39,10
2023111200,1914,0,3.907492802296641,-0.29500793888959187,4.46,58.19,10
2023111200,2064,2,1.2640015822774833,-1.817712974821066,6.71,299.96,10
2023111200,2125,0,4.374985714262384,2.4835473335639544,6.9,323.68,10
2023111200,2155,0,7.30772878533406,1.1990086022470978,2.25,332.58,10
2023111200,2401,1,2.5315805339747692,0.8529633156705677,3.91,358.98,10
2023111200,2459,1,2.4350154003619795,-1.7917830153962315,1.78,318.22,10
2023111200,2655,1,1.321968229572857,0.865903009601714,6.01,60.86,10
2023111200,2900,1,1.8978935691971768,-1.7784831109680392,6.1,295.66,10
2023111200,3017,0,6.498369026148011,-4.4618103926991335,3.83,165.51,10
2023111200,3158,1,1.1112605455067737,-1.6982947977690093,6.1,297.85,10
2023111200,3227,1,2.164486082191334,0.46241172832542055,2.82,276.44,10
2023111200,3250,0,6.840467820259082,-2.9992879748411694,4.43,221.35,10
2023111200,3278,0,3.394377704381171,4.837222996664164,7.69,199.54,10
2023111200,3403,0,4.535339017096739,0.0009228196682153911,8.06,316.35,10
2023111200,3498,1,1.809530325802803,5.02240195947416,6.33,150.71,10
2023111200,3581,0,4.985308415735183,-2.291666044918077,4.61,63.15,10
2023111200,3668,1,1.0467568963231098,-0.9787396252071636,5.64,303.28,10
2023111200,3691,1,1.6479381056338238,-0.9681282826878557,6.55,300.77,10
2023111200,3744,1,1.1401754250991407,-2.476487337673906,5.18,233.47,10
2023111200,3767,0,6.6686805291601745,-2.0015051786374918,3.62,324.64,10
2023111200,3814,0,3.1355541774939906,3.225233509482846,7.95,307.68,10
2023111201,199,0,4.4666318406602565,-2.9548875421461602,6.38,246.11,10
2023111201,222,1,0.9340770846134688,2.771384974321326,3.38,234.92,10
2023111201,293,1,2.7144796923167447,3.1337517816870477,3.21,60.37,10
2023111201,371,1,0.8697700845625846,8.015473097594262,8.18,174.64,10
2023111201,396,0,4.839256141185337,0.9850487611827978,3.55,113.28,10
2023111201,543,1,0.5841232746604097,5.316853103783055,7.85,274.73,10
2023111201,589,1,2.3455489762526818,0.9484507053986446,4.28,205.31,10
2023111201,676,0,10.904389024608395,-1.2727390558027618,3.35,335.04,10
2023111201,699,1,1.3560235986147133,-1.4877391384996046,7.56,236.44,10
2023111201,845,0,3.7104851434819164,0.1790122116458774,0.72,93.27,10
2023111201,926,0,4.079460748677454,-1.903495274003724,3.95,137.78,10
2023111201,951,1,1.6308280105516955,0.3100095040700186,8.74,136.37,10
2023111201,1285,1,2.185795049861724,1.3289935591344675,6.92,134.35,10
2023111201,1383,1,0.8858893836139975,4.499622595845339,8.34,90.75,10
2023111201,1629,0,3.180440221101486,-4.206194045896781,6.9,219.88,10
2023111201,1654,0,4.8800409834344585,-2.5720509279899484,6.26,232.69,10
2023111201,1747,1,2.080216334903656,-1.6339534430337634,8.43,297.13,10
2023111201,1951,0,4.798926963395051,2.0880102622550702,5.12,143.73,10
2023111201,2155,1,1.015332457867863,3.7164431156008852,9.03,273.76,10
2023111201,2239,0,8.499847057447566,-2.9079227347554335,4.15,3.35,10
2023111201,2420,0,4.770377343565178,-3.216791041896927,5.98,296.77,10
2023111201,2477,0,5.532494916400739,-0.2125386096328905,5.78,226.82,10
2023111201,2550,1,1.3931618714277245,4.033830895886085,6.41,208.72,10
2023111201,2644,0,5.83112339090848,-0.979096574152011,5.84,150.84,10
2023111201,2669,1,2.2768399153212373,-1.207815293369492,0.51,219.46,10
2023111201,2787,0,3.6458469523555146,-3.5745607222320106,2.07,41.38,10
2023111201,2887,0,8.264816997369023,-0.23373900263423025,4.58,31.36,10
2023111201,2912,0,12.793193502796715,-3.717785171159488,1.47,212.76,10
2023111201,2937,0,6.41474863108446,0.19504372239182977,5.88,169.48,10
2023111201,3016,0,4.102998903241385,-0.05881935310786238,6.82,174.19,10
2023111201,3130,0,4.39822691547401,1.2550108123263908,6.47,217.25,10
2023111201,3331,0,3.2886775457621265,3.5251455808800816,4.21,39.79,10
2023111201,3652,0,5.6997543806729,-3.9124738681977873,5.14,270.95,10
2023111201,3699,0,4.6905116991646025,1.287528415029121,3.11,321.04,10
2023111201,3761,0,4.041200316737589,-2.9072271489291603,5.94,191.21,10
2023111201,3786,0,6.299793647414177,-1.9318999163117525,1.76,207.13,10
2023111201,3951,2,1.2143310915891146,-0.677916467801571,5.3,39.95,10
2023111201,3974,0,3.1277148207597207,5.6599530562666835,8.72,163.4,10
2023111201,3999,1,1.57470632182639,8.936136430958252,9.25,179.21,10
2023111201,4182,0,4.119235365938682,2.841840655373848,6.57,331.64,10
2023111201,4237,1,0.7930952023559366,1.4353110733260268,6.95,271.77,10
2023111202,112,0,8.364221422224551,3.807787365330391,4.98,198.91,10
2023111202,135,0,5.73330620148619,5.687633869219274,6.12,216.48,10
2023111202,160,1,2.1115160430363784,1.058342938792341,4.3,189.71,10
2023111202,185,0,3.3587199942835313,-3.85408586087945,5.42,199.38,10
2023111202,307,1,1.6918924315688608,2.1591992463389857,8.35,295.47,10
2023111202,371,0,4.600173909756023,-1.7610922895663577,6.0,130.36,10
2023111202,450,1,1.6085397104206045,-1.8151611871897249,5.03,142.19,10
2023111202,473,0,4.348850422812909,0.10322791805810039,6.55,8.9,10
2023111202,617,1,1.547191003076222,3.325028626680445,6.72,235.93,10
2023111202,640,0,13.505036097693333,0.9353293968579158,3.85,190.43,10
2023111202,723,1,0.7465252842335597,-0.31295449672656317,5.26,133.92,10
2023111202,823,1,2.5949373788205334,-1.4238268112058161,7.57,49.89,10
2023111202,870,2,2.222003600357112,0.4349887639425536,7.95,154.99,10
2023111202,893,0,3.0286960890786,-1.1573800584864034,5.19,46.37,10
2023111202,916,1,0.966022774058665,-0.7564598821833841,7.06,134.29,10
2023111202,1033,0,6.394630560087111,5.3326283044317435,5.98,2.94,10
2023111202,1056,0,7.75425689540913,1.0494207118440653,2.46,108.65,10
2023111202,1081,1,2.3645718428502023,-1.5077642810249596,5.29,119.25,10
2023111202,1210,0,3.9682363840880233,-4.494527919507537,6.76,280.36,10
2023111202,1262,0,7.218261563562244,-0.3027429468287619,3.52,299.65,10
2023111202,1298,0,6.460193495554139,0.06532846187745986,3.52,5.1,10
2023111202,1411,1,1.056456340792185,3.1505153257399425,6.94,33.23,10
2023111202,1463,0,5.838775556570058,-4.020539801868444,8.7,226.82,10
2023111202,1517,0,4.096644968751869,0.6627520595170233,7.67,259.3,10
2023111202,1574,1,1.6440194646049675,-1.2834628384079503,5.19,295.53,10
2023111202,1621,0,7.856004073318697,-0.7090244922838602,0.48,90.14,10
2023111202,1721,1,0.9349331526906074,1.806902095589758,2.32,350.02,10
2023111202,1766,0,3.6928308924184408,-1.0268370938575702,3.2,94.8,10
2023111202,1933,1,2.5831182706178972,1.1468908912951845,6.81,5.45,10
2023111202,1956,0,7.008658930209117,-2.640711016728413,5.99,273.42,10
2023111202,1981,0,3.392889623904675,-1.0680816172510028,5.17,302.98,10
2023111202,2011,0,8.948413267166421,1.1225635773650169,4.82,185.61,10
2023111202,2036,1,1.2854960132182434,-2.5175526347502255,6.23,266.71,10
2023111202,2221,0,11.062413841472395,-1.7202203003817977,5.44,8.7,10
2023111202,2290,0,3.432739430833631,1.2081502926860648,2.63,283.28,10
2023111202,2315,1,1.9175505208468413,4.185187628173123,6.16,223.77,10
2023111202,2367,1,1.7039366185395524,7.016261800409266,7.68,349.07,10
2023111202,2532,0,4.988115876761484,2.739989749238975,6.85,28.72,10
2023111202,2646,0,9.317451368265896,1.0290568998933287,4.61,318.3,10
2023111202,2754,0,4.336473221409302,2.6007846578808578,7.26,30.73,10
2023111202,2835,0,4.548428299973525,-2.89612960429055,2.49,79.56,10
2023111202,2860,0,3.118493225902541,-0.5084598144966688,1.49,49.02,10
2023111202,2971,0,5.4389796837274575,-5.198637635897784,3.87,224.82,10
2023111202,2996,1,1.6301226947687122,6.250225827757561,8.19,225.26,10
2023111202,3039,0,8.503040632620785,-1.1714407150556563,3.51,21.08,10
2023111202,3131,0,5.8549551663526875,4.691777365662551,8.84,51.45,10
2023111202,3230,0,6.091608982855022,1.9404244695129522,8.26,139.58,10
2023111202,3277,1,1.0557461816175295,-1.6239239326628812,6.16,141.79,10
2023111202,3441,1,2.6265186083483125,-0.544796615663905,7.09,324.52,10
2023111202,3471,0,10.198548916390015,-3.218828575440722,5.13,354.14,10
2023111202,3496,1,0.7962411694957758,1.5565062996066859,7.02,287.19,10
2023111202,3541,1,1.167261752992874,2.704193989105552,6.97,259.05,10
2023111202,3619,0,3.5564729719203507,5.190859512178379,8.99,170.22,10
2023111202,3688,1,1.955760721560792,0.6254743460462762,5.6,150.03,10
2023111202,3731,0,5.042003570010641,0.8109073015799293,7.26,285.08,10
2023111202,3761,1,1.9386851214160636,-3.2615897831125533,8.26,256.59,10
2023111202,3784,0,3.076117683054406,3.6731866774263766,6.65,216.95,10
2023111202,3832,0,16.65429974511087,-0.6131611893340525,4.89,232.81,10
2023111202,3857,1,1.7904747973652138,-1.7575582578687097,4.21,239.04,10
2023111202,3972,2,1.5640012787718587,7.391671858443486,8.46,166.34,10
2023111202,4162,1,1.629263637352776,3.624758550376363,7.25,100.97,10
2023111202,4241,1,1.069018241191423,4.075403646579943,5.77,329.17,10
2023111202,4327,1,2.227487373701587,1.2794358003822905,6.71,219.23,10
2023111202,4393,0,3.692262179206669,4.558416987172516,9.03,1.99,10
2023111202,4438,0,6.679558368634857,1.346097150017982,7.07,97.43,10
2023111202,4463,0,3.1154132952146107,0.19997650791946975,5.26,29.66,10
2023111202,4493,1,1.812401721473477,-2.4108997122861364,3.96,117.13,10
2023111203,78,0,3.8818165850539614,3.0848437760809424,0.84,264.3,10
2023111203,171,1,2.813005510126138,7.350819612915772,8.38,176.73,10
2023111203,196,0,4.4960871877667135,3.0973202374647184,6.06,140.43,10
2023111203,221,1,2.9857327408862284,5.351655947533507,2.98,190.75,10
2023111203,336,0,4.235481082474582,-4.255878826337058,4.27,304.92,10
2023111203,412,1,2.3568198912942004,0.24857456493309815,5.63,36.75,10
2023111203,515,1,0.9749871794028948,0.40429329242357426,5.77,53.45,10
2023111203,538,1,2.040833163195856,0.8697036282178029,6.01,141.44,10
2023111203,741,1,2.6310454196003477,0.5260948515473073,2.58,238.57,10
2023111203,816,1,1.6464810961562812,3.324286914382281,4.37,202.09,10
2023111203,1068,0,4.6376826109599145,1.8986234445631294,7.35,89.93,10
2023111203,1198,1,2.2348601745970638,1.8472887572879984,1.28,222.47,10
2023111203,1337,0,3.0084713726409302,2.574815629719228,5.45,38.21,10
2023111203,1519,1,2.342669417566213,2.2825614180505918,7.46,24.85,10
2023111203,1657,1,1.0793516572461481,1.601884474662206,7.99,123.38,10
2023111203,1740,0,6.63356616006805,1.199927596167297,3.39,321.53,10
2023111203,1897,0,5.116248625702236,-5.065066826368915,1.48,206.15,10
2023111203,2160,1,1.4342245291445792,5.614966198319251,9.32,2.88,10
2023111203,2190,1,1.890661259982867,4.561481689468302,8.1,301.11,10
2023111203,2274,1,1.6025292509030877,-3.760976077789337,4.38,63.2,10
2023111203,2299,0,3.305041603369011,4.078703166354694,6.9,135.73,10
2023111203,2434,1,1.4860013458944068,0.3605966892112429,6.25,331.41,10
2023111203,2504,1,1.6896153408394465,2.395663624389818,5.61,128.17,10
2023111203,2536,0,3.515124464368228,-0.02256198271831167,9.3,43.06,10
2023111203,2581,0,3.725291934868997,2.68076383932472,5.15,134.57,10
2023111203,2663,1,1.2649505919204858,8.51752349852985,9.5,98.85,10
2023111203,2688,1,1.1412712210513287,-1.9734928853390614,4.96,35.41,10
2023111203,2758,0,4.102097024693593,-2.5761202345636165,1.59,25.75,10
2023111203,2811,0,10.537044177567058,6.299420132051035,1.08,138.05,10
2023111203,2836,0,3.0710258872240095,-0.2667395451325113,6.67,208.0,10
2023111203,2859,0,4.379235093027096,-1.0255621336286393,2.02,278.97,10
2023111203,2911,0,5.021593372625862,1.3453589746439958,7.34,257.66,10
2023111203,3082,1,2.2127358631341436,1.3699336808520717,2.46,328.55,10
2023111203,3246,0,8.60126153537957,-4.021349090003097,6.36,137.17,10
2023111203,3310,0,4.433057635537804,-3.899927283570165,8.32,194.14,10
2023111203,3482,0,7.3893504450661975,-0.6640985026099221,6.41,107.82,10
2023111203,3738,1,1.2870120434556949,1.9217802652643117,6.45,151.05,10
2023111203,3802,0,5.0914143418111255,-1.8100904438910939,3.44,347.41,10
2023111203,3827,0,5.082489547456053,-2.1502653811717414,3.94,314.15,10
2023111204,55,0,6.399038990348473,0.6481457554198378,4.83,340.22,10
2023111204,134,0,3.06320094019312,-0.8520498366127734,6.44,356.27,10
2023111204,164,0,5.321851181684811,1.99553922231391,6.59,330.11,10
2023111204,227,0,6.5358702557501855,-0.939530815456905,3.65,276.94,10
2023111204,318,1,2.2228135324403615,0.5351451370824405,5.14,34.52,10
2023111204,341,0,5.35835795743435,0.02498311055511837,4.84,53.46,10
2023111204,388,0,8.422374961968861,-1.8936251607416257,6.37,18.93,10
2023111204,468,1,2.9490506947151642,-0.5172428535774353,8.79,357.33,10
2023111204,560,1,2.9224989307098137,4.40416335542021,7.17,325.03,10
2023111204,665,0,5.7114796681770645,1.3426795713273187,6.33,14.81,10
2023111204,734,0,5.3408332683205915,-0.439717440362006,7.21,105.63,10
2023111204,792,1,2.9970151818100685,1.448881468992445,7.32,81.67,10
2023111204,815,0,6.074018439221276,-0.898346627345475,4.24,61.08,10
2023111204,838,0,10.896237882865814,1.4571421138384497,3.64,109.07,10
2023111204,928,0,5.596507839715761,1.4961268133506866,1.18,32.34,10
2023111204,1065,1,1.7275416058665518,6.750962479478119,8.26,158.78,10
2023111204,1088,1,1.118257573191431,1.8514078178860611,2.68,186.9,10
2023111204,1173,0,8.219513367590562,-1.3737254670931947,6.42,186.4,10
2023111204,1198,1,2.234390297150437,4.3279691799865905,7.53,13.21,10
2023111204,1370,0,6.45433962539933,4.751055957136355,8.37,149.49,10
2023111204,1424,0,4.2185898117736,0.3992696119150938,2.01,81.43,10
2023111204,1449,1,1.8056854654119643,-1.1753095878486728,0.98,356.03,10
2023111204,1485,0,3.1174669204339627,4.8474141790901895,7.91,19.05,10
2023111204,1573,1,2.002423531623621,-1.7486694533221805,5.59,172.2,10
2023111204,1635,0,5.03369645489277,1.8488763316035817,1.01,39.54,10
2023111204,1866,0,7.398945870865657,-2.824633721920458,2.85,174.2,10
2023111204,1891,0,5.714236606931847,1.640518085904877,5.39,158.67,10
2023111204,1948,0,4.942226219023162,-3.4186953976124514,4.74,15.77,10
2023111204,1973,0,4.693623333843474,-3.1603372494567057,5.71,354.79,10
2023111204,2069,0,3.6501232855891375,3.5470718757827315,7.72,101.62,10
2023111204,2143,0,9.990045044943486,-0.12693268027857166,3.28,279.18,10
2023111204,2444,1,2.1298121982935503,-5.49405546794614,7.64,179.79,10
2023111204,2519,1,2.105089071749695,3.2206595352423513,6.57,196.63,10
2023111204,2585,0,3.2525989608311674,-0.1351383854898869,6.58,61.86,10
2023111204,2632,0,4.389498832440892,-0.8893209467151033,5.99,167.33,10
2023111204,2657,0,8.048813577167758,4.524619162690816,4.62,52.97,10
2023111204,2712,1,1.8711493793922527,2.5381665737000727,6.26,50.76,10
2023111204,2794,1,1.6095340940781624,-5.046001662664166,3.57,107.85,10
2023111204,2819,0,3.169668752409315,-2.867476867567602,7.1,106.69,10
2023111204,2967,1,2.213820227570432,-3.369479762234162,4.85,33.52,10
2023111204,2990,0,3.6358492818047337,2.3466355814603976,3.99,145.09,10
2023111204,3013,1,1.6681726529349392,4.182947276257497,8.76,79.65,10
2023111204,3117,1,2.8933890163612643,-4.480992869847858,5.15,194.07,10
2023111204,3197,0,4.240990450354729,0.32039657482071665,1.48,302.03,10
2023111204,3271,0,3.8620719827574477,1.8016920402016856,6.38,244.23,10
2023111204,3294,1,2.464467488119901,3.316848845724868,3.85,213.14,10
2023111204,3439,0,13.5182728186703,-5.503434557389642,3.62,279.82,10
2023111204,3464,1,2.6967016891009665,2.8636354376078974,6.53,318.94,10
2023111204,3512,0,6.849795617388887,4.199284320165218,3.13,218.32,10
2023111204,3537,0,11.084060627766345,2.8462516198775436,0.6,276.31,10
2023111204,3599,0,4.626888803505004,-0.39191720005324127,3.76,172.26,10
2023111204,3622,1,1.583824485225555,6.735610595405188,6.95,2.25,10
2023111204,3645,1,1.5640012787718545,-4.448360163219514,4.41,77.15,10
2023111204,3861,0,6.528621600307376,-2.3075073667136747,4.81,352.76,10
2023111204,3886,0,10.653074673539088,0.15258952791801056,6.36,204.17,10
2023111204,3991,0,5.140787877358877,-1.0158298605605736,5.69,46.69,10
2023111204,4059,0,5.691063169566823,0.22021342507747796,4.54,333.42,10
2023111204,4153,0,4.180729601397335,-5.890369244314169,7.93,257.7,10
2023111204,4245,0,6.146486801417536,-1.2933931098342875,4.91,295.78,10
2023111204,4270,0,4.765847248915974,-4.880385399890173,7.57,280.23,10
2023111204,4397,0,4.718612084077266,3.679176362896718,7.96,284.58,10
2023111204,4460,0,4.275383023776932,3.1336850586730938,8.85,270.41,10
2023111205,79,0,3.6450651571679713,1.253290523166813,3.37,182.51,10
2023111205,109,0,3.7787828728308828,2.6239074974437724,5.85,342.68,10
2023111205,349,0,3.5332704396918153,-2.898256889042642,7.14,124.61,10
2023111205,401,1,1.0223991392797624,3.4736519896851252,7.29,58.94,10
2023111205,448,0,6.552198104453196,-1.0862214729556894,6.07,10.33,10
2023111205,473,0,6.045568625034369,-1.7316428164755626,3.55,179.34,10
2023111205,542,1,1.6140012391568959,7.629803387161147,8.4,166.01,10
2023111205,565,1,2.435775030662724,2.4332186046101967,6.95,127.18,10
2023111205,639,0,6.866855175405984,4.048800736687726,4.75,330.84,10
2023111205,735,2,1.2419339757008048,9.373159968906245,9.25,352.14,10
2023111205,889,0,5.926255141318169,1.012454565632063,5.96,345.08,10
2023111205,1103,0,4.901683384307893,-1.858362459758037,1.81,264.95,10
2023111205,1330,0,11.804257706437967,-0.01878939157240911,5.02,143.78,10
2023111205,1554,1,1.9840362899906807,-5.025243549274965,5.54,302.74,10
2023111205,1577,1,2.5419677417308035,3.3615527798941844,9.23,235.54,10
2023111205,1780,1,2.7814564530116255,5.122251813510159,6.87,166.62,10
2023111205,1835,1,2.1992044015961736,-5.787780533949985,8.7,287.16,10
2023111205,1880,0,4.368352092036543,3.0074991213305027,6.28,201.71,10
2023111205,1928,0,3.4012497703050313,-5.134796923407357,6.32,75.29,10
2023111205,1953,1,1.7949373248110918,-0.2666724954765708,2.21,88.46,10
2023111205,1983,0,7.905947128586178,-3.190305536768473,3.45,47.97,10
2023111205,2037,1,1.0683164325236263,-0.20435255441842015,4.93,51.42,10
2023111205,2255,0,3.245304300061861,-0.6940547081456548,5.92,248.35,10
2023111205,2278,0,6.59761320478853,-3.292456972786988,5.16,304.1,10
2023111205,2347,0,3.7630041190516947,5.213714635622122,6.79,189.47,10
2023111205,2419,2,2.252576302814178,-0.46708558573592185,7.51,290.07,10
2023111205,2547,0,10.06615120093077,0.7400198932276025,5.04,173.1,10
2023111205,2570,0,13.828875586973805,-0.4665161707287186,4.54,76.64,10
2023111205,2643,0,9.098714194873915,-4.994668271139638,6.15,299.33,10
2023111205,2690,1,1.895283619936604,0.4166872819823606,7.78,236.23,10
2023111205,2713,1,1.981136037731887,-0.5449350856928704,7.75,285.04,10
2023111205,2785,1,2.430329195808666,-0.17146456725541448,7.89,196.98,10
2023111205,2863,1,0.9148223871331527,4.106871864210175,7.51,99.03,10
2023111205,2937,1,2.4788707106261043,3.700867007149736,7.11,22.78,10
2023111205,3233,1,1.5917600321656538,0.2571853398374051,8.96,252.35,10
2023111205,3256,1,1.4198943622678426,3.5398904253146783,7.41,259.62,10
2023111205,3425,0,5.006395909234503,-1.7257639929005513,5.9,44.97,10
2023111205,3455,1,2.8647163908491895,-0.9782623193491774,6.31,24.75,10
2023111205,3478,0,4.815443904771399,3.4510645788962404,7.48,179.9,10
2023111205,3646,0,7.965538274341538,-4.740019684613243,6.66,194.27,10
2023111205,3820,0,5.475636949250746,3.9974741931908166,5.11,108.02,10
2023111205,4137,0,4.752020622850875,2.8925740675783023,8.25,76.9,10
2023111205,4162,0,10.28307833287289,3.782023640239455,5.53,171.92,10
2023111205,4242,0,16.704448509304342,-3.8599766987990822,5.76,75.22,10
2023111205,4302,0,4.290606017802143,-2.2572542501294968,7.19,58.03,10
2023111206,56,0,7.686019776191052,-1.4597882930224044,2.58,348.91,10
2023111206,136,0,4.325575106271998,2.543790816842517,3.57,43.16,10
2023111206,264,1,1.6620770138594685,-2.4804395674938853,5.1,86.15,10
2023111206,311,0,3.010149497948567,1.9348806724916936,2.87,67.67,10
2023111206,397,1,2.406844407102375,1.960698536332325,7.44,253.18,10
2023111206,444,1,2.157521726425946,-5.57676903607603,6.57,232.91,10
2023111206,511,1,1.9259543089076656,-2.2616595475854506,9.51,268.27,10
2023111206,592,2,1.3908989898623116,-4.51334909768465,5.36,125.54,10
2023111206,782,1,2.0421557237390067,-2.396965670275428,6.23,299.52,10
2023111206,898,1,1.3669308687713495,0.9991913395000451,5.91,228.59,10
2023111206,976,0,6.220972592770363,0.9304587032767304,4.67,175.68,10
2023111206,1001,1,2.423241630543681,5.87282844796434,8.23,45.28,10
2023111206,1150,0,6.102335618433314,-3.085800432657721,3.13,320.38,10
2023111206,1235,1,2.513821791615311,1.4112656229987515,6.65,114.05,10
2023111206,1282,0,11.06942184578761,-2.903242500235203,5.86,4.69,10
2023111206,1307,1,2.1608563117431046,-2.098157802106084,7.36,137.04,10
2023111206,1401,1,1.1211155159036885,-3.469521469892666,7.34,190.61,10
2023111206,1522,0,3.978768653742008,2.4461924548433425,6.77,142.75,10
2023111206,1664,1,1.4356879883874483,-1.3404409138548787,0.58,66.51,10
2023111206,1825,0,5.345175394690055,-0.8495007138308388,6.61,340.7,10
2023111206,1877,0,5.0323851203976835,2.492116659961705,3.24,288.15,10
2023111206,1952,1,1.1315917991926268,0.4056943201159499,7.88,264.79,10
2023111206,1977,1,1.3559129765585982,-2.2258676973870255,9.2,272.13,10
2023111206,2071,1,1.0378824596263299,2.1811019671936442,4.61,289.96,10
2023111206,2094,1,1.905911855254592,-0.962230710571439,4.59,249.05,10
2023111206,2160,1,1.3541787178950977,7.6695156446846084,8.51,115.48,10
2023111206,2205,0,5.986192445954273,0.3635951876663362,6.38,156.72,10
2023111206,2311,0,3.796024235960567,-2.055662875616549,5.35,58.98,10
2023111206,2403,1,1.1427160627207436,4.546837744499929,6.38,332.48,10
2023111206,2450,1,2.746506872374435,-6.056538274531582,6.94,291.08,10
2023111206,2475,0,4.864247115433179,-2.92655748309023,0.54,75.53,10
2023111206,2527,0,3.8629004646767693,-2.1760405521334376,5.83,325.0,10
2023111206,2591,0,3.628167581576135,-0.4143512562085355,6.54,39.93,10
2023111206,2711,1,0.6989277502002591,-6.568856355879419,7.26,60.38,10
2023111206,2809,1,1.86681547025945,3.172509048515351,7.77,344.18,10
2023111206,2839,1,1.8640010729610637,1.8341323797873836,5.02,217.91,10
2023111206,2869,1,2.4920072231034984,0.15740640248802065,5.49,327.35,10
2023111206,2914,2,1.8409236811991962,-2.334013123850103,6.97,325.81,10
2023111206,3005,1,1.6115210206509856,-4.600110866520058,9.57,85.46,10
2023111206,3308,1,1.083005078473775,2.19560520821262,6.71,45.82,10
2023111206,3374,1,1.2740486646906382,-1.1580536191821174,7.19,233.19,10
2023111206,3397,0,7.307537204831733,-1.59592669646205,7.25,310.8,10
2023111206,3645,0,3.064147516031172,3.3615437906575987,6.62,237.76,10
2023111206,3723,1,1.956348639685677,-5.304836059138371,8.94,248.26,10
2023111206,3857,1,1.2241323457861966,5.481453816768351,6.38,283.53,10
2023111206,3880,0,8.951407710522403,1.686334273408539,5.29,197.51,10
2023111206,3905,0,6.756604176655603,-0.4356813956679597,3.48,284.95,10
2023111206,3930,1,1.1933147112140994,1.7248238134055496,6.39,265.81,10
2023111206,3976,0,5.898347226130387,1.3580088952593143,7.83,271.85,10
2023111207,203,0,5.270265647953617,0.627591955627174,4.47,270.32,10
2023111207,245,1,1.0685036265731667,2.652769733337046,4.02,30.83,10
2023111207,326,1,1.4512408483776869,0.044527398150329536,4.91,157.98,10
2023111207,349,0,8.202688583629145,0.6246475016606037,1.82,104.62,10
2023111207,400,0,6.9923172124839965,4.603459837097664,2.57,85.55,10
2023111207,429,0,10.497795006571618,3.3897475948550353,7.56,21.29,10
2023111207,505,1,0.6860029154457035,-0.7490742665426011,7.72,132.83,10
2023111207,546,0,5.595292664374227,-3.2458501284464787,6.39,164.24,10
2023111207,600,1,1.023034701268733,-0.30911080942946967,6.02,49.73,10
2023111207,755,2,2.4729132617218896,-0.8516141327006912,7.34,350.53,10
2023111207,802,0,3.0029319006597603,1.9259337621901162,7.28,204.78,10
2023111207,1105,0,7.4109446091574585,2.37091951128615,8.15,14.07,10
2023111207,1169,0,4.010149623143759,-5.178938060256193,6.73,197.76,10
2023111207,1250,0,3.098709408770045,-2.759271063972455,2.85,284.92,10
2023111207,1297,1,1.0155294185792927,5.1550014443505585,7.95,282.39,10
2023111207,1445,0,20.49491888249378,-1.4045397058434084,6.53,18.69,10
2023111207,1500,1,1.4199999999999875,-5.1959487089011995,5.27,66.13,10
2023111207,1792,0,7.367306156255489,1.6606619802088074,5.71,334.65,10
2023111207,1817,1,2.4842101360392186,7.475479625668272,9.09,337.03,10
2023111207,1930,0,3.413693014903361,3.8244270479841496,5.03,198.17,10
2023111207,2175,0,3.073906309567681,-1.6943830055529923,5.89,131.6,10
2023111207,2251,0,12.493042063484781,1.7875054342958032,6.52,359.43,10
2023111207,2335,0,5.0258730584844695,0.9189618464188244,5.72,223.33,10
2023111207,2360,1,2.1533462331914928,-0.32378529323136573,5.39,325.6,10
2023111207,2456,0,5.116453850080152,0.9351103709964204,7.13,225.99,10
2023111207,2502,0,14.546563167978892,1.3240768166837176,6.5,179.75,10
2023111207,2701,0,5.701377026648912,-2.21431231850358,7.63,340.4,10
2023111207,3086,0,3.047654836099389,-1.2442272775844192,6.04,220.7,10
2023111207,3218,0,12.24812230507191,-2.913300656042694,2.49,39.74,10
2023111207,3285,1,1.1925183436744284,5.459374319315254,6.68,195.11,10
2023111207,3426,1,2.7887810957477455,1.6189731426053349,3.26,291.51,10
2023111207,3451,0,6.4812421648940175,3.6138453635648435,4.09,261.4,10
2023111207,3498,1,0.744647567645257,-3.9120500347084453,4.16,268.9,10
2023111207,3685,1,1.4035668847618186,-1.4443239997303963,4.16,138.34,10
2023111207,3780,1,1.6604818577750255,0.5013637724613422,9.47,259.28,10
2023111207,3822,1,0.8335466393669873,-3.643102516855212,6.13,254.76,10
2023111207,4033,0,6.250391987707651,-2.4075856195999403,3.04,127.56,10
2023111207,4080,1,0.8300602387778879,-0.4042187688196286,7.33,59.31,10
2023111207,4110,1,1.391869246732607,4.394765085932186,7.58,107.32,10
2023111207,4189,1,0.8886506625215532,3.714097384119711,8.71,107.65,10
2023111208,77,0,6.471205451845883,1.0304498341319877,3.62,263.47,10
2023111208,151,1,1.8440173534975188,3.648089718586946,6.81,14.67,10
2023111208,203,0,4.049506142729017,1.6452941806118866,8.9,129.11,10
2023111208,287,0,3.834070943527263,-1.522618541427375,7.18,162.26,10
2023111208,402,1,1.5628499608087738,-2.952625420612317,4.49,248.99,10
2023111208,427,1,0.8920201791439518,-2.13961251581656,5.95,261.92,10
2023111208,475,1,2.8190246540248642,-2.0945975400568733,2.93,340.23,10
2023111208,527,0,13.243149172307927,1.2691432358911945,4.47,347.85,10
2023111208,593,0,5.226021431261071,-2.226456314569436,1.47,73.15,10
2023111208,838,1,1.3462912017836324,2.6067931316899813,8.06,60.19,10
2023111208,861,1,1.1128791488746614,-1.0345676430693178,6.8,55.45,10
2023111208,938,0,7.011419257183241,2.0179499420878937,6.91,171.6,10
2023111208,1049,1,1.974968354176845,-0.3541140784149326,7.35,333.0,10
2023111208,1146,0,4.202059019100041,2.2205345636557303,3.17,104.19,10
2023111208,1188,0,4.0051966243868735,-2.4508845546530797,6.02,144.44,10
2023111208,1213,0,11.304269105077072,0.8324101299903085,0.8,161.84,10
2023111208,1315,0,7.5761005801137555,2.5907618245391326,8.3,184.23,10
2023111208,1362,1,2.1315252754776344,2.33337420575398,5.45,286.62,10
2023111208,1431,0,5.695700132556137,-2.651859540304673,6.57,343.27,10
2023111208,1559,0,3.8686560974064395,-5.056053472964947,7.62,184.45,10
2023111208,1606,1,0.9859513172565878,-1.6768965156078877,8.33,108.59,10
2023111208,1629,0,5.385164807134504,3.1679545365934056,5.43,164.89,10
2023111208,1654,0,5.788099860921544,-2.3573652003264067,6.8,71.75,10
2023111208,1677,0,14.008026270677817,-2.0319858138426845,3.56,181.79,10
2023111208,1724,1,2.461747346906263,-3.9878501654173757,7.66,86.53,10
2023111208,1932,1,2.8363709207365626,-0.47868724586266503,6.13,10.49,10
2023111208,1989,0,6.741661516273272,5.249797707507803,6.24,155.19,10
2023111208,2012,1,1.3418271125595842,3.6476928428742452,7.92,57.83,10
2023111208,2037,1,2.1582400237230317,3.2899176021515437,5.41,7.2,10
2023111208,2084,1,1.766493702224832,5.273258783808615,6.52,27.5,10
2023111208,2236,1,2.0530221625691243,4.070177147625312,4.79,200.0,10
2023111208,2259,1,1.996246477767712,1.9180051312299367,7.79,21.79,10
2023111208,2282,0,3.361502640189359,1.2006589109199957,1.42,167.81,10
2023111208,2340,1,1.2210241602851262,-2.6330569293060204,6.24,154.98,10
2023111208,2392,0,4.895058733049071,-1.117130433578315,3.32,91.2,10
2023111208,2458,0,11.214441582174311,0.5836098456170007,6.29,189.98,10
2023111208,2546,0,4.555315576334971,0.2392376704597314,4.31,197.08,10
2023111208,2571,0,6.125332644028405,3.021774958162361,6.1,343.38,10
2023111208,2599,1,1.3102671483327375,5.688053317900594,7.61,284.03,10
2023111208,2622,0,8.265089231218257,-1.903758994523482,5.06,299.04,10
2023111208,2669,0,4.748557675757978,-0.4721048022355124,0.84,239.02,10
2023111208,2694,1,1.7578680269007658,-1.722958011378378,7.73,196.71,10
2023111208,2722,0,3.281615455838786,-3.0591621884998017,6.91,274.42,10
2023111208,2830,1,2.6412118430750704,-4.023251195420913,3.8,139.69,10
2023111208,2877,0,6.496375912768599,2.9966176285913955,5.28,161.61,10
2023111208,2900,0,3.312823569102343,2.3155171715933527,6.57,115.76,10
2023111208,3016,1,0.9762171889492642,0.49541412341591884,4.49,232.22,10
2023111208,3088,0,5.021553544472071,1.1616602531578777,6.82,312.91,10
2023111208,3483,1,2.8527180021866925,3.0464836060005642,5.54,47.06,10
2023111208,3547,0,4.408900089591499,-1.7046178566084533,6.18,293.82,10
2023111208,3594,0,3.3625139404915547,-0.4569041793295734,6.11,210.32,10
2023111208,3619,0,3.476506867532412,1.7500728656795754,7.35,259.29,10
2023111208,3693,0,3.040164469235179,2.38950505774747,6.43,254.26,10
2023111208,3768,1,1.8070971196922399,1.3589040037762092,1.54,6.75,10
2023111208,3859,1,2.6581948762271,4.842216380616955,8.07,3.83,10
2023111208,3906,0,5.98753705625276,0.12432360436624168,6.91,115.93,10
2023111208,3977,0,5.489672121356612,4.749994538406676,8.05,188.76,10
2023111208,4056,1,1.5512897859523245,-2.2566900784447226,7.17,219.1,10
2023111208,4093,1,2.665970742525133,2.171116800535593,3.41,178.74,10
2023111209,55,1,1.1454693361238408,0.6373105205273979,5.03,161.0,10
2023111209,80,1,0.8285529554590947,1.7940314249882552,5.13,134.75,10
2023111209,146,2,0.7433034373659223,4.360770100933847,6.69,60.78,10
2023111209,248,0,4.509112994813946,-1.6463025736585828,8.65,173.83,10
2023111209,273,1,1.7997777640586579,1.2974428622588579,6.04,148.37,10
2023111209,378,0,5.1939387751493475,1.002589588379638,1.57,229.48,10
2023111209,427,0,4.958649009558957,-5.009695814830584,5.1,356.39,10
2023111209,479,1,0.8845903006477083,2.3944228511180277,4.09,125.04,10
2023111209,635,0,5.062459876384208,0.8751150649109976,7.49,146.99,10
2023111209,660,1,0.5600000000000023,0.41287767020357147,6.35,87.42,10
2023111209,804,0,9.30402601028178,1.5769149124757338,5.23,202.35,10
2023111209,829,0,3.7924134795668047,-1.4664040276140753,1.59,284.98,10
2023111209,878,1,1.3705838172107552,-3.203159642864958,1.81,236.45,10
2023111209,901,0,6.618579908107179,1.8673514075048816,7.03,341.69,10
2023111209,1040,1,0.6161168720299748,-1.1159435004037617,7.81,127.03,10
2023111209,1138,1,2.5204959829366875,-4.337246050197171,6.19,347.8,10
2023111209,1192,0,4.2489175092016165,-7.728446602904476,7.95,196.43,10
2023111209,1217,0,4.377487864060852,5.966728125887537,6.52,283.49,10
2023111209,1242,0,8.45931439302264,-2.314615017455194,3.87,270.87,10
2023111209,1311,0,3.708503741402993,5.0942221795733085,6.45,215.75,10
2023111209,1377,0,4.145756866966513,-1.7803848394395454,4.97,137.32,10
2023111209,1477,0,6.4183019561251555,-1.3315661250544921,2.38,234.12,10
2023111209,1598,1,1.2280065146407007,3.3128186676759777,6.78,239.65,10
2023111209,1657,0,5.089174785758489,2.9916556172383553,7.5,153.36,10
2023111209,1748,1,1.3305637902783938,6.670397287190131,8.23,283.64,10
2023111209,1773,1,2.747817315616159,3.74197290771387,6.31,194.54,10
2023111209,1798,1,2.7724537868105212,-5.396329291906989,6.5,254.04,10
2023111209,1830,1,0.7917701686727056,3.498571201404076,5.67,278.12,10
2023111209,1921,1,2.622060258651581,-2.471422574584459,3.67,261.36,10
2023111209,2118,0,9.482077831361647,1.503903204763343,5.85,174.06,10
2023111209,2219,0,5.685252852776208,3.9340530134968135,2.88,337.79,10
2023111209,2471,0,5.139357936551989,-0.8416201902906622,6.19,160.53,10
2023111209,2548,0,9.547633214572077,0.6436046020549819,8.17,356.96,10
2023111209,2607,0,5.852768575640074,-2.450181714372322,2.64,251.77,10
2023111209,2654,1,2.753633962602882,2.7597253838112197,7.3,276.98,10
2023111209,2679,1,1.0204410811016944,-1.1239636035939524,9.21,286.3,10
2023111209,2762,0,4.095912596723714,-2.808847068817581,9.33,72.99,10
2023111209,2844,0,6.126548783777045,5.111538847432621,8.67,249.75,10
2023111209,2898,0,4.55987938436972,3.631201294749609,6.9,256.67,10
2023111209,2921,0,3.471138141877967,-0.9660891513902974,6.36,240.91,10
2023111209,2951,1,1.116467643955703,0.9759337179349719,6.24,230.82,10
2023111209,2974,1,2.054093474017187,-2.270358472501955,7.16,328.86,10
2023111209,3170,0,3.942854296065226,1.6988720934015473,2.97,95.65,10
2023111209,3202,0,7.093750770925069,-4.0628198064295376,1.45,96.01,10
2023111209,3227,1,1.210041321608482,-0.44565073774552943,5.57,33.2,10
2023111209,3299,2,1.973955419962669,3.674756095676636,4.1,59.64,10
2023111209,3373,0,3.0711724145674406,4.896929791969541,7.02,190.73,10
2023111209,3402,0,5.120009765615686,-0.2649914443571072,6.93,329.5,10
2023111209,3512,1,0.9436630754670797,3.4722606716893303,7.44,73.88,10
2023111209,3564,0,9.78997957096949,-2.277695360047688,5.61,5.5,10
2023111209,3589,1,1.125388821696749,-0.40622657896522263,7.56,122.47,10
2023111209,3634,0,12.461340216846665,-0.6425493666029761,3.34,163.85,10
2023111209,3779,1,1.0610372283760818,-0.6656148220671776,4.41,307.04,10
2023111209,3824,0,12.544197861959931,-4.246036032591701,6.65,194.72,10
2023111209,3859,0,5.167688071081688,0.4384088085390737,4.35,275.45,10
2023111209,3891,0,7.228001106806772,4.6665917643800885,1.01,316.24,10
2023111209,3968,0,4.9312168883552445,3.17402935009964,6.16,337.06,10
2023111209,4031,1,1.222497443760106,4.864439785375601,6.94,321.3,10
2023111209,4054,1,2.358495283014152,1.7515847581744879,1.96,145.63,10
2023111209,4108,1,1.3330416347586427,0.054812712871190605,4.96,298.58,10
2023111209,4176,1,1.921691962828592,-1.1912652104393417,3.83,233.74,10
2023111210,85,1,1.0742439201596623,-0.31935666224589476,4.45,143.16,10
2023111210,132,0,5.0841420121786545,-0.1838762892258225,6.38,75.26,10
2023111210,266,1,1.9423954283306974,5.75996810320686,8.2,184.96,10
2023111210,332,0,4.782133415119236,-1.4832119224745215,3.3,310.98,10
2023111210,453,0,8.227059012794303,-2.129221099581621,2.16,74.97,10
2023111210,579,0,6.625503754432567,-1.6954918593347683,5.05,129.37,10
2023111210,604,1,1.9136614120580493,1.135886951743724,4.25,80.32,10
2023111210,676,0,7.379647688067499,4.542836676108252,6.52,152.35,10
2023111210,721,0,6.533176868874753,2.477970422509934,6.4,334.63,10
2023111210,844,0,3.388642796164858,0.005346519562452912,8.35,217.38,10
2023111210,947,0,8.471705849473299,-3.917005810308028,6.93,15.36,10
2023111210,977,0,5.368053650998653,1.814254682378275,6.84,167.94,10
2023111210,1027,0,3.6799184773578903,-1.6915828122134564,7.02,192.16,10
2023111210,1052,0,3.279512158843138,-1.0972917138998988,7.37,4.99,10
2023111210,1082,0,10.576525894640453,-0.700050940855349,4.64,340.14,10
2023111210,1200,0,6.2541586164727265,1.7288645552262303,4.39,326.34,10
2023111210,1248,1,1.9366207682455507,-1.8351081650678889,8.77,155.07,10
2023111210,1271,0,6.228266211394629,-0.9367174341825022,4.85,84.8,10
2023111210,1318,0,5.011955706109141,0.8682685172442037,2.63,75.77,10
2023111210,1343,0,6.782484795412374,0.9594766678513893,3.33,89.11,10
2023111210,1391,0,6.867736162666705,-0.5362446712760196,6.57,13.33,10
2023111210,1464,1,2.53337719260279,4.009162659281265,2.51,210.42,10
2023111210,1563,1,2.417788245483875,-1.4389633113582891,9.58,74.52,10
2023111210,1615,1,1.0748953437428246,2.9779497859683226,7.59,106.33,10
2023111210,1696,0,15.166360802776644,-5.710608042450908,6.64,3.53,10
2023111210,1798,0,6.221615545820878,2.759944473826642,6.69,115.25,10
2023111210,1872,0,7.244763626233782,3.9541286031268594,7.47,174.87,10
2023111210,1924,0,3.924754769409163,-2.9598093631837776,4.54,104.13,10
2023111210,2005,0,3.7829750197430605,-3.846059994437264,1.89,106.76,10
2023111210,2111,1,2.0169779374103234,-5.380610931679677,1.22,303.33,10
2023111210,2136,0,7.519960106277148,-2.8228801828717875,6.34,197.27,10
2023111210,2161,2,0.9651942809610871,1.7120051872059474,5.54,312.88,10
2023111210,2204,0,3.2565011899276217,-1.9741754587909977,3.39,76.71,10
2023111210,2267,0,11.901701559020875,-4.341896152514984,3.92,96.05,10
2023111210,2369,1,2.993877084985287,-0.7289408684721712,5.08,148.26,10
2023111210,2594,0,4.887872747934424,1.3438341765561845,6.69,250.17,10
2023111210,2647,1,1.8332484828849585,4.302359833849389,7.57,230.48,10
2023111210,2733,1,2.032141727340886,-3.3848910160822347,3.53,60.1,10
2023111210,2758,0,9.727538229171858,-4.545110981386017,4.3,159.03,10
2023111210,2915,0,12.774243617529773,-4.152170073215755,1.05,18.58,10
2023111210,3019,1,2.0302216627747827,-1.236889071531835,4.36,222.57,10
2023111210,3098,0,4.067689762014799,3.3282818747098313,6.54,195.65,10
2023111210,3123,0,5.347335785229888,0.8363671172007063,4.65,335.5,10
2023111210,3153,2,0.9577577981932652,0.35450235169201605,5.23,222.2,10
2023111210,3178,1,1.7002646852769747,0.34979392839207224,2.06,204.22,10
2023111210,3221,0,3.0272925197278173,0.916751462113913,3.93,310.54,10
2023111210,3270,0,5.537300786484338,-3.3708616917615295,4.2,25.0,10
2023111210,3386,0,10.533949876470837,2.224638368109219,6.93,190.88,10
2023111210,3669,0,8.044805777643115,1.7524639505294806,3.57,99.26,10
2023111210,3694,0,5.255949010407158,-0.9302106799899639,6.38,29.05,10
2023111210,3717,1,2.9062862900960096,-1.5647025404072399,4.77,53.3,10
2023111210,3742,1,0.984123975929863,4.68438061542066,8.18,134.97,10
2023111210,3882,0,6.702156369408278,4.538750642427737,3.74,280.77,10
2023111210,3951,0,6.817404198080089,3.3140565979352297,5.62,349.59,10
2023111210,4034,0,5.598035369663185,-1.3634262242114727,7.91,353.12,10
2023111210,4130,1,0.9972462083156792,4.761416621043163,5.64,303.69,10
2023111210,4216,0,3.7107681145552625,-1.9382548053005189,6.68,178.18,10
2023111210,4241,1,1.5297058540778363,-1.1410433456890043,5.11,130.85,10
2023111210,4296,1,2.518134229940889,2.6998327103600706,7.91,179.54,10
2023111210,4319,0,11.714217856946314,2.877982538514415,5.62,145.21,10
2023111210,4351,1,1.4052757736472925,3.0613783687933998,6.21,32.25,10
2023111210,4390,0,3.467059272640147,-1.3428607951713158,7.19,164.26,10
2023111210,4413,1,1.6426807358704834,6.26882486043472,8.43,183.19,10
2023111210,4436,0,7.067708256570864,1.7632021151571027,3.79,169.96,10
2023111210,4493,0,6.042391910493716,-0.6031933487935901,5.4,180.27,10
2023111210,4525,0,13.12686177271628,1.4860575246085808,5.77,190.98,10
2023111210,4555,1,2.420123963767146,0.926305736578116,5.94,316.83,10
2023111210,4580,1,1.2461540835707265,-0.5206103382876155,5.25,308.43,10
2023111210,4610,1,1.4729901561110315,1.5507469159808784,5.68,300.26,10
2023111211,105,2,1.2095040305844365,7.2821071875929775,7.05,349.51,10
2023111211,194,1,2.5461539623518528,-1.135920905058178,4.42,340.33,10
2023111211,230,0,4.568063046850382,5.599290172994066,7.08,314.19,10
2023111211,406,0,3.808017857100991,3.610410479603595,7.1,47.99,10
2023111211,492,1,1.0662082348209516,0.9429537434299061,4.05,22.27,10
2023111211,517,1,2.922276509846392,1.986430469458301,5.07,160.47,10
2023111211,629,0,4.22916067323056,0.054871163601462936,7.53,325.07,10
2023111211,654,0,8.589772988851333,4.86496976568402,5.58,185.12,10
2023111211,679,0,7.055097447944997,-0.657318628554143,0.3,155.69,10
2023111211,763,2,2.3281967270830006,-0.9089535825219206,5.4,228.03,10
2023111211,787,0,4.721440458165277,-2.465659999011871,3.93,316.87,10
2023111211,900,1,2.959256663420731,-0.6485502369184997,4.69,71.94,10
2023111211,1059,0,3.746264806443882,-1.060979918164229,4.74,22.22,10
2023111211,1353,1,1.0247438704378793,6.9981418886836675,9.05,287.38,10
2023111211,1650,1,2.7159712811441814,-2.013354348454001,6.65,206.8,10
2023111211,1675,0,3.957183341721732,-0.3602713962265529,6.29,197.32,10
2023111211,1867,0,3.6922621792066765,-0.3308648975550722,4.17,143.93,10
2023111211,1916,1,2.243769150336105,2.286578560121486,4.17,62.99,10
2023111211,1979,1,2.6580067720004,-3.2048701964578816,5.95,231.56,10
2023111211,2004,0,11.36353818139404,-1.3154313283412655,5.83,345.08,10
2023111211,2029,0,3.5018423722377934,-0.04037724900406103,6.09,332.87,10
2023111211,2072,1,0.7433034373659252,0.5929851157899118,2.66,336.67,10
2023111211,2201,1,2.420082643216964,2.7387556452300212,2.07,214.42,10
2023111211,2523,0,3.7992236048961314,6.063525219465771,8.58,172.61,10
2023111211,2681,0,6.010207983090105,3.117032742740684,1.18,328.08,10
2023111211,2864,1,0.9415412895885151,3.2553072904857014,7.88,0.4,10
2023111211,2937,0,6.8470212501495755,1.220541278580999,0.31,177.6,10
2023111211,2997,1,1.2343824366864589,-5.1841025425747445,9.47,280.64,10
2023111211,3046,1,2.8500701745746557,-2.706944362704302,6.82,25.27,10
2023111211,3166,1,1.6924833824885819,6.158268783225275,6.26,347.92,10
2023111211,3243,0,4.160120190571427,-3.7597893953720978,4.54,72.36,10
2023111211,3291,0,7.363592873047785,-0.3171912244776024,7.03,152.99,10
2023111211,3495,0,5.426398437269415,-0.6819731934218822,4.2,212.8,10
2023111211,3627,1,2.9877918267509886,1.8723029210368893,6.0,37.76,10
2023111211,3659,0,8.01583432962533,0.5073173761615672,0.79,355.33,10
2023111211,3684,0,8.522405763632708,-0.7151314882306848,2.71,102.33,10
2023111211,3709,0,3.7177681476929183,-1.0517082224531844,6.73,23.94,10
2023111211,3734,1,1.6204937519163771,0.23042189955904457,7.82,74.9,10
2023111211,3760,0,6.788851154650548,1.121049080848937,4.27,122.01,10
2023111211,3785,0,3.420014619851789,-1.5920054705695912,2.11,96.75,10
2023111211,3808,0,3.4688326566728427,-2.7497225222747943,2.15,112.98,10
2023111211,3833,0,8.379940333916462,0.5123156720744221,5.26,116.29,10
2023111211,3890,1,0.6972087205421321,0.47627761483098446,3.31,85.12,10
2023111211,4074,0,23.717558896311406,-1.2498173882041117,3.61,170.05,10
2023111211,4099,1,2.779730202735512,2.396343512344432,6.02,91.05,10
2023111300,272,1,0.9848857801796028,-4.282415085302184,5.99,270.69,10
2023111300,295,0,7.356738407745653,0.44633513559603333,6.16,350.98,10
2023111300,320,1,2.084826131839288,-4.94070849979145,5.93,298.01,10
2023111300,440,0,6.241153739494007,-2.1290044335742384,6.33,191.04,10
2023111300,470,1,2.341046774415239,1.2600439997594897,4.78,202.72,10
2023111300,506,1,2.7140007369195738,0.7577151124682109,7.71,173.17,10
2023111300,594,0,13.585322962668204,2.1336012664895403,5.46,144.63,10
2023111300,710,0,25.167804830775363,-4.760069745436162,5.63,137.02,10
2023111300,755,0,6.5210505288641984,0.399265278644609,2.59,296.79,10
2023111300,840,0,4.200190471871487,-0.8718156152171893,5.9,182.48,10
2023111300,863,1,1.2601983970788104,3.8424598422466882,5.29,208.7,10
2023111300,961,0,9.578402789609548,3.3192201612877126,5.19,158.18,10
2023111300,1128,0,7.575249170819397,3.404466490280195,7.95,329.28,10
2023111300,1153,0,9.728226971036388,1.6121044267941378,5.44,227.75,10
2023111300,1229,0,19.616220329105197,-1.4677192626020905,5.84,21.1,10
2023111300,1254,1,2.6609208932247497,5.598099420292315,6.44,170.46,10
2023111300,1337,1,1.0153324578678633,-0.5083840988502089,4.12,313.67,10
2023111300,1376,0,6.23899030292563,-2.2989101502054687,6.1,213.19,10
2023111300,1447,1,2.0231164079212074,5.66967750782546,7.43,3.06,10
2023111300,1617,0,10.937737425994461,-0.25967013923379867,3.78,41.55,10
2023111300,1746,1,0.887693640846885,-0.9607197199051365,3.32,162.66,10
2023111300,1793,0,4.373465445159021,2.6023362827728977,7.76,104.33,10
2023111300,1892,0,5.535919074553023,4.9314594892947925,8.59,344.13,10
2023111300,2166,0,3.1832844673387304,-3.095906986030755,7.18,47.91,10
2023111300,2234,0,10.392035411794936,-3.2203373911902,5.87,167.65,10
2023111300,2265,0,4.110924470237809,-1.3629621380071695,3.98,223.65,10
2023111300,2557,1,1.611365880239492,3.9582293442707366,4.83,178.67,10
2023111300,2580,2,1.7212204972054046,-0.7127631029516737,6.28,171.14,10
2023111300,2605,0,3.716019375622252,4.703730743005233,6.68,349.3,10
2023111300,2661,0,8.271184921158513,1.6168193543272058,1.45,208.22,10
2023111300,2691,0,7.642002355403984,-4.200119729422558,4.72,2.17,10
2023111300,2839,0,6.910028943499443,-0.31848330472618236,7.8,236.45,10
2023111300,3005,0,6.985363269007558,0.053684813130303155,2.47,55.75,10
2023111300,3190,0,6.267774724732856,3.5942718597529772,3.86,310.16,10
2023111300,3279,0,4.57083143421413,-3.415477371247503,3.8,176.86,10
2023111300,3306,0,16.083761997741693,3.45926732587236,4.61,160.39,10
2023111300,3371,0,7.163518688465882,-0.15385929395761117,6.78,13.12,10
2023111300,3423,0,4.594268168054627,-0.17612698672071908,5.08,134.89,10
2023111300,3448,0,3.9722663556211795,3.1410923335393823,1.42,136.67,10
2023111300,3500,0,3.2341459459956368,-0.33653173529715463,6.86,38.53,10
2023111300,3625,0,6.580706648985349,-2.3839628593367426,4.31,258.1,10
2023111300,3700,0,4.6452125893224725,-3.0870740552487312,1.73,322.55,10
2023111300,3752,0,10.401177817920427,-5.449218363428132,5.13,8.07,10
2023111300,3790,1,2.2580079716422627,-0.19156266631364482,2.55,295.0,10
2023111300,3905,0,7.383962350933271,-3.9974807138331987,6.62,336.42,10
2023111300,4176,1,2.3221541723150065,-0.6342632608079802,3.67,277.25,10
2023111300,4201,1,0.9867117106835183,-2.65877599940216,3.39,335.81,10
2023111300,4264,0,5.6453254999158435,3.7897373970117716,7.16,335.74,10
2023111300,4289,0,5.0217128551919465,1.4960957833241735,6.17,340.64,10
2023111600,56,0,5.453897688809352,3.624149040337573,6.21,143.73,11
2023111600,113,0,3.5581596366661254,0.7297701106509344,4.11,6.34,11
2023111600,209,0,7.542207899547718,4.057162689552369,2.03,100.59,11
2023111600,364,1,2.292444110551007,3.05946106265616,4.49,206.61,11
2023111600,448,0,3.069364755124421,-2.1471407453576252,4.19,323.65,11
2023111600,526,1,0.9362157870918434,3.6246282329456054,9.58,85.15,11
2023111600,676,1,2.8935790986250947,-2.226666123018118,6.52,228.61,11
2023111600,782,0,7.35643935610157,2.0442992415060828,5.52,25.44,11
2023111600,883,1,2.3306007809146587,0.6623069739775331,6.37,318.3,11
2023111600,977,1,1.1795761950802515,1.4423169140969134,8.28,287.99,11
2023111600,1000,0,9.974066372347838,-2.8224432524670213,4.75,354.52,11
2023111600,1127,1,1.0121264743103957,5.841149162564372,8.81,277.95,11
2023111600,1243,0,4.215779880401725,2.087917158802154,3.76,163.45,11
2023111600,1266,1,1.2080149005703527,5.623058097595472,6.59,150.27,11
2023111600,1313,1,2.384030201150987,3.79579990544868,6.48,139.26,11
2023111600,1409,1,2.5312447530809834,6.651858662407619,7.4,40.75,11
2023111600,1510,1,2.5446610776289957,1.8369152990417672,6.31,47.82,11
2023111600,1535,0,4.882058991859882,1.872399755509132,7.69,157.73,11
2023111600,1683,0,6.811989430408702,-0.02930354363824611,6.76,211.35,11
2023111600,1715,1,2.856868915438722,3.5263144238210837,6.28,197.31,11
2023111600,1769,0,6.131794190936288,-2.2179888551717206,3.38,315.1,11
2023111600,1794,1,2.3454210709380114,1.0673512104520306,5.75,204.89,11
2023111600,1862,0,3.7406550228536197,5.324424048521374,8.25,11.17,11
2023111600,1980,1,0.9266067126888334,3.0792505021305336,5.38,25.93,11
2023111600,2120,1,2.8900692033236854,2.0183355118049855,2.35,157.36,11
2023111600,2197,0,6.559580779287656,-0.49760508019237504,1.86,229.43,11
2023111600,2339,0,8.370000000000001,-2.869881801941625,4.99,237.15,11
2023111600,2401,1,0.8489994110716444,1.2373161482665076,4.52,199.41,11
2023111600,2424,1,1.4355835050598755,1.3110089274828691,5.01,257.66,11
2023111600,2610,1,1.6249615380063596,0.4097080750413933,2.57,291.09,11
2023111600,2657,1,1.5297058540778372,-2.2959929012419766,7.93,245.79,11
2023111600,2787,1,1.7482848738120476,0.5383694702477877,5.29,202.3,11
2023111600,2882,0,8.576456144585594,0.4267483514477671,2.4,62.76,11
2023111600,2951,0,10.589598670393508,3.8706947607734237,1.88,213.02,11
2023111600,3197,0,3.2832453456907595,-5.213695707379534,8.11,267.43,11
2023111600,3294,1,1.3940229553346664,-1.17969802698254,6.69,116.6,11
2023111600,3421,0,11.002663313943586,-0.4696478676739729,6.41,10.63,11
2023111600,3446,1,2.738357171736366,0.46741117585012626,3.42,90.2,11
2023111600,3702,0,12.307790215956722,-0.21778458642710993,6.65,3.68,11
2023111600,3826,1,0.970000000000003,4.158032709247965,7.32,285.69,11
2023111600,4082,0,3.4007646199053543,4.160612377360793,6.93,80.81,11
2023111600,4152,0,6.556866629724899,-2.574251736903812,4.85,7.71,11
2023111600,4181,1,0.6720119046564604,1.0924468540512562,5.06,39.64,11
2023111900,103,0,12.991135439213926,0.9353372960487228,7.07,165.08,11
2023111900,207,1,2.1427319011019486,4.222527676084243,6.9,343.55,11
2023111900,299,2,1.7822738285684399,7.84544414097559,8.19,190.24,11
2023111900,417,0,7.092876708360296,4.206402221868896,5.01,24.48,11
2023111900,471,1,1.2734991166074654,-2.64517564680265,7.46,101.82,11
2023111900,538,0,6.241874718383896,-0.38834714268488635,7.56,176.54,11
2023111900,563,0,4.727716150531881,-1.0222551898373644,5.61,51.41,11
2023111900,640,0,3.1117840542042816,-0.07206618346275206,7.4,96.68,11
2023111900,850,0,7.929552320276344,-3.7163630543282493,5.12,83.74,11
2023111900,882,1,0.9239588735436234,2.572410645490745,2.87,190.4,11
2023111900,905,0,5.713860341310417,2.4370432714135357,1.02,136.94,11
2023111900,955,1,1.4912075643584968,-1.4689077123208596,6.29,219.48,11
2023111900,1147,0,4.96158240886917,-0.41288683712829216,0.32,120.55,11
2023111900,1318,1,0.2758622844826747,3.395681827855327,3.06,69.24,11
2023111900,1455,0,3.847934510877236,1.3798762052556315,1.18,12.94,11
2023111900,1485,0,12.301934807175655,-0.7754412679454262,4.1,340.63,11
2023111900,1532,1,0.4534313619501928,2.1599709367146653,5.39,327.11,11
2023111900,1681,1,1.1964113005150048,0.4984913126514914,7.3,74.58,11
2023111900,1859,0,3.396498196672556,1.163903246274581,3.99,197.01,11
2023111900,1882,0,6.458893094021605,2.822792972698114,6.32,208.66,11
2023111900,1907,1,2.7455418408758585,1.2689958392118244,4.67,358.26,11
2023111900,1930,1,1.4770578864756763,3.177150113179415,3.07,179.49,11
2023111900,2008,0,4.615278973149944,1.335361305976921,5.41,214.54,11
2023111900,2031,1,2.442642012248213,0.3832506788468768,5.72,340.25,11
2023111900,2096,1,0.5860034129593444,4.276386363729778,7.1,349.99,11
2023111900,2126,2,1.1253888216967496,4.120311441289819,6.97,212.39,11
2023111900,2336,0,13.984151744027953,-0.6878328547255129,3.89,320.71,11
2023111900,2410,1,1.288914271780714,-1.8790850387330544,3.66,87.71,11
2023111900,2440,0,6.784578100368509,2.7301308154472004,4.45,182.94,11
2023111900,2490,1,1.4831385639919155,2.165898859286769,8.57,122.15,11
2023111900,2605,1,1.525057375969834,3.5585788437696895,4.64,223.17,11
2023111900,2628,2,1.7580102388780332,7.633630547043281,8.69,343.43,11
2023111900,2759,0,3.2239882133779587,5.363289760941553,7.64,200.66,11
2023111900,2833,1,1.2889142717807065,2.463091716932662,5.37,186.76,11
2023111900,2856,1,1.4542695761102855,2.7673270389436597,5.33,201.5,11
2023111900,2903,1,1.0420172743289795,1.4765504821052935,5.11,218.9,11
2023111900,2926,1,2.8693727537564704,5.708631873193118,4.84,213.62,11
2023111900,2973,0,4.052085882604169,-2.757752774498282,7.75,195.06,11
2023111900,3020,1,2.965467922605131,3.999420794982268,8.21,192.18,11
2023111900,3141,0,15.402447857402409,3.541717714381971,3.39,8.94,11
2023111900,3164,0,3.590835557359873,-5.223015134036158,3.38,76.2,11
2023111900,3189,0,4.746588248415912,-1.6712010167869535,6.83,113.12,11
2023111900,3234,0,6.665620751287905,-2.5114107702864636,3.57,263.9,11
2023111900,3368,1,1.7999999999999972,7.10714286944145,8.61,170.99,11
2023111900,3427,0,5.624677768548175,-3.60919235231859,6.89,37.14,11
2023111900,3452,1,2.0567936211491915,5.644084856523545,6.94,159.7,11
2023111900,3475,1,2.4203305559365234,-2.900054216706593,1.73,81.01,11
2023111900,3714,0,9.828860564683989,1.9264827555171407,5.93,352.59,11
2023111900,3843,0,15.314231942869355,-0.9484365479526676,3.91,1.23,11
2023111900,3888,0,3.9536438888701158,-1.9229900399650477,6.11,81.71,11
2023111900,3993,0,4.105021315413605,2.40652233656157,2.55,257.13,11
2023111900,4119,0,5.582051594172167,-2.4814647590808643,5.31,250.31,11
2023111901,169,1,1.4212670403551897,-1.7266366003232934,3.67,119.6,11
2023111901,221,1,2.222813532440362,0.2580901094577186,3.04,142.14,11
2023111901,338,0,3.124627977855927,-5.0796001220122395,6.95,204.34,11
2023111901,419,0,11.953944955536643,-5.149355950029572,6.25,149.91,11
2023111901,446,0,4.720264823079314,-2.928157551403877,5.92,154.69,11
2023111901,677,1,2.773175075612787,-5.629836062362231,3.61,250.42,11
2023111901,746,0,14.090056777742227,2.357187648571489,7.73,181.46,11
2023111901,771,0,4.542345209250383,0.18966550614335842,6.23,338.88,11
2023111901,859,0,4.830455465067451,-0.5404983911016097,2.36,78.05,11
2023111901,882,0,3.9514174671881994,-1.2568972238020615,3.4,132.81,11
2023111901,1042,0,6.796712440584787,-5.674557118045481,5.14,108.9,11
2023111901,1139,0,4.190859100470941,-3.418494942804346,4.81,146.88,11
2023111901,1431,0,5.2223079189186015,-2.9199892635308924,5.03,255.16,11
2023111901,1461,0,3.358586011999687,0.7390697042587344,3.02,317.18,11
2023111901,1699,1,1.287245120402485,-3.2046265667435985,3.95,318.34,11
2023111901,1724,1,1.4469277798148727,0.35375509174509645,4.68,212.84,11
2023111901,1781,0,3.6269270739842563,2.7192346210501532,3.7,202.54,11
2023111901,1813,1,1.6633099530754933,-4.041003757367106,2.71,270.55,11
2023111901,1868,1,1.3601470508735438,-3.347775112783213,5.72,234.61,11
2023111901,2155,0,8.984709232913431,0.7073122714448383,5.28,347.61,11
2023111901,2246,0,4.005858210171692,0.8133115556347077,2.52,279.61,11
2023111901,2293,0,3.834070943527263,-1.0223151951498501,5.24,273.81,11
2023111901,2316,0,3.4223529917295212,1.516541431595781,6.47,217.07,11
2023111901,2413,0,7.799416644852356,-1.8924141366832266,6.49,156.08,11
2023111901,2494,0,4.248482081873477,-0.2526882342059856,4.19,258.82,11
2023111901,2519,0,3.2908661473842993,-1.442621775179658,5.59,267.42,11
2023111901,2648,1,1.7432441022415632,4.722409542976069,7.02,28.49,11
2023111901,2832,1,1.7434735443934923,-1.1630071049301023,5.65,349.28,11
2023111901,2879,0,9.81988289135874,1.649792918049613,7.69,180.26,11
2023111901,2941,0,9.193182256433294,2.797770007528662,6.44,356.07,11
2023111901,2966,0,3.658756619399547,-0.3069092904802716,5.93,300.25,11
2023111901,3038,1,1.1168258592994706,-4.203562271603515,7.94,116.27,11
2023111901,3125,0,8.208446868927158,-0.49868029481818615,3.86,295.19,11
2023111901,3289,0,7.759568286960299,-1.200939104082383,7.56,338.41,11
2023111901,3314,1,2.42258126798669,-4.43683309878203,5.57,336.76,11
2023111901,3581,0,6.222740553807462,1.76935194318673,5.84,26.69,11
2023111901,3604,0,5.17424390611807,-4.337258628828552,5.0,73.73,11
2023111901,3648,0,5.174640084102472,0.6708483813454333,3.26,352.7,11
2023111901,3782,0,11.270479137995864,3.0136298839000837,5.99,15.33,11
2023111901,3836,0,5.494770240874499,2.0723074730828204,3.32,124.12,11
2023111901,3859,0,4.892371613031865,2.986210604324716,5.51,162.67,11
2023111901,3884,0,4.698191141279803,-2.4026236188296064,2.34,48.06,11
2023111901,3940,1,1.0295630140987102,-1.2393226557788475,4.78,308.18,11
2023111901,3963,1,0.8766413177577284,-6.345488138134254,6.74,278.93,11
2023111901,3986,0,3.291337114304762,-2.776017407934399,6.19,252.1,11
2023111901,4040,0,3.8696382259844406,-1.185838930638002,6.63,80.73,11
2023111901,4065,0,10.64948825061562,-1.9923030536141342,5.95,31.28,11
2023111901,4095,1,1.6007810593582121,-0.7763538497653066,3.38,47.81,11
2023111901,4120,0,3.9675811270848635,0.3834783866907122,1.88,94.66,11
2023111901,4321,0,7.763053522938004,0.667305757911459,2.36,269.23,11
2023111902,127,0,5.177692536255895,-2.632193739760364,2.21,146.66,11
2023111902,152,0,3.2227317604789865,3.0035522908155703,2.35,18.39,11
2023111902,177,0,6.5221162209822605,5.882263573455809,7.91,346.9,11
2023111902,381,0,7.336484171590641,3.3884882162718997,2.16,162.95,11
2023111902,478,1,1.3559498515800674,3.1013188331666726,5.54,33.25,11
2023111902,530,1,1.9511278789459199,4.404019043244732,4.55,51.35,11
2023111902,596,0,7.451670953551288,3.092973641707747,5.13,339.27,11
2023111902,665,1,2.718234721285122,2.1146721644403637,5.89,180.17,11
2023111902,693,1,2.929334395387459,-1.610303858237902,7.14,347.79,11
2023111902,745,1,1.1710678887237869,2.1296156953531113,9.68,252.35,11
2023111902,848,1,1.4007141035914459,0.9428471151662556,4.11,34.09,11
2023111902,883,0,6.00081661109553,2.82353954916662,1.89,113.29,11
2023111902,995,0,3.597387941270728,-3.351056433450131,5.6,350.7,11
2023111902,1075,0,5.3001509412468595,2.0265767871141085,1.35,335.32,11
2023111902,1261,1,2.283199509460354,2.9391442063793747,7.41,201.14,11
2023111902,1403,0,6.695259517001561,2.017756197148983,6.82,0.02,11
2023111902,1428,0,3.471440623141925,8.416320507396707,8.89,21.17,11
2023111902,1458,1,1.6907394831847964,-1.5292522889519344,6.49,24.27,11
2023111902,1559,0,3.588481573033362,2.7785641621648165,8.07,27.18,11
2023111902,1604,0,5.954032247141417,2.4766428895311976,1.7,118.62,11
2023111902,1751,0,5.650884886458054,0.32595045738623496,4.79,340.71,11
2023111902,1776,1,1.665713060523931,2.3432706206585454,5.26,332.49,11
2023111902,1801,0,5.825366941232117,2.5584662176657815,3.15,320.32,11
2023111902,1826,1,1.8904232330353952,4.442648701868081,6.2,196.66,11
2023111902,1849,0,4.6304319452940925,0.14855615179209355,5.94,333.77,11
2023111902,1874,0,8.131777173533472,1.986355532164208,6.8,338.39,11
2023111902,1988,1,1.0960383204979656,0.28487412529547507,1.98,283.09,11
2023111902,2133,1,2.023585926023406,2.0362226007243813,4.04,91.87,11
2023111902,2218,0,4.036359746107866,1.8256610399108282,3.07,338.9,11
2023111902,2275,0,4.665543912557252,1.781557304392733,2.07,14.01,11
2023111902,2482,0,4.513590588434004,3.0791250562705934,6.54,209.8,11
2023111902,2695,1,0.8273451516749258,4.491746848694453,8.7,283.89,11
2023111902,2786,0,9.396956954248537,-1.402410972208001,7.13,35.86,11
2023111902,2894,1,2.800160709673642,1.7162102018519403,2.89,312.95,11
2023111902,3118,0,3.775407262799613,0.9670806434929642,3.43,337.26,11
2023111902,3146,0,13.851732743595658,-3.6699917336540038,5.39,292.23,11
2023111902,3608,0,3.4688326566728485,-0.11323120653857033,5.67,200.47,11
2023111902,3638,1,1.7791008965204775,-0.08897783852183877,2.77,291.25,11
2023111902,3663,0,5.899059247032528,1.7062939537790776,2.65,256.88,11
2023111902,3688,0,5.426278651156799,4.312443256192475,2.79,267.66,11
2023111902,3723,0,4.195283065539204,1.2074113056416567,9.27,291.81,11
2023111902,3832,1,1.7551353224181896,6.522032029933536,8.87,79.37,11
2023111902,3881,0,3.4497101327502846,2.603406810127358,6.21,320.6,11
2023111902,3906,1,2.537892826736379,-5.144649005075012,6.93,256.54,11
2023111902,3970,0,5.890636637919532,1.5334468377327743,4.21,282.13,11
2023111902,3995,1,2.657536453183658,4.7492909776378305,5.87,335.28,11
2023111902,4029,0,6.126867062373723,-1.4361678417837265,3.18,207.34,11
2023111902,4076,0,3.497041606844276,1.1001923574397674,3.91,191.36,11
2023111903,73,0,3.7558620847949133,-3.819407267566289,3.34,98.15,11
2023111903,121,1,0.9650906693155861,1.3454557130033673,3.99,72.59,11
2023111903,206,0,17.39545055467089,-3.0225747986683746,6.16,7.8,11
2023111903,256,0,3.621077187799231,2.88137513917488,6.46,4.36,11
2023111903,313,0,3.6677104574925212,1.7384287930888354,3.74,323.06,11
2023111903,338,1,1.5171684151734772,5.12278520859262,4.34,183.37,11
2023111903,372,0,6.015189107584229,0.4664858566419691,5.52,329.39,11
2023111903,446,1,2.7640730815229952,-2.0555741000942005,4.96,110.94,11
2023111903,551,0,3.4667708317683843,1.4629671045391233,2.6,317.79,11
2023111903,598,1,2.921386657051745,-0.6737801405430083,4.24,230.53,11
2023111903,718,1,2.802159881234473,0.08923187451493508,3.4,290.13,11
2023111903,743,0,5.177074463439753,-1.8137449342538208,6.23,344.31,11
2023111903,831,1,2.280789337049783,2.9233432264456622,8.83,92.64,11
2023111903,899,0,7.146747511980533,3.4950207675378433,6.9,152.29,11
2023111903,924,0,9.371072510657473,-0.5682250064389569,7.26,171.48,11
2023111903,1077,1,2.1392522057952843,-3.4846654001916106,4.66,55.47,11
2023111903,1129,0,3.266221058042453,3.1744721204155466,8.24,74.35,11
2023111903,1152,0,4.0876888335586425,2.0842709319865227,7.31,113.5,11
2023111903,1248,0,8.827780015383258,-0.10709448946131198,2.3,209.53,11
2023111903,1372,0,12.411949887104765,1.1090948110660368,6.24,198.89,11
2023111903,1541,1,1.9201041638411196,-0.0689187607396301,3.86,114.83,11
2023111903,1604,0,10.290121476445252,0.6880114136791707,3.67,185.57,11
2023111903,1681,0,4.291619740843781,-1.9187321679608993,4.98,268.72,11
2023111903,1728,1,2.1883326986543974,-2.740314692463661,3.9,307.3,11
2023111903,1778,0,3.492005154635371,-0.9209202122283546,0.16,109.79,11
2023111903,1832,0,4.2718263073303895,4.506862309838275,5.92,177.08,11
2023111903,1909,0,11.055243099995584,0.6226312565559743,7.28,345.01,11
2023111903,2003,1,1.8047160441465582,-0.07865146558600955,7.11,221.4,11
2023111903,2166,0,3.6220022087237873,-0.5628890546298643,4.71,104.95,11
2023111903,2238,1,0.9121403400793109,4.825643048207611,7.73,277.37,11
2023111903,2359,0,3.733430058270816,-0.68767102205973,5.51,203.74,11
2023111903,2453,0,8.710464970367545,-1.1633787605973462,4.82,136.43,11
2023111903,2478,1,1.2965338406690348,2.2192868697687826,5.71,45.88,11
2023111903,2547,0,5.865782130287488,-2.4900871423419946,7.88,149.5,11
2023111903,2580,1,2.776220452341629,-0.64603007309034,2.96,111.25,11
2023111903,2612,1,2.1848798593973084,2.4975393891497557,7.35,158.96,11
2023111903,2699,0,6.693616361877939,-0.22364223531092353,7.25,310.65,11
2023111903,2758,0,4.568555570418297,0.6515810091413643,2.78,298.95,11
2023111903,2823,0,4.227398727349951,-0.9858717292943839,3.86,75.87,11
2023111903,2877,0,4.837075562775514,2.999488475352728,6.29,156.31,11
2023111903,2958,0,3.958800323330289,4.52168209939841,9.17,32.41,11
2023111903,3042,0,3.3339766045969745,-5.692723449933995,7.85,161.45,11
2023111903,3067,0,8.421460680903293,2.1883814065118448,8.04,160.49,11
2023111903,3092,1,1.1761377470347587,-0.1603490022088182,2.59,136.38,11
2023111903,3122,2,0.7513321502504701,5.141125216369293,5.39,40.42,11
2023111903,3235,0,5.916460090290482,1.3223595896668263,2.39,259.61,11
2023111903,3260,0,3.6003472054789345,4.881117898151607,7.46,235.39,11
2023111903,3283,1,1.9354069339547166,-1.5659398427652769,5.55,263.36,11
2023111903,3414,0,4.370286031829041,2.2293787976505737,4.45,50.97,11
2023111903,3439,1,2.050609665440986,3.155679942467145,5.84,166.3,11
2023111903,3503,1,2.2601991062736064,-3.85058213596555,6.37,54.45,11
2023111903,3650,1,0.5292447448959606,-1.1566707726042393,5.02,102.72,11
2023111903,3673,0,3.0248305737677326,1.358545588982217,6.35,119.07,11
2023111903,3823,0,3.5395197414338595,-1.6732151754058489,5.3,241.61,11
2023111903,3846,0,5.5920389841273455,0.18404904932463007,2.91,250.84,11
2023111903,3893,2,1.398320421076658,4.424043790580806,7.87,241.35,11
2023111903,3954,1,1.4937201879870288,-1.749363442340465,4.88,83.23,11
2023111903,3977,0,7.507929141913903,0.17344695795080955,5.25,106.45,11
2023111903,4158,0,5.569245909456681,5.623623306002889,6.08,162.06,11
2023111903,4285,1,2.262962659877531,0.47984457453461826,4.45,145.69,11
2023111903,4310,1,1.1205802068571424,6.5259052518215706,7.49,90.41,11
2023111904,136,1,2.6284025566872393,4.014096074189919,8.17,66.98,11
2023111904,251,0,4.263801121065577,-2.0400024016677847,3.22,264.14,11
2023111904,276,1,2.6335147616825734,1.2137935288430781,2.7,211.68,11
2023111904,299,1,0.7060453243241558,-2.448493664841366,3.66,240.44,11
2023111904,322,1,2.361397891080623,-1.693978394364918,3.14,285.14,11
2023111904,391,0,4.2919692449969835,2.0839020898128933,6.15,325.66,11
2023111904,461,0,4.8791187728933165,-0.9486567597063291,6.03,12.53,11
2023111904,564,0,3.181336197260517,0.08035622640321671,5.85,232.13,11
2023111904,596,1,2.6273180241455334,-1.7506172844247154,7.1,306.53,11
2023111904,643,1,1.0846658471621553,-1.0912989447906127,3.71,313.57,11
2023111904,666,1,1.5345683432157735,-1.6207651650425676,7.12,251.65,11
2023111904,732,0,3.023325983085519,0.9036812831905842,4.68,36.7,11
2023111904,799,1,1.450137924474775,1.3272893767973402,3.69,189.63,11
2023111904,1011,1,2.3095670589961266,-5.2152293750972,4.68,258.29,11
2023111904,1036,0,7.481243212194081,0.995701329905652,2.66,347.5,11
2023111904,1179,1,1.2831601614763462,-2.6540841898887724,6.88,138.79,11
2023111904,1282,2,1.2433824833895553,7.474971397908327,9.63,277.73,11
2023111904,1309,1,0.781600921186763,5.656203615200298,6.52,24.75,11
2023111904,1356,1,2.5455844122715745,-0.8670549885030564,4.59,41.89,11
2023111904,1413,1,1.7323394586512177,-0.9317076803013671,3.86,132.2,11
2023111904,1483,1,1.8755265927200313,1.374288022985767,2.78,340.1,11
2023111904,1530,1,1.652180377561723,4.427065105564053,7.69,117.39,11
2023111904,1616,1,2.576237566685181,3.5371242460482812,3.57,190.69,11
2023111904,1790,0,4.632116147075758,0.282171510351043,6.26,158.78,11
2023111904,1815,0,5.569865348462202,-0.791131060136357,5.45,130.4,11
2023111904,1840,1,2.479455585405796,-2.2141042682083514,5.5,62.6,11
2023111904,1865,0,3.0480977674608813,5.012462631249729,7.29,107.91,11
2023111904,1943,0,7.39048712873515,0.4462416681687078,7.11,2.7,11
2023111904,1968,0,5.643837347053861,-2.2268633187375393,6.74,196.37,11
2023111904,2095,0,4.258497387576982,-1.091958305527976,6.35,201.26,11
2023111904,2194,1,1.5492256130079898,-0.9765403099870871,6.6,333.32,11
2023111904,2274,0,3.5220448605887986,-0.13117292493418298,3.37,286.13,11
2023111904,2371,0,5.155356437725717,-2.7649410039887474,3.19,61.03,11
2023111904,2427,1,1.132077735846788,0.5618598793831442,6.78,35.85,11
2023111904,2848,0,9.532691120559818,-2.5633035465273566,3.4,17.6,11
2023111904,2893,1,2.800017857085912,5.420768313053708,7.28,329.76,11
2023111904,2945,0,5.510444628158424,-3.3186087114084963,2.29,225.68,11
2023111904,3032,0,5.424287971706516,0.7506704503221617,0.61,99.2,11
2023111904,3079,0,4.954048849173771,0.010830957397478302,3.19,78.92,11
2023111904,3238,0,5.1374117997295095,1.3862013484972664,6.51,145.35,11
2023111904,3286,1,1.3320660644277362,4.305670499746215,7.65,160.38,11
2023111904,3398,0,15.557136625999014,-2.0262849180303637,4.93,223.03,11
2023111904,3423,1,1.5061540425866138,2.185290894480059,6.86,233.54,11
2023111904,3468,0,5.225562170714261,-1.558084854638442,4.88,34.99,11
2023111904,3493,1,1.3974262055650692,2.47658468005572,7.89,111.96,11
2023111904,3540,1,1.8291528093628433,1.2182802818817406,7.37,36.72,11
2023111904,3592,1,1.2803515142334936,0.09148627167480727,7.07,219.86,11
2023111904,3639,0,4.748231249633906,-1.0361114860988712,3.39,281.18,11
2023111904,3664,1,2.332595121318744,4.6763208362906825,1.47,242.85,11
2023111904,3689,1,2.9980326882807704,0.07306556020230959,1.89,188.27,11
2023111904,3714,0,11.178273569742327,-2.5573387293716032,6.02,345.53,11
2023111904,3771,1,2.5892469947843932,-4.8368896457535255,3.36,216.95,11
2023111904,3819,0,5.8552711295037385,3.4805921338172046,7.11,242.68,11
2023111905,208,1,2.856868915438715,-5.345933522620671,7.09,73.87,11
2023111905,233,0,3.3994852551526114,4.20231307933679,6.72,41.18,11
2023111905,285,1,0.9837174391053537,-1.172647241002651,5.45,149.91,11
2023111905,328,1,1.2093386622447835,0.18498692440751463,4.64,301.04,11
2023111905,390,0,5.393931775616003,3.3722987387890977,7.23,233.16,11
2023111905,469,0,3.4881083698761417,-0.8733093670717078,3.38,78.65,11
2023111905,528,0,6.434687249587192,-4.3358564736161105,8.08,46.05,11
2023111905,553,0,6.5091090020063405,0.8339222748445968,5.92,28.53,11
2023111905,644,1,1.3732079230764698,3.16713839953879,7.33,42.05,11
2023111905,866,1,1.506552355545598,4.581133998533905,5.78,37.34,11
2023111905,943,1,0.848999411071642,6.0275803396375975,7.09,175.35,11
2023111905,1056,0,9.452137324436205,5.260449114878045,2.78,43.86,11
2023111905,1220,1,2.7108854641979967,5.391172429725911,8.61,285.97,11
2023111905,1243,0,3.6193093263770644,-2.144435360676422,2.46,303.19,11
2023111905,1550,1,2.7115493725912483,0.1900897234470904,3.84,60.03,11
2023111905,1695,1,2.827932106681492,-3.3469319234127175,7.21,300.15,11
2023111905,1719,0,3.3201355394019685,1.8916035332916157,1.16,228.79,11
2023111905,1744,0,4.466866910934328,1.9357359388626496,7.3,198.76,11
2023111905,1792,1,1.3507405376311172,1.4192711537679457,7.4,235.08,11
2023111905,1822,2,1.4546477236774538,-3.2673787537400525,5.81,303.8,11
2023111905,1845,0,4.0179845694079,-2.859595248689626,4.2,282.24,11
2023111905,1870,0,5.0632894446199685,-4.966084806741211,7.49,182.55,11
2023111905,2065,0,3.797328007955072,-2.1464576804577122,5.53,193.6,11
2023111905,2168,0,7.173541663641467,-3.083565250627234,4.65,263.9,11
2023111905,2307,0,5.53282929431227,3.204245634417087,5.63,177.75,11
2023111905,2354,0,7.768346027308517,-0.15411506485568502,5.25,168.71,11
2023111905,2450,1,2.926055365163141,-5.4108461240245855,7.5,280.31,11
2023111905,2497,1,2.23886131772381,-3.5825306294560866,7.82,196.98,11
2023111905,2522,0,6.571407763942215,1.7024094649996486,9.71,215.01,11
2023111905,2615,0,7.367672631163789,-3.718081464166878,6.76,16.67,11
2023111905,2752,1,1.06943910532578,4.777202138995376,7.82,105.76,11
2023111905,2905,0,8.977332565968583,-2.992794119638729,7.77,1.71,11
2023111905,3013,0,4.170191842109892,-0.6795841486650245,3.73,147.58,11
2023111905,3038,0,4.958074222921637,3.003744077137241,2.87,87.91,11
2023111905,3063,0,5.698148822205336,-2.3723132688611406,8.95,0.72,11
2023111905,3383,0,3.3031500117312267,3.618645564372545,6.1,336.91,11
2023111906,55,0,5.725521810280701,2.042337036915744,5.13,164.65,11
2023111906,143,0,5.365156102109237,4.076099467568485,3.04,167.76,11
2023111906,168,1,1.666763330530159,-2.307878335664247,3.29,4.03,11
2023111906,329,0,5.860801992901656,-1.0900632684898024,4.06,275.8,11
2023111906,487,0,5.858907748036318,0.5276639522601433,7.04,163.74,11
2023111906,557,1,1.821482912354666,-3.0451093758435954,2.06,124.7,11
2023111906,587,0,5.600035714171838,1.6365345860010252,0.26,76.13,11
2023111906,612,0,4.2851604404036046,0.902514420773139,4.01,40.21,11
2023111906,733,0,10.750502313845624,-0.7709187539200526,3.66,359.44,11
2023111906,838,1,2.338033361609707,-5.916855739098269,7.76,279.31,11
2023111906,863,1,2.660300734879427,0.5599019758121647,5.48,306.87,11
2023111906,886,1,1.7805897899291694,2.5502629101722816,7.84,261.23,11
2023111906,950,0,3.143962467969358,-5.7451656447838735,6.62,121.11,11
2023111906,1024,1,1.8155439956112267,-4.7232620429697425,9.53,49.47,11
2023111906,1180,1,2.81575922266091,2.631578810289247,7.23,84.36,11
2023111906,1210,1,2.8284271247461934,-0.25461222922612925,5.24,78.2,11
2023111906,1257,0,5.799396520328644,-0.9722396059591443,6.94,167.13,11
2023111906,1315,0,4.703456176047568,0.5173239816518962,3.96,70.7,11
2023111906,1398,0,7.535549084174287,-2.1716858835622923,6.6,15.6,11
2023111906,1506,0,5.504043967847637,0.6653747296829854,8.54,182.03,11
2023111906,1608,1,2.5489213404889557,0.48734084752248974,6.25,107.97,11
2023111906,1633,1,2.4809070921741503,0.8920829288485851,4.74,128.57,11
2023111906,1658,0,5.1474751092161695,1.6216403252637823,4.68,76.09,11
2023111906,1710,0,7.729967658405812,-1.1536837122645562,6.04,168.48,11
2023111906,1971,1,2.5097609447913616,1.8188091279402052,4.82,50.32,11
2023111906,2062,1,0.8612200647918005,0.47107274121906345,4.06,208.78,11
2023111906,2121,0,3.892788203845668,1.5633748496247477,7.89,153.13,11
2023111906,2187,0,4.203534227290174,-1.4468952422223749,9.1,245.29,11
2023111906,2236,0,4.434974633523851,-2.5582630483209328,4.42,117.35,11
2023111906,2338,1,2.3640854468483137,-7.779262775318182,8.57,275.01,11
2023111906,2390,0,5.723853597009623,4.618999534907212,8.18,185.31,11
2023111906,2437,0,4.870831551183021,-2.3753718336485843,4.36,171.64,11
2023111906,2462,1,2.093442141545831,-3.075071833390218,4.8,249.55,11
2023111906,2507,1,2.6288020085202333,1.763213164466255,6.84,121.26,11
2023111906,2585,0,5.110978379919058,1.6739143263029999,6.07,288.43,11
2023111906,2636,0,4.16659333268799,2.4249687874127046,7.2,260.38,11
2023111906,2659,0,3.672002178648594,-0.10452028080884057,6.42,252.65,11
2023111906,2725,1,1.9870832896484218,8.03710524138442,8.07,176.3,11
2023111906,2772,1,1.2258874336577559,7.126055970350534,8.49,110.21,11
2023111906,2860,1,1.4904026301640843,-7.894941621603059,6.65,246.07,11
2023111906,2917,0,3.5852057123685364,-0.2734733144472986,6.37,294.8,11
2023111906,2942,0,4.898826390065276,0.3413864443331629,6.97,355.14,11
2023111906,3001,0,4.415835141850291,-6.550264425212932,2.04,244.52,11
2023111906,3102,0,3.385291715642836,0.5515315825472664,5.88,334.48,11
2023111906,3149,1,2.3417301296263875,0.16207675367792534,4.61,265.2,11
2023111906,3174,1,0.9674709297958247,7.456423744336293,7.79,331.35,11
2023111906,3417,0,9.531841375096421,-1.2662119529836393,6.48,333.52,11
2023111906,3469,1,2.9823648334836528,3.6217373078462156,7.03,23.05,11
2023111906,3551,1,2.65397814610445,1.2482960031522563,5.09,261.9,11
2023111906,3576,1,0.6152235366108815,1.0447299038328424,7.85,257.54,11
2023111906,3678,0,16.321902462642033,-2.556564398196406,5.07,165.84,11
2023111906,3752,1,0.6580273550544768,-0.3084849044653212,4.38,300.96,11
2023111906,3815,1,0.9102197536858881,3.34490078080726,5.71,354.15,11
2023111906,3860,0,3.7387163572541877,-1.8739516476814795,3.73,254.91,11
2023111906,3885,1,2.4397745797511705,6.97432582963515,7.44,178.62,11
2023111906,4111,1,2.504595775769021,2.5560590174666835,2.47,21.01,11
2023111906,4148,0,3.1486505045812936,-1.305203364129302,4.48,256.02,11
2023111906,4171,1,2.6290872941003633,0.4782993214544153,4.81,210.83,11
2023111906,4196,0,5.718994666897332,-5.191701533229948,6.33,284.4,11
2023111906,4221,0,4.854616359713715,2.9090602239751333,2.4,315.74,11
2023111906,4246,0,7.226686654338902,-0.8910087018614359,5.42,229.3,11
2023111906,4269,0,3.3567245940052897,1.9828150348229265,7.42,292.96,11
2023111906,4306,1,0.6800735254367785,0.8466460614386021,5.61,242.94,11
2023111906,4329,0,3.3917841912480218,-2.9720125948523686,9.54,294.78,11
2023111907,77,0,5.11489002814332,-1.3282640983356657,2.67,96.45,11
2023111907,102,0,3.139124081650805,3.9925470966514656,6.36,106.61,11
2023111907,307,1,2.213526597987922,-5.667923012541468,9.3,250.71,11
2023111907,389,0,3.1503968004046716,2.1406847823214896,0.67,32.94,11
2023111907,440,0,4.616492174801125,0.45046758449380214,5.49,232.22,11
2023111907,472,1,2.5330811277967418,1.9528334598954835,6.95,350.42,11
2023111907,533,0,5.68883995204646,0.3125803859722046,7.44,176.62,11
2023111907,556,0,4.037635446644477,1.6253616526429961,6.11,81.38,11
2023111907,584,1,1.6086018774078312,7.040231579326228,8.68,120.07,11
2023111907,652,0,8.587351163193448,-2.602190518545324,5.89,347.07,11
2023111907,746,0,4.096461888019956,2.296935030491019,7.2,226.88,11
2023111907,793,1,2.3920911353876066,-3.192449909262729,3.38,279.08,11
2023111907,979,1,2.438462630429262,5.510138628088841,7.78,186.43,11
2023111907,1104,0,3.2239727045990936,0.36009004290415525,5.17,337.21,11
2023111907,1136,0,3.1890437438203927,6.204421204033297,8.5,355.03,11
2023111907,1161,0,13.768863424407993,0.7977150093539591,4.26,218.83,11
2023111907,1184,1,1.2229881438509551,-0.14085858310830845,5.65,235.77,11
2023111907,1209,0,5.075923561284193,1.9764790381520319,5.87,198.5,11
2023111907,1278,1,1.473397434502992,0.15886132700073774,0.27,205.81,11
2023111907,1360,0,7.972414941534341,-0.23044810978533603,9.49,138.74,11
2023111907,1485,0,5.40741158041442,-4.0896325531020015,6.39,222.52,11
2023111907,1515,0,3.9465427908487216,-0.3692845410867813,5.95,221.96,11
2023111907,1562,0,10.04809434669082,0.6209676301915281,8.77,224.29,11
2023111907,1673,0,4.713321546425626,0.3977155799016214,5.53,52.86,11
2023111907,1747,0,12.430004022525498,-1.6799241481287392,5.96,149.63,11
2023111907,1794,0,5.815444952881937,-2.774472490475165,8.29,164.74,11
2023111907,1854,2,2.293926764306135,2.087921452231353,5.44,41.72,11
2023111907,2025,0,4.5146206928157335,0.3817220141942932,5.97,216.16,11
2023111907,2075,1,2.8836088500349715,-2.516380772553609,5.57,218.28,11
2023111907,2137,0,6.142963454229564,1.4981170585132613,5.85,183.19,11
2023111907,2182,0,11.371389536903573,2.0625133355804963,5.55,14.08,11
2023111907,2356,0,5.521095905705676,2.884336820062213,7.04,336.13,11
2023111907,2565,1,2.786897917039657,6.735017679452223,5.69,3.95,11
2023111907,2612,1,1.0064790112068935,4.439627466345054,7.65,302.57,11
2023111907,2725,0,4.655802830876753,-0.20494890758897055,6.22,43.05,11
2023111907,2789,1,1.492146105446778,-4.666929839925952,8.41,106.55,11
2023111907,2943,1,2.097450833750339,0.02409686640378106,5.21,216.49,11
2023111907,3082,0,9.711791801722278,-7.354197355156141,8.08,225.38,11
2023111907,3134,1,1.126987133910587,6.264387056312794,6.64,306.02,11
2023111907,3157,3,1.741522322567242,8.076626426228426,7.4,347.22,11
2023111907,3221,0,5.870076660487491,1.118674667736793,5.89,15.37,11
2023111907,3526,0,12.115188814046604,-1.8652913283626678,6.73,166.43,11
2023111907,3551,0,4.31066120218233,0.8460680962328981,2.43,74.28,11
2023111907,3641,0,14.730485395939944,0.7741430930313485,6.31,152.92,11
2023111907,3671,1,2.953320165508632,0.21400982698345591,2.71,73.63,11
2023111907,3719,1,2.605091169229975,0.6105464516649998,5.71,55.5,11
2023111907,3837,0,5.070542377300484,1.33269279791014,6.62,160.42,11
2023111907,3878,1,1.4672763884149451,0.8452317465239151,3.4,32.35,11
2023111907,4053,0,9.180784280223557,-4.062282033665282,6.59,175.52,11
2023111907,4083,1,1.419894362267842,6.120015083839277,8.3,157.95,11
2023111907,4108,0,8.837035702089247,1.8376006082075873,6.3,147.76,11
2023111907,4192,0,6.848839317723839,-0.5749941969907901,6.31,26.09,11
2023111907,4273,0,23.701554801320523,-6.592722223256011,5.67,167.91,11
2023111908,83,0,5.739729958804676,-4.366011092228229,7.44,297.89,11
2023111908,108,1,0.555427763079952,0.05303356253794589,5.04,345.23,11
2023111908,131,0,3.7800132274900786,-0.3093014920911853,3.35,216.9,11
2023111908,207,1,1.2314625451064327,1.0593600880039924,6.49,46.11,11
2023111908,259,1,0.8944271909999126,3.6703759007625405,4.66,111.95,11
2023111908,308,1,2.118112367179795,-4.2067076396051455,5.05,326.7,11
2023111908,364,1,0.9476286192385751,-3.5506405038261306,6.06,257.41,11
2023111908,438,1,2.5020391683584786,2.4544788011948,4.65,352.77,11
2023111908,463,0,7.390832158830287,5.187869534970806,3.51,245.12,11
2023111908,563,1,1.5715279189374936,2.6511559097303508,5.92,308.36,11
2023111908,666,0,4.998899878973374,6.384624325411001,7.54,341.29,11
2023111908,1187,0,3.010149497948563,2.988965667824022,7.23,158.56,11
2023111908,1254,0,6.124132591641037,-1.634625211033046,4.26,78.37,11
2023111908,1322,0,9.673231104444886,1.0778519357055756,0.78,292.78,11
2023111908,1369,1,2.350021276499429,-4.151941996809426,7.05,295.36,11
2023111908,1519,1,2.393532953606447,1.9902295747383574,7.14,274.3,11
2023111908,1578,2,1.2637246535539286,0.1027250376727552,5.44,288.47,11
2023111908,1649,1,0.8405950273467027,-2.174804914321973,4.45,83.8,11
2023111908,1726,0,3.2596932371006897,-2.2314116141262845,7.35,0.77,11
2023111908,1758,0,9.717057167681995,-2.6136766558106004,6.51,169.92,11
2023111908,1795,1,2.135509306933594,2.798899793182982,6.96,145.49,11
2023111908,1825,1,1.2095040305844333,-1.6362687941019316,3.87,94.66,11
2023111908,1993,1,1.9720547659738044,-7.955512582568151,9.02,76.57,11
2023111908,2016,0,5.187957208767243,-2.72282376188007,5.52,149.97,11
2023111908,2041,1,0.8955445270895263,1.3743906541742748,7.39,129.9,11
2023111908,2112,0,8.241868720138655,2.8973648255511617,7.44,190.35,11
2023111908,2142,1,1.2509996003196844,6.4195372461808535,8.54,257.53,11
2023111908,2274,1,2.263846284534358,-2.2162515312267788,5.49,143.53,11
2023111908,2304,0,10.677495024583244,-2.2013055954816085,5.29,159.76,11
2023111908,2359,1,1.2671621837791747,-0.9960191497437965,4.79,114.61,11
2023111908,2382,0,3.7409223461601058,-2.2843904784530267,4.6,109.93,11
2023111908,2478,0,4.528321985018289,4.652220370093737,6.19,179.95,11
2023111908,2530,0,10.536512705824444,-6.7889475987308145,8.59,350.64,11
2023111908,2663,0,4.312829697541975,0.24776790357183628,6.98,230.34,11
2023111908,2727,0,5.064355832680008,-3.293262119011281,2.46,72.22,11
2023111908,2774,0,3.937829351305108,0.4973090550232504,4.07,87.02,11
2023111908,2819,1,1.7341568556506077,-2.3563640200149876,7.88,273.4,11
2023111908,2992,0,4.427934055516182,3.234714164716575,4.98,167.18,11
2023111908,3024,1,1.114854250563724,7.840588969932016,7.96,184.66,11
2023111908,3083,0,4.425403936365586,-3.6699400794793924,5.37,318.1,11
2023111908,3113,1,0.9693812459502178,-0.6357552450233841,4.84,315.75,11
2023111908,3143,0,3.1301916874210787,-4.275956830448028,5.9,288.71,11
2023111908,3190,0,5.82540985682553,-0.9583915400924644,3.54,185.19,11
2023111908,3215,0,4.234808142053193,-1.6261024498120842,4.17,279.01,11
2023111908,3240,0,14.241699336806684,-0.05329500682947075,2.46,164.16,11
2023111908,3265,0,8.502546677319685,0.6195190530432748,5.17,340.09,11
2023111908,3290,0,3.094802093834113,-1.7797885968457696,6.37,250.29,11
2023111908,3315,0,3.985285435197835,2.14660704497149,5.91,327.06,11
2023111908,3345,0,4.953584560699453,1.8291563094337187,8.52,270.11,11
2023111908,3391,0,3.4649386718959416,6.624053799835294,8.55,345.26,11
2023111908,3416,1,2.5622255950637944,2.7146370162697324,5.95,335.66,11
2023111908,3446,0,3.736201279374546,0.8238335777771446,6.95,300.61,11
2023111908,3476,1,1.0890362712049568,1.7536119944693593,5.75,239.67,11
2023111908,3631,0,5.61898567358914,2.5785213488278558,5.2,203.96,11
2023111908,3659,2,1.789972066821154,-1.6716865282421556,4.96,290.94,11
2023111908,3766,0,6.984590181249007,5.100440390982545,6.24,188.6,11
2023111908,3903,0,3.907902250568719,-2.421613580706056,6.25,340.14,11
2023111908,4016,0,13.818483997892098,-2.1655030440721705,6.39,346.78,11
2023111909,239,0,4.922976741769149,-1.0296218536629702,3.07,299.58,11
2023111909,282,0,5.331153721287728,1.830203748172941,6.94,264.2,11
2023111909,394,0,5.413030574456425,-2.2557338240593485,1.95,215.91,11
2023111909,458,0,6.528713502674167,1.5101847440153444,6.49,12.9,11
2023111909,576,0,5.516094632980837,-0.0749986126981072,1.8,100.87,11
2023111909,623,1,2.6683328128252652,5.019917224534389,6.66,16.58,11
2023111909,758,0,4.5790828776077,4.402903946294585,8.61,343.32,11
2023111909,922,1,1.4301048912579812,0.04204366326776032,3.02,132.73,11
2023111909,949,0,8.916753893654349,0.08977980543523201,2.64,75.23,11
2023111909,1008,0,8.031270136161528,-0.5173749288292395,6.84,153.38,11
2023111909,1087,0,3.849480484429036,1.1089537070700248,5.16,319.49,11
2023111909,1189,0,5.799663783358479,1.3757382113241272,6.43,186.37,11
2023111909,1214,0,5.2530467349910355,-2.777062022415241,4.27,318.28,11
2023111909,1539,1,2.1595601403989653,7.333932464598177,8.11,327.67,11
2023111909,1562,1,2.952439669154988,-1.102096592153437,6.79,289.83,11
2023111909,1633,1,2.632299375071158,3.470962876563371,7.91,23.38,11
2023111909,1695,1,1.6524527224704477,-2.5644128384302944,5.29,67.01,11
2023111909,1863,0,5.975658959478862,-0.8605476504193157,8.26,341.59,11
2023111909,1956,1,1.621172415260019,4.864429372323595,7.41,105.35,11
2023111909,2152,0,3.269204796276918,-0.9138245650963721,8.49,175.28,11
2023111909,2247,0,4.970030180994879,2.246640015214908,3.47,144.8,11
2023111909,2272,1,2.143944961980133,1.5054624487476258,4.94,168.88,11
2023111909,2381,1,1.9479476378999532,2.217846978451446,3.61,69.9,11
2023111909,2481,0,6.876539827558617,-2.485190351802508,7.03,339.46,11
2023111909,2511,1,0.745184540902456,-1.4367892457658251,6.27,216.47,11
2023111909,2697,1,1.7042593699317008,4.836733469226239,5.7,168.22,11
2023111909,2757,0,7.258897987986879,-1.2257284795183776,6.5,166.61,11
2023111909,2828,0,6.22306194730535,-0.7257806612734916,6.21,22.97,11
2023111909,2853,0,6.587753790177652,-0.061310997877699114,7.97,163.66,11
2023111909,3126,0,5.374923255266072,2.866554694373505,8.24,87.76,11
2023111909,3216,0,4.7491472918830295,-5.02334843996239,2.9,217.85,11
2023111909,3397,1,1.0200000000000031,3.6032534932849214,4.99,26.18,11
2023111909,3502,0,4.620010822498143,0.8682793357854555,4.37,232.33,11
2023111909,3527,1,2.159560140398966,-4.3479126524570955,2.68,264.16,11
2023111909,3602,0,3.7610769734213148,0.5915357269074022,3.77,57.42,11
2023111909,3813,0,9.394450489517732,2.99723726403082,5.37,147.67,11
2023111909,3843,1,0.6488451279003349,-1.4890943806373547,2.6,170.98,11
2023111909,4223,0,3.5436986327846802,3.2776935487903183,5.53,14.44,11
2023111909,4248,0,6.103646451097901,-1.8620285648065023,3.01,27.58,11
2023111909,4273,1,2.390062760682237,1.2233033072188597,4.26,41.76,11
2023111909,4296,0,9.33651433887401,2.353256455515168,1.83,165.57,11
2023111909,4321,0,7.703564110202497,-4.652468828479194,4.6,91.35,11
2023111909,4369,1,1.103177229641729,4.186267171996093,5.83,157.11,11
2023111909,4392,0,4.10173134176289,4.196944705810038,2.69,154.28,11
2023111910,164,0,9.205563535167197,-2.0473952571736604,5.58,182.05,11
2023111910,194,1,2.5554842985234725,0.20102503962690277,2.25,73.45,11
2023111910,321,0,5.58127225639459,3.2999976209757067,8.73,65.97,11
2023111910,390,1,1.3971399357258363,7.208491368782461,7.41,19.0,11
2023111910,444,0,6.253199181219164,1.251442663947966,1.95,180.8,11
2023111910,469,0,4.5012553804466595,3.2726374151491777,6.15,158.63,11
2023111910,521,1,1.5430489298787555,-2.7268996486035144,4.84,60.41,11
2023111910,741,0,8.520874368279348,-0.03041184184832841,5.69,200.65,11
2023111910,866,1,1.015972440571102,4.811458106194557,4.88,226.86,11
2023111910,942,1,1.4173919711921623,1.346336494740774,4.27,15.37,11
2023111910,1031,1,1.6786303941010987,-4.249941894177445,6.11,304.18,11
2023111910,1054,0,10.223834896945469,0.2136709459934371,4.91,355.07,11
2023111910,1165,1,1.6643316977093219,7.795951053246538,8.46,335.79,11
2023111910,1270,0,9.411110455201342,2.416125737808188,1.25,107.72,11
2023111910,1295,0,3.4240619153280543,0.9787374509546651,4.89,215.96,11
2023111910,1418,0,4.876269065586925,2.8070191010198116,7.32,15.82,11
2023111910,1522,1,2.4712952069714365,8.299155574037231,9.11,269.18,11
2023111910,1722,0,5.754728490554523,2.4788108195358505,7.89,16.92,11
2023111910,1806,1,2.6237377917772258,-0.6233723534486741,9.59,171.47,11
2023111910,1865,0,8.98372973769803,1.5613368290185106,6.86,194.01,11
2023111910,1890,1,0.8823264701911542,-2.029928029144413,3.15,47.2,11
2023111910,2019,0,7.313173045949347,-4.559481703149933,1.79,211.41,11
2023111910,2067,1,0.8000624975587859,0.24590927201040685,0.76,241.73,11
2023111910,2320,0,13.145805414656042,-2.0173879179657925,4.99,207.33,11
2023111910,2350,0,3.5501267583003284,4.576458190373756,7.23,340.6,11
2023111910,2375,1,2.188880992653554,-4.093085237413006,7.38,259.39,11
2023111910,2431,0,5.526671692800294,-2.1206080699848466,5.11,260.16,11
2023111910,2461,0,3.6423206887916946,2.704090821278287,7.51,193.33,11
2023111910,2532,0,4.874187111714112,5.96168034900941,6.58,352.98,11
2023111910,2607,0,13.157298354905537,3.3672320224347576,5.6,24.47,11
2023111910,2652,0,3.8245653347798876,-6.572048661896353,5.36,252.94,11
2023111910,2883,0,7.114000281135782,0.6160602149120882,8.11,124.63,11
2023111910,2906,1,2.920428050817206,5.411561154346625,6.7,4.68,11
2023111910,3061,0,4.025344705736392,3.1089084676544543,7.84,75.29,11
2023111910,3110,0,4.027319207611938,1.3470869304671063,1.41,81.34,11
2023111910,3146,1,2.4821160327430296,6.702685844961498,8.98,264.06,11
2023111910,3177,0,6.142939035998978,-1.0565541191668162,6.84,146.8,11
2023111910,3231,1,1.2952991932368352,5.914748592161946,8.74,107.72,11
2023111910,3280,0,8.528129923963402,0.7625698033928856,3.72,266.17,11
2023111910,3391,0,3.5168878287485947,-5.2096227602871235,4.43,339.87,11
2023111910,3453,0,4.5537896306263415,-0.411252783782174,3.95,277.54,11
2023111910,3678,1,1.2490796611905917,0.6578169260671478,7.95,75.93,11
2023111910,3721,1,2.4716391322359326,-1.4103522269160396,7.63,348.45,11
2023111910,3746,0,6.486485951576551,1.5205832940320883,7.12,344.22,11
2023111910,3793,0,3.567422038391311,1.4564144852320788,5.52,278.97,11
2023111910,3916,0,7.278021709228412,-0.010337703525739261,5.73,347.99,11
2023111910,4050,1,0.8538149682454633,-0.43682912983098054,3.49,341.23,11
2023111910,4155,0,3.922307994025967,1.875024421691798,4.15,81.1,11
2023111910,4203,0,6.0640910283405205,2.917563476984773,3.29,23.58,11
2023111910,4286,0,3.486731994289206,-1.8317983236081172,7.47,61.99,11
2023111911,100,0,4.526422428364372,4.747222402996375,7.79,183.26,11
2023111911,165,0,8.166492515149939,0.16836058519933272,1.46,240.09,11
2023111911,257,0,10.762248835629103,1.4160015603014013,6.1,342.64,11
2023111911,374,0,3.190235101054465,0.8258148978317515,4.09,7.55,11
2023111911,404,0,11.389227366243945,1.3141317877761245,4.6,26.83,11
2023111911,564,0,6.983530625693568,-0.3316180211405493,4.97,187.45,11
2023111911,589,0,6.1454536040881464,6.001758820401565,5.13,115.64,11
2023111911,638,0,10.263220742047785,-1.707295477352584,6.78,163.31,11
2023111911,763,0,4.95459382795401,0.39161451329080965,6.62,35.69,11
2023111911,938,0,4.63949350683886,-0.4257749150030292,2.49,116.57,11
2023111911,1063,0,5.992061414905559,-3.0905327381255283,4.69,325.42,11
2023111911,1132,1,2.849649101205268,1.6362357357950263,5.35,306.19,11
2023111911,1267,1,2.3645718428501983,-5.200939479546911,4.93,113.13,11
2023111911,1314,1,2.146718425877041,-2.3359298669381046,8.0,69.27,11
2023111911,1361,0,11.204146553843364,0.3916991249569368,6.32,182.07,11
2023111911,1386,0,3.667492331280327,0.4068020244142342,3.58,312.73,11
2023111911,1503,1,2.2370739817896057,4.98751130977996,7.45,350.02,11
2023111911,1575,0,3.3045725896097284,0.6002126643709167,4.32,310.71,11
2023111911,1670,0,6.030961780678102,-1.8380636791636706,5.37,10.36,11
2023111911,1702,1,2.371919054268082,2.774850282735228,6.8,105.29,11
2023111911,1727,0,8.200371942784058,-4.009817363213469,3.46,92.1,11
2023111911,1766,0,5.840419505480747,-0.2804161737171563,3.6,96.31,11
2023111911,1833,0,5.858754133772806,3.391584204699742,8.34,94.69,11
2023111911,2009,0,11.086902182305032,-0.6397983847298948,4.82,317.17,11
2023111911,2094,1,2.182200724039831,-5.173461712080284,7.12,109.24,11
2023111911,2168,0,7.879168737880923,1.990503621666702,6.89,169.96,11
2023111911,2227,1,1.648423489276948,0.715403017552108,8.3,55.63,11
2023111911,2321,0,3.6341161236262156,2.6673909948937604,5.33,157.85,11
2023111911,2405,0,11.671850752986861,4.336180067594784,6.24,180.29,11
2023111911,2457,0,4.163892409753166,2.7843996588289035,4.55,287.7,11
2023111911,2527,0,3.699864862397002,1.2066846365126638,7.55,63.09,11
2023111911,2596,0,4.902540157918132,0.383400485402994,0.66,167.09,11
2023111911,2822,0,10.797045892279987,-1.8507977718951907,0.87,292.94,11
2023111911,3107,0,15.160306725129281,4.196400018672701,4.77,20.57,11
2023111911,3132,0,4.121213413547039,-2.148379222031024,6.49,108.63,11
2023111911,3254,1,2.2635591443565146,4.16588264504389,6.64,187.73,11
2023111911,3400,0,10.246135856995068,3.3111145454864523,5.71,205.74,11
2023111911,3489,0,6.706153890271235,-1.4537638394128587,2.66,316.84,11
2023111911,3524,0,3.19377519559533,3.2807775519404245,6.88,203.5,11
2023111911,3724,1,1.261150268604026,5.340627451567198,5.74,27.75,11
2023111911,3760,0,11.520525161640851,-3.961230249656234,4.04,94.47,11
2023111911,3785,0,14.416275524559039,-2.4423498232530085,4.59,127.19,11
2023111911,3817,0,4.4463243246528945,3.4855681940768353,5.51,166.13,11
2023111911,3881,0,15.57950576879767,-1.1944217670176085,5.75,152.2,11
2023111911,3911,1,2.9737854663711074,-3.22095931190741,7.59,58.09,11
2023111911,3973,0,4.507992901502837,-6.582776805912475,6.06,329.73,11
2023111911,3996,0,4.012630060197438,-1.93232589642832,6.5,222.65,11
2023111911,4075,0,4.975620564311547,-6.114419657393351,5.92,326.88,11
2023111911,4162,1,1.778819833485112,2.897523830922994,6.9,0.2,11
2023112000,56,1,1.9691876497683003,1.9883008533098219,0.85,207.52,11
2023112000,352,0,4.397692576795248,-1.482792856769265,6.22,138.25,11
2023112000,401,0,9.031040914534708,-1.0678808256203918,3.15,180.35,11
2023112000,480,0,8.634222605423133,-0.15140051860618237,2.5,37.89,11
2023112000,544,0,5.572189874726095,4.888549848602389,8.89,350.88,11
2023112000,705,0,5.595721579921569,-0.23619280932393338,4.73,282.66,11
2023112000,969,1,1.268266533501536,-2.3763103623433874,3.15,52.61,11
2023112000,1045,1,2.0264747716169578,3.6134093174200865,7.39,95.88,11
2023112000,1128,0,4.1237846694511076,2.301782078007699,8.16,334.09,11
2023112000,1197,1,0.8612200647918073,-1.0665647591313312,3.69,326.09,11
2023112000,1369,0,7.627070210769007,0.7535191382623907,4.94,146.35,11
2023112000,1462,0,4.433057635537803,-0.8738711789351832,3.24,282.38,11
2023112000,1626,0,3.4657755264875414,-0.39333278641601954,5.19,187.77,11
2023112000,1727,0,9.082031711021495,2.05959897411787,6.77,30.72,11
2023112000,1870,0,8.120868180188618,3.504615916944686,2.23,124.37,11
2023112000,1893,0,8.689516672404746,-4.103719319508827,5.53,149.44,11
2023112000,1951,0,7.1179350938316395,-0.9703891060436687,5.62,197.32,11
2023112000,2272,0,5.305779867276824,-0.942444597553879,4.94,164.7,11
2023112000,2446,0,3.4184353145847317,0.10740398914929489,1.94,122.82,11
2023112000,2495,1,1.021420579389313,3.507718948669859,7.9,94.81,11
2023112000,2544,1,2.0758853532890558,2.186593329547506,3.55,333.79,11
2023112000,2574,0,6.8151669091813165,-1.7506513424847576,3.61,290.99,11
2023112000,2643,1,1.1322985472038747,-1.0447415142569176,6.47,304.28,11
2023112000,2666,1,2.5100199202396762,4.67103412206634,8.18,337.65,11
2023112000,2757,0,5.702429306883165,1.3414900967985122,5.09,358.61,11
2023112000,2820,0,3.862460355783605,-4.6664012028597766,4.95,78.57,11
2023112000,2901,1,1.3931618714277245,5.807535735215163,8.35,124.14,11
2023112000,3075,0,6.364526690964536,-1.9274544316481987,3.09,267.63,11
2023112000,3103,0,4.99065126010624,0.9523148050046745,7.16,321.53,11
2023112000,3157,0,5.239942747778835,3.193838805804415,2.46,256.54,11
2023112000,3311,1,1.848377667036697,4.796020750209072,3.89,236.77,11
2023112000,3334,1,1.4361058456812996,5.793295156963126,7.57,211.58,11
2023112000,3359,0,5.593174411727211,3.719488052479404,6.58,201.22,11
2023112000,3384,0,3.322800024076078,-0.9530169055041724,5.1,341.56,11
2023112000,3414,1,1.3043005788544302,0.366228494838604,5.06,318.65,11
2023112000,3533,0,7.615142808903851,4.473313795917306,4.46,121.94,11
2023112000,3556,1,1.9704060495238018,4.844325910640791,7.33,138.39,11
2023112000,3581,1,1.217086685491218,0.3732401544694768,8.82,120.05,11
2023112000,3695,1,1.53013071337058,-1.2803087726081608,2.06,220.45,11
2023112000,3982,0,7.946382824908449,3.0587619741404963,0.57,169.53,11
2023112000,4007,1,1.9409276132818534,2.0208257027109338,3.84,115.45,11
2023112000,4032,1,1.1780067911519003,-0.24195883775874472,2.13,341.79,11
2023112000,4055,1,1.876192953829643,3.113347158405493,5.43,190.58,11
2023112000,4080,1,2.9135888522576425,6.36641149862201,6.3,186.16,11
2023112000,4150,1,0.932308961664531,3.2557356348465047,8.93,262.4,11
2023112000,4207,0,8.507655376189144,-1.5695340350790303,6.64,257.66,11
2023112300,55,1,2.7954606060540352,3.3225451475651013,10.34,265.57,12
2023112300,80,1,2.7436107595648496,-1.300512541244745,5.9,221.0,12
2023112300,149,1,1.0867382389517717,-1.5700846739468144,4.34,303.77,12
2023112300,266,0,3.761834658780206,-0.36702667770170994,7.74,353.27,12
2023112300,347,0,4.520807450002713,-7.262053918454186,7.41,48.27,12
2023112300,401,1,1.329661611087575,-1.2501127770733977,6.62,108.75,12
2023112300,487,1,1.2934063553268953,0.2793744754915708,2.22,256.35,12
2023112300,561,0,3.314724724618924,-2.9793220577881834,7.31,236.23,12
2023112300,591,0,4.771771159642929,-2.989095844885725,5.94,347.91,12
2023112300,643,0,7.086113180016251,-4.279290107475182,5.85,356.44,12
2023112300,690,0,8.186653773062595,-3.860920744431784,5.01,325.68,12
2023112300,952,1,1.686564555538862,1.7870541566596072,7.11,8.61,12
2023112300,1072,1,2.431316515799619,0.2598013077758498,8.15,185.83,12
2023112300,1236,0,4.630615509843148,0.17974264018786335,5.81,202.26,12
2023112300,1271,0,4.113161800853447,-1.0673408067563535,3.94,225.47,12
2023112300,1318,0,3.0800162337234576,1.392626126632836,5.91,210.07,12
2023112300,1361,0,12.91129737865254,-2.3026662831471816,6.0,24.38,12
2023112300,1439,0,3.502284968417043,-4.695447331807404,4.24,117.88,12
2023112300,1486,1,2.0402205763103227,-1.3583813870547194,6.0,133.11,12
2023112300,1533,1,0.9381364506296479,1.0932108349898244,5.5,38.87,12
2023112300,1556,1,0.9433981132056548,6.0872191105013025,8.77,68.24,12
2023112300,1765,0,5.954258979923528,0.21623706139620946,7.75,346.31,12
2023112300,1828,0,8.327028281445914,-4.271421844987499,5.13,308.32,12
2023112300,1853,0,7.081108670257786,-1.169299470238416,4.11,260.81,12
2023112300,1955,1,0.6511528238439844,-1.9262330521982247,6.63,59.68,12
2023112300,1978,0,5.059031527871713,3.570286349002428,7.13,149.39,12
2023112300,2075,0,3.559508393022828,1.1197648892097625,5.91,220.61,12
2023112300,2098,1,1.155205609404665,-1.5216829599272401,6.81,301.23,12
2023112300,2157,0,3.7032418230518007,0.7673110734809754,9.12,259.04,12
2023112300,2212,0,9.687006761636951,-0.20908059005956703,5.08,82.52,12
2023112300,2354,0,4.191515239146815,-7.179455855127577,8.12,55.69,12
2023112300,2401,1,1.5477725931156687,6.649868548892516,7.78,168.49,12
2023112300,2552,0,6.7690545868681005,3.374406216020456,2.76,243.87,12
2023112300,2599,1,1.8618807695445967,1.0605719661236501,7.18,221.57,12
2023112300,2648,0,3.6153146474408024,1.8140108728388618,3.16,5.77,12
2023112300,2695,1,1.68324092155579,-0.2831771980462717,3.54,321.41,12
2023112300,2771,1,1.1448143954370913,0.8296745062306645,5.56,59.47,12
2023112300,2821,1,2.5035175254030047,2.180559646308085,6.83,146.09,12
2023112300,2851,1,1.4333875958721014,6.771674307039826,6.68,78.58,12
2023112300,2971,1,1.5610893632332512,1.5143385840533163,4.68,331.55,12
2023112300,2996,1,1.1140017953306898,4.412128587331106,6.69,241.86,12
2023112300,3058,1,1.2880993750483738,0.562054597539507,4.32,115.66,12
2023112300,3268,0,4.250423508310678,0.7089706801512716,6.09,298.99,12
2023112300,3376,1,0.9984988733093306,4.723672669223701,6.73,50.9,12
2023112300,3424,1,2.0689127579479996,1.736339079450066,6.12,36.61,12
2023112300,3454,1,1.4800000000000033,4.132873985832877,6.12,128.57,12
2023112300,3596,1,2.247509733015633,7.312444468783929,8.68,326.62,12
2023112300,3621,0,7.280803527084084,-1.270166678635096,5.49,334.6,12
2023112300,3644,1,1.0430723848324235,4.892490315887899,7.17,289.6,12
2023112300,3743,1,1.080740486888502,5.766083607298561,6.91,323.74,12
2023112300,3887,2,1.4189080308462512,3.7197768385417875,9.07,103.44,12
2023112300,3940,0,8.669377140256383,-2.6497360210498875,7.77,190.28,12
2023112300,3970,0,7.494084333659451,0.8911539701178736,5.32,218.66,12
2023112300,4010,1,2.7549591648516345,0.7407827238360849,0.49,181.81,12
2023112300,4033,0,6.175475690179665,1.3836022462753712,4.84,351.11,12
2023112300,4058,0,7.6430883810145875,-1.4127701309600607,3.99,263.65,12
2023112300,4083,0,3.430116616093398,1.7825374367809539,2.55,319.6,12
2023112300,4120,0,5.4334611436910105,2.707699652855191,1.72,279.13,12
2023112300,4155,0,4.147444996621414,-0.6188158642529614,5.1,337.05,12
2023112300,4242,0,5.260361204328083,-0.9565646486449905,8.38,186.15,12
2023112300,4272,0,4.966789707648192,-0.4050587117469414,6.25,269.8,12
2023112300,4297,1,1.5498387012847505,0.9746032930184658,6.12,260.08,12
2023112301,99,0,6.183243485420896,2.131274551971617,6.2,353.06,12
2023112301,149,1,1.5901257811883958,3.446711638093961,4.56,346.56,12
2023112301,217,1,2.6786750456148973,-2.4622004082253293,4.47,110.58,12
2023112301,305,1,1.2856126943990542,-0.23444836940449376,9.43,84.13,12
2023112301,328,1,0.7849203781276158,6.027086399961503,7.61,113.79,12
2023112301,439,0,4.964070910049534,4.3484837559551215,5.68,328.35,12
2023112301,468,0,6.696655881856248,-4.680184878886366,7.38,336.02,12
2023112301,493,0,4.60314023249346,-1.731197308612733,6.15,226.96,12
2023112301,518,0,3.6808966298987524,6.764346855279669,8.34,341.08,12
2023112301,543,0,6.441777704950702,-1.1005973916035932,7.05,338.54,12
2023112301,566,1,0.5403702434442481,5.22175310679318,7.48,189.62,12
2023112301,644,1,1.9448650338776718,2.6528908968088976,8.05,88.68,12
2023112301,713,2,1.4413882197381793,2.1972159174424513,6.46,37.79,12
2023112301,738,0,4.0003124877939245,3.2854737054006913,8.08,172.25,12
2023112301,818,1,2.9291978424135188,3.056620898280808,7.71,41.45,12
2023112301,879,0,11.243487003594565,-1.088290781988964,5.77,10.15,12
2023112301,930,1,0.8627861844049131,-2.8688170547548673,7.14,107.83,12
2023112301,1059,1,0.6420280367709853,1.0059279802480312,1.81,82.36,12
2023112301,1082,1,1.8603763060198355,-2.251945362116391,5.69,266.07,12
2023112301,1134,1,1.3994641831786914,0.8754261273035412,5.09,49.73,12
2023112301,1238,1,0.8881441324469774,6.378737322589838,7.49,1.58,12
2023112301,1306,1,1.3423859355639867,1.1217583134633284,3.77,224.79,12
2023112301,1353,1,2.9415982050579292,1.1035057776423067,3.9,296.21,12
2023112301,1400,0,5.6438639246530435,-1.602731703180492,5.89,243.18,12
2023112301,1484,1,1.3819189556555058,0.5109528976375524,7.92,65.45,12
2023112301,1507,0,4.6305615210252835,3.189675793358847,0.64,340.97,12
2023112301,1730,1,1.6244383644817038,4.099477422065112,6.51,152.51,12
2023112301,1777,1,1.1300000000000043,1.1108999786841518,5.12,182.65,12
2023112301,1800,0,3.9735248835259633,2.865268863849232,5.64,351.84,12
2023112301,1825,1,2.552253905864377,-1.6613851435992035,5.21,127.51,12
2023112301,1944,0,3.876751217192044,-1.9519795709635726,5.11,182.88,12
2023112301,2001,1,1.2502799686470172,-0.10809186739708337,3.36,315.09,12
2023112301,2026,0,9.159399543638221,0.550546011764008,6.43,261.82,12
2023112301,2109,0,3.324875937535114,4.782313696359759,7.93,43.02,12
2023112301,2132,0,4.674719242906467,5.405812545738067,4.54,0.5,12
2023112301,2258,0,9.281379207854833,-3.4195730710485566,5.9,347.04,12
2023112301,2309,1,1.4600342461736995,1.4583533876318215,8.54,282.0,12
2023112301,2332,0,10.085018591951135,-1.8479193951836514,3.54,281.78,12
2023112301,2455,0,5.3296153707373675,-1.2766746467291281,5.98,143.18,12
2023112301,2505,0,4.838729172003743,-0.9224114433023576,4.75,88.88,12
2023112301,2552,1,2.2000454540758922,0.5679862469111455,7.74,97.52,12
2023112301,2662,1,2.373604853382299,3.891577305741967,7.75,277.36,12
2023112301,2711,0,5.311431068930484,0.06328774817531668,2.58,112.45,12
2023112301,2765,1,2.984577021958056,4.067051163904581,6.97,11.0,12
2023112301,2790,0,8.04114419718985,3.1273489841408786,6.55,14.48,12
2023112301,2861,1,1.436175476743704,6.601887186637283,8.25,24.28,12
2023112301,2944,0,5.450917353987307,-3.141918691062376,7.36,202.99,12
2023112301,2967,0,4.1326988760372965,-0.6453838870291784,4.87,269.08,12
2023112301,3019,1,0.9090654541890792,1.7386775215133572,5.78,210.14,12
2023112301,3075,1,2.6284025566872367,-0.5603081846896016,2.9,319.86,12
2023112301,3142,0,7.5132216791467,1.3379132066656627,4.41,30.87,12
2023112301,3171,1,2.7071756500086934,-0.03614320977720853,7.44,176.52,12
2023112301,3266,1,1.8294534703019931,3.2113330816660524,5.33,334.61,12
2023112301,3301,1,1.011335750381645,-3.4063041089391466,5.08,310.45,12
2023112301,3368,1,1.0259142264341614,4.168169320698143,7.82,11.76,12
2023112301,3393,1,1.2160592090848255,-2.1135160039030794,5.73,133.6,12
2023112301,3479,1,1.397891269019163,6.998306569435752,7.35,180.19,12
2023112301,3504,1,0.9219544457292881,-0.2087795813630764,6.49,265.24,12
2023112301,3534,0,3.7647974713123658,-3.4188437026804634,6.59,240.01,12
2023112301,3557,0,4.502854650108083,1.6816837920514813,3.54,288.37,12
2023112301,3582,2,1.0307764064044165,1.1338059143182848,6.35,212.45,12
2023112301,3605,2,1.3364505228402588,2.3891023096592714,6.66,218.71,12
2023112301,3721,0,5.183994598762618,5.300450838619584,9.5,85.48,12
2023112301,3778,0,10.379209989204375,2.4843367108700622,5.36,347.37,12
2023112301,3808,0,5.405959674285412,1.7815138546739073,2.52,279.26,12
2023112301,3831,1,2.8245353600194116,-0.08316367540034308,2.6,87.3,12
2023112301,3879,0,4.172349458039199,-0.40653358399980233,6.56,218.24,12
2023112302,64,1,2.886693610343849,-0.15009608791173912,3.87,61.05,12
2023112302,89,0,5.3634690266654905,6.740346989806723,7.78,146.94,12
2023112302,112,0,8.195517067275253,-4.713588706136505,4.61,110.41,12
2023112302,208,1,1.4945902448497392,0.41438227723065435,2.85,63.23,12
2023112302,345,0,4.513634898837083,-1.3809965414190235,6.1,307.83,12
2023112302,368,1,2.8404401067440235,-1.199258660069361,6.39,304.66,12
2023112302,463,0,6.509938555777623,1.1778794710145952,6.64,75.83,12
2023112302,488,0,8.24607785556261,-6.832315889800961,7.89,13.75,12
2023112302,535,0,7.142135534978312,0.5572025842843955,3.64,83.93,12
2023112302,696,0,11.610120585075768,-0.5080928795419013,4.14,252.6,12
2023112302,815,1,1.0650821564555448,1.4453933817597906,5.47,15.51,12
2023112302,862,0,12.159708055705932,1.5091931445005282,0.36,238.02,12
2023112302,947,0,3.000433302041557,0.09084169967627023,4.16,316.12,12
2023112302,1087,1,1.8604300578092148,-2.1677171521896814,5.98,129.4,12
2023112302,1271,0,4.816658592842138,-1.4434253116296074,5.02,28.37,12
2023112302,1333,0,6.268053924464912,1.6392382332076898,6.2,286.8,12
2023112302,1403,1,0.667083203206315,-2.366095796902636,4.44,278.98,12
2023112302,1428,0,5.198018853370962,-2.281051899100736,8.18,315.02,12
2023112302,1473,1,2.6391096983642046,1.0597560335665483,6.28,356.75,12
2023112302,1853,0,11.503851528944558,-2.5767774576299995,5.85,359.44,12
2023112302,1958,1,2.258583626966248,2.097344797730938,6.9,12.25,12
2023112302,1983,0,5.153959642837734,0.16295877937830883,6.32,30.62,12
2023112302,2013,0,5.151640515408658,-3.794934582111517,4.56,101.86,12
2023112302,2043,0,6.259912139958514,-0.16817895156035145,6.03,130.32,12
2023112302,2187,1,2.0634437234875085,0.9021003362820522,4.44,126.23,12
2023112302,2256,1,0.7863841300535005,0.511653689390644,8.77,78.73,12
2023112302,2279,1,2.423901813192938,0.4795621297324676,3.91,146.84,12
2023112302,2375,0,6.502015072267979,-3.107462145498989,4.77,342.82,12
2023112302,2398,1,2.8014282071828913,1.5692143658163284,4.92,225.7,12
2023112302,2488,0,10.096954986529353,-2.1547986830064785,2.03,204.85,12
2023112302,2513,0,8.11321144800256,-0.6447616409458591,3.43,247.89,12
2023112302,2538,0,4.792421100028668,2.1838564980084425,7.92,198.36,12
2023112302,2625,0,4.2168353062456685,-3.248079395976673,2.87,105.53,12
2023112302,2648,1,1.2605157674539411,4.75860914366685,7.49,106.05,12
2023112302,2903,1,1.0735455276791965,-3.0448537161884515,4.64,123.07,12
2023112302,3105,0,6.00581384992908,-3.31413636817517,4.94,259.95,12
2023112302,3194,0,15.765734997138571,-2.321724336293953,5.38,354.68,12
2023112302,3302,0,5.251637839760085,-1.1520379147081383,3.61,266.77,12
2023112302,3396,0,6.2470232911363475,2.303564654489277,8.54,8.79,12
2023112302,3514,2,2.0800240383226343,-0.897778278184443,5.28,70.53,12
2023112302,3585,0,7.9500062893056915,1.879986578783588,4.73,262.83,12
2023112302,3630,0,5.412217660072439,-3.739947154577362,6.79,258.17,12
2023112302,3655,0,5.092838108559898,-3.3617752837073036,6.0,310.26,12
2023112302,3707,0,11.127699672439045,0.5383975423704416,4.01,263.64,12
2023112302,3754,0,5.982415899952122,-1.9234415076969587,2.82,354.35,12
2023112302,3784,1,2.0353132437047594,-3.5563850554510212,7.13,300.82,12
2023112302,3928,0,5.3922629757829865,6.7350030026081775,8.89,14.27,12
2023112400,135,0,6.943802992597071,-4.1377580617010485,2.25,32.65,12
2023112400,192,1,2.071352215341465,3.220662501373846,4.1,335.32,12
2023112400,277,0,4.877724879490434,1.558763500662843,6.25,29.19,12
2023112400,391,1,1.4234113952051934,-0.9569737125182516,7.59,53.96,12
2023112400,443,0,3.855191305240244,0.5904801987540113,6.04,31.18,12
2023112400,582,1,1.1543396380615187,0.03474537001786149,4.62,139.03,12
2023112400,657,0,15.309376211981998,-1.6289397542251631,4.06,199.7,12
2023112400,730,0,4.297964634568326,1.3282441466361006,7.73,176.95,12
2023112400,799,0,7.948289124081989,-3.5723470654526683,6.26,36.63,12
2023112400,829,0,3.3050416033690118,0.33407000100957385,6.63,154.92,12
2023112400,921,0,3.29862092396202,-0.7537477659139662,3.58,245.6,12
2023112400,990,0,6.856128645234131,2.7212437273478476,4.97,19.76,12
2023112400,1085,0,3.6560361048545467,0.2708385620080215,5.0,208.41,12
2023112400,1121,0,3.790646382874561,-0.18192063194306488,8.78,182.41,12
2023112400,1166,1,1.636001222493435,1.768089385311771,5.76,231.29,12
2023112400,1235,0,3.4430800164968596,4.321219944268311,7.85,245.87,12
2023112400,1289,0,5.533904588985972,-2.968998650157444,7.11,331.39,12
2023112400,1403,0,10.543794383427628,-0.9210592746554009,6.43,163.58,12
2023112400,1503,0,5.576602908581533,-2.883113857719531,6.88,278.66,12
2023112400,1660,0,7.440967679005198,-3.9861324525213044,3.74,128.59,12
2023112400,1714,0,6.406808878060905,3.485831630251904,6.25,158.5,12
2023112400,1772,1,2.8983443549723322,3.6903801861067715,5.68,338.09,12
2023112400,1917,0,3.508518205738711,0.8768241669090715,6.18,288.83,12
2023112400,1977,0,5.107768593035515,3.712903622600494,7.02,310.85,12
2023112400,2007,1,1.1162884931772799,9.624344199327588,9.0,356.93,12
2023112400,2145,0,9.906412064920378,-1.472263018671678,6.54,18.62,12
2023112400,2170,1,2.0753072061745446,-1.7748163161464692,7.97,118.83,12
2023112400,2370,0,12.205154648753952,-3.068350969668782,3.15,251.13,12
2023112400,2489,0,4.123117752381083,0.0010905490006510865,4.42,35.3,12
2023112400,2817,1,1.0220078277586737,1.547717891509685,4.53,51.71,12
2023112400,2950,0,6.37410385858279,-0.520316517526718,4.27,83.37,12
2023112400,2975,0,5.515523547225594,0.8039580214704368,6.22,84.45,12
2023112400,3078,1,2.5456826196523368,-0.18269111868273058,5.32,112.37,12
2023112400,3103,0,3.9884332763630397,2.5296958309933055,4.61,132.78,12
2023112400,3171,0,5.272276548133645,-0.08424015310121513,4.5,121.61,12
2023112400,3196,1,1.7572706109191016,0.2731343660743033,4.98,44.73,12
2023112400,3221,0,5.722674200057172,1.4195346756386134,4.62,121.98,12
2023112400,3278,1,1.2831601614763535,-0.40367979544168575,4.28,158.54,12
2023112400,3406,0,5.246903848937965,0.7862668041636992,7.57,169.98,12
2023112400,3567,0,8.441919213069975,1.9319668024843353,5.55,181.45,12
2023112400,3597,0,5.269772291095694,2.120496844523948,4.78,11.54,12
2023112400,3622,0,3.206009981269556,-0.05898171176963979,5.5,55.78,12
2023112400,3713,0,4.391104644619618,-2.105231626840324,5.65,84.02,12
2023112400,3738,3,1.5880806024884249,-0.6896424439902623,8.18,164.88,12
2023112400,3976,0,7.460241282961295,-3.7896613451950167,5.3,1.14,12
2023112400,4001,0,3.1219385003551854,-3.5409182913261374,5.64,81.28,12
2023112400,4031,0,4.7164075311618285,1.728329336749902,3.8,140.66,12
2023112400,4054,1,1.1899999999999986,0.3512021507683425,3.91,163.93,12
2023112400,4079,0,10.827488166698684,0.4501392203472106,3.9,113.63,12
2023112400,4104,0,11.856158737128977,-1.743202105894445,5.02,153.65,12
2023112400,4136,0,6.760362416320582,-2.822065219859509,6.64,72.9,12
2023112400,4179,0,12.340279575439126,-1.6921806618521873,5.34,20.42,12
2023112600,101,0,3.9279638491208164,0.14154994276554445,8.33,179.94,12
2023112600,152,0,5.567926005255454,4.1159106966431835,4.73,24.44,12
2023112600,206,0,3.5569228273888673,-0.9930422138356524,5.13,66.47,12
2023112600,279,1,1.915959289755396,4.298214108140735,8.53,204.94,12
2023112600,360,0,9.12460958068892,-1.9850753719980077,7.97,184.57,12
2023112600,407,0,3.3440843290802333,-0.07485068046761359,1.88,226.14,12
2023112600,476,1,1.4450605523645008,2.582127057038977,5.38,327.7,12
2023112600,499,1,1.5414927829866738,-1.2235428731557507,1.97,322.07,12
2023112600,614,0,4.939635614091389,-3.6644978213104733,7.91,28.89,12
2023112600,728,1,1.7378722622793632,7.449837144364105,8.38,216.02,12
2023112600,795,1,1.341827112559584,-2.1016762412107965,4.63,336.56,12
2023112600,818,1,1.3652838532700873,8.742284476251665,8.24,282.55,12
2023112600,843,0,7.097393887899983,4.045808227630931,5.79,353.54,12
2023112600,873,0,7.268700021324311,1.8564939840801817,7.05,334.83,12
2023112600,903,1,0.9113725912051558,-1.5912575784389817,4.98,247.98,12
2023112600,1142,0,3.172900880897475,-1.993942259220803,6.62,359.04,12
2023112600,1245,1,1.3420134127496643,1.2388119901650336,5.63,318.25,12
2023112600,1361,1,1.8796808239698606,0.49949813775543966,4.12,241.88,12
2023112600,1430,0,8.770478892284046,5.307018696750167,7.21,1.31,12
2023112600,1526,1,1.726788927460446,5.835496499113975,7.16,181.35,12
2023112600,1588,1,1.7516278143486974,0.1610883836750232,5.99,49.76,12
2023112600,1645,0,7.863078277621302,-2.374444349544437,4.68,33.94,12
2023112600,1694,1,1.3437261625792654,3.881245588517391,5.06,148.57,12
2023112600,1720,0,4.358279477041371,2.4249521983433935,5.2,53.84,12
2023112600,1783,0,3.029521414349134,-1.8503298911016808,6.21,131.1,12
2023112600,1813,1,1.5373353570382764,5.789275153399222,7.8,128.88,12
2023112600,1836,1,1.0630145812734675,-2.2479087509681217,2.25,66.57,12
2023112600,1902,0,5.092946102208425,5.04730008812208,5.09,175.78,12
2023112600,2005,1,1.932588937151406,4.090873233709299,6.49,190.51,12
2023112600,2097,0,5.470036562949098,-2.9184483408782143,3.88,258.2,12
2023112600,2205,0,4.611854290846581,-4.15956573425283,4.69,252.3,12
2023112600,2323,0,4.7788073826008075,-2.573916406896545,6.04,104.16,12
2023112600,2570,1,1.587765725792063,4.726767822278992,8.84,289.81,12
2023112600,2602,1,1.30633073913156,-2.6600915965177703,1.97,293.25,12
2023112600,2652,0,5.744884681175077,0.9970241548044418,7.0,334.74,12
2023112600,2860,0,3.5570915085220993,0.0760750723560536,4.36,259.13,12
2023112600,3005,0,10.266377160420323,-2.70908546245947,6.53,18.42,12
2023112600,3052,0,3.295284509719913,-5.1045696574352375,8.67,69.84,12
2023112600,3079,0,4.7797280257353565,-2.234727463714366,7.2,188.67,12
2023112600,3262,1,2.960422267177446,-4.2877691312607435,6.72,341.52,12
2023112600,3292,1,0.9310746479203539,-3.4230738667311456,2.84,258.52,12
2023112600,3361,0,4.746050990033714,1.5837517903631075,6.22,340.08,12
2023112600,3391,0,3.1223388669393395,4.002963000714721,8.56,304.03,12
2023112600,3596,0,6.694908513191195,-4.472097158303054,6.46,160.13,12
2023112600,3621,1,2.2942754847663704,0.023843819527674587,4.74,156.3,12
2023112600,3981,1,0.9108786966440667,3.0285799431039995,6.98,49.79,12
2023112600,4004,1,0.9124143795447374,0.29390760267180704,6.3,42.52,12
2023112600,4027,1,0.9700000000000024,0.9057807771375165,3.97,105.29,12
2023112600,4052,1,1.3931618714277239,1.1277578965138384,4.57,149.53,12
2023112600,4077,1,1.4649232061784005,3.2171111440523106,6.52,50.5,12
2023112600,4102,1,1.1168258592994753,-3.884357621863326,4.09,67.66,12
2023112600,4155,1,2.2192341021172206,-2.9033539157609374,4.25,41.51,12
2023112601,55,1,2.4725695136840997,3.7684743887448886,6.79,75.34,12
2023112601,280,1,2.0580087463371006,-0.7684365161656463,2.35,11.87,12
2023112601,346,0,3.8849967824954494,1.6575702311109897,7.77,158.0,12
2023112601,413,1,1.8830825791770274,4.313877943318995,7.27,85.35,12
2023112601,516,1,1.888279640307547,3.061238990402379,7.59,102.05,12
2023112601,577,1,0.9533624704172103,3.0122778191163975,5.71,296.26,12
2023112601,690,0,11.412488773269397,-0.5444813290211916,6.15,194.45,12
2023112601,857,1,0.9662815324738454,1.3279758235052652,8.16,282.84,12
2023112601,904,1,0.9200543462209182,-1.5886379596711786,7.2,242.46,12
2023112601,1005,0,3.3643127084146056,1.1016748538302412,4.6,157.47,12
2023112601,1030,0,5.710560392816096,-3.638642776874359,6.03,119.54,12
2023112601,1085,0,10.868785580735322,-2.7920826132879406,4.79,20.32,12
2023112601,1149,0,5.080354318352215,-2.6283555319606506,2.55,304.52,12
2023112601,1218,0,3.4803735431703355,0.49536237375229053,4.58,330.93,12
2023112601,1288,0,4.430677149150002,-0.9932061039666735,6.56,169.7,12
2023112601,1364,1,1.5880806024884249,4.179046401191474,5.62,199.96,12
2023112601,1440,0,10.343819410643247,1.3142093445458285,6.13,182.31,12
2023112601,1530,0,4.124778781946979,6.258122650792269,7.05,26.88,12
2023112601,1566,0,4.141521459560486,-2.743518445682439,5.61,41.63,12
2023112601,1596,1,1.6638509548634453,1.3555839075338787,0.69,179.71,12
2023112601,1631,0,5.294383816838372,0.976717608399041,5.59,5.14,12
2023112601,1679,1,1.8555861607589157,-4.396237403876794,2.65,240.57,12
2023112601,1709,0,5.8831964101158505,-1.9850527950288506,1.38,154.65,12
2023112601,1734,0,7.1518738803197595,0.3479819296588442,3.86,291.86,12
2023112601,1833,0,5.613350158327916,1.534790191616953,4.1,306.81,12
2023112601,2024,1,1.524335920983303,4.166715394664872,6.55,195.33,12
2023112601,2093,0,4.146094547884797,-2.512606989696267,4.8,214.74,12
2023112601,2118,1,0.9840731680113997,-0.6475208546389033,6.18,304.16,12
2023112601,2170,1,1.7596022277776302,3.8083432769793304,3.98,175.55,12
2023112601,2200,0,6.751066582400146,5.718001674520815,3.11,234.79,12
2023112601,2286,0,3.0572209602840283,0.7475315564262517,5.85,131.22,12
2023112601,2309,1,2.0652602741543267,3.9491638099792468,7.13,158.83,12
2023112601,2378,0,4.73826972638747,0.5604282724407013,3.82,130.3,12
2023112601,2403,0,3.749453293481596,-2.7052907890838402,1.65,287.58,12
2023112601,2475,2,2.05779007675711,2.6469640211261725,6.65,32.83,12
2023112601,2628,0,4.378241656190299,4.157749027941623,6.87,340.33,12
2023112601,2846,0,5.286482762669335,1.0956582625927345,7.47,186.12,12
2023112601,2883,1,0.7433034373659262,2.3623517648972525,7.83,261.28,12
2023112601,2906,0,4.238207168131349,-0.40047493271784296,7.74,202.76,12
2023112601,2999,1,2.51340406620186,5.085138237129268,6.57,344.87,12
2023112601,3029,1,1.3241223508422428,-1.401075912988102,8.27,244.56,12
2023112601,3103,1,1.2304470732217625,3.008605844972711,6.63,234.62,12
2023112601,3169,1,0.6521502894272172,3.1679090988197407,5.52,4.41,12
2023112601,3194,0,5.057756419599507,-2.921844290636916,4.13,146.38,12
2023112601,3326,1,2.9041349830887695,1.8881411842574816,7.87,187.57,12
2023112601,3402,0,7.939181317994949,1.1463424616858346,3.17,268.57,12
2023112601,3510,1,1.3319534526401442,1.430832729645896,1.78,277.44,12
2023112601,3533,0,4.894343674079285,1.0265201203050442,4.22,132.05,12
2023112601,3558,1,2.4052026941611375,1.294606337324683,1.59,104.97,12
2023112602,55,1,2.024104740372884,-2.8269999300909854,3.12,286.63,12
2023112602,80,1,1.9262658175859306,5.984803263831021,5.87,353.66,12
2023112602,226,1,1.998224211643929,1.3371236560077253,6.37,60.93,12
2023112602,295,0,3.167648970451117,-0.98516075538461,5.42,114.26,12
2023112602,342,1,2.6103064954139037,-3.467029897786581,5.67,29.2,12
2023112602,365,1,1.1806777714516352,5.41980351911436,7.4,161.32,12
2023112602,412,0,4.4655570761104375,2.3595644660084325,5.87,24.57,12
2023112602,548,0,5.497526716624474,-0.7019014834588697,6.88,193.09,12
2023112602,596,1,2.2775425352778744,5.388792609538413,6.3,285.07,12
2023112602,678,1,1.0742439201596605,0.7429506177950147,3.99,54.32,12
2023112602,1011,0,7.094406247178114,-2.4568003924339292,4.64,279.89,12
2023112602,1256,0,6.325219363784942,-0.7586951613715387,9.03,140.54,12
2023112602,1350,0,5.729310604252493,1.6337981038091978,1.14,167.94,12
2023112602,1433,0,5.276409764224157,0.17898019384464847,6.47,337.24,12
2023112602,1502,0,4.0410023509025566,-1.9583026291555519,3.58,270.22,12
2023112602,1571,1,1.3618002790424142,7.942861352371023,8.79,262.51,12
2023112602,1666,0,8.627172190237077,-0.05620740082647467,3.61,80.51,12
2023112602,1728,0,5.397962578603153,3.5233647378997555,7.88,159.4,12
2023112602,1753,0,10.225385078323463,1.2018792994015368,1.16,274.58,12
2023112602,1805,1,0.9513148795220223,6.807266697897842,7.51,356.03,12
2023112602,1830,0,7.428546291166254,3.3467076994499325,8.18,173.69,12
2023112602,1958,0,4.979176638762676,3.662415025609358,6.34,201.49,12
2023112602,1983,1,1.1244554237496471,2.970598416825379,6.97,236.89,12
2023112602,2037,1,1.6260381299342253,8.12525236209112,8.95,235.1,12
2023112602,2166,0,8.023989032893802,0.053507627036067096,6.86,202.3,12
2023112602,2189,1,1.5749285698088058,0.24249176860626465,6.61,313.94,12
2023112602,2269,0,4.738143096192847,-2.6584631391857765,6.42,299.83,12
2023112602,2316,1,0.6166036003787198,0.933938548053348,2.97,202.62,12
2023112602,2343,0,8.137622502918155,-4.552253688629232,1.0,106.71,12
2023112602,2375,0,5.109060579010588,-0.4289283834637685,7.28,179.73,12
2023112602,2400,1,0.7111961754677818,4.756962798276786,6.52,62.06,12
2023112602,2556,0,4.787692554874423,5.899366207159582,9.17,332.68,12
2023112602,2608,0,5.7408710140535275,-2.431310010790239,4.74,311.66,12
2023112602,2689,1,1.831529415543195,0.9342594073357016,4.63,261.9,12
2023112602,2768,0,4.381346824893005,6.662940211235434,6.49,342.62,12
2023112602,2791,1,2.7400729917285034,0.957654200138589,4.99,324.44,12
2023112602,2848,0,10.279066105439739,-2.4970664102607976,4.02,84.6,12
2023112602,2895,1,2.017176244159141,0.038715739715276684,0.99,113.01,12
2023112602,2987,0,4.724235387869659,0.5309202545976072,3.89,258.43,12
2023112602,3071,1,2.8351014091210263,3.5808084901190114,5.49,20.82,12
2023112602,3116,0,7.0965977763996175,-2.6992370801380385,2.81,118.12,12
2023112602,3196,0,4.943278264471869,1.7537697657315467,3.89,49.73,12
2023112602,3221,0,4.4494606414710525,1.0856546061443104,2.49,115.25,12
2023112602,3249,0,4.968470589628157,2.8582214481826838,2.31,54.7,12
2023112602,3419,1,1.498065419132289,5.281359892487325,7.11,271.27,12
2023112602,3442,1,0.9656603957913992,4.112990211688498,7.34,257.24,12
2023112602,3516,0,4.442071588797283,1.3776929283352757,7.84,134.98,12
2023112602,3561,1,1.764766273476461,5.736444033818038,7.66,0.61,12
2023112602,3605,1,0.9340770846134692,-2.4012631267567883,6.64,355.12,12
2023112602,3635,0,4.1599639421514185,1.5105165307175656,8.24,264.11,12
2023112602,3660,1,1.217538500417953,3.367135657577786,5.05,353.11,12
2023112602,3685,0,7.842716366157837,1.748051207289962,4.97,208.74,12
2023112602,3710,0,4.622910338736843,5.048566672220089,4.96,338.55,12
2023112602,3762,0,3.1452980780841733,1.9484794415655575,4.44,163.01,12
2023112602,3831,1,1.850972717248962,8.732363501078982,8.17,167.57,12
2023112602,3967,0,7.244998274671979,2.3766890026718066,3.87,307.12,12
2023112602,3992,0,4.770010482168776,5.141826503784824,6.21,326.78,12
2023112602,4037,1,2.482780699135549,2.588966628987998,3.39,43.51,12
2023112602,4069,0,4.482019634048917,3.1976542832630197,4.07,338.68,12
2023112602,4114,0,3.9369531366273596,-2.585894084171591,6.89,188.26,12
2023112602,4146,1,1.9505896544378563,2.68442119719586,4.61,358.78,12
2023112603,80,0,3.641565597377036,0.21382431029544016,1.97,153.95,12
2023112603,105,0,6.595399912059921,2.941374140274242,6.11,6.01,12
2023112603,174,1,0.7233947746562727,5.32553591906332,7.14,40.35,12
2023112603,219,0,4.240188675047375,0.7268950792221073,1.67,75.16,12
2023112603,299,1,2.995479928158428,-4.142194479462669,7.19,102.93,12
2023112603,444,1,0.7433034373659257,2.9287247960843312,6.57,142.36,12
2023112603,523,0,7.248841286716101,0.8467642637720414,3.38,239.41,12
2023112603,548,0,4.522521420623675,-2.43206966062187,5.56,267.39,12
2023112603,607,0,6.951560975780903,-1.5448298444991013,4.35,220.7,12
2023112603,632,0,8.090686003053142,-1.960683871861938,4.37,291.81,12
2023112603,657,1,2.0545559130868174,6.28013925963645,7.83,193.2,12
2023112603,704,1,1.3250283015845363,-2.937273810402538,6.66,172.52,12
2023112603,727,1,1.0733592129385217,-0.5105283751889942,5.74,298.58,12
2023112603,813,0,7.374259284836684,-0.9077927071085673,5.5,37.58,12
2023112603,876,1,1.5925451327984435,-3.0787787126568893,1.66,129.82,12
2023112603,937,0,4.413037502673184,-1.8996108233221674,6.37,304.66,12
2023112603,1209,1,2.9681138792168977,4.317876081964126,4.94,206.47,12
2023112603,1234,0,5.824748921627435,-4.978016048723721,7.37,17.35,12
2023112603,1304,1,1.148259552540272,3.0143532147666607,5.64,76.45,12
2023112603,1329,0,3.051098162957072,-0.3366086438839031,7.16,173.47,12
2023112603,1354,1,1.049999999999999,6.5594566039237066,6.39,175.12,12
2023112603,1521,0,6.856763084721542,-2.1075857054445692,6.18,191.0,12
2023112603,1566,1,1.1704699910719603,1.916748017532723,5.48,32.26,12
2023112603,1618,0,3.596067296366961,2.4561815643455613,4.65,144.2,12
2023112603,1667,1,0.8809086218218064,-1.7293585107882496,3.89,282.49,12
2023112603,1692,1,2.1392755783208486,-0.06850235978472044,5.48,220.12,12
2023112603,1767,1,1.7334935823359716,-2.364614493666343,4.15,82.57,12
2023112603,1809,1,0.7211102550928021,1.534270641345134,0.8,328.18,12
2023112603,1832,1,2.4758432906789545,-2.553409417202436,6.09,59.9,12
2023112603,2058,0,4.522267130544147,-0.49821661751543944,6.69,223.24,12
2023112603,2143,0,14.26924314741325,-3.5018856664296023,5.34,147.59,12
2023112603,2168,0,7.364835368153182,2.1295517624237026,5.71,146.36,12
2023112603,2214,0,7.147146283657555,-1.541048844950916,3.83,23.09,12
2023112603,2239,1,1.1289818421923348,1.1954774423541776,4.25,39.75,12
2023112603,2357,0,6.527059062089135,1.4965708057808955,6.71,340.09,12
2023112603,2382,0,3.1107716084598676,0.04106267561755006,3.84,216.98,12
2023112603,2421,0,5.7958347112387525,3.5249367422800426,5.46,276.33,12
2023112603,2469,2,1.308625232830239,-0.6696183519088398,5.26,183.84,12
2023112603,2538,1,1.1610340218959991,-1.2872073656288192,8.72,240.87,12
2023112603,2561,1,1.5164761785138585,2.931324103126982,6.96,194.25,12
2023112603,2628,0,6.150812954398792,-2.656379048987694,6.69,181.67,12
2023112603,2717,1,0.9773944955850767,3.356923981890904,7.27,77.37,12
2023112603,2740,0,8.431874050292732,-2.8889139712124243,4.53,134.91,12
2023112603,2930,1,1.6129786111415096,3.8736828992732018,6.37,331.43,12
2023112603,2960,1,1.1220071301021233,0.7682979885419055,5.72,322.17,12
2023112603,2983,1,2.6150334605889856,3.6051412332961994,8.69,358.28,12
2023112603,3164,0,3.1765389970847235,-3.53459005677124,6.15,236.15,12
2023112603,3199,1,2.300543414065467,-1.4640333875642975,6.84,227.15,12
2023112603,3222,1,2.410808992848667,3.101324049857345,7.57,322.45,12
2023112603,3338,0,7.700973964376195,-4.57614899722672,6.27,164.81,12
2023112603,3363,0,4.316676962664685,-2.2872569533026867,4.76,100.73,12
2023112603,3426,0,12.208931157148854,2.011438401665651,2.16,145.33,12
2023112603,3456,0,3.7117111956616435,-2.6025231616471496,6.09,135.05,12
2023112603,3503,0,6.323171672507396,0.7646553380094003,6.21,91.51,12
2023112603,3668,0,6.4625846222699455,3.9610167708738775,4.73,197.82,12
2023112603,3725,0,12.427924203180513,-0.13561263906276144,3.49,226.99,12
2023112603,3750,1,1.5749603169603985,-4.456907835512391,5.92,238.55,12
2023112603,4004,0,7.588708717561904,0.6660595943195023,6.49,2.23,12
2023112604,111,0,3.121361882255874,3.310423295091265,9.04,143.71,12
2023112604,270,0,4.861285838129662,-0.3596813068360666,5.61,231.44,12
2023112604,319,1,1.366930868771348,2.517544984680717,7.18,47.76,12
2023112604,392,0,4.63699255983876,-1.2080894073084552,5.4,9.13,12
2023112604,489,1,1.7112568480505796,1.0814297147538787,6.61,207.6,12
2023112604,534,0,5.516611278674618,1.636552438866177,5.59,338.42,12
2023112604,559,0,6.2438209455428755,-2.258456309816914,5.84,334.98,12
2023112604,611,1,0.8438601779915899,-0.08073767966503409,4.32,243.84,12
2023112604,656,0,7.282375985899106,-0.8734777783844465,5.72,252.09,12
2023112604,756,0,6.06320872146094,-0.17625048461169074,3.78,75.04,12
2023112604,786,0,5.176726765051447,1.6037955188732669,5.08,34.26,12
2023112604,874,0,10.889995408630794,-3.422541437461552,4.82,300.01,12
2023112604,950,1,2.9062174729362535,4.7338000542879755,9.07,205.9,12
2023112604,1024,0,6.427005523570057,-5.6047167290211535,7.49,231.67,12
2023112604,1069,0,3.976153920561931,1.0593735721409763,6.57,335.39,12
2023112604,1250,1,1.350703520392245,-0.6676699032109905,8.38,287.59,12
2023112604,1355,0,9.45188341019926,-0.36458714706150375,0.43,92.36,12
2023112604,1563,1,1.7392239648762897,3.3801272598356875,5.73,120.82,12
2023112604,1588,0,8.945708468310372,0.23560118290807253,0.02,305.67,12
2023112604,1618,0,3.9903132709099514,-0.9019151880262171,6.31,145.64,12
2023112604,1641,0,5.5308679246570245,-1.2157838024020002,5.64,69.09,12
2023112604,1713,0,6.059768972493922,-3.8044509464911553,8.25,175.32,12
2023112604,1765,0,3.7603324321128824,2.0679403462946975,6.28,4.7,12
2023112604,1790,0,5.468939568142988,1.61398043252359,4.23,340.19,12
2023112604,1866,0,3.095173662333015,-3.299327377479085,7.79,104.98,12
2023112604,1990,0,6.970007173597455,-2.89584830918874,5.6,260.64,12
2023112604,2065,0,4.734944561449481,3.0364255645803455,3.98,11.05,12
2023112604,2359,0,6.729673097558296,4.227940746890345,3.13,172.56,12
2023112604,2581,1,1.6726027621644006,-0.5130010492711268,8.63,307.28,12
2023112604,2658,0,11.866086128121605,0.2980003449186669,4.53,339.95,12
2023112604,2799,0,14.22443320487674,1.6624671521213512,4.61,153.06,12
2023112604,2983,0,3.6208424434100963,5.770445376934539,3.79,278.95,12
2023112604,3023,0,7.395201146689657,-5.1061936905719225,6.98,153.9,12
2023112604,3159,0,5.472842040475856,1.0907832530388546,8.7,198.79,12
2023112604,3213,0,12.255521204746863,-0.3852868662804967,2.51,149.77,12
2023112604,3315,1,1.5279397893896236,0.9127925452168626,5.73,147.88,12
2023112604,3574,1,1.6936646657470285,0.05711467121668612,3.39,29.66,12
2023112604,3692,1,1.1011357772772645,2.986432395550823,5.88,295.93,12
2023112604,3715,1,2.866932158248605,-4.469776964987863,6.8,188.64,12
2023112604,3752,0,7.4774394012924,-0.640740405933593,2.79,307.75,12
2023112604,3826,1,1.3292479076530452,0.9904860720599631,4.14,236.63,12
2023112605,62,1,1.3263860674780932,1.7402924957731007,5.65,48.67,12
2023112605,87,1,2.5040966435023995,1.3878078081011582,3.61,190.23,12
2023112605,173,0,3.194620478241513,5.292071119590383,9.4,342.41,12
2023112605,342,0,4.2638128476751875,-1.4806166024765666,6.41,141.72,12
2023112605,438,1,2.104899047460468,-1.2350445342018368,5.85,125.68,12
2023112605,485,0,5.455730931781731,-2.4119692538356916,6.39,44.5,12
2023112605,532,1,2.2105429197371436,-4.276759548358336,7.01,60.8,12
2023112605,562,1,2.3785709995709565,0.6844586218275325,6.36,15.09,12
2023112605,587,0,4.024350879334458,-3.019663637905486,6.98,141.71,12
2023112605,634,1,2.656463814923885,4.474930681715842,7.64,37.88,12
2023112605,878,0,4.472359556207442,6.8791207126479375,6.76,357.24,12
2023112605,1040,1,2.0884922791334346,-1.1910201054314804,6.17,142.24,12
2023112605,1150,1,1.314686274363584,5.026551421691715,6.05,173.89,12
2023112605,1303,0,8.420172207265123,1.0285078523514308,5.49,343.75,12
2023112605,1455,0,8.368183793392685,-5.70748465837052,9.55,171.46,12
2023112605,1501,0,3.061110909457548,-1.6138358957430499,6.06,123.44,12
2023112605,1666,0,13.022265547899108,3.404205675730368,3.18,0.22,12
2023112605,1691,0,4.455434883375585,0.45614402997060977,3.11,121.41,12
2023112605,1823,0,3.097240707468503,0.16647401461208683,7.49,317.45,12
2023112605,1897,0,3.429577233421053,-2.5177831261585615,3.73,98.47,12
2023112605,1952,1,1.0383159442096581,0.4818059816848195,5.49,120.58,12
2023112605,1995,0,5.866216838815283,5.678534305934657,0.83,344.8,12
2023112605,2018,0,11.844006923334694,-1.384783930529221,6.48,323.64,12
2023112605,2059,0,3.6381451317944995,3.2558878771811774,6.93,236.58,12
2023112605,2258,0,6.911273399309276,2.794350717733757,7.38,186.28,12
2023112605,2400,0,12.630455257036461,-7.428715028784017,1.79,192.87,12
2023112605,2591,0,6.384520342202694,-1.4152612708317518,5.25,167.91,12
2023112605,2665,1,2.7925615481131314,6.882725731997486,7.9,56.55,12
2023112605,2719,0,4.40709654988406,5.822148573134432,6.68,349.52,12
2023112605,2796,0,4.844099503519726,-4.531342066332236,3.96,308.61,12
2023112605,2828,0,12.195843554260604,-0.20068461903669493,3.68,266.85,12
2023112605,2967,0,6.892031630803789,-1.0302911856824308,7.9,47.12,12
2023112605,3029,0,3.8937128810429744,0.7367490376679195,9.09,226.23,12
2023112605,3074,0,3.4225721321836318,-3.108180734410159,4.49,230.14,12
2023112605,3296,0,3.247845439672277,-2.0726012362163373,4.89,124.01,12
2023112605,3355,0,3.5945097023099026,-2.895906408120316,6.24,226.37,12
2023112605,3432,1,1.1107204868912783,5.5189127754942895,7.96,210.35,12
2023112605,3531,0,3.1639374203672253,2.657111871503651,7.87,71.18,12
2023112605,3594,1,2.665426795093046,-2.6271199034147523,5.05,41.03,12
2023112605,3760,1,1.603277892319355,4.236900803430315,7.55,340.58,12
2023112605,3979,0,11.262557436035562,2.292536837992283,6.78,149.44,12
2023112605,4029,0,13.24574271228307,-2.757277513220364,2.14,94.35,12
2023112606,55,0,6.332219200248837,-0.3783567543256249,7.14,191.48,12
2023112606,100,1,1.2731849826321424,2.103974036456052,8.07,264.77,12
2023112606,147,1,0.907579197646133,0.18840188250915424,5.47,239.36,12
2023112606,217,0,5.488943432027698,1.2780026453947964,6.69,194.32,12
2023112606,247,0,6.730921185097922,0.9313190562877753,5.8,201.21,12
2023112606,333,0,7.186723871139063,1.6751666790120878,4.55,53.76,12
2023112606,380,0,15.793068099644225,0.10974555894118865,4.99,17.26,12
2023112606,405,1,2.826393461639763,2.164248317706378,7.86,163.91,12
2023112606,435,0,5.572826930741704,5.005561301898765,6.03,13.79,12
2023112606,460,0,5.830008576323025,5.574351346500753,7.44,185.18,12
2023112606,485,0,3.04138126514912,-3.9595893898900005,7.74,115.2,12
2023112606,573,1,2.993760177435728,-3.48109393462936,4.06,67.28,12
2023112606,715,0,3.185090265596886,-1.8749571015789916,6.39,194.05,12
2023112606,767,1,1.7853291013143777,-2.850688944553042,2.59,296.95,12
2023112606,797,0,7.013144801014734,-0.9627023701699047,6.54,185.76,12
2023112606,822,0,3.529787529016447,1.626576952946415,1.78,286.95,12
2023112606,942,0,3.2078965070587926,-0.8827859507616744,3.22,77.98,12
2023112606,965,1,0.8154140052758477,1.4798395679134402,6.26,131.81,12
2023112606,988,0,5.241612347360303,0.277510479575292,5.09,50.44,12
2023112606,1097,0,5.0982546032931735,-3.708494378291488,6.78,54.66,12
2023112606,1127,0,4.096461888019967,1.1011776410762237,6.58,164.63,12
2023112606,1174,0,5.403156484870677,1.8409728787694841,5.07,162.25,12
2023112606,1226,1,1.2343824366864613,-0.027864448024204735,6.03,125.29,12
2023112606,1290,0,6.904201619304006,-4.268937125815891,9.33,236.78,12
2023112606,1658,1,1.9657568516986028,-2.934815389390953,2.41,276.04,12
2023112606,1705,1,2.8206382256503564,3.39422369442903,6.84,348.72,12
2023112606,1735,0,10.106577066445393,2.361668135228217,7.26,165.06,12
2023112606,1765,0,5.246732316404182,4.300955132315362,8.24,16.83,12
2023112606,1795,1,1.2277214667830818,3.5014162620082425,8.31,38.26,12
2023112606,1891,0,3.7206988590854793,-1.101541497127795,0.55,25.48,12
2023112606,1916,0,5.597463711360711,-0.8486291667919477,8.32,2.63,12
2023112606,1946,1,1.171537451386,0.48428766170588783,8.46,271.33,12
2023112606,2016,0,5.192706423436619,2.381928240508163,6.29,150.2,12
2023112606,2046,1,0.5315072906367194,1.2291370230059453,6.07,101.08,12
2023112606,2073,0,5.103655552640671,-1.3758713661098634,5.38,305.73,12
2023112606,2349,1,0.9340770846134708,3.048943864867986,8.61,266.23,12
2023112606,2475,1,2.411078596810977,-1.2294900978078844,5.91,232.85,12
2023112606,2510,0,8.228128584313687,1.870805492273342,6.28,336.66,12
2023112606,2559,0,8.31908648831108,5.524609656304548,7.99,339.7,12
2023112606,2733,2,1.0160708636704499,1.9176523273834716,5.28,133.31,12
2023112606,2799,0,3.6381588750355567,3.985972474623791,8.13,1.19,12
2023112606,2829,0,4.2381245852381415,-1.823706986815508,7.02,0.23,12
2023112606,2854,1,0.8697700845625792,4.805648091517648,8.02,179.87,12
2023112606,2938,0,4.941588813327147,4.268596911959805,3.67,244.89,12
2023112606,2982,1,2.3472963170422245,-3.236570030750238,6.94,90.59,12
2023112606,3012,0,3.6155359215474556,-0.5689854365513627,2.1,354.37,12
2023112606,3086,0,4.980461825975583,-0.9498555468630521,8.01,0.08,12
2023112606,3155,1,2.7250137614331327,1.025479007710194,6.82,23.89,12
2023112606,3315,2,2.3407904647789377,5.38768135476058,7.35,210.05,12
2023112606,3379,0,10.916615775962804,2.9692879801635312,4.16,32.99,12
2023112606,3404,0,5.137489659356991,2.0838196661166406,1.0,10.18,12
2023112606,3529,0,4.682445942026453,2.165646072946704,3.65,320.89,12
2023112606,3644,0,3.466251577713311,1.7523468911947202,6.42,64.02,12
2023112606,3775,0,4.260187789288172,0.24894204578678664,3.6,109.31,12
2023112606,3835,0,9.460708218732885,0.7931419240024359,5.94,162.15,12
2023112606,3860,1,2.323639386824047,1.3984764289466234,1.85,268.91,12
2023112606,3912,1,1.231097071720998,-1.3678363862524154,4.77,61.81,12
2023112606,4085,1,2.8463485380395706,-0.16900193533106145,5.18,51.5,12
2023112606,4155,0,6.250199996800098,0.09119465555767015,4.1,68.28,12
2023112606,4230,0,8.016994449293325,5.058237357231386,5.2,353.2,12
2023112606,4255,0,4.784642097377814,-0.016686402557493735,7.72,176.36,12
2023112606,4280,1,2.399541622893839,1.3589597026574989,6.74,131.8,12
2023112606,4330,0,4.6517201119585865,-4.383776121558114,6.17,66.6,12
2023112606,4355,0,4.292889469809351,-4.033004260480798,7.45,79.94,12
2023112606,4390,0,13.499074042318604,-0.11990089264620674,2.22,109.81,12
2023112607,82,0,6.258825768464877,1.9454450743837635,6.39,25.89,12
2023112607,107,0,3.487248198795152,7.4332171491376515,8.95,3.41,12
2023112607,328,1,0.89044932477935,8.596444342288613,8.29,195.08,12
2023112607,378,0,5.680140843324225,5.846302372381529,8.28,197.51,12
2023112607,496,1,2.014000993048415,3.9573240969904733,7.1,175.56,12
2023112607,526,1,1.7873164241398338,0.05559668963474784,1.96,53.55,12
2023112607,556,0,3.207132675771304,-0.35190932729505575,5.29,35.01,12
2023112607,634,2,0.9786214794291005,-1.3702064602689592,4.06,36.62,12
2023112607,686,0,7.099894365411366,-3.1435883248405867,6.61,343.46,12
2023112607,866,1,1.6516960979550641,-0.7415932921401697,5.05,51.04,12
2023112607,936,1,2.2610838109190046,0.3313084768826595,6.23,215.34,12
2023112607,1084,0,14.467650120181926,-1.5105130529277897,4.99,9.8,12
2023112607,1129,0,4.330738966966268,4.390842197995109,6.66,156.12,12
2023112607,1344,1,2.553311575190148,1.692977912725274,6.95,216.57,12
2023112607,1506,1,0.9879271228182772,5.363150407127019,5.4,298.72,12
2023112607,1529,1,2.921386657051748,-1.2586855780764807,1.55,315.43,12
2023112607,1618,1,2.5384247083575295,-0.3787379509475398,3.47,284.86,12
2023112607,1641,1,1.545639026422406,-2.265836506685777,0.75,313.53,12
2023112607,1707,0,8.490524129875613,0.8300822501077673,6.92,166.58,12
2023112607,1840,0,4.987033186173922,6.536045229331947,8.35,170.38,12
2023112607,1891,0,18.125068275733472,-3.2791569708698076,5.17,139.55,12
2023112607,1947,0,3.020016556246001,1.5539640908542014,6.57,204.17,12
2023112607,1984,0,4.460414778919108,-0.03825916180444133,6.17,196.87,12
2023112607,2101,0,8.109802710300665,1.222546824222537,5.52,334.77,12
2023112607,2131,0,4.178827586775983,0.7732466229168469,7.03,204.13,12
2023112607,2328,0,10.633423719574052,-2.957205687781065,4.29,203.79,12
2023112607,2440,1,1.7363179432350497,-1.0868429553454053,1.65,47.77,12
2023112607,2492,1,1.0553672346628922,1.016216356058376,6.88,114.89,12
2023112607,2544,0,3.200000000000002,1.894139046550473,6.81,150.2,12
2023112607,2596,0,3.6602185727084624,1.4715476905134848,8.16,154.28,12
2023112607,2727,1,0.8935882720806124,-0.08452209928886156,5.13,68.1,12
2023112607,2781,0,5.068056826832156,-4.188920415288676,4.5,137.81,12
2023112607,2878,0,6.452852082606565,-2.4980905484742464,3.29,265.2,12
2023112607,2903,0,4.3931879085693515,-2.2579002400121686,4.13,317.74,12
2023112607,2994,1,2.151023012429201,8.353743371535604,9.36,348.51,12
2023112607,3104,1,2.288755120147196,1.3929933094627667,6.83,154.98,12
2023112607,3127,0,4.808846015417839,4.0039222086591195,4.3,11.21,12
2023112607,3346,0,3.1283382170091527,6.311294426399284,8.86,179.32,12
2023112607,3689,0,5.21052780435917,0.4965926459859205,2.55,110.54,12
2023112607,3762,0,4.790093944798998,-0.3741343468925554,6.63,330.49,12
2023112607,3810,0,4.897529989698886,-7.162615490107694,7.45,225.73,12
2023112607,3840,1,1.853968716025164,-3.6956668629192047,8.43,301.53,12
2023112607,3888,0,6.968644057490671,5.509060587577623,8.35,183.76,12
2023112607,4013,0,3.8579787454054224,3.347581440084298,8.51,39.14,12
2023112607,4060,0,3.9701133485078217,7.888991579355758,6.35,163.39,12
2023112607,4169,0,3.3520143197784873,-1.1296310307386757,6.65,326.58,12
2023112607,4204,0,10.368514840612422,-2.592288928080553,5.98,196.27,12
2023112607,4234,0,3.512406582387642,-2.3982999782174637,6.23,305.9,12
2023112607,4287,0,9.255122905720919,-0.5663017048013782,6.26,344.73,12
2023112607,4312,0,4.681132341645559,1.2926966157266144,5.55,221.09,12
2023112607,4447,0,4.900010204070999,0.7361990814273708,6.03,209.4,12
2023112607,4470,0,3.934056430708638,-2.583245656600006,5.39,258.53,12
2023112608,99,1,2.0468756679388243,-6.75146178064921,8.06,34.01,12
2023112608,173,0,5.692424790895354,2.8413763091104647,2.1,29.63,12
2023112608,245,1,2.7620463428407467,-0.9656762738328957,6.98,155.32,12
2023112608,332,1,2.3622235287965454,3.773580053702146,0.62,156.31,12
2023112608,463,1,1.10385687478042,2.4004140692150857,7.23,54.58,12
2023112608,510,0,7.192176304846817,0.6261337571097517,3.41,106.82,12
2023112608,612,1,2.3638104830971614,2.7807713493797155,6.26,167.83,12
2023112608,637,0,6.33107415846631,-1.5729728213023617,4.04,12.15,12
2023112608,731,0,3.073759912550098,-0.18340541441565683,5.43,80.88,12
2023112608,777,0,15.120800243373367,-3.9507329103564244,2.19,205.21,12
2023112608,876,2,0.6428063471995287,3.202320904357065,6.1,77.21,12
2023112608,925,1,1.0526157893552588,2.0860302033146105,6.12,303.34,12
2023112608,1054,1,2.174626404695759,0.09890320900831151,4.61,57.48,12
2023112608,1123,0,10.49040037367497,-2.0704588547007785,3.21,90.89,12
2023112608,1218,1,2.1942652528807844,-5.540574433728525,8.6,10.12,12
2023112608,1404,0,3.4169577111810985,-3.826104361100861,4.97,310.82,12
2023112608,1500,0,6.818357573492314,1.6822168901176249,6.71,156.43,12
2023112608,1616,0,4.600010869552371,4.936383817368158,7.62,116.36,12
2023112608,1774,0,5.594756473699276,-1.108478836562389,4.29,324.27,12
2023112608,1877,1,2.1720036832381235,0.3190822801900024,6.21,146.99,12
2023112608,1902,0,6.549541968718115,-2.6123255830120184,2.34,41.74,12
2023112608,1996,0,3.975550276376846,4.468746759509947,6.02,177.19,12
2023112608,2021,0,5.17282321368128,-5.024708913727495,5.34,50.65,12
2023112608,2172,1,0.9962429422585667,5.829602151894268,7.38,268.1,12
2023112608,2243,1,1.6400304875214955,0.5288141622502649,6.1,64.75,12
2023112608,2306,0,12.876777547197133,-5.826126151962749,4.66,340.48,12
2023112608,2382,1,1.4017489076150536,3.32503441821526,7.48,294.98,12
2023112608,2407,0,10.15955215548402,-1.0710536701720652,5.83,352.24,12
2023112608,2459,1,0.8845903006477059,-0.5790017671459593,4.07,203.19,12
2023112608,2525,1,1.5132745950421556,3.676163445274184,7.67,134.05,12
2023112608,2650,0,9.919299370419262,0.8024216458789022,4.36,358.37,12
2023112608,2675,0,5.331463213790377,-4.261017118820586,2.03,317.95,12
2023112608,2700,0,4.412221662609439,-2.005186293738729,8.21,190.33,12
2023112608,2781,0,6.577324684094588,-3.710546086797115,6.36,25.98,12
2023112608,2853,1,1.3471822445385768,-0.009828688910449745,4.62,136.29,12
2023112608,2956,1,1.1104053313993034,0.11545170855585951,5.77,234.62,12
2023112608,3033,0,4.382065722921098,3.823237657046641,4.35,53.94,12
2023112608,3101,0,10.004244099381026,-3.8807428303035527,3.08,26.88,12
2023112608,3124,1,1.1896638180595362,-6.026238775197559,6.76,101.1,12
2023112608,3147,0,3.9081709276847167,4.186354003013432,5.65,46.91,12
2023112608,3421,1,2.2167769396130033,1.4072767823560692,5.4,127.79,12
2023112608,3446,0,9.973048681321075,-2.073094333806358,5.83,170.73,12
2023112608,3476,1,2.2083930809527494,-1.7561850829166725,5.94,166.49,12
2023112609,301,0,4.444614718960463,0.6077756481459129,5.37,341.68,12
2023112609,324,1,2.629087294100375,0.25282279650912,5.23,185.07,12
2023112609,420,0,12.149477355014076,-0.18845590313275784,4.87,348.28,12
2023112609,504,1,1.8317205026968468,3.4985882043866794,7.81,235.24,12
2023112609,580,1,1.936440032637214,-3.30052381370745,6.01,274.94,12
2023112609,687,0,7.228118704061242,-2.14006139602641,5.57,105.81,12
2023112609,1007,0,9.351545326843047,2.762578983799806,1.65,307.86,12
2023112609,1032,1,1.3102671483327344,1.261733510991861,4.22,302.64,12
2023112609,1082,1,1.8252944967867506,1.6723400991908925,3.81,164.5,12
2023112609,1107,0,3.119551249779357,0.3094538391628757,5.19,167.58,12
2023112609,1155,0,3.8581083447720874,-2.6339624629542144,3.54,61.41,12
2023112609,1256,0,8.23990898007982,0.6045153962301796,2.85,60.29,12
2023112609,1279,1,2.2041778512633665,2.396808911191289,5.02,167.23,12
2023112609,1348,0,12.10233448554452,1.2065501182045117,3.44,131.04,12
2023112609,1436,0,13.822695106237433,2.7812308808985424,5.86,11.85,12
2023112609,1461,0,8.565103618754415,0.7128663849408174,3.12,83.71,12
2023112609,1486,1,2.285366491396949,2.3053105938584597,4.68,158.85,12
2023112609,1599,0,10.319597860381958,1.6203869812156828,4.41,203.3,12
2023112609,1742,0,5.957130181555544,-1.272647915865722,3.78,91.17,12
2023112609,1774,1,2.580077518215301,2.602628555048898,8.07,67.88,12
2023112609,1829,0,6.832400749370608,-0.3213650725186421,7.05,47.04,12
2023112609,1852,1,0.9355746896961267,-4.468706606419655,6.18,32.87,12
2023112609,1946,0,6.198612748026778,-1.587106866614452,1.74,220.9,12
2023112609,2002,1,2.683654225119175,0.4895902956926933,2.06,124.64,12
2023112609,2030,0,5.293401552876942,0.09164239575521117,2.46,71.7,12
2023112609,2060,1,2.316829730472227,4.3352385461072185,6.4,124.84,12
2023112609,2097,1,2.3129418496797554,0.2840374120150435,6.16,139.92,12
2023112609,2127,0,6.72053569293402,-0.44919654603742626,8.14,113.04,12
2023112609,2239,1,1.6131026005806322,-3.8978321913568506,7.18,87.28,12
2023112609,2283,0,3.682458417959396,2.003453625661094,1.29,326.83,12
2023112609,2377,0,8.5100940065313,0.571335462034204,3.27,85.49,12
2023112609,2465,1,2.0024984394500733,0.36197069311414887,5.25,149.76,12
2023112609,2513,2,1.820357107822526,2.737487225518822,8.09,29.89,12
2023112609,2649,1,1.9790907002964797,-3.96257779520726,4.17,57.95,12
2023112609,2743,0,6.201330502400266,1.7411401315277113,7.81,327.6,12
2023112609,2790,1,0.6881860213634132,2.6813574433239227,5.57,181.98,12
2023112609,2815,0,3.1510157092594815,-4.6878980585297505,6.36,319.29,12
2023112609,2845,1,2.240089283934908,3.2511372255504125,1.38,275.94,12
2023112609,2891,1,1.9146017862730635,3.994865549110255,6.96,288.44,12
2023112609,3008,0,5.893530351156259,-4.257304045963851,7.12,162.19,12
2023112609,3060,0,3.84137996037881,-1.3815747677007881,4.68,112.42,12
2023112609,3197,0,16.4188702412803,1.7302015150394832,3.82,229.19,12
2023112609,3406,0,5.311591098719854,1.599461753284306,8.21,24.25,12
2023112609,3545,0,5.596043245008027,1.076353249171965,7.4,248.8,12
2023112609,3631,1,2.413047865252572,1.4446452751109815,3.42,21.53,12
2023112609,3798,0,3.1320919526731643,-1.0119190379479877,5.08,127.17,12
2023112609,3845,0,4.061588359250604,-4.941130005538074,4.35,126.04,12
2023112609,3968,1,0.8440379138403686,-6.297150992361864,7.67,251.5,12
2023112609,4142,0,6.8902249600430325,3.285464596785163,5.62,36.11,12
2023112609,4247,1,1.0735455276791908,4.679810768836414,6.46,59.95,12
2023112609,4311,1,2.0906697491473865,0.10357953321933644,2.56,112.18,12
2023112609,4336,0,5.360037313302956,3.442259063844409,6.79,207.1,12
2023112609,4366,0,3.4485939163664985,-2.6890650655613673,4.01,336.37,12
2023112609,4391,0,12.20850932751415,1.3749111465129777,6.2,206.96,12
2023112609,4421,0,6.199233823626922,-3.2840615749489968,3.29,289.32,12
2023112609,4586,0,4.493873607479409,2.2571024882086093,3.42,169.15,12
2023112609,4804,1,0.7892401408950283,1.3930810781280483,5.51,52.83,12
2023112609,4827,0,3.174476334767671,-0.36280556199648273,4.83,17.19,12
2023112609,4880,1,2.060218435020907,-4.193454659800839,4.64,89.65,12
2023112609,5048,1,1.3448048185517458,1.8165141808202243,7.21,85.5,12
2023112609,5135,0,17.64875349706036,-0.05481098508414539,4.82,198.76,12
2023112609,5160,1,1.7488853593074625,-4.795944240357863,5.32,253.02,12
2023112609,5183,0,6.9386165768112615,3.2421182339162673,7.27,217.15,12
2023112609,5235,1,2.730018314956879,0.9852074007800362,4.12,178.91,12
2023112609,5258,0,5.546575520084444,1.2700493245248572,4.54,311.36,12
2023112610,99,0,6.321969629791014,3.755017097661703,7.91,141.93,12
2023112610,124,0,13.884163640637482,0.20794806912240554,3.84,163.18,12
2023112610,203,1,2.049487740875756,2.228167024932942,4.92,48.57,12
2023112610,439,0,4.019465138547663,1.7097883490898254,6.16,211.67,12
2023112610,486,0,10.21427432566798,1.3899305418032675,0.94,24.57,12
2023112610,631,0,5.382425103984262,-4.788178641999612,6.79,154.11,12
2023112610,710,1,1.954737834084155,-3.9172748273763576,8.73,13.4,12
2023112610,843,0,4.260187789288171,1.9569008194955526,4.77,314.84,12
2023112610,888,0,8.416370951900825,-1.7763603548255085,6.83,165.16,12
2023112610,918,1,0.8728115489611722,3.2669288857000436,6.51,46.72,12
2023112610,965,0,3.0545867150892927,1.2310581354240686,2.71,99.38,12
2023112610,988,1,1.2525174649480944,2.3193700846208554,6.5,51.77,12
2023112610,1086,0,3.026879581351063,4.031913139868055,7.02,38.69,12
2023112610,1204,1,1.1985407794480774,5.938630979308517,9.29,255.01,12
2023112610,1343,0,4.112857887163132,0.7384303060445603,5.37,154.21,12
2023112610,1390,0,10.006417940501986,-1.633858596574945,5.08,173.08,12
2023112610,1415,0,4.462566526114768,-2.6329342442901673,4.4,146.04,12
2023112610,1587,0,3.736107600163581,-2.5817206324366833,1.14,278.01,12
2023112610,1805,0,4.388576078866586,-4.441642317332051,4.71,220.17,12
2023112610,1830,1,1.0323274674249467,-1.9354067767249634,5.64,283.0,12
2023112610,1855,0,4.99064124136368,1.1760156346891306,0.73,289.59,12
2023112610,1896,1,1.440138882191575,-1.3109183296778935,5.74,354.93,12
2023112610,1919,0,7.202013607318442,2.8474554040755886,5.1,26.51,12
2023112610,1979,1,2.1044001520623374,3.323700108912005,8.06,81.04,12
2023112610,2105,0,6.320957205993416,-1.3921617113138007,3.65,272.77,12
2023112610,2218,1,2.9861011369342463,1.852224151515113,6.03,200.27,12
2023112610,2241,1,1.7251376756653338,-1.55433395371962,6.06,249.99,12
2023112610,2329,1,1.7691806012954165,-2.1973265977507714,3.03,93.37,12
2023112610,2354,1,0.5189412298131696,1.6730760661161455,3.65,162.39,12
2023112610,2482,1,2.0447493733951867,2.794279818963644,7.8,324.24,12
2023112610,2568,0,4.012405762133238,0.6732867207629016,3.41,8.95,12
2023112610,2616,0,6.810293679423816,1.3799982204904422,7.84,183.52,12
2023112610,2659,1,2.719779402819281,0.8252912936471266,3.05,165.3,12
2023112610,2691,0,11.101576464628792,0.7848730536002599,4.25,159.21,12
2023112610,2741,1,1.572577502064685,-0.3197221960897849,4.9,30.9,12
2023112610,2791,0,4.749368379058419,3.2349636191807507,7.33,155.53,12
2023112610,2865,1,1.1624543001769978,1.2343492989106157,4.36,64.12,12
2023112610,2922,0,3.7128560435330655,-1.9158217307405991,5.66,155.72,12
2023112610,3009,0,4.994847345014662,-1.235578091670456,0.41,200.21,12
2023112610,3032,0,3.51370175171428,-0.9165424711327992,3.64,43.69,12
2023112610,3157,0,4.2505764314972625,-3.9632659724130614,6.32,236.17,12
2023112610,3187,0,6.814587294913755,-2.270494562137902,6.97,352.89,12
2023112610,3237,0,9.327647077371656,2.7226720437853635,6.37,349.18,12
2023112610,3349,1,1.5618578680533042,5.11269250437322,7.44,107.48,12
2023112610,3398,0,5.617259118110893,-2.9382086339982108,5.98,308.68,12
2023112610,3487,0,7.783431120013846,-5.52455216387718,6.22,193.56,12
2023112610,3534,1,1.0301941564578956,5.510231527779443,7.04,212.4,12
2023112610,3557,0,3.355294323900661,-5.0810364941450725,2.86,266.02,12
2023112610,3621,0,5.127065437460305,-0.31053678796951556,5.73,142.09,12
2023112610,3724,0,10.237563186618184,-0.31030228447058467,0.85,158.22,12
2023112610,3749,0,8.669677041274376,-0.8065663638713765,5.77,167.4,12
2023112610,3893,0,3.3572607882021948,2.9812866110958542,7.27,201.57,12
2023112610,3946,0,6.394779120501347,-3.693824716800476,7.78,357.42,12
2023112610,3971,1,1.9900251254695271,-0.6071743785272051,5.29,225.74,12
2023112610,4148,0,3.0186917696247164,-5.416326716627121,6.61,288.7,12
2023112610,4178,1,2.0099751242241806,2.1456469913319953,6.2,281.13,12
2023112610,4221,1,1.6799999999999997,-5.469941465396497,8.28,287.92,12
2023112610,4244,0,8.766989220935534,-2.6138569611809794,6.59,273.82,12
2023112700,110,0,4.478493050123011,-2.0558389859907655,1.07,215.32,12
2023112700,179,0,7.1121867242079615,-2.436155734896579,4.84,250.73,12
2023112700,204,0,3.3800000000000057,2.5767379239280874,1.42,3.42,12
2023112700,397,1,1.0694391053257777,4.389265802373167,9.01,94.64,12
2023112700,529,0,17.148976645852663,0.48143490729627714,5.95,201.96,12
2023112700,608,0,3.8612174245955138,3.523928709474746,3.55,297.17,12
2023112700,658,0,16.619244868525165,-4.6999993799299995,6.48,216.75,12
2023112700,890,0,6.405599113275822,-2.2336891971834483,7.57,240.02,12
2023112700,986,0,8.547449912108288,1.3279568436527427,6.25,151.85,12
2023112700,1011,0,6.865311354920474,-0.29859903456131387,8.45,23.19,12
2023112700,1156,0,4.56745005446146,0.32412196438299057,5.79,323.64,12
2023112700,1215,0,3.53209569519287,-1.375720633726036,6.72,194.98,12
2023112700,1262,1,1.0811567878897121,2.123500827193182,7.36,293.17,12
2023112700,1365,0,3.8808504222657225,-3.3328178163454583,6.04,64.92,12
2023112700,1419,0,9.83172416211927,-2.0349549450687694,6.05,187.88,12
2023112700,1451,0,3.729302883918117,3.712941766750584,0.2,186.85,12
2023112700,1493,0,4.730803314448825,-0.6099673088418391,5.68,280.91,12
2023112700,1705,1,1.4406942770761597,1.8380405186551476,8.3,249.15,12
2023112700,1730,1,2.860209782515959,-0.3465213228610007,1.73,273.78,12
2023112700,1990,0,6.845100437539244,1.079954400583552,5.06,265.82,12
2023112700,2015,0,10.552350449070572,3.452623051819234,5.81,203.09,12
2023112700,2045,1,2.6022490272839067,2.906391853889191,5.57,335.13,12
2023112700,2466,0,8.500288230407248,2.3826604412246404,5.42,353.99,12
2023112700,2491,0,7.026635041042047,-0.2891458799458562,2.11,303.58,12
2023112700,2516,0,9.876563167418112,-0.5663650172806292,7.79,174.93,12
2023112700,2541,1,0.7242237223399959,1.9452578628279642,5.66,213.84,12
2023112700,2641,0,5.407587262356479,-2.9222066482462115,6.13,160.18,12
2023112700,2666,0,8.62407096445756,-1.4540811159074745,6.36,24.24,12
2023112700,2799,0,5.416982554891607,-1.0399801854202364,5.85,149.12,12
2023112700,2854,0,3.826604238747456,-0.6011614374704151,5.2,7.66,12
2023112700,2950,0,5.478193132776533,-4.492179032425458,4.04,303.09,12
2023112700,3132,0,3.2693118541980675,-1.6842855189658528,7.9,171.04,12
2023112700,3183,0,3.208878308692935,0.04122630048375919,6.03,38.34,12
2023112700,3310,0,3.737512541784978,5.308619293375687,7.86,165.99,12
2023112700,3338,0,4.000812417497219,1.3792955051917677,6.66,118.42,12
2023112700,3439,0,5.021434058115267,1.4988772626801687,1.35,251.97,12
2023112700,3675,0,4.205258612737151,1.9429898374352381,5.12,320.15,12
2023112700,3809,0,4.168081093261026,3.601350770568212,6.68,224.6,12
2023112700,3988,0,8.819716548733295,0.04721446263549034,1.08,162.74,12
2023113000,87,1,1.0956733089749047,-3.004720585371615,8.46,260.89,13
2023113000,112,0,4.458721789930385,-1.5804391115786947,5.21,308.46,13
2023113000,159,0,7.281606965498752,-0.8771275664617005,7.8,328.33,13
2023113000,240,1,1.2445481107614917,0.1714476262102208,3.99,330.45,13
2023113000,263,1,0.6203224967708326,6.245922211034946,6.79,246.5,13
2023113000,286,1,1.0444615837837214,0.6463041057731862,1.81,171.11,13
2023113000,501,1,0.7169379331574005,-0.08297499072750525,6.41,133.7,13
2023113000,607,0,14.49422643675749,-0.6824450880217665,6.23,183.16,13
2023113000,693,1,1.549451515859727,1.1524178395729017,7.53,253.78,13
2023113000,757,0,6.2659237148244955,1.8100044869490879,5.2,189.63,13
2023113000,823,1,2.007710138441299,5.523372570920328,5.43,49.21,13
2023113000,892,1,1.2776932339180669,1.0750013251779778,7.37,72.68,13
2023113000,1044,1,2.1262408142070823,-1.81356608221903,3.83,234.02,13
2023113000,1108,0,5.049524730110745,1.0927826982166131,0.74,267.09,13
2023113000,1244,0,10.653346891939645,3.6786431480653126,3.28,1.94,13
2023113000,1296,1,2.9350979540724023,3.2467912162913937,5.69,15.52,13
2023113000,1368,1,1.072986486401383,1.0109225492838263,7.64,164.68,13
2023113000,1391,1,2.993476240092781,2.903767013530338,7.59,27.44,13
2023113000,1455,0,5.720603115057012,-3.7213533324224857,6.78,212.32,13
2023113000,1507,0,6.238212885113803,-0.1801548249108925,5.95,322.06,13
2023113000,1530,0,4.188520025020766,3.9316876364184425,4.76,189.5,13
2023113000,1594,1,0.8261961026293938,5.989200165718359,7.35,310.76,13
2023113000,1760,0,9.055655691334564,2.1308661291618636,7.76,178.4,13
2023113000,1832,1,0.711758385970978,0.12769142575641518,4.74,161.84,13
2023113000,1970,0,8.181741868330972,-1.7668823668087905,3.87,80.26,13
2023113000,1995,0,4.391639784863961,3.1033409323787535,6.51,27.25,13
2023113000,2222,0,9.038390343418454,-1.0405986992651424,4.73,285.15,13
2023113000,2267,1,2.0779316639389274,1.7369997942371969,5.86,214.57,13
2023113000,2343,0,8.075450451832397,-1.758557479771687,6.34,352.77,13
2023113000,2407,0,3.0551104726343414,2.263578487094728,6.33,216.29,13
2023113000,2455,0,6.3793181453819985,-2.0419519557588144,5.27,232.26,13
2023113000,2522,2,1.2238463955905563,2.459869333846055,4.76,329.44,13
2023113000,2740,0,10.938560234327001,-2.0927053785368206,8.16,177.03,13
2023113000,2765,0,4.090012224920608,-1.5215807096576124,5.98,132.71,13
2023113000,2850,0,7.697921797472357,-3.108878169708425,7.42,28.32,13
2023113000,2873,0,5.149922329511388,-1.9248076603505209,3.44,51.43,13
2023113000,3117,0,5.5805465682135456,-5.119886059678714,4.62,216.38,13
2023113000,3236,1,2.1799999999999997,-3.1551617285636797,4.3,263.61,13
2023113000,3431,0,3.8440083246528007,-0.7800046517836337,5.56,241.46,13
2023113000,3537,1,1.0374005976477965,-1.324051337117146,8.18,83.43,13
2023113000,3560,1,1.45,-1.232053009919006,6.9,132.14,13
2023113000,3616,0,9.023441693721967,4.074374372798111,4.35,198.31,13
2023113000,3644,0,3.890758280849634,1.1116704281243868,6.94,178.79,13
2023113000,3669,2,1.0607544484940894,2.6769311884697067,6.03,344.29,13
2023113000,3692,1,2.1833231551925665,5.695390432075957,8.87,27.77,13
2023113000,3822,2,0.22203603311174597,2.7828103935580453,5.76,226.22,13
2023113000,3974,0,6.983867123592782,-1.8617170730860755,5.27,160.99,13
2023113000,4021,1,2.6103064954138997,2.074656584746588,7.42,75.1,13
2023113000,4208,0,5.544600977527603,0.22543820311888596,1.22,258.26,13
2023113000,4233,1,1.1512167476196697,2.9809187628924465,6.98,277.36,13
2023113000,4326,0,3.534204295170265,5.461967079067472,6.62,16.99,13
2023113000,4385,1,0.701141925718327,-4.553788259510898,4.25,89.62,13
2023113000,4408,0,4.129891039724902,-0.6600554827884937,5.66,130.24,13
2023113000,4433,0,3.066088713654589,0.10596907429769609,4.18,0.94,13
2023113000,4523,1,2.8492981591964,0.7478671260737721,7.22,52.89,13
2023113000,4585,1,2.749127134200961,-3.5391520629978652,3.83,258.98,13
2023113000,4655,0,3.214980559816807,2.0126082968590633,2.32,262.41,13
2023113000,4678,0,3.74048125245937,-4.6290775893388405,7.9,259.57,13
2023113000,4812,1,1.328495389529074,-3.255273192958894,4.57,109.02,13
2023113000,4885,1,1.6813387523042516,-3.3372035676999263,5.25,299.01,13
2023113000,4915,0,8.004898500293432,-3.5432724616156976,4.35,221.68,13
2023113000,4940,0,6.118472031479753,-4.250476529511571,5.65,351.55,13
2023113000,4963,1,1.0511898020814292,7.208398449530592,8.09,352.83,13
2023120300,55,1,2.801785145224389,0.41583864879243415,5.96,316.09,13
2023120300,151,0,3.3484474014086003,0.20163029521874606,1.63,145.67,13
2023120300,198,1,1.5923881436383491,2.26678373016306,5.93,174.29,13
2023120300,276,0,4.220947760870763,-1.1311887904444053,6.51,200.16,13
2023120300,369,0,5.290935645044269,-0.0596396003267191,3.32,274.73,13
2023120300,728,0,5.025375607852608,1.7691711407850956,7.59,358.36,13
2023120300,751,0,4.62934120583048,-2.6678582640852344,6.5,183.91,13
2023120300,794,0,7.769491617860207,1.6416321780535315,3.31,4.15,13
2023120300,826,0,6.166522520837817,-3.409473153145897,7.17,173.63,13
2023120300,895,0,4.6931545893993265,-4.5966646387823875,6.4,232.22,13
2023120300,927,1,1.7666352198459094,7.301474619273762,8.49,334.25,13
2023120300,977,0,5.972478547470885,3.3049987051857874,3.15,223.26,13
2023120300,1028,0,3.460664676041294,1.8487796496843196,4.72,20.33,13
2023120300,1178,0,5.3934775423654076,-1.4358680583105998,3.19,242.86,13
2023120300,1247,1,1.9284449693989183,4.753870125714643,7.08,233.32,13
2023120300,1270,1,1.1287160847617985,-1.4741561266390257,3.76,268.71,13
2023120300,1410,1,1.3647344063956182,1.2852377249607687,7.43,105.13,13
2023120300,1533,1,2.811138559374117,2.3995458681796933,2.44,219.43,13
2023120300,1558,0,8.27556644586943,0.08912671415752613,5.66,196.65,13
2023120300,1658,0,4.0785904427878075,3.4441916015277245,3.68,229.45,13
2023120300,1681,1,0.828552955459086,-0.5382436539421739,3.93,339.79,13
2023120300,1838,0,8.453336619347414,-2.3018272186984454,6.54,14.16,13
2023120300,1896,0,3.934717270656176,-2.096231555599924,5.4,218.63,13
2023120300,1926,1,1.2643575443678894,1.290706962083875,7.28,290.11,13
2023120300,2086,0,10.301092175104543,2.9640298532494533,6.3,346.91,13
2023120300,2111,1,1.3336416310238692,-0.38915796463167984,7.03,273.32,13
2023120300,2134,1,0.5803447251418763,3.7106408262529147,5.22,329.83,13
2023120300,2212,1,2.406844407102377,5.5606605523834975,8.24,161.1,13
2023120300,2302,1,1.6041508657230459,-1.7900833954846787,7.67,74.6,13
2023120300,2510,0,13.482507185238218,-0.2658770399403174,5.41,353.81,13
2023120300,2535,0,5.117079245038132,2.876769168166658,7.23,300.27,13
2023120300,2560,0,3.449115828730602,-1.0874381327060256,1.34,5.64,13
2023120300,2632,1,1.7947701802737863,3.7558279597934794,6.63,213.84,13
2023120300,2655,1,2.1333776037073187,-4.229147080591423,6.35,236.17,13
2023120300,2705,0,12.495347134033533,0.33185581655747043,6.46,353.01,13
2023120300,2728,1,2.966647940015804,8.874373603803848,7.95,350.1,13
2023120300,2794,1,1.003194896318757,-2.1081423587970853,8.36,87.81,13
2023120300,2859,1,1.6228986413205215,5.8744264725767215,9.09,89.6,13
2023120300,2885,1,1.9037857022259643,5.987171055051622,6.21,171.29,13
2023120300,2959,0,5.358441937727793,-0.008523728050288948,6.25,33.28,13
2023120300,3023,1,1.8558555978308222,-1.5395067002217115,3.38,101.08,13
2023120300,3070,0,4.58680716839067,-0.5317742572005445,4.94,172.89,13
2023120300,3139,0,5.874121210870615,-4.590691448574433,3.08,1.83,13
2023120300,3204,0,7.775454970611041,-0.36247009030740973,2.64,236.89,13
2023120300,3284,0,4.376345507383987,0.8325918453654715,6.81,197.08,13
2023120300,3380,1,2.406262662304344,0.5085128389139295,0.69,123.26,13
2023120300,3449,0,5.844903763108511,4.889635760776276,7.53,153.51,13
2023120300,3479,1,1.6773789077009396,1.8894608495883818,3.2,72.18,13
2023120300,3522,1,2.027856010667433,-0.9230452399122125,6.6,324.13,13
2023120300,3660,1,1.7622996340009822,-0.9308055521868295,8.91,254.34,13
2023120300,3695,1,1.3209466302617987,0.6058044906465856,5.79,193.56,13
2023120300,3718,0,4.702393007820592,6.602433005256099,3.48,159.14,13
2023120300,3801,1,1.1225417586887383,6.545978771555594,7.48,138.05,13
2023120301,186,1,0.9008884503644188,6.540487599564821,8.14,34.43,13
2023120301,325,0,7.722337728952293,0.8435772130766972,6.19,341.19,13
2023120301,385,1,1.4523085071705693,-2.1575232881020434,5.23,78.38,13
2023120301,408,0,3.2561326754295488,-0.40435686881818766,6.39,66.64,13
2023120301,494,1,1.2726350615946442,3.150699179764808,5.63,322.47,13
2023120301,529,1,0.8237718130647586,1.622894502997821,4.39,287.93,13
2023120301,607,0,4.00224936754321,1.1877737840950169,7.59,131.56,13
2023120301,632,1,0.7382411530116624,1.4858402579443972,4.21,5.31,13
2023120301,806,0,6.570030441329782,0.5541952484007695,6.2,180.76,13
2023120301,838,1,2.0478769494283604,2.53266824093906,4.19,137.92,13
2023120301,923,0,10.966170708136904,-1.7634778412760248,5.94,0.12,13
2023120301,1001,0,3.3385625649371917,-3.6818546664262843,6.81,319.3,13
2023120301,1038,1,0.9377632963600157,6.231739794409709,8.11,300.38,13
2023120301,1153,1,2.1224985276791153,1.9827194001743529,7.29,39.54,13
2023120301,1326,0,8.520375578576335,-1.9791225770580239,4.14,156.28,13
2023120301,1373,1,0.5126402247190555,-1.2492694727265312,0.6,89.56,13
2023120301,1431,0,6.790728974123476,2.7914757353471282,4.96,98.0,13
2023120301,1502,1,2.0059162494979677,0.09063869554696952,3.92,25.69,13
2023120301,1527,2,2.0000999975001226,-2.014893774094098,5.03,115.12,13
2023120301,1586,1,1.8057962232765892,-0.8271125906483527,4.41,76.56,13
2023120301,1713,2,1.9811360377318927,2.579668656895809,5.56,187.75,13
2023120301,1790,1,1.4365583872575427,1.3685333283211503,5.0,30.73,13
2023120301,1938,0,3.6748333295538713,1.8429874333637457,3.92,210.06,13
2023120301,1963,1,1.1081967334368052,1.9520513666391204,4.28,244.3,13
2023120301,2032,1,1.1314592347937216,3.259548071119586,6.15,265.0,13
2023120301,2146,1,0.5162363799656116,0.04152385998270858,3.26,230.78,13
2023120301,2169,0,3.3114649326242307,-1.2002271937182731,6.46,329.91,13
2023120301,2298,0,3.0819636597468234,-5.105309638612149,1.53,116.94,13
2023120301,2345,1,2.498259394058193,2.586032295357923,9.56,66.45,13
2023120301,2370,0,4.761197328403852,0.5356993672851835,5.12,134.57,13
2023120301,2420,0,3.3055105505806512,-3.936664272731513,7.62,179.08,13
2023120301,2467,0,6.135568433323832,0.8065199680227884,3.53,8.76,13
2023120301,2492,1,2.9368009806590556,5.152052534062674,7.73,55.88,13
2023120301,2673,0,6.823759960608226,-0.24455375101842136,4.48,192.47,13
2023120301,2724,0,7.389194814051126,0.9261035877578996,4.41,133.27,13
2023120301,2756,0,6.762839640269463,4.4434577439322345,7.38,170.59,13
2023120301,3000,0,5.550504481576427,2.123751037401585,7.58,193.89,13
2023120301,3058,0,6.120163396511566,-6.065530984117467,7.57,326.11,13
2023120301,3360,1,2.5777509577148843,1.0573434033433164,1.72,12.34,13
2023120301,3497,0,12.954200091090149,-3.7700653703558453,4.93,223.16,13
2023120301,3601,0,3.659193900300997,2.6774395584347714,7.43,235.48,13
2023120301,3753,1,2.3165707414193073,2.2709080886276674,5.65,15.88,13
2023120301,3783,0,13.765994333864885,0.5738538725262099,6.02,93.62,13
2023120301,3843,0,9.164000218245304,-1.538312534965477,3.45,259.9,13
2023120301,3965,0,7.538554238048564,1.735319745403626,1.48,341.68,13
2023120301,3988,1,1.016070863670443,-0.10753479372720426,4.6,224.52,13
2023120301,4014,1,1.0323759005323605,3.307644112111773,7.59,295.69,13
2023120301,4059,1,1.9321490625725575,1.1341109116392079,7.45,56.73,13
2023120301,4089,1,1.1621101496846153,4.873136805347395,7.37,147.29,13
2023120301,4165,1,2.1520455385516377,8.248524758421048,8.04,15.29,13
2023120302,104,0,3.121233730434169,2.2319397021703398,5.79,63.89,13
2023120302,174,1,2.086648029735726,1.913273398156886,3.75,106.62,13
2023120302,283,0,9.532030213968062,-0.2259652784960101,4.06,233.41,13
2023120302,395,0,12.609282295198247,-4.448197322773051,6.01,18.65,13
2023120302,418,1,0.9257429448826533,-4.588168990668496,7.61,68.61,13
2023120302,512,0,3.230557227476403,1.7435635118852404,6.79,194.56,13
2023120302,625,0,5.510952730699117,4.354873953136376,6.36,315.99,13
2023120302,877,1,1.9731193577683042,1.2473283819869383,5.08,256.19,13
2023120302,1001,1,0.6184658438426429,-2.4395010681038736,5.88,220.01,13
2023120302,1194,2,1.341044369139218,1.8895576643146907,6.55,230.07,13
2023120302,1246,1,0.734098086089312,-0.8347553198342634,7.76,278.34,13
2023120302,1366,1,2.7602354971994694,7.006397131638449,8.72,17.4,13
2023120302,1391,1,2.914395306062649,0.6474675850682394,8.25,122.48,13
2023120302,1476,0,3.5970682506730283,-1.8720445222111444,3.56,164.64,13
2023120302,1545,0,9.019850331352512,1.3675896320247596,6.18,22.17,13
2023120302,1575,1,0.6760177512462245,0.3399529281991933,3.3,157.59,13
2023120302,1768,1,1.9895728184713473,-2.266701874414936,3.89,193.73,13
2023120302,1793,1,0.686002915445704,-0.026449113920222977,3.45,312.44,13
2023120302,1978,1,0.7499999999999992,-1.6447225874583977,7.93,88.45,13
2023120302,2060,1,1.7114321488157205,8.035648830205771,7.3,351.09,13
2023120302,2085,0,6.499423051317711,2.4072178255259797,5.23,347.91,13
2023120302,2144,0,4.520409273506106,-3.346847121883884,5.42,222.95,13
2023120302,2175,0,5.008991914547275,1.5519406112680338,5.98,228.67,13
2023120302,2253,1,1.2637246535539348,1.5316344389056709,5.27,255.37,13
2023120302,2344,0,4.535570526405691,3.2128924415045397,7.61,105.6,13
2023120302,2401,0,7.905302018265968,1.4633296996986713,6.59,157.11,13
2023120302,2449,1,2.0915305400591246,5.443181534680904,6.83,26.01,13
2023120302,2554,1,1.4822280526288787,1.8805259062433608,6.17,132.12,13
2023120302,2746,0,4.010112217881189,-0.9140981560799055,6.22,196.15,13
2023120302,2876,1,1.9616319736382775,-2.585703751064171,5.25,237.45,13
2023120302,2923,0,7.558438992278762,4.406053885535776,3.83,348.54,13
2023120302,3005,0,9.835954452924229,1.036377319721124,7.02,333.25,13
2023120302,3074,1,2.0999523804124673,5.723831160545195,7.4,175.44,13
2023120302,3121,1,1.2304470732217634,-1.7724012547503631,3.04,18.57,13
2023120302,3251,0,3.9582824558133773,-2.04262489775857,5.29,294.97,13
2023120302,3322,2,1.0611785900591837,7.542341434093058,8.51,31.02,13
2023120302,3463,0,8.544618189246375,3.3244652697276424,3.02,140.14,13
2023120302,3545,1,2.2030206535572945,-3.0834950644951156,5.49,53.41,13
2023120302,3588,0,7.016673000788914,-4.207935563829476,5.77,327.61,13
2023120302,3646,1,2.5144581921360363,1.147255750269613,5.52,198.94,13
2023120302,3669,0,7.017535179819197,-0.21275474125075894,5.77,196.61,13
2023120302,3715,1,1.0064790112068873,5.760228296412036,6.29,340.42,13
2023120302,3813,0,5.346587696839922,1.3799599093754222,8.27,109.17,13
2023120302,3858,1,2.158240023723037,4.259388938386724,6.04,62.97,13
2023120302,3977,0,7.4452669529037045,-0.27828391064752717,1.66,232.75,13
2023120302,4135,1,2.10440015206233,-0.18684452783679512,4.34,334.65,13
2023120302,4392,2,0.6860029154456955,3.911594742891559,7.26,274.85,13
2023120302,4415,1,1.256065284927495,0.21186514159673742,6.71,220.72,13
2023120302,4472,1,1.8436105879496347,-0.25545021287635405,7.93,292.57,13
2023120302,4502,0,4.493116958192834,2.2517463020731583,8.2,266.24,13
2023120302,4525,0,11.029836807496288,-2.2156587320384893,4.96,171.79,13
2023120303,75,0,3.2490152354213384,4.117416335711015,3.52,278.77,13
2023120303,122,0,6.019410270117831,2.083997799084206,8.45,245.55,13
2023120303,176,1,2.7695667531222274,0.8054206521076726,3.51,5.65,13
2023120303,317,1,2.2760711763914583,-1.6961980539119965,4.84,139.08,13
2023120303,484,1,1.7944637081869304,-1.1454109562035864,6.16,123.65,13
2023120303,651,0,3.477614124655004,1.7499995263233215,3.03,191.29,13
2023120303,681,0,3.6379252328765634,-0.7409942235912932,2.5,119.41,13
2023120303,771,0,4.673692330481335,-0.9285838885580282,6.28,337.07,13
2023120303,801,0,11.375135164032123,3.6602380628553295,3.09,148.43,13
2023120303,1197,1,2.492568955916767,1.2532737568030097,9.32,268.27,13
2023120303,1378,1,0.9808159868191364,-1.8383071453618913,5.1,129.82,13
2023120303,1472,0,4.5203982125472155,1.7016950893958964,2.82,185.87,13
2023120303,1589,2,1.484755872189095,-0.27849324320127283,4.86,0.55,13
2023120303,1646,0,3.934717270656176,-3.1784731822934904,4.22,328.24,13
2023120303,1794,1,2.205538483001371,6.0578539204682995,6.69,327.99,13
2023120303,1945,1,1.2026637102698354,1.4536125969913587,5.53,239.27,13
2023120303,1999,1,2.006913052426537,1.8631192832967918,5.67,282.68,13
2023120303,2072,1,0.7653757247260986,-1.863052004254689,2.85,263.74,13
2023120303,2267,1,0.7749193506423738,7.52522968981509,7.65,180.74,13
2023120303,2332,1,2.8158480072617555,-1.8934551284638546,3.57,64.23,13
2023120303,2362,0,3.849480484429036,1.4530447082150189,2.31,137.03,13
2023120303,2471,0,3.6204972034238625,1.7610409476669309,3.41,119.18,13
2023120303,2523,1,1.4600342461736995,-2.4748660309623576,6.68,245.65,13
2023120303,2803,0,3.3535950858742645,-1.6761859321787032,1.89,83.81,13
2023120303,2850,1,2.084034548657959,-3.345567939433679,8.36,111.12,13
2023120303,2919,1,1.1308846094982439,5.539524423952601,8.2,119.95,13
2023120303,2971,0,10.66420648712318,0.5811898331226637,5.27,16.85,13
2023120303,2994,0,3.6928308924184456,2.8806190412910166,7.81,91.26,13
2023120303,3038,1,1.8283325736856628,-1.2489980600626813,3.34,284.85,13
2023120303,3226,1,1.3333041663476475,0.8730496792875224,6.5,130.04,13
2023120303,3494,0,9.541865645669086,4.499768882137844,3.7,356.52,13
2023120303,3627,0,3.5918936509869006,-0.3059554946671393,1.58,249.08,13
2023120303,3652,0,10.817439623127095,-2.6554529627138814,3.84,309.63,13
2023120303,3699,0,8.534939952922926,-1.2754052917402832,5.16,213.57,13
2023120303,3747,0,5.432973403211178,1.3034862881410805,1.34,328.16,13
2023120303,3826,0,3.630771267926419,-0.6691475653057665,8.12,272.79,13
2023120303,3873,1,0.8515867542417507,-1.6089121654279932,4.94,210.39,13
2023120304,77,0,5.252351854169713,-2.621346988152591,5.33,127.87,13
2023120304,254,0,4.325609783602767,0.6380875234648815,6.28,131.77,13
2023120304,354,1,2.8814059068447744,-3.7043259734984404,7.19,258.99,13
2023120304,443,0,5.344127618236674,0.2924720357348125,2.5,99.12,13
2023120304,490,1,2.0463626267111166,-1.3623797547049163,2.22,99.94,13
2023120304,538,1,1.0159724405710922,-6.022233868320079,4.74,88.41,13
2023120304,565,1,0.6428841264178079,6.019715826233987,6.98,113.54,13
2023120304,790,1,1.7982491484774896,2.1018922628525347,4.77,347.75,13
2023120304,820,0,3.222452482194268,2.623981052239229,5.95,348.45,13
2023120304,882,0,3.9315391388106464,-7.521338628416678,8.06,198.7,13
2023120304,951,0,7.544852549917725,1.8987298000141706,6.64,335.47,13
2023120304,1034,1,1.4921461054467773,-0.4826029423035799,0.79,92.83,13
2023120304,1218,0,4.8800409834344585,-1.345067963873981,5.23,54.91,13
2023120304,1371,1,1.5255490814785353,-2.285271972002702,6.93,264.0,13
2023120304,1626,0,3.046653902234383,0.3575196693709808,5.52,246.99,13
2023120304,1700,0,3.698499695822618,2.816625019200564,7.82,248.53,13
2023120304,1850,1,2.7549591648516216,-4.300387658940848,6.56,252.79,13
2023120304,1880,0,5.33453840552301,-0.6811423877476468,5.63,316.07,13
2023120304,1905,0,4.026027819079246,-1.0662266880759184,5.88,300.75,13
2023120304,2004,0,12.067663402664161,0.20944855443832056,3.56,215.26,13
2023120304,2078,1,1.3064838307457203,2.388630504850363,7.05,62.19,13
2023120304,2108,1,1.0357605900979188,0.635645974588765,7.0,73.36,13
2023120304,2131,0,3.449115828730609,-3.1782668222356953,3.07,50.66,13
2023120304,2208,0,4.700776531595603,5.256414444815765,6.6,163.09,13
2023120304,2334,1,1.2249489785293088,-1.381555488319563,5.1,301.21,13
2023120304,2429,1,0.8792041856133351,-1.1222811690392354,6.8,63.42,13
2023120304,2501,0,4.306100323959016,2.9274350622644727,7.57,359.77,13
2023120304,2588,0,5.693663144233248,0.0035995323526951672,6.49,140.65,13
2023120304,2618,1,2.779586300153314,3.3569634950404543,3.79,350.99,13
2023120304,2718,1,2.6084861510078965,-4.470106677564593,7.11,293.72,13
2023120304,2741,1,0.9507891459203776,1.0715448265744132,7.42,240.11,13
2023120304,2788,1,2.859545418418805,-0.12234661290315207,6.98,225.65,13
2023120304,2894,1,1.559006093637864,-3.939917282326804,6.8,87.76,13
2023120304,3013,1,1.9243960091415697,-1.4857026543045069,4.84,321.6,13
2023120304,3059,0,7.45860576783624,0.39125033380673646,5.5,310.17,13
2023120304,3166,0,3.2529678756483293,-0.34646713194762524,3.28,107.15,13
2023120304,3293,0,5.8125725801920005,-1.8407383130091528,5.59,267.49,13
2023120304,3367,0,9.034024573798765,0.13353502445596163,0.2,328.15,13
2023120304,3442,1,1.1253888216967478,-5.748206662389347,7.23,267.17,13
2023120304,3694,0,11.933620573824193,-3.367390763457588,3.92,114.04,13
2023120304,3719,0,3.2237400639629756,3.675461035562254,4.9,3.51,13
2023120304,3804,1,1.249079661190591,-0.025258490532249267,6.49,101.98,13
2023120304,3827,1,1.6559287424282487,2.3392291969663708,7.09,104.75,13
2023120304,3852,1,1.3465882815471157,6.325502070374309,7.45,165.82,13
2023120304,3960,0,5.6191814350490645,-2.2381495277963537,4.72,251.99,13
2023120304,4035,0,3.491933561796391,-2.8773758277471355,6.08,255.36,13
2023120304,4152,1,2.1390184664934546,6.974501767830822,7.42,146.74,13
2023120304,4206,0,6.514545264252913,-1.3586712660392446,4.57,220.5,13
2023120305,84,0,3.343411431457401,3.5431411203030594,7.46,118.87,13
2023120305,114,1,2.084250464795435,-1.6194172826062243,7.08,116.87,13
2023120305,232,0,7.301568324682032,4.857868327361661,6.57,339.25,13
2023120305,273,1,1.6639711535961208,2.2621522112076313,9.41,276.83,13
2023120305,388,0,5.3021222166223225,2.1630693188186667,3.63,59.65,13
2023120305,568,1,1.0408650248711386,2.160066270097301,7.6,98.38,13
2023120305,723,0,10.356930047074762,-2.561224377794142,5.9,20.8,13
2023120305,988,0,6.06185615137806,-5.3934678749320115,6.55,26.01,13
2023120305,1067,1,1.541460346554524,-2.5855927639918352,3.87,154.23,13
2023120305,1112,1,0.8856635930193798,-0.4094015604790844,6.3,122.52,13
2023120305,1243,1,2.052997808084562,2.5217851256126504,3.62,38.04,13
2023120305,1292,1,1.7204650534085242,-6.576582246618815,7.58,221.63,13
2023120305,1445,0,4.120825160086265,-3.3211916775959716,7.66,277.98,13
2023120305,1543,0,10.618747572100963,-1.6532179496232795,3.26,27.43,13
2023120305,1606,1,1.4867750334196512,6.545322066501958,8.99,68.52,13
2023120305,1645,0,5.364568948200779,0.40242550326090304,4.24,102.42,13
2023120305,1670,0,3.3882443831577502,-3.735465008602469,4.41,61.03,13
2023120305,1721,1,1.1454256850621083,-0.7299405471344722,2.87,49.89,13
2023120305,1755,1,0.6107372593840983,3.863350380188588,7.19,44.93,13
2023120305,1884,1,1.3703284277865628,3.902785737204892,4.88,199.74,13
2023120305,1960,1,2.3824777018893597,-3.5039470372122286,3.81,109.44,13
2023120305,1985,0,6.133057964832875,3.1504258402428356,6.4,14.84,13
2023120305,2032,0,5.2072449529477725,-3.3821370379351805,6.73,17.2,13
2023120305,2058,1,1.8389671013914242,2.4270070736980305,5.68,153.31,13
2023120305,2107,0,4.39550907176859,2.484819601234807,8.47,118.82,13
2023120305,2340,1,2.5467822835884473,-0.3506919860773614,5.12,140.64,13
2023120305,2363,0,6.172001296176145,0.7193920754794205,2.77,182.08,13
2023120305,2416,0,6.18207085045132,-1.465788167071673,1.02,142.3,13
2023120305,2601,0,3.9537956446938436,4.048114601855286,5.74,29.99,13
2023120305,2648,1,1.237941840313995,5.961283702695084,8.23,77.25,13
2023120305,2693,0,6.318385869824665,-0.9101543758851843,5.58,42.55,13
2023120305,2743,0,5.062617899861696,5.360505766780559,6.32,159.41,13
2023120305,2863,0,3.098080050611985,5.3988976886162945,7.78,13.33,13
2023120305,2891,1,0.5103920062069973,4.767577846429468,6.61,165.24,13
2023120305,2914,1,0.9682974749528213,-3.8104569366916854,2.57,110.72,13
2023120305,3117,0,7.928909130517256,1.991902771351885,6.28,333.57,13
2023120305,3169,0,11.088430907932823,-1.1269654971668333,6.1,176.96,13
2023120305,3201,1,1.2850291825480116,2.457972639788831,6.14,159.22,13
2023120305,3282,1,2.544720023892612,1.0527867747708646,8.38,311.82,13
2023120305,3339,0,9.13262284341142,-1.951405498713253,6.54,196.08,13
2023120305,3481,0,3.3589432862136905,3.7772509712732396,7.81,163.89,13
2023120305,3709,1,2.7664417579265965,-0.676984578605722,0.67,215.16,13
2023120305,3776,0,14.447646867223737,-4.879770450247878,5.06,127.74,13
2023120305,3809,0,8.868382039583096,5.029852723630322,7.24,358.43,13
2023120305,3959,0,3.006476342830591,-0.5847078103319683,5.73,118.35,13
2023120305,4061,0,4.154768344926107,3.545177303134417,6.9,336.75,13
2023120305,4166,0,3.694157549428561,-0.8006985025738369,2.17,82.3,13
2023120305,4189,0,12.96780629096533,-0.3008010227536152,5.34,11.09,13
2023120305,4241,1,0.5147815070493525,3.292032422495584,4.82,284.96,13
2023120305,4264,0,5.719379336956058,-2.352470475452338,5.75,307.51,13
2023120305,4340,0,3.9400507610943265,-2.9700500244474326,6.7,143.26,13
2023120305,4370,0,5.186530632320605,3.7672969324491774,7.71,112.79,13
2023120305,4440,1,2.206218484194163,1.4891338889883046,5.98,153.95,13
2023120305,4928,0,9.11212927915314,-1.8729440712144882,6.07,36.41,13
2023120305,5057,1,1.245792920191804,-1.6869956395346253,3.31,276.37,13
2023120305,5135,1,1.06606754007427,7.328690671260418,8.84,255.23,13
2023120305,5160,1,0.6161168720299742,0.27494777940809856,4.13,216.02,13
2023120305,5186,1,1.6911830178901353,2.9503824939356518,5.72,286.82,13
2023120306,77,0,4.072210701817874,1.543160951178893,2.13,70.57,13
2023120306,192,1,1.7363179432350497,1.3002567418860083,5.97,31.8,13
2023120306,261,0,4.929756586282932,3.4848085383595255,6.39,26.06,13
2023120306,286,0,4.485989300031824,2.5502523122762453,2.05,111.11,13
2023120306,329,0,9.190658300687728,-3.153312196908304,5.81,345.9,13
2023120306,388,1,1.0983624174196773,1.3517230529889552,6.1,278.53,13
2023120306,479,1,1.2180722474467605,4.617160121586451,5.48,160.1,13
2023120306,603,0,3.270015290484131,1.8902841691213983,7.54,262.65,13
2023120306,672,0,4.477945957690868,3.4037425971127226,2.04,202.69,13
2023120306,852,0,10.561273597440795,1.0223375143352167,5.46,99.32,13
2023120306,1173,1,1.5310127367203676,3.881472634910967,8.44,260.2,13
2023120306,1196,1,1.42056326856638,6.457004106532136,8.0,298.38,13
2023120306,1428,0,3.091811766586057,-0.1464615246877754,9.89,85.26,13
2023120306,1480,1,1.866815470259449,-4.491813537144298,9.34,80.28,13
2023120306,1620,1,0.8409518416651454,7.023645519131149,7.73,191.43,13
2023120306,1838,0,4.267856604901341,2.4024877694537814,7.38,99.09,13
2023120306,1948,0,14.456420718836316,1.131437417840531,5.84,162.63,13
2023120306,1980,0,3.9131572930307814,2.4782547357123073,5.98,13.59,13
2023120306,2224,0,5.178281568242502,-1.8377911853535638,5.61,175.87,13
2023120306,2249,0,15.238284024128188,-1.8741578776370273,7.51,325.02,13
2023120306,2296,0,5.704244034050437,2.569758764815461,5.23,259.21,13
2023120306,2346,0,5.4083084231578376,-0.9649552847513607,3.02,308.94,13
2023120306,2465,0,3.2127869521647394,7.704000535753856,8.4,120.5,13
2023120306,2534,1,0.773369252039404,0.2600978410139678,6.59,35.19,13
2023120306,2564,1,1.5784169284444456,5.585485707647195,7.33,359.75,13
2023120306,2609,0,10.846059192167443,4.691242638921433,6.49,180.38,13
2023120306,2753,1,2.7118259531171964,4.8602152500881735,5.05,335.54,13
2023120306,2776,0,7.339455020640161,-3.8555379696806646,8.33,241.86,13
2023120306,2825,0,12.095805057952937,-1.3095607761394588,7.63,1.76,13
2023120306,2971,0,7.388653463250256,1.5621334895868402,5.26,210.15,13
2023120306,3051,0,5.435236885362032,-0.04043691971941221,7.33,168.09,13
2023120306,3120,1,0.6324555320336781,1.5418456509795986,3.59,112.93,13
2023120307,146,1,0.7518643494673751,3.9201681541451348,8.75,100.11,13
2023120307,169,1,1.0868762579061182,-0.9344933933627231,8.79,108.93,13
2023120307,233,0,7.542393519301416,-1.3513529138005982,2.89,245.32,13
2023120307,265,0,7.364020640927075,1.454516220622701,6.26,205.24,13
2023120307,345,0,8.74286566292769,2.975039516045438,5.94,202.44,13
2023120307,495,1,1.623083485221883,8.728651463677217,9.96,251.39,13
2023120307,559,0,3.629325006113397,-1.0464698636096983,6.91,318.49,13
2023120307,672,1,0.8459905436823754,5.676867814315147,7.44,4.85,13
2023120307,719,1,1.03600193050013,0.40541780321395837,4.33,309.21,13
2023120307,808,1,2.480503981049012,4.578350033034046,7.51,178.67,13
2023120307,964,0,7.707379580635695,2.198757089650208,8.65,304.1,13
2023120307,1045,0,6.468732487898992,2.2149252691604877,4.33,150.73,13
2023120307,1208,1,2.719558787744804,6.720193455731576,9.16,277.55,13
2023120307,1324,1,1.7473408368146164,2.3221732753912763,7.87,155.83,13
2023120307,1450,1,0.9945853407325088,4.031765342547044,7.27,111.31,13
2023120307,1671,1,1.0667708282475665,-2.1086551843649906,7.71,257.08,13
2023120307,1694,0,11.90618326752952,-4.634953197191439,6.46,334.66,13
2023120307,1741,0,4.780230119983768,1.4688605243261175,3.83,292.31,13
2023120307,1795,1,1.8467809832245945,3.273806515321256,4.45,205.04,13
2023120307,1975,0,3.5995138560644544,5.526247945441967,6.54,34.57,13
2023120307,2246,1,1.259364919314488,2.5013088255614733,6.5,26.74,13
2023120307,2443,0,6.3392507443703465,0.7920333648407181,2.93,267.55,13
2023120307,2468,0,7.44137756064023,-2.041639342629385,6.12,200.78,13
2023120307,2520,0,5.929460346439629,1.1702180222046257,5.13,121.47,13
2023120307,2579,1,1.7678235206037967,-6.001591083731815,7.64,108.43,13
2023120307,2703,1,1.2175795661885935,3.5759008048630236,8.58,259.35,13
2023120307,2773,0,4.944461548035334,0.8463977606778732,2.09,349.39,13
2023120307,2798,0,3.6095567594927784,-2.8638205453678633,3.48,112.21,13
2023120307,2845,1,2.903187902978379,-3.4834037363693264,6.23,103.45,13
2023120307,2992,0,5.510108891845968,5.044719068209346,7.21,358.11,13
2023120307,3064,1,2.906888370749729,0.1286242043125001,4.19,184.58,13
2023120307,3206,0,5.742516869805432,7.395867219544199,7.8,38.23,13
2023120307,3329,0,3.086000648088069,-3.4908456619044306,7.08,280.87,13
2023120307,3411,0,3.2825752085824305,-2.820663725060196,7.82,77.86,13
2023120307,3463,0,16.6951070676411,-0.20308215837278942,4.26,209.0,13
2023120307,3546,0,3.326409475695974,-0.28963996826749683,6.42,321.82,13
2023120307,3660,1,1.520690632574551,2.7390869589337683,8.15,84.61,13
2023120307,3790,0,12.01220212950148,1.9215459827110526,5.74,356.55,13
2023120307,3873,0,7.719099688435171,0.845116354798717,3.06,134.55,13
2023120307,3898,1,2.689907061591535,3.8984887190920334,5.94,160.32,13
2023120307,3987,2,1.6199999999999974,2.6690313165503694,5.4,135.17,13
2023120307,4040,0,5.079222381428087,1.518718783101265,5.87,97.62,13
2023120308,55,0,4.033856715353178,1.472488657686414,2.2,275.21,13
2023120308,146,1,1.270157470552376,-1.2841065835670404,7.71,242.38,13
2023120308,169,0,4.102499238269279,-4.519587524587288,7.23,274.3,13
2023120308,194,0,8.680794894478264,-2.390386644694454,3.8,288.69,13
2023120308,241,0,15.935284748004976,0.5262698344085822,7.17,242.5,13
2023120308,363,0,8.267000665295729,-3.022387469438137,3.45,107.01,13
2023120308,453,0,9.512780876273782,-0.3520213640694274,7.25,163.17,13
2023120308,483,1,1.1183022847155448,-0.12381115044644123,2.01,135.72,13
2023120308,600,0,3.723022965279692,2.239383920030917,6.9,186.93,13
2023120308,649,0,5.880136052847753,-2.200401052865368,8.42,22.26,13
2023120308,686,0,5.245579091006063,0.7654686113155104,8.58,76.41,13
2023120308,750,1,0.920977741316258,4.958616207922729,7.06,271.35,13
2023120308,775,0,7.141183375323729,0.9328247737691663,7.81,186.93,13
2023120308,798,0,10.262928431982749,3.1891565319076562,5.64,190.21,13
2023120308,823,1,0.8188406438373738,1.0770784596281278,7.01,240.02,13
2023120308,888,1,1.484856895461651,-1.385953164020708,2.98,60.97,13
2023120308,929,3,0.9581753492967737,-2.5083652992865644,4.54,122.69,13
2023120308,1032,1,1.7846568297574785,-0.3437289198860831,5.45,75.62,13
2023120308,1090,1,0.7826237921249295,-0.10559389947205156,3.84,151.84,13
2023120308,1178,0,3.8617224136387613,-3.396981565543516,6.0,116.21,13
2023120308,1230,0,3.128993448379203,0.6537863369577852,6.91,117.16,13
2023120308,1326,0,7.573803535872841,-1.4549367618254925,7.59,342.42,13
2023120308,1410,0,10.60626701530751,0.14007387351315603,6.92,164.88,13
2023120308,1442,1,1.4061649974309514,-2.0583885356860234,4.48,110.81,13
2023120308,1467,1,1.4029255147726136,-0.9290691500636,4.45,39.26,13
2023120308,1522,1,1.2233151678942018,-2.8670564920179498,6.81,315.69,13
2023120308,1607,0,8.870315665183517,4.114531822365318,2.7,319.9,13
2023120308,1676,0,5.968249324550711,-0.4497946256195592,4.79,83.16,13
2023120308,1711,1,2.0529490982486642,-5.882904634014975,7.77,117.93,13
2023120308,1816,0,3.245566206380639,-5.112851662698942,5.01,232.71,13
2023120308,1866,1,1.497898527938389,-4.2942989076540234,6.95,108.5,13
2023120308,2069,1,0.925418824100743,3.317196490669637,7.26,100.86,13
2023120308,2150,0,8.369450400115893,3.109503152184174,5.14,211.42,13
2023120308,2182,0,6.4350369074310665,1.1007005664006326,1.88,300.13,13
2023120308,2207,0,8.51222650074585,1.4753883365426959,6.55,178.45,13
2023120308,2230,0,6.183922703268532,-0.9001483132640836,7.87,353.56,13
2023120308,2260,0,7.4877833836189485,-3.5269715880027324,8.31,197.25,13
2023120308,2290,0,5.298188369622202,-0.2828219743721194,4.52,201.96,13
2023120308,2320,1,1.4736349615830906,1.4424256068790546,6.82,288.69,13
2023120308,2370,1,0.7710382610480497,0.04437815921397381,5.28,247.45,13
2023120308,2564,0,8.072731879605566,-0.7774353641542625,6.14,163.75,13
2023120308,2594,1,2.23606797749979,-2.48771980094516,8.01,57.06,13
2023120308,2635,1,1.3822083779228065,0.9181002220368235,6.87,247.59,13
2023120308,2692,2,2.9094501198680103,2.614355787620002,6.74,178.36,13
2023120308,2717,1,2.291309669163036,1.0677676813533086,7.47,351.98,13
2023120308,2771,0,9.35471004360905,0.24843238256551814,4.21,329.53,13
2023120308,2859,0,3.32989489323612,-3.1717917489896137,3.19,253.3,13
2023120308,2884,0,3.1458226269133522,2.92937267111243,1.86,159.46,13
2023120308,2997,0,7.2294121476092394,-2.28754592857243,5.78,258.89,13
2023120308,3067,1,1.4610270360263715,0.23461039466764744,5.39,329.09,13
2023120308,3144,0,7.317137418417122,0.0023223209151592705,7.71,168.37,13
2023120308,3271,0,5.2092321891042666,-2.889818426920566,8.31,21.19,13
2023120308,3333,0,6.718690348572409,-0.11870942875647272,7.89,104.64,13
2023120308,3385,0,4.010149623143754,5.224988509949449,7.37,176.06,13
2023120308,3449,1,1.2126417442921933,-1.0252018820420916,4.83,300.27,13
2023120308,3472,0,4.620270554848489,0.1376634424712564,4.87,308.89,13
2023120308,3562,1,1.9795201438732568,-1.9957716274534165,2.46,179.75,13
2023120308,3620,0,5.4399448526616485,3.1806479030848314,6.24,358.24,13
2023120308,3668,0,3.624913792078378,0.03609969669981261,3.84,58.66,13
2023120308,3693,0,4.604866990478662,-3.5113102877917206,1.08,127.13,13
2023120308,3768,0,6.074183072644417,3.400147396917994,7.34,16.61,13
2023120308,3889,1,0.5966573556070487,-0.2856829776426706,5.1,320.26,13
2023120308,3923,0,12.466763814238242,-2.7587041219877846,3.86,266.56,13
2023120308,3974,1,1.8284966502567113,1.9347717810903047,9.05,106.2,13
2023120308,4030,0,7.12551752506441,3.3014010415886195,8.47,345.61,13
2023120308,4104,1,2.5374396544548596,-2.281056203583176,5.15,297.37,13
2023120308,4231,1,1.374809077654058,0.44669236141464963,7.79,107.1,13
2023120308,4254,1,0.6082762530298217,2.797237815418672,3.24,114.04,13
2023120308,4279,0,6.292002860774938,3.009646751462227,8.4,346.07,13
2023120308,4564,0,4.183873803068156,2.878113856801116,3.66,222.0,13
2023120309,55,1,2.718271509617825,6.705763479089377,6.28,0.61,13
2023120309,100,1,2.7522354550437718,2.5125772865100817,5.93,19.26,13
2023120309,147,0,5.210806079677116,-0.01760897411441608,3.01,77.03,13
2023120309,292,1,0.8324061508662703,1.3351297309185512,7.26,53.41,13
2023120309,528,2,0.9492101980067404,3.6393175826763624,6.27,19.76,13
2023120309,560,0,4.689754791031191,3.5698495208751595,3.58,315.88,13
2023120309,637,0,4.192338249712203,-2.4009225925602538,4.12,67.56,13
2023120309,667,1,1.316092701902112,2.680899439877095,5.27,149.26,13
2023120309,697,1,1.2215563842901416,5.127257203793647,3.71,88.4,13
2023120309,742,0,10.062146888214267,1.7291291716129162,2.64,43.45,13
2023120309,853,0,4.317835105698227,2.891810642907087,4.9,228.92,13
2023120309,1122,0,6.046651966171031,4.472873757187079,5.7,144.62,13
2023120309,1147,0,10.587511511209792,3.5818458594924287,0.97,231.5,13
2023120309,1172,0,5.540297825929576,-0.994007633215717,5.46,35.57,13
2023120309,1224,1,2.4871871662583027,-2.4899068325818368,7.19,171.2,13
2023120309,1271,0,16.99961470151603,2.632063915555325,5.42,164.16,13
2023120309,1330,1,2.2132555207205535,3.618803169638741,6.67,159.95,13
2023120309,1387,0,3.800473654690949,2.6361067816765766,8.08,18.97,13
2023120309,1524,0,6.92318568290639,0.15770424735284003,6.55,204.55,13
2023120309,1549,0,6.664720549280364,2.28994698548148,8.79,293.76,13
2023120309,1678,0,5.039017761429307,0.5770323993596082,6.54,145.82,13
2023120309,1759,0,6.468423300928908,1.6821378078487497,5.24,36.06,13
2023120309,1784,2,1.2447088012864695,-2.681273518919201,4.64,88.72,13
2023120309,2068,0,3.1908149429260213,-2.658467514925365,4.0,144.2,13
2023120309,2091,0,3.8171848265442927,0.2714720978141846,5.41,38.62,13
2023120309,2116,0,3.86757029671084,1.8352678508113014,6.78,21.55,13
2023120309,2163,1,1.7557049866079362,1.2374256305810394,6.52,38.12,13
2023120309,2317,0,3.4882660448996696,0.9580686038832252,2.36,100.19,13
2023120309,2395,1,1.8488915598271316,-6.145125193760684,5.23,242.8,13
2023120309,2425,0,5.300009433953866,-3.8668672675854423,3.65,256.59,13
2023120309,2518,0,5.38268520350206,1.647239157291198,2.57,313.63,13
2023120309,2684,1,2.013256069157623,5.405829438075184,6.64,139.32,13
2023120309,2736,0,5.022210668619941,-3.016374428766473,6.09,11.89,13
2023120309,2853,0,4.420554263890447,1.5869356096707592,7.18,178.89,13
2023120309,2965,0,7.053715333070938,-6.026517305650736,4.0,81.62,13
2023120309,3077,1,1.6959363195591943,-1.7852858360446584,4.57,262.33,13
2023120309,3168,0,3.8897300677553455,6.015966981131758,7.46,1.14,13
2023120309,3198,1,2.156293115510968,-0.13868988914279612,5.73,221.21,13
2023120309,3272,1,2.0719314660480395,-2.9548245434990545,3.98,71.64,13
2023120309,3331,0,15.430635113306261,0.28721365284669254,5.4,3.21,13
2023120309,3427,0,4.26141995114304,-1.2193237316373566,3.77,108.06,13
2023120309,3452,0,7.820498705325633,-0.25786851194587557,5.05,183.12,13
2023120309,3477,0,6.264774537044416,0.2852644217672399,1.34,20.01,13
2023120309,3507,0,10.95867236484419,0.6341437133926346,5.06,172.41,13
2023120309,3537,1,0.8575546629807357,-1.0955168297668298,6.74,220.85,13
2023120309,3623,1,1.8917187951701604,-3.084541400992903,6.91,15.22,13
2023120309,3646,1,0.5793962374748448,0.7080964818817599,4.7,150.22,13
2023120309,3832,0,5.98642631291825,4.107259493597669,4.23,103.64,13
2023120309,3867,0,10.923520494785551,0.37220630589168524,3.63,67.4,13
2023120309,3892,1,1.2233151678941947,5.526956357441771,6.32,143.26,13
2023120309,3963,0,20.155150706457146,-0.5208006803374983,3.44,101.26,13
2023120309,3993,1,1.2233151678941967,6.064811800900667,6.78,21.95,13
2023120309,4042,1,1.3159027319676706,5.401115814296278,7.49,174.25,13
2023120309,4090,1,2.432961158752841,-4.1569682109285635,8.46,69.38,13
2023120310,102,0,4.972574785762402,-3.7655007465820995,5.05,291.0,13
2023120310,221,0,4.387539173614293,5.0235252787568,6.08,203.61,13
2023120310,303,0,4.607656671237559,-5.3527450782720285,3.85,252.07,13
2023120310,360,0,4.0168893437584225,1.2599791895927843,5.76,334.78,13
2023120310,490,0,13.627989580271919,-2.572639889809585,3.21,175.82,13
2023120310,515,0,13.218415184885068,-0.8464175979854475,5.02,30.12,13
2023120310,562,1,1.850756602041441,2.4760023349937548,6.72,10.66,13
2023120310,648,0,5.094948478640391,-3.9795688686043937,4.49,359.18,13
2023120310,816,1,2.838097954616789,2.86999039200098,7.64,25.13,13
2023120310,868,0,4.841084589221712,-2.393942794356647,8.51,35.57,13
2023120310,970,1,2.9752310834622597,-0.9572213912978893,8.0,169.34,13
2023120310,1000,0,3.31126863905664,2.1003220400523954,6.97,152.39,13
2023120310,1079,0,8.590488926714247,-0.3016869245059919,5.96,199.69,13
2023120310,1104,0,5.926921629311456,-2.052916875698225,2.84,207.69,13
2023120310,1151,0,5.06948715354917,-4.187448278346957,6.42,213.38,13
2023120310,1252,0,3.074166553718259,-1.595166351301498,5.64,314.43,13
2023120310,1360,1,2.401686907155052,-5.47283298378601,4.33,257.72,13
2023120310,1477,1,2.171750446068788,0.3862486856848708,4.5,130.22,13
2023120310,1509,0,3.0841530441921976,3.13170977581815,5.55,113.15,13
2023120310,1614,0,8.014798812197341,-0.7771004900420377,2.49,81.96,13
2023120310,1777,0,8.351215480395656,-6.112466998285083,4.94,51.82,13
2023120310,1938,0,7.087122123965414,-3.624150446010508,4.53,26.25,13
2023120310,2144,0,9.9959641856101,-1.4282843922437527,4.27,202.91,13
2023120310,2206,0,12.005132235839804,1.2595702642547304,0.46,106.58,13
2023120310,2231,0,3.241373165804885,1.9171233881925822,2.9,282.54,13
2023120310,2256,1,1.6772000476985476,2.2562733660797707,6.81,268.81,13
2023120310,2303,1,0.8811923740024125,3.3682890094572477,7.17,280.31,13
2023120310,2434,0,5.220737495795016,-1.7708479510661082,4.94,147.3,13
2023120310,2673,0,6.487233616881699,-0.7448291762046249,1.73,206.02,13
2023120310,2696,2,1.5226949793047857,2.7791111360168,3.84,225.26,13
2023120310,2809,0,3.252967875648327,4.277435621856494,2.32,71.49,13
2023120310,2839,0,3.8092650209718935,1.1498402406479173,5.92,39.76,13
2023120310,2888,1,1.5532224567009079,0.34499115979899986,6.76,63.14,13
2023120310,2911,1,1.7363179432350633,-1.4538230458998616,2.45,167.37,13
2023120310,3005,1,2.2871160880025307,-1.8646461815840654,7.73,285.64,13
2023120310,3028,1,0.7119691004531071,2.3025134816045383,3.15,246.15,13
2023120310,3133,0,5.217940206633263,1.8819052754795071,7.77,70.71,13
2023120310,3185,0,4.241473800461345,0.6967046139312436,1.43,13.37,13
2023120310,3230,0,3.9095907714235305,3.6833097700507174,3.4,96.72,13
2023120310,3253,0,7.871753298979844,-3.6246696394438986,4.55,92.79,13
2023120310,3392,1,2.6277176408434753,7.370693841339746,8.3,350.37,13
2023120310,3451,1,2.649849052304675,-4.585813276949831,5.85,328.13,13
2023120310,3542,1,1.5770859202973049,-0.27510794608505995,5.6,108.6,13
2023120310,3798,0,9.261382186261406,-2.812610499681761,6.82,193.83,13
2023120310,3871,0,12.089420995233803,-1.3686575152932354,5.7,197.1,13
2023120310,3976,1,1.983229689168659,-3.9200991970007513,9.45,279.72,13
2023120310,3999,0,12.8554463166395,1.001811507295852,3.48,293.47,13
2023120310,4024,1,2.7336605495196338,-2.5922106947753676,4.36,262.47,13
2023120310,4054,1,1.2080149005703564,2.7404798479664843,8.03,270.63,13
2023120400,107,1,2.2714973035423145,1.7458376830110047,4.06,35.61,13
2023120400,132,0,3.0817202987941594,0.8896358695924169,0.57,152.26,13
2023120400,215,0,3.260874115938851,0.9652963018300528,4.05,156.05,13
2023120400,260,0,3.515920931989224,4.544474640048511,8.13,228.59,13
2023120400,351,0,7.815247916733032,1.5606066970811272,1.07,13.87,13
2023120400,502,0,6.768426700496947,3.080833201159089,1.49,307.88,13
2023120400,574,0,7.772901646103607,2.3283789837974176,0.46,287.53,13
2023120400,679,0,3.8551913052402456,-6.671086767463052,8.91,267.69,13
2023120400,864,0,4.164336681873844,3.4111568958226623,7.65,296.1,13
2023120400,889,1,2.438237068047326,5.760012710612198,7.39,302.31,13
2023120400,914,0,9.355426232940966,-0.7015112107571633,6.09,190.72,13
2023120400,942,0,3.099677402569493,1.8676754843404473,5.48,319.84,13
2023120400,970,1,2.6328121847180848,0.5166761362729555,6.86,232.3,13
2023120400,1060,0,5.877933310271561,0.7049857068602923,6.1,158.99,13
2023120400,1167,1,2.8603671093060803,-0.24630438263407728,3.37,77.76,13
2023120400,1284,1,1.2473972903610158,1.5487449254803023,7.91,113.02,13
2023120400,1378,1,1.041777327455347,-4.646404316936915,2.31,248.9,13
2023120400,1403,0,6.112233634278061,3.221992869747048,6.41,185.03,13
2023120400,1472,0,13.591471590670377,1.9712777211732244,3.54,213.09,13
2023120400,1547,1,1.6368567438844472,1.3160812775888564,6.32,231.61,13
2023120400,1606,0,5.332560360652281,1.7704554805897021,7.94,351.7,13
2023120400,1728,0,12.303861182571918,0.40823629456241217,4.21,77.48,13
2023120400,1753,1,1.7139719951037673,-4.166162976613255,2.87,109.16,13
2023120400,1803,1,0.544058820349416,4.801039977831286,8.71,112.39,13
2023120400,1945,1,1.1510864433221328,8.227391086280562,8.83,174.37,13
2023120400,1968,1,1.7300289014926866,-4.635081590826688,4.24,93.66,13
2023120400,2064,0,3.586028443835881,5.02240544221745,3.25,243.19,13
2023120400,2089,1,1.435444182126218,0.888246594970449,6.91,235.28,13
2023120400,2160,1,2.5883585532147615,7.434218542487589,8.78,29.82,13
2023120400,2210,1,0.6711929677819902,6.174955295757506,9.23,109.35,13
2023120400,2257,0,3.537258825701047,1.1964412088543614,7.18,42.12,13
2023120400,2380,1,1.636245702820943,-0.47691356685810726,1.93,37.96,13
2023120400,2409,0,6.6055279879809845,-0.5317343724601025,3.02,22.87,13
2023120400,2457,1,2.0554804791094465,2.771049976399735,7.93,76.11,13
2023120400,2589,0,9.803509575657074,-4.448347531030855,8.87,8.71,13
2023120400,2865,1,1.5610893632332496,0.406244885614305,1.83,6.3,13
2023120400,2958,1,2.2289459392277795,3.5959650923399042,8.92,244.84,13
2023120400,3063,0,5.546476358914733,6.255576790051961,8.06,171.82,13
2023120400,3137,1,2.6305322655310643,1.950011240883863,4.21,3.1,13
2023120400,3162,1,1.0962207806824324,-0.5750359185683394,3.64,141.17,13
2023120400,3185,0,7.451315320129728,-2.5125162327332067,0.6,157.23,13
2023120400,3293,0,6.264263723694906,3.512797570123995,7.68,223.12,13
2023120400,3375,0,3.336405251164791,5.347462023575776,8.43,344.69,13
2023120400,3453,0,7.699831166980222,1.5073674445678233,6.26,206.91,13
2023120400,3529,0,4.016179776852626,2.40836916150723,5.92,12.38,13
2023120400,3708,0,4.508891216252626,2.7031079862699965,6.68,27.03,13
2023120400,3821,0,3.8709301207849256,-7.017233975259055,8.95,244.88,13
2023120400,3851,0,3.0562885989382584,-0.8299619262161834,3.7,302.27,13
2023120400,3876,0,12.382507823538816,-0.5980152934096933,2.54,230.47,13
2023120400,3901,0,7.035183011123448,3.841306867249685,6.64,210.42,13
2023120400,3931,0,5.856833615529808,-2.224703632243454,3.37,284.98,13
2023120400,4087,0,3.510128202786898,2.9972220893088544,3.99,2.51,13
2023120400,4119,0,15.5854579656807,-2.3367357341665373,3.19,191.65,13
2023120400,4214,0,12.557213066600411,0.18313097193294725,4.83,345.68,13
2023120400,4239,0,4.012542834662327,-1.3523347806117938,6.01,327.34,13
2023120400,4323,1,2.7302930245671475,-0.3127577002653625,1.03,282.24,13
2023120400,4462,1,1.9226284092356523,-2.493666814129979,4.99,46.31,13
2023120400,4548,1,1.4591093173576744,-3.9891832740570785,5.61,40.53,13
2023120400,4605,0,8.826007024696956,0.46350547633659034,0.9,257.88,13
2023120700,82,0,3.521647341799001,-2.16598437964342,6.64,156.69,14
2023120700,107,1,2.6768638366566253,0.6599688172394407,8.15,62.67,14
2023120700,236,0,4.75184174820668,4.01477702009025,6.86,159.53,14
2023120700,416,0,4.774358595664974,3.220769919612825,3.2,333.92,14
2023120700,542,1,0.9180958555619368,5.268358128135043,7.77,85.81,14
2023120700,674,2,2.419132075766021,2.524332489244167,3.9,222.29,14
2023120700,769,0,5.080836545294484,2.838955463192686,5.76,162.28,14
2023120700,794,1,1.5980300372646312,5.2475382920263085,7.33,30.95,14
2023120700,842,0,4.3809245599530655,-1.0659567999058055,6.26,133.04,14
2023120700,865,1,2.536631624812715,-1.7814855841883783,4.7,131.8,14
2023120700,943,0,6.278359658382115,-0.7991483755681399,6.01,191.44,14
2023120700,1094,1,1.195073219514182,4.419286445962702,6.5,246.89,14
2023120700,1180,0,5.697016763184048,2.1671617046999105,2.95,124.81,14
2023120700,1205,1,2.15564375535477,-2.713523925205073,6.46,45.69,14
2023120700,1277,0,5.462023434589055,3.612239941482506,1.7,252.45,14
2023120700,1312,0,13.853634902075338,1.0213235951822797,5.26,204.88,14
2023120700,1412,1,1.193398508462283,3.627745868620343,7.94,108.73,14
2023120700,1483,1,1.9343732835210474,0.048492728224150794,6.76,353.56,14
2023120700,1508,1,2.692953768633985,1.1264672187347102,6.35,236.06,14
2023120700,1533,1,1.7048753620133066,-0.9656598458131007,7.92,236.06,14
2023120700,1637,0,9.970180539990228,-1.621283765231491,5.32,179.16,14
2023120700,1789,1,1.2747548783981937,-2.9205600531577742,7.87,99.17,14
2023120700,1893,1,2.2495555116511325,0.4600959487526388,4.44,199.34,14
2023120700,1930,0,3.2256007192459504,4.096774827898996,5.49,343.02,14
2023120700,1955,0,5.75726497566335,2.6557439334927953,6.25,342.04,14
2023120700,1985,1,2.8208154849263067,-0.6582177506863487,1.5,296.73,14
2023120700,2217,0,6.119517954871933,0.32065692289819014,4.96,147.9,14
2023120700,2264,0,3.8322056312259645,-2.9148812648629425,3.02,100.14,14
2023120700,2333,0,11.41034618230315,-4.799071170263447,6.53,146.36,14
2023120700,2432,0,3.880115977648084,4.267366428130747,2.05,133.08,14
2023120700,2569,0,9.706492672433233,-1.3003432201813523,0.88,199.67,14
2023120700,2655,0,4.00316125081166,-2.178705559413762,2.79,136.99,14
2023120700,2709,0,3.8773444520702545,3.381820964399198,6.91,358.92,14
2023120700,2820,1,2.408588798446089,1.9384031888361397,6.59,186.7,14
2023120700,2934,0,8.83830866172935,2.0313256981728958,4.59,331.98,14
2023120700,2959,0,8.460023640628908,0.39705862964264793,0.91,347.17,14
2023120700,3011,1,0.892020179143948,2.491444629737721,3.45,197.78,14
2023120700,3076,0,9.908990866884476,1.9000552136688778,5.05,335.88,14
2023120700,3231,0,10.103667650907763,-2.059051680072461,6.29,358.08,14
2023120700,3322,1,2.0308865059377377,2.1920267196309897,5.52,18.14,14
2023120700,3370,0,5.933177900585832,0.7816408536000747,6.62,197.89,14
2023120700,3425,1,0.9466784036831123,-1.0012540315010272,3.11,186.67,14
2023120700,3479,0,3.4819103951710124,-3.7122220233363814,2.65,317.14,14
2023120700,3529,1,1.0678014796768194,4.122120903879081,4.36,344.86,14
2023120700,3693,0,4.852349946160114,1.5683347024325498,3.27,297.45,14
2023120700,3716,0,14.526943931880519,-1.417042533105982,4.63,296.89,14
2023120700,3741,0,3.7914772846477702,-4.218998771299289,4.93,276.5,14
2023120700,3764,0,8.537405929203558,0.6475783190681597,3.81,317.7,14
2023120700,3794,2,1.454372717015828,3.5157599211499018,5.25,233.34,14
2023120700,3817,1,1.8617196351760372,2.4111917554329563,7.39,247.94,14
2023120700,4016,0,8.182328519437483,-2.408786355935751,5.73,256.5,14
2023120700,4046,0,6.153893076744186,-1.6402155398923182,6.99,269.44,14
2023121000,77,0,3.5246560115846735,-4.379088336872424,5.77,193.67,14
2023121000,124,2,1.6425894191793546,4.0850047860936485,7.33,357.57,14
2023121000,149,0,5.236458727040633,2.3887686253404614,7.13,195.38,14
2023121000,196,1,1.4449913494550748,2.3580666743780068,5.09,343.69,14
2023121000,311,0,6.123267101801134,-3.0450610838904253,7.0,148.6,14
2023121000,395,1,1.8298087331740454,-3.136874576725094,5.05,136.84,14
2023121000,540,0,4.456007181322752,-2.4589887497875376,6.5,24.9,14
2023121000,565,1,2.5697081546354648,0.6593266526572453,7.52,168.86,14
2023121000,641,0,3.233032632065443,-1.7899851510984974,7.34,161.06,14
2023121000,707,1,0.7200694410957857,2.2093458727733455,5.14,321.71,14
2023121000,752,1,2.6327362192213593,2.3589974170487173,5.86,228.47,14
2023121000,972,0,3.9331412382471105,5.047496799400106,6.74,353.77,14
2023121000,1028,1,2.3530830839560237,3.1590448408671516,6.81,252.45,14
2023121000,1083,0,3.5537304343464178,3.0531716047902764,7.5,310.24,14
2023121000,1176,1,2.96892236341741,0.4493832807691382,4.6,119.58,14
2023121000,1245,1,1.9080094339389428,1.1235557986999933,5.06,27.63,14
2023121000,1322,0,9.390021299230371,-1.84613095401102,4.47,22.4,14
2023121000,1369,0,5.846545988872403,-2.2037361040931125,6.66,185.3,14
2023121000,1428,0,4.451123453691217,2.286540352787699,5.36,339.57,14
2023121000,1523,1,0.8736704184073053,4.4237002427674215,8.84,94.27,14
2023121000,1724,1,0.8345058418010037,5.418825366059415,8.14,176.53,14
2023121000,1813,1,1.3024976007655462,0.49913342425656815,6.85,326.48,14
2023121000,1838,0,5.58931122769166,-1.5495103820709706,5.49,230.21,14
2023121000,1875,1,1.1661903789690655,-0.6018155080758654,4.37,202.23,14
2023121000,2024,0,3.7040113390755165,-0.5315075379319891,4.99,76.13,14
2023121000,2132,0,7.496265737018669,2.29406592254586,2.23,169.24,14
2023121000,2193,0,6.716918936536301,1.6426673680054331,7.03,196.35,14
2023121000,2294,1,0.585491246732176,5.42805333138285,6.51,49.47,14
2023121000,2324,1,2.8532963393240443,3.7886436461927016,5.94,53.48,14
2023121000,2347,1,2.2921823662178284,-6.834010973980433,8.22,101.48,14
2023121000,2449,1,1.4806079832285124,7.648846194663235,8.47,182.87,14
2023121000,2534,1,0.7920858539325173,1.8648699188828095,5.03,28.78,14
2023121000,2557,0,4.890092023673993,3.712586777450404,1.56,102.39,14
2023121000,2582,1,1.3290974381135485,0.8073032568933991,5.35,24.82,14
2023121000,2746,0,4.485365091048893,-0.33101829626954116,5.89,209.36,14
2023121000,2793,1,2.21822000712283,2.7844142513609516,4.5,236.94,14
2023121000,2895,0,17.310046215998387,-0.8578898133234685,4.3,181.8,14
2023121000,2920,0,5.421890814097977,1.2148993228277751,3.77,138.81,14
2023121000,3022,1,1.6208639671483864,-6.248111667942719,8.63,109.79,14
2023121000,3045,1,2.271079038695039,-3.105959980880945,6.07,20.71,14
2023121000,3158,1,0.988989383158387,3.4679721276195625,5.89,65.68,14
2023121000,3379,0,8.195370644455313,3.264305180868854,3.35,333.02,14
2023121000,3578,0,5.999816663865649,0.3047337616097573,8.14,172.32,14
2023121000,3630,1,0.9363759928575667,3.621571236938127,7.04,134.17,14
2023121000,3675,0,3.1666543859410976,8.951484492567964,9.07,146.47,14
2023121000,3769,1,0.9002221947941434,6.236967353764832,8.27,298.81,14
2023121000,4119,1,2.410331927349423,1.0386210007991161,7.87,81.51,14
2023121000,4142,1,2.793223943761041,-3.3783666584534386,7.04,95.83,14
2023121000,4165,1,0.9507891459203792,5.8998061815874125,6.18,111.63,14
2023121000,4291,0,10.762899237658972,-1.8878278598414269,4.36,300.9,14
2023121000,4316,1,2.1050890717496977,0.009041538363274704,6.6,300.46,14
2023121000,4348,0,5.393153066620678,-2.083426106703536,6.32,261.92,14
2023121000,4378,0,5.0006899523965735,-3.1424091376541083,6.77,288.46,14
2023121000,4426,0,9.601338448362295,-1.232843987821394,7.34,229.76,14
2023121001,84,0,11.570622282314806,-3.908162703115123,6.13,3.03,14
2023121001,114,0,4.018519627922702,-0.15889544542933387,6.69,178.25,14
2023121001,435,1,1.8740864441108374,-0.005900872474059238,3.49,176.65,14
2023121001,481,1,2.2779815626997504,-4.201547872820251,4.4,195.97,14
2023121001,547,1,2.161712284278367,6.523435503526369,8.01,159.89,14
2023121001,570,0,4.800937408465144,0.31223875144699154,4.8,63.19,14
2023121001,595,1,2.051194773784298,2.4627564082086244,8.71,105.0,14
2023121001,690,1,2.3193102422918765,-1.3488596464062041,5.05,232.0,14
2023121001,745,0,4.346734406425133,-1.0532217653134832,7.81,356.85,14
2023121001,872,0,15.196976673009663,-4.8553562883788715,6.52,69.83,14
2023121001,996,1,0.898443097808647,1.117106629691348,5.66,120.08,14
2023121001,1032,0,11.164949619232507,-1.0167864769610984,7.21,159.51,14
2023121001,1138,1,2.9523719277895837,-1.3563909273083725,6.76,75.74,14
2023121001,1251,1,0.5166236541235801,3.296015401567669,4.71,320.72,14
2023121001,1279,1,1.255906047441454,-4.368392358457942,5.39,257.28,14
2023121001,1304,1,1.834393632784413,0.9197988088660716,7.36,274.75,14
2023121001,1390,0,5.107886059809877,3.4515921411747588,2.06,25.54,14
2023121001,1533,0,4.909786146055646,4.400204536673118,7.94,33.13,14
2023121001,1563,0,4.320300915445599,-2.1106371023523725,9.05,18.13,14
2023121001,1758,0,3.3186895003901764,-0.5796837110692351,9.41,279.96,14
2023121001,1870,0,10.57563236879951,-5.490393411563013,4.01,69.94,14
2023121001,1895,0,10.265914474609644,1.2348516198112005,7.04,10.59,14
2023121001,2020,1,2.7886197302608324,-1.2061610180659634,6.84,229.28,14
2023121001,2043,1,1.6959363195591997,2.4615561242954795,6.95,181.07,14
2023121001,2073,0,8.234591671722411,2.8131019746834482,4.31,308.12,14
2023121001,2125,1,2.8300706704957013,2.4196341936333643,4.67,171.74,14
2023121001,2160,0,3.827531841800924,-4.037143581724946,6.59,239.26,14
2023121001,2185,0,5.344314736240744,2.277731135434318,3.38,58.18,14
2023121001,2213,0,3.056550343115586,1.354260789909845,4.86,294.58,14
2023121001,2293,0,4.650010752675739,0.8819502485085198,5.09,196.71,14
2023121001,2419,0,12.782914378184653,-1.3470164958200517,6.25,351.01,14
2023121001,2447,1,1.3407833531186109,-3.3094579899166923,5.21,303.71,14
2023121001,2881,0,13.046137359387263,-3.6322092229078433,5.34,12.77,14
2023121001,2955,0,7.814633708626396,1.7331307325813814,7.19,19.21,14
2023121001,3075,0,3.9580424454520333,2.0441312118290935,2.11,237.37,14
2023121001,3100,2,2.247353999707209,2.536217635576583,6.31,303.45,14
2023121001,3314,0,4.380433768475442,3.603845267325395,0.8,77.3,14
2023121001,3359,0,6.262467564786263,4.312075297007608,7.88,181.74,14
2023121001,3382,0,8.614522621712709,-0.6604279901363365,6.35,184.99,14
2023121001,3433,0,7.129859746166119,-2.1645522078596198,7.09,323.62,14
2023121001,3480,0,5.362387527958045,1.726076388188416,7.82,189.78,14
2023121001,3568,0,4.783053418058386,1.2861393945814896,7.45,69.93,14
2023121001,3613,1,2.4907027120874923,3.8103526522633406,6.25,139.93,14
2023121001,3713,1,2.0270421801235425,1.1245477325851196,1.0,345.13,14
2023121001,3820,0,4.74203542795707,-6.601506641746827,6.72,87.15,14
2023121001,3845,1,1.3423859355639849,4.368448439103486,8.59,146.52,14
2023121001,3892,0,3.7232512673737124,-1.1628993540149073,7.67,22.9,14
2023121001,3944,1,1.331240023436792,2.7885593921120595,3.65,138.31,14
2023121001,4058,0,9.666074694517933,2.2907895847662063,6.11,327.16,14
2023121001,4081,1,2.3765521244020626,-0.6478011307361022,4.99,211.98,14
2023121001,4145,0,4.566103371585011,2.2825373548992363,1.51,276.85,14
2023121001,4170,0,4.086477700905762,-3.9520728291652856,4.31,258.78,14
2023121001,4218,1,1.4534441853748634,6.467066453298602,7.02,190.44,14
2023121001,4266,1,2.794584047760954,2.718954919663522,7.03,179.69,14
2023121001,4296,0,5.0671984370063905,-2.5258142561082235,3.58,239.87,14
2023121001,4388,1,2.380777184030458,1.0815015303056186,8.91,194.42,14
2023121001,4466,1,1.3380956617521795,-2.7374344880364734,4.75,79.33,14
2023121001,4496,1,1.9813379318026525,-2.5608225896095584,7.47,81.62,14
2023121001,4521,0,13.45867749817939,2.2882568356889985,4.31,132.05,14
2023121001,4590,1,2.1470444802099538,-3.39764164761735,7.56,58.8,14
2023121001,4750,1,2.563630238548455,-0.9588494531695025,7.03,287.85,14
2023121001,4773,0,3.5275487239724987,-1.1516319852391794,6.56,316.72,14
2023121001,4859,0,8.810141883079979,-0.7676033083738228,6.0,14.35,14
2023121001,4906,0,8.438400322335982,-2.998827828235199,3.01,107.78,14
2023121002,84,0,6.514368733806832,1.4875816465678966,4.31,25.02,14
2023121002,131,0,7.807310676539006,-1.2152177377233082,5.43,22.87,14
2023121002,344,1,0.7481310045707255,3.0293522116298304,5.24,240.28,14
2023121002,369,0,6.329233760890804,3.001253880125385,5.85,336.37,14
2023121002,428,0,4.251305681787654,3.3861976682632275,5.54,318.68,14
2023121002,658,1,1.6376812876747389,0.5270218288783393,1.74,129.38,14
2023121002,938,0,3.223042041301971,3.748681073141661,2.23,139.6,14
2023121002,1009,0,6.569330255056448,-1.7966533100820068,7.73,143.14,14
2023121002,1063,0,3.794153397004393,2.71052719917235,7.54,212.32,14
2023121002,1328,1,1.7748521065147909,2.9234660235019354,5.85,154.38,14
2023121002,1592,0,5.228508391501348,-3.3916933521493693,5.46,155.96,14
2023121002,1617,1,1.357718674836579,3.0209746214627127,5.42,30.78,14
2023121002,1798,0,4.689658836205467,-4.57613091780899,3.24,112.49,14
2023121002,1823,1,0.9840731680113995,-0.9693529654492818,5.24,58.18,14
2023121002,1896,0,5.0149576269396325,-6.097774581003703,8.19,227.24,14
2023121002,1985,1,2.288449256592769,9.225030225162897,8.8,169.24,14
2023121002,2032,1,0.954620343382643,6.820614054179712,8.42,78.42,14
2023121002,2165,0,6.511113576032905,-3.3296670558235335,2.54,268.51,14
2023121002,2190,1,2.7635484435775663,-0.5589387869186105,4.11,206.33,14
2023121002,2213,1,1.7550498568416826,4.332323586108599,6.21,2.45,14
2023121002,2238,0,3.7264594456400615,-4.306924991770982,7.11,238.49,14
2023121002,2307,0,7.295985197353405,-5.31577598678097,2.07,7.65,14
2023121002,2467,1,2.139649504007604,7.468403461931555,8.35,22.79,14
2023121002,2490,0,3.9067377695463454,3.847662589845814,6.32,12.85,14
2023121002,2513,0,12.46412852950418,-2.4818469844182722,4.69,91.02,14
2023121002,2607,0,5.564350815683711,3.0989514917064955,6.4,202.91,14
2023121002,2632,0,3.856591759572175,-2.76096271692142,2.54,3.55,14
2023121002,2757,1,0.5448853090330136,2.889956758105101,5.23,169.38,14
2023121002,2840,0,11.041775219592182,1.6434248397426718,4.29,323.58,14
2023121002,2863,1,1.4945902448497397,5.57179192642857,6.84,192.01,14
2023121002,2888,0,10.005298596243895,3.1549322546011385,5.13,180.09,14
2023121002,3021,1,1.660030120208666,3.9791503088498237,8.67,271.51,14
2023121002,3197,0,9.672109387305335,2.534535206182052,8.35,340.69,14
2023121002,3242,0,5.413030574456418,0.9290029795373103,6.86,12.35,14
2023121002,3348,0,6.441676800337008,0.09143891511269231,6.52,197.4,14
2023121002,3378,0,7.0004571279310035,2.0533974909102772,6.19,344.76,14
2023121002,3403,0,3.0364452901377885,0.46126848438434975,0.85,55.89,14
2023121002,3474,0,3.969584361113895,3.5778032662442025,7.1,157.03,14
2023121002,3497,2,1.0307764064044165,1.2042271145886936,5.22,144.39,14
2023121002,3544,1,1.5045597362683905,4.61667665817384,8.49,6.13,14
2023121002,3569,0,5.253436970212929,-3.5599400927560048,8.9,152.33,14
2023121002,3635,0,4.8914721710339935,-2.757299518464399,6.05,217.37,14
2023121002,3752,1,2.263183598385249,0.7355967135497986,5.29,226.72,14
2023121002,3800,0,3.2076471127603816,-6.10788054372002,2.51,266.72,14
2023121002,3853,0,5.210470228299938,-1.0771275060670955,5.38,250.22,14
2023121002,3896,0,3.390014749230448,1.7484891751659934,6.38,236.98,14
2023121002,3948,0,5.72458732137086,4.9741143089091775,6.4,11.18,14
2023121002,4052,1,2.9324563082849155,-1.0984697170454698,6.57,283.01,14
2023121002,4104,0,8.711061932967754,0.037109548879886545,6.51,192.93,14
2023121003,76,0,4.257346591481601,0.5265504248697239,4.98,222.47,14
2023121003,101,0,14.239315292527229,-0.19505870079514193,4.85,325.03,14
2023121003,172,0,7.7314746329532715,-2.4230305033174435,6.21,164.56,14
2023121003,239,0,4.5818991695583975,-0.2761017524027868,6.3,329.56,14
2023121003,271,0,4.4762595992636625,-3.6606485908725843,5.45,259.39,14
2023121003,318,0,3.112764045024933,2.16606437103967,6.63,314.79,14
2023121003,343,2,1.613753388842297,0.9689059951054669,4.46,191.5,14
2023121003,386,0,6.503575939435164,-2.119724057244232,1.93,183.68,14
2023121003,440,1,2.272663635472704,2.6942762830262295,6.28,93.01,14
2023121003,529,0,8.462340101886706,3.755255336181224,4.7,285.39,14
2023121003,554,2,1.2447088012864722,2.2134346496868504,6.95,201.54,14
2023121003,621,1,2.8680306832389397,-1.5787917275085976,7.07,230.0,14
2023121003,759,1,1.9399226788715052,3.7157960480564602,8.17,321.67,14
2023121003,782,0,8.074503080685522,1.9280433805991233,6.17,211.13,14
2023121003,899,0,18.0850490737515,0.8338690567629391,5.28,24.78,14
2023121003,954,1,0.8746427842267943,5.663643572438984,8.11,230.2,14
2023121003,1000,0,16.52636681185553,-2.111190268373383,4.11,347.17,14
2023121003,1299,0,8.983941228659056,-1.2133924583815117,5.81,24.01,14
2023121003,1322,0,12.171943148076233,-0.22242627668614734,6.75,150.08,14
2023121003,1358,0,6.310071314969423,-0.9428289115032804,5.75,68.54,14
2023121003,1383,1,1.6447796204963117,4.456389759055384,8.15,64.74,14
2023121003,1428,0,4.43878361716361,-0.015733645899144222,6.23,51.23,14
2023121003,1453,1,2.983286778035251,2.7786130090738173,5.89,98.29,14
2023121003,1476,1,0.9761659694949397,2.2761833618124863,5.3,171.42,14
2023121003,1664,1,1.8270467974302091,5.8794098181743655,6.87,148.86,14
2023121003,1759,0,4.47317560576376,-0.7828299657505673,2.02,290.03,14
2023121003,1823,0,3.295284509719913,-3.3032255893512033,3.5,288.06,14
2023121003,1880,0,11.344130640996694,4.612005361421974,6.64,187.61,14
2023121003,2134,0,3.155265440497835,2.608794969799904,6.0,62.36,14
2023121003,2159,1,0.9976472322419472,-3.4168642742132747,5.06,141.95,14
2023121003,2233,0,3.4122426642898636,-2.9289571921393946,4.51,79.88,14
2023121003,2322,0,10.9926202517871,1.7327548372285482,4.63,230.15,14
2023121003,2379,2,0.7023531875061183,1.7944075778728472,5.06,198.6,14
2023121003,2402,1,1.9691876497682939,-1.7473542897345467,6.01,283.27,14
2023121003,2493,1,1.874166481399125,-4.025081010799544,8.36,75.62,14
2023121003,2518,0,6.608850126913148,-4.3389170135220585,4.22,167.35,14
2023121003,2565,1,1.6477863939236788,-2.966788090804104,4.06,27.75,14
2023121003,2645,0,5.103136290557012,-3.3286464780415486,5.77,162.82,14
2023121003,2821,0,6.434671708797585,1.0906129971104028,5.32,194.31,14
2023121003,2846,1,1.113597772986283,-0.7423655335510739,1.52,270.07,14
2023121003,2969,0,3.6809917141987687,2.3168868168072256,7.5,212.66,14
2023121003,3024,0,5.279441258315125,2.6873599851063363,7.36,344.93,14
2023121003,3241,0,3.2881149614939007,0.10366971084279142,2.6,66.77,14
2023121003,3266,0,6.100098359862731,-0.21763887620901362,2.85,87.89,14
2023121003,3291,0,4.627094120503713,4.137260365079026,7.45,66.39,14
2023121003,3316,1,1.2427791436936746,-3.7173483027418017,3.58,65.18,14
2023121003,3375,0,7.4901068083172175,3.0179581746615165,5.09,24.83,14
2023121003,3589,0,5.299528280894445,-0.07501529192611203,2.92,119.77,14
2023121003,3614,0,13.310161531702008,-0.12073758130814355,5.21,168.86,14
2023121003,3639,0,4.477700302610708,-0.9385321183962079,3.63,152.35,14
2023121003,3703,0,5.200480747007914,-0.5637742308654473,4.08,116.5,14
2023121003,3728,0,12.142693276205238,-2.314484582856004,4.35,81.01,14
2023121004,103,0,5.079921259232271,-2.7271436303129186,6.46,102.24,14
2023121004,150,0,12.420064412071293,1.93947096755075,6.16,5.51,14
2023121004,175,0,10.653168542738827,0.4713387516108374,7.44,72.42,14
2023121004,277,0,4.447707274540441,-2.6842194547329736,2.1,294.4,14
2023121004,357,0,4.2004285495649185,1.7457420560249248,6.03,180.69,14
2023121004,475,2,1.5711460785044775,3.4853607274665857,6.09,316.79,14
2023121004,788,0,5.915648738726807,1.1992213597919792,5.54,341.06,14
2023121004,820,1,1.8389671013914315,0.17846523247944757,3.41,324.7,14
2023121004,843,0,6.964230036407478,2.3745078698716986,3.26,328.82,14
2023121004,1029,0,3.6280159867343458,0.3758885266583081,3.8,234.21,14
2023121004,1083,1,1.032375900532357,8.293216524411248,9.17,219.28,14
2023121004,1153,1,2.8585485827601405,6.6685715993316395,7.58,185.72,14
2023121004,1196,1,1.3994641831786898,-2.606496647405138,6.68,113.84,14
2023121004,1246,1,2.73967151315628,-4.3152191883692534,6.87,291.09,14
2023121004,1293,0,4.779215416781294,-0.9129626776256201,6.95,331.0,14
2023121004,1364,1,2.1614809737770067,-4.46203712251229,8.53,114.54,14
2023121004,1391,0,6.514384084470298,-0.5924320871930308,4.03,275.35,14
2023121004,1494,2,0.7962411694957765,-1.3755452158171035,2.34,326.18,14
2023121004,1570,0,3.3351011978649234,0.1642836919955601,4.95,139.4,14
2023121004,1680,0,6.261629180971989,-1.901456151702899,4.75,221.99,14
2023121004,1759,1,2.694160351575238,2.098422249040922,7.36,110.88,14
2023121004,1845,0,7.0486452599063325,-1.5968766989162408,6.35,296.36,14
2023121004,1917,0,3.380946613006477,-3.532012350295568,4.44,262.71,14
2023121004,2046,0,3.7620473149603035,-0.3847658548418739,6.15,155.82,14
2023121004,2169,1,1.2127654348636425,6.114057530541157,7.37,39.85,14
2023121004,2194,1,2.876056327682059,4.185212559666926,7.25,92.23,14
2023121004,2283,0,9.372064873868522,-2.216141290851336,5.9,359.69,14
2023121004,2313,1,0.9126335518706348,5.007126780958249,6.14,286.97,14
2023121004,2434,0,7.0208404055355045,3.066891238083384,5.33,353.11,14
2023121004,2522,1,2.4014162487998574,-3.4665506169278935,3.49,89.79,14
2023121004,2588,0,4.927088389708468,-4.610158000968016,7.09,242.82,14
2023121004,2611,0,7.805895208110348,-3.544856574392228,6.45,193.83,14
2023121004,2669,0,4.440720662234898,1.3143216593722675,6.39,344.74,14
2023121004,2694,0,4.536298050172626,-3.8980688854216883,3.98,306.5,14
2023121004,2859,0,4.73831193570031,-0.40330317245391567,7.23,129.77,14
2023121004,2906,0,9.793722479221067,2.159808902267564,4.64,123.26,14
2023121004,2969,0,3.2880541358073754,0.6834544576388186,5.46,194.28,14
2023121004,3042,0,5.216684771001597,-1.1797590307008825,6.27,341.52,14
2023121004,3201,0,14.272746757369445,-2.008615531438475,4.56,168.03,14
2023121004,3312,0,5.301264000217306,-0.4207705012124695,2.19,68.38,14
2023121004,3384,0,3.339371198294671,-3.32529360081099,7.07,67.71,14
2023121004,3572,0,5.903736105213377,-1.0149543184809637,3.76,302.92,14
2023121004,3597,1,1.4501379244747608,-4.114687237277801,4.34,297.13,14
2023121004,3627,0,7.700525956063004,4.949526583567094,3.89,302.24,14
2023121004,3652,0,13.040678663321172,1.6641185830910121,6.17,193.4,14
2023121004,3703,1,1.3024976007655422,-1.791419564196804,3.8,217.51,14
2023121004,3796,0,5.525866447897559,0.6982010839282979,3.33,305.63,14
2023121004,3848,1,0.7653103945459048,3.0130928629243043,4.48,135.88,14
2023121004,3895,1,1.617559890699566,3.631978523520724,5.54,132.78,14
2023121004,3918,0,3.3594344762176855,-2.008042336455193,3.87,41.83,14
2023121004,3982,0,5.925512636050994,5.715979272344163,3.88,317.02,14
2023121004,4068,0,4.056414673082625,-0.6387330655509778,6.24,0.82,14
2023121004,4115,1,1.814166475271768,2.532484513160149,7.05,226.9,14
2023121004,4140,0,3.136144129340994,3.927917906289802,6.65,331.27,14
2023121004,4163,1,1.916715941395593,0.6700277138819775,6.34,347.42,14
2023121004,4198,1,2.562596339652425,-1.9091956074407974,8.08,231.76,14
2023121004,4298,1,1.050809211988549,4.277618615469725,7.04,125.7,14
2023121004,4401,0,8.027758093016997,-2.802188949007501,6.72,160.81,14
2023121004,4483,0,6.917492320198119,-4.567957884716805,6.81,19.17,14
2023121004,4556,1,0.9962429422585751,-2.615025511581706,6.82,129.22,14
2023121004,4601,0,4.3796118549478775,8.074574700644725,7.0,196.96,14
2023121004,4642,1,1.322459829257588,0.3925383726313485,6.3,334.63,14
2023121004,4672,0,4.037078151336681,2.0232663315711377,2.18,267.15,14
2023121004,4711,1,1.2544720004846677,1.7867074141109114,6.08,297.65,14
2023121004,4758,1,1.185959527134044,7.285909138821337,7.61,332.34,14
2023121004,4841,1,0.8616263691415181,-1.9355490376108624,3.89,153.98,14
2023121004,4929,0,13.34215874587018,-2.955045473465509,4.91,279.69,14
2023121004,4962,0,14.602619627998262,-0.10781276391523881,5.59,334.21,14
2023121004,4994,0,14.806934186387132,-0.232596679156219,5.6,343.49,14
2023121004,5019,1,2.9953630831670477,-4.898115984123952,8.54,283.83,14
2023121004,5117,1,1.0076705810928523,2.524087866614509,6.03,344.47,14
2023121004,5147,1,2.0862646045025057,-1.2192450731184172,3.95,281.99,14
2023121004,5170,2,1.4068759717899841,1.6963047689984376,4.96,242.82,14
2023121005,86,1,1.5861904047118662,2.7842195994510206,6.95,72.87,14
2023121005,119,1,0.8275868534480245,-0.4812615241428291,7.92,49.9,14
2023121005,190,0,3.170015772831422,3.4326961849059345,0.85,197.65,14
2023121005,215,0,5.936472016273635,2.9001293132801567,6.14,338.09,14
2023121005,262,0,7.696733073194108,-4.494421312662589,4.08,3.49,14
2023121005,500,0,6.904100231022144,0.37284616082295885,5.62,158.58,14
2023121005,574,0,4.577390086064326,2.199078032286121,0.5,354.0,14
2023121005,755,0,3.910831113714835,1.9693573764425782,1.77,340.29,14
2023121005,1073,1,1.283627671873743,-0.45995871456858817,6.09,236.03,14
2023121005,1154,1,1.8445866745696717,0.4312934003036606,5.82,303.36,14
2023121005,1208,1,0.8544003745317534,6.518111344737317,6.44,298.46,14
2023121005,1274,0,7.274640884607296,0.8514741565787856,3.07,47.9,14
2023121005,1345,0,7.812425999649532,-0.22428599267627036,2.49,142.54,14
2023121005,1410,0,10.688919496375675,2.9713212218697787,4.46,181.48,14
2023121005,1510,1,2.3621176939348194,-1.1655337141285986,6.75,298.27,14
2023121005,1749,0,4.667247582890797,0.796662391203848,1.56,263.87,14
2023121005,1830,0,11.233970802881771,1.3239277342391866,4.77,201.86,14
2023121005,1862,1,1.3103434664239753,2.3120321948619766,7.5,300.43,14
2023121005,1892,0,4.6113338634282375,-6.645146416454286,4.46,153.37,14
2023121005,1922,0,5.863531359172561,-1.30467160297384,3.46,87.54,14
2023121005,1999,1,1.0846197490365006,1.4812145344948975,8.37,303.43,14
2023121005,2022,2,1.3843771162512029,2.2493952361370666,8.34,259.77,14
2023121005,2045,0,3.936622918187617,-1.5450160985466384,6.59,225.72,14
2023121005,2238,0,7.183369682815997,-1.729358632521396,0.66,289.61,14
2023121005,2263,0,5.980033444722526,2.1218099267132784,3.64,183.89,14
2023121005,2288,1,2.115963137675131,-6.027009919918906,8.95,116.57,14
2023121005,2368,0,3.6286912241192493,1.4711401675083535,7.33,192.48,14
2023121005,2450,0,3.4531434954255817,4.880057440988436,6.71,220.45,14
2023121005,2473,0,4.622315437094276,-1.2214427013953144,7.64,301.21,14
2023121005,2503,1,2.725674228516686,3.2853617087989795,6.6,342.48,14
2023121005,2836,0,3.6977019890737512,1.6182487462967545,7.61,224.14,14
2023121005,2975,0,7.596314896053217,-1.1609720571906952,6.66,339.26,14
2023121005,3029,0,3.2697400508297245,2.353426379316615,0.94,270.75,14
2023121005,3183,0,5.838878316937253,2.77263830704526,5.99,159.06,14
2023121005,3248,0,8.858357635589119,1.505944547895868,4.92,169.43,14
2023121005,3277,0,5.771455622284563,-1.766567615746066,5.35,91.16,14
2023121005,3300,1,2.3907530194480553,0.16629819107861232,9.29,296.14,14
2023121005,3377,1,2.336921051298054,3.8579615783396144,4.68,233.03,14
2023121005,3402,1,1.7550498568416788,0.3257631944321018,4.49,211.75,14
2023121005,3468,1,1.6223748025656717,2.4318715659478043,6.81,125.66,14
2023121005,3537,1,1.2791403363196676,0.7092633241100952,7.91,131.56,14
2023121005,3636,0,3.31603679111074,-4.364039657437284,5.34,299.01,14
2023121005,3722,1,1.3647344063956188,1.1642444728474397,5.07,82.33,14
2023121005,3823,0,7.566901611624145,-0.5028309972262177,3.58,97.27,14
2023121005,3876,2,1.754137964927504,3.3740059730812333,6.81,49.37,14
2023121005,3906,0,6.5705555320688145,0.599231590852054,3.39,111.77,14
2023121005,3931,1,0.7102112361825869,5.765895335840036,8.79,82.2,14
2023121006,77,1,2.2458851261807653,8.143250327260088,8.1,2.69,14
2023121006,127,0,6.769963072277424,-0.6240618056344435,5.6,189.25,14
2023121006,248,1,1.5305554547287747,2.947906749939859,5.27,195.23,14
2023121006,308,1,1.3603308421115765,5.519460621598127,6.37,279.45,14
2023121006,555,0,4.4677734947062815,-4.727892469184132,6.41,14.31,14
2023121006,580,0,3.9156736329781108,-1.7903948446902687,5.38,83.85,14
2023121006,751,0,6.1126835350768784,-3.178878664771786,4.82,272.27,14
2023121006,1062,1,1.0212247548899307,-0.48916526688415185,9.61,267.83,14
2023121006,1162,0,9.2814061434677,-0.24579062046334987,3.24,108.96,14
2023121006,1218,0,9.392001916524507,-2.7633050886430004,7.02,157.25,14
2023121006,1270,1,2.559785147234041,3.381594531286562,4.87,177.28,14
2023121006,1400,1,0.8049844718999231,3.4482503215283016,3.89,208.0,14
2023121006,1495,1,1.3313526955694384,9.471311563645177,9.21,159.59,14
2023121006,1661,0,4.763402145525826,-2.8036163891228982,7.39,246.79,14
2023121006,1756,0,7.895676031854399,1.8430168111939171,4.93,84.64,14
2023121006,1840,2,2.413503677229441,-2.7063772278890235,6.33,330.28,14
2023121006,1912,1,2.3063824487712243,2.4552484594596256,6.55,255.59,14
2023121006,2060,1,2.678245694479873,4.42816664483847,6.92,349.79,14
2023121006,2085,1,1.5479664079042526,-1.9498495125521975,5.52,240.12,14
2023121006,2113,1,2.1153250341259597,-3.1406057786333212,7.06,310.76,14
2023121006,2184,1,0.8041144197189839,1.0423591101653091,4.75,349.83,14
2023121006,2207,0,8.053725845843031,3.2743460895265244,7.47,183.81,14
2023121006,2232,1,2.7670381276737057,-1.177976004796093,7.64,350.39,14
2023121006,2296,1,0.7624303246854792,2.648698766339578,7.99,180.07,14
2023121006,2413,1,0.854458893101351,0.6107649305402691,3.33,41.23,14
2023121006,2480,1,1.0413932974625864,5.516553742030333,6.89,280.35,14
2023121006,2583,0,5.187446385265105,-0.646067031878123,3.5,251.3,14
2023121006,2608,0,3.90360090173163,-0.40555400957316895,8.44,186.2,14
2023121006,2716,1,0.9741663102366035,1.5933098837852362,5.95,75.83,14
2023121006,2739,1,2.5951685879726596,5.407522744153004,8.41,162.46,14
2023121006,2811,0,6.909739503049305,-1.5955244559713546,6.1,192.15,14
2023121006,2901,0,3.431107692859549,-0.12423049493256255,7.57,151.92,14
2023121006,2931,0,6.758409576224264,-4.0268925868202645,5.46,12.88,14
2023121006,3136,1,2.801035522802236,0.24472926361757685,5.62,141.21,14
2023121006,3161,0,11.62308478847161,-4.88896038403542,6.1,25.84,14
2023121006,3233,0,6.09099335084188,3.173101104309599,5.64,125.1,14
2023121006,3258,1,2.00422054674629,-0.9265834177445205,2.22,130.34,14
2023121006,3308,0,6.371561817953272,2.5405706245028346,7.63,19.44,14
2023121006,3394,0,3.8315793088490255,1.2001684483340376,5.21,334.6,14
2023121006,3419,1,0.9972963451251606,0.9755789175291296,6.75,306.93,14
2023121006,3442,1,0.8731551981177156,6.616138503021435,6.77,255.16,14
2023121006,3485,0,4.039269735979511,0.9560509176579803,6.05,24.0,14
2023121006,3616,0,3.9721656561628973,4.910356295944273,7.57,342.58,14
2023121006,3644,1,0.9394147114028013,4.872266130611782,7.03,212.95,14
2023121006,3671,1,1.072986486401383,-4.665471423413574,6.04,276.78,14
2023121006,3839,1,2.9632583417582716,2.348219408371655,0.79,251.9,14
2023121006,3862,0,4.503209966235196,-1.3941846587159987,5.5,322.55,14
2023121006,3907,0,3.4464039229318413,-2.9845765790359233,7.24,250.39,14
2023121007,62,1,2.9274562336608887,4.221137095459435,2.34,43.79,14
2023121007,109,0,3.0477040538739995,0.158261545455273,4.6,192.41,14
2023121007,228,1,1.9601020381602583,-3.0467242046748946,4.65,135.29,14
2023121007,253,1,1.98698263706555,2.4029682898133315,5.81,84.08,14
2023121007,401,1,2.9321834867552257,0.38401897241350486,4.41,274.73,14
2023121007,485,0,3.9245891504716774,-1.489592305504464,5.02,69.35,14
2023121007,626,1,2.414000828500279,0.981261339943162,3.9,139.7,14
2023121007,651,1,1.4579780519609995,-1.618056424538096,4.76,60.56,14
2023121007,837,0,3.9094372996634705,-2.1018592045255917,5.89,4.47,14
2023121007,1027,1,1.3789851340750603,2.439339087050629,6.59,79.3,14
2023121007,1103,1,1.4360013927569848,-3.4974095212722522,6.12,79.83,14
2023121007,1150,0,10.980573755501112,0.3432096628210406,6.35,172.99,14
2023121007,1197,1,1.6949926253526915,9.168769411942106,9.36,9.16,14
2023121007,1247,1,0.9007774419910853,4.084915088053511,7.21,39.88,14
2023121007,1277,0,3.742298758784498,2.6636116210534286,4.13,9.07,14
2023121007,1367,1,1.6220049321749945,1.3684346927005562,5.54,344.17,14
2023121007,1399,0,9.255528077857038,0.2914422508756496,5.26,201.82,14
2023121007,1442,0,3.824264635194588,2.0512301243655027,3.67,178.47,14
2023121007,1496,1,1.2410076550932296,8.190126422155423,9.13,23.46,14
2023121007,1633,0,4.371933210834772,-0.20690352416746247,4.99,83.23,14
2023121007,1761,0,6.310641805711996,-0.3618925941622395,3.87,278.82,14
2023121007,1786,0,5.050009900980394,0.567467157990793,4.86,224.58,14
2023121007,1816,0,8.176062622069376,2.4833980169393493,1.79,268.34,14
2023121007,1944,0,9.425629952422277,1.3632810016127173,3.59,159.3,14
2023121007,1974,0,4.266567707185715,-0.6612696129131486,3.4,118.17,14
2023121007,2029,0,4.235622740518803,-1.143220033035111,6.71,95.84,14
2023121007,2173,1,2.1198113123577778,3.5901397974762035,6.7,335.81,14
2023121007,2198,0,7.292914369441067,0.26099073506538173,0.71,239.09,14
2023121007,2321,0,4.747820552632548,-1.8738038536528459,2.88,97.93,14
2023121007,2390,0,12.236216735576404,2.832009367080099,6.74,152.83,14
2023121007,2539,0,11.462259812096395,-1.2298224524775117,5.2,343.33,14
2023121007,2564,0,4.201928128847523,2.513380429005843,4.62,258.87,14
2023121007,2611,0,3.525024822607627,0.7212726065595867,3.77,332.19,14
2023121007,2732,0,6.652555899802719,1.1197125657371643,8.38,172.49,14
2023121007,2885,0,3.7844021984984675,-1.3817083138828634,2.53,281.56,14
2023121007,2983,0,9.082912528478955,-0.35407578564907116,4.38,17.29,14
2023121007,3008,1,2.844292530665579,3.5236575855370704,3.33,24.84,14
2023121007,3240,1,2.1124866863485847,2.909076062369741,7.15,237.16,14
2023121007,3318,0,3.140859754907879,-3.713553627328084,6.97,274.39,14
2023121007,3341,0,4.6561142597664,2.3247178164153848,6.35,359.93,14
2023121007,3442,0,7.332189304702928,0.24708017405178562,3.41,152.74,14
2023121007,3504,0,6.061229248263094,2.547802984789222,5.08,189.19,14
2023121007,3529,1,0.8786353054595498,-3.2908069267554048,5.01,302.48,14
2023121007,3552,1,1.4840822079655753,4.644479987711872,7.32,309.04,14
2023121007,3622,0,7.639744760134333,-1.7229597902265645,5.94,319.21,14
2023121007,3707,1,2.478083937238613,-2.2686203570666956,6.22,317.33,14
2023121007,3732,0,6.30956416878377,0.6905840450926595,7.21,185.22,14
2023121007,3760,0,6.202064172515469,-2.3236660292509765,3.27,259.21,14
2023121007,3895,2,1.9909043171383196,3.2867127946218524,5.77,137.13,14
2023121007,4041,0,7.694114633926371,1.8769411474508506,1.72,109.47,14
2023121008,174,1,1.3020752666416766,5.651802573471513,9.54,100.03,14
2023121008,204,0,4.897448315194355,0.5553074781239,4.7,105.83,14
2023121008,326,0,3.7793385664690056,2.2378985819704207,5.19,40.83,14
2023121008,356,1,1.1943617542436664,3.4048255618564074,8.14,75.77,14
2023121008,459,1,0.8586617494683204,5.057330824377494,6.28,201.69,14
2023121008,652,1,1.983053201505198,3.0069656374654343,5.96,298.65,14
2023121008,675,0,3.504753914328372,0.23527715633536722,1.85,313.96,14
2023121008,826,0,10.800671275434683,1.8989096735608242,4.59,182.7,14
2023121008,978,0,3.2999696968305683,-2.805662310730818,7.81,262.68,14
2023121008,1046,0,4.474874299910558,-2.695383772113259,4.89,46.47,14
2023121008,1071,0,3.0948344059093107,-5.077288444619996,3.05,72.81,14
2023121008,1134,0,6.694236326871054,-0.7429310806733835,5.94,192.42,14
2023121008,1237,0,5.183743820830656,1.8456715008203495,6.89,352.49,14
2023121008,1279,0,3.0486882425069326,0.12490405980611752,5.47,43.81,14
2023121008,1358,0,5.39281929977262,2.9327477930886525,5.18,38.6,14
2023121008,1383,0,3.1737044600907622,-0.20186903246211307,8.67,58.2,14
2023121008,1442,1,1.439235908390282,0.37849479837580047,5.82,346.28,14
2023121008,1467,0,6.315892652665967,1.1210424050233359,6.1,337.07,14
2023121008,1517,0,16.33979192033974,2.02718458054387,4.45,346.11,14
2023121008,1642,0,4.1297578621512425,0.5423189220984254,3.95,143.78,14
2023121008,1738,0,4.386308242702506,1.6293994913270708,4.28,54.15,14
2023121008,1770,1,1.824636950190367,-1.8656102056048915,5.22,121.88,14
2023121008,1954,0,4.49928883269345,0.48295785060661256,7.24,128.35,14
2023121008,1977,0,6.614718436940457,-2.095179047794024,3.64,185.14,14
2023121008,2082,1,0.8300602387778857,2.994365107507208,4.95,332.67,14
2023121008,2107,0,5.700701711193105,1.7272692633666082,5.29,184.77,14
2023121008,2278,0,6.069110313711557,5.9520021430746635,8.11,168.79,14
2023121008,2404,1,1.127120224288431,-2.455340851316957,7.5,215.61,14
2023121008,2436,1,0.8268010643437727,6.081234482096164,6.82,285.79,14
2023121008,2503,0,7.477412654120409,-0.5273873388552557,1.68,0.6,14
2023121008,2528,0,3.799328888106425,-0.840714850502627,1.5,230.95,14
2023121008,2655,0,8.808388047764467,0.9733462554041831,6.21,60.78,14
2023121008,2690,1,1.4135416513141696,-3.309450351176879,5.23,63.71,14
2023121008,2762,0,5.758029176723573,3.4017186700166997,3.66,184.2,14
2023121008,2829,1,2.5090635703385464,5.487588315145597,6.41,54.93,14
2023121008,2904,1,1.2587295182047609,3.2588052471543785,9.2,242.76,14
2023121008,2953,0,5.491812087098382,5.252270823638701,6.31,161.72,14
2023121008,3027,0,4.92909728043585,-1.4491663256951577,6.04,249.39,14
2023121008,3074,0,3.7619808611953394,-0.9561281710770078,3.97,314.52,14
2023121008,3206,0,4.737678756522013,-0.13875696858752085,5.73,127.19,14
2023121008,3286,1,2.1805733191067027,0.08450111544264682,3.76,76.12,14
2023121008,3356,0,3.1644588794926665,-4.049161540135334,5.06,247.98,14
2023121008,3381,0,5.231156659860227,-2.4369467450560047,5.34,309.9,14
2023121008,3495,0,7.9047454101950665,2.136394076610605,2.97,143.15,14
2023121008,3520,0,8.013900423638912,1.1168232701232257,5.04,323.52,14
2023121008,3659,1,1.4549914089093474,0.31086799905138063,5.47,37.9,14
2023121009,77,1,2.548273925621032,-4.437150436744927,2.92,277.98,14
2023121009,106,0,7.655880093104912,-2.112809291401782,6.43,234.61,14
2023121009,153,1,1.8530245546133475,3.5541632012068556,6.15,324.42,14
2023121009,247,0,6.786825472929151,-2.6713780293828555,3.06,95.97,14
2023121009,299,1,2.1279332696304194,0.4593661831621305,3.45,57.53,14
2023121009,371,0,10.810004625345915,-1.0203789187733059,6.26,205.77,14
2023121009,536,0,5.4538151783865905,2.423468014656315,5.85,161.05,14
2023121009,644,0,5.453448450292717,0.6270158711459725,8.44,78.96,14
2023121009,771,0,12.985722929432924,-0.7564258917321613,6.09,349.36,14
2023121009,816,1,1.3787313008704793,4.7651110794398965,5.17,120.87,14
2023121009,942,0,3.208301731446093,1.764945887683994,8.48,31.68,14
2023121009,1072,0,5.470548418577427,-0.005300399842693815,4.94,333.75,14
2023121009,1272,1,1.0200490184299928,5.858492776147019,7.44,53.39,14
2023121009,1295,0,3.944920785009504,3.7939939968309258,5.03,35.15,14
2023121009,1320,0,4.74495521580552,-1.0747217638126885,8.08,140.78,14
2023121009,1372,0,3.8601165785504485,4.318579938681261,7.43,19.47,14
2023121009,1395,1,2.481289987083332,-1.1948746238273815,7.1,67.1,14
2023121009,1478,0,3.9397461847180013,0.35074399419463154,3.65,294.52,14
2023121009,1527,0,6.421347210671599,1.4724719259005334,5.95,324.17,14
2023121009,1612,1,1.5482893786369525,3.825939430378962,6.15,191.88,14
2023121009,1644,1,2.281600315567999,3.985649320559237,4.67,175.93,14
2023121009,1703,0,4.2851487722131685,-3.550433363079642,4.29,137.17,14
2023121009,1728,0,6.222322717442418,1.4226237125351016,3.56,61.56,14
2023121009,1817,1,1.2495199078045918,-1.5241109013922014,4.26,129.44,14
2023121009,1877,1,1.8604300578092288,-2.313146695293466,7.03,13.0,14
2023121009,1914,0,4.116807015151425,1.2806189056345079,7.45,71.32,14
2023121009,1937,0,16.87320360808818,-0.3424781571846591,5.92,152.83,14
2023121009,2031,1,2.8069200202357023,6.504629285124848,6.57,356.22,14
2023121009,2056,1,1.364844313465824,5.619828126632038,8.68,273.65,14
2023121009,2079,0,3.614484748895754,4.183567864067424,6.04,323.47,14
2023121009,2109,0,4.012181451529826,-0.8275177186371182,4.29,231.06,14
2023121009,2134,1,2.278815481779953,2.837538413444375,8.77,240.47,14
2023121009,2331,0,4.544370143375203,0.4617616689803828,6.55,317.21,14
2023121009,2502,0,4.296347285776602,-1.762546194479574,2.42,346.83,14
2023121009,2657,0,7.925679781570791,-4.913697944463351,0.93,145.59,14
2023121009,2682,2,2.6443335644354673,-3.949596201121527,3.65,125.72,14
2023121009,2776,0,5.401786741440283,3.356767083825686,5.48,61.06,14
2023121009,2830,0,6.5333146258235555,-2.5310331959313914,3.38,4.21,14
2023121009,2855,1,1.6101242188104654,1.4002837531046177,7.83,46.1,14
2023121009,2926,0,15.742099605834035,1.667752542932853,6.1,152.08,14
2023121009,2973,1,1.9241621553289214,-1.6048605439630617,4.69,300.96,14
2023121009,3022,1,1.39628077405656,1.949131176192518,7.55,31.26,14
2023121009,3057,1,2.51240920233946,2.5455449524164377,4.28,14.95,14
2023121009,3087,0,4.877724879490434,-5.761654832637677,5.11,30.57,14
2023121009,3152,0,4.92293611577481,-3.407707879157739,5.49,33.51,14
2023121009,3175,0,3.98528543519784,-2.616842640225184,4.73,50.97,14
2023121009,3234,0,5.16705912487945,-1.9188412211133197,3.0,228.24,14
2023121009,3444,0,3.041742921418574,-0.5090274283251941,4.72,322.61,14
2023121009,3571,1,1.257179382586273,5.384420866257885,6.73,21.04,14
2023121009,3594,0,3.850467504083113,-0.676732159098389,7.22,58.44,14
2023121009,4037,1,1.4549570440394441,6.1430982093399304,8.43,138.66,14
2023121009,4208,0,5.709579669292644,-0.9145636083957843,3.51,339.77,14
2023121009,4231,1,1.1629703349612983,1.1235200228923246,7.91,105.95,14
2023121009,4254,1,2.1484878403193246,2.879521829229285,5.09,35.85,14
2023121009,4337,1,1.461848145328374,1.177262378791169,6.55,218.75,14
2023121009,4362,1,1.556406116667493,1.8008833583014665,7.63,302.65,14
2023121009,4427,0,5.910845963142673,0.4166865120366172,2.77,216.85,14
2023121010,99,0,3.935123886232808,6.990329016411631,8.39,156.74,14
2023121010,196,0,4.464179655883039,1.2380914968831827,6.07,326.06,14
2023121010,297,0,3.733430058270813,-2.515659399890019,2.25,343.75,14
2023121010,322,1,1.3753908535394623,4.182445563911784,6.97,142.6,14
2023121010,390,0,4.9932153969161,1.1939995595186026,5.14,305.19,14
2023121010,437,0,6.066976182580581,-3.1118792092495253,6.43,191.38,14
2023121010,462,0,8.20347487349111,2.780144741978728,6.25,193.91,14
2023121010,487,0,18.362595132496924,1.195575610295948,2.46,332.56,14
2023121010,534,0,15.101211871899553,2.759814793917828,5.9,209.66,14
2023121010,599,1,2.442334948363967,-1.2649147659017672,7.15,153.32,14
2023121010,710,1,1.8944656238633628,0.05916672967204748,1.88,101.97,14
2023121010,1051,0,7.174071368476899,2.26166075605739,6.04,338.52,14
2023121010,1104,1,1.770706073858674,-0.1988321836584967,4.79,343.38,14
2023121010,1241,0,5.255949010407158,-2.9484590282844643,8.31,96.54,14
2023121010,1362,0,4.227114855312073,0.68423286760366,2.56,320.27,14
2023121010,1409,0,3.50202798389733,0.118180268223997,5.68,229.99,14
2023121010,1434,0,3.312174512310608,5.455885587696459,6.31,345.89,14
2023121010,1459,2,1.9678668654154405,0.36166405400368923,6.14,189.81,14
2023121010,1536,0,16.911847917953853,-0.9466001412596098,6.51,351.16,14
2023121010,1595,1,1.7608236708994967,-4.497810128421489,9.21,111.87,14
2023121010,1753,0,5.747347214150193,0.3795922153795584,5.19,226.77,14
2023121010,1783,0,3.5897910802719526,0.9295630055067072,2.25,296.8,14
2023121010,1911,0,11.289061076989526,-3.929156896860203,6.0,22.83,14
2023121010,1941,0,6.448317610043724,1.1864828670209309,3.79,47.71,14
2023121010,1966,0,4.698020859894088,1.3889816970009543,5.11,152.43,14
2023121010,1991,1,1.7917868176766965,6.409661579063475,7.72,175.21,14
2023121010,2036,0,4.023555641469372,-3.6303740390252677,7.44,110.37,14
2023121010,2107,1,2.6469794105734907,0.4792527827896289,7.16,37.28,14
2023121010,2456,0,5.538781454435621,-0.6594582832082231,2.66,93.86,14
2023121010,2635,0,7.155976523158811,-0.038841011525597824,6.79,342.53,14
2023121010,2665,1,1.768530463407402,6.36988686776434,6.94,264.7,14
2023121010,2740,1,2.7673995013369495,-3.5269996479788848,6.4,105.01,14
2023121010,2797,1,1.1172287142747463,-0.42658851472015735,6.11,138.51,14
2023121010,3062,0,9.022000886721303,2.3899463656660407,6.04,6.87,14
2023121010,3087,0,3.075191050975532,1.2629651688083499,4.54,144.58,14
2023121010,3112,0,3.070260575260671,0.9381017351265452,3.54,143.87,14
2023121010,3137,0,4.143971524998696,-1.3740532769494433,6.47,46.2,14
2023121010,3160,0,3.2761257607118806,-2.217714283347961,3.68,87.43,14
2023121010,3228,1,1.3376471881628555,2.496000951198665,6.48,324.22,14
2023121010,3258,0,8.094491954409492,5.309901747257923,2.38,42.26,14
2023121010,3281,0,6.682611764871579,2.0594198556105145,6.24,349.74,14
2023121010,3311,0,4.26643879599837,0.5005145829432283,7.52,339.53,14
2023121010,3334,1,1.561569723067144,8.868858442384367,8.19,352.92,14
2023121010,3486,1,2.9204965331258337,3.5038250448893797,8.97,271.74,14
2023121010,3511,1,1.7884350701101805,-3.7113582903372255,5.57,296.79,14
2023121010,3582,0,4.261384751462839,0.9545217474540622,7.54,206.89,14
2023121010,3726,0,7.984710389237669,2.90758084820724,5.75,158.79,14
2023121010,3773,0,6.0725283037627715,-3.0129318333048456,6.41,171.18,14
2023121010,3945,0,9.635372333231349,-0.637332196796423,5.08,74.66,14
2023121010,4016,1,2.8486136979239576,-0.02194260440592477,5.73,218.97,14
2023121010,4046,1,2.3125094594401108,3.454020868758608,5.34,226.44,14
2023121010,4071,0,5.3139815581162875,0.19394808447381495,6.7,344.87,14
2023121010,4141,1,1.811767093199342,8.244824425834492,7.57,294.16,14
2023121011,64,0,12.282320627633847,2.456779820607794,1.08,312.85,14
2023121011,239,0,3.1702523558858826,-2.765396774538698,5.32,291.06,14
2023121011,262,0,9.59400854700474,2.9798724360062407,5.55,344.95,14
2023121011,292,2,2.024845673131659,6.439195098681897,8.74,185.78,14
2023121011,445,1,1.1292918134831222,-0.36937506092703964,8.69,100.27,14
2023121011,468,0,3.732505860678594,-0.3644721501156267,4.57,127.14,14
2023121011,539,0,4.275067250933014,0.49294471287772335,5.85,41.44,14
2023121011,598,0,7.0920589394054,-5.907574635464467,7.57,22.77,14
2023121011,728,1,1.5642570121306774,2.984550233310617,5.82,351.38,14
2023121011,753,1,0.8215229759416386,3.565699908287587,5.0,256.88,14
2023121011,776,1,1.2169634341261042,0.9287076126131657,5.21,313.55,14
2023121011,845,0,3.1992030257550077,0.47797927791173894,5.67,307.42,14
2023121011,1035,1,2.19184853491294,0.42386887902759707,3.92,159.28,14
2023121011,1058,1,2.3032585612562073,0.4593524552417052,5.22,233.19,14
2023121011,1081,1,0.8805679985100532,-0.4019506615488978,4.09,264.41,14
2023121011,1214,1,2.995363083167044,4.723566668451998,7.34,242.81,14
2023121011,1290,0,4.478001786511475,-2.1411774641277965,5.34,258.21,14
2023121011,1315,1,2.6981845748576943,-4.407738938466869,8.62,300.74,14
2023121011,1403,0,3.181980515339463,4.070696318582358,7.05,87.78,14
2023121011,1453,0,5.2228823459848295,-2.5820700243541825,4.69,158.42,14
2023121011,1637,1,1.3340539719216793,2.5512349922804303,6.38,168.25,14
2023121011,1788,1,2.457335955867651,-3.394588755797302,1.78,322.29,14
2023121011,1884,1,1.8071247881648884,0.1336582870301477,8.18,294.76,14
2023121011,1909,0,4.752188969306669,-0.3674233754974913,6.64,195.63,14
2023121011,2044,0,3.501842372237791,4.380741097230218,7.02,27.16,14
2023121011,2074,1,2.0695168518279776,-2.594443368517571,5.08,141.7,14
2023121011,2124,0,4.820041493597333,0.5925040891059219,2.52,356.91,14
2023121011,2228,1,1.3737903770226367,-2.4746711007130098,9.14,75.34,14
2023121011,2275,2,0.8668333173107821,-1.3791694275650468,5.5,27.9,14
2023121011,2305,2,1.9163767896736814,0.17444279991061684,4.65,165.11,14
2023121011,2395,1,2.322434067955424,-2.916234505057716,6.61,222.07,14
2023121011,2658,1,1.2536347155371863,-0.6397152545723059,4.6,130.01,14
2023121011,2721,1,2.572625118434474,3.5154329166407123,7.28,252.75,14
2023121011,2744,0,6.483903145482663,1.5352029920960935,7.0,202.04,14
2023121011,2805,1,2.7294688127912328,-3.1602552750524096,5.98,120.16,14
2023121011,2857,0,4.237983010820122,-1.0981075722331743,4.97,134.54,14
2023121011,2922,0,5.01941231619798,-2.104488293322857,4.99,355.99,14
2023121011,3091,1,1.0495713410721488,1.128819262765302,6.47,232.39,14
2023121011,3139,1,1.1101801655587205,0.2790693713021092,3.74,301.89,14
2023121011,3342,1,1.3179529581893263,-0.38325904438502434,6.28,42.51,14
2023121011,3433,0,7.417553505031155,3.001138974019678,5.09,161.01,14
2023121011,3480,1,1.5861904047118665,6.770360261794529,7.92,125.55,14
2023121011,3503,0,3.3455193916640193,2.4199888696117307,4.44,351.05,14
2023121011,3528,0,5.4311140661930475,5.38020079949565,8.33,6.07,14
2023121011,3595,1,1.8360010893242955,-1.9407029616168119,6.95,183.92,14
2023121011,3654,0,4.208004277564368,-2.2373062608448353,7.18,4.45,14
2023121011,3701,0,7.130694215853041,2.223672349353716,1.86,128.89,14
2023121011,3780,0,7.139425747215257,1.4575214688736227,5.7,169.05,14
2023121011,3918,1,1.9382982226685384,-0.050224343733937804,6.5,320.17,14
2023121011,3951,0,5.154774485852898,-1.131954896610294,1.7,226.45,14
2023121011,3976,0,6.099245855021753,-1.5563211815585436,2.24,153.55,14
2023121011,4006,0,4.105569388038646,0.45302625462927815,4.04,321.41,14
2023121011,4111,0,4.932686894583924,0.5326573708416903,5.42,308.57,14
2023121011,4203,1,1.2676355943251127,4.5019059268019035,7.99,89.87,14
2023121100,103,1,2.470323865407131,-0.6771919880729658,5.83,48.09,14
2023121100,190,0,4.432651576652511,3.3737350758011524,6.55,319.07,14
2023121100,272,1,2.9893143026453406,2.1637549906252853,8.3,249.96,14
2023121100,297,1,2.9920227271864133,-0.0380096395415358,4.86,226.92,14
2023121100,474,1,1.6422241016377752,5.261032473141159,7.05,59.04,14
2023121100,578,1,1.3730622709840934,-1.1187718141360097,5.74,59.61,14
2023121100,738,0,4.285907138518051,-5.674058680965625,3.86,274.4,14
2023121100,791,1,1.325179233160559,3.038555701441116,6.11,255.01,14
2023121100,945,1,2.2917242417010044,0.39986127576161845,4.7,157.19,14
2023121100,994,1,1.6703592427977934,0.7621225786500156,8.18,358.67,14
2023121100,1068,0,3.6120354372569534,2.0579797843981735,4.09,332.98,14
2023121100,1177,0,5.3764300423236255,6.96281667344382,8.03,356.12,14
2023121100,1560,1,0.9154780172128617,7.2476721577384104,7.2,10.59,14
2023121100,1785,0,15.094369811290566,2.10485640862913,4.4,67.75,14
2023121100,1839,0,7.439952956840518,-3.506808245471387,3.85,65.72,14
2023121100,1862,0,8.022574399779662,6.213856684923086,4.66,48.58,14
2023121100,1911,0,4.977760540644756,1.4309888228130552,5.15,322.79,14
2023121100,1936,1,2.0258825237411973,5.3022097844049485,7.04,281.7,14
2023121100,2045,1,0.8947066558375399,0.702718413703113,8.85,289.84,14
2023121100,2100,1,0.9502105029939376,5.582581561543828,7.45,232.34,14
2023121100,2233,1,1.3641847382227978,-0.30117617973543886,6.9,113.37,14
2023121100,2263,0,6.737655378542302,1.2330192514975138,3.96,100.62,14
2023121100,2456,1,1.2151131634543413,-1.0140248460529155,3.76,136.88,14
2023121100,2573,1,2.441249679979501,1.192978752319947,6.3,329.77,14
2023121100,2654,1,1.3651739815862298,5.3508674979875215,8.42,270.39,14
2023121100,2697,0,6.350826717837608,-2.647321618077536,6.33,19.3,14
2023121100,2734,0,5.96185373856152,-2.1550751502354406,5.68,74.72,14
2023121100,2757,1,1.0065783625729288,0.5609033623358397,8.03,107.06,14
2023121100,2868,1,1.1588356225108045,-0.06469538740899816,7.94,247.25,14
2023121100,2915,0,5.167688071081691,-2.7834363222776233,7.01,252.84,14
2023121100,3033,1,1.2149485585818014,5.032610197487944,7.53,301.57,14
2023121100,3163,2,0.6685057965343284,4.363587355594584,5.18,237.38,14
2023121100,3267,0,6.353967264630817,-6.683744612668926,8.22,105.86,14
2023121100,3341,0,11.028803198896966,-6.252279372111124,5.24,196.34,14
2023121100,3366,0,6.529938743969964,1.757914161770035,8.48,287.36,14
2023121100,3581,0,13.492460857827236,-4.194059747084423,5.22,353.97,14
2023121100,3680,0,10.83736130245735,1.6587105996649227,6.66,331.13,14
2023121100,3705,0,4.608047308784927,1.714718145035285,6.31,236.78,14
2023121100,3775,0,7.437506302518343,-2.319996801172576,1.09,341.82,14
2023121100,3798,1,2.0227703774773835,-0.13202794202226645,4.37,231.88,14
2023121100,4090,0,3.2249030993194157,-2.141921744400297,6.83,148.9,14
2023121100,4138,0,4.202332685545019,0.4328319872423908,7.04,8.95,14
2023121100,4269,0,13.975424859373677,-0.8833646891281157,3.52,127.83,14
2023121100,4299,1,1.2175385004179597,4.371867748288685,7.01,43.38,14
2023121100,4334,1,2.897947549559863,2.1330178527760717,3.63,28.96,14
2023121100,4506,0,4.232363405947085,-4.448146267996467,8.45,161.0,14
2023121100,4697,0,3.5450952032350225,-4.758935335425831,7.47,190.04,14
2023121100,4722,0,5.647698646351444,-5.086619467689141,3.88,231.4,14
2023121100,4752,0,5.274713262348964,4.032177017668289,6.59,5.41,14
2023121100,4775,0,3.11809236553377,-2.660569314557073,5.44,293.78,14
2023121101,116,0,6.068030982122629,0.4395780693469734,6.1,335.82,14
2023121101,229,0,5.5021813855960815,-1.018381725727985,6.43,214.48,14
2023121101,272,0,4.192016221342666,-2.2725715851195174,5.81,33.85,14
2023121101,429,1,2.6208395601409893,3.948983301495507,7.28,47.86,14
2023121101,518,0,4.809261897630447,0.6034261508854093,3.2,264.25,14
2023121101,543,0,9.585342977692555,2.6890280204530383,2.03,0.99,14
2023121101,686,0,5.892987357868679,0.4499213488172781,1.08,233.94,14
2023121101,783,0,4.75075783428286,-0.9236103670729026,4.69,181.3,14
2023121101,815,1,2.165363710788556,2.177571954260759,6.44,354.25,14
2023121101,845,0,12.563860871563325,-4.160819254741129,5.04,254.27,14
2023121101,1100,1,2.2700220263248583,-0.14752438251431998,6.2,302.88,14
2023121101,1237,0,13.700689763657888,-1.4163467315690943,5.68,149.19,14
2023121101,1306,1,0.787464284904404,-0.9676838607977643,5.58,107.13,14
2023121101,1520,0,6.4533479683029675,-0.545485241405713,5.6,326.3,14
2023121101,1602,0,6.237964411568887,2.0858403224390685,8.23,355.27,14
2023121101,1697,1,0.9806120537705024,1.7011143880314221,5.15,84.37,14
2023121101,1768,0,7.662114590633572,1.5127201228682263,6.49,331.33,14
2023121101,1833,0,5.085204027371959,4.878126347578475,2.02,110.26,14
2023121101,1956,0,4.398408803192359,0.23999091035868603,5.03,22.28,14
2023121101,2003,0,11.93449621894448,2.1761118650475333,6.32,19.03,14
2023121101,2028,1,2.511035642917082,0.6649318432402229,5.67,137.65,14
2023121101,2357,0,14.915931080559467,-4.009959228337473,1.26,1.26,14
2023121101,2528,0,19.024789092129243,2.1793695616668494,1.62,305.47,14
2023121101,2553,0,5.315072906367332,-1.9209363341483634,2.36,136.48,14
2023121101,2659,1,0.9525754563287903,3.296851597419068,7.38,111.94,14
2023121101,2725,1,2.1512786895239775,-2.0328371312909077,5.34,196.28,14
2023121101,2804,0,14.100695018331551,-3.8682623530427516,5.99,333.33,14
2023121101,2907,1,2.1275807857752413,5.759502434662773,7.89,242.99,14
2023121101,2985,1,1.0837435120913106,2.87963011110552,4.41,354.99,14
2023121101,3107,1,2.510318704865979,0.8296253211280719,2.01,16.11,14
2023121101,3201,0,3.899666652420435,3.6181190253981117,5.97,319.15,14
2023121101,3248,0,13.132653958739642,0.293471788592522,5.85,216.47,14
2023121101,3420,0,5.647831442244005,0.9180010015945044,3.61,108.72,14
2023121101,3499,0,6.814198412139179,-3.0756777876545653,7.83,269.79,14
2023121101,3531,0,14.96368938464041,-4.813043064081468,4.61,192.12,14
2023121101,3561,0,4.886726920956398,0.27718700546554764,4.51,271.73,14
2023121101,3586,1,2.272201575564988,2.1497045014268363,4.38,329.9,14
2023121101,3636,1,0.9968951800465281,-1.0549525384879703,8.69,267.93,14
2023121101,3843,0,4.825619131261813,0.12653264223386607,5.1,322.85,14
2023121101,3868,1,2.0388722372919763,-2.6068857541638555,5.52,285.33,14
2023121101,3898,0,6.038915465545119,1.8001211562834025,5.04,201.92,14
2023121101,3950,1,1.2657408897558788,-2.6346500611727364,0.74,159.84,14
2023121101,4028,1,2.237073981789606,1.1909571598011255,6.61,222.56,14
2023121101,4083,0,5.78934365882697,3.3569978802129055,2.94,98.65,14
2023121101,4108,0,9.016080079502398,-0.46000577348451144,3.6,92.44,14
2023121101,4137,0,9.54950260484806,-2.8326672673369178,1.67,164.24,14
2023121101,4167,1,2.408422720371153,2.8145123408158126,6.53,128.39,14
2023121400,110,1,2.8158480072617595,3.2829267678706646,2.44,240.19,15
2023121400,192,1,1.440451318163855,7.2536791120004676,9.32,90.85,15
2023121400,237,0,3.591239340394908,-2.621062744249596,6.34,128.33,15
2023121400,260,0,4.6812925565488825,-4.06641155151219,1.84,20.98,15
2023121400,365,0,3.5761711368445477,2.2117802605154044,5.64,78.39,15
2023121400,390,0,3.108456208473908,0.8419928856721095,5.52,152.35,15
2023121400,436,0,4.4392792207744725,-0.6938517277831984,3.1,70.96,15
2023121400,551,0,7.204068295067723,0.269445795930935,3.98,341.7,15
2023121400,660,1,0.9884331034521266,3.1551625940518693,6.95,56.99,15
2023121400,683,1,1.6558381563425852,-1.4833333726566427,3.43,54.74,15
2023121400,708,0,3.345713675734969,7.392897290913367,9.75,47.15,15
2023121400,871,0,5.018655198357421,-3.26767316338344,3.67,103.41,15
2023121400,918,1,1.0239628899525635,1.7610684393588536,7.12,132.15,15
2023121400,1028,0,3.5694957627093507,-1.997746882982443,2.94,303.98,15
2023121400,1093,0,10.981074628650878,-3.3095987059152274,5.04,188.85,15
2023121400,1245,1,2.2588713996153023,2.856704853957892,5.24,350.62,15
2023121400,1354,1,2.773463538610162,-1.918676712295684,4.84,42.64,15
2023121400,1408,2,1.1780067911519039,-1.3768638035875558,7.26,136.91,15
2023121400,1480,1,2.2407588000496577,1.938750034468164,5.78,326.12,15
2023121400,1622,0,8.584462708871184,-4.196032857298947,6.47,4.37,15
2023121400,1751,0,3.5724081513735277,-2.659208032565057,4.25,102.26,15
2023121400,1854,0,7.488658090739621,2.2186557549238737,5.08,340.99,15
2023121400,1879,2,2.6683328128252652,-0.72125277880278,5.91,218.89,15
2023121400,1904,0,6.097384685256462,1.4183818483034596,3.45,327.84,15
2023121400,2007,0,4.183443557644831,-2.377636116898801,6.47,16.58,15
2023121400,2147,1,2.8970502239346887,4.258358628685015,3.71,266.88,15
2023121400,2172,0,9.390234288876933,-1.7801663208229614,5.7,337.29,15
2023121400,2197,1,2.10459022139703,-0.05081371252471245,6.33,350.35,15
2023121400,2274,1,1.4179210133149172,3.465492659617439,7.44,244.1,15
2023121400,2420,0,7.129326756433603,-1.8693446646979508,4.64,59.06,15
2023121400,2467,1,0.7414849964766694,2.805463137447793,4.8,336.16,15
2023121400,2490,1,0.7615773105863943,1.9506197319644611,4.12,40.81,15
2023121400,2546,0,9.926530108754024,-4.680685546066921,3.13,171.06,15
2023121400,2571,0,4.7059324262041855,1.3665836179923707,4.19,8.72,15
2023121400,2596,0,4.655512861114231,4.547408426103433,6.41,161.78,15
2023121400,2664,1,2.6307793522072496,1.9777427864492374,8.35,268.76,15
2023121400,2806,0,11.936435816440355,0.6093547772792223,5.33,354.71,15
2023121400,2860,1,1.757555120046016,-0.6740467660820098,5.2,339.89,15
2023121400,2967,1,2.1999999999999984,2.175854947253306,4.89,39.52,15
2023121400,3037,0,9.013700682849418,2.303995228160179,4.72,109.95,15
2023121400,3115,0,4.337061216999364,1.6473439244440855,3.22,243.79,15
2023121400,3187,1,0.7433034373659223,-5.860453946073042,6.76,286.49,15
2023121400,3210,0,6.274009882045136,1.4261228631137153,7.16,332.03,15
2023121400,3235,0,4.0658701405726205,-1.2873942725983258,3.98,315.74,15
2023121400,3494,0,4.9036007178398995,-1.8625787873048745,5.02,185.18,15
2023121400,3585,0,11.622220097726595,0.28335506316746,4.36,8.41,15
2023121400,3655,0,4.296056331101816,0.10261785870363571,8.35,31.6,15
2023121400,3680,0,3.708705973786541,-2.481111027197142,7.48,92.11,15
2023121400,3746,1,2.694735608552342,-1.3217751746619728,4.39,268.87,15
2023121400,3771,1,1.1723907198540904,-2.0950226559331933,2.15,269.54,15
2023121400,3901,0,4.459417002254894,-0.2403901058308493,3.96,118.19,15
2023121400,4092,1,2.8296996307028772,0.9003830056111333,0.94,150.84,15
2023121600,130,0,6.121601097752124,-2.8226408930437725,6.12,164.87,15
2023121600,177,0,4.335550714730487,0.337620708908116,5.03,178.1,15
2023121600,202,0,4.566399018920702,2.148373181914267,8.68,132.84,15
2023121600,266,0,6.406660596597895,-0.9849948386800484,3.16,32.23,15
2023121600,439,0,5.881538914263854,0.5451672114939472,5.34,258.85,15
2023121600,508,0,3.5347701481143017,1.360554127381622,3.61,286.3,15
2023121600,599,0,6.466598796894702,1.9964882439215446,7.91,335.07,15
2023121600,690,1,1.004489920307817,3.3746902787842923,4.37,10.67,15
2023121600,821,1,1.9808079159777183,-0.33928736063914855,2.0,27.82,15
2023121600,962,0,11.512167476196648,1.284502732267931,5.98,201.21,15
2023121600,1049,1,1.9555561868685842,0.03833430058404863,8.56,272.77,15
2023121600,1148,0,6.4119419835179405,-0.8997946060187583,2.09,87.82,15
2023121600,1195,0,9.890323553858085,-1.3125998706198452,5.34,72.9,15
2023121600,1245,0,5.030516872052013,-1.815120215030802,6.71,14.4,15
2023121600,1280,0,7.450026845589226,0.6930209173355324,8.03,36.84,15
2023121600,1327,1,1.3620939761998778,3.2604804501208124,5.99,11.14,15
2023121600,1352,0,4.747736302702585,6.561004866438276,8.92,127.44,15
2023121600,1397,0,5.7780619588232245,-2.9893271975584277,5.02,64.74,15
2023121600,1466,1,1.9319679086361632,1.775558921146187,7.05,116.03,15
2023121600,1544,0,4.234678264047933,3.570895293537158,4.81,288.65,15
2023121600,1683,0,5.377889920777474,-3.564424715258565,6.31,42.69,15
2023121600,1713,0,5.837679333433793,0.8165882723931007,5.19,85.84,15
2023121600,1783,0,5.51365577452927,0.5699855831488697,4.63,93.62,15
2023121600,1910,0,4.760672221441006,-7.379066136152115,8.49,282.41,15
2023121600,2136,1,2.8550656735003535,-5.680804466083868,5.82,227.83,15
2023121600,2188,1,2.048047851003486,-4.493166471362271,6.21,235.17,15
2023121600,2258,1,2.2461522655421216,6.914807621826409,7.49,343.44,15
2023121600,2398,0,10.90934461826191,-5.2476158256645515,2.28,356.82,15
2023121600,2428,0,4.025046583581358,-0.04059592962828107,7.12,48.03,15
2023121600,2477,1,0.7683749084919397,0.3048830891217231,6.13,225.0,15
2023121600,2527,0,3.7434208953843275,4.455549256806073,5.97,319.89,15
2023121600,2603,0,5.964905699170776,0.5197701702853604,7.26,194.39,15
2023121600,2628,1,2.1857950498617202,-0.35421769120726887,4.76,224.7,15
2023121600,2723,0,6.07420776727303,1.4655554471516188,5.98,21.11,15
2023121600,2748,0,5.974378628778056,-0.5532078203093702,6.15,163.33,15
2023121600,2773,0,5.777516767608726,0.8037927904737312,5.07,61.26,15
2023121600,2798,0,4.727504627179114,-1.2364508624747268,4.02,46.8,15
2023121600,2848,0,3.7397994598641287,1.375463790370434,6.2,72.72,15
2023121600,2893,1,0.950052630121089,-2.862063007987235,5.96,238.76,15
2023121600,2972,1,1.632666530556683,4.831444718148163,8.78,66.6,15
2023121600,3028,0,12.050908679431608,-1.0139948896882571,5.22,103.66,15
2023121600,3079,0,11.78541471480745,-2.4888141589775503,5.96,330.31,15
2023121600,3138,1,2.0906697491473887,0.5248782516875756,6.46,238.44,15
2023121600,3220,0,3.158496477756463,3.2229736111196488,7.4,224.67,15
2023121600,3245,0,7.729540736680283,0.9900612644429306,7.34,187.02,15
2023121600,3400,0,5.39191988071039,-4.858250013722831,6.37,106.35,15
2023121600,3508,0,3.685715669988666,3.9477846571538873,5.7,162.09,15
2023121600,3582,1,0.5724508712544677,-1.1691161993393373,0.68,267.09,15
2023121600,3639,0,3.049098227345258,2.422461128236113,5.99,283.02,15
2023121600,3664,0,21.76470996820311,0.5597057990132515,6.56,348.14,15
2023121600,3689,0,14.717805542946948,1.3716444602346338,6.46,208.52,15
2023121600,3741,0,3.4936656966573065,-3.745699397363649,6.89,244.2,15
2023121600,3821,0,11.152206059789245,2.5909229023659957,3.7,179.5,15
2023121600,4168,1,1.1761802582937673,3.810203084941894,7.14,120.36,15
2023121600,4217,1,1.4852945835759317,2.2345483004685525,5.72,213.66,15
2023121600,4264,0,4.076383200828895,-4.869956244517533,0.68,187.66,15
2023121600,4362,0,3.1802672843646347,1.51421572914249,6.81,165.09,15
2023121600,4385,0,4.252117119741648,8.638117892145148,6.97,170.36,15
2023121601,155,0,4.482186966202998,-1.3564365259723445,5.82,207.54,15
2023121601,180,0,5.542788107081137,0.4729639136054142,8.1,184.25,15
2023121601,210,2,1.1844407963254262,1.1491183378728118,5.85,194.56,15
2023121601,240,0,5.285196306666385,0.4466061051536825,3.33,184.08,15
2023121601,354,1,2.932115277406396,-3.198993459488615,4.78,232.68,15
2023121601,400,0,5.076849416715055,-5.580714414207467,1.67,160.03,15
2023121601,454,0,4.819377553170117,-0.8691984659846281,3.86,98.89,15
2023121601,524,1,1.6226521500309359,-4.598322068611663,6.23,123.29,15
2023121601,571,0,3.5548558339263217,-1.6435950348573398,3.76,27.81,15
2023121601,823,1,1.878323720768068,-0.3365524435658922,4.38,230.21,15
2023121601,969,1,2.0223006700290638,-2.8799613885614455,5.9,189.93,15
2023121601,1056,1,2.634103262972049,-0.24835272644825368,6.36,79.91,15
2023121601,1202,1,2.8296289509403905,4.337457808998055,6.35,28.16,15
2023121601,1378,0,4.498910979337107,-6.255367204534221,8.98,244.18,15
2023121601,1489,1,1.378441148544259,8.150717167134221,8.62,116.96,15
2023121601,1525,0,5.20040383047316,-1.8360183300574056,6.59,118.25,15
2023121601,1722,0,8.036522879952503,1.0692810231834966,6.19,162.36,15
2023121601,1753,1,0.7669419795525603,1.3196180571948681,5.19,69.59,15
2023121601,1808,1,2.670018726526091,7.597161442311913,8.05,161.02,15
2023121601,1884,1,0.9108238029388546,-5.441486189871008,5.03,296.61,15
2023121601,1954,0,6.065904714055433,-2.3206699337881993,6.47,350.79,15
2023121601,1979,0,4.171198868430995,-2.470762684051467,2.95,339.22,15
2023121601,2028,0,5.518061253737583,3.427226003804603,5.25,53.64,15
2023121601,2101,0,5.29960375877291,-2.4780720593044503,6.51,95.76,15
2023121601,2124,1,2.497558808116435,3.1108617774460607,7.34,175.01,15
2023121601,2181,0,5.912740481367326,0.3729692894587542,2.64,269.12,15
2023121601,2204,1,2.538109532703415,-5.975094562708581,8.27,264.38,15
2023121601,2227,0,14.013539881129251,-1.18476717084424,5.21,311.37,15
2023121601,2310,0,5.708598777283264,2.541523560719036,6.89,155.14,15
2023121601,2335,0,3.9510631480653413,-2.7842419923680004,3.15,149.73,15
2023121601,2528,1,2.6755560169803974,4.724694545669915,7.09,139.38,15
2023121601,2585,1,2.901465147128252,0.9838334924996701,2.7,241.57,15
2023121601,2708,0,5.562391571976928,-2.4244758217802502,5.13,148.99,15
2023121601,2733,1,1.5465122049308269,1.7202724552531046,7.35,106.13,15
2023121601,2756,0,5.064987660399587,1.3162792490727833,6.03,30.33,15
2023121601,2940,0,7.144186447734972,-2.975848996117707,4.21,325.84,15
2023121601,2987,0,3.152284885602821,-0.9929394579920214,4.56,272.62,15
2023121601,3449,0,3.3409280147887057,4.8059198897538655,5.72,299.9,15
2023121601,3537,0,13.795321670769406,-2.1614381388906345,3.87,46.4,15
2023121601,3562,0,3.3917841912480213,2.237573063549735,3.26,132.52,15
2023121601,3650,0,12.502303787702486,-2.409293510220806,5.86,170.43,15
2023121601,3680,0,4.044007912949723,-3.964203929524491,7.05,58.62,15
2023121601,3710,1,2.767020057751658,1.6128968768670673,6.38,125.47,15
2023121601,3907,0,6.542675293792288,-0.16750578491780121,5.64,26.27,15
2023121602,90,0,3.4047760572466537,-3.293879277998361,6.72,220.83,15
2023121602,115,0,3.852544613628758,-3.948452641913142,9.31,218.36,15
2023121602,138,0,10.590042492832598,0.08386502843809901,5.24,200.24,15
2023121602,163,1,1.3096946208945006,0.9325469632535757,3.58,337.05,15
2023121602,205,1,2.4416797496805334,-0.9546333150591633,7.3,140.34,15
2023121602,476,1,1.570350279396292,5.219076163509912,5.82,356.27,15
2023121602,587,0,6.429004588581352,2.094840837101146,6.43,2.2,15
2023121602,612,1,1.4729901561110328,-2.3973115018167324,4.96,239.76,15
2023121602,664,0,7.783938591741328,2.3816778839705472,4.66,201.07,15
2023121602,694,1,1.134416149391396,1.343569587995486,6.82,242.22,15
2023121602,903,0,3.7972226692676325,1.2672552091979972,2.93,149.93,15
2023121602,995,1,2.7816002588438207,-0.9704012870977611,5.87,229.05,15
2023121602,1064,1,1.4512063946937368,-2.830867404388848,3.05,36.05,15
2023121602,1089,0,5.932832375855568,0.1738317842955025,4.1,64.36,15
2023121602,1114,1,2.414663537638315,-3.827438259726553,5.21,55.58,15
2023121602,1139,0,3.2511228829436787,-6.255025783608204,6.85,358.64,15
2023121602,1294,1,1.4829699929533302,1.5994846325612118,5.64,128.07,15
2023121602,1378,0,5.882456969668367,-3.436770426242312,7.58,42.45,15
2023121602,1408,1,1.5831929762350636,-1.8381417843178642,6.55,108.27,15
2023121602,1431,0,4.370171621343947,-4.867033893794743,5.79,122.11,15
2023121602,1502,0,13.450237916111377,2.0050039895186558,6.79,1.46,15
2023121602,1628,0,10.039163311750633,2.4722329477965146,5.39,188.3,15
2023121602,1718,0,3.793323081415554,-0.8315147433575175,2.41,130.18,15
2023121602,1743,0,9.522651941554935,-4.631311868132597,7.65,14.44,15
2023121602,1766,1,2.185520532962344,1.0506340187430538,4.89,38.66,15
2023121602,1893,0,6.396514675977839,2.374694064375104,7.38,7.55,15
2023121602,1918,1,1.1060289327137849,-3.4092767172605503,6.17,67.9,15
2023121602,1948,1,2.8915393824051665,-4.6896057133557685,4.49,74.07,15
2023121602,2187,1,2.1749482752470257,2.2980588313979298,5.85,172.63,15
2023121602,2262,0,5.6546794780959875,-1.1845949134882552,6.3,149.9,15
2023121602,2314,0,3.9172439290909637,6.529523013659295,7.12,152.94,15
2023121602,2442,1,2.3418155350069707,-1.1620403460671096,6.09,299.17,15
2023121602,2467,1,1.6638810053606592,-3.9318756296792134,6.56,246.48,15
2023121602,2614,2,0.9027181176868008,-0.7100970437066069,3.59,272.84,15
2023121602,2678,0,3.644447831976739,-3.250171500453954,2.15,60.64,15
2023121602,2749,0,14.040584033436781,-3.664478243659964,4.37,166.01,15
2023121602,2774,0,6.877012432735608,-5.936321350541305,8.58,71.72,15
2023121602,2826,0,5.162024796530912,2.012914226306404,5.11,354.83,15
2023121602,2856,0,5.942743474187658,-4.671371243972921,7.4,19.55,15
2023121602,2881,1,1.2731849826321489,-2.8931461216726087,4.9,54.97,15
2023121602,2904,0,5.258174588200737,-1.2374699599986116,5.85,115.25,15
2023121602,3084,1,2.65316791779186,8.512581463011852,9.0,169.45,15
2023121602,3301,0,3.584689665786984,4.219994644268563,7.08,256.82,15
2023121602,3372,1,1.7974704448196084,0.9312603171115493,8.05,257.04,15
2023121602,3443,1,1.256702033100926,-3.6690064992217164,6.13,115.83,15
2023121602,3542,0,7.917278572843066,0.27370989881511465,4.2,283.54,15
2023121602,3574,1,1.9948182874638016,-0.5023027424256503,4.48,224.22,15
2023121602,3602,0,4.1993570936513605,-0.6082803426307266,4.98,202.43,15
2023121602,3627,1,2.2104524423746383,-5.92000580277089,5.08,206.11,15
2023121602,3650,1,2.3791805311913627,9.01258415723601,8.22,353.62,15
2023121602,3824,0,5.199548057283449,3.036127084518162,6.86,23.44,15
2023121602,3978,1,1.9304144632694769,0.7557205932650743,5.78,17.9,15
2023121700,56,0,5.9586659580815535,-2.9925586566576636,6.19,156.19,15
2023121700,108,1,1.2348279232346466,2.9680708254747894,3.88,60.58,15
2023121700,182,0,5.226126672785493,-2.762897756643382,3.55,76.21,15
2023121700,317,0,5.103430218980166,0.26284606815753375,5.79,333.94,15
2023121700,413,1,2.787920371890128,3.8815100471594506,6.7,235.23,15
2023121700,781,0,3.4296501279285043,2.186062492557057,5.53,309.58,15
2023121700,806,0,5.73861481544109,6.269897870698346,7.97,1.57,15
2023121700,878,1,1.4674126890551276,-2.0077089645267963,7.31,259.14,15
2023121700,962,0,3.3640005945302667,-2.7405402793118436,3.15,89.5,15
2023121700,1036,0,3.5702801010565004,3.711149853778713,7.7,37.43,15
2023121700,1088,0,6.257036039531818,1.203073583549478,7.13,22.63,15
2023121700,1113,1,2.7819597409020913,3.4931082423872732,6.39,26.41,15
2023121700,1341,0,4.220959606534987,-0.17029289590949975,6.07,140.86,15
2023121700,1364,1,2.7860366113890187,-3.8098785975002527,8.49,180.53,15
2023121700,1466,0,7.007374686713989,-2.4994648782315516,8.88,174.69,15
2023121700,1566,0,4.699489333959592,-2.7561805200091842,5.64,322.83,15
2023121700,1598,1,1.5921369287847116,-2.6099597698212564,2.07,257.14,15
2023121700,1623,0,5.361231201878914,-2.005962955830744,6.62,290.06,15
2023121700,1648,0,3.1341346493091216,-1.8442572972450326,7.23,277.5,15
2023121700,1741,0,4.2580042273346805,2.7172774594127884,6.88,300.11,15
2023121700,1954,1,2.9068883707497344,2.0749016144069623,8.21,241.5,15
2023121700,2039,1,2.5599414055794325,2.421621994823115,7.18,131.99,15
2023121700,2062,0,3.928422075083074,4.470774071240213,7.19,154.34,15
2023121700,2109,0,4.561688283958033,0.3422250180168378,5.57,114.6,15
2023121700,2182,1,2.688828741292387,1.2049743513267992,7.6,102.62,15
2023121700,2268,0,7.833421985313949,-0.4874611819593212,5.71,341.13,15
2023121700,2293,1,2.5369272752682557,0.3455061221941232,4.57,311.42,15
2023121700,2318,0,6.694452927611037,2.920396227741389,8.06,188.52,15
2023121700,2359,1,0.8937561188601718,-1.0912839875725227,7.05,223.47,15
2023121700,2382,0,4.80729653755622,-1.39125740554454,7.11,219.8,15
2023121700,2443,1,2.32243406795543,3.543614831114459,6.38,37.48,15
2023121700,2468,0,7.505997601918084,0.22340430410588952,6.38,214.75,15
2023121700,2498,0,8.879369346975045,2.68711953130525,6.22,353.08,15
2023121700,2523,0,9.490885100979781,2.5532267518602323,5.28,347.48,15
2023121700,2553,1,0.848999411071643,2.9765410695618666,4.38,333.94,15
2023121700,2618,0,3.5638742963241534,1.1177820432736423,5.82,110.76,15
2023121700,2663,1,1.765276182357874,-1.034296932479349,4.64,86.7,15
2023121700,2710,1,0.6661080993352366,1.6487546778274658,4.01,31.4,15
2023121700,2789,0,4.2282975297393754,0.9372098300212163,6.87,122.61,15
2023121700,2814,2,0.8357032966310473,5.372165380663202,5.95,32.48,15
2023121700,2846,0,4.122438598693737,4.0600830299147805,6.21,168.5,15
2023121700,2910,0,13.32150517021257,0.7755046211779453,3.95,187.97,15
2023121700,2985,0,3.750333318519825,-4.708738084768188,4.91,92.19,15
2023121700,3128,0,14.186000140984074,-2.585554757310039,7.59,358.45,15
2023121700,3153,1,0.6859300255857075,1.5758216842851542,7.27,187.7,15
2023121700,3261,1,2.6840268254993256,-3.0979031584391614,4.97,318.3,15
2023121700,3330,1,2.78513913476508,4.72997997976414,4.12,319.54,15
2023121700,3430,1,1.8006943105369064,-2.3964761001883823,3.12,59.02,15
2023121700,3455,0,5.894107226713811,-4.03745554156545,2.15,69.94,15
2023121700,3502,0,6.303213466161525,2.8041288496112484,4.46,105.72,15
2023121700,3527,1,2.9337518640812186,4.646977059873784,5.61,39.76,15
2023121700,3575,1,1.4866068747318533,3.3791264657322033,4.43,146.71,15
2023121700,3598,0,5.9363709452829845,-1.3730427778939214,5.6,36.16,15
2023121701,81,0,10.42902200592174,-1.8884968442650567,4.76,191.2,15
2023121701,299,0,3.868552700946442,3.677375061159264,6.34,147.56,15
2023121701,509,1,1.1414026458704192,2.9856890225838195,4.27,166.3,15
2023121701,545,1,0.7200694410957883,4.7517263829272895,7.27,134.52,15
2023121701,593,1,0.8664871608973794,0.14242248981967354,6.33,160.02,15
2023121701,685,0,3.004263636900064,-2.501621173220384,7.8,337.88,15
2023121701,737,0,3.2539360780445574,0.3100214240391439,3.91,221.25,15
2023121701,904,0,3.2902431521089808,0.3675959216501006,5.58,139.54,15
2023121701,1144,0,10.686407254077487,3.7499631474149195,6.88,20.95,15
2023121701,1300,1,1.1560276813294772,-0.17077483925045467,8.85,52.96,15
2023121701,1387,0,4.998419750281084,-1.7921575743006952,6.13,318.69,15
2023121701,1453,0,6.5598856697354115,0.34745955338441026,7.7,251.88,15
2023121701,1594,0,7.358600410404142,4.258068589101359,6.6,162.77,15
2023121701,1624,0,5.195199707422229,-2.937258264456899,5.44,76.61,15
2023121701,1687,0,3.994496213541832,-1.7420582680497108,5.42,115.49,15
2023121701,1710,2,0.7716216689544174,0.7981710084830169,6.78,120.6,15
2023121701,1742,1,1.7431580536486078,1.3926724288876104,4.58,122.13,15
2023121701,1787,1,2.312163489029263,-0.3593829540708985,6.73,128.43,15
2023121701,1907,0,4.788997807474962,-1.6027264458458308,5.58,312.62,15
2023121701,1936,0,6.168443888048267,-2.0540949055676716,3.41,247.95,15
2023121701,1991,0,4.510476693211038,1.4780267533390719,7.76,245.19,15
2023121701,2172,0,3.2184002237136418,0.6559223028548047,5.14,355.98,15
2023121701,2195,1,0.8190848551890102,-4.047971179427869,6.48,297.0,15
2023121701,2333,1,1.6608732642799657,1.2339925855592782,6.58,49.3,15
2023121701,2538,0,3.7961691216277367,0.3460880728858428,3.31,290.0,15
2023121701,2585,1,0.798122797569393,-1.1939487206094994,4.92,325.59,15
2023121701,2639,0,3.464462440264,0.6657292604878458,3.16,288.49,15
2023121701,2686,1,1.3829316685939286,1.1921164472693935,2.56,257.78,15
2023121701,2745,0,3.7470121430281,3.1406558452128386,7.28,287.15,15
2023121701,2831,0,6.2400721149679015,-3.5094280070911443,6.09,33.55,15
2023121701,2888,0,8.750965660999933,0.6096470470402652,4.64,12.09,15
2023121701,2913,0,6.921416040088906,-0.5401425255734416,5.91,21.85,15
2023121701,3148,0,6.698059420459034,2.4142139722017184,5.66,165.58,15
2023121701,3198,0,4.48218696620299,0.5573939682325121,3.96,101.18,15
2023121701,3221,1,2.9172761268004734,1.5865495334692166,6.22,41.82,15
2023121701,3246,0,4.982539513139856,0.7161414371697985,4.55,50.94,15
2023121701,3304,1,1.2408464852672159,-1.104965104180738,4.17,159.76,15
2023121701,3563,0,6.848277155606363,2.706333979174332,5.3,160.01,15
2023121701,3588,0,3.9462007044751304,3.146650724817683,4.39,49.47,15
2023121701,3613,0,7.438548245457575,3.3275358202645258,4.92,165.31,15
2023121701,3638,0,3.176161204976847,-3.589977685664586,6.35,111.94,15
2023121701,3661,0,4.1297578621512425,1.3445013078305634,4.42,152.56,15
2023121701,3686,1,2.8647163908491944,-2.6475930849267915,5.5,93.19,15
2023121701,3732,1,1.6226521500309359,-3.0347162580673546,7.97,83.16,15
2023121701,3755,1,0.9106591019695514,6.393615469743719,7.17,96.31,15
2023121702,55,1,1.332066064427737,6.5494939883173195,8.54,90.9,15
2023121702,178,1,1.8374166647769408,6.4551859291411375,6.74,113.29,15
2023121702,208,0,3.8541017111643465,0.6163249896613743,7.5,6.49,15
2023121702,334,0,4.851030818290061,2.671852639276991,6.04,192.56,15
2023121702,359,1,0.7289718787443018,-2.3912699631327534,3.41,3.73,15
2023121702,382,1,2.884441020371181,-1.4057825783049749,0.91,289.02,15
2023121702,557,0,8.571843442340734,0.7321338822393072,5.85,346.1,15
2023121702,582,0,6.795917892382171,-3.489706867031355,8.9,182.76,15
2023121702,651,1,0.8458132181516202,6.301504817841429,6.87,222.44,15
2023121702,704,0,3.84812941570317,-0.43181697595500723,6.95,232.04,15
2023121702,780,0,4.540704791108974,1.0290120589119833,5.58,187.71,15
2023121702,886,1,2.846225570821828,-2.858970008715746,3.9,308.56,15
2023121702,949,0,10.548270000336547,0.11468896811918938,6.56,171.68,15
2023121702,1020,0,5.070483211687035,1.6406775695650502,3.73,46.11,15
2023121702,1101,2,1.0309704166463718,4.679781140572336,5.95,242.11,15
2023121702,1209,0,4.108588565432182,-0.26229106251008427,5.57,306.57,15
2023121702,1261,0,4.684410315077022,-2.7042110100264245,1.01,106.19,15
2023121702,1286,1,1.4205632685663814,2.525326230021515,8.0,247.93,15
2023121702,1378,0,8.547707294941725,-1.524016140172179,5.43,78.74,15
2023121702,1432,0,22.63169900824947,0.08550240583042293,3.83,140.84,15
2023121702,1574,2,0.6868041933477105,3.1790178699724114,5.0,319.68,15
2023121702,1638,0,10.35497947849247,2.144571708205806,4.92,336.96,15
2023121702,1730,0,8.176093199077423,-1.0038640070947895,6.96,205.68,15
2023121702,1836,0,4.452875475465263,2.926452644390262,1.81,299.66,15
2023121702,1871,0,6.926507056229715,1.8067664406210664,4.1,297.31,15
2023121702,1901,0,7.547675138743054,-0.7793353398498872,4.42,275.14,15
2023121702,2010,0,8.39776160652349,-3.8390742151442883,4.91,72.73,15
2023121702,2066,0,5.500227268031749,-1.896942673004132,3.28,107.3,15
2023121702,2113,0,11.533642096059683,2.1127671589664008,2.4,111.34,15
2023121702,2267,1,2.0856893344887193,5.053913002655623,4.88,171.28,15
2023121702,2292,1,1.8873261509341723,1.919326139819405,6.98,43.14,15
2023121702,2317,1,1.6434719346554207,1.079296474153256,7.84,113.92,15
2023121702,2542,1,2.4644877763949244,1.6003022053186606,6.27,76.9,15
2023121702,2596,0,3.3518502353178015,2.448619326579974,6.83,15.54,15
2023121702,2908,1,1.7734147850968136,3.3675897674918667,7.57,167.46,15
2023121702,2975,0,3.1872872478018093,-0.3678845909259246,2.77,261.92,15
2023121702,3066,0,3.943615092779721,0.37789141364185586,4.65,341.6,15
2023121702,3125,1,2.4645689278249057,3.685860916104006,5.75,323.36,15
2023121702,3191,0,7.583679845563101,-2.1604403409452537,7.91,176.28,15
2023121702,3243,1,2.8984133590638805,-0.8579071601632206,6.41,136.71,15
2023121702,3288,1,2.323811524198978,-1.0248419877194626,7.99,4.76,15
2023121702,3333,0,12.876416426941153,-1.2023950061755595,5.44,155.62,15
2023121702,3358,0,9.760512281637675,1.2802399516697966,5.12,42.03,15
2023121702,3383,1,0.8325863318599506,0.4469924266897251,0.21,87.08,15
2023121702,3484,0,3.4972274732993873,-3.7109314617001496,8.87,252.6,15
2023121702,3563,0,9.992542219075183,-1.6495622418751534,5.74,176.3,15
2023121702,3588,0,5.285319290260523,3.9413458084571174,4.49,20.37,15
2023121702,3613,0,4.070393101409252,1.9425707050378236,8.76,7.21,15
2023121702,3643,1,1.1067971810589314,-1.5084299591842518,6.8,67.28,15
2023121702,3666,0,9.749358953285084,1.5130400728001894,6.03,4.78,15
2023121702,3719,0,8.815406967349826,3.2734327959503338,8.42,170.86,15
2023121702,3747,0,14.036844374716143,2.2596911270368074,5.25,13.32,15
2023121702,3809,0,10.972328832112177,1.789616286681473,3.09,90.48,15
2023121702,3834,0,9.207676145477754,6.234524352229439,0.64,349.52,15
2023121703,55,0,5.5220376673833105,-1.643249374423421,3.37,264.93,15
2023121703,150,0,7.383034606447404,0.9439110820760608,6.08,33.67,15
2023121703,263,1,1.8049930747789609,5.6805451746715825,7.3,73.01,15
2023121703,310,0,7.274647757795552,0.17046564440752743,2.41,101.41,15
2023121703,338,0,3.132491021535426,-4.800323389106035,8.35,55.12,15
2023121703,534,0,3.332941643653544,-0.5850334659363647,8.15,196.82,15
2023121703,564,1,2.8233490751233736,3.348264754910821,6.04,352.24,15
2023121703,652,1,0.8315046602395016,0.7284975122705049,7.81,183.4,15
2023121703,756,1,2.686335794348871,1.6411382216094954,7.51,35.84,15
2023121703,803,0,6.516417727555533,-3.892949039901877,5.52,32.81,15
2023121703,937,0,3.7165171868296287,-1.063843289389693,5.79,303.72,15
2023121703,1053,0,5.545385469018357,0.5442952361909535,5.46,87.33,15
2023121703,1184,0,3.785828839237188,-5.465312082513346,5.87,91.64,15
2023121703,1390,0,6.974525073436894,2.1154073624104757,6.37,336.93,15
2023121703,1630,1,1.662077013859461,3.216935165733756,7.28,34.25,15
2023121703,1788,0,5.458094905734046,0.04404491419377832,5.4,56.06,15
2023121703,1813,1,2.5203967941576173,3.5669493377533765,6.54,132.53,15
2023121703,1948,1,1.7472263734273232,2.5669983158425413,3.55,157.12,15
2023121703,1973,0,3.3365401241405723,1.7721515635009797,6.11,29.42,15
2023121703,2030,0,3.9514174671882043,0.6044896107658921,7.8,22.78,15
2023121703,2102,0,15.019613843238451,0.1309195609755156,5.18,166.81,15
2023121703,2182,1,1.7910890541790523,3.903386478360763,7.02,301.34,15
2023121703,2216,0,6.897427056518975,0.4656385621797222,6.03,322.18,15
2023121703,2410,0,3.314226908345293,6.443804535218471,9.14,90.61,15
2023121703,2562,0,11.13075918345195,4.105580535484526,1.7,351.24,15
2023121703,2752,0,3.211043444115951,-1.9467177321482974,8.51,38.68,15
2023121703,2780,0,6.432246885809032,2.2913649584472933,5.71,34.5,15
2023121703,2827,1,1.988617610301189,-1.1390751868444697,7.44,143.23,15
2023121703,3034,0,5.065816814690402,-1.3468554553726964,7.09,225.19,15
2023121703,3228,1,2.8779506597577393,-3.122972112585537,8.22,98.73,15
2023121703,3251,1,2.513344385475256,0.7774033071779709,6.43,120.3,15
2023121703,3301,0,4.567373424628207,0.6873691245127065,6.61,155.41,15
2023121703,3326,0,6.539617725830769,2.1851496271820223,6.26,142.14,15
2023121703,3484,1,1.9053870997778897,1.4221752949144775,3.44,355.04,15
2023121703,3571,1,1.5204275714416693,1.7825855804765207,7.78,243.18,15
2023121703,3594,1,2.2043593173527736,-2.249519608342339,2.19,283.31,15
2023121703,3643,0,5.40807729234707,-3.0006258160662194,6.33,327.44,15
2023121703,3680,0,3.310589071449369,3.3048907167265087,8.08,214.42,15
2023121703,3754,1,0.8854377448471477,1.243463979810543,5.05,20.6,15
2023121703,3801,1,2.121980207259246,-5.141717690483632,7.97,132.39,15
2023121703,3824,1,2.173683509621397,-5.616933050303421,8.43,67.98,15
2023121703,3878,1,2.676863836656619,-1.1578453899813659,9.29,284.01,15
2023121703,3983,0,6.278096845382366,-1.5185521918066267,4.45,78.72,15
2023121703,4008,0,5.096518419470294,4.907793378481013,8.87,28.36,15
2023121703,4160,1,1.129468901740993,5.045467459058968,6.68,236.38,15
2023121703,4227,0,3.8418745424597125,-5.677316084083713,9.04,241.71,15
2023121703,4421,1,2.764217791708898,6.119271890954421,7.08,283.4,15
2023121703,4536,1,2.6945314991664118,5.24807995914408,6.84,127.1,15
2023121704,123,0,8.296420915069342,-2.5999362456836517,5.74,195.77,15
2023121704,153,0,5.299094262230103,7.469819882303923,8.05,338.59,15
2023121704,317,0,4.454772721475253,-2.374006861124968,5.78,41.51,15
2023121704,386,0,3.5520275899829423,0.5123414038823374,7.13,67.97,15
2023121704,409,1,1.6904733065032413,6.576790757161305,8.56,15.64,15
2023121704,488,0,13.332595396246003,-2.7239284187256985,6.99,37.34,15
2023121704,582,1,1.7741758650145125,-2.7049585642559606,8.2,232.02,15
2023121704,697,0,3.5584406697316173,4.6429637766062335,2.84,197.89,15
2023121704,942,0,15.255913607516264,0.7046543132066379,4.67,97.15,15
2023121704,1010,1,0.679558680321287,-6.313357810945368,6.38,316.06,15
2023121704,1055,0,11.72307553502919,-3.433259963058565,5.41,325.25,15
2023121704,1351,0,6.219019215278239,2.713167436526294,4.72,129.77,15
2023121704,1508,0,3.2619779275770737,-3.550977693223845,2.97,304.65,15
2023121704,1547,0,15.420090790913003,-4.967449397862705,6.84,270.22,15
2023121704,1666,1,0.6521502894272151,-0.7632374514451559,4.96,221.54,15
2023121704,1720,1,1.7912007146045923,4.053861568347195,6.25,312.64,15
2023121704,1784,1,1.2379418403139952,2.2878315091864607,3.84,126.27,15
2023121704,1944,0,5.109569453486274,-3.442566789319346,0.88,13.82,15
2023121704,1969,1,1.7117242768623737,2.3700693214516457,4.82,225.85,15
2023121704,1994,0,3.0306599941266894,1.3411664990517007,0.81,269.23,15
2023121704,2024,0,3.226019218789624,-1.0009187444473804,6.41,241.59,15
2023121704,2170,2,1.1458621208504982,4.706257942182959,8.33,11.41,15
2023121704,2193,0,5.0718241294429705,5.533898925505887,6.49,73.09,15
2023121704,2218,0,7.410802925459557,1.0543461253293882,7.7,64.82,15
2023121704,2282,0,12.552680988537862,1.658958834778924,5.84,190.78,15
2023121704,2537,0,4.370011441632617,0.5337082524035527,5.78,340.9,15
2023121704,2562,0,5.033020961609429,-6.815915321839813,7.13,333.2,15
2023121704,2643,0,3.0048128061494945,-1.6073281375761796,1.18,232.96,15
2023121704,2668,0,6.64262749219012,1.2770385919473672,6.22,192.5,15
2023121704,2698,2,1.1985407794480758,6.557288822335058,8.71,203.61,15
2023121704,2762,1,2.963190847718045,7.559973106606217,6.65,173.92,15
2023121704,2835,0,3.8278584090846417,3.2231693428198636,7.86,34.91,15
2023121704,2858,0,3.1923032437411076,-4.315442966932045,6.44,84.34,15
2023121704,3108,0,8.799801134116613,0.13540433185867912,1.85,8.25,15
2023121704,3138,0,7.766704577875998,3.1811793183728776,3.27,119.39,15
2023121704,3188,0,15.342203231609204,2.4834116112614972,4.78,0.35,15
2023121704,3213,0,6.4573988571250585,-2.8169926285215836,5.48,29.73,15
2023121704,3429,1,1.6124515496597103,1.5874753503940142,7.4,251.08,15
2023121704,3520,1,2.6780029873022886,-1.61732082964093,5.89,140.11,15
2023121704,3543,1,1.0124228365658277,-0.5651834471048058,5.4,116.48,15
2023121704,3566,0,7.874725392037494,3.1897845362721675,4.22,97.03,15
2023121704,3602,0,3.514327816240255,-0.8669009817942972,6.96,43.91,15
2023121704,3663,0,4.816523642628569,1.7052517911656577,7.09,195.05,15
2023121704,3800,0,9.912219731220652,-5.79267717849237,3.39,144.26,15
2023121704,3877,0,5.637135797548252,0.520890866149583,5.65,178.8,15
2023121704,3907,1,1.458355237930734,-1.047784086058713,7.24,119.99,15
2023121704,3930,0,9.021230514735782,4.030465068854148,5.85,162.0,15
2023121704,3955,0,8.454229710624146,2.713622036435998,5.69,17.37,15
2023121704,3980,0,7.716430521944711,0.8119260885208087,5.17,37.08,15
2023121704,4012,0,4.171678319333847,0.5867435590491599,6.36,47.32,15
2023121704,4042,0,9.289241088485108,-1.7281686365179327,6.75,18.13,15
2023121705,107,1,0.7877182237323275,1.0621940955202367,2.02,190.71,15
2023121705,174,0,8.676687155821629,0.020859850281074732,2.29,3.91,15
2023121705,221,0,6.6348850781305915,-0.22940752460691233,4.87,54.43,15
2023121705,273,1,2.1927608168699133,-0.014880098178378987,6.77,149.66,15
2023121705,462,0,8.040758670672805,-2.049301393130607,6.74,340.95,15
2023121705,492,0,4.304880950734871,0.1448543290671862,5.91,335.3,15
2023121705,624,0,5.2151797667961635,0.4597577685618575,3.44,269.38,15
2023121705,699,1,2.9681644159311666,6.540018684413491,8.6,305.41,15
2023121705,751,0,3.2752557152075923,-0.26764274546654154,5.06,267.3,15
2023121705,853,0,4.7282977909602915,2.6019805406179257,5.84,154.26,15
2023121705,903,0,4.341946568072894,1.6692454830084782,4.77,180.94,15
2023121705,975,0,3.45637092916834,6.2744313044253675,7.27,340.68,15
2023121705,1027,0,14.198397796934692,-0.5191907995119631,6.05,189.57,15
2023121705,1074,0,12.560015923556788,-2.720756426748872,6.15,341.93,15
2023121705,1311,0,3.4370045097439093,-0.7994316852843864,2.75,230.21,15
2023121705,1407,1,2.2743790361327196,-1.2545119456674088,3.88,296.9,15
2023121705,1547,1,1.3730622709840976,5.323393743185951,6.43,45.13,15
2023121705,1570,0,6.45914080973623,-3.078384394146565,7.07,154.06,15
2023121705,1675,0,3.771949098277976,0.7469078927750661,7.33,166.77,15
2023121705,1737,0,5.856722633009016,-3.5504166272941817,6.15,199.86,15
2023121705,1796,0,6.063868402265998,2.4231310493433513,6.52,342.23,15
2023121705,1867,0,6.030762804156704,-3.3290643047631345,6.77,21.38,15
2023121705,1892,0,3.211619529147248,2.037596559914732,4.47,207.23,15
2023121705,2253,0,6.033324125223178,1.735594352375911,8.9,79.51,15
2023121705,2378,1,2.8485961454723565,-2.115986033214757,5.65,228.58,15
2023121705,2445,0,6.431314018145903,2.1778234516970296,1.6,317.59,15
2023121705,2470,1,2.3053199344125725,3.662150653144359,7.9,290.61,15
2023121705,2573,1,1.8853381659532606,3.7711784970304056,7.15,174.21,15
2023121705,2622,0,5.1842935873655875,-1.9106450898435758,6.45,321.04,15
2023121705,2704,0,3.353863443850988,7.825849431705584,9.01,340.49,15
2023121705,2734,1,1.4598630072715744,-4.178044308338003,8.21,227.48,15
2023121705,2779,0,4.175380222207314,1.4458296882684447,8.81,243.4,15
2023121705,2843,0,4.731553656041534,-1.9316554156883747,6.17,165.1,15
2023121705,2868,0,4.004809608458308,-0.7208600602321699,3.57,124.57,15
2023121705,2994,1,0.6774215821775997,-0.5440771635192287,0.97,355.43,15
2023121705,3117,1,1.2606347607455535,1.3399107908727066,8.97,260.3,15
2023121705,3172,0,7.502806141704582,4.697816490508491,8.03,163.2,15
2023121705,3217,1,2.5307113624433755,0.7873299753072709,5.69,244.81,15
2023121705,3269,1,2.893872837565605,0.6279770971963256,6.92,212.57,15
2023121705,3372,1,1.5976545308670467,2.61782533313052,4.51,28.82,15
2023121705,3520,0,4.83508014411343,0.35702506012679835,7.29,204.83,15
2023121705,3550,1,1.6667633305301626,7.524878518762825,7.89,351.69,15
2023121705,3627,0,14.55411969168868,-1.2820195823226301,7.02,10.4,15
2023121705,3652,1,2.62373779177721,-2.9472064547054937,6.27,53.52,15
2023121705,3677,1,1.5456390264224062,0.22213842819176788,0.88,92.0,15
2023121705,3702,1,1.077032961426903,4.002177229480539,8.12,84.4,15
2023121705,3843,1,1.6316862443496927,-5.807547641381335,4.54,130.85,15
2023121705,3873,1,1.5108275877809394,4.935983302368177,7.4,102.74,15
2023121705,4048,1,2.659323222175132,0.9954838998110931,7.52,5.57,15
2023121705,4143,1,0.74330343736593,2.5253349521888167,4.67,67.42,15
2023121705,4196,1,1.8848076824970774,2.282531180961378,5.87,72.47,15
2023121706,81,0,9.094877679221423,-0.6429281277577159,5.03,30.6,15
2023121706,172,0,4.8650693725783585,4.254840947256273,7.74,8.3,15
2023121706,433,1,1.5600000000000023,2.0687972825010443,9.69,289.33,15
2023121706,489,0,3.2276926743418386,-1.8545791091116126,6.01,238.32,15
2023121706,667,1,2.110213259365032,-4.062536802975543,8.69,89.93,15
2023121706,690,1,1.3717871555019063,-0.2752662491718747,3.99,127.33,15
2023121706,749,1,1.077125805094282,-2.111318741001467,5.44,272.02,15
2023121706,783,0,4.769423445239477,2.0275507978157554,4.4,258.26,15
2023121706,942,1,1.469965986001036,1.29858860816203,5.46,155.86,15
2023121706,1033,0,5.197730273879164,0.6501897560084022,3.0,5.67,15
2023121706,1056,0,7.151006922105444,0.25599542832828515,6.84,166.14,15
2023121706,1179,1,2.040441128775833,6.6811313137363495,8.64,295.94,15
2023121706,1327,0,4.987594610631463,2.0576838123011933,1.92,80.81,15
2023121706,1352,0,3.373603414748102,2.4714954448184647,7.64,26.35,15
2023121706,1588,0,4.935068388583895,-5.0026864863912675,1.91,215.01,15
2023121706,1931,0,5.442324870861714,-0.5884042181645126,2.29,359.6,15
2023121706,1956,1,1.1837651794169315,4.978565081149535,6.6,151.83,15
2023121706,1979,0,7.722570815473303,4.1439710847277915,3.97,79.24,15
2023121706,2004,1,0.7964923100695989,4.307329353605191,4.08,18.74,15
2023121706,2118,0,5.575894547065965,1.9949278396909564,3.08,42.57,15
2023121706,2187,0,6.683666658354531,1.1253249900972384,3.86,238.32,15
2023121706,2362,0,10.439181002358369,-4.053943560802424,4.93,15.52,15
2023121706,2609,0,4.992674633901151,5.020152290435404,8.25,18.07,15
2023121706,2881,2,1.240040321925056,5.892390141416347,7.65,207.44,15
2023121706,3027,0,6.332850858815479,1.9666047290330044,7.05,23.01,15
2023121706,3057,0,4.486357096799135,3.2144338354071356,8.45,74.14,15
2023121706,3084,1,1.453822547630897,4.637230644101544,5.52,24.19,15
2023121706,3121,1,1.3991783303067564,5.386780374114592,7.46,147.55,15
2023121706,3160,0,4.732060861823309,1.6410972019854229,6.7,165.23,15
2023121706,3212,0,4.491881565669338,1.2383897211751234,1.0,63.86,15
2023121706,3345,0,3.2146228394634404,0.6960296108756159,2.88,114.86,15
2023121706,3377,0,4.841260166526891,-0.639397600388341,5.37,123.98,15
2023121706,3402,1,2.2601991062735998,2.6123259641673693,6.0,20.8,15
2023121706,3427,0,3.8525316351718613,0.9390756367805032,3.37,131.95,15
2023121706,3452,0,3.6299449031631315,0.25410891162897387,7.54,178.31,15
2023121706,3524,0,6.548473104472518,-3.5299080878599804,7.6,86.76,15
2023121706,3547,0,5.082715809486105,2.85685846349333,6.18,27.33,15
2023121706,3584,0,12.000374994140806,0.7998799671173566,4.16,165.12,15
2023121706,3629,0,3.7051990499836793,-2.4482766747532203,4.87,158.91,15
2023121708,96,1,2.102783869065006,-1.784717140183614,6.76,79.47,15
2023121708,119,0,8.598069550777085,-0.8539469226303891,4.39,105.95,15
2023121708,191,1,0.7981227975693942,-2.025132856303454,5.79,109.83,15
2023121708,263,1,2.6293725487271713,6.159746902151074,5.78,216.81,15
2023121708,288,0,4.323343613454765,1.1984793045024418,3.78,0.95,15
2023121708,313,0,5.355567196852262,3.00986114103135,7.37,2.3,15
2023121708,439,0,13.790119651402597,2.2799527922021423,4.12,25.91,15
2023121708,590,0,3.7041193285314087,3.0640147681245358,7.25,70.48,15
2023121708,649,0,9.114674980491628,-0.878665892848217,6.19,7.49,15
2023121708,889,1,1.5310127367203676,0.11484426523980162,3.72,338.07,15
2023121708,1005,1,0.8616263691415247,8.048404351821391,7.83,324.77,15
2023121708,1049,0,9.305106125133657,-0.9938303216643426,6.57,20.62,15
2023121708,1103,1,2.454220853957527,1.6007428867735465,2.31,174.29,15
2023121708,1155,1,1.8921416437465746,-4.2651347398554895,2.95,261.1,15
2023121708,1180,1,2.820283673675396,3.040235570473568,2.54,308.32,15
2023121708,1205,1,1.3231024147812565,-1.3375776549623288,7.38,221.85,15
2023121708,1257,1,1.4142842712835404,0.21910495172934974,6.89,322.83,15
2023121708,1282,0,4.544722213733199,-1.9399332701620642,6.17,196.16,15
2023121708,1353,1,0.9080198235721507,-0.9018663906021409,7.1,240.25,15
2023121708,1449,0,11.499308674872584,2.3620981448708522,6.64,174.3,15
2023121708,1479,1,2.22396043130268,4.892730222975522,6.19,6.5,15
2023121708,1584,0,3.791780584369297,0.11283665971116319,6.28,52.0,15
2023121708,1609,0,3.569229608753124,-2.718255055740057,7.04,71.9,15
2023121708,1692,1,1.9262658175859377,-0.44326489566269334,5.19,86.25,15
2023121708,1771,2,1.9804039991880484,4.024364225213286,7.24,103.42,15
2023121708,1842,1,0.7156116265125938,2.667830342934499,9.02,253.09,15
2023121708,1865,1,2.7302930245671444,-3.1692571403605623,5.66,247.94,15
2023121708,1924,0,3.9889973677604775,2.2688056495026947,6.33,343.15,15
2023121708,2003,0,3.6543672502910827,1.1663579847886447,5.67,195.73,15
2023121708,2135,1,2.132135080148539,6.618770460395471,7.86,49.47,15
2023121708,2238,1,1.4708500943332052,2.2968488923774646,5.05,110.8,15
2023121708,2342,0,3.225228674063291,-3.4330503545518236,1.54,306.78,15
2023121708,2367,0,3.2324603632527324,2.5257939238921043,4.99,334.32,15
2023121708,2419,1,2.9698653168115188,5.99526273651277,9.02,252.11,15
2023121708,2621,1,1.3958868148958257,1.532853222294384,7.26,118.55,15
2023121708,2716,0,5.286747582398853,1.708827365263796,4.19,282.2,15
2023121708,2892,0,9.417266057619912,5.295013535394614,5.33,11.25,15
2023121708,3037,0,4.80983367695807,-4.917449171774281,2.96,94.26,15
2023121708,3062,0,4.919400369963804,2.0245354771353172,4.55,87.57,15
2023121708,3175,0,9.333477379840804,-1.9759822108455398,5.84,352.28,15
2023121708,3370,1,2.2617692189964895,8.540662443517329,9.21,198.17,15
2023121708,3436,1,0.6334824385884749,-0.24539567403429285,8.63,95.16,15
2023121708,3459,1,1.585496767577906,-0.8264477979712441,6.77,36.17,15
2023121708,3559,1,1.31605471010897,-1.5031814645647883,6.13,237.52,15
2023121708,3657,0,11.915624196826618,-2.044678079186054,4.62,79.99,15
2023121708,3707,1,1.5608010763707227,0.3621503341015787,8.17,359.89,15
2023121708,3730,1,0.788542960148649,-4.387567901764991,5.22,109.66,15
2023121708,3753,0,3.5511406618155807,1.180347224909587,4.42,124.06,15
2023121708,3805,1,1.9304144632694797,-4.4825913790656085,8.21,91.27,15
2023121708,3855,0,4.61469392267786,-0.632089440254576,4.43,27.43,15
2023121708,3878,0,4.069643719049616,-2.655873979350218,7.94,85.52,15
2023121708,3913,0,3.753531670307318,-0.3938474010438471,6.66,138.04,15
2023121708,3972,1,0.8558621384311852,-2.0827237820703717,2.18,68.71,15
2023121709,84,0,5.970468993303622,3.571085018387789,5.17,171.22,15
2023121709,175,1,2.522478939456182,4.697336825485564,8.41,174.99,15
2023121709,348,1,1.8293714767646294,3.1968358191238746,6.18,321.77,15
2023121709,468,0,7.532927717693833,-0.46659681824306515,5.13,157.18,15
2023121709,534,0,6.507995082972945,5.387923268829842,7.18,182.55,15
2023121709,594,1,1.4005713120009333,3.94371367034329,6.1,319.97,15
2023121709,1093,0,12.655706222886185,0.5000105698430768,5.42,13.28,15
2023121709,1201,0,5.642171567756509,0.1382217277094966,3.54,331.58,15
2023121709,1233,0,4.4125502829996135,-2.8663780122989277,6.28,312.34,15
2023121709,1263,0,7.680162758692034,1.737837871182117,5.52,331.4,15
2023121709,1320,1,1.2270289320142338,0.3814831460834772,7.87,288.06,15
2023121709,1440,0,5.660220843748059,1.8060018346447162,5.14,37.36,15
2023121709,1489,0,6.396577209727093,3.300973934914107,7.06,302.21,15
2023121709,1669,1,1.15433963806152,-2.3746974730783075,4.39,129.03,15
2023121709,1747,1,1.2747548783982012,-3.0467749968812132,3.08,107.13,15
2023121709,1777,0,6.023163620556887,1.3609370856588567,5.07,254.06,15
2023121709,1807,1,1.3971399357258274,-2.658567851381086,7.21,50.17,15
2023121709,1832,1,2.1582400237230273,-4.201665527923687,5.62,19.47,15
2023121709,2093,0,15.683940831308943,-2.7585421110685346,5.09,318.41,15
2023121709,2118,1,2.3720033726788836,-0.06324139176753785,4.84,204.19,15
2023121709,2202,0,6.156175760973692,6.637653563757389,6.89,145.83,15
2023121709,2225,0,3.8420046850570064,4.507906492334944,6.07,45.83,15
2023121709,2282,0,7.5990130938168505,-0.3111757660140433,4.41,170.25,15
2023121709,2616,0,7.585545464895719,3.698722966739004,4.02,223.25,15
2023121709,2686,0,8.380214794383251,1.4232528932414374,5.89,359.66,15
2023121709,2769,0,13.095514499247445,-0.5259618339275225,3.97,6.21,15
2023121709,2868,2,0.7988116173416596,0.3180882508344709,5.22,143.85,15
2023121709,2997,1,2.790161285660743,-1.6255424967262757,5.74,207.73,15
2023121709,3020,1,1.7837320426566297,-3.276908388045081,4.83,331.56,15
2023121709,3072,0,4.029342378105886,2.8887572748260695,7.02,221.21,15
2023121709,3178,0,3.3446823466511764,-0.6233420914630287,4.46,342.24,15
2023121709,3281,0,4.5957045161759495,4.9331245951636875,7.86,135.98,15
2023121709,3395,0,3.2824685832464517,5.428117587342437,7.54,126.8,15
2023121709,3472,0,6.297491564107094,-2.170643343344354,5.27,137.03,15
2023121709,3546,0,5.3815425297957145,3.5585030442772068,6.78,167.86,15
2023121710,100,0,5.705173091151574,-0.5477242155514356,5.39,60.74,15
2023121710,149,0,9.512544349436693,-0.06168198310480935,5.53,170.93,15
2023121710,206,1,1.5052574530624316,3.3258200435372247,6.72,175.42,15
2023121710,248,1,0.9569221493935578,5.953166155487315,8.09,278.22,15
2023121710,300,0,13.287215660175017,0.3196135260640227,4.65,305.3,15
2023121710,374,1,1.1672617529928744,-0.12316031931863569,7.68,86.83,15
2023121710,584,0,4.784746597260929,-3.693704484374454,3.33,132.88,15
2023121710,721,0,6.0168513360394735,3.8949862042338745,5.58,251.68,15
2023121710,774,1,1.77158121462156,4.428642893068776,8.39,261.38,15
2023121710,935,0,3.7460646016853447,-4.002769869526382,3.09,131.63,15
2023121710,998,1,1.9312690128513954,-1.3989730294274616,6.57,68.2,15
2023121710,1084,0,5.944274556243176,3.183081127600315,3.05,217.51,15
2023121710,1244,1,1.9026297590440426,1.7679162348239523,7.35,264.82,15
2023121710,1430,1,1.7961347388211144,4.039758350600078,6.94,19.43,15
2023121710,1453,1,2.1648094604375645,5.41886422774148,6.25,349.52,15
2023121710,1549,1,2.9710772457140884,-0.667710379062416,4.33,331.84,15
2023121710,1574,0,4.888946716829711,2.3569568982372884,3.19,275.1,15
2023121710,1599,0,4.398226915474003,-0.10373086408101967,3.55,273.16,15
2023121710,1622,1,2.42909448148893,6.471145540426753,7.37,282.6,15
2023121710,1657,0,5.4730247578464315,-1.4898701200320255,4.03,250.8,15
2023121710,1755,0,5.063565937163254,4.203079060358471,7.39,346.27,15
2023121710,1806,1,0.5869412236331679,2.0765505300416254,3.76,317.36,15
2023121710,1892,0,6.673290043149629,-3.470313402388715,4.44,72.67,15
2023121710,1917,1,1.5171684151734757,-0.20519265665475406,1.91,37.01,15
2023121710,1976,0,4.607656671237563,2.3797648259654602,3.85,119.33,15
2023121710,2001,0,5.424877878809802,-0.15016406318468217,3.56,238.12,15
2023121710,2067,1,2.376909758488953,-0.7143427042463036,3.35,241.97,15
2023121710,2190,0,14.410374734891526,-1.4645576433043777,4.52,153.99,15
2023121710,2225,1,1.3708391590555078,-5.967877901363105,6.58,122.42,15
2023121710,2250,0,8.903128663565415,-0.2511531891645692,4.48,88.65,15
2023121710,2287,2,1.2369316876853003,3.3924010023170963,5.62,18.26,15
2023121710,2317,0,5.482089017883602,-5.260011433782243,3.43,38.97,15
2023121710,2342,1,1.8436105879496354,0.536509879923994,5.57,20.02,15
2023121710,2420,0,3.576940033045001,-5.976025243705029,4.22,113.63,15
2023121710,2623,0,4.7808472052555695,0.9259762246813772,3.56,28.26,15
2023121710,2756,0,4.54582225785391,-1.1629571002984729,6.51,355.16,15
2023121710,2856,0,10.453463540855733,0.11351507428597496,5.95,180.01,15
2023121710,2908,0,7.338426261808452,3.7414440493459478,6.87,0.49,15
2023121710,2970,0,3.581689545451977,-2.4363971044814616,2.87,12.29,15
2023121710,2995,1,1.3550645741070797,-0.7228356232258157,7.87,290.4,15
2023121710,3061,0,5.053563099437861,6.237990050270036,4.57,142.23,15
2023121710,3084,1,2.4509997960016245,2.714946129280869,6.45,51.16,15
2023121710,3250,1,1.253993620398442,1.123359415586818,5.62,140.88,15
2023121710,3275,0,5.683836732349016,-0.04083500145051744,6.5,5.61,15
2023121710,3298,0,4.265219806762608,1.2163694816995563,1.79,23.72,15
2023121710,3373,0,5.76045137120347,1.9785030786551518,7.56,78.69,15
2023121710,3400,1,1.6352675622050319,-1.0215753608723022,2.91,189.28,15
2023121710,3504,1,1.2054044964243413,-1.6169236267277745,1.9,282.77,15
2023121710,3622,0,4.610878441251729,-4.200357306902471,9.33,238.73,15
2023121710,3647,0,4.113404915638622,-0.023745257022858984,2.77,312.64,15
2023121710,3710,1,1.5877342346879102,1.412148846452584,4.72,298.59,15
2023121710,3733,0,3.0305940011819446,4.366203759883299,6.97,354.29,15
2023121710,3930,0,10.267020015564395,-1.7095401142896303,5.0,338.96,15
2023121710,4179,0,7.602585086666243,1.6075276925394473,6.06,190.46,15
2023121710,4262,0,4.285533805723633,2.65398031844847,6.7,345.58,15
2023121710,4297,1,1.6903549923019132,1.3612591546182884,8.51,322.44,15
2023121710,4399,0,18.553104861451086,-1.805409792146912,5.02,19.69,15
2023121710,4450,0,6.779970501410746,-6.8861303899950554,6.49,316.18,15
2023121710,4514,0,3.387107910887994,-3.9221819625287746,7.11,263.96,15
2023121710,4562,1,2.0877739341221804,-0.654737514011261,6.83,198.12,15
2023121710,4748,0,13.30209757895348,-5.269225865988771,4.11,185.35,15
2023121711,100,1,2.502258979402413,4.674346883851275,1.16,315.42,15
2023121711,125,1,1.0435516278555643,2.5975301606806727,6.68,224.64,15
2023121711,168,1,2.6496980960101806,3.2924046822651154,7.32,127.06,15
2023121711,317,1,2.7475443581496557,6.869219531837345,7.53,155.48,15
2023121711,363,0,4.615733961137703,1.252756747990349,6.82,192.29,15
2023121711,400,1,2.0455317157159865,0.393432096218961,3.14,236.54,15
2023121711,425,1,1.0438869670610889,0.04534951037801094,4.78,268.06,15
2023121711,450,1,1.545477272560162,3.8959152459006647,7.43,22.83,15
2023121711,475,1,1.1268096556206808,2.8297299725025225,4.35,311.73,15
2023121711,503,1,2.50768817838263,6.248504399623576,8.17,192.03,15
2023121711,652,1,2.790877998050075,1.8157498876014233,3.08,63.06,15
2023121711,743,1,2.7126555254952627,1.7874784611539378,5.03,42.54,15
2023121711,844,0,3.090064724241224,1.9681979673596444,3.78,305.7,15
2023121711,1089,1,2.2033610689126744,-3.705750721525881,3.74,78.73,15
2023121711,1114,1,1.5980613254816007,1.266694581301433,4.16,59.87,15
2023121711,1150,0,5.813725139701736,-2.10973691298536,6.19,13.94,15
2023121711,1215,1,1.2280879447336006,4.221005881367575,6.86,118.98,15
2023121711,1262,0,5.904040989017607,-2.3398158829657945,6.93,163.54,15
2023121711,1314,1,1.0065783625729228,5.864495411764701,6.94,120.63,15
2023121711,1378,0,3.475413644445793,1.2825868474278042,0.59,321.74,15
2023121711,1643,1,2.8694424545545463,7.203782717267843,9.35,237.01,15
2023121711,1717,0,8.039900496896715,-0.6965772785386237,0.68,244.11,15
2023121711,1857,0,3.536240942017382,2.060967654460308,7.38,342.25,15
2023121711,1986,0,8.342307834166752,-3.8478680451779828,4.71,50.44,15
2023121711,2101,1,0.8631338250816033,3.985624308119844,8.59,73.88,15
2023121711,2151,1,2.87027873210948,2.937241296109063,5.77,144.65,15
2023121711,2198,0,4.258368232081386,-4.162100775240284,6.3,36.98,15
2023121711,2228,1,1.9801010075246168,1.0752893283586762,6.71,68.07,15
2023121711,2276,1,1.953279293905504,3.765012087960339,5.45,152.29,15
2023121711,2349,2,1.143372205364464,5.198196554970914,7.95,359.42,15
2023121711,2381,0,12.440016077160042,1.6135650803559178,5.9,358.63,15
2023121711,2411,1,2.2860008748904677,2.2186397168446788,3.78,55.88,15
2023121711,2504,0,3.830835418025692,-0.07828988564471655,4.32,298.01,15
2023121711,2635,0,8.65078031162507,-1.9168856158819993,1.81,150.04,15
2023121711,2743,0,10.622829190003939,3.527189178624896,5.63,25.78,15
2023121711,2875,1,1.9744872752185527,1.9561462750968734,5.21,205.52,15
2023121711,2926,1,1.1903780911962343,-1.7938262616666054,7.42,52.08,15
2023121711,2984,0,5.726473609473809,3.404195477713132,5.43,9.45,15
2023121711,3087,0,5.770935799330989,-3.7306999408702586,8.79,149.43,15
2023121711,3110,1,2.7250137614331376,-0.1565644039472478,6.83,152.62,15
2023121711,3226,0,8.714499411899682,-0.7992269941158807,6.51,202.52,15
2023121711,3256,0,3.8981662355522917,-1.4296390468918432,3.3,265.71,15
2023121711,3403,0,8.52078048068368,-2.7614404916639876,7.67,5.0,15
2023121711,3448,1,2.0135789033459712,0.08584860695958363,3.53,356.05,15
2023121711,3626,0,8.843754858655911,2.8843669686858893,6.0,334.73,15
2023121711,3883,0,10.656758418956489,0.8151633011389045,4.62,106.04,15
2023121711,3913,1,1.2022063050907679,-1.62197100920675,3.37,47.87,15
2023121801,129,1,2.3100865784641056,2.0205992234440493,5.63,46.74,15
2023121801,209,0,4.2308982497810055,-0.6604856722753052,3.62,55.39,15
2023121801,483,0,10.389075993561702,0.3950636204868891,3.98,210.21,15
2023121801,530,1,1.521085138971521,-0.1926270856756811,4.27,317.69,15
2023121801,604,1,0.7930952023559326,-0.1557647151840622,5.66,50.28,15
2023121801,651,0,6.002549458355174,1.054339282597472,7.2,157.81,15
2023121801,723,1,2.7324897072084253,-0.39645735991625697,3.0,309.78,15
2023121801,748,1,2.540078738937038,2.116179424304417,4.66,198.91,15
2023121801,773,0,8.231026667433417,5.5416939380891,6.67,357.19,15
2023121801,849,0,3.006027278652011,0.7109744176259406,7.58,346.29,15
2023121801,977,1,1.2180311982868082,0.6408340106391686,5.91,235.09,15
2023121801,1095,0,3.071758454045498,-2.0252322386915655,1.57,300.04,15
2023121801,1208,0,5.468528138356791,-0.8874581517158723,2.72,278.86,15
2023121801,1469,0,6.471143639265007,0.26700071256382163,5.08,157.17,15
2023121801,1543,1,2.6484901359076254,0.6461324939598803,6.05,32.28,15
2023121801,1566,0,3.488552708502477,-0.8642406355619545,6.39,131.78,15
2023121801,1627,0,4.056007889538684,-0.6908878043034384,5.49,140.7,15
2023121801,1650,0,4.4518872402611445,-2.4716614202776466,6.58,162.86,15
2023121801,1732,1,2.0179197209007085,0.03854168737124675,6.16,290.26,15
2023121801,1814,1,1.2238463955905596,0.7199477856881071,1.35,297.28,15
2023121801,1863,0,8.071307205155808,0.8953474592393247,4.29,63.3,15
2023121801,1999,1,0.8828363381737199,-2.9570357829324947,6.12,224.88,15
2023121801,2196,0,10.970004557884197,-0.023025194460653098,4.08,357.25,15
2023121801,2295,0,5.292003401359455,4.406989024126596,7.32,27.9,15
2023121801,2386,0,5.059258839000037,1.7269480911630588,6.54,227.15,15
2023121801,2416,0,5.045493038346205,-2.1403686946240352,7.93,337.4,15
2023121801,2546,1,2.582479428766087,-2.9330107208843614,6.64,310.45,15
2023121801,2596,1,2.5403149411047456,-1.0467435111731989,3.65,263.34,15
2023121801,2621,1,2.101547049199707,2.7019723674987777,7.82,311.07,15
2023121801,2733,1,1.1640017182117905,5.792276086253724,8.19,94.18,15
2023121801,2908,1,1.6051479682571383,0.4754587763293241,8.19,232.53,15
2023121801,3072,0,7.8957013621337016,-0.9788667367579804,6.69,192.94,15
2023121801,3097,0,5.384904827385535,-0.7251778261129264,7.37,194.37,15
2023121801,3350,1,2.5825762331439512,2.8399642531388034,6.26,34.85,15
2023121801,3397,0,5.459706951842745,-1.216067275618256,5.37,72.39,15
2023121801,3422,0,4.703796339128638,-0.6300685732639102,9.89,68.15,15
2023121801,3501,2,0.5011985634456623,3.547887629319303,4.15,209.45,15
2023121801,3737,1,1.9777259668619396,3.9686249663101623,3.32,180.97,15
2023121801,3760,1,1.4301048912579721,2.4814560132657864,5.86,287.69,15
2023121801,3785,1,2.488875247978483,0.3361388349811294,6.89,197.24,15
2023121801,3815,1,0.5186520991956062,-2.696447103769349,3.43,336.99,15
2023121801,3870,1,1.1094142598686891,-1.8482111802986239,6.9,251.25,15
2023121801,3893,0,5.499327231580242,0.10514924494413824,2.43,274.74,15
2023121801,3916,1,2.2750164834567648,-1.9736096750046186,8.14,284.17,15
2023121801,3974,1,1.8071247881648893,0.24816207071629237,5.11,236.65,15
2023121801,3997,1,0.7553806987208503,2.218139764787016,7.76,297.11,15
2023121801,4054,1,1.9921094347449875,-2.5947187747536864,6.0,36.7,15
2023121801,4106,1,1.098362417419679,2.2065934239272833,8.12,122.83,15
2023122100,78,0,5.695656239626828,-2.777955443319838,6.21,229.7,16
2023122100,103,1,1.2624579200908057,2.3754280949532953,2.57,191.05,16
2023122100,161,1,2.785677655436822,1.0782032801244084,3.13,231.69,16
2023122100,208,1,1.5380832227158543,-0.919315209533303,3.55,334.14,16
2023122100,300,0,5.344529913846497,0.0614855520340849,6.59,20.52,16
2023122100,357,2,0.7818567643756734,2.4830997439580336,5.58,38.39,16
2023122100,380,2,1.1194641575325188,5.1806647964916115,8.19,171.58,16
2023122100,437,2,1.8552627846210958,2.110637982842917,7.72,8.42,16
2023122100,467,1,1.4497241116846982,-0.17884474798451144,7.18,139.21,16
2023122100,657,2,1.6900887550658379,4.291571734456841,7.85,162.09,16
2023122100,680,0,3.1385665517876147,3.23487497721404,2.7,136.7,16
2023122100,773,1,2.956568957423451,-3.482508763995006,4.95,263.85,16
2023122100,820,1,1.9904019694523967,1.2006876889169327,1.95,350.14,16
2023122100,843,1,2.7418242102658534,-1.396819986629235,2.98,293.03,16
2023122100,910,0,5.673737745084808,1.2055068348418962,3.2,60.35,16
2023122100,935,1,0.9090654541890844,0.8980550435117984,4.01,35.35,16
2023122100,978,0,6.37942003633559,1.5603400685544013,5.56,284.21,16
2023122100,1032,0,3.4687894141904896,-3.389852297472663,5.72,331.92,16
2023122100,1101,1,0.9651942809610913,3.2130650908886267,6.1,228.36,16
2023122100,1185,1,0.9693812459502178,-1.937658110812889,2.65,69.81,16
2023122100,1210,0,3.456848275524975,0.3671357064446429,6.89,163.0,16
2023122100,1343,0,6.044766331298498,-0.850155343435201,7.97,346.53,16
2023122100,1402,1,0.7280109889280519,5.613452936773606,7.64,186.49,16
2023122100,1450,1,1.1300442469213274,-4.568299738135082,5.22,301.24,16
2023122100,1497,0,5.4753264742844365,1.9575445870447528,7.82,189.1,16
2023122100,1527,1,1.4375326083258084,-2.06406392249749,3.02,232.16,16
2023122100,1571,0,3.1241638881467133,2.891224754249457,6.34,163.43,16
2023122100,1630,1,2.5852079220055018,3.882069668262297,9.72,108.11,16
2023122100,1688,0,4.313351365237933,-6.657924642964293,2.99,271.72,16
2023122100,1713,0,3.734514694039901,-3.4675148791389514,7.62,236.4,16
2023122100,1789,1,2.0152667317256046,2.0257033381163585,6.9,69.11,16
2023122100,1814,0,4.436361121459795,1.4480954221385236,4.5,141.34,16
2023122100,1839,0,4.152685877838588,0.14129004314272015,4.68,67.54,16
2023122100,1874,0,3.3500149253398943,-4.122689054600304,5.34,124.48,16
2023122100,1897,2,0.9604686356149281,5.289472768290167,6.9,88.49,16
2023122100,1920,0,3.6204143409283973,2.984742658267466,5.57,226.24,16
2023122100,1945,0,6.184084410808125,2.3902146657869237,7.96,341.69,16
2023122100,1982,0,3.258297101247828,-1.094533915273444,5.72,227.7,16
2023122100,2036,1,1.0117806086301515,4.019333843973632,5.81,305.01,16
2023122100,2100,1,1.3446189051177293,-5.243524540103012,9.12,90.97,16
2023122100,2182,1,1.5929846201391897,6.70203231780377,9.03,121.39,16
2023122100,2207,0,5.787754314066902,0.41849261766227164,5.42,159.74,16
2023122100,2262,1,2.633723599772762,-2.5172869059038683,4.89,108.59,16
2023122100,2292,1,1.4358621103713323,-1.1239492108508786,8.74,115.6,16
2023122100,2496,0,3.1184932259025318,-1.769838689342144,4.61,251.07,16
2023122100,2555,0,10.524656763999488,-4.437870876988398,6.33,212.69,16
2023122100,2578,1,1.5418495387034388,4.073929804428474,8.02,313.39,16
2023122100,2632,0,10.504289599968198,-0.4999503201758799,6.82,172.59,16
2023122100,2762,0,5.1269191528636355,4.258018601948198,7.4,173.79,16
2023122100,2816,0,3.8816104905051954,-0.9925999315834022,3.64,356.25,16
2023122100,2868,1,1.6430459518832703,4.474088718920795,7.49,221.36,16
2023122100,2891,0,3.0305940011819477,-1.6953173490488693,3.25,288.64,16
2023122100,2926,0,5.414065016233187,1.1180276597843921,6.73,198.83,16
2023122100,3013,1,0.7874642849043997,1.0804061254747062,5.98,139.79,16
2023122100,3107,1,2.5569122002915923,6.574416445285494,7.91,204.84,16
2023122100,3168,1,2.6161995336747546,-2.773686290191694,7.97,193.04,16
2023122100,3191,0,4.835876342505046,-1.1846071880490396,5.25,351.21,16
2023122100,3266,0,12.35615636029263,-5.005461139324915,5.1,174.68,16
2023122100,3321,1,2.7197426348829414,1.7678560444719749,6.64,77.71,16
2023122100,3346,0,3.8625380257027886,0.46986113446761074,4.26,40.28,16
2023122100,3445,0,4.658937647146612,0.8077906376976104,3.27,27.3,16
2023122100,3470,1,2.5390155572583595,-2.3705056799321915,2.92,90.09,16
2023122100,3532,1,2.825544195371924,3.165255296790239,6.9,3.49,16
2023122100,3562,1,1.5454772725601689,3.3341053389143553,6.26,26.77,16
2023122100,3643,1,1.4338758663147948,1.106536762226116,5.68,215.68,16
2023122100,3852,1,1.2778106275970607,-5.982814807187959,8.62,78.29,16
2023122300,102,1,2.8931816396486343,-1.5820543861772303,3.0,295.65,16
2023122300,127,0,8.48592363859115,3.2793040968572176,6.17,188.53,16
2023122300,157,0,5.539214745792041,2.48962380363255,4.25,323.14,16
2023122300,254,2,1.6772000476985445,-0.8341816283796195,5.62,122.77,16
2023122300,333,1,1.3782960494755825,2.570633218248014,2.42,187.12,16
2023122300,358,0,7.3966005705323825,0.9029703466705735,6.06,0.4,16
2023122300,405,0,8.693865653436337,-2.069609732029065,4.49,237.61,16
2023122300,430,0,10.43805537444595,-1.7478090833510098,6.1,353.93,16
2023122300,509,0,5.438317754600224,-0.9512497284598325,7.88,173.82,16
2023122300,601,1,2.1100947846009186,1.1951469524094542,4.37,35.85,16
2023122300,670,0,6.621978556292675,4.109910389092334,4.91,154.76,16
2023122300,717,0,7.407327453272197,3.197209443552852,7.15,40.61,16
2023122300,796,0,3.784507894033253,0.18622631457676242,7.56,352.35,16
2023122300,1090,2,1.6015305179733557,3.0475641786941083,8.61,293.25,16
2023122300,1158,0,5.390371044742654,0.016388513693230577,4.08,21.43,16
2023122300,1230,1,2.217791694456445,3.9339940652508685,8.73,43.53,16
2023122300,1257,1,0.6594694837519017,-1.7798064618177987,7.34,257.04,16
2023122300,1407,1,2.6522820362849817,1.8950222096862532,5.92,51.93,16
2023122300,1432,1,2.8600699292150176,2.9164987472954764,6.47,35.4,16
2023122300,1462,0,3.7558753972942265,-0.2473206226192639,4.53,12.09,16
2023122300,1487,0,5.272731739810022,1.300652783837918,2.51,138.47,16
2023122300,1512,0,6.9757293525480195,-0.4251145025618574,6.3,10.75,16
2023122300,1564,1,0.9730878685915308,3.9596890825572553,5.95,56.94,16
2023122300,1616,0,9.941559233842552,4.580301835376158,7.34,179.05,16
2023122300,1703,1,1.892511558749374,-0.8672203502655875,6.4,244.37,16
2023122300,1726,1,2.6169638897011858,-4.1531755221324,5.32,239.0,16
2023122300,1790,0,5.031709451071276,4.094304966744348,4.32,238.01,16
2023122300,1813,0,7.633223434434507,-0.9476145584315515,7.22,185.23,16
2023122300,1838,1,1.6226213359869353,-4.401716003936751,9.6,236.65,16
2023122300,1919,1,2.5597265478952975,3.401436359627702,6.56,203.76,16
2023122300,1949,0,3.110401903291599,-3.1265687214357296,6.49,300.84,16
2023122300,1972,0,4.123930164297164,0.08819809824052555,3.56,250.18,16
2023122300,2143,0,3.9486706623875336,5.7117006422090375,6.61,202.68,16
2023122300,2195,1,1.2244998979175146,1.8313909311664873,4.08,241.26,16
2023122300,2238,1,2.83536593758195,3.0510055486705436,6.89,34.5,16
2023122300,2300,0,8.949201081660863,4.3088879615607185,6.17,340.59,16
2023122300,2352,1,1.4230249470757668,0.5312222415616292,7.18,248.93,16
2023122300,2439,1,1.9600255100380672,-0.36739222006607664,3.13,130.78,16
2023122300,2464,0,6.102606000718055,-2.0138112984159786,6.16,125.28,16
2023122300,2489,0,6.19025847602505,0.24352899314159687,5.8,1.06,16
2023122300,2525,0,7.4302422571542035,-4.174319473583763,3.65,140.13,16
2023122300,2557,0,3.806638937435496,2.2752489842536407,2.05,1.57,16
2023122300,2580,0,6.843778196288945,3.619088103849617,5.31,80.14,16
2023122300,2605,0,4.818599381563062,1.5883135925721317,7.11,41.57,16
2023122300,2682,1,2.0717142660125716,-0.8508725739157696,6.1,311.84,16
2023122300,2779,0,4.805798580881216,-3.8140729268725946,6.39,71.21,16
2023122300,2804,1,2.226229997102723,3.9722165627427666,5.17,186.67,16
2023122300,2839,1,2.4110163831878006,2.878027975021297,6.94,58.45,16
2023122300,2960,0,7.687086574249057,0.7176321909965174,7.11,157.06,16
2023122300,2990,0,5.605283222103939,-3.1792624662030393,2.32,116.9,16
2023122300,3025,0,5.010997904609411,-0.08623300315700744,6.05,129.45,16
2023122300,3097,0,7.206670521121385,-0.4263811602204518,3.73,115.51,16
2023122300,3297,1,0.8430895563343208,3.8948407090433297,6.81,122.59,16
2023122300,3443,1,2.893734611190176,3.632675905851809,7.51,351.84,16
2023122300,3635,0,4.797103292613151,-1.8226243216792362,5.97,123.92,16
2023122300,3752,0,4.540275322048206,1.1898147590534123,6.15,294.63,16
2023122301,159,1,1.8157092278225617,5.293809831255519,8.03,236.3,16
2023122301,182,0,3.9003717771515025,3.799035385850564,5.34,175.89,16
2023122301,225,0,12.170345106035407,0.9330166080769094,6.11,168.47,16
2023122301,294,0,5.142528560931863,-6.019201272389473,5.67,84.54,16
2023122301,371,1,1.611365880239492,5.720471253032358,7.04,44.97,16
2023122301,423,1,1.1920570456148463,-3.440225226536031,7.95,80.79,16
2023122301,446,1,1.910392629801526,3.9020116472456303,7.67,97.37,16
2023122301,525,1,1.1910079764636388,0.7204273375351766,1.34,90.6,16
2023122301,631,1,2.2610174700784675,3.874362259959531,5.33,250.82,16
2023122301,700,1,2.6342740935597395,0.15266113243995127,3.5,338.8,16
2023122301,969,0,5.8586431876331275,-3.6237596825150233,5.88,16.54,16
2023122301,1049,0,4.445953216128121,-5.896626585456435,6.04,316.4,16
2023122301,1234,0,4.935433111693436,1.3322792574895956,3.42,135.67,16
2023122301,1259,0,7.983545578250303,-2.0230027607628687,5.49,17.54,16
2023122301,1330,0,4.871242141384478,-1.8048941794231148,2.3,271.57,16
2023122301,1409,1,1.9200260414900607,7.404746922643984,8.21,101.43,16
2023122301,1579,1,0.8614522621712701,2.0832640502677884,8.02,276.81,16
2023122301,1716,0,5.2654059672545666,-3.628998573050443,4.06,128.19,16
2023122301,1797,0,7.789274677400972,1.5889071972240625,5.05,102.41,16
2023122301,2027,0,8.55346713327409,-0.5554125892624657,3.59,269.25,16
2023122301,2113,0,3.331381094981477,-1.529413387954341,6.13,225.96,16
2023122301,2221,1,2.7682846674429986,-3.1453041216836803,8.65,64.41,16
2023122301,2374,0,12.154509451228382,-1.3430347354254328,5.25,357.46,16
2023122301,2399,0,8.38455723339044,-0.6101698572872045,6.1,347.98,16
2023122301,2536,0,4.310510410612646,-3.1629715861331467,6.5,11.88,16
2023122301,2590,1,0.7930952023559326,2.430007377879148,5.56,165.05,16
2023122301,2615,0,3.3955853692699325,-1.817417762646539,4.88,82.48,16
2023122301,2640,1,1.521906698848518,2.974710787453536,8.84,78.07,16
2023122301,2803,0,3.6037341744362914,3.1226535387240246,2.38,311.62,16
2023122301,2832,1,1.2419742348374163,-1.426576933455165,1.64,232.83,16
2023122301,2899,1,2.3300214591286523,-5.000265586127365,5.98,98.05,16
2023122301,2924,1,1.081896483033382,-0.8458351388717033,4.96,42.87,16
2023122301,2947,1,2.6966646065093047,1.1614208446868581,6.79,63.31,16
2023122301,3021,0,4.7000425529988465,-0.24402168050662865,3.71,79.51,16
2023122301,3289,1,2.972036338943384,-2.051523541652177,2.64,93.89,16
2023122301,3312,1,2.8935963782117224,-1.3815468084055478,6.75,93.73,16
2023122301,3394,0,7.339080323855298,0.45091346843106334,5.82,29.09,16
2023122301,3419,0,9.123266958716055,0.9671981142423492,3.73,19.92,16
2023122301,3547,0,5.514870805377042,-2.090255670264119,6.88,176.05,16
2023122301,3668,0,3.276736181019162,-1.4038377231891395,6.21,325.93,16
2023122301,3715,0,6.423931817819989,-1.0549209906497201,4.15,273.85,16
2023122301,3762,0,3.3802366781040605,-3.1932203461909205,8.47,252.3,16
2023122301,3785,1,2.2402008838494765,-3.2777616875688937,7.3,315.73,16
2023122301,3864,0,8.953234052564468,-4.372433045822535,7.84,318.45,16
2023122301,4088,1,2.1365392577717826,-3.936620378348537,8.35,86.31,16
2023122301,4111,1,1.5686937240902077,3.1725896811644203,5.87,25.4,16
2023122402,55,0,4.773468340735069,2.974653497001446,7.37,351.14,16
2023122402,78,0,4.077180398265446,2.0432820439344783,7.1,189.43,16
2023122402,150,0,5.026658930144357,-0.40853168666182094,2.85,327.34,16
2023122402,175,1,2.895047495292604,4.203242669463106,6.84,324.67,16
2023122402,428,0,6.404787272033316,3.532694467025514,4.74,99.98,16
2023122402,453,1,1.1833004690272018,-3.221985475801275,4.74,69.28,16
2023122402,476,0,5.6672127187886625,-0.9292270977682208,2.04,79.28,16
2023122402,636,0,3.3504775778984186,0.5587356231638341,5.38,345.0,16
2023122402,671,0,6.132307885290818,-1.4428149224767821,7.33,197.14,16
2023122402,729,0,4.900377536476146,4.828110104364331,7.04,249.65,16
2023122402,847,0,5.299669801034777,4.026147359760898,8.0,143.72,16
2023122402,1054,1,1.6487874332369263,1.360425049841474,1.24,131.66,16
2023122402,1310,1,0.9908582138732053,0.1770961055919642,3.87,159.31,16
2023122402,1367,1,1.6930741271426952,2.221767546550061,8.71,181.66,16
2023122402,1413,1,1.3813037319865618,1.745560608166762,5.34,16.86,16
2023122402,1532,0,8.551473557229777,-0.354080560454627,4.39,196.08,16
2023122402,1557,0,14.25769967421112,1.9120404589909143,6.55,199.56,16
2023122402,1587,0,8.813444275650694,0.0954080941372355,5.78,194.84,16
2023122402,1612,0,5.612815692680457,0.30721058679935676,5.6,342.03,16
2023122402,1686,0,3.064000652741447,-0.5093781306479537,3.77,301.73,16
2023122402,1770,0,4.836496665976314,0.07243403211074885,2.82,273.93,16
2023122402,1817,0,4.61202775360253,-1.2505147072390326,4.66,195.98,16
2023122402,1842,0,4.113125332396279,-0.353388911809154,7.35,206.3,16
2023122402,2018,0,3.529999999999999,-2.017397198827116,3.21,245.42,16
2023122402,2043,1,2.608639492149114,0.6499103601785523,3.55,277.8,16
2023122402,2066,0,4.043092875510038,-1.5301846939837875,3.66,292.67,16
2023122402,2091,0,9.344099742618331,-1.0941845636470244,5.31,215.33,16
2023122402,2148,1,1.920104163841119,-1.9125638718787121,4.36,237.21,16
2023122402,2326,0,20.392863947959835,-2.136237958950577,5.84,171.11,16
2023122402,2378,0,4.797384704190398,-0.8792244847794788,6.51,166.38,16
2023122402,2568,0,7.660979049703771,3.805519794433914,3.11,275.9,16
2023122402,2593,0,3.2520301351617253,6.578255557605636,8.16,343.08,16
2023122402,2735,0,5.536180994151112,2.713514415656583,7.45,335.99,16
2023122402,2896,1,2.256213642366345,0.3479422550665965,4.49,258.96,16
2023122402,3081,1,2.319762918920812,3.125671786812612,2.18,172.06,16
2023122402,3106,0,6.132030658762227,-3.0392203394423727,3.66,70.69,16
2023122402,3222,1,2.6468282906150153,-4.072444859018761,6.59,251.85,16
2023122402,3288,1,2.8223748865095892,0.3993271228909925,6.25,150.5,16
2023122402,3318,0,3.1824833071046887,6.785789411788413,8.45,160.54,16
2023122402,3341,1,2.3853092042752033,0.09218470879634766,3.84,97.48,16
2023122402,3388,1,2.6016148831062598,0.6693629078295158,7.68,7.82,16
2023122402,3418,1,0.8558621384311922,-2.2577808971890336,4.13,73.48,16
2023122402,3487,0,4.878626855991352,5.061817961556636,0.95,275.5,16
2023122402,3510,0,13.601415367527018,-2.9759250760618654,4.57,333.55,16
2023122402,3564,0,8.507737654629462,-1.1210190414375512,6.99,323.8,16
2023122402,3635,1,1.2371337841963579,-0.795827591693377,7.84,64.08,16
2023122402,3658,1,1.573848785620783,-4.578526710993066,8.63,94.99,16
2023122402,3934,0,5.086934243726768,1.8419810947013888,8.24,103.62,16
2023122402,4155,1,2.1214381914163756,0.8106555128051254,5.17,142.32,16
2023122402,4180,0,3.2572994949804643,1.970936721714522,2.2,114.16,16
2023122402,4205,0,3.5989442896493937,3.9236998992695744,4.96,145.92,16
2023122402,4230,1,2.6209349476856545,0.6722397520582009,4.75,28.36,16
2023122403,73,0,5.449192600743704,-2.523549694939849,6.66,343.49,16
2023122403,118,1,0.860000000000003,4.6401811546081,6.65,223.05,16
2023122403,232,0,3.2781244637749856,6.312449144361042,7.47,326.68,16
2023122403,394,0,9.191409032351894,2.1390656496294578,6.17,161.57,16
2023122403,601,1,1.1536463929645064,5.127279094155723,6.16,231.06,16
2023122403,661,0,7.19900687595171,-6.232137545259759,5.83,319.42,16
2023122403,702,0,3.149936507296616,-2.8820915107115317,6.52,222.03,16
2023122403,815,0,4.817073800555683,0.010347410554197634,4.37,76.58,16
2023122403,928,0,7.205504840051108,-0.742976510110753,3.93,84.08,16
2023122403,1123,0,3.383740533788014,2.238661319860171,4.82,112.67,16
2023122403,1146,0,5.61400035625222,1.1600390690397648,5.39,108.58,16
2023122403,1215,1,1.1494781424629188,0.4356314199942617,6.15,58.5,16
2023122403,1323,1,2.734702908909844,-0.992312621633461,5.36,305.42,16
2023122403,1500,1,0.8486459803710824,2.4572027764948543,6.3,315.94,16
2023122403,1566,0,7.974239775677676,0.9074859990758057,5.56,166.85,16
2023122403,1591,1,1.6619265928433806,-0.5254285865490242,5.39,132.89,16
2023122403,1734,0,3.3559648389099683,-3.553431965928094,3.51,259.84,16
2023122403,1781,0,3.9510125284539437,-0.11499755165493686,6.16,347.45,16
2023122403,1828,0,6.136195889963098,-2.9805164368521835,6.83,353.34,16
2023122403,1860,0,5.806616915209748,-0.4677839530795054,5.37,263.46,16
2023122403,1890,0,5.037003077227567,3.663570013711251,7.9,340.85,16
2023122403,1977,1,2.7900716836669246,1.353920195640008,4.1,324.8,16
2023122403,2041,1,0.7632168761236854,2.5214137785786623,7.12,92.71,16
2023122403,2064,1,2.979748311518947,-1.7295640555488494,5.47,59.48,16
2023122403,2087,1,0.8514693182963214,-3.5634849581212893,5.02,134.99,16
2023122403,2171,0,8.94114645892796,3.4913547670772864,5.42,177.22,16
2023122403,2194,0,7.972709702478826,-0.5057378112260115,4.92,268.52,16
2023122403,2339,0,12.814901482258843,-5.332609047396929,5.34,11.29,16
2023122403,2414,0,6.011397508067487,-3.573301929332833,3.05,296.94,16
2023122403,2535,1,0.5474486277268389,5.40788617387689,5.75,243.43,16
2023122403,2569,1,2.2650386310171413,6.146814852900536,7.36,348.59,16
2023122403,2830,0,6.686179776224988,0.7400866939283055,4.2,73.65,16
2023122403,3055,1,1.2021647141718983,2.7072858496886174,5.67,202.12,16
2023122403,3154,1,2.063031749634506,-0.4854528717868718,1.14,11.75,16
2023122403,3279,1,1.1806777714516423,5.285273326008387,8.23,192.41,16
2023122403,3331,1,2.66810794384335,-2.1564007284950906,5.47,280.43,16
2023122403,3403,1,2.2871160880025276,6.371408709142211,5.04,137.07,16
2023122403,3428,1,2.2230834442278593,1.5225250879894774,4.39,16.58,16
2023122403,3534,0,13.946619662126015,-3.064758635434009,6.41,29.45,16
2023122403,3559,0,4.615463140357641,-0.7158445833168106,6.09,117.36,16
2023122403,3607,2,1.393125981381437,-1.7837950572460315,6.29,77.45,16
2023122403,3783,0,11.614409154149845,1.2968604661378087,5.72,183.1,16
2023122403,3873,0,12.999792306033198,-2.5204732626301283,4.32,19.38,16
2023122403,3898,0,4.304149160984087,1.688242526497018,6.84,62.0,16
2023122403,3941,0,3.4414095949189263,2.109107139039401,6.08,135.21,16
2023122403,4065,1,1.1172287142747401,-0.6625930888309863,8.51,235.33,16
2023122403,4186,0,3.0338424481175688,1.657088609483649,3.6,308.25,16
2023122403,4341,1,1.2342204017111378,4.488214787988716,7.42,110.15,16
2023122403,4371,1,2.905580836941211,0.026815028380547834,7.66,91.14,16
2023122404,68,2,1.9557607215607933,5.306143271403407,8.99,283.73,16
2023122404,124,2,1.0846197490364982,0.1070179587029963,6.05,259.77,16
2023122404,224,0,7.434870543593883,2.2649623559703205,4.3,41.75,16
2023122404,433,0,3.7703713344974377,-3.8794301088821133,2.13,273.34,16
2023122404,492,1,1.0770329614269003,2.1127517177552777,4.72,328.1,16
2023122404,561,0,5.669303308167587,2.5473288490163566,5.33,333.74,16
2023122404,691,0,16.59597842852298,0.732436039627743,4.86,22.27,16
2023122404,716,0,4.381244115545263,3.8482776402253305,5.18,52.06,16
2023122404,778,1,1.3138112497615448,-3.8973256267732888,4.55,270.84,16
2023122404,868,0,10.499661899318468,1.4091403153296453,5.34,337.13,16
2023122404,1101,0,5.320939766620186,0.33428616567782937,6.5,354.76,16
2023122404,1230,1,1.3423859355639867,4.100119551069328,6.63,70.58,16
2023122404,1347,1,1.4190489773083923,2.104233212175114,6.52,61.16,16
2023122404,1503,1,1.3023056476879828,-1.2054030292773275,5.93,298.68,16
2023122404,1642,0,5.961249868945273,-3.479630931892665,4.71,298.63,16
2023122404,1783,0,9.15379702637108,0.9660113470871339,8.09,3.73,16
2023122404,1808,0,3.0688760157425787,0.8622541417045801,5.24,48.48,16
2023122404,1855,1,0.9291393867445377,4.257226744092778,6.79,100.75,16
2023122404,2042,0,4.031897816165484,-4.7046650160968735,9.29,79.8,16
2023122404,2069,0,8.718491842056164,0.7815506460710802,5.29,312.75,16
2023122404,2116,1,0.7963039620647443,-2.152694230710707,5.37,324.96,16
2023122404,2144,0,4.004996878900157,-2.4056795811421754,4.84,306.87,16
2023122404,2176,0,11.547073222249875,-0.2206116239796987,6.32,333.89,16
2023122404,2235,0,4.756153908359149,1.3311764698207138,8.65,116.66,16
2023122404,2260,0,3.3691690370178824,-3.8006403967506475,7.94,112.83,16
2023122404,2313,0,8.954697091471049,-1.376606703078606,8.07,107.08,16
2023122404,2433,0,3.5911279565061482,-3.3956476579824213,7.08,330.22,16
2023122404,2463,0,3.2575143898377465,-1.1059899124336223,7.27,211.64,16
2023122404,2513,0,4.434974633523851,-0.4405700056832328,2.2,43.47,16
2023122404,2545,0,5.40178674144028,-0.7520445851636386,2.67,137.16,16
2023122404,2570,1,1.6300306745579984,-1.4026649868334409,3.92,153.94,16
2023122404,2644,0,8.209360511026425,-0.9945670691088604,5.35,356.3,16
2023122404,2691,0,8.220973178401687,0.4025279758965633,6.46,20.58,16
2023122404,2738,0,3.7586832800862595,-1.933663294440414,8.2,29.43,16
2023122404,2830,0,5.092278468426491,4.773209393497507,2.66,49.6,16
2023122404,2884,1,1.9160375779195977,-1.8128776582062094,5.0,73.98,16
2023122404,2953,1,2.2325769863545606,-1.5443116407383632,5.73,80.59,16
2023122404,3050,0,3.6477116114079062,-2.2947886173123506,7.6,268.78,16
2023122404,3100,1,1.3132021931142184,1.3712980564257289,6.48,55.53,16
2023122404,3137,0,4.351942095203017,2.3121063763843326,7.29,95.85,16
2023122404,3224,1,2.5490782647851358,-4.5284564459793915,3.27,299.86,16
2023122404,3271,0,3.958004547748774,-4.275508462905348,1.63,268.46,16
2023122404,3319,1,1.592890454488318,2.2799515921822073,7.0,325.89,16
2023122404,3460,1,2.7436107595648496,0.4828251318024215,2.45,96.42,16
2023122404,3489,0,3.3900147492304518,1.575366562580682,6.56,158.27,16
2023122404,3536,1,0.756637297521078,2.1339309673426587,7.94,180.71,16
2023122404,3702,1,2.2880559433720173,3.577285603246681,7.05,125.37,16
2023122404,3732,0,7.1385222560415125,3.9397748789067446,4.89,97.55,16
2023122404,3755,0,6.7613755996838405,1.8906102628687336,1.42,93.65,16
2023122404,3780,0,3.952429632517191,2.5263520691809696,6.94,100.95,16
2023122404,3805,1,2.660920893224745,2.8619577008677544,7.42,67.89,16
2023122404,3830,1,2.7394159961568496,1.2712761278349625,5.18,123.36,16
2023122404,3862,0,7.273300488773981,1.3194535101954474,4.29,57.02,16
2023122404,3888,1,1.9795201438732501,-2.045101244311518,6.37,139.71,16
2023122404,3911,1,2.1213674834879566,-0.5813049109062849,3.75,91.13,16
2023122404,3934,1,2.8647163908491824,-1.1385491110730477,7.05,130.15,16
2023122404,4043,0,5.937617367261046,1.6459994757052243,5.65,119.08,16
2023122404,4066,1,2.922190958852619,2.869528118947473,6.22,103.52,16
2023122404,4094,0,13.934740758263148,-0.1590198055806773,3.24,97.55,16
2023122404,4124,0,9.56036087184998,-3.69978615117034,5.4,92.69,16
2023122404,4149,1,1.5373353570382735,3.4084981948397206,6.87,74.38,16
2023122404,4222,1,2.905529211692769,0.2804265264035792,7.69,157.29,16
2023122404,4342,1,1.7756407294269831,-1.5618435463810405,2.82,301.32,16
2023122404,4394,1,2.8060826787534277,-3.0391314450626146,7.11,283.58,16
2023122404,4536,0,14.983674449213051,-3.853392507127996,2.16,147.75,16
2023122404,4559,0,4.9438648848851,1.1529474044769834,3.11,33.46,16
2023122404,4582,0,9.312883549148461,0.47839814474581877,3.39,163.81,16
2023122404,4614,0,5.572162955262525,1.0035081981368794,5.17,51.92,16
2023122404,4662,0,13.356066037572585,2.1190442863364183,3.79,138.96,16
2023122404,4687,0,3.388244383157747,-1.9667891707549954,8.85,53.91,16
2023122404,4720,1,2.97659201100856,-1.3077648911190827,3.33,58.07,16
2023122404,4743,0,9.603259863192294,-4.363940394051115,1.12,42.5,16
2023122405,55,0,4.041905491225643,2.6075785345462643,6.4,241.4,16
2023122405,124,0,14.493105257328398,-1.9590838718083305,7.2,191.1,16
2023122405,176,0,8.699712638932393,-3.590525513570442,3.35,168.49,16
2023122405,259,0,4.1440197875975455,-3.118401485509414,6.63,305.87,16
2023122405,329,0,7.030476513011048,-3.7971928455219865,6.33,214.93,16
2023122405,475,0,9.771571009822322,-4.308338936167419,4.99,169.31,16
2023122405,505,0,7.240994406847721,4.693189194878445,8.17,3.0,16
2023122405,535,0,5.9751569017055965,0.440992533886277,2.47,120.57,16
2023122405,582,0,3.026301372963377,1.0454898482029478,7.11,33.52,16
2023122405,686,0,9.004559955933438,2.253951258698789,6.15,167.16,16
2023122405,770,1,0.899611027055583,-2.5385652347963354,2.67,218.38,16
2023122405,795,0,3.571358285022672,2.136762860007363,5.29,202.14,16
2023122405,924,0,10.691772537797467,-3.081441969189371,4.5,91.37,16
2023122405,949,1,1.3505924625881727,4.751929490834802,8.58,137.26,16
2023122405,976,0,14.80006081068588,-0.6705761184407645,7.55,355.37,16
2023122405,1048,0,7.091861532771209,-2.790968914893414,1.03,70.18,16
2023122405,1122,0,5.113531069623028,-1.4178021043912339,1.89,247.23,16
2023122405,1216,0,5.164261805911858,2.8908787734366284,3.22,107.35,16
2023122405,1270,0,7.978953565474613,-0.36254550137289293,2.88,84.05,16
2023122405,1339,0,12.619338334476966,-1.3382473985533667,7.17,156.32,16
2023122405,1421,0,7.725399666036702,-2.5505193211780472,4.32,93.74,16
2023122405,1540,1,2.09121973976912,-3.667687728288,4.58,131.65,16
2023122405,1835,0,3.011444835955001,2.3501758958973378,6.31,325.21,16
2023122405,1865,0,5.492585911936204,3.9023905856821064,9.32,253.41,16
2023122405,2045,0,5.842781871677222,-5.305324882927707,4.01,274.97,16
2023122405,2070,0,3.2015621187164163,1.5072792738121779,6.36,272.87,16
2023122405,2095,1,0.9677293009927919,2.980908149079908,6.83,293.75,16
2023122405,2138,1,1.4217243052012631,4.458765642206626,7.54,259.98,16
2023122405,2211,0,3.19056421342684,-2.2587996204244694,7.36,305.98,16
2023122405,2268,0,8.830594543970408,2.794688174263067,5.06,9.53,16
2023122405,2293,0,5.450990735636962,0.879383487458018,6.9,12.53,16
2023122405,2323,0,11.4640394277061,1.9736311406691631,5.07,140.65,16
2023122405,2413,1,2.314584195919429,1.8465662880829892,5.22,77.6,16
2023122405,2460,1,1.9888187448835062,-2.107239629878939,9.15,82.92,16
2023122405,2485,1,2.7101660465735384,2.9137206368601616,6.55,127.67,16
2023122405,2549,1,1.1216059914247951,-5.077671161968628,7.21,288.48,16
2023122405,2604,0,4.904497935568939,-1.4466838894087801,5.81,226.53,16
2023122405,2634,0,19.156878660157552,-2.7368274313196777,6.19,221.18,16
2023122405,2710,1,2.3293775992741033,3.2800509186988713,7.85,189.04,16
2023122405,2757,0,6.75562728397593,-0.26335216634716613,3.41,278.75,16
2023122405,2875,0,3.6541072781186923,3.6533317686879236,6.25,328.66,16
2023122405,2966,1,0.9304837451562491,3.8617922819824235,8.03,27.98,16
2023122405,2989,0,5.196585417367836,0.7682412326311557,6.72,8.21,16
2023122405,3034,0,6.289777420545175,-2.412780303197315,7.84,335.44,16
2023122405,3093,0,4.646396453166686,1.9226083854717597,6.98,283.53,16
2023122405,3158,1,1.5892765649816871,2.378407171856236,5.67,351.71,16
2023122405,3225,0,11.194967619426144,-0.022543517444788774,5.69,12.73,16
2023122405,3302,1,1.4176741515595137,2.8952314650283806,6.12,157.8,16
2023122405,3327,0,13.491938333686521,3.2451709749668796,7.11,171.85,16
2023122405,3352,1,1.3188252348207437,-0.29018713408394037,5.7,165.22,16
2023122405,3375,0,15.083186002963696,1.5532044638099092,6.14,40.76,16
2023122405,3493,0,8.07758627313878,-0.5316403127983437,7.44,183.35,16
2023122405,3529,1,2.0894257584322036,3.093051719248601,7.19,231.85,16
2023122405,3561,0,22.69206909913682,2.080558145219887,5.6,20.87,16
2023122405,3615,1,2.822941728056034,2.3095911488839933,7.87,167.2,16
2023122405,3696,0,4.275511665286389,2.488610210090613,5.12,240.11,16
2023122405,3743,0,3.6845623892125867,0.4862729104854553,7.58,249.65,16
2023122405,3779,1,2.3702320561497823,5.050149766211701,7.6,300.39,16
2023122405,3809,1,0.96005208192056,6.488622574558406,7.1,329.55,16
2023122405,4249,1,1.2030793822520598,8.507698901489828,9.08,218.61,16
2023122405,4272,0,3.976455708290999,2.6697488137640635,7.59,258.0,16
2023122405,4357,0,3.162672920173696,-1.3230164215839126,7.64,252.75,16
2023122405,4405,1,1.900026315607232,1.7799311533441906,6.3,321.06,16
2023122405,4435,0,6.531722590557563,-3.3169693641164057,7.39,325.37,16
2023122406,79,0,3.8690825785966347,-0.3581879747861969,6.67,20.17,16
2023122406,106,0,10.530075973135236,-5.726080573136201,5.7,358.91,16
2023122406,161,1,1.8725650856512306,3.1176025869915125,4.63,175.87,16
2023122406,186,1,0.8041144197189839,-2.3055618385554424,4.99,315.78,16
2023122406,252,1,1.455815922429758,4.71799871750385,6.57,48.66,16
2023122406,422,0,6.174301579935985,1.3323961408708456,5.21,336.85,16
2023122406,608,0,4.593092640041124,-1.5065437822681034,5.88,313.12,16
2023122406,790,0,9.944666912471229,0.5001769813067395,6.74,19.27,16
2023122406,813,1,0.6212889826803564,2.7291268748544937,7.51,105.23,16
2023122406,923,0,3.2867308986286066,-4.1034177355841175,3.81,268.43,16
2023122406,948,1,0.9404786015641183,4.3704887754667805,6.07,320.54,16
2023122406,1173,0,7.2180399001390985,0.7749077338136954,6.4,15.02,16
2023122406,1198,0,3.069364755124419,-1.0487490767310859,7.94,1.83,16
2023122406,1349,1,1.1113955191559863,4.169241344939505,6.55,170.81,16
2023122406,1372,1,1.0041912168506542,2.243630424677847,5.0,162.78,16
2023122406,1395,0,6.849007227328646,2.259618191782087,2.89,80.23,16
2023122406,1653,1,2.679253627411932,-4.555666280999926,8.54,177.59,16
2023122406,1732,0,3.05772791464513,2.3876975413738304,2.01,64.72,16
2023122406,1755,1,1.7618172436436195,-2.209426709025996,5.47,84.46,16
2023122406,1865,0,6.503422176054703,3.645974297746497,5.01,326.35,16
2023122406,2080,1,2.2284748147555953,-1.9083240846314946,5.6,183.09,16
2023122406,2153,0,3.253013987058771,0.42678333027522514,1.7,43.81,16
2023122406,2178,0,4.118701251608318,-2.3317488535024804,3.91,63.91,16
2023122406,2371,1,1.4052757736472956,0.9276561553849467,4.39,322.29,16
2023122406,2394,1,1.4340153416194759,4.815095849102434,7.74,348.94,16
2023122406,2417,0,10.787052424086944,-0.6622330518783216,5.36,189.41,16
2023122406,2505,0,4.061773011875482,1.0797555346589884,8.1,0.47,16
2023122406,2772,0,5.32827364162165,1.9054880282567885,6.11,22.65,16
2023122406,2866,0,4.244148913504334,2.5546262638547335,2.81,292.54,16
2023122406,2945,0,4.3632671245295045,1.1360751284569046,4.38,2.62,16
2023122406,2997,1,2.246174525721456,0.15561328244926753,6.67,162.01,16
2023122406,3124,1,0.543783044972905,2.513883217613773,5.67,324.39,16
2023122406,3147,1,1.3473306943731296,2.507920315952572,4.9,219.22,16
2023122406,3228,0,3.7190321321548185,3.73416150966729,1.56,87.24,16
2023122406,3352,0,3.8907068766485073,-1.2800489941896165,2.67,353.2,16
2023122406,3377,1,1.7596590578859304,-1.1443184921588552,6.37,213.08,16
2023122406,3422,1,0.6628725367670621,-3.134180302779397,4.77,272.51,16
2023122406,3609,0,5.023325591677289,1.177303649164918,1.26,139.95,16
2023122406,3634,0,13.780308414545734,1.5254529646733004,6.15,157.4,16
2023122406,3735,0,4.570918944807486,3.488016908596483,2.12,54.45,16
2023122406,3832,2,0.9590099061010801,5.461904508721253,6.79,0.03,16
2023122406,3855,1,2.3911712611186995,-0.19661425013622735,4.3,89.65,16
2023122406,3880,0,5.2178252174636865,-2.339661075710004,3.73,100.71,16
2023122406,3939,0,4.270550315825817,6.3782336570063976,6.84,4.87,16
2023122406,4092,1,2.8500175438056456,-0.2764121112515562,3.27,282.42,16
2023122406,4115,1,1.1080162453682734,6.293691842279248,6.96,298.44,16
2023122406,4269,0,3.3300150149811616,8.582019532925115,8.31,181.93,16
2023122406,4342,0,3.568669219751259,3.3312033493107527,7.03,169.24,16
2023122406,4432,1,0.9972462083156773,1.591040217446399,5.48,195.45,16
2023122406,4457,1,1.9809088823063055,-2.3346818073269255,6.16,220.11,16
2023122406,4480,0,6.386055120338375,2.273009318988244,4.57,216.44,16
2023122406,4527,1,2.4700202428320286,4.1081899657661465,4.7,353.12,16
2023122406,4609,1,2.8373403038761533,-2.97535509844165,7.24,246.5,16
2023122406,4632,0,5.3903339414177305,-0.33551034155955417,4.84,201.04,16
2023122406,4799,0,9.173919554912176,0.6888401978855057,3.93,299.17,16
2023122406,4824,0,5.866856057549058,-1.221671017751643,4.59,207.69,16
2023122406,4881,0,6.192786125807994,-0.3525421372700027,5.3,327.92,16
2023122406,4906,1,2.0928927349484456,2.0693076320343997,5.73,199.99,16
2023122406,4951,1,2.4429695045169892,-1.2871101201796848,5.45,202.73,16
2023122406,5017,0,4.126851099809637,-0.8487262311155817,1.94,14.72,16
2023122407,206,0,5.893767894988739,-3.162004454489002,4.26,79.7,16
2023122407,294,1,2.8293108701590204,3.335352558625557,5.81,28.27,16
2023122407,406,1,2.16946998135489,-0.9068846234058932,3.69,83.02,16
2023122407,614,1,2.289825320848732,0.38649910786473274,5.36,314.93,16
2023122407,661,0,5.42943827665441,5.224538252141279,7.66,353.47,16
2023122407,693,0,4.276189892883618,-2.4015697419162345,5.8,251.83,16
2023122407,1026,1,1.6659531806146204,1.003445898586111,6.8,142.98,16
2023122407,1051,0,6.2967928344515185,1.6766266803728818,7.24,133.18,16
2023122407,1171,0,6.299841267841596,3.9717982812575072,5.79,264.69,16
2023122407,1225,0,5.058319879169371,4.135004239001139,7.67,345.51,16
2023122407,1325,0,4.004047951760818,2.472531592485593,6.31,38.62,16
2023122407,1478,1,1.1704699910719725,-0.5453429289572692,4.72,154.22,16
2023122407,1722,0,4.490545623863538,-3.3314048968700765,5.76,272.68,16
2023122407,1790,0,3.7438616427426914,3.012353894644158,6.78,336.8,16
2023122407,1813,0,6.332850858815487,0.779267945907972,5.08,199.9,16
2023122407,1838,0,3.790118731649445,-2.039957809689718,5.67,238.49,16
2023122407,1861,0,16.954719107080482,0.00400729587982801,6.31,0.38,16
2023122407,1884,0,8.000781211856754,3.7637390750978534,5.49,188.98,16
2023122407,1958,0,5.246150969996957,-1.111052794354089,5.11,130.16,16
2023122407,2032,0,6.776201000560716,1.9602964758402637,6.74,23.82,16
2023122407,2239,1,1.5500322577288497,-2.026355876053602,4.77,335.12,16
2023122407,2286,1,2.376930794112443,-3.43915194790502,6.33,308.99,16
2023122407,2338,1,0.7621679604916487,6.854414989407379,7.51,212.88,16
2023122407,2361,1,0.7858753081755396,-2.063009695403175,2.56,276.38,16
2023122407,2570,0,3.1508728949292757,2.2732692945832578,6.25,147.14,16
2023122407,2644,1,1.7242969581832397,7.2961140640827,9.11,168.31,16
2023122407,2698,0,5.6859475903318035,-0.15824511799716623,3.62,224.85,16
2023122407,2867,0,3.3930811956096765,-4.685675319962858,4.64,265.83,16
2023122407,2959,1,1.5243359209832976,0.7128804204740622,4.87,40.4,16
2023122407,3006,1,1.5115885683611208,0.5306941437614474,5.57,63.68,16
2023122407,3170,0,7.530803409995511,-1.5218968597673275,5.57,344.18,16
2023122407,3222,1,1.5695222202950823,7.168298818115114,7.87,326.39,16
2023122407,3468,0,7.425072390219498,3.8370086493880695,3.08,289.11,16
2023122407,3684,0,5.501099890021995,-2.192894620697067,5.24,122.39,16
2023122407,3707,1,1.5539626765144656,1.0787530018970357,4.61,31.58,16
2023122407,3779,1,1.1646887996370523,6.814731671795874,7.29,46.22,16
2023122407,3845,0,7.920227269466439,-0.28895415200899943,2.83,333.86,16
2023122407,3927,0,5.096596903817287,0.9893965339120714,7.39,2.56,16
2023122407,3952,0,5.956282397603389,-3.85898133738924,4.93,97.93,16
2023122407,3982,0,4.770744176750616,-2.862549981359524,6.89,35.74,16
2023122407,4090,1,0.6774215821775987,-2.4711024947874,4.78,49.93,16
2023122407,4178,0,5.452063829413587,-0.42695427672815467,4.71,301.91,16
2023122407,4233,0,6.70255175287741,-0.009207484228949778,7.05,178.83,16
2023122407,4283,0,10.575689102843363,3.683498725011466,4.68,197.71,16
2023122408,100,0,4.863620050949701,0.10210396499332151,1.15,212.88,16
2023122408,258,1,1.6875129629131724,5.209885685774227,6.7,296.25,16
2023122408,327,0,13.71409858503285,0.43143343335440254,5.27,0.34,16
2023122408,474,0,4.408378386663288,-1.558301708990184,6.76,51.17,16
2023122408,509,0,9.037698822156003,-4.864729863754225,5.01,155.11,16
2023122408,565,1,0.9502105029939449,2.834257475336572,7.24,65.04,16
2023122408,588,0,4.784401738984717,-3.180552059681119,7.39,91.27,16
2023122408,644,1,0.7224956747275374,2.4068183689847533,4.55,3.33,16
2023122408,669,0,3.4033072150483292,-0.6300465778802078,6.23,325.82,16
2023122408,837,0,6.038915465545122,-0.5526167552987826,4.66,17.93,16
2023122408,882,1,2.4977790134437385,0.916938669080464,3.83,8.59,16
2023122408,946,1,2.0724140512938054,0.7013938342188685,6.12,294.17,16
2023122408,1019,0,3.0131047110912013,0.0892481373364471,7.93,328.2,16
2023122408,1100,0,3.8326231226145886,-5.391375497444834,5.17,257.22,16
2023122408,1174,0,12.554302051488163,-1.613227249251489,5.63,181.31,16
2023122408,1220,0,3.6401785670485984,1.7778927607350345,4.86,173.47,16
2023122408,1252,0,7.357288902850013,-2.891935094816608,0.85,278.91,16
2023122408,1327,1,2.3220680437919996,1.6150616978279206,6.81,44.6,16
2023122408,1428,0,7.186459489901825,-1.8154288845010464,6.41,161.73,16
2023122408,1503,1,1.040432602334243,-0.5046189605932139,3.85,262.41,16
2023122408,1526,0,3.0799512983162556,-0.4330192890967987,3.5,305.66,16
2023122408,1551,1,2.1931712199461333,1.9241133535695085,3.76,222.15,16
2023122408,1583,1,0.8319254774317226,4.702510729519075,5.95,256.21,16
2023122408,1610,0,10.634853078439772,0.12967614891091894,5.96,179.72,16
2023122408,1640,0,4.674237905798118,-0.40912163954023173,5.77,142.92,16
2023122408,1670,0,5.467010151810592,-7.029556495442733,4.98,38.99,16
2023122408,1724,1,0.8228000972289746,0.7990999707270628,4.85,18.02,16
2023122408,1747,0,4.542158077390078,-3.6111920116791083,6.06,62.63,16
2023122408,1777,0,6.207358536446893,-0.9084277849053944,5.39,110.15,16
2023122408,1802,1,1.0022474744293404,0.9863315829600815,7.42,94.06,16
2023122408,1873,1,0.8811923740024058,3.409650333508569,6.59,251.88,16
2023122408,1896,0,4.338029506584756,4.654975511504313,6.93,330.72,16
2023122408,2073,0,5.881292374980186,-2.14624551297916,5.89,99.28,16
2023122408,2150,0,7.113543420827627,2.2735917213202437,6.61,343.7,16
2023122408,2173,0,3.7107950630558886,1.3180888587560222,2.73,327.66,16
2023122408,2198,1,1.2165936051122366,3.6226729348195468,6.7,318.41,16
2023122408,2289,0,4.416876724564544,3.1525359914282505,8.22,13.72,16
2023122408,2314,1,0.9946356116689136,4.198556446095667,5.09,111.85,16
2023122408,2337,0,7.065479460022514,-0.772569359724833,4.28,103.5,16
2023122408,2415,1,1.1800423721205986,0.40573464180849994,7.54,53.13,16
2023122408,2462,0,3.4832312584725016,-2.301541991107846,6.23,74.19,16
2023122408,2536,0,4.056007889538682,-2.0931427466135046,4.31,304.17,16
2023122408,2605,0,7.696401756665254,-0.20316220894981818,6.55,353.12,16
2023122408,2774,0,3.8741837850055636,-2.1075104120890686,4.29,85.63,16
2023122408,2832,0,4.708800271831464,-1.166744797877684,4.56,139.19,16
2023122408,2882,0,5.116737241641393,-2.195343655938503,1.1,131.6,16
2023122408,2907,1,0.9689685237405714,1.8886706140594829,3.83,160.81,16
2023122408,2957,0,6.713575798335787,-3.2567843218970767,6.79,13.71,16
2023122408,2982,0,5.467622883849982,3.629040801064243,8.56,150.7,16
2023122408,3139,1,2.325725693197712,-4.7165369383743405,4.83,40.47,16
2023122408,3190,0,5.400675883627892,-0.19238627766587535,2.17,281.55,16
2023122408,3215,0,11.006965976144377,-5.853108633007109,4.48,304.72,16
2023122408,3352,0,4.973047355495429,1.9545888425162758,5.93,39.59,16
2023122408,3377,1,0.6888396039717803,5.351395595091629,5.71,55.53,16
2023122408,3400,0,5.427227653231437,-0.500829341905103,3.41,255.22,16
2023122408,3466,0,5.687046685231273,-5.288199206872056,6.85,9.11,16
2023122408,3491,1,0.6942621983083911,-0.7148312681850572,3.66,171.61,16
2023122408,3516,0,4.753830034824554,-0.44483783044503433,6.26,248.02,16
2023122408,3541,0,6.358372433256798,0.8357071303425098,6.86,337.32,16
2023122408,3571,1,2.3591523901604994,-3.850464244880847,4.64,296.52,16
2023122408,3596,1,1.8919038030513076,-3.175993638285594,2.84,294.45,16
2023122408,3669,0,5.637038229425092,-3.6244698509583912,7.86,288.38,16
2023122408,3864,1,2.2905457864884506,5.935793707493731,6.57,192.34,16
2023122408,3894,0,4.957459026557859,-4.446149147105223,1.88,14.25,16
2023122408,3919,1,2.5296047122030747,2.8875222387616852,5.01,343.1,16
2023122408,4039,1,1.5474172029546511,-0.00010300275558594585,4.33,337.36,16
2023122408,4169,1,2.069806754264753,-4.881212779818135,5.79,124.78,16
2023122408,4245,1,1.0104454463255281,1.1753781046693264,6.65,138.12,16
2023122409,84,0,3.4034394368050633,-5.777315429347239,2.77,46.94,16
2023122409,148,1,2.433125561905922,2.291847702277704,6.53,163.95,16
2023122409,286,0,7.74623134175581,-0.3775395264012449,5.47,222.72,16
2023122409,360,1,1.115033631779773,0.7825094029884232,8.14,65.4,16
2023122409,589,0,3.434646997873286,6.969784826798076,8.38,331.75,16
2023122409,639,0,3.23066556610244,4.889521747827479,7.01,204.39,16
2023122409,671,0,3.1144823004794886,-0.33955685725887635,4.0,255.93,16
2023122409,716,1,1.5089400253157863,-0.9623033522497582,7.27,231.5,16
2023122409,810,0,4.3550086107836785,3.3259544338005873,6.99,24.61,16
2023122409,880,0,3.010813843464916,1.099796404130095,6.55,35.64,16
2023122409,1148,0,6.983638020401686,0.09588805031981629,3.56,37.57,16
2023122409,1171,0,22.976827457244834,0.0901689443386868,4.33,30.22,16
2023122409,1223,0,4.011508444463253,1.0285420410705834,5.91,339.11,16
2023122409,1319,0,5.614712815451919,-2.5313407709055893,7.9,236.35,16
2023122409,1393,0,15.147293487616857,6.2317774455642105,1.65,309.63,16
2023122409,1457,0,7.26911961656981,-2.1613465483401453,7.61,1.65,16
2023122409,1504,0,5.698912176898324,-1.3942369476718675,3.47,120.23,16
2023122409,1554,0,6.845100437539255,-3.485256448554271,3.39,67.81,16
2023122409,1654,0,9.11425257495095,-4.344342531803775,7.33,20.25,16
2023122409,1718,1,1.789860329746433,-0.03304589149856474,6.76,209.65,16
2023122409,1741,1,1.6560495161679258,6.56433740477432,7.08,232.34,16
2023122409,1769,0,15.144140781173428,1.0554050935382853,6.29,202.37,16
2023122409,1862,0,3.91081832868774,-3.3498293683338702,2.36,97.91,16
2023122409,1887,0,10.200181370936498,0.5711981541590427,6.1,146.24,16
2023122409,2066,0,5.754754556017134,1.2594893140296346,3.89,224.21,16
2023122409,2091,0,9.021734866421204,-0.4392329230984191,4.14,181.18,16
2023122409,2168,1,2.916504757410829,5.003151351537147,6.96,49.07,16
2023122409,2405,0,14.06600511872507,-0.9860102250659467,5.54,188.35,16
2023122409,2615,0,8.476042708717323,0.5681919258365018,7.13,157.48,16
2023122409,2650,1,2.5989613309935944,4.049553617479798,7.39,132.84,16
2023122409,2757,0,10.688629472481493,1.2164898671270428,2.1,303.9,16
2023122409,2832,0,14.695972237317271,-0.3010070421452189,3.95,105.59,16
2023122409,2923,0,7.595393340703298,3.424241724993075,1.86,99.12,16
2023122409,2993,0,5.844527354713977,1.147380846441773,4.21,12.74,16
2023122409,3081,1,0.9656603957914016,2.1160035231066043,7.03,310.85,16
2023122409,3104,0,11.935547746123751,2.9094860980405697,4.98,298.07,16
2023122409,3370,1,2.4298971171636037,5.93933142351178,8.22,223.78,16
2023122409,3430,0,11.67246760543802,-2.007758040119591,3.33,93.88,16
2023122409,3487,0,13.472137914971025,4.16183316992829,4.42,13.38,16
2023122409,3583,0,8.802232671316974,-2.251980079249834,6.0,43.48,16
2023122409,3631,0,5.973156619409871,5.526187153083052,7.76,174.89,16
2023122409,3713,0,5.04080350737856,1.1846546654783194,2.87,290.35,16
2023122409,3782,0,10.86037292177391,3.3134328620184035,4.56,57.25,16
2023122409,3807,0,3.6769552621700545,-1.7778939101010423,5.93,56.85,16
2023122409,3852,0,8.611457484073181,4.466395948763473,3.15,118.65,16
2023122409,3877,0,7.046367858691454,4.250444758185775,1.4,104.91,16
2023122409,3900,1,1.2643575443678894,1.8861323811622754,5.98,128.82,16
2023122409,3923,1,0.7334848328356902,0.8109591425686822,6.92,119.18,16
2023122409,3997,0,3.878272811445838,-0.2902515701535804,2.86,290.39,16
2023122409,4181,0,9.9200050403213,0.17235166426391152,4.23,138.72,16
2023122409,4229,0,12.148390839942543,-1.033130037745483,5.27,155.99,16
2023122409,4254,0,25.352918964095636,0.33394273241660044,4.71,65.12,16
2023122410,55,0,5.051277066247704,2.922432702582707,6.52,163.62,16
2023122410,112,0,10.77066386069123,-0.35596497740053584,5.18,164.2,16
2023122410,203,1,1.352811886405501,-1.8554158046307054,4.48,56.09,16
2023122410,295,0,9.046104133824683,-3.671569751687835,6.5,167.43,16
2023122410,349,0,4.349252809391515,1.8872072049854762,7.06,175.22,16
2023122410,504,0,5.9435511270620065,-4.799177286018294,8.97,250.63,16
2023122410,551,1,2.258428657274783,-4.594130034132725,9.5,288.89,16
2023122410,625,0,3.44061041095908,-5.201048385205619,6.81,204.19,16
2023122410,655,0,7.107467903550461,1.4846511801655724,5.1,212.44,16
2023122410,773,1,1.9087692369692042,8.069186123206222,8.65,150.7,16
2023122410,820,0,4.094801582494574,-0.511103943043504,6.58,133.43,16
2023122410,884,0,4.674056054434937,0.5230143961800247,4.59,224.96,16
2023122410,907,0,4.208301320010244,6.484656830109305,8.19,189.55,16
2023122410,932,1,2.511772282672142,-4.691273018915766,8.05,339.71,16
2023122410,1056,0,7.007481715994702,-1.7723402766448946,6.96,172.35,16
2023122410,1191,1,0.6493843238021717,4.357092251672744,7.18,45.94,16
2023122410,1452,0,3.1331294259892943,2.7676691837272287,7.67,82.85,16
2023122410,1477,0,4.876269065586922,3.000220944180258,7.35,21.92,16
2023122410,1524,1,2.84290344542336,-1.6734803319256006,5.97,137.21,16
2023122410,1709,0,4.674237905798118,-1.4878059375427841,3.25,97.05,16
2023122410,1734,1,2.7049029557453577,-1.4281074188780591,7.96,46.69,16
2023122410,1757,0,4.806766064621826,-2.788422034908879,4.59,52.21,16
2023122410,1811,0,5.447972099781721,-4.1414510857011955,1.92,119.26,16
2023122410,1836,0,3.5420050818710016,-2.2270787089160082,5.17,73.57,16
2023122410,1861,0,6.536704062446145,-1.5880968834803992,4.33,92.38,16
2023122410,1939,0,6.697223305221353,-3.5194712814690994,7.02,29.44,16
2023122410,2141,1,1.0104454463255281,4.256512165791834,5.89,265.67,16
2023122410,2213,0,3.752892218009998,1.887458652307446,3.94,73.07,16
2023122410,2236,1,0.621288982680362,0.37259275005527326,2.72,199.4,16
2023122410,2278,0,5.464000366032197,4.333029791523885,7.08,258.29,16
2023122410,2332,0,3.028530997034697,-0.6047468586629525,2.69,303.32,16
2023122410,2428,1,1.5703502793962885,2.308686925675374,6.71,155.19,16
2023122410,2453,1,1.486606874731851,0.841719375181309,8.73,104.67,16
2023122410,2568,1,1.6867127793432992,2.309120632691779,4.6,38.89,16
2023122410,2636,0,3.2649655434628992,-6.614399263759398,6.74,264.79,16
2023122410,2661,0,3.900833244321014,-3.8698422611171845,5.79,264.37,16
2023122410,2691,2,0.915478017212865,2.6211197032551348,8.79,245.47,16
2023122410,2744,0,3.372017200430627,2.584637646739456,6.92,242.94,16
2023122410,2823,0,3.022730553655087,-3.2784093017245923,6.47,301.59,16
2023122410,2904,1,0.8499999999999993,2.4449593584123663,3.05,30.95,16
2023122410,2929,0,6.26134969475432,-6.069886956042991,3.49,156.85,16
2023122410,3092,0,3.2070235421649143,1.4137776279770449,1.77,286.79,16
2023122410,3227,1,1.1500000000000021,-0.16230757607555912,4.21,113.76,16
2023122410,3385,1,1.1412712210513347,3.6847268648538747,6.89,326.84,16
2023122410,3415,0,11.490004351609276,4.238424375134877,6.61,188.53,16
2023122410,3474,1,2.4350154003619764,5.731121193876831,6.55,328.0,16
2023122410,3497,1,1.9572429588581948,-1.8313998187044642,1.99,0.18,16
2023122410,3522,0,4.959939515760248,0.7030378920182059,3.65,221.8,16
2023122410,3569,0,3.0459973736035955,4.378925866445534,3.34,84.78,16
2023122410,3638,1,0.8209750300709509,1.8971130560024088,5.82,323.09,16
2023122410,3661,0,4.150771012715588,6.815784269291666,5.01,349.83,16
2023122410,3738,1,1.726788927460446,-1.7684553689092397,6.88,310.77,16
2023122410,3761,1,0.7441102068914272,1.114687159563742,6.57,211.08,16
2023122410,3861,1,1.3688316185711078,-1.7298362463921,5.5,56.42,16
2023122410,3893,0,5.727966480348851,-1.4789256096317103,3.65,88.11,16
2023122410,3922,1,1.9777006851391892,4.945381377830897,7.54,94.29,16
2023122410,3945,0,5.766012486979195,4.519442756211015,6.82,169.58,16
2023122411,131,1,1.2484390253432498,2.437221931839429,3.75,176.88,16
2023122411,293,0,3.818193290026055,-2.7286066079274587,7.11,103.71,16
2023122411,393,1,1.5620499351813317,3.1084004896100725,8.71,245.94,16
2023122411,548,0,8.401720061987309,1.7152996032724313,1.42,158.29,16
2023122411,622,1,2.68302068571974,3.2356934846523013,6.63,346.76,16
2023122411,738,0,3.332941643653544,1.0047504087147001,1.98,71.78,16
2023122411,810,0,4.1154951099472825,2.1574319673141793,6.88,171.18,16
2023122411,860,1,2.54448423064479,2.235367907690669,7.58,75.87,16
2023122411,999,1,1.608632960000509,5.418022377013781,8.2,355.89,16
2023122411,1116,0,10.983829022704247,-1.0964039731051196,4.54,112.08,16
2023122411,1141,0,8.033890713720222,1.239002092483682,6.14,353.92,16
2023122411,1192,0,3.6482461539758995,-3.7001526993488305,4.51,231.87,16
2023122411,1310,0,9.428987220269205,-1.2571107470555631,0.7,228.15,16
2023122411,1364,0,11.85546709328654,-2.358897579431085,6.21,354.21,16
2023122411,1576,1,1.3908630414242755,4.993711828700754,6.35,269.76,16
2023122411,1630,1,1.5462535367784933,0.003664807044491347,5.66,303.8,16
2023122411,1662,0,3.837629476643102,1.4383803190547344,6.02,185.37,16
2023122411,1691,1,0.9433981132056602,-0.2899779488058938,7.63,252.1,16
2023122411,1804,0,8.551257217509015,2.3512522588493168,3.27,92.66,16
2023122411,1829,0,18.847867253352568,0.9289801608475508,2.39,127.55,16
2023122411,1866,0,12.966703513229563,0.8760559868338944,5.17,136.19,16
2023122411,2025,0,20.78005293544749,2.844827505976813,6.45,155.28,16
2023122411,2070,1,1.8701069488133562,5.127874621429717,7.64,240.19,16
2023122411,2124,1,1.7270784579746223,-1.1829681476887521,2.12,188.7,16
2023122411,2176,0,11.697200519782502,0.1053260555046437,6.29,350.5,16
2023122411,2240,0,4.766235411726952,3.6994014430399833,6.73,180.7,16
2023122411,2287,0,5.460375444967136,0.9817229748527443,7.39,148.53,16
2023122411,2368,0,12.898251819529657,-0.20122855840991583,0.19,93.93,16
2023122411,2422,0,4.192290543366473,-3.1831823676016406,5.41,230.37,16
2023122411,2508,1,1.1065260954898448,3.1434977690055224,6.66,126.66,16
2023122411,2602,1,1.9825236442474006,2.3105590192190415,7.41,247.7,16
2023122411,2665,0,9.366771055171574,-0.5769575993849,3.7,317.4,16
2023122411,2713,1,2.1805045287731004,2.7870101698944407,7.99,340.42,16
2023122411,3067,0,6.571795797192729,3.221283771965065,2.71,237.73,16
2023122411,3099,0,6.854166616008106,-4.093591766405054,4.72,276.51,16
2023122411,3192,1,2.410186714758835,7.865640557475537,8.26,302.34,16
2023122411,3305,1,2.8619049599873145,-3.676723987188799,6.3,224.26,16
2023122411,3330,1,2.171474153656911,1.9698704611502165,7.74,351.98,16
2023122411,3422,0,3.639917581484504,1.786047649876878,2.89,92.52,16
2023122411,3447,0,6.421121397388467,1.4042829610647745,5.32,40.39,16
2023122411,3491,1,2.99841624862192,1.8752179737474435,4.21,192.47,16
2023122411,3538,0,3.1481423093627785,0.6922554739513457,8.19,1.55,16
2023122411,3568,0,9.711791801722278,1.3131192336370154,1.11,164.47,16
2023122411,3636,1,2.1205895406702364,-7.640176830304473,9.08,249.09,16
2023122411,3669,1,1.4252368224263612,-0.02963345862367195,8.16,286.9,16
2023122411,3692,0,4.67367093407313,-4.287292424591583,7.26,352.77,16
2023122411,3720,1,2.981979208512359,-1.1750833654638893,7.76,249.3,16
2023122411,3789,0,6.009009901805789,4.122194401561699,4.3,340.39,16
2023122411,3814,0,4.26823148388182,-3.3102805766675285,5.76,265.92,16
2023122411,3872,1,1.1308846094982439,5.569290365885883,6.78,159.51,16
2023122411,4057,1,2.739069184960468,-4.528845373665721,0.61,271.0,16
2023122411,4151,1,1.7010584939971964,0.9616115323344777,7.4,87.49,16
2023122411,4183,1,2.0530221625691194,3.4242783907122587,4.44,156.65,16
2023122411,4208,0,6.675822046759487,-1.1194730802973274,5.78,59.31,16
2023122500,285,1,2.519781736579573,-0.41421421390992563,6.88,34.58,16
2023122500,470,0,5.745963800790946,3.583987766310794,6.66,346.2,16
2023122500,495,0,4.533982796614922,0.9981589771503695,1.94,312.94,16
2023122500,520,0,4.327551270637945,0.45982347573247573,6.52,339.39,16
2023122500,572,0,3.7250503352303856,4.766048637068966,7.36,193.81,16
2023122500,602,1,2.3730571000294125,0.8228667388150289,2.44,211.67,16
2023122500,625,1,2.661822683801463,-1.0635904767241446,5.48,311.57,16
2023122500,722,1,2.3621176939348323,3.2980146542827664,4.47,323.64,16
2023122500,771,0,7.554985109184531,0.46468128216626087,5.11,315.44,16
2023122500,997,0,4.060701909768799,0.9212738857925686,3.12,188.19,16
2023122500,1047,1,1.875233318816626,1.4026120686830672,6.84,177.76,16
2023122500,1086,1,1.7996110690924298,0.35671942457590355,3.49,357.06,16
2023122500,1109,0,4.86483298788355,0.13603882629302166,7.43,105.19,16
2023122500,1181,1,2.553135327396498,-0.7662594122633243,5.6,305.73,16
2023122500,1211,2,1.971319355152784,5.243104452394071,7.82,331.87,16
2023122500,1290,0,4.4777226354476225,-2.1712126270834524,6.42,346.65,16
2023122500,1340,0,9.350614953039186,0.4672629915284815,0.99,27.83,16
2023122500,1516,1,1.6843396332094072,0.7591496656034362,7.86,119.27,16
2023122500,1642,0,4.02140522703196,-4.089299815537612,6.73,291.1,16
2023122500,1771,0,5.156937075435382,-3.674376750707329,3.87,317.78,16
2023122500,1818,0,4.3530793698254575,5.101718693048791,4.83,208.72,16
2023122500,1959,0,12.473752442629284,0.6636101944850937,6.36,180.14,16
2023122500,1991,0,7.319726770856958,1.0924090005845626,3.89,336.17,16
2023122500,2016,0,3.5075490017959847,5.127051552531088,4.39,15.32,16
2023122500,2094,0,11.405809923017308,-2.6965377465715106,5.68,192.64,16
2023122500,2328,1,0.8868483523128359,4.930055675812665,8.73,272.8,16
2023122500,2463,0,4.278340799889603,2.08647862950211,3.73,237.28,16
2023122500,2657,0,5.030755410472664,-5.103313610377801,4.53,143.04,16
2023122500,2680,1,2.5794766911139195,3.6478810907279704,7.14,78.52,16
2023122500,2714,0,7.92369232113413,-0.3199201093605317,6.44,336.24,16
2023122500,2850,0,5.442655601817922,-0.48607350464529453,3.13,86.91,16
2023122500,2875,1,2.1169789795838785,-4.282079967289784,7.9,98.03,16
2023122500,3052,1,1.113283432015403,-0.7330616469481017,3.74,312.93,16
2023122500,3118,0,4.587853528612265,0.4129272785492888,4.53,185.17,16
2023122500,3163,0,9.43017497186557,1.3824004962328065,6.3,193.77,16
2023122500,3210,0,4.213039282987997,0.304874176870936,3.06,249.53,16
2023122500,3235,1,1.9932385707686844,2.1991635736144635,3.6,92.81,16
2023122500,3379,0,5.622970745077727,4.720146956192664,4.42,5.93,16
2023122500,3582,0,4.62449997297005,1.8920954483375387,2.54,348.33,16
2023122500,3612,2,0.9604686356149281,0.7943244150401827,4.98,336.85,16
2023122500,3755,1,0.5261178575186366,5.970230409885949,5.73,33.66,16
2023122500,3851,0,14.326548781894399,0.9025757600569555,3.73,318.41,16
2023122500,3920,0,8.699040176939066,-0.40330851718340166,1.09,228.02,16
2023122500,3950,0,6.1952885324252644,-3.006166398588694,6.58,207.22,16
2023122500,4009,2,2.426623168108305,6.458857777994092,8.23,193.91,16
2023122500,4032,1,1.8925643978475344,3.7037225000141762,4.32,158.11,16
2023122501,311,0,12.851229513163322,-3.6498424723859992,4.83,8.9,16
2023122501,336,0,13.532497921669888,0.3472065361839468,5.32,123.43,16
2023122501,503,1,0.9211405973031467,2.991906308098459,5.54,149.33,16
2023122501,632,1,1.1161541112230013,4.407447119935711,7.07,205.92,16
2023122501,684,1,1.6727522231340763,2.6066881563229787,5.33,337.92,16
2023122501,709,1,2.48072570027401,2.3928851079399136,1.98,24.86,16
2023122501,868,0,4.83182160266705,-0.8345576567022261,3.83,303.57,16
2023122501,893,0,3.676805678846788,-1.0568619043541911,4.12,228.3,16
2023122501,918,0,6.1581896690504765,0.47513235133161946,6.23,343.25,16
2023122501,941,0,8.181399635759153,0.8123425596926085,3.66,197.3,16
2023122501,1078,1,0.8417244204607583,1.2573438365261365,5.7,146.49,16
2023122501,1214,0,14.794215085633972,0.9791380744919234,5.37,348.38,16
2023122501,1299,1,2.986854532781943,-1.0912177294979681,3.38,103.13,16
2023122501,1322,1,2.17267116701999,1.4458651888437253,6.25,42.61,16
2023122501,1570,0,3.000283319954967,-4.659880417757203,7.9,82.62,16
2023122501,1619,1,1.849999999999996,5.605884664132202,5.34,2.3,16
2023122501,1863,0,6.513447627792827,3.671929586370494,4.86,193.28,16
2023122501,1888,1,1.9334166648707678,-0.3062816332134266,2.44,59.55,16
2023122501,1911,0,7.504831776928779,-0.1980926121094464,4.06,264.29,16
2023122501,1958,0,13.865110890288616,3.5681595904879257,4.29,29.57,16
2023122501,1995,0,11.642048788765663,-2.5158886918977084,6.32,25.63,16
2023122501,2151,0,5.927174706384153,2.218886949341802,6.43,149.76,16
2023122501,2439,0,9.55471087997957,-1.2382248081076326,6.53,157.62,16
2023122501,2686,1,2.716210595664484,1.876120872339535,3.08,265.84,16
2023122501,2755,0,9.5927316234741,-3.1476135120821844,6.18,303.83,16
2023122501,2822,0,5.569703762319857,-0.3878411514953254,4.36,22.86,16
2023122501,2882,0,13.628536238349298,1.4569016708070186,5.07,160.23,16
2023122501,2973,0,8.371815812594061,-0.03464846002726718,6.33,13.62,16
2023122501,3025,1,1.6717057157287003,4.418778208291285,6.02,19.34,16
2023122501,3050,0,4.656618945114572,4.6866346576007984,7.68,3.55,16
2023122501,3115,0,3.4792240514229524,2.387108375000374,4.72,15.12,16
2023122501,3176,1,0.8736704184073132,2.535540108945897,6.11,155.48,16
2023122501,3206,0,4.728477556254232,-0.9663103982664842,5.44,49.25,16
2023122501,3275,1,2.9699831649354516,-5.290457400576892,6.72,131.65,16
2023122501,3364,0,3.6557078657901427,-3.2392779911337963,4.51,277.87,16
2023122501,3436,0,7.989849810853771,2.4537698202591316,5.89,293.98,16
2023122501,3510,0,4.986070597173689,0.7246674704875505,3.76,222.51,16
2023122501,3618,0,3.6843995440234214,-3.8808351302493587,6.95,85.61,16
2023122501,3687,0,6.688931155274357,0.3125736210967327,7.47,65.41,16
2023122501,3710,1,1.3803260484392883,3.0526866399994828,6.31,166.23,16
2023122501,3784,1,1.5216109883935545,7.171754707598502,8.22,335.05,16
2023122501,4343,1,1.129291813483124,0.24505948749961992,4.44,54.28,16
2023122501,4391,0,9.343928510000483,-1.1259408392177357,7.43,162.96,16
2023122501,4421,1,1.8402445489662542,5.300767788391892,8.11,57.37,16
2023122502,91,0,3.690054200143947,0.11371099585423089,5.41,133.52,16
2023122502,114,1,1.872671887971837,3.0200271071721776,6.25,131.84,16
2023122502,157,0,9.210043430950794,-2.4168064271680065,6.38,356.67,16
2023122502,186,0,3.175169286825507,2.484950479771946,6.87,341.85,16
2023122502,209,0,3.027110833781952,0.4794114489145722,6.19,301.0,16
2023122502,241,0,5.958137292812241,-1.7524451348482266,6.54,312.87,16
2023122502,274,0,3.611675511448945,1.2573528320441103,8.34,310.08,16
2023122502,330,0,8.009019915070757,1.645414314565809,6.76,188.52,16
2023122502,353,1,2.6123169792351035,-2.2105691320202325,6.85,36.32,16
2023122502,485,1,2.0456050449683634,-3.695154644679579,4.78,244.35,16
2023122502,515,0,4.254703279900958,2.016759371412333,7.03,201.94,16
2023122502,685,1,1.0358571330062858,-2.25030266781065,5.66,228.87,16
2023122502,751,0,3.577541054970577,-1.5597278767066631,5.57,151.95,16
2023122502,781,0,10.707273228978515,0.24544996626463503,2.7,331.0,16
2023122502,972,0,9.094597297296886,0.8174275607676407,3.41,34.69,16
2023122502,1040,1,2.596247291765557,0.38210613273354777,6.66,282.0,16
2023122502,1113,1,1.469863939281462,-1.3082679278997902,7.8,52.08,16
2023122502,1192,1,1.6378339354159202,2.1484134740609537,7.1,318.27,16
2023122502,1267,0,3.5454336829223037,-2.819225904729615,1.39,197.21,16
2023122502,1315,0,3.669509504007316,0.5370432559140843,5.28,338.93,16
2023122502,1363,1,0.6350590523722961,-0.8660629829370525,2.49,230.66,16
2023122502,1386,0,4.759464255564906,1.1488857759732503,1.05,244.66,16
2023122502,1506,0,12.951822265611893,-1.8210928434491755,3.37,182.24,16
2023122502,1531,1,2.216055053467762,3.786823362469917,4.88,259.25,16
2023122502,1602,0,4.28337483767181,-0.45736569426026474,7.51,179.16,16
2023122502,1625,0,4.0035609149855595,-1.3371371606049052,2.3,313.03,16
2023122502,1779,0,9.515718575073562,-4.421747635670863,2.88,86.79,16
2023122502,1933,0,7.805088084064143,2.907793661794016,3.0,336.49,16
2023122502,2044,0,11.280514172678476,-0.6387419957134061,6.96,344.08,16
2023122502,2074,0,6.01466541047796,-0.0815541854208296,5.21,305.73,16
2023122502,2104,1,1.0420172743289808,-3.8813507595494205,6.99,342.79,16
2023122502,2174,1,2.7211762162711906,2.242325257165062,3.58,50.94,16
2023122502,2210,0,3.7740429250341037,1.3987126308907665,6.87,302.48,16
2023122502,2260,1,1.2660568707605515,4.795751695371276,5.61,335.78,16
2023122502,2366,0,6.301317322592163,-1.8319532429270449,3.23,135.84,16
2023122502,2391,1,0.7343023900274347,-4.5601278990198715,4.53,143.79,16
2023122502,2490,0,7.1309045709503085,-6.789117619141726,6.75,307.39,16
2023122502,2549,1,1.3430189872075522,-1.6289462855117693,2.33,211.93,16
2023122502,2640,1,2.2992390045404147,0.7157510064395534,6.56,259.45,16
2023122502,2718,0,5.4372235561911575,-0.5788858915737661,5.99,140.81,16
2023122502,2741,0,4.403237445334962,3.0506182776211315,6.97,151.17,16
2023122502,2766,0,5.341834890746807,0.18322127356195156,5.38,21.38,16
2023122502,2818,0,5.790198614900871,-2.5256617340578855,7.1,160.65,16
2023122502,2956,0,3.3136083051561833,-1.1798766710193327,6.7,224.81,16
2023122502,2981,0,3.620220987729897,-0.8610357524363733,5.21,211.87,16
2023122502,3028,0,4.841260166526893,3.5694637995982865,6.3,180.51,16
2023122502,3188,0,3.6003472054789407,2.05359944378902,5.26,144.31,16
2023122502,3340,1,0.5703507692639682,-3.547612184236238,4.76,221.85,16
2023122502,3363,0,12.511214968978832,-1.6247613860300958,4.63,344.84,16
2023122502,3574,0,7.410330626901875,-0.11576848487160409,4.86,236.15,16
2023122502,3610,1,0.9936800289831789,0.04336714915997919,6.1,223.41,16
2023122502,3656,1,2.22643212337587,2.89445228482011,4.05,358.88,16
2023122502,3711,0,3.8556452118938442,1.0137747657159846,4.55,300.1,16
2023122502,3764,1,2.0223748416156693,-0.6329919493113256,5.97,317.93,16
2023122502,3793,0,4.321504367694196,2.5650335516849454,6.81,328.44,16
2023122502,3823,1,2.516445906432323,1.8056121892432793,6.41,208.28,16
2023122502,3848,1,2.9759368272864943,-0.25154808737729606,5.12,327.78,16
2023122502,3871,0,3.9981620777552265,-0.08487297287392581,6.82,290.85,16
2023122502,4055,0,13.60419053086218,-4.305546815564309,4.86,343.44,16
2023122502,4085,0,3.9869411834136717,-2.4191804543344895,5.81,286.69,16
2023122502,4108,1,2.741331793125374,-4.486573081909127,4.09,245.76,16
2023122502,4190,1,2.8115654002708172,0.614662060881051,6.58,211.72,16
2023122502,4213,2,1.3619471355379398,3.5318201823531927,6.07,311.66,16
2023122502,4238,1,0.936002136749697,0.5006528693811847,4.53,319.43,16
2023122502,4263,1,1.060424443324464,0.4160727530384867,6.21,264.46,16
2023122502,4419,1,1.5861904047118696,1.9660080556177122,6.62,276.09,16
2023122800,138,0,8.466977028432286,-4.719906479754567,4.3,64.78,17
2023122800,209,0,5.841164267506944,-0.7734186768848006,7.09,33.81,17
2023122800,234,0,3.644845675745416,-2.698833849288005,6.62,32.3,17
2023122800,320,1,1.7805897899291738,-0.9880206565330527,6.15,237.87,17
2023122800,432,0,4.063409898102824,2.6846414115949293,7.49,354.4,17
2023122800,501,0,4.401545183228267,1.668979456920241,5.74,155.18,17
2023122800,613,0,6.52161023061023,-3.112710405022694,4.11,97.88,17
2023122800,638,1,0.7783315488916028,2.666407335315087,5.45,175.1,17
2023122800,752,1,1.6516960979550632,-2.3284446878759604,3.29,358.29,17
2023122800,858,2,1.0340696301506913,2.6446276220301805,6.57,99.98,17
2023122800,932,0,4.746461840149989,1.9275167363772958,5.92,215.82,17
2023122800,1094,1,2.313114783144151,0.8343962737588195,4.02,238.9,17
2023122800,1141,0,18.821288478741295,-4.635752316021387,3.68,287.96,17
2023122800,1279,0,5.477517685959579,-3.083009013334432,4.67,344.65,17
2023122800,1342,1,1.5700318468107624,-2.472643281939817,6.16,65.31,17
2023122800,1421,0,5.369851022142048,-0.42999355895664865,6.89,358.91,17
2023122800,1483,1,0.763216876123682,-3.408838485311844,7.39,306.0,17
2023122800,1508,0,3.9248566852816458,7.113598454231944,7.64,221.32,17
2023122800,1555,1,1.641371377842322,-4.8848814924217665,2.8,256.51,17
2023122800,1602,1,2.97692794672629,0.3507647811690737,7.01,350.36,17
2023122800,1649,1,1.878643127366132,0.5030812702098624,6.25,227.95,17
2023122800,1801,0,7.540954846702114,-2.9929345952354187,6.28,190.69,17
2023122800,1998,0,5.819965635637384,-5.576825138360951,1.14,188.39,17
2023122800,2033,0,3.2231816579274564,4.715451816289372,6.98,211.98,17
2023122800,2129,0,4.870749428989342,0.7718519525428371,3.47,56.73,17
2023122800,2154,0,5.904371262039672,-3.496796966805277,5.53,90.36,17
2023122800,2179,0,3.545814433948846,0.03756646237865702,4.02,123.49,17
2023122800,2211,1,0.9924716620639619,2.318729550946112,7.32,75.62,17
2023122800,2524,0,3.5387144558440986,-3.7058524571748652,7.43,73.64,17
2023122800,2594,0,3.80612664003708,-0.6626513084360488,4.4,82.9,17
2023122800,2797,0,5.895252327084912,2.208774693243527,5.5,199.52,17
2023122800,2849,0,8.410737185288815,-2.7453229826105785,3.09,194.46,17
2023122800,2906,0,7.797544485285091,-0.7009657773236102,6.77,25.35,17
2023122800,2931,0,4.8115382155813755,-0.34556147461128534,5.55,14.06,17
2023122800,3024,0,7.227952683851771,-0.4261363322328353,3.16,94.54,17
2023122800,3049,0,4.024487545017374,-6.535992088352532,5.46,100.17,17
2023122800,3114,0,3.3698961408328354,1.1262801803531346,7.69,321.45,17
2023122800,3144,1,1.0866922287382028,1.0521717017814647,6.64,245.25,17
2023122800,3391,1,2.9107559155655753,-0.5011046756629796,6.02,289.12,17
2023122800,3463,1,1.7963574254585326,-1.3025081359616235,4.47,315.84,17
2023122800,3689,1,0.926552750791882,-2.453568749631601,4.45,305.55,17
2023122800,3776,0,8.268119495991819,-1.0540347312823313,5.51,344.45,17
2023122800,3832,0,5.220344816197492,0.9157159524933949,1.62,293.14,17
2023122800,3958,0,9.470121435335459,-2.594801708324701,5.22,18.79,17
2023122800,4009,0,4.191049987771554,3.0611706657225417,6.67,6.04,17
2023122800,4097,0,4.438118970915502,-4.029660721244997,5.45,340.39,17
2023122800,4122,0,6.629223182243915,-0.8667370484337098,4.43,201.7,17
2023122800,4343,0,14.455012971284397,-2.0763627352777796,5.09,346.73,17
2023122800,4368,0,10.770464242547773,0.21305980404488015,3.25,240.38,17
2023122800,4415,0,7.312728628904528,-2.258406068348634,4.16,270.65,17
2023122800,4440,0,9.489889356573133,2.7668603693466043,5.74,211.12,17
2023122800,4463,0,9.546439126711066,-0.3422664917804101,3.63,276.22,17
2023122800,4495,0,4.03707815133668,2.5533640328210896,3.91,316.62,17
2023122800,4520,0,10.3098254107429,-0.3364133418855531,5.68,337.46,17
2023122800,4545,0,13.751745343773642,-2.6143929710369744,2.15,227.21,17
2023122800,4570,0,10.474588297398611,-1.5399842963743522,4.11,251.92,17
2023122800,4628,0,15.6504600571357,-0.9128485893212641,5.04,262.54,17
2023123000,78,0,4.218483139707921,-0.19530005714397802,5.79,143.0,17
2023123000,101,0,3.905483324762762,-0.7714264423339114,4.9,103.27,17
2023123000,126,1,2.2576315022607174,-2.0156312835191046,5.32,55.17,17
2023123000,231,0,10.061833828880305,2.4633090398996274,7.02,5.44,17
2023123000,356,0,6.728625416829209,-1.8743212991144802,3.65,267.59,17
2023123000,403,1,2.975315109362364,-1.394207530169433,6.09,325.33,17
2023123000,428,0,3.112699792784393,5.86393022105505,6.48,177.0,17
2023123000,458,0,3.209236669365474,-0.8610074431719932,8.97,270.69,17
2023123000,481,0,4.263859753791158,3.426884899006083,4.06,1.23,17
2023123000,675,1,1.01257098516598,6.739328066014242,7.78,276.11,17
2023123000,698,1,1.0978615577567152,5.686076259862517,6.49,272.27,17
2023123000,820,0,7.486841790768654,1.1656992644084645,4.7,59.97,17
2023123000,916,0,5.848230501613291,2.203209197115087,6.96,335.89,17
2023123000,941,1,1.8032470712578519,-3.211780472290344,8.04,275.19,17
2023123000,1032,1,2.2871160880025294,-3.128741982712167,6.52,221.89,17
2023123000,1089,0,5.465720446565116,1.7603772575835135,8.0,38.72,17
2023123000,1143,0,4.012031904160285,2.316794373945422,8.02,173.34,17
2023123000,1246,1,1.9697715603592185,-0.7140402127181943,2.8,168.82,17
2023123000,1303,1,1.7026156348395278,7.779726509062242,8.48,187.63,17
2023123000,1326,1,1.9436563482262017,7.1528138782436095,8.45,317.17,17
2023123000,1471,1,0.9984988733093298,3.241024541166606,5.1,231.53,17
2023123000,1521,2,0.7600000000000016,3.904991936127108,3.94,341.91,17
2023123000,1549,0,7.639744760134336,1.0682913732312052,6.01,0.73,17
2023123000,1603,0,4.174697593838386,-0.17425823789894554,7.92,178.52,17
2023123000,1633,0,6.064956718724381,2.8596032175895156,3.49,22.0,17
2023123000,1731,0,10.299752424209041,-5.47656356352716,5.85,171.29,17
2023123000,1813,0,4.570601710934789,-0.911814861774985,6.88,317.9,17
2023123000,1916,0,5.74416225397577,-1.2357356437908742,2.29,112.5,17
2023123000,2048,1,1.816204834262922,-2.3043774603261205,3.73,124.01,17
2023123000,2073,1,1.8607794065928402,-0.47300498173596384,5.89,32.23,17
2023123000,2120,1,1.2603570922559981,0.21220551148532635,3.92,112.34,17
2023123000,2143,1,2.516028616689408,0.3975121655510937,3.9,108.57,17
2023123000,2314,0,6.1196160010249026,-5.152025067603236,6.91,325.11,17
2023123000,2339,0,7.559927248327195,-1.360802169243103,4.35,321.96,17
2023123000,2408,0,3.093557822313981,-0.2915548233390465,5.59,195.33,17
2023123000,2655,0,4.097035513636655,-1.3657183321407478,5.54,54.91,17
2023123000,2687,1,2.8185279846047298,0.9910085754639184,4.53,154.84,17
2023123000,2712,2,2.9295904150580463,2.5350793866682055,4.32,179.15,17
2023123000,2735,2,0.8905054744357255,1.611014116278242,4.79,144.39,17
2023123000,2876,1,1.6010309178776054,-3.540475368632859,9.79,97.1,17
2023123000,2926,0,6.863767187193923,-1.8119819180744343,6.51,125.77,17
2023123000,2951,0,4.30154623362345,-0.16791538804903156,5.76,143.72,17
2023123000,3041,0,3.296862144524692,-6.311749802682832,3.06,264.05,17
2023123000,3071,1,1.1610340218959991,-1.548235095821486,3.37,241.67,17
2023123000,3119,0,4.1900477324250165,0.2688805229996545,7.13,312.27,17
2023123000,3171,0,4.488128786030989,-2.8073670973896183,1.4,188.9,17
2023123000,3240,1,1.2660568707605513,-0.3469066514376862,6.53,312.59,17
2023123000,3304,1,2.1572667892497686,1.9830003204207793,8.03,167.08,17
2023123000,3479,0,3.0207614933986338,-0.7785449114898497,5.68,244.63,17
2023123000,3502,2,1.701558109498467,0.8135477181089432,5.49,302.63,17
2023123000,3636,2,0.9386160024205854,3.2682140469572163,6.15,39.11,17
2023123000,3661,1,2.7840438214941963,-0.46686340999908044,5.73,32.49,17
2023123000,3740,1,2.9124731758421443,-2.187799421000517,6.29,300.77,17
2023123000,3795,0,5.230267679574346,2.8925888456216455,4.8,313.19,17
2023123000,3870,0,10.060795197199871,-0.8769243214987668,5.47,163.98,17
2023123000,3895,0,3.7861325914447304,-1.492903691089869,7.67,70.06,17
2023123000,3943,0,3.4636974463714285,-4.55976017569221,3.39,83.65,17
2023123000,3991,1,0.7844743462982118,1.4345953046862523,3.88,69.57,17
2023123000,4014,1,1.3775340286178013,0.5391990665800539,4.71,140.79,17
2023123000,4062,0,3.792532135658181,-0.681987157504478,6.04,139.78,17
2023123101,106,2,2.2053797858872257,-1.8792116468887095,7.17,99.36,17
2023123101,135,0,7.346359642707397,1.887046936473686,6.04,164.6,17
2023123101,214,1,1.2431009613060413,-1.7751149600487057,5.56,138.08,17
2023123101,237,1,2.9427877939124345,0.42634310748274235,4.15,102.08,17
2023123101,308,1,1.8738729946290338,0.40143513971318723,7.67,275.63,17
2023123101,428,0,3.7821686900507205,-1.3829671190637773,7.52,350.48,17
2023123101,475,0,5.3347539774576305,-4.630049354375975,4.53,295.51,17
2023123101,500,1,2.4707286374670945,3.795117406056767,8.25,300.18,17
2023123101,576,1,2.130469431838912,-0.9813862218495387,7.37,119.9,17
2023123101,672,1,2.3997083156083665,-2.7006077622782847,7.07,97.72,17
2023123101,796,1,2.8789234098878067,1.491925397752712,5.12,202.55,17
2023123101,903,1,2.755303975970708,-3.947475651995548,7.77,103.89,17
2023123101,968,1,1.5054567413247033,-1.5861017855516244,6.59,283.33,17
2023123101,1038,2,2.6425934231356893,0.1731846692195893,5.35,270.38,17
2023123101,1132,0,8.954038195138551,-4.978539501643535,4.85,174.52,17
2023123101,1282,2,1.088531120363585,1.7027839739641257,9.03,109.53,17
2023123101,1486,1,1.640030487521498,-0.0419573458795308,6.19,246.73,17
2023123101,1556,1,1.366052707621491,-0.8967509640182603,7.0,295.62,17
2023123101,1579,1,1.3330416347586445,2.246048924085404,7.54,250.72,17
2023123101,1654,0,3.7609573249373622,-1.7546417559877832,5.5,325.67,17
2023123101,1724,0,5.681733890283845,-0.7451427656991683,8.72,97.87,17
2023123101,1830,0,6.762957932739196,2.386031682485426,5.28,243.21,17
2023123101,1855,1,1.6968500228364294,-1.927477640072544,6.71,292.75,17
2023123101,1941,1,1.132166065557522,-0.27618092823772367,6.94,99.56,17
2023123101,1976,1,1.4148498153514386,5.501977264339841,8.19,167.07,17
2023123101,2040,0,10.060825015872199,-2.5492655849787735,5.81,356.66,17
2023123101,2065,0,10.791130617317167,0.661496505982434,6.23,329.06,17
2023123101,2090,0,6.204643422469984,-1.1620288620253945,6.27,253.37,17
2023123101,2126,1,1.8921152184790537,-1.7461098777239492,7.49,298.13,17
2023123101,2149,1,2.780953074037753,0.11628091521918105,6.89,226.83,17
2023123101,2400,0,4.850010309267393,-1.3522873583455877,7.03,204.92,17
2023123101,2568,0,9.480047468235588,-3.046888885192583,3.0,8.48,17
2023123101,2672,1,1.3285330255586387,2.7824586269548517,6.88,219.42,17
2023123101,2695,1,2.202907170082299,0.7099744096036966,5.0,340.02,17
2023123101,2785,0,3.3180867981413664,1.338791688010311,7.1,61.7,17
2023123101,2822,0,4.247469835090061,-3.3127405747274192,6.42,183.1,17
2023123101,2946,0,6.62272602483298,-3.7625549568789984,6.35,152.01,17
2023123101,3102,0,3.2844482032755495,1.7053324719474352,8.21,129.52,17
2023123101,3150,1,0.8249242389456196,-1.1242872904227115,8.54,125.76,17
2023123101,3173,0,9.117088351003298,-3.9815629840210907,5.3,122.15,17
2023123101,3198,2,2.4904015740438408,-2.2567705299835863,6.46,20.59,17
2023123101,3380,2,2.015266731725604,8.01957639759081,8.71,176.77,17
2023123101,3405,1,1.6743058263053376,3.6059146703312637,5.77,59.16,17
2023123101,3518,0,3.7906463828745594,0.30452119614232054,5.9,22.04,17
2023123101,3984,1,2.6583077323741193,2.8632643436433853,7.71,78.18,17
2023123102,158,1,1.2701574705523753,6.5243700519048655,7.18,112.4,17
2023123102,201,1,2.6836169622358566,-5.359896725616635,2.23,256.26,17
2023123102,299,1,0.9313431161500108,-2.059030523099135,2.62,53.04,17
2023123102,456,0,3.355190009522558,7.611059581941231,8.08,186.71,17
2023123102,610,0,5.192340512716789,3.065753234584183,3.73,2.12,17
2023123102,668,1,1.87130970178643,-2.070031104148331,6.29,298.26,17
2023123102,853,0,7.919204505504322,-1.1519066406878997,4.87,193.52,17
2023123102,1023,1,1.076707945545124,4.334386548592737,6.96,50.29,17
2023123102,1258,0,4.36702415839436,2.9531129656253445,7.78,43.16,17
2023123102,1281,1,0.7912016177941039,-0.5371446268822121,4.42,36.96,17
2023123102,1388,1,2.3020208513390985,4.739469078808477,8.3,153.72,17
2023123102,1465,0,4.83740632984247,-1.5347791227597363,6.4,98.31,17
2023123102,1579,0,7.285801259985072,0.6955655455436439,4.55,96.55,17
2023123102,1625,0,6.462855406087926,-6.14233037105617,7.38,123.17,17
2023123102,1821,0,6.536252749091028,0.8469829475637278,2.42,257.89,17
2023123102,1870,0,3.204886893480018,-4.28973569827012,4.02,265.84,17
2023123102,1893,0,4.798416405440432,-3.124105465490371,4.41,291.57,17
2023123102,1940,0,4.125639344392576,-1.5970679362235263,4.43,222.29,17
2023123102,2024,1,2.7761844319137032,4.053172594119857,8.84,243.82,17
2023123102,2089,1,2.0690335908341373,-5.006673247246332,6.47,109.63,17
2023123102,2155,1,2.4691091510907337,-3.393624762509543,6.23,159.79,17
2023123102,2185,0,6.510007680487016,2.259911893614114,8.0,162.43,17
2023123102,2232,1,1.5600320509528025,3.098376790076917,8.17,68.56,17
2023123102,2255,0,5.693057175191546,1.6430362639597582,4.25,143.89,17
2023123102,2315,0,6.410195004834097,2.574314575024657,3.37,247.07,17
2023123102,2374,0,3.6396291019827856,-5.078175705386481,6.22,201.44,17
2023123102,2532,0,3.2960734215123226,-3.6199594316303694,5.78,253.42,17
2023123102,2557,1,2.470020242832028,7.605747938994785,8.4,295.69,17
2023123102,2759,0,3.216022387981775,-1.6286623758313485,0.95,101.37,17
2023123102,2806,1,1.1600431026474871,5.397803598225781,6.04,8.87,17
2023123102,2962,0,5.595158621522711,-2.0027026929908525,5.43,145.03,17
2023123102,3037,1,2.17375251581223,5.558079350949979,9.5,255.62,17
2023123102,3340,1,1.2340583454602132,5.98964766308813,8.51,264.55,17
2023123102,3365,1,1.5802847844613328,-0.592807719640307,5.49,230.61,17
2023123102,3542,1,1.6201234520862928,1.8240998870869354,4.98,66.09,17
2023123102,3589,0,10.444256795004613,0.5210221512729524,1.4,71.36,17
2023123102,3636,1,1.2515989773086216,-3.32429472308589,6.12,61.88,17
2023123102,3773,1,1.8121810064118864,3.896674725432546,6.14,358.0,17
2023123102,3880,0,5.0581122961041505,-3.2364978023275572,5.8,155.42,17
2023123102,3927,0,5.4156070758503105,-4.754608650549963,3.89,149.17,17
2023123103,55,0,5.211381774539259,5.8674183421202795,8.12,206.41,17
2023123103,112,1,1.9731446981911902,3.564827743690208,6.95,255.45,17
2023123103,167,1,0.9167878707749179,0.8283705644988417,4.32,212.48,17
2023123103,221,1,1.620000000000001,4.828478133547936,8.4,129.48,17
2023123103,326,0,12.287693030019913,-4.561589101153264,3.02,174.35,17
2023123103,380,0,4.718389555770055,3.55104160612978,6.83,183.04,17
2023123103,410,1,1.5970284906663321,5.265519467768366,7.88,32.72,17
2023123103,599,0,8.027677123551996,1.332500627686034,6.86,317.33,17
2023123103,668,1,1.8754466134763756,1.4800849214273757,7.41,235.24,17
2023123103,779,1,0.8745856161634471,6.908761680443899,8.44,64.58,17
2023123103,910,1,2.870905780411471,-3.7779304221248977,1.62,147.33,17
2023123103,1109,0,13.260953962667998,1.7789495041454182,3.09,208.69,17
2023123103,1202,0,4.26550114289048,-3.0124734349275384,6.52,49.71,17
2023123103,1319,0,5.289328879924182,2.0452265306098525,2.12,218.55,17
2023123103,1371,0,5.600446410778342,-3.072230172930163,6.07,2.74,17
2023123103,1401,0,6.33792552812038,5.245858219932924,6.33,203.23,17
2023123103,1424,1,2.7101660465735358,3.2645516284666094,7.55,180.6,17
2023123103,1655,0,3.5266556395542783,2.0785429260049577,5.02,107.69,17
2023123103,1858,0,5.52342285181933,-0.7479056775847909,2.35,142.94,17
2023123103,2053,1,1.1363538181393984,1.0416127955611585,5.87,104.43,17
2023123103,2122,1,0.7715568676384185,0.19226786819714592,5.99,134.01,17
2023123103,2174,0,3.0377952531400134,8.961626440277788,9.05,15.45,17
2023123103,2258,0,12.950467173040511,0.3794093962839824,6.2,357.27,17
2023123103,2315,0,5.09032415470764,-2.029317395266638,0.7,83.54,17
2023123103,2367,0,5.774028056738206,4.37604243055934,6.49,215.55,17
2023123103,2455,0,5.83460367120167,-1.6158699673171502,4.3,283.64,17
2023123103,2528,0,5.8412669858516155,5.372584663860052,8.56,16.27,17
2023123103,2632,0,3.944578557970421,3.9024518998347144,8.91,168.19,17
2023123103,2723,1,1.8317477992343805,9.1653397995968,9.34,170.08,17
2023123103,2813,0,9.400776563667494,4.726818408317878,5.15,331.72,17
2023123103,2843,0,6.505197921662345,2.1914140841012175,5.98,202.3,17
2023123103,2968,0,3.260874115938858,6.64005255679756,8.62,11.14,17
2023123103,2998,1,1.8254314558481788,5.004275340660962,9.06,73.76,17
2023123103,3046,0,4.005558637693374,1.5555190100856535,1.97,132.19,17
2023123103,3195,1,0.9741663102366032,-2.4196101667863914,5.38,49.59,17
2023123103,3262,1,2.5407282420597475,1.4252211967807573,6.61,77.57,17
2023123103,3285,0,6.618798984710138,2.492038157403889,0.53,196.51,17
2023123103,3321,0,5.594327484157503,-3.5590074471266115,3.34,91.11,17
2023123103,3346,1,1.7942407865166796,-0.8693478157029929,2.58,176.96,17
2023123103,3430,0,5.91267283045493,-1.6172559275530387,5.99,351.52,17
2023123103,3540,0,16.586045339380938,-3.152596843548263,4.5,344.16,17
2023123103,3589,0,3.324154027718931,4.39367465520604,4.53,154.06,17
2023123103,3619,0,3.4124771061503143,-2.8682401148319863,6.88,139.66,17
2023123103,3779,0,3.744569401146146,-0.1461310727049605,7.5,199.08,17
2023123103,3802,1,0.7779460135510704,4.993297287452228,7.44,238.65,17
2023123103,3906,0,5.803447251418762,0.11637200969553758,5.4,119.47,17
2023123103,3929,1,1.9553260597659932,-0.5159817089850112,7.49,17.14,17
2023123103,4093,0,4.997999599839922,0.06415859550993985,0.68,116.01,17
2023123103,4118,0,8.184912950056338,0.08078857056850441,4.86,75.24,17
2023123103,4143,0,6.906591054927167,-1.6516469830100022,2.72,65.68,17
2023123104,80,2,2.113764414498457,3.2002494268417463,9.68,272.68,17
2023123104,103,0,7.2608126266968265,0.5889511088236269,7.01,328.61,17
2023123104,184,0,7.404120474438542,3.605650423847723,6.36,150.57,17
2023123104,209,0,3.8725314717894816,-0.4912587174489258,4.23,142.39,17
2023123104,281,0,5.091414341811124,5.724634739628293,6.87,137.98,17
2023123104,428,1,2.304170132607394,-1.3938729988103795,5.98,99.21,17
2023123104,613,0,5.0312026395286455,-1.281538473722143,8.82,350.8,17
2023123104,638,0,7.125791184142293,2.059211367010845,2.47,263.99,17
2023123104,683,1,1.1763077828527713,1.8168959563396494,8.63,297.52,17
2023123104,755,0,13.142069852196038,-1.781952277509785,3.86,178.18,17
2023123104,780,1,1.0361949623502336,1.6343509597774821,5.95,128.13,17
2023123104,862,0,6.660945878777277,2.5253655871812994,4.38,160.42,17
2023123104,907,0,8.116310738260339,1.1878909185899937,4.13,248.3,17
2023123104,1023,0,9.140071115697072,-0.9516382798974077,5.24,328.76,17
2023123104,1048,1,2.9700673393039443,2.615407166743652,6.18,306.25,17
2023123104,1073,0,4.987273804394541,0.22746762113367802,6.39,189.47,17
2023123104,1229,0,3.6208838699963866,3.1746859980372832,4.01,174.14,17
2023123104,1290,0,11.508779257592872,-0.04804594205210089,3.92,31.92,17
2023123104,1341,1,2.3240697063556373,-5.602055332079821,6.98,290.62,17
2023123104,1404,0,6.342373372799805,4.419738946210596,6.5,225.18,17
2023123104,1682,1,2.4528350943347186,1.7248029073886242,6.5,291.76,17
2023123104,1769,0,4.155309856075713,-3.360236822879747,8.25,73.47,17
2023123104,1801,0,7.82971263840507,0.599763680208951,4.51,39.14,17
2023123104,1878,0,6.876539827558618,-4.299478465011553,7.18,75.09,17
2023123104,1964,0,20.82498979591587,-3.6201804198525345,4.88,5.92,17
2023123104,2011,1,2.4652180430947697,-4.140886606393464,6.83,61.94,17
2023123104,2036,0,9.71018537413164,4.154644549712026,6.72,143.93,17
2023123104,2083,1,0.8141252974819017,-0.17244043887051685,3.07,159.56,17
2023123104,2131,0,5.723495435483461,3.355218322772175,6.23,138.81,17
2023123104,2192,2,0.9411163583744665,2.7546224690116845,3.65,273.55,17
2023123104,2403,1,2.9204965331258297,-0.4113288964413111,7.19,342.03,17
2023123104,2452,0,8.299644570703013,0.4106035160094753,5.22,325.86,17
2023123104,2475,0,5.517626301227728,0.22091889486560082,2.47,5.06,17
2023123104,2500,1,2.8327018904219345,-1.1134493501518234,5.82,178.45,17
2023123104,2657,0,3.7123173355735637,0.09221589898412463,6.82,350.26,17
2023123104,2715,1,1.4796283317103656,4.637174169506556,4.39,331.47,17
2023123104,2767,0,4.8166585928421375,3.1002421750924003,7.55,164.99,17
2023123104,2834,0,5.915893846241671,3.1556259527779407,2.88,190.23,17
2023123104,2925,0,4.587373976470633,-0.5329937782599505,6.96,349.04,17
2023123104,2968,0,8.005154589388004,-0.6786976463639478,7.74,338.73,17
2023123104,3052,0,5.12492926780458,1.0894520986481988,2.51,87.13,17
2023123104,3077,1,2.3281967270830006,3.702072406706657,6.37,151.36,17
2023123105,100,0,7.097154359318953,0.11939005282556225,6.76,129.03,17
2023123105,235,0,11.441525247972844,-0.7144829645878581,5.78,202.78,17
2023123105,265,0,9.391272544229551,2.2491597970091237,4.73,197.58,17
2023123105,317,0,13.31759738090921,-0.322521916147368,4.7,210.12,17
2023123105,415,0,15.322431269220955,-4.0025996508525825,3.84,267.57,17
2023123105,511,1,1.8200274723201295,2.0968401061261006,1.13,165.2,17
2023123105,600,0,4.737129932775751,-1.7263264065500188,5.47,107.01,17
2023123105,716,0,5.3349882848981,-2.424067200539706,5.73,309.94,17
2023123105,746,1,0.8780091115700348,5.07511610754631,6.01,330.68,17
2023123105,789,1,2.4084227203711563,1.131955144423234,0.48,19.04,17
2023123105,819,1,2.2856946427727416,4.7538728741725835,2.13,79.49,17
2023123105,892,0,4.1914436653735425,-3.532094595244885,6.74,247.34,17
2023123105,922,0,7.527682246216293,-0.04241568489800679,3.69,341.59,17
2023123105,947,1,1.7341568556506066,-1.0541879160836563,7.51,177.2,17
2023123105,994,0,10.636728820459794,1.4489749744214742,3.96,318.37,17
2023123105,1124,1,2.796462050520265,-4.516286401011,4.56,259.39,17
2023123105,1182,0,6.809478687829191,-0.7469699987410139,4.66,258.94,17
2023123105,1207,1,2.0151674868357694,1.3342186945244854,2.42,5.7,17
2023123105,1232,0,7.816252298896182,-1.9217557878538027,4.67,258.95,17
2023123105,1384,0,4.3462282498736755,-0.1337660135431611,5.49,10.4,17
2023123105,1453,1,0.8947066558375494,6.73134122660112,8.5,126.64,17
2023123105,1604,0,3.815612663780212,1.0946711181493762,6.19,193.01,17
2023123105,1629,0,5.756005559413582,0.4995936203251859,3.03,292.82,17
2023123105,1654,1,2.5377549133042803,-1.9329279399398442,8.71,294.39,17
2023123105,1767,0,4.86548044904098,0.8353149180092535,2.29,101.41,17
2023123105,1819,0,6.741846927956761,2.3592371262819656,4.66,70.21,17
2023123105,1842,0,4.520641547391246,-2.2676568651544975,6.6,148.11,17
2023123105,2051,0,4.687568666163729,1.2926995906855818,5.34,144.22,17
2023123105,2224,0,7.952590772823658,0.2835789654282449,4.84,26.11,17
2023123105,2252,0,5.581057247511449,2.209817105193217,6.24,157.21,17
2023123105,2402,2,0.926552750791889,0.6669677763564705,2.01,61.17,17
2023123105,2489,1,2.517478897627543,1.0552733269586296,7.84,227.32,17
2023123105,2512,1,1.930025906561882,-1.8838592109556045,1.87,310.99,17
2023123105,2537,0,6.662919780396575,2.814942655105488,6.32,215.42,17
2023123105,2562,1,2.9415982050579275,-1.5181893542850085,5.29,214.97,17
2023123105,2636,1,0.5220153254455291,2.8551952524153332,3.61,301.12,17
2023123105,2672,1,1.8023595645708446,-2.970496062910119,5.88,232.64,17
2023123105,2926,1,1.5305554547287814,-1.0792228403522315,3.58,334.13,17
2023123105,2988,1,1.7722866585290344,-2.1401152020669585,6.01,319.21,17
2023123105,3013,0,8.607171428524008,-0.12330322678085104,6.38,211.23,17
2023123105,3043,1,1.8498108011361578,-2.583733816680236,4.28,253.26,17
2023123105,3318,1,2.808558349046721,0.8301025552846649,7.0,225.47,17
2023123105,3343,1,1.7564168070250252,-1.7535602229511287,4.47,218.44,17
2023123105,3366,1,1.0610372283760825,-1.1014646147996872,8.57,255.56,17
2023123105,3389,0,3.423010371003862,1.0733264749653268,4.33,290.22,17
2023123105,3412,1,2.51745903640953,-3.258576292181422,5.56,309.02,17
2023123105,3441,1,2.382876413077274,-4.877408776782215,6.13,220.07,17
2023123105,3471,0,4.213846224057069,-5.839910401421513,2.79,311.37,17
2023123105,3501,0,5.73330620148619,0.004955614655453577,5.75,330.48,17
2023123105,3531,1,0.8062257748298579,-1.9025482052989031,5.81,293.42,17
2023123105,3554,1,1.5368799562750537,-0.9247034304833295,6.72,291.74,17
2023123105,3889,1,0.895544527089531,-4.671285491305516,7.84,248.45,17
2023123105,3936,0,3.6053848615647084,-4.40997684584009,4.66,241.84,17
2023123105,3961,0,4.098707113224857,2.9949567693070986,4.25,278.68,17
2023123105,3991,0,4.629049578477205,1.15650410569111,7.06,183.87,17
2023123105,4023,0,4.6264997568356145,-0.8197288661103241,7.09,197.97,17
2023123105,4052,0,4.256994244769425,-1.5558773249184752,4.67,200.72,17
2023123105,4099,1,1.1580155439371265,0.49598037158813596,3.5,206.99,17
2023123106,109,1,1.0469001862641925,-0.9700406707228244,4.11,301.83,17
2023123106,134,0,4.834097640718488,-0.5713378781258279,6.55,325.01,17
2023123106,186,1,0.820060973342842,0.3289893247055322,6.06,289.37,17
2023123106,233,0,4.328440827827037,-0.44427495083616214,4.09,242.06,17
2023123106,329,1,2.9062174729362584,0.15777262091931962,0.23,14.4,17
2023123106,415,0,7.809289340266502,-2.91197699133325,3.67,96.59,17
2023123106,462,1,1.9646882704388497,-0.6028311319634971,6.37,159.57,17
2023123106,487,0,6.930144298641989,-2.750802887711788,6.99,158.5,17
2023123106,579,1,1.1618089343777667,-1.2981628833842305,3.43,70.52,17
2023123106,602,0,5.020926209376117,-6.504083721299338,5.58,138.64,17
2023123106,843,1,1.0417293314484335,3.451513155060189,6.28,110.72,17
2023123106,921,0,3.340059879702767,1.1830789024562174,5.87,231.35,17
2023123106,983,0,5.636470526845681,-2.033701622176228,5.2,92.21,17
2023123106,1015,0,7.142954570764113,-0.15891768182794638,6.59,166.62,17
2023123106,1065,1,1.5231546211727853,-2.84668196277046,6.35,162.26,17
2023123106,1090,0,3.4006617003165744,0.3312113683332917,3.06,124.51,17
2023123106,1160,0,6.5404892783338555,0.47563145426738496,4.14,52.35,17
2023123106,1210,1,1.1986659251017326,-1.3044243423650228,2.86,116.05,17
2023123106,1453,1,1.2531959144523275,1.842925371581653,5.46,85.38,17
2023123106,1478,0,4.021256022687438,1.9653541117051714,7.31,166.47,17
2023123106,1536,1,0.5375872022286255,-1.524759236885613,2.98,150.46,17
2023123106,1699,1,1.8500000000000005,0.037496342079283096,3.39,80.02,17
2023123106,1722,1,1.3147243057006308,5.424863056142904,3.26,91.2,17
2023123106,1811,0,6.017682278086804,4.8252086717219695,6.08,347.94,17
2023123106,1841,1,1.990602923739435,3.381800990977834,5.94,198.13,17
2023123106,1871,0,10.06368719704662,0.12889209765423543,4.61,288.62,17
2023123106,2187,0,10.708734752527953,-3.412388883047043,6.32,16.72,17
2023123106,2212,1,0.955248658727146,6.5697719250267355,8.0,72.05,17
2023123106,2290,1,1.9811612756158916,1.9633636024951384,4.39,196.29,17
2023123106,2370,0,3.4468101195163108,-0.29074337307034237,5.48,339.48,17
2023123106,2476,1,1.8876705220986023,-2.9756284948889227,5.4,336.31,17
2023123106,2647,0,3.553167600887977,4.36790964320713,5.14,10.73,17
2023123106,2743,0,3.644969135671792,-1.3227276323219304,4.06,280.76,17
2023123106,2773,0,4.059076249591771,0.48231406663186965,8.12,204.98,17
2023123106,2798,0,4.077707689376476,-0.5820333437707857,6.14,194.12,17
2023123106,2872,1,2.9565689574234497,-3.9061554129838485,4.26,264.72,17
2023123106,2897,1,1.506286825275985,-1.0162355964611183,8.33,231.63,17
2023123106,2984,1,1.19616052434445,1.3431417159199541,7.24,308.91,17
2023123106,3128,0,6.037027414216376,0.29174350613509925,6.09,353.57,17
2023123106,3151,1,1.454372717015822,-2.5250967962645605,7.75,240.39,17
2023123106,3174,0,6.403569317185531,1.5239499636489056,2.39,327.53,17
2023123106,3418,0,8.170740480519498,-1.2617427867323956,5.54,195.2,17
2023123106,3443,0,6.9375788283809765,2.5563917530712237,1.91,228.48,17
2023123106,3468,0,5.7305584370111715,2.7707020037187187,2.47,239.54,17
2023123106,3493,1,1.7528548142958105,0.6000231263318954,4.26,333.67,17
2023123107,56,0,7.650470573762117,-0.26791532600633,5.5,163.33,17
2023123107,86,0,5.437030439495444,3.9093392935583196,3.77,63.08,17
2023123107,111,0,5.55470971338738,-0.8934653730018449,6.14,157.19,17
2023123107,141,0,5.320244355290457,-0.8949140579791227,4.64,179.81,17
2023123107,210,0,6.514483862901188,-1.120578817148193,6.03,54.65,17
2023123107,262,0,3.914485917716399,3.977347433896851,5.68,51.25,17
2023123107,346,0,7.565084269193568,3.5551805902906577,4.05,74.39,17
2023123107,371,1,2.9495931922893988,-0.47577949885877036,4.28,44.49,17
2023123107,443,0,3.825611062301029,-0.8290261581707236,2.79,204.61,17
2023123107,500,1,1.564161117020875,-1.558171009342014,8.13,284.19,17
2023123107,562,0,5.514526271584895,1.1006741848594386,6.39,179.13,17
2023123107,587,0,3.4635530889535935,2.933522902679621,2.74,50.38,17
2023123107,643,0,3.0634947364080722,0.04535338986413514,5.46,12.31,17
2023123107,823,0,4.6556309991235425,2.0670334538402595,7.36,329.76,17
2023123107,933,1,2.4136486902612804,1.7296415719637446,3.87,200.75,17
2023123107,1011,0,4.430677149150006,2.7098811324611205,3.86,340.88,17
2023123107,1041,0,9.509158743022434,-0.0712989940498241,6.15,167.34,17
2023123107,1070,1,1.4430869689661867,-6.769599345217492,4.68,102.57,17
2023123107,1162,0,5.660830327787611,-5.498998912828221,3.26,223.9,17
2023123107,1207,0,3.9686899601757863,1.3629502944026477,5.5,358.4,17
2023123107,1239,1,1.198540779448073,5.165804442418494,6.37,217.89,17
2023123107,1318,0,3.1847291878588355,-0.16884196047895572,2.76,161.95,17
2023123107,1343,0,7.578772987759956,1.363200510799686,6.02,35.12,17
2023123107,1417,1,1.841140950606446,3.6088618337243665,5.84,283.68,17
2023123107,1464,0,3.0008332176247383,-2.0159553919073536,6.3,257.25,17
2023123107,1514,0,3.624913792078372,-1.9310028593892272,1.7,96.99,17
2023123107,1539,1,2.3443762496664244,0.06983292362615501,0.97,62.1,17
2023123107,1618,0,4.620789975750897,0.8081036774041559,0.99,308.15,17
2023123107,1668,0,6.567960109501273,2.9526228289161134,5.91,347.29,17
2023123107,1757,1,1.7042300314218162,-3.021216715016446,4.05,310.68,17
2023123107,1780,0,3.9800125627942426,1.5159607643753152,6.22,331.63,17
2023123107,1929,1,1.7009703113223358,4.0422734188658715,8.67,93.69,17
2023123107,1956,1,2.6699250925821816,-7.374627339005545,2.81,271.98,17
2023123107,1997,0,5.961417616641201,1.5549892562447676,3.17,36.08,17
2023123107,2219,0,4.686768609607269,1.258251226596796,4.57,331.92,17
2023123107,2244,0,4.008952481634076,-2.1397331989867947,2.11,195.76,17
2023123107,2363,0,3.2838544425720193,0.44154214732763997,7.47,158.93,17
2023123107,2400,0,6.864874361559722,-0.6743985016386562,4.35,106.56,17
2023123107,2423,0,4.130012106519789,0.6281077341872721,3.28,102.6,17
2023123107,2514,0,4.778629510644243,0.28445029955062506,3.54,257.23,17
2023123107,2605,0,9.222326170766243,-2.0039794817628866,5.94,344.98,17
2023123107,2677,1,2.014869722835697,-3.1145287998303957,4.34,52.92,17
2023123107,2801,1,2.031181921936096,2.844274262281105,4.85,264.21,17
2023123107,2826,1,1.0159232254457051,8.039311696041505,9.49,261.57,17
2023123107,2909,0,7.448469641476695,1.6413617769420548,8.03,159.88,17
2023123107,2956,0,3.266818023704408,4.054864994342758,7.93,146.3,17
2023123107,3023,1,1.8335757415498282,3.6638159646032165,8.19,183.05,17
2023123107,3112,1,1.6860011862391988,2.6645915628618404,8.31,46.93,17
2023123107,3213,0,3.125267988509144,-0.23678394612185694,5.61,15.12,17
2023123107,3241,1,1.0000499987500624,-0.033034354159204624,6.28,79.62,17
2023123107,3330,0,4.460605340085581,5.265869139906162,8.75,237.46,17
2023123107,3448,1,1.6867127793432999,-0.7872427285741961,3.25,77.81,17
2023123107,3509,0,4.610097612849429,-1.685975634273304,8.53,1.39,17
2023123107,3544,0,8.384581086732954,-0.6432648214555381,8.52,165.99,17
2023123107,3589,1,1.244025723206721,-1.5772131901290416,1.43,103.42,17
2023123107,3612,0,9.902691553310145,-5.586880890174535,6.06,134.24,17
2023123107,3642,1,2.1918029108476076,4.635169132656528,7.44,358.33,17
2023123107,3696,2,1.4616429112474751,1.9071603357211013,6.06,191.99,17
2023123107,3719,2,1.015972440571103,3.8978920562183417,5.43,291.83,17
2023123107,3773,0,10.600627339926634,-2.6743363084000062,3.59,61.13,17
2023123107,3887,1,2.529822128134704,-4.7719734106521186,3.23,67.19,17
2023123107,3912,0,7.257857810676645,1.8886868758843465,8.99,19.98,17
2023123107,3935,1,2.0143485299222665,-4.487800370129908,5.86,75.51,17
2023123107,4280,0,7.133197039196378,0.3086000097627275,5.74,103.52,17
2023123107,4370,0,4.425257054680556,-3.4787974384759273,5.26,80.15,17
2023123108,100,0,11.065767031706388,2.9695017820903455,5.62,189.85,17
2023123108,151,0,10.04820381958885,2.158936188616294,6.82,24.24,17
2023123108,225,0,3.544925951271758,3.1649056185946134,6.58,153.22,17
2023123108,278,1,2.86698447850699,1.3502939822725948,4.46,30.22,17
2023123108,303,0,5.117264894452903,3.020812563190362,5.45,134.75,17
2023123108,456,0,8.361225986660088,4.784276864391934,6.32,23.32,17
2023123108,522,0,3.5900139275495877,0.34058084291100155,3.8,28.37,17
2023123108,599,0,5.737813172280881,2.867706501777961,7.55,337.32,17
2023123108,750,1,1.9284190415985856,6.379854480113432,8.29,324.39,17
2023123108,898,0,5.265140074110083,-0.9062611542897762,3.28,199.34,17
2023123108,944,1,1.581455026233755,0.9942301671427873,4.93,282.58,17
2023123108,991,0,4.080943518354553,-1.0251586424129624,2.71,189.14,17
2023123108,1048,1,1.1810588469674155,-1.427631449524023,4.3,289.29,17
2023123108,1218,1,1.5305227865013906,1.0271517474196008,6.04,189.67,17
2023123108,1432,0,3.892813892289228,-1.7779758740480847,6.58,197.28,17
2023123108,1626,1,1.277693233918065,-2.1806290627828497,6.62,125.46,17
2023123108,1649,0,4.937944916663207,-1.2090520826054023,4.3,55.31,17
2023123108,1674,0,3.098983704377932,1.5481145483776988,5.98,32.75,17
2023123108,1702,0,6.149552829271416,2.0742943663684095,5.81,161.03,17
2023123108,1734,0,3.7851287956950626,0.7115135172670183,1.09,29.59,17
2023123108,1764,0,3.5996110901040437,-1.4038872084540372,4.7,46.45,17
2023123108,1789,1,2.089234309501927,0.5907232109216314,9.72,75.04,17
2023123108,1819,0,4.310104407088069,2.680185064438196,7.45,56.17,17
2023123108,1915,0,13.598180025282794,-4.080786959289728,4.58,307.74,17
2023123108,1938,0,7.815682951604415,0.33548451390802647,3.23,279.0,17
2023123108,2065,0,7.676353300884485,1.353126116440041,5.48,337.49,17
2023123108,2117,1,1.48660687473185,3.0871180066026036,4.14,209.68,17
2023123108,2152,0,5.313049971532361,-0.7789921425299782,5.14,239.78,17
2023123108,2221,0,6.157377688594391,-0.21690583236314415,5.96,198.96,17
2023123108,2307,0,3.5885373064801747,-3.11680552325787,7.13,10.85,17
2023123108,2332,1,1.4649232061784005,-2.5629067477217964,8.18,100.13,17
2023123108,2428,1,0.9489467845985866,1.4726108362834909,3.94,284.57,17
2023123108,2508,1,2.9604222671774387,-4.442691109236404,6.05,336.04,17
2023123108,2545,1,1.413152504155156,0.39370072431875375,4.86,213.8,17
2023123108,2624,1,1.303610371238277,5.197586305159153,6.86,188.73,17
2023123108,2828,1,2.3600847442411887,6.586357804811575,7.71,187.24,17
2023123108,3209,0,5.346073325348237,-3.2463532013111442,4.2,180.37,17
2023123108,3256,1,1.2431009613060295,-0.9303792954772175,3.55,66.81,17
2023123108,3279,1,1.711636643683465,1.8513359934574214,5.14,136.41,17
2023123108,3381,0,3.389705001913888,-1.46566718067576,5.4,214.04,17
2023123108,3621,0,3.481292863290874,3.1952257291201853,7.89,31.21,17
2023123108,3675,1,2.9202739597510385,-2.733206876382863,6.36,53.79,17
2023123108,3705,1,1.8777912557044185,2.561965175497025,6.34,154.89,17
2023123108,3813,0,6.3700000000000045,-1.7717296075650564,4.27,204.55,17
2023123108,3843,0,9.990520506960584,-3.8277655897232017,5.05,207.08,17
2023123108,3900,1,1.3701459776242813,-4.344888950714482,6.23,204.58,17
2023123109,62,0,3.6716481312892713,-2.471909416167648,6.61,181.79,17
2023123109,117,1,1.6096272860510297,4.078469331607158,6.24,51.63,17
2023123109,184,1,1.1506954418958912,-3.0614933591915525,2.2,132.2,17
2023123109,209,0,5.085056538525403,-0.5623903716532342,6.4,157.8,17
2023123109,278,0,8.62751412632863,1.6835376111016516,8.02,174.71,17
2023123109,374,1,0.676017751246216,-2.698881425502478,1.42,30.02,17
2023123109,460,1,1.8369812192834174,2.6894826537930983,6.76,195.64,17
2023123109,562,0,4.5802401683754566,-3.524988529377314,3.29,92.11,17
2023123109,631,1,2.4326323191144192,3.9961320951369497,6.01,4.38,17
2023123109,766,1,1.040048075811877,-1.585940477803454,6.05,241.17,17
2023123109,976,1,1.359889701409643,5.188295406350818,8.95,59.12,17
2023123109,1086,1,2.637517772451969,4.1503560093842475,7.03,276.87,17
2023123109,1234,0,4.9144887831797925,-2.853182304279544,5.79,175.9,17
2023123109,1314,0,12.535122655961528,1.3951306779541626,5.44,174.11,17
2023123109,1369,0,10.12676157515323,-1.8722765344151355,5.86,348.49,17
2023123109,1428,1,0.8745856161634493,1.7836895026718484,5.16,357.16,17
2023123109,1451,1,2.5238264599611444,0.4645983449743115,1.1,237.08,17
2023123109,1520,0,3.8253104449181623,2.272139209409323,3.31,250.06,17
2023123109,1552,2,2.3807561823924757,0.038078425255870574,8.19,234.44,17
2023123109,1616,1,2.5770137756713685,-0.1284585627174809,3.07,110.81,17
2023123109,1639,1,2.373562722996801,-2.485518594079046,4.89,139.49,17
2023123109,1740,1,1.969009903479411,-4.653248248642127,4.75,269.06,17
2023123109,1768,0,4.750852555068407,1.4117399560270905,4.91,215.48,17
2023123109,1828,0,6.221133337262589,0.7926236288585008,4.37,329.23,17
2023123109,1853,1,1.6923947530053396,-1.5621601894818655,2.31,230.65,17
2023123109,1970,1,2.114426636230257,-0.0037386860016386247,7.23,277.19,17
2023123109,2015,1,2.0087060511682666,8.12817390938018,8.55,309.68,17
2023123109,2097,0,9.502825895490247,-3.08396907642509,5.72,190.66,17
2023123109,2144,0,5.18613536267614,3.457751629914819,5.57,168.6,17
2023123109,2235,0,7.626401510542171,0.47614637017894174,4.3,240.2,17
2023123109,2282,1,1.4835430563350689,5.621614276717736,5.61,17.37,17
2023123109,2416,0,4.198487823014375,-4.805048915998498,8.28,21.66,17
2023123109,2506,1,1.1576268828944802,0.6461245045010151,3.55,157.9,17
2023123109,2653,0,3.0540792393125575,-1.3425759229022698,5.12,301.59,17
2023123109,2678,0,5.25137124949284,3.5739713099565256,4.21,32.3,17
2023123109,2728,0,8.703562489004137,-1.4093295646116117,4.61,339.93,17
2023123109,2848,1,0.6152235366108894,4.6669045769736766,5.12,291.53,17
2023123109,2935,1,1.135297317886373,1.0016565720347619,7.25,292.72,17
2023123109,2977,0,9.294735068844076,1.6063606691137176,0.56,141.46,17
2023123109,3009,1,1.4303146506975324,6.446920269241138,6.35,178.55,17
2023123109,3034,1,0.9437160589923188,2.9227571002181354,7.13,352.37,17
2023123109,3057,1,2.5156311335328976,4.370691931768799,6.31,12.18,17
2023123109,3087,0,4.185510721524908,0.7998034491999537,6.38,152.45,17
2023123109,3114,1,1.296533840669032,1.500290640529819,4.92,316.41,17
2023123109,3168,1,1.8285786830213249,-3.1907040345753495,5.64,226.47,17
2023123109,3210,1,1.6814577009250038,6.58396690869584,7.91,104.36,17
2023123109,3240,0,3.5693136595149477,2.9531171541079444,8.02,174.96,17
2023123109,3364,0,3.312099032335841,-0.05324145682872339,5.91,63.22,17
2023123109,3389,1,1.8928285712129365,-2.697117981391718,8.39,99.41,17
2023123109,3453,0,5.749791300560392,-3.259668824228415,7.16,351.77,17
2023123109,3741,1,1.4005713120009333,5.984548378217981,8.56,83.22,17
2023123109,3883,0,14.478000552562504,0.19699019553967462,4.6,134.78,17
2023123109,3920,0,3.4835183363949773,2.345633752326167,8.08,156.15,17
2023123110,121,0,3.360952246016,1.4248547664543298,4.43,45.82,17
2023123110,168,1,1.6041508657230514,2.998681348316624,4.67,17.73,17
2023123110,249,0,6.130489376876862,-1.0709906203787918,4.58,82.3,17
2023123110,387,0,5.411330705103874,-1.8227928980398547,1.18,204.13,17
2023123110,459,1,0.682495421230063,-0.6820659164718744,2.05,244.14,17
2023123110,559,0,3.511182137115648,2.641496652757073,5.69,150.44,17
2023123110,606,0,3.631996696033739,2.7576143769657357,5.9,119.99,17
2023123110,631,0,3.122707158860728,-1.293233070576279,6.5,64.0,17
2023123110,815,0,5.640718039398886,1.2337596216385316,2.93,288.39,17
2023123110,914,0,15.734118977559563,1.219932583732622,5.3,165.38,17
2023123110,1039,0,7.149440537552575,-1.4803087338738763,3.92,214.09,17
2023123110,1108,0,3.2207452553718046,-4.472926332904104,7.4,229.33,17
2023123110,1244,0,4.62027055484849,1.075157083165742,6.85,4.15,17
2023123110,1274,1,2.4828411145298848,4.203700137771377,8.37,105.76,17
2023123110,1370,1,1.0143470806385755,4.524092541729304,6.79,151.57,17
2023123110,1393,1,1.1180339887498985,0.4903061117984844,5.29,37.48,17
2023123110,1457,0,4.27814212012644,-5.908623214625457,7.11,312.12,17
2023123110,1487,0,3.7884561499375984,-1.6415237490682295,7.01,306.87,17
2023123110,1662,1,0.6378871373526822,4.878817846609557,5.29,300.21,17
2023123110,1812,1,1.3727709204379268,-0.5883391735760233,1.59,173.56,17
2023123110,1877,1,1.3480726983364126,4.312978202945457,6.04,281.29,17
2023123110,1928,0,8.113550394247884,-1.9432035434218362,2.89,259.98,17
2023123110,2019,1,2.0924626639440893,0.8545342272952108,3.6,214.08,17
2023123110,2251,0,3.5072781469395897,2.3903333849198605,3.39,135.19,17
2023123110,2357,0,5.21253297351681,3.1276839529200458,7.93,47.91,17
2023123110,2600,1,1.0867382389517726,1.3755857211430846,2.38,327.43,17
2023123110,2678,0,8.417612488110864,0.8110527758150394,4.77,1.66,17
2023123110,2740,0,4.811164100298388,-1.9155499078627658,4.93,22.5,17
2023123110,2765,1,0.8799999999999999,1.8027301380384317,8.49,98.92,17
2023123110,2870,1,0.8045495634204229,3.0424853001328103,5.95,133.55,17
2023123110,2893,0,3.5672538457474547,-1.5017281153213908,2.8,11.88,17
2023123110,2957,0,4.79784326546835,1.7122724831339844,2.89,264.51,17
2023123110,2986,0,5.702385465750275,3.049808896124232,2.45,233.95,17
2023123110,3098,0,3.1676016163652916,5.026331886069425,7.16,161.72,17
2023123110,3145,0,5.170696278065459,-2.894103568289008,2.7,167.75,17
2023123110,3214,0,7.122029205219528,1.5864556712358546,5.65,347.53,17
2023123110,3239,0,3.3496566988275043,4.6203779744435245,1.5,319.86,17
2023123110,3507,1,2.7304578370668886,0.9322384888988026,5.61,289.03,17
2023123110,3530,0,11.225083518620254,0.7606831059078755,6.26,211.02,17
2023123111,99,1,2.802356151526785,5.444775264407441,6.15,191.4,17
2023123111,156,0,3.3301651610693472,-1.7082734256704546,3.95,290.19,17
2023123111,204,0,5.122675082415436,2.194670010172534,5.03,17.2,17
2023123111,239,1,1.2525174649480944,0.3703321290521773,7.83,246.57,17
2023123111,321,0,7.113937025304621,0.6013800476656863,2.06,80.48,17
2023123111,364,1,2.432817296880305,-2.9447775098169426,5.85,316.63,17
2023123111,679,0,4.142366473406234,-3.6342756503585774,2.94,266.84,17
2023123111,787,0,3.2585886515483957,-3.9845036349341836,5.56,52.0,17
2023123111,810,0,9.97445737872492,0.0264156794521081,3.2,65.98,17
2023123111,835,0,4.260575078554536,-1.9913623702801089,3.58,172.59,17
2023123111,902,1,1.7053152201279365,0.7469108299781433,3.48,321.27,17
2023123111,1215,0,3.5431765409022526,4.905006227711491,7.99,228.35,17
2023123111,1308,1,2.682032811134121,-4.007809531060817,4.06,308.76,17
2023123111,1333,0,4.350126434944163,3.9493131499076193,7.2,323.92,17
2023123111,1405,0,3.140350298931633,3.300535989435228,7.81,290.96,17
2023123111,1518,0,6.028283337733887,-0.2740002025745678,6.29,166.1,17
2023123111,1668,0,3.247460546334637,-1.80733066702848,5.74,32.86,17
2023123111,1802,0,7.102816342831906,-0.07817078124855048,2.19,17.58,17
2023123111,1837,0,8.98020044319725,3.841224045668546,4.69,276.51,17
2023123111,1909,0,5.390482353185102,-1.3458850496830763,5.64,148.06,17
2023123111,1934,0,4.240047169548946,2.387746614408428,6.47,145.08,17
2023123111,2012,1,1.7241809649801831,3.942808211576691,7.31,3.73,17
2023123111,2157,0,9.498657799921004,0.5855741467540312,4.86,187.12,17
2023123111,2182,1,1.5542522317822165,-0.007732262460964201,3.36,74.42,17
2023123111,2207,1,2.4954558701768326,-0.46538435239648024,4.06,28.46,17
2023123111,2307,1,1.940025773024676,-4.940315324577299,2.61,261.49,17
2023123111,2403,0,9.522000840159595,-4.713356515399214,8.24,343.26,17
2023123111,2552,0,12.070331395616279,-5.268913483480809,6.04,68.85,17
2023123111,2701,0,3.6497808153367255,-0.4786730092424517,3.05,288.79,17
2023123111,2769,1,2.3495744295510197,-1.1427660368061034,6.38,138.96,17
2023123111,2841,1,2.1431052237349437,5.177054211671977,6.73,343.15,17
2023123111,2886,0,9.341541628660655,-0.8103372837233188,7.79,352.97,17
2023123111,3055,1,1.0049875621120925,1.8570081414473933,6.98,104.45,17
2023123111,3134,0,8.963576295207178,1.2131636613706067,4.73,81.54,17
2023123111,3525,0,4.964524146381004,-1.6365058779062718,3.33,241.99,17
2023123111,3550,0,11.104737727654799,-0.5101386998451194,3.74,260.52,17
2023123111,3575,0,9.798168196147689,-0.5545121013004839,2.71,266.0,17
2023123111,3651,0,4.872627627882105,-4.529267220104057,1.79,307.75,17
2023123111,3676,0,9.161206252453873,-0.7703029455128609,3.68,251.76,17
2023123111,3704,0,4.103961500794078,4.024694728135567,6.59,308.44,17
2023123111,3729,1,0.6511528238439884,-2.6430308673116474,2.52,243.92,17
2023123111,3841,0,3.4949821172647,-1.2291928095962148,6.26,48.89,17
2023123112,99,1,1.2501599897613105,2.8779275109841915,3.65,348.91,17
2023123112,186,0,8.06972738077315,4.63684956439497,4.15,285.94,17
2023123112,253,1,2.7723816476091425,5.185594886443344,7.47,193.45,17
2023123112,288,1,1.2553883861180142,-2.486350823936785,4.95,220.49,17
2023123112,514,1,1.2432618388738557,-0.7528953076751526,3.42,233.49,17
2023123112,630,0,6.550923599004953,3.0632789700750718,2.36,333.56,17
2023123112,779,0,8.806730380793995,1.7613848445783293,3.49,81.3,17
2023123112,826,0,3.3118272901828707,-0.3967000984212844,5.01,12.98,17
2023123112,849,0,6.103769327227236,3.843100862927929,7.22,115.06,17
2023123112,946,0,6.327756316420535,2.6067163560357596,6.05,209.52,17
2023123112,979,0,6.406254756095798,1.0347041666183974,9.45,243.08,17
2023123112,1046,1,1.7537673733993349,1.8777849237563162,3.94,33.17,17
2023123112,1170,0,6.474079085090017,1.1085095744028821,3.57,289.65,17
2023123112,1239,0,3.8707234465923768,-0.3705823976750484,6.26,229.38,17
2023123112,1291,1,2.3769307941124405,2.5081783100424992,6.94,313.73,17
2023123112,1314,1,1.1901680553602483,-2.9565433956869143,6.51,270.97,17
2023123112,1402,0,9.191914925628934,0.3437627049459496,5.06,170.51,17
2023123112,1454,1,2.9732473829131645,0.21948716458885037,5.06,77.65,17
2023123112,1509,0,3.1971393463532385,6.1535872766514075,7.49,163.48,17
2023123112,1573,0,13.915750069615353,-2.9963373105703615,6.52,352.74,17
2023123112,1658,0,4.073033267725657,1.2675831213089999,6.28,349.42,17
2023123112,1683,0,8.506762016184535,1.8388596538681565,5.6,337.71,17
2023123112,1708,0,3.591169725869267,-2.0272733274667933,4.42,257.86,17
2023123112,1819,1,2.83196045170126,-4.589724555969569,2.58,99.59,17
2023123112,1864,0,3.674139355005472,1.4179530630747315,5.17,97.72,17
2023123112,1937,0,6.661005930037895,2.7301221703859295,2.98,251.46,17
2023123112,1972,1,1.9112822920751324,-5.052255218636884,3.71,239.83,17
2023123112,2091,0,4.604345773288538,0.013012850474456439,6.29,201.96,17
2023123112,2169,0,8.998360961864114,0.15051834711226897,5.72,324.46,17
2023123112,2194,0,3.8495843931520706,-1.0950776294128775,2.79,249.49,17
2023123112,2276,0,6.26764708642725,0.8433669332607413,8.13,139.74,17
2023123112,2313,0,5.398536838811055,3.05112208411389,6.14,164.55,17
2023123112,2432,0,5.910473754277221,2.805803986816729,1.37,246.98,17
2023123112,2457,1,2.792006446983964,0.7889945032544539,6.86,324.41,17
2023123112,2506,0,16.25578051032924,0.4326037298873826,6.13,185.06,17
2023123112,2653,0,3.9048303420251176,2.9157561225237822,7.32,75.91,17
2023123112,2706,0,5.8972620765911286,-1.0337130197302198,5.08,60.76,17
2023123112,2867,1,0.7209022125087393,4.243275121525863,6.26,335.59,17
2023123112,2982,1,1.8333848477611006,4.804353681562266,8.04,295.36,17
2023123112,3052,1,2.849719284420837,-4.325549407932996,1.81,53.82,17
2023123112,3077,0,8.757168492155442,1.7198987938823285,3.28,147.09,17
2023123112,3275,0,5.88300093489709,0.805899268945375,3.9,46.84,17
2023123112,3445,0,3.395776788895287,0.22666153903138886,6.27,36.59,17
2023123112,3544,0,4.360183482377782,-2.723666129832507,6.23,231.32,17
2023123112,3574,2,1.2605157674539427,4.659106167523136,7.48,214.11,17
2023123112,3597,0,3.720215047547661,-0.7292794814598412,6.21,335.45,17
2023123112,3620,0,4.5147314427327805,-2.1260007864633503,1.52,306.75,17
2023123112,3645,0,3.3955411939777718,0.5899210638710702,5.13,232.75,17
2023123112,3744,0,3.3987203474248933,0.34746551165022965,5.21,181.53,17
2023123112,3791,0,7.151181720527033,2.392609080394191,6.23,186.91,17
2023123112,3866,0,18.900719563021934,-3.152938162342932,4.52,144.9,17
2023123112,4073,0,13.451204407041033,-0.5255133161048742,5.31,201.72,17
2023123112,4107,1,1.949204966133633,-3.262285982717888,6.16,294.56,17
2023123112,4132,1,0.8041144197189821,-0.8007612470627753,4.46,252.57,17
2023123112,4155,0,3.085611770783868,0.8693493409505,5.69,323.73,17
2023123112,4243,1,2.35614091259415,-5.353304388975108,7.6,263.46,17
2023123112,4266,0,3.2390276318673146,-1.6773936256748656,3.26,304.57,17
2023123113,55,0,6.852999343353244,-5.926853992846956,5.9,288.65,17
2023123113,188,0,15.291997907402422,-1.6422148512649026,6.95,190.01,17
2023123113,240,0,4.929523303525402,-3.493869620886908,6.15,350.04,17
2023123113,328,1,2.620305325720647,0.579553763536067,6.96,210.45,17
2023123113,398,1,2.352806834400137,-0.2442190546000051,1.68,179.14,17
2023123113,488,0,4.179294198785247,-1.2799671853914683,5.63,161.03,17
2023123113,513,0,3.585080194361066,2.9043999319313003,8.51,12.78,17
2023123113,626,0,5.7002192940272085,-2.6576885993040125,6.11,63.21,17
2023123113,712,0,4.513557355346216,-1.6284836106503173,6.67,349.62,17
2023123113,742,0,4.027170222377,2.0690339825010735,7.66,293.65,17
2023123113,855,0,6.730713186579858,2.6120594076361607,5.44,180.87,17
2023123113,909,0,12.928866926378358,-1.0016603036123142,5.23,12.01,17
2023123113,956,0,4.458217132442076,1.0374035533639379,6.5,155.41,17
2023123113,1020,0,11.237090370732094,2.43444078960451,5.93,338.4,17
2023123113,1170,1,2.554153480118212,-0.9824769941470122,2.22,24.03,17
2023123113,1405,0,6.849350334155792,-0.5037960662668853,3.06,329.61,17
2023123113,1460,0,8.294703129105946,-2.1922777376904206,6.19,169.6,17
2023123113,1512,1,1.6857342613828519,-0.424684618123895,5.05,215.22,17
2023123113,1623,1,1.0824047302187854,4.861456372312996,5.43,127.68,17
2023123113,1724,0,6.140374581407882,-1.5070593062061481,4.71,273.8,17
2023123113,1749,0,7.314649684024522,-1.4825544244403304,4.95,347.84,17
2023123113,1774,0,3.184022612985025,4.306588463552212,6.91,5.35,17
2023123113,1925,1,0.9976472322419423,-4.413227054315602,5.2,167.85,17
2023123113,2060,1,1.7170323235163616,2.3584490216692546,7.94,336.82,17
2023123113,2138,0,3.86389699655672,-2.7019679076036605,7.67,62.84,17
2023123113,2161,1,2.083890592137701,-2.1516041870204843,2.7,106.01,17
2023123113,2208,0,3.752998800959041,4.12405635561344,5.47,149.34,17
2023123113,2255,1,1.0689246933250274,2.1669539387364765,4.52,163.09,17
2023123113,2407,1,2.164116447883525,0.17749743596431777,8.89,252.27,17
2023123113,2437,0,6.30328485791338,1.7996786363841046,2.74,219.95,17
2023123113,2462,1,1.8856563843924479,6.0392285829850945,8.56,249.88,17
2023123113,2532,0,6.02650811000865,-2.7712718715160847,4.99,349.58,17
2023123113,2555,0,5.114547878356409,-3.4229326526471873,4.19,236.82,17
2023123113,2602,1,1.3086252328302406,1.3766818915634742,8.1,8.15,17
2023123113,2625,0,6.762854426941335,-1.6886163893607817,7.0,334.42,17
2023123113,2741,0,8.03440725878394,-1.928746413712525,2.98,83.78,17
2023123113,2766,1,2.497779013443744,-1.0733948328040421,5.37,120.03,17
2023123113,2849,0,6.520506115325718,2.022630231270508,3.32,307.86,17
2023123113,2885,1,1.6337992532744108,2.87923079799953,6.54,276.13,17
2023123113,2974,0,10.76414882840255,0.737717939956466,2.59,25.57,17
2023123113,3066,1,1.046947945219821,0.42357437927063346,4.71,206.71,17
2023123113,3089,1,1.5174320413118938,1.1574226334103868,1.94,354.86,17
2023123113,3228,1,1.224948978529313,0.028140928356499284,6.94,43.42,17
2023123113,3427,0,13.903269399677184,0.9782975053127175,4.93,174.84,17
2023123113,3526,0,4.330219393979941,-0.08443107065502797,5.26,340.59,17
2023123113,3658,0,6.324365580831022,-0.6988404070008676,2.95,10.29,17
2023123113,3724,1,1.939123513343074,-0.7151170711112543,4.14,211.17,17
2023123113,3824,1,2.7945840477609534,4.445932331980866,7.65,282.39,17
2023123113,3903,1,1.7140595088852628,2.8904199756879154,7.46,259.4,17
2023123113,3933,0,3.090954545120325,-5.775904066202013,8.89,274.99,17
2023123114,62,0,7.1958460239224165,3.1817514634864263,9.27,256.17,17
2023123114,107,1,0.8778382538941923,5.292333489502825,7.03,249.43,17
2023123114,199,1,0.6700746227100399,0.8531947145131094,7.63,179.65,17
2023123114,240,0,7.460810947879588,3.784455693584814,7.06,342.81,17
2023123114,309,0,6.445246310266195,-0.8575480102976858,4.08,214.39,17
2023123114,334,0,3.8518696758846827,-1.9189659793750542,6.47,338.82,17
2023123114,364,0,5.685886034735483,0.7939735257395668,8.17,201.0,17
2023123114,417,0,3.0401644692351724,1.9164060492009063,6.21,215.24,17
2023123114,514,0,4.441643839841278,4.4349760310059985,7.1,195.13,17
2023123114,602,0,4.661812952060601,-2.7565531310444964,5.97,354.08,17
2023123114,629,0,8.899780896179411,-2.0857271659886614,6.01,180.65,17
2023123114,654,0,7.1086215260062895,2.1429169054222337,8.94,253.84,17
2023123114,815,1,2.4860008045050956,-4.031992306493209,7.65,78.11,17
2023123114,931,1,2.5109759058979435,-3.081895525546098,8.26,309.44,17
2023123114,1080,0,5.0142297514174645,-3.3739216462863624,7.64,58.28,17
2023123114,1139,0,3.1284660778087305,-5.094119803666238,6.92,323.97,17
2023123114,1174,1,2.4400819658363937,3.0330994482941818,6.76,357.71,17
2023123114,1249,0,11.301951158981353,-4.119380859829917,7.22,194.02,17
2023123114,1382,1,1.5201315732527902,-1.3209579451600932,5.94,47.64,17
2023123114,1412,0,10.185960926687283,-2.865282763704566,6.16,37.76,17
2023123114,1437,0,4.15550237636798,-0.453609683552221,6.48,164.15,17
2023123114,1634,0,5.367327081518327,4.23102289568399,5.93,348.52,17
2023123114,1734,0,3.973638131486056,5.264101429104826,6.44,353.01,17
2023123114,1878,1,2.8324018076537114,-3.5026394994393133,9.78,79.05,17
2023123114,1927,0,15.855043361656257,-2.3162119205958023,5.22,192.99,17
2023123114,1987,0,3.7481862280308347,4.867398457858889,6.78,49.74,17
2023123114,2017,1,1.2878664527038512,-0.07496056238403259,4.55,70.72,17
2023123114,2040,1,1.4812494725737435,2.532852195244195,5.02,16.38,17
2023123114,2169,1,1.2563439019631526,3.4656652251459965,4.39,302.69,17
2023123114,2340,0,12.14643980761441,-2.035932774084679,3.55,270.53,17
2023123114,2368,0,4.16850092959088,4.891089044890236,7.05,258.05,17
2023123114,2400,1,1.3793114224133696,5.241835251483461,5.91,352.84,17
2023123114,2445,0,6.067363513091996,4.56076915899037,6.09,345.04,17
2023123114,2544,1,1.5271214751944253,-0.9229832308994579,7.28,108.04,17
2023123114,2567,0,8.633944637302232,-1.5765604215396305,5.02,47.95,17
2023123114,2592,0,8.110055486863212,2.1519690571856027,5.93,20.93,17
2023123114,2644,0,13.38453211733604,0.035500816132514545,5.69,2.77,17
2023123114,2735,0,10.772135350059433,-1.9608334941036643,3.76,55.47,17
2023123114,2782,0,4.452864246751747,2.9948068897340865,9.04,154.3,17
2023123114,2922,0,3.64178527648185,4.760857926208918,5.59,354.76,17
2023123114,3021,1,2.981878602492068,3.0958285315742047,7.74,21.45,17
2023123114,3114,0,4.2678566049013416,-4.335668387554224,2.18,278.57,17
2023123114,3161,0,3.045586971340668,-2.006150123590005,5.99,309.56,17
2023123114,3186,0,4.656189429136235,-2.972600098424068,7.45,335.49,17
2023123114,3260,1,2.6780029873022864,2.664511395019843,5.34,348.26,17
2023123114,3285,0,4.992644589794068,-5.449254945962515,4.19,249.44,17
2023123114,3359,0,8.415444135635386,-2.37792842865698,4.91,357.61,17
2023123114,3439,0,4.1931491745465,-1.6820357223708406,6.13,31.85,17
2023123114,3464,1,1.2614673994994918,4.874231297359365,6.5,117.05,17
2023123114,3487,0,3.303891644712342,-2.324266904857265,2.36,66.41,17
2023123114,3545,0,7.551589236710383,-0.13933642341103314,1.36,136.67,17
2023123114,3570,0,6.34466705194213,-0.4215555927702921,7.63,175.44,17
2023123114,3595,1,1.24402572320672,-3.3274314085142755,6.3,61.32,17
2023123114,3618,0,3.281234523773024,2.581638013706436,7.29,125.05,17
2023123114,3648,0,21.20288895410246,-0.4548632107013827,5.69,164.65,17
2023123114,3685,0,3.1458544149403957,-0.5137834721470007,4.48,96.54,17
2023123114,3710,1,1.3588230201170435,2.6033994833959326,6.43,73.21,17
2023123114,3733,1,1.5347312468311782,-0.31076127710447166,4.08,114.91,17
2023123114,3756,1,1.018282868362223,4.292920688933968,8.02,190.69,17
2023123114,3924,0,3.9338657831705457,-0.3176227496632593,8.56,284.45,17
2024010600,77,0,14.774318935233527,-1.1185377540117973,5.05,344.58,18
2024010600,106,0,4.22689010976155,2.280877491977319,3.7,281.69,18
2024010600,178,1,0.7947955712005446,1.1764277535965693,5.65,309.31,18
2024010600,250,0,3.6739624385668432,0.47134043273244364,3.26,142.24,18
2024010600,275,1,2.995797055876785,2.0975289766878853,8.1,131.51,18
2024010600,448,0,9.849390844108079,2.385207552410832,7.69,3.64,18
2024010600,495,0,6.603544502765166,0.8261813744548205,6.97,179.68,18
2024010600,682,1,2.5126878039263105,-2.134835530012547,3.69,98.06,18
2024010600,705,0,8.061674763968096,-0.3728264576914178,3.86,179.95,18
2024010600,783,0,7.198736000160037,-1.131811467522232,4.54,315.08,18
2024010600,808,1,2.0229928324143915,1.6777225851245283,7.54,248.91,18
2024010600,1089,0,14.007005390161034,-0.9501265569540029,4.97,162.45,18
2024010600,1137,1,1.2657013865837372,2.369825956665169,3.45,100.25,18
2024010600,1189,0,3.5401271163617922,0.3529979558283839,3.76,287.79,18
2024010600,1371,0,6.686777998408498,-0.3571944704994545,4.21,106.12,18
2024010600,1467,0,6.749296259611076,3.0033601061389628,4.79,273.99,18
2024010600,1502,1,1.5198026187633715,5.311422445158364,8.32,342.36,18
2024010600,1571,0,4.31863404330582,1.0369946400578793,6.68,277.05,18
2024010600,1679,0,4.7794664974241625,4.153977323734322,5.94,26.65,18
2024010600,1709,0,4.524621531133842,-3.347936515201849,5.75,145.14,18
2024010600,1810,0,5.259781364277417,1.2772522272217972,3.82,44.36,18
2024010600,1989,0,5.756943633561123,-0.46040045907664306,4.35,71.5,18
2024010600,2428,0,3.8706330231629975,-0.5849178625270082,5.68,220.46,18
2024010600,2451,0,6.305751343020116,2.221159552893968,4.09,294.79,18
2024010600,2498,0,11.09461581128432,0.08382177658343526,1.03,346.33,18
2024010600,2571,0,9.153824337401275,0.8670076281132182,6.88,199.49,18
2024010600,2756,2,1.0200490184300002,2.7632245385630956,6.45,235.38,18
2024010600,2875,0,4.4653443316277395,-2.625713998804904,3.46,150.7,18
2024010600,2922,0,9.136897722969215,2.2008557596975797,6.91,23.11,18
2024010600,3020,0,3.1829703108888765,-2.833682282155397,5.18,68.99,18
2024010600,3120,0,8.1471467398102,-0.2413395134792381,5.13,337.66,18
2024010600,3355,0,5.225361231532228,5.293557851238376,7.45,349.75,18
2024010600,3506,0,4.868059161513961,-3.784450843869909,3.62,24.74,18
2024010600,3536,0,13.088548429829794,-1.924642737547359,3.15,92.69,18
2024010600,3565,0,5.889142552188731,-1.1548780489645427,4.16,70.07,18
2024010600,3617,0,9.125305474338921,2.186215463588484,5.86,162.3,18
2024010600,3691,0,5.294194934076378,1.5931392447634012,1.12,74.98,18
2024010601,112,0,5.551522313744219,-2.0425231785627216,6.35,156.71,18
2024010601,142,0,5.205862080385915,3.9250656899051424,8.32,162.34,18
2024010601,167,0,10.350309174126156,-4.623564107774103,4.72,323.78,18
2024010601,302,0,4.141316215890788,2.95185876469849,8.4,119.08,18
2024010601,403,1,1.745422584934662,6.526653229669885,10.2,282.73,18
2024010601,474,0,4.568435180671821,1.9674933185366266,5.27,125.08,18
2024010601,641,1,1.9019200824430045,1.2015026907036872,6.68,206.73,18
2024010601,759,0,4.828457310570326,5.727627600093932,7.77,179.51,18
2024010601,782,1,2.933189390407648,-1.3392274456045814,5.77,113.05,18
2024010601,875,0,3.2820268128094257,4.48532912891255,7.08,283.83,18
2024010601,898,0,4.027815785261287,-3.6533503605560957,4.6,281.52,18
2024010601,991,0,7.5190225428575514,-3.7463861030127985,5.83,353.64,18
2024010601,1255,0,12.287375635179385,1.3202024517511244,5.61,166.32,18
2024010601,1280,0,6.042929753025431,1.7310258200355992,0.9,177.83,18
2024010601,1305,1,1.429720252357088,6.407173282166869,7.36,34.01,18
2024010601,1350,0,4.4408332551448035,-0.7156071255306581,6.44,130.08,18
2024010601,1418,0,3.752292632511489,2.8781712392236036,6.98,278.71,18
2024010601,1555,0,5.0172203459684726,-0.44160878958662825,6.59,19.41,18
2024010601,1702,0,3.1047383142545275,-1.532644669312456,5.6,51.19,18
2024010601,1950,1,1.3648443134658261,-1.298544745134419,7.99,256.91,18
2024010601,2237,0,3.0200165562460124,-4.805678015937939,8.12,59.39,18
2024010601,2437,0,5.766567436525825,-0.725900797489462,7.94,249.42,18
2024010601,2566,1,1.0623088063270498,1.003229217437102,8.14,108.56,18
2024010601,2866,1,1.1410959644131606,4.589138980549005,5.87,41.28,18
2024010601,2950,0,5.971641315417393,-4.762326012053668,2.45,229.85,18
2024010601,2997,0,4.865603765207358,2.670480012828351,4.83,214.5,18
2024010601,3207,0,3.1976553910638907,-0.02633220966185823,3.58,82.99,18
2024010601,3282,0,3.4485939163664945,1.4067476139590382,4.95,324.1,18
2024010601,3349,0,7.115911747625885,-4.2159678039927915,5.47,318.9,18
2024010601,3374,0,4.4265110414411035,-0.1518970001082316,5.06,328.03,18
2024010601,3432,0,4.590533738030902,-0.5832902025032629,4.22,211.78,18
2024010601,3457,1,2.040833163195857,2.784066918150234,4.76,15.91,18
2024010601,3576,1,1.9513328778042975,-4.9248837744604925,6.68,273.32,18
2024010601,3697,0,3.1301916874210782,-1.2014611248835672,4.35,42.06,18
2024010601,3744,0,3.961615831955452,-0.5073134789243295,3.23,156.78,18
2024010700,85,0,4.889539855651043,-3.2733207295354014,6.67,9.65,18
2024010700,212,0,10.018552789699717,0.5445573199246982,5.57,185.44,18
2024010700,247,0,7.263952092353037,-0.048238751836078064,8.84,298.78,18
2024010700,272,1,1.2963024338479066,6.7773222192806175,8.65,343.95,18
2024010700,476,0,5.112426038584812,2.544830909243242,7.16,46.94,18
2024010700,578,0,3.776413642597957,-0.42813810306815275,8.01,167.54,18
2024010700,603,1,1.01921538449927,0.17354954590227378,7.4,75.86,18
2024010700,689,0,6.599674234384607,3.0210587591157165,7.64,216.94,18
2024010700,814,0,3.993957936683859,0.6040150059848214,6.4,3.38,18
2024010700,846,1,0.6236986451805062,2.7841179382699592,5.24,12.5,18
2024010700,869,0,4.4900111358436465,-8.053195233705008,6.76,163.3,18
2024010700,916,0,3.54682957019364,0.39558761686917576,4.75,133.11,18
2024010700,983,1,0.9702061636580196,-0.8768696165348302,1.77,297.6,18
2024010700,1040,1,1.5756268593800995,5.529600130931961,6.91,350.18,18
2024010700,1066,0,3.6881567211820085,-5.106171641376381,2.94,230.3,18
2024010700,1320,0,13.335493991600012,-2.1928602000254274,6.45,155.67,18
2024010700,1345,0,9.861642865161972,-4.241122480797786,4.85,24.8,18
2024010700,1448,1,1.8784301956687146,0.2890284830203127,4.54,241.09,18
2024010700,1495,1,1.5682155464093552,1.1977107617032212,5.1,310.78,18
2024010700,1707,1,2.7387953556262676,2.9516213130421423,4.84,197.88,18
2024010700,1813,1,1.3398880550254921,-1.7588286008956089,3.26,327.72,18
2024010700,1933,1,0.7684399781375261,2.3905055775082893,4.71,45.63,18
2024010700,1981,1,2.3022163234587714,3.7007377534228416,6.74,153.34,18
2024010700,2011,0,3.8108398024582466,3.8220587982204424,7.81,21.64,18
2024010700,2041,1,1.2106196760337198,0.7875147220410268,8.12,78.39,18
2024010700,2073,0,3.7760429022986473,2.7253398465534286,7.11,12.13,18
2024010700,2110,0,4.874628190949539,2.4423062173888925,5.88,19.4,18
2024010700,2140,0,5.062815422272471,1.5675600694905476,4.51,31.49,18
2024010700,2165,0,12.93171295691334,-1.2096797505345673,6.72,10.6,18
2024010700,2202,0,3.7002837729017477,-0.4365955086363691,4.36,43.58,18
2024010700,2340,1,2.743319157517044,1.846726661803177,7.1,62.86,18
2024010700,2396,1,1.0495713410721603,1.0442612254450148,6.63,311.39,18
2024010700,2516,0,3.188636072053376,6.069875526457645,8.19,103.46,18
2024010700,2608,0,8.025073208388818,-1.5064062876717936,5.23,217.56,18
2024010700,2660,0,4.758245474962384,0.4517951452115431,9.39,297.9,18
2024010700,2724,0,3.5802234567132816,-6.63613736790012,7.61,2.5,18
2024010700,2793,0,4.107614879708174,-4.071273346006973,5.48,73.58,18
2024010700,2816,0,4.980040160480641,0.7938544909122642,7.36,39.09,18
2024010700,2873,0,7.678131283066213,-1.7717919657004582,4.6,29.34,18
2024010700,2929,0,10.453114368454978,-2.508876179596386,6.98,13.4,18
2024010700,3073,0,5.261577710155005,-0.39882620058650353,6.04,25.54,18
2024010700,3148,1,1.1923086848631093,-0.28887343299483925,8.54,252.32,18
2024010700,3222,0,6.536000305997537,-2.3654984209396814,4.7,119.95,18
2024010700,3434,0,3.893070767402008,2.5885242715864174,3.19,263.68,18
2024010700,3578,0,3.4725494956875687,-0.5990202671726383,6.62,143.31,18
2024010700,3687,1,2.3306007809146507,3.7026714527632194,6.4,334.65,18
2024010700,3770,0,7.095139181157762,2.5581544910835414,4.71,23.66,18
2024010700,4124,0,7.1216290271257465,-3.7781992409386005,3.29,207.6,18
2024010700,4183,0,8.527889539622336,3.3651003262949444,6.92,346.98,18
2024010700,4208,1,1.7925400971805345,1.5709998174648816,4.33,226.27,18
2024010701,107,1,0.6691038783328043,0.8612729123602243,6.66,257.45,18
2024010701,183,1,0.9449338601193137,4.790779695270708,7.91,171.64,18
2024010701,206,0,4.49036746825914,0.18926377435968877,7.35,37.49,18
2024010701,233,0,3.140859754907879,2.5030259760960005,7.81,349.16,18
2024010701,275,1,0.8514693182963196,3.6303505153115188,5.05,322.21,18
2024010701,395,1,1.2419742348374232,6.574729977052528,7.71,100.95,18
2024010701,420,0,3.411040896852453,-0.8692621695236146,4.23,90.41,18
2024010701,711,0,5.815995185692639,-0.24173147731346298,0.97,20.3,18
2024010701,765,1,1.0978615577567175,0.5216958024592087,6.28,37.93,18
2024010701,795,0,8.562925901816506,3.811257655132283,7.06,17.24,18
2024010701,926,1,0.9899494936611706,7.045599810443907,8.13,108.22,18
2024010701,1000,0,3.589498572224266,0.9371504341941366,3.26,174.66,18
2024010701,1078,0,6.5545404110433285,0.7020998660297425,6.04,346.87,18
2024010701,1215,1,2.175545908502046,-0.6643963894333202,6.15,196.24,18
2024010701,1280,1,1.7602840679844836,2.2320294792955853,7.21,112.45,18
2024010701,1354,1,1.1660617479361868,-0.6062093188477888,8.86,130.76,18
2024010701,1397,1,1.8334939323597483,-2.829106719785786,3.56,275.94,18
2024010701,1548,0,5.676513014166349,0.918441279115882,1.84,245.28,18
2024010701,1678,0,7.564178739294833,4.7537390813996945,4.24,29.48,18
2024010701,1726,0,9.768546463010757,1.0118553263418897,1.19,70.16,18
2024010701,1925,1,0.8041144197189847,0.2054807361807066,5.77,36.2,18
2024010701,1955,0,3.649013565335159,0.5355979902444965,3.56,62.36,18
2024010701,2023,0,5.907706830911631,1.1886065379598436,7.1,345.51,18
2024010701,2171,1,2.542754412050043,-0.3909966256563122,5.42,2.82,18
2024010701,2357,0,4.465747417846201,-4.325915959708735,3.9,281.03,18
2024010701,2382,0,3.27914623034716,-6.828888868293765,3.11,252.47,18
2024010701,2476,0,7.2842089481288195,0.8269725653099853,5.24,186.25,18
2024010701,2533,0,5.4808119836389215,-0.6169591816346284,6.49,305.07,18
2024010701,2580,1,1.1607756027760063,7.530487615187843,7.81,326.45,18
2024010701,2667,0,5.306646775507109,-0.4447101556933922,3.15,111.6,18
2024010701,2692,1,1.4582523787054138,-0.977859758011772,8.72,134.52,18
2024010701,2876,0,10.206414649621085,2.061122210966256,3.5,339.28,18
2024010701,2921,0,7.807797384666177,2.9870253418305692,6.15,14.63,18
2024010701,3033,0,17.24482821022002,3.1904125441595728,5.25,330.89,18
2024010701,3112,0,7.430107670821464,-2.2476989987925715,3.68,42.37,18
2024010701,3177,0,8.02301688892651,2.3673951635281116,8.91,198.04,18
2024010701,3256,1,2.807863956818425,-1.6639120870516222,5.75,313.51,18
2024010701,3282,1,2.0056919005669838,-1.3544553594052613,8.61,253.68,18
2024010701,3440,0,7.676353300884472,3.004253655057483,6.64,207.88,18
2024010701,3487,1,1.4458561477546745,0.08319004494818216,2.32,257.14,18
2024010701,3588,0,5.59604324500803,1.9585550027060834,5.92,198.81,18
2024010701,3611,0,4.845719760778576,-1.4106590275182156,6.75,200.77,18
2024010701,3636,1,0.9808159868191424,2.4741005624863934,7.2,308.81,18
2024010702,77,0,3.4766938317890403,-1.0880222579871413,3.62,290.45,18
2024010702,204,1,2.5128668886353673,-5.256771849920487,8.19,282.16,18
2024010702,372,0,3.3811980125393415,5.594690200531969,6.6,144.23,18
2024010702,623,1,2.589903473104738,-2.681018402468429,2.41,252.26,18
2024010702,648,1,1.4182030884185781,0.3907557963564452,5.0,334.45,18
2024010702,673,0,3.698012979966404,1.2758454319042611,7.07,239.38,18
2024010702,767,0,3.742138426087414,3.198789707219543,4.42,149.63,18
2024010702,945,0,6.594368809825537,-0.2906774131529092,6.35,197.02,18
2024010702,1011,0,3.430481015834372,0.9671347905154511,6.98,321.98,18
2024010702,1100,1,2.9882603634890996,-1.5698703413171629,6.39,59.76,18
2024010702,1213,0,3.880322151574534,2.6713560307193847,6.9,238.08,18
2024010702,1260,0,4.542092029010424,-2.761645161108987,9.04,207.1,18
2024010702,1327,0,3.0587088779418017,4.115410870670341,6.74,278.6,18
2024010702,1350,0,4.4387836171636055,0.04080776335315495,5.84,278.28,18
2024010702,1528,1,1.4424978336205512,-2.051158942757903,3.97,125.77,18
2024010702,1679,1,1.284250754331098,-1.881646950669515,5.5,241.72,18
2024010702,1704,0,3.4121107836645646,-0.5261960028010784,5.67,198.84,18
2024010702,1832,0,4.39956816062667,-3.2870518558938104,4.57,65.97,18
2024010702,1942,0,6.122483156367192,-1.5330875876090153,4.92,75.56,18
2024010702,1967,0,4.728689036086013,-0.8503084811016594,2.19,51.29,18
2024010702,1999,0,6.08489934181331,-1.007508504035286,6.54,328.58,18
2024010702,2027,0,9.642095207992917,-4.294385431604265,4.1,270.56,18
2024010702,2052,0,3.9457572150349063,4.241581060190305,6.33,209.6,18
2024010702,2102,1,1.5769908052997623,7.226139021476714,7.75,316.8,18
2024010702,2159,0,13.319767265234036,-0.7950106618661604,5.08,71.01,18
2024010702,2184,0,8.220735976784555,-1.6279984537222625,6.78,169.96,18
2024010702,2389,2,2.417540072056721,2.8077395979586894,7.24,36.63,18
2024010702,2462,0,6.645359282988397,-0.3816781834058923,6.25,342.92,18
2024010702,2492,0,7.593944956345152,-3.048946460830434,6.67,342.0,18
2024010702,2522,1,0.7409453421137046,3.708985034856532,7.24,221.28,18
2024010702,2623,0,5.0170210284590215,-3.252289085917509,4.3,284.27,18
2024010702,2646,0,4.779633877191852,-4.368714212567272,5.67,271.77,18
2024010702,2703,0,4.496798861412414,1.2194481579234577,4.15,310.98,18
2024010702,2748,0,3.022730553655089,1.023069403676029,2.07,220.0,18
2024010702,2773,0,5.0360698962583905,-0.2933858521007348,7.48,189.65,18
2024010702,2873,1,1.1300442469213343,0.8426614329350317,8.18,0.6,18
2024010702,2956,0,4.678226159560909,-0.29520581397553547,5.0,225.28,18
2024010702,3058,0,8.28604248118485,1.5805291468510871,7.29,334.73,18
2024010702,3083,1,1.4023551618616428,1.080636309349026,4.79,210.61,18
2024010702,3185,0,4.356569751536172,1.147403189276082,6.82,28.05,18
2024010702,3242,0,10.617141799938441,-3.023646405446234,6.02,178.56,18
2024010702,3294,0,3.2344705903748747,5.076789184432763,6.28,219.34,18
2024010702,3354,0,5.884895920914831,-2.1640845798834074,6.6,328.2,18
2024010702,3408,0,7.295546586788404,2.147779107365585,6.47,24.04,18
2024010702,3502,0,8.317114884381473,-0.5337780628565293,4.16,69.27,18
2024010702,3534,0,7.254598541614824,-2.7448279826158557,3.59,61.77,18
2024010702,3581,1,1.239072233568324,3.1511965901242567,6.04,85.06,18
2024010702,3604,0,4.436146976825718,-3.1828570990248326,5.87,141.88,18
2024010702,3732,0,4.721408688092989,5.154722234402239,8.17,349.11,18
2024010702,3960,1,1.79354397771563,-2.8637020866117058,9.29,55.84,18
2024010702,3990,0,3.003414723277484,1.1435628823767416,2.96,65.24,18
2024010702,4013,1,1.2203687967167993,2.2837493127891584,5.27,28.97,18
2024010703,104,1,0.8602325267042621,6.7301483799956845,7.7,3.49,18
2024010703,147,0,5.398008892174965,-2.4861809767430785,7.05,351.54,18
2024010703,267,0,3.2812345237730276,-6.559373684253713,2.47,270.43,18
2024010703,341,0,7.073422085525514,-0.7399591413882985,7.4,77.91,18
2024010703,427,0,7.340435954355845,0.8484407414724128,5.61,26.96,18
2024010703,544,0,14.717064924773554,0.8935737221729102,5.14,198.49,18
2024010703,624,1,2.355100847097633,0.38265755779421173,6.49,163.65,18
2024010703,654,0,9.657334000644276,-0.38897052999435655,1.77,325.45,18
2024010703,701,1,2.7209005862030238,3.3710852320763083,8.28,167.58,18
2024010703,937,1,1.0677546534667945,0.622852230271083,7.58,276.37,18
2024010703,1052,0,8.742082131849369,-3.708563768819701,8.13,180.27,18
2024010703,1110,1,2.922054072052743,4.800845475965941,8.89,96.33,18
2024010703,1186,0,6.8606850969855815,1.020890638654069,6.57,55.91,18
2024010703,1395,0,6.5101766489090025,2.2823349092625875,3.95,351.61,18
2024010703,1442,1,1.281600561797632,-1.5690169122617883,7.6,240.4,18
2024010703,1465,0,5.213108477674333,-5.563397010949918,7.49,188.41,18
2024010703,1549,0,5.217250233600068,1.8681910774512422,5.4,27.36,18
2024010703,1609,0,6.791789160449551,-1.3327478294029245,6.29,6.5,18
2024010703,1661,1,1.3710215169719286,-2.1657458114462615,7.39,51.17,18
2024010703,1684,0,4.036545552821126,-0.7861711699986831,5.64,155.22,18
2024010703,1735,0,3.9966485960114184,-2.972297877182182,4.72,343.18,18
2024010703,1787,1,0.9918165152889873,-0.6643215113083583,3.58,355.79,18
2024010703,1862,1,2.9851800615708264,-3.346590639623127,6.87,345.54,18
2024010703,1958,0,5.731195337798214,-1.788944479372554,7.28,51.07,18
2024010703,1988,0,3.048688242506935,-2.9532801409344493,6.92,116.32,18
2024010703,2013,0,10.303615870169073,0.5374516315794675,7.08,154.74,18
2024010703,2063,1,2.885914066634696,1.1299346823916563,6.05,70.38,18
2024010703,2093,0,6.444571358903549,0.3390140744137196,3.34,85.97,18
2024010703,2211,0,3.2535826407208397,-2.5201849766741855,3.07,111.97,18
2024010703,2236,0,7.244618692519294,-0.020816740021567526,6.71,9.57,18
2024010703,2333,1,1.4373586887064744,0.8521140973363388,4.29,58.56,18
2024010703,2356,1,2.1137644144984598,-2.427372514736972,1.18,24.65,18
2024010703,2381,0,5.788929089218486,-0.2541340630385447,4.07,264.3,18
2024010703,2415,1,2.379180531191356,-1.002203682250664,8.94,275.43,18
2024010703,2460,0,3.6824584179593907,-1.351224923582683,5.18,359.47,18
2024010703,2515,0,13.708263930928675,1.2328567642011483,4.74,327.55,18
2024010703,2601,2,0.7684399781375236,2.6236567452422896,4.58,243.34,18
2024010703,2856,1,1.2175795661885902,5.397986068684906,5.05,181.72,18
2024010703,2897,0,4.310046403462497,-0.17500716746828893,4.95,146.28,18
2024010703,2973,0,4.566858876733549,3.0100255981106767,6.95,18.93,18
2024010703,2998,1,2.137404968647733,4.120517531949384,5.01,43.14,18
2024010703,3033,1,1.1742657280190028,2.2993240675185036,8.56,76.49,18
2024010703,3132,0,4.534357727396466,6.383448410064321,8.5,85.5,18
2024010703,3213,0,3.566244523304596,2.743648369977878,7.84,271.24,18
2024010703,3238,1,2.549215565620136,3.8418204030855887,9.22,264.56,18
2024010703,3383,1,2.258871399615307,0.45207224065342744,1.74,201.89,18
2024010703,3454,0,11.585240610362826,5.867497707100554,2.88,352.62,18
2024010703,3479,1,1.390863041424285,-6.215574708906756,7.71,81.77,18
2024010703,3664,0,8.32803698358743,-1.064426844746549,6.7,194.61,18
2024010703,3733,0,12.297857536985859,3.3165790673455144,7.01,355.33,18
2024010703,3778,0,3.7064808106882245,-3.6797640519104142,2.11,253.12,18
2024010703,3868,0,3.0771740282278515,3.6965647733342726,5.74,305.47,18
2024010703,3893,1,1.8391846019364113,4.2767693966425995,8.27,184.3,18
2024010703,3916,1,1.2660568707605555,4.329794484903399,5.43,333.25,18
2024010703,4084,0,4.029714630094794,-4.101551219226348,3.83,230.02,18
2024010703,4109,0,5.593710754052268,-0.28986757485799386,6.91,255.76,18
2024010703,4132,1,0.9394147114027944,-1.1000942725068057,5.77,243.59,18
2024010704,100,1,1.2924782396620849,5.46026662002171,8.04,124.26,18
2024010704,149,1,0.6706713054842894,3.786088141947259,8.36,241.79,18
2024010704,393,1,1.7803651310896875,7.938017374479718,8.76,225.07,18
2024010704,487,0,3.0513767384575763,2.852078951360928,4.99,60.49,18
2024010704,710,1,1.351480669488099,0.308162861299432,5.0,190.03,18
2024010704,742,1,2.8031767693101353,1.7696606440250653,6.1,208.51,18
2024010704,808,0,4.095180093719935,4.574438341436988,2.44,95.68,18
2024010704,833,1,1.3513326755466262,1.6646024058664433,8.32,101.63,18
2024010704,965,2,0.8926925562588679,-1.0510327171849339,6.21,45.99,18
2024010704,1079,0,9.148223871331526,3.5064557978749953,2.38,165.34,18
2024010704,1104,1,1.1884864324004698,4.866226651453433,8.67,260.55,18
2024010704,1212,0,7.026186732502914,-0.31905449584078527,6.46,341.42,18
2024010704,1242,1,0.9464142856064675,-1.4453169700066897,6.1,247.37,18
2024010704,1354,1,1.8233211456021676,-1.3092117542387465,6.31,56.41,18
2024010704,1455,1,0.9360021367496991,-0.16568922737056457,7.05,123.45,18
2024010704,1478,1,1.2625371281669255,0.23730956679253296,1.0,169.68,18
2024010704,1593,1,1.5747063218263835,0.691823592533094,2.02,49.11,18
2024010704,1678,0,8.069306042033606,-0.04633115696834941,3.0,358.72,18
2024010704,1711,0,8.502434945355365,-0.6297681071842579,5.52,154.09,18
2024010704,1870,1,0.7762087348130032,0.1655326354624993,8.32,121.38,18
2024010704,1921,1,1.6551737068960477,-2.3909632639364036,8.89,257.85,18
2024010704,1944,1,0.9192388155425153,-1.6840043865290113,6.69,322.91,18
2024010704,2224,1,1.5438264151127858,2.060416918509496,7.5,215.23,18
2024010704,2385,0,3.5761990996028126,-1.8223656559281785,5.73,51.55,18
2024010704,2427,1,1.77800449943188,2.023622082864266,3.94,2.26,18
2024010704,2481,1,1.5534799644668702,-4.5756045530913925,6.03,267.32,18
2024010704,2504,1,1.2872451204024769,3.078333692926058,4.75,206.47,18
2024010704,2821,1,2.353083083956026,-4.396014260703428,6.01,265.7,18
2024010704,3009,1,0.9687620966986695,-3.4025233469825262,3.97,78.2,18
2024010704,3081,1,2.319353358158264,4.931811749276886,5.97,136.97,18
2024010704,3155,0,9.141230770525379,-0.23498894505869253,0.38,182.55,18
2024010704,3185,0,7.3806029563986195,0.25864643000638754,7.46,340.28,18
2024010704,3374,0,7.2578233651694815,0.5799991507889111,0.38,61.33,18
2024010704,3564,1,2.437067910420225,1.4565193126337723,7.37,107.83,18
2024010704,3632,1,1.7361163555476327,-1.108098479955284,4.68,119.89,18
2024010704,3768,0,7.386609506397369,3.575900734342936,3.7,99.58,18
2024010704,3793,0,12.343115490021146,-2.1050227988713726,3.65,103.77,18
2024010704,3838,0,10.751902157292912,-3.4974129489613177,3.49,110.83,18
2024010704,3870,1,2.5921805492673595,-0.7876177703244418,5.59,54.78,18
2024010705,55,0,5.256938272416751,0.4699722822651952,2.34,99.74,18
2024010705,80,0,4.184017208377617,0.00127813392086229,5.72,126.64,18
2024010705,130,1,0.7017834423809133,-2.7925899064212736,5.82,64.95,18
2024010705,153,0,6.096900852072303,2.4092591064855267,5.46,156.88,18
2024010705,200,1,2.1755459085020474,2.8121438538573456,1.44,37.47,18
2024010705,223,1,1.0,3.230905517055531,6.79,135.0,18
2024010705,328,0,4.032083828493648,1.0779548186366374,3.5,229.67,18
2024010705,418,0,4.431365478043987,2.649212576277663,7.57,161.18,18
2024010705,494,0,5.0188644133907365,0.8850609001831294,0.4,338.41,18
2024010705,519,1,2.972154100984673,-0.9577144864037357,8.86,116.35,18
2024010705,560,0,10.996954123756264,-1.9752430653284074,4.42,205.12,18
2024010705,789,1,1.0501904589168585,1.6230268479170245,8.13,98.12,18
2024010705,812,0,6.26869204858557,-0.6114064063379724,5.26,174.87,18
2024010705,995,0,5.695752803624816,2.2597248711012146,1.9,0.68,18
2024010705,1042,0,5.052088676973109,-2.1386370473914273,4.74,76.11,18
2024010705,1115,0,3.8546724893303126,-2.246594408322414,4.25,5.08,18
2024010705,1215,1,2.172210855326895,2.7930991332559323,5.28,37.91,18
2024010705,1385,0,9.913571505769248,-5.351256981199303,4.18,344.52,18
2024010705,1462,0,3.0331831464651104,7.839775033611513,8.3,190.16,18
2024010705,1561,0,11.90425974178991,2.0409880531050186,3.38,29.19,18
2024010705,1596,0,8.648011332092485,-0.3544392465370312,5.79,11.04,18
2024010705,1683,1,1.9906029237394427,-1.7280549489679438,6.69,256.3,18
2024010705,1715,1,2.9475752746961383,1.3091217760512697,4.51,250.96,18
2024010705,1816,0,8.949502779484455,-0.8787418859260577,5.75,99.99,18
2024010705,1859,0,3.848869964028406,2.553177270517785,5.33,221.69,18
2024010705,1884,0,11.796355369350314,-1.9018928265548358,4.77,339.31,18
2024010705,1936,0,5.7744956489723025,-2.88679635906689,6.3,339.9,18
2024010705,1973,1,1.794463708186935,4.136504110265981,5.7,194.85,18
2024010705,2027,1,2.019430612821345,0.8990661555049583,4.15,234.15,18
2024010705,2346,1,1.890026454841308,-0.7717274710234139,8.2,281.37,18
2024010705,2440,0,3.200031249847415,-2.080805367736298,2.62,89.13,18
2024010705,2587,0,3.5938836931653744,1.2672694005496674,5.7,178.82,18
2024010705,2612,0,4.968400144915871,-1.0442869277672187,5.25,7.73,18
2024010705,2709,1,2.37697286480094,0.20920177651884697,4.09,239.42,18
2024010705,2874,0,5.173673743095908,-3.0998984537558902,5.86,331.09,18
2024010705,2975,0,4.881936091347365,1.311646621851984,4.62,228.47,18
2024010705,3000,0,3.62249913733599,5.408191833866068,8.51,331.07,18
2024010705,3130,0,4.133497308575387,-1.6469024584898453,6.05,46.57,18
2024010705,3199,0,7.880310907572114,-0.9277655606769717,4.42,105.57,18
2024010705,3462,0,3.8626415831655936,-2.486138972633625,6.26,275.72,18
2024010706,84,0,4.300697617828989,1.3990836561586426,2.14,267.66,18
2024010706,153,1,2.135064401838968,8.434989967073172,7.89,181.9,18
2024010706,178,0,8.358528578643497,-0.7027649629894063,2.1,225.29,18
2024010706,338,0,4.74405944313517,-1.516762523632802,6.2,35.69,18
2024010706,361,0,4.209536791619717,-2.5333171449010448,5.61,15.24,18
2024010706,408,1,1.9749683541768521,-4.412958799268943,6.5,55.9,18
2024010706,455,0,5.122899569579706,-0.6887911554260855,3.34,50.9,18
2024010706,524,1,0.8697700845625792,4.650384227347922,4.8,61.81,18
2024010706,588,0,5.537544582213312,-3.5708086453971646,6.5,257.95,18
2024010706,625,0,6.283565866607905,-2.6749324577110505,5.35,235.14,18
2024010706,783,0,3.5678845272794337,-4.6405981333465816,7.1,242.93,18
2024010706,902,0,3.8462969204157917,-1.7476909709666892,4.67,316.86,18
2024010706,956,1,0.909065454189082,1.0350384017472303,2.51,244.77,18
2024010706,1103,1,1.4650938536489726,5.780336427099386,7.53,179.11,18
2024010706,1214,1,1.9436563482261984,4.885077631455082,8.33,14.34,18
2024010706,1261,0,7.795800151363554,-0.09673424830515859,5.46,50.63,18
2024010706,1356,0,3.4033072150483283,-0.5993853238781397,4.49,274.81,18
2024010706,1381,0,10.516596407583592,-0.7683894660385533,3.79,272.73,18
2024010706,1406,0,7.370549504616327,-0.5150775326128278,6.15,340.33,18
2024010706,1438,0,6.7018877937488615,3.308768208401064,5.29,184.48,18
2024010706,1461,0,6.397265040624779,-1.9851699122040418,3.39,265.47,18
2024010706,1486,0,4.039418274949996,0.020966260586255947,7.78,244.95,18
2024010706,1516,0,7.894536085166753,1.5131131032135015,5.19,319.84,18
2024010706,1629,1,2.4126748641290234,-5.362331915644155,7.17,58.58,18
2024010706,1713,0,5.633915157330641,0.4789268453937866,2.43,75.39,18
2024010706,1782,0,4.32902991442656,-3.513470822072979,3.82,100.14,18
2024010706,2062,0,6.786574983008732,2.082132235682701,6.25,44.04,18
2024010706,2141,0,5.269838707209169,1.615815327670762,3.53,80.37,18
2024010706,2285,1,1.5044268011438748,0.5622313635536579,5.37,122.42,18
2024010706,2310,0,3.3018933962198087,5.52623916143804,6.58,47.2,18
2024010706,2375,1,1.918019812202155,4.661430670625586,7.33,68.54,18
2024010706,2420,0,3.73430046996757,5.4096634799524175,6.24,88.53,18
2024010706,2504,1,1.76025566324895,5.105665687977528,6.75,255.79,18
2024010706,2586,1,0.8637708029332801,3.3230687453356014,6.98,224.81,18
2024010706,2724,0,7.406247362868731,3.494061254173588,7.25,156.86,18
2024010706,2992,0,5.210153548601033,-1.0152608319087202,4.11,311.36,18
2024010706,3017,1,1.4222517358048836,5.283837765957727,7.79,322.94,18
2024010706,3086,0,5.671446023722691,0.5565687573704943,5.28,199.61,18
2024010706,3147,0,6.1060052407445555,0.43704036190695617,4.67,271.44,18
2024010707,121,0,3.1261797773000803,4.027238672768048,8.77,107.37,18
2024010707,155,0,5.120390610099974,0.7794850522248851,7.57,154.07,18
2024010707,185,0,8.222943511906182,-1.039520259584699,1.42,238.47,18
2024010707,215,0,10.156854828144391,-2.4330617357566036,6.22,148.77,18
2024010707,287,1,1.4984325143295627,-4.476114523883938,7.36,254.41,18
2024010707,341,0,3.5700140055747647,4.159969196288336,6.12,343.89,18
2024010707,371,1,1.7407182425654082,0.9206228076098923,5.49,228.13,18
2024010707,443,0,4.100548743765886,-1.5221161785168191,7.94,230.71,18
2024010707,468,1,0.8778382538941886,1.7824577267377735,5.55,289.92,18
2024010707,643,1,2.279758759167295,-0.6450048582808074,4.44,301.29,18
2024010707,690,0,4.013103537164222,2.7383823604234028,7.27,237.92,18
2024010707,800,0,4.550802127098038,0.07396879156860181,7.83,95.28,18
2024010707,968,2,2.0717142660125694,5.24025068415227,8.09,201.98,18
2024010707,1098,1,1.733666634621549,2.6141086795105575,4.28,158.82,18
2024010707,1123,0,3.1244359490954516,-5.394410038441358,5.03,153.05,18
2024010707,1153,0,5.3175182181164224,2.748976137351369,3.7,103.1,18
2024010707,1205,1,1.2664912159190052,7.3190204345619385,7.72,295.49,18
2024010707,1240,1,1.619876538505324,-0.9012333177826582,5.24,227.47,18
2024010707,1336,0,11.984323093107932,-5.471477785915214,3.08,195.82,18
2024010707,1361,1,2.0682843131445927,1.5609140391568173,7.33,225.35,18
2024010707,1544,0,4.84248902941452,-2.886575762033886,2.65,99.61,18
2024010707,1584,0,8.814714969867152,0.1679476017055661,5.48,10.32,18
2024010707,1773,0,3.7652357163928016,-0.20456171563013625,3.64,315.87,18
2024010707,1827,0,3.493222008404276,3.2501986302374775,1.62,322.45,18
2024010707,1876,1,2.818368322274434,-1.919567176869915,6.77,303.67,18
2024010707,1916,1,0.7000714249274914,3.0773931584465553,6.53,4.64,18
2024010707,1996,1,1.948152971406501,-0.7186302965008874,6.61,5.53,18
2024010707,2026,0,7.551450191850572,-2.6670161094876406,6.63,23.15,18
2024010707,2051,0,4.605659561886874,1.9300441640458272,6.62,152.75,18
2024010707,2081,0,3.8303263568526384,1.5582788851568856,2.45,349.63,18
2024010707,2106,1,2.3923210486889053,-1.2530603699403957,5.17,125.82,18
2024010707,2131,1,1.8602419197513016,0.9960078931963456,7.04,3.53,18
2024010707,2271,1,2.4209502266672036,-4.614737266367393,5.5,72.21,18
2024010707,2323,0,5.356202012620511,-0.5578633474540904,5.29,22.39,18
2024010707,2395,1,1.6900000000000044,1.8568218926324151,3.75,357.05,18
2024010707,2464,1,2.1528121144214984,0.39288703361431754,5.74,181.98,18
2024010707,2511,0,3.478002300171757,3.994046107979924,6.44,166.11,18
2024010707,2536,1,1.5261061562027702,1.5457556613382102,3.64,1.97,18
2024010707,2737,0,7.442103197349525,-1.7754965282874156,3.17,34.47,18
2024010707,2832,1,1.444022160494784,4.7205162409608485,6.43,130.28,18
2024010707,2908,0,7.558974798211718,2.7166498192588753,0.97,120.07,18
2024010707,2933,0,15.878378380678546,0.10940170105140812,6.0,332.94,18
2024010707,2985,0,12.713811387620945,4.9457343759158805,6.97,217.2,18
2024010707,3010,1,1.900657780874819,-1.2771295278466601,9.02,231.93,18
2024010707,3108,1,2.6755560169803974,3.9848887172803353,6.86,199.59,18
2024010707,3155,0,4.96383923994321,-2.6128613081596335,5.84,198.19,18
2024010707,3236,0,5.650805252351212,-0.9427821205925994,1.32,327.54,18
2024010707,3283,0,14.504126998892414,-2.707312087326663,5.68,357.87,18
2024010707,3313,0,4.054528332617738,1.0862150199634928,3.57,225.37,18
2024010707,3360,1,0.7854934754662161,1.8816281817416485,3.53,293.47,18
2024010707,3597,0,4.022461932697439,-1.617667465945716,6.1,208.88,18
2024010707,3622,0,16.20802578971294,1.2558636037424213,5.75,353.15,18
2024010707,3669,0,9.35346459874628,0.39683723459169223,0.35,210.2,18
2024010707,3701,1,0.8109870529176111,5.497354618218755,5.81,278.1,18
2024010708,63,0,15.479644698764885,-0.4911006689863533,3.93,328.03,18
2024010708,110,0,3.4244123583470554,-1.5189042089687679,5.63,215.28,18
2024010708,174,0,3.5046397817750092,3.1699232783455744,2.31,102.43,18
2024010708,197,0,5.9792976176136285,0.8603596449635704,5.22,42.21,18
2024010708,292,0,12.147892821390887,-4.383848039324221,4.75,3.71,18
2024010708,317,0,4.325517310102925,-2.1029709394270037,3.79,266.11,18
2024010708,340,0,9.358824712537363,-0.9471793967089818,5.49,341.32,18
2024010708,440,0,12.292147900184082,0.4360806985046082,3.89,22.37,18
2024010708,578,1,2.0523157651784523,4.802242567773499,7.15,130.03,18
2024010708,603,0,4.514864339047191,-4.056490483296045,4.99,106.78,18
2024010708,672,1,1.5610893632332534,5.569884819552676,6.5,161.49,18
2024010708,782,0,4.921960991312305,5.022124232565612,8.29,202.7,18
2024010708,835,0,9.799903060745045,-0.15796499715966306,4.77,250.72,18
2024010708,902,0,7.982092457495091,3.3704153389412967,3.46,171.25,18
2024010708,949,0,4.301185882986221,-1.3758984655744673,4.58,38.82,18
2024010708,974,1,1.7792414113885722,-2.176908879381081,2.39,37.72,18
2024010708,1019,0,4.150855333542715,0.915588452336431,8.25,11.65,18
2024010708,1085,0,12.640399519002562,-0.48611801206393357,7.37,197.26,18
2024010708,1154,1,2.3153617427952806,-2.270445816783444,5.76,261.68,18
2024010708,1179,1,2.95298154413468,-0.3576198179899106,5.24,7.56,18
2024010708,1479,0,5.8374309417756765,-0.4738175717200657,5.28,29.0,18
2024010708,1602,1,2.5223203603031874,-1.9632832234259738,6.45,233.67,18
2024010708,1717,0,11.417258865419495,-0.41649564910384707,5.8,173.37,18
2024010708,1765,1,2.011218536111875,2.770522556544284,5.64,97.99,18
2024010708,1893,1,1.212476803901826,-0.9003746993072859,4.02,243.77,18
2024010708,1925,0,4.158954195467893,3.673573064360133,6.62,214.17,18
2024010708,1950,0,5.702148717808055,1.4584197300436008,6.11,303.45,18
2024010708,1973,1,1.3476646467129714,4.048238961540198,8.46,301.89,18
2024010708,1998,0,3.6692233510649093,-1.2889831770602795,3.46,261.59,18
2024010708,2028,1,2.047071078394689,1.4320650557632022,1.46,205.19,18
2024010708,2053,0,3.222623155133096,-4.165156030207171,2.38,280.14,18
2024010708,2108,1,0.6129437168288775,-2.0670005714679873,4.07,210.44,18
2024010708,2326,0,8.108964175528218,-2.464584699284098,2.12,101.25,18
2024010708,2499,0,4.1277839090727655,5.2455292308556585,7.93,354.14,18
2024010708,2659,1,2.9316548227920656,-0.7659726058070456,6.63,36.13,18
2024010708,2684,0,5.750130433303231,0.9794663361122176,4.04,79.74,18
2024010708,2731,0,5.450660510433574,-0.1730637727143537,5.51,136.99,18
2024010708,2756,0,3.1801415062855227,-0.5420926030749513,7.83,90.2,18
2024010708,2785,0,7.690234066658828,2.273999988320697,3.48,41.79,18
2024010708,2810,2,2.122498527679123,-6.762634635573967,6.43,39.76,18
2024010708,2951,1,2.2081893034792066,3.2203277924559335,6.69,321.1,18
2024010708,2996,0,4.906526266107214,-6.062272370447455,7.62,59.69,18
2024010708,3055,0,4.307690796703031,3.231336343262527,7.94,328.5,18
2024010708,3126,1,2.338054747006581,1.2175399281185981,7.43,238.34,18
2024010708,3151,0,7.132524097400585,5.158675535021093,6.92,344.09,18
2024010708,3324,0,7.313836202705116,-0.3925151036516833,6.67,25.64,18
2024010708,3349,1,1.2370933675353692,2.8020025229962773,5.89,147.13,18
2024010708,3418,1,1.880957203128236,0.46811598396062226,5.76,102.35,18
2024010708,3465,0,12.428169615836437,4.364141399491353,4.81,148.36,18
2024010708,3619,2,2.6430664009820126,-0.8675030857956363,4.59,97.08,18
2024010708,3687,0,18.0904671028694,-1.6876097100789904,4.68,204.07,18
2024010708,3717,1,2.630532265531069,-4.834061931590193,8.19,284.91,18
2024010708,3765,0,6.779970501410756,2.9907848841082894,7.77,264.12,18
2024010708,3797,0,11.840548973759622,-0.319552301604216,4.08,253.89,18
2024010709,100,0,4.122572012712455,3.8785928471687274,6.38,49.01,18
2024010709,143,1,2.9560108254199644,-0.48184139919201535,4.09,304.0,18
2024010709,242,1,0.6928924880527997,2.856590437573108,9.02,272.96,18
2024010709,265,1,1.4389232085139259,2.0742185017266945,5.52,208.19,18
2024010709,412,0,11.904830952180713,-1.8960065906619539,3.77,203.74,18
2024010709,437,0,5.700192979189389,-3.3824055620226314,2.72,187.83,18
2024010709,484,1,1.128937553631732,5.184050473853453,8.34,288.65,18
2024010709,507,1,1.6446884203398506,6.303007638100194,6.76,355.21,18
2024010709,701,1,2.77838082342936,-1.171372526522032,1.84,342.14,18
2024010709,726,1,0.5536244214266548,4.958872826298855,7.03,242.5,18
2024010709,804,0,6.500715345252395,-1.9377342342441106,3.91,92.35,18
2024010709,1085,1,1.6043067038443706,1.600845946007464,4.99,223.15,18
2024010709,1168,0,5.90952620774288,0.8536420187171009,6.48,194.41,18
2024010709,1236,1,1.4905368160498438,0.693235458602414,4.1,119.45,18
2024010709,1334,0,8.226591031526976,-0.38343687065657,5.22,351.13,18
2024010709,1366,0,4.960493927019764,-1.1276424414356887,6.54,211.11,18
2024010709,1418,1,1.2041594578792265,-3.642873149852107,3.6,246.78,18
2024010709,1463,0,4.6193722517242515,3.973871082977464,3.14,305.0,18
2024010709,1523,0,4.210475032582426,6.106425665512107,8.17,333.7,18
2024010709,1592,0,9.620046777433048,0.8620563738959734,4.6,358.25,18
2024010709,1729,0,6.017258511980357,-0.8835104475540743,2.83,150.76,18
2024010709,1752,0,3.9385911186615976,2.7566607165131343,7.19,112.62,18
2024010709,1775,1,2.0227209397245147,1.3173966134299042,6.07,16.92,18
2024010709,1877,0,6.415870946333013,-0.12000829363351129,5.96,212.04,18
2024010709,1914,1,1.0542295765154739,2.6850678870493767,6.06,192.38,18
2024010709,1944,0,11.74143091790775,-2.1413295843177447,5.33,226.07,18
2024010709,1970,1,1.0257680049601854,2.280477070645461,3.63,196.53,18
2024010709,2000,0,7.12512456031472,-4.102922506371414,8.41,288.35,18
2024010709,2027,0,3.6577588766893867,2.1880148514403914,6.56,122.91,18
2024010709,2052,1,0.9741663102366027,1.032173530935063,4.41,15.38,18
2024010709,2075,0,13.774505435767924,-1.6633036422484908,5.77,11.55,18
2024010709,2156,1,1.924084197741876,2.7452359802310076,5.02,20.92,18
2024010709,2188,1,2.5927977167530876,4.0605861308260565,8.18,180.74,18
2024010709,2220,1,2.0288173895153796,6.052410918419871,7.36,9.71,18
2024010709,2255,1,1.5297058540778299,0.17248827716055226,6.47,62.24,18
2024010709,2500,0,6.443756668279769,5.29666754426993,7.62,150.2,18
2024010709,2603,0,3.8403255070371314,0.8310394614320442,1.42,139.88,18
2024010709,2704,1,2.371919054268082,2.9101391133752643,6.12,328.39,18
2024010709,2729,0,6.774606999671642,-0.7452764515927366,4.51,204.86,18
2024010709,2826,0,3.2020618357552078,7.819232786946486,6.71,195.02,18
2024010709,3149,0,5.119501928898944,-2.002008656724233,6.02,211.48,18
2024010709,3245,0,5.041944069503349,-3.22986776651507,7.1,149.03,18
2024010709,3443,0,6.514798538711689,2.901641890686244,1.47,211.17,18
2024010709,3466,0,13.582017523181147,0.17823116372154407,6.05,187.66,18
2024010709,3516,0,14.22236618850745,-5.068274452742862,5.31,183.33,18
2024010709,3573,0,3.4366553507734863,1.271814895277882,6.0,88.97,18
2024010709,3598,1,1.3423859355639818,5.717681287041573,7.56,80.16,18
2024010709,3621,0,6.868282172421287,-1.245624027029384,4.67,158.34,18
2024010709,3646,0,4.826945203749467,4.367020072599669,7.93,156.07,18
2024010709,3719,0,3.4590461112856077,-0.1842938141787538,4.94,28.59,18
2024010709,3757,0,4.176122603564223,-1.7633712621604705,6.74,32.77,18
2024010709,3789,0,4.464314057052882,0.23878751982162266,2.62,87.93,18
2024010709,3902,1,0.5813776741499436,0.12503200343939425,0.19,285.38,18
2024010709,4262,0,10.090242811746405,1.5180328952057907,5.56,0.81,18
2024010709,4330,1,1.8651005334833843,6.164292591098889,5.72,27.51,18
2024010710,55,0,3.790211075916491,1.412038929858163,6.04,162.4,18
2024010710,85,0,6.9208742222352235,6.05126473200215,3.88,12.8,18
2024010710,154,1,2.798606796247017,2.0301038540964638,3.4,268.58,18
2024010710,201,0,8.275052869921742,0.35951836971503326,3.97,48.61,18
2024010710,248,1,2.4496938584239474,-0.6486169820608585,5.15,42.0,18
2024010710,401,0,4.466866910934321,-1.5620248916517336,4.56,278.69,18
2024010710,431,2,1.842009771961053,0.16576514470728543,5.79,230.66,18
2024010710,544,1,2.3433736364481,-2.368047624329793,2.58,280.6,18
2024010710,569,0,3.3715278435747806,5.04230212244736,7.98,357.19,18
2024010710,614,2,1.0948972554536778,3.533236484098915,7.1,311.84,18
2024010710,725,0,3.6385986313414653,0.049085838094522216,3.74,139.33,18
2024010710,796,1,1.1676472069936215,-1.367394763638032,7.47,292.82,18
2024010710,841,3,1.8124017214734705,2.133397957496906,7.32,337.25,18
2024010710,908,0,5.832915223110999,1.6026404565613204,5.63,313.7,18
2024010710,1319,1,1.545736070614904,-1.9569832176512958,6.28,308.09,18
2024010710,1342,0,6.424523328621352,2.3292567187283613,5.91,312.7,18
2024010710,1370,1,2.767254957534633,-3.6807786583553916,7.51,239.93,18
2024010710,1426,0,5.181852950441564,1.2790210733613097,5.8,20.3,18
2024010710,1507,0,4.304195627524383,2.5066551075079886,5.77,13.43,18
2024010710,1532,1,1.49452333538155,0.09507121793375184,5.39,66.13,18
2024010710,1596,0,6.6377857753922695,3.1136419332896486,6.39,49.9,18
2024010710,1674,0,5.099019513592783,-0.7498447726106925,6.5,333.32,18
2024010710,1733,0,7.898961957118164,1.4790178382695283,3.52,264.67,18
2024010710,1765,1,2.8245530619905272,1.6825747125829522,6.72,340.84,18
2024010710,1800,1,1.93204554811733,-0.5005702552114892,6.29,219.47,18
2024010710,1882,1,0.5300943312279421,-1.6693621302027593,2.57,206.52,18
2024010710,1963,1,1.2844454056128616,1.2513118762090971,5.82,123.69,18
2024010710,2182,0,3.3459228921181086,1.6039704234870646,2.86,83.16,18
2024010710,2342,0,6.688086422886604,0.25556595591298736,6.8,181.45,18
2024010710,2387,1,2.7822652641328034,-3.3800307238139373,7.87,71.01,18
2024010710,2496,1,0.6847627326307947,3.0580967014617175,6.31,121.84,18
2024010710,2653,0,4.58600043610988,1.36188056702076,1.58,242.6,18
2024010710,2678,0,4.460773475530894,3.739817409391625,6.16,217.44,18
2024010710,2749,0,4.1469506869505945,-1.521728219740927,4.02,87.08,18
2024010710,2772,1,1.2423365083583482,0.27130505573016417,6.12,162.14,18
2024010710,2817,0,15.042981752298976,1.7826236224516008,6.4,205.76,18
2024010710,2981,0,6.140659573694016,-3.242912287654901,6.44,195.87,18
2024010710,3273,1,1.9864792976520032,1.428819994911147,6.59,331.59,18
2024010710,3357,1,1.0348429832588144,6.075308212007978,6.51,52.9,18
2024010710,3653,0,6.779948377384595,0.4357731645107106,7.91,105.28,18
2024010710,3688,0,8.154213634679923,-4.766432520035196,5.72,146.09,18
2024010711,55,0,11.66043738459239,4.5303666470956925,4.42,358.5,18
2024010711,124,1,1.8344754018519844,-0.4442811137641137,9.12,272.12,18
2024010711,167,0,4.564482446017293,-0.789185325216653,2.53,137.88,18
2024010711,315,1,2.067123605399533,4.225808368956982,5.55,308.05,18
2024010711,347,0,3.180015723231569,-5.48465403691493,3.8,290.21,18
2024010711,372,1,1.47220922426128,1.5065491669952857,6.09,250.44,18
2024010711,397,1,2.302628932329307,5.1151601150597665,2.61,245.95,18
2024010711,559,0,4.040049504647189,2.751394233203865,4.47,25.76,18
2024010711,606,1,0.6868041933477066,5.489614453607138,6.69,179.71,18
2024010711,629,0,5.877312310912196,-3.0021582625501626,7.91,171.5,18
2024010711,698,2,1.6204937519163713,3.3142786783183387,5.59,49.83,18
2024010711,790,0,8.556710816663145,-0.8262056647379938,3.54,235.04,18
2024010711,839,0,5.5468279223354315,0.8862565802375095,3.99,40.61,18
2024010711,994,0,4.302615483633183,-3.3179686051433723,8.38,278.75,18
2024010711,1041,0,6.18934568431915,-1.6496402492278692,6.88,243.45,18
2024010711,1089,0,18.930517689698817,-2.068435979692961,4.03,354.54,18
2024010711,1191,0,3.490000000000008,0.9106812919800711,1.02,104.5,18
2024010711,1245,0,7.390209739919433,0.2530245624668308,4.21,36.8,18
2024010711,1275,0,3.8075714044519238,3.2959582693930667,7.55,52.52,18
2024010711,1468,0,3.7544640096823403,-1.788201564781735,3.35,35.98,18
2024010711,1537,1,1.1168258592994709,2.42162347814737,5.45,138.76,18
2024010711,1562,0,4.8349767321053365,1.0606429278480556,2.49,140.23,18
2024010711,1691,0,5.8767763272052465,4.656287719191129,3.67,115.94,18
2024010711,1742,0,7.501286556318188,3.4677439752389576,5.98,12.56,18
2024010711,1789,0,4.003623358908779,7.809639418638631,9.24,67.1,18
2024010711,1821,0,8.98160898725835,1.147241341153114,4.75,12.98,18
2024010711,1874,1,1.6464810961562857,0.31544946878117264,5.38,211.27,18
2024010711,1919,1,1.012422836565836,-0.8385013315627057,8.61,244.95,18
2024010711,1997,0,3.6596174663480845,-0.27039810225073513,9.24,136.75,18
2024010711,2020,0,4.442623099026068,1.5385034415303935,5.94,175.31,18
2024010711,2045,1,1.6595180023127196,1.5814555942930075,7.25,121.62,18
2024010711,2115,1,1.3732079230764809,-0.2207344538458389,6.7,57.62,18
2024010711,2251,0,5.18368594727729,-3.663587995310066,8.21,196.71,18
2024010711,2276,0,4.6360867118724265,2.9784924065767537,5.77,231.34,18
2024010711,2396,1,1.2403628501370063,1.8530772852265467,6.37,243.1,18
2024010711,2580,1,1.9712178976460215,-0.16393878150466645,6.99,19.26,18
2024010711,2697,0,13.497258980993145,0.3483523021464292,5.51,181.37,18
2024010711,2829,1,2.6041697333315246,1.766755198983279,4.39,207.65,18
2024010711,2852,1,1.7013524032369038,6.3092730654495215,7.07,254.23,18
2024010711,2875,1,2.9101546350666676,1.5724353198795193,6.62,198.57,18
2024010711,2905,0,8.006353726884669,1.6147320169247512,7.42,224.36,18
2024010711,3022,1,1.759005400787617,6.608170320182666,7.28,242.53,18
2024010711,3088,0,4.617542636511326,-3.0306805706226703,3.67,33.78,18
2024010711,3159,1,1.563873396410337,6.985604069397827,8.04,354.62,18
2024010711,3182,0,8.698045757525074,2.574167774905769,5.54,212.93,18
2024010711,3277,0,5.5499369365786535,-0.37565314315661547,6.22,43.98,18
2024010711,3302,0,6.335203232730581,-4.28273945013688,6.21,163.56,18
2024010711,3327,0,3.7825917041097603,3.2678394946773084,6.93,155.83,18
2024010711,3352,0,3.5464066320714,6.082000435970194,6.48,168.6,18
2024010711,3375,0,5.440266537588018,-1.8260122400038576,4.78,72.59,18
2024010711,3422,0,4.194865909656706,-0.17881562287900055,6.43,140.25,18
2024010711,3447,1,1.739712619946185,-1.7769927240580734,5.9,80.58,18
2024010711,3507,0,8.050621094052307,-3.98225761161973,7.93,3.88,18
2024010711,3554,0,5.289328879924183,8.09232404159153,8.21,353.19,18
2024010711,3579,0,5.918817449457281,0.4190459747917069,2.79,310.83,18
2024010711,3626,1,1.0309704166463778,-1.3509451301664925,3.97,223.05,18
2024010711,3806,1,1.4224275025462574,1.1207139019032197,4.52,39.83,18
2024010711,3981,0,8.234761684469081,1.526513958522977,7.34,176.12,18
2024010712,185,1,1.6400000000000012,6.076406777321609,8.71,216.26,18
2024010712,273,0,3.0222011845673014,3.3206152103239135,3.01,239.78,18
2024010712,345,0,4.925768975500171,-0.8727683994055078,4.43,76.74,18
2024010712,402,1,2.7937966998334027,-0.12589685526310757,1.65,163.64,18
2024010712,471,1,1.4616771189288043,1.0388814848055894,7.02,128.02,18
2024010712,545,1,2.2359114472626236,-1.293034003403003,5.76,62.92,18
2024010712,655,0,5.052534017698449,4.085553334946847,7.84,176.89,18
2024010712,763,0,5.4185330118031025,0.16921566732338866,6.47,131.21,18
2024010712,834,0,9.833137851164295,-1.8080319359724202,5.08,172.03,18
2024010712,857,1,1.8944656238633635,-1.7333085075260297,4.88,89.23,18
2024010712,920,0,8.381079882688145,-3.9402996845760043,7.33,204.43,18
2024010712,1271,0,6.705646874090518,-2.206057579667179,6.43,239.98,18
2024010712,1318,0,3.5655714829463196,2.095893995109305,7.21,220.28,18
2024010712,1382,0,6.928693960624906,-1.1507808666907589,3.14,30.06,18
2024010712,1407,0,11.481258641804038,1.3424054491997928,4.91,7.83,18
2024010712,1487,0,4.08944984074875,-1.6904012645353825,2.8,159.76,18
2024010712,1534,0,6.480154319150126,3.7531538972870266,8.27,160.88,18
2024010712,1589,0,3.765660632611492,-1.8744800789394545,6.62,168.24,18
2024010712,1824,0,8.518039680583794,2.3929754478533525,5.72,174.14,18
2024010712,1890,1,1.2277214667830822,3.2804935108080033,4.18,6.63,18
2024010712,2140,0,4.674023962283464,5.389007568179674,6.31,160.3,18
2024010712,2256,0,9.113928900315168,2.560428281044544,6.21,181.51,18
2024010712,2281,0,5.11473361965215,-6.9315175409038305,7.81,219.12,18
2024010712,2480,0,13.757339859144285,0.03009581469652589,5.65,36.71,18
2024010712,2628,0,5.437251143730626,4.474271008488176,8.21,184.67,18
2024010712,2707,1,2.654373749116729,3.52365698235124,4.44,153.87,18
2024010712,2874,0,7.613317279609462,-1.40833595644426,3.27,16.03,18
2024010712,3068,1,2.881700886629284,1.7212937749421158,4.58,10.35,18
2024010712,3093,0,4.6079170999487395,0.8345797723929778,6.11,91.35,18
2024010712,3210,0,6.793209845132116,3.0225644039563324,7.85,345.94,18
2024010712,3300,0,7.49258967246973,-5.323509925587418,6.08,167.87,18
2024010712,3392,1,1.118033988749895,-3.312850215259264,6.67,119.7,18
2024010712,3629,0,10.222235567624132,0.6730312941048391,6.05,327.28,18
2024010712,3654,0,13.713836078938675,1.8721805938999885,4.3,260.8,18
2024010712,3679,0,12.009812654658692,-0.7203939415804648,3.75,271.6,18
2024010712,3704,1,1.4042791745233552,-2.582835981810364,8.69,259.03,18
2024010712,3785,0,3.8637805320695944,-0.19241750024658127,7.39,8.62,18
2024010712,3808,1,2.4397130978867168,2.3947468459399164,5.92,54.57,18
2024010712,3833,0,10.931514076284216,-0.6500350972427136,5.5,176.15,18
2024010712,3858,0,9.451021108853794,4.216474648219849,3.74,83.16,18
2024010712,3883,1,2.079543219074804,-4.474788065257655,4.85,117.45,18
2024010713,55,0,3.183284467338723,-1.6512114886489284,7.82,264.21,18
2024010713,133,0,3.4600578029853772,-0.09054245417768625,4.2,275.55,18
2024010713,158,0,4.424624277834221,-1.0628792107931107,9.66,265.8,18
2024010713,195,0,3.1631945877545995,-0.3603823732803818,2.88,136.54,18
2024010713,266,0,5.06884602251834,-0.989850537785423,1.97,85.75,18
2024010713,291,0,4.358738349568601,2.9502003989047276,7.12,44.28,18
2024010713,345,0,7.213355668480525,4.759331960374544,5.88,359.35,18
2024010713,436,1,2.40407986556188,0.5807251297434204,7.65,10.87,18
2024010713,459,1,0.5921148537235016,-1.9989213479568826,3.94,49.57,18
2024010713,574,1,1.9163767896736839,-3.8895389341005764,5.05,230.64,18
2024010713,599,0,8.914751819316114,-4.14579550596658,6.86,269.52,18
2024010713,696,1,1.2514391715141413,3.6778233553202364,5.33,324.13,18
2024010713,746,1,1.5915401345866196,4.3556887781798554,8.36,85.88,18
2024010713,821,1,1.9602295783912584,0.6178316337261879,4.5,24.17,18
2024010713,965,0,4.252810835200642,-1.0887250101631587,5.32,46.6,18
2024010713,1037,1,1.4310835055998667,4.232909474140768,6.91,83.31,18
2024010713,1211,0,4.493283877076985,-3.4278803183771753,4.77,279.88,18
2024010713,1344,1,1.5579473675320352,-1.0855483472378755,7.47,238.57,18
2024010713,1533,0,3.4383862493908386,0.31719657648708566,5.69,97.61,18
2024010713,1609,1,1.144814395437097,6.475261079419083,6.61,110.28,18
2024010713,1722,1,1.452790418470603,-1.561926134507972,6.06,146.7,18
2024010713,1786,1,1.1970797801316315,-1.8150375662194147,4.42,228.28,18
2024010713,1811,1,2.460000000000001,0.8447593590891301,2.11,36.25,18
2024010713,1864,0,4.447403737013317,-1.7404246866732662,5.64,330.89,18
2024010713,1918,0,7.9881725069004395,-1.651986661505455,2.54,304.13,18
2024010713,1943,0,7.2033672681600835,2.646807836431998,6.02,355.04,18
2024010713,1973,0,3.5503520952153482,2.6932656623694684,8.46,228.77,18
2024010713,2085,1,2.443215094910802,2.900178293527224,6.21,350.56,18
2024010713,2298,1,1.8531055015837636,2.8760637219293175,4.26,354.14,18
2024010713,2395,0,9.067552040104319,0.4408390291927058,6.31,159.96,18
2024010713,2420,0,5.249999999999999,0.1599285034345238,5.49,13.01,18
2024010713,2498,1,1.4148144754701883,3.207701734167859,6.98,198.03,18
2024010713,2586,1,1.5983116091676353,-1.5758943400086298,3.19,216.01,18
2024010713,2611,1,2.36662206530743,-0.5796031922058087,7.14,206.1,18
2024010713,2658,0,4.5013442436676625,0.42209478211226426,5.09,216.54,18
2024010713,2727,0,4.810582085361396,-2.0059058084437,5.64,312.28,18
2024010713,2774,1,1.0042410069301093,5.378646625294664,5.76,289.58,18
2024010713,2827,1,2.7164130760987053,3.7377583849072855,6.43,96.39,18
2024010713,2905,0,3.5544901181463433,-4.93445354163511,7.27,257.35,18
2024010713,3026,0,12.879926242024837,-5.327928080262852,5.75,323.41,18
2024010713,3175,1,0.6220128616033602,1.980070084360054,6.31,293.92,18
2024010713,3227,1,1.5477725931156658,-2.278670764741759,3.97,123.88,18
2024010713,3296,0,3.1042068230064817,0.6831858063906151,7.46,58.22,18
2024010713,3326,0,4.809261897630446,0.7883581314846446,3.75,60.38,18
2024010713,3351,1,2.6590599842801566,1.2979678772742047,7.47,133.61,18
2024010713,3403,0,3.1663859524701077,-3.1270605058460013,6.41,159.25,18
2024010713,3467,1,2.6622171211229273,-4.377553805433427,8.59,254.82,18
2024010713,3490,1,1.0280077820717057,5.037602863949581,7.71,179.74,18
2024010713,3515,0,5.336459500455334,0.06794226386488589,7.18,270.99,18
2024010713,3570,0,11.170998164891083,-2.0078578711848154,5.58,152.79,18
2024010713,3836,0,3.539336095936634,-1.7524984168410862,6.24,33.95,18
2024010713,3906,0,5.506623284736301,-4.028265058118118,7.0,235.35,18
2024010713,3936,1,2.119811312357776,0.07584423059678391,3.95,303.1,18
2024010713,3995,0,4.725124336988392,0.5563129759164573,7.28,299.78,18
2024010713,4018,1,0.8360023923410702,6.22533409183421,7.89,261.04,18
