game_id,play_id,week,catch_prob_v3,catch_prob_v3_raw,is_completed,split
2023090700,101,1,0.005952380952380952,0.05448568565852779,0,dev
2023090700,194,1,0.5533707865168538,0.5255292251811706,1,dev
2023090700,219,1,0.9395248380129589,0.9371642939200248,1,dev
2023090700,361,1,0.8348348348348347,0.815526966597925,1,dev
2023090700,436,1,0.9092841956059532,0.9158861999825699,1,dev
2023090700,461,1,0.9092841956059532,0.9170096529195771,1,dev
2023090700,530,1,0.8288288288288288,0.8048365783333453,1,dev
2023090700,621,1,0.7197452229299363,0.6982739822733608,1,dev
2023090700,713,1,0.6589147286821706,0.6482351664186259,0,dev
2023090700,736,1,0.77728285077951,0.7733653657501138,1,dev
2023090700,877,1,0.9092841956059532,0.9075843616757029,1,dev
2023090700,902,1,0.8851674641148325,0.8851628590098727,0,dev
2023090700,1001,1,0.9088785046728972,0.8953455104520729,1,dev
2023090700,1069,1,0.8627204030226701,0.8639113936605806,1,dev
2023090700,1154,1,0.9088785046728972,0.8919724216719074,1,dev
2023090700,1201,1,0.9088785046728972,0.8934862023981289,1,dev
2023090700,1300,1,0.9092841956059532,0.9121889324338809,1,dev
2023090700,1422,1,0.07894736842105263,0.10666713208878624,0,dev
2023090700,1494,1,0.5533707865168538,0.5517158391745919,0,dev
2023090700,1563,1,0.9092841956059532,0.9150939676631218,1,dev
2023090700,1588,1,0.03296703296703297,0.07725437127946225,0,dev
2023090700,1618,1,0.9092841956059532,0.8979628718753921,1,dev
2023090700,1679,1,0.7197452229299363,0.6932762683390751,1,dev
2023090700,1711,1,0.9092841956059532,0.9027442128234345,1,dev
2023090700,1741,1,0.8288288288288288,0.7979561354004574,1,dev
2023090700,1812,1,0.8627204030226701,0.8574499505758584,1,dev
2023090700,1837,1,0.9222585924713584,0.932210276930748,1,dev
2023090700,1869,1,0.9222585924713584,0.9292138996596357,1,dev
2023090700,1940,1,0.9092841956059532,0.9044198447355011,0,dev
2023090700,2118,1,0.5533707865168538,0.5628279659494858,0,dev
2023090700,2141,1,0.77728285077951,0.7767086014501285,1,dev
2023090700,2186,1,0.6571428571428571,0.6003671752741581,0,dev
2023090700,2261,1,0.8348348348348347,0.8353840032517815,1,dev
2023090700,2306,1,0.5,0.49837163011945795,0,dev
2023090700,2435,1,0.9395248380129589,0.9447457276483096,1,dev
2023090700,2487,1,0.25874125874125875,0.2635058131287377,0,dev
2023090700,2510,1,0.9395248380129589,0.9360058259257751,1,dev
2023090700,2613,1,0.7583333333333333,0.7191700804433205,1,dev
2023090700,2638,1,0.8627204030226701,0.8632456718627156,1,dev
2023090700,2825,1,0.9092841956059532,0.897367995293417,1,dev
2023090700,2906,1,0.9222585924713584,0.9246903447172415,1,dev
2023090700,2936,1,0.8627204030226701,0.8712646053539655,0,dev
2023090700,2959,1,0.8851674641148325,0.8852839325056863,0,dev
2023090700,3032,1,0.7197452229299363,0.6890618141832241,0,dev
2023090700,3089,1,0.9092841956059532,0.9087109146259184,1,dev
2023090700,3114,1,0.41818181818181815,0.4597996111931715,0,dev
2023090700,3185,1,0.8851674641148325,0.8829922386144791,1,dev
2023090700,3233,1,0.9222585924713584,0.9325271059308325,1,dev
2023090700,3324,1,0.7197452229299363,0.6936815279085646,0,dev
2023090700,3461,1,0.8348348348348347,0.8174023347425279,1,dev
2023090700,3486,1,0.9222585924713584,0.9262260048628969,1,dev
2023090700,3566,1,0.8348348348348347,0.8154309906217402,1,dev
2023090700,3674,1,0.8348348348348347,0.8302056205646174,1,dev
2023090700,3912,1,0.9092841956059532,0.917716330749176,0,dev
2023090700,3971,1,0.840531561461794,0.8470988372634117,0,dev
2023090700,3994,1,0.11059907834101383,0.1274149306370303,0,dev
2023090700,4041,1,0.07894736842105263,0.10245639917540815,0,dev
2023091000,185,1,0.8627204030226701,0.8732021943678226,1,dev
2023091000,842,1,0.325,0.2896412752812555,0,dev
2023091000,877,1,0.8627204030226701,0.8531035101349955,1,dev
2023091000,927,1,0.9395248380129589,0.942015007536614,0,dev
2023091000,1046,1,0.3465346534653465,0.30822437416604814,1,dev
2023091000,1193,1,0.6589147286821706,0.6617214022699456,1,dev
2023091000,1240,1,0.9092841956059532,0.9019383368755696,1,dev
2023091000,1300,1,0.8627204030226701,0.8738193268346123,1,dev
2023091000,1325,1,0.77728285077951,0.743289404037567,1,dev
2023091000,1382,1,0.9395248380129589,0.9467503875237437,1,dev
2023091000,1429,1,0.77728285077951,0.7846806568625291,1,dev
2023091000,1599,1,0.9222585924713584,0.9257822750949288,1,dev
2023091000,1697,1,0.5533707865168538,0.5643987137498239,0,dev
2023091000,1720,1,0.11059907834101383,0.1754370982182882,0,dev
2023091000,1743,1,0.25874125874125875,0.2658470181530502,0,dev
2023091000,1837,1,0.9743589743589743,0.9627938538743924,1,dev
2023091000,1925,1,0.9222585924713584,0.9288975115006328,1,dev
2023091000,1972,1,0.8627204030226701,0.8637677415544199,1,dev
2023091000,2101,1,0.8288288288288288,0.7988893350194314,1,dev
2023091000,2207,1,0.13,0.2034987819550528,0,dev
2023091000,2342,1,0.9092841956059532,0.9012270622152818,1,dev
2023091000,2580,1,0.8348348348348347,0.8185356919813449,1,dev
2023091000,2793,1,0.9395248380129589,0.9524300208560018,1,dev
2023091000,2823,1,0.9088785046728972,0.8900212036435763,1,dev
2023091000,3026,1,0.9743589743589743,0.9622410346200481,1,dev
2023091000,3078,1,0.03296703296703297,0.07066872557942622,0,dev
2023091000,3260,1,0.8288288288288288,0.8070370666352225,1,dev
2023091000,3369,1,0.13,0.19127792389445444,0,dev
2023091000,3421,1,0.45,0.4885242542862201,0,dev
2023091000,3486,1,0.840531561461794,0.8480187796742309,1,dev
2023091000,3533,1,0.7727272727272727,0.7266991785650935,1,dev
2023091000,3886,1,0.9222585924713584,0.9335713613370764,1,dev
2023091000,3916,1,0.8627204030226701,0.8740069477458502,1,dev
2023091000,4107,1,0.3534675615212528,0.37844964693918165,1,dev
2023091000,4155,1,0.8348348348348347,0.82623040733392,1,dev
2023091001,166,1,0.95,0.9544164400268955,1,dev
2023091001,284,1,0.8627204030226701,0.8700834723609485,1,dev
2023091001,407,1,0.8681318681318682,0.8783712956499424,1,dev
2023091001,559,1,0.07894736842105263,0.12008663111939875,0,dev
2023091001,893,1,0.8348348348348347,0.8356032561365464,1,dev
2023091001,1042,1,0.9222585924713584,0.9216654314714176,0,dev
2023091001,1065,1,0.9395248380129589,0.9394733712913989,1,dev
2023091001,1232,1,0.9092841956059532,0.9066831412008814,1,dev
2023091001,1368,1,0.77728285077951,0.7581987184658626,1,dev
2023091001,1438,1,0.8627204030226701,0.8696246152032042,1,dev
2023091001,1470,1,0.9092841956059532,0.9126587368247037,1,dev
2023091001,1517,1,0.840531561461794,0.8477133086728363,1,dev
2023091001,1549,1,0.9222585924713584,0.9208898624975252,1,dev
2023091001,1574,1,0.7197452229299363,0.6877950552986277,1,dev
2023091001,1797,1,0.44370860927152306,0.4849168629229271,0,dev
2023091001,1948,1,0.6589147286821706,0.6551858351547923,1,dev
2023091001,1980,1,0.77728285077951,0.7577904123898336,1,dev
2023091001,2033,1,0.840531561461794,0.8461207974042944,0,dev
2023091001,2151,1,0.9395248380129589,0.9411759290823178,1,dev
2023091001,2351,1,0.840531561461794,0.8483878991678268,1,dev
2023091001,2432,1,0.75,0.7013479377832863,1,dev
2023091001,2469,1,0.8348348348348347,0.8319885768491544,1,dev
2023091001,2523,1,0.8348348348348347,0.8340379811174863,1,dev
2023091001,2759,1,0.8245614035087719,0.7958039371491373,1,dev
2023091001,3086,1,0.753968253968254,0.7076535301573171,1,dev
2023091001,3111,1,0.9092841956059532,0.9079761175788974,1,dev
2023091001,3216,1,0.753968253968254,0.7047120798659517,0,dev
2023091001,3257,1,0.77728285077951,0.7516088070776926,0,dev
2023091001,3302,1,0.6571428571428571,0.5946007016853979,1,dev
2023091001,3383,1,0.9222585924713584,0.9207313150879726,1,dev
2023091001,3514,1,0.41818181818181815,0.453900070171256,0,dev
2023091001,3879,1,0.11059907834101383,0.1701672032084757,0,dev
2023091001,3902,1,0.77728285077951,0.7740335983603928,1,dev
2023091001,4018,1,0.3534675615212528,0.3647998387729036,1,dev
2023091001,4191,1,0.95,0.9540649212286232,1,dev
2023091001,4216,1,0.77728285077951,0.7703667612472314,0,dev
2023091001,4239,1,0.3861788617886179,0.42127030772188573,1,dev
2023091001,4322,1,0.41818181818181815,0.4580157160757946,0,dev
2023091001,4392,1,0.9092841956059532,0.901680875536655,0,dev
2023091001,4564,1,0.8681318681318682,0.8773119515363627,1,dev
2023091001,4589,1,0.6571428571428571,0.6185243293077682,1,dev
2023091001,4614,1,0.95,0.954016462151668,1,dev
2023091001,4639,1,0.9092841956059532,0.9078046565869273,0,dev
2023091001,4662,1,0.9222585924713584,0.9230730100039853,1,dev
2023091002,110,1,0.9395248380129589,0.9440306756997187,1,dev
2023091002,319,1,0.9222585924713584,0.930496437928387,1,dev
2023091002,444,1,0.8348348348348347,0.8183089347778318,0,dev
2023091002,599,1,0.3861788617886179,0.42361666502578993,0,dev
2023091002,767,1,0.840531561461794,0.8448723553890184,1,dev
2023091002,819,1,0.8288288288288288,0.8000417672933786,1,dev
2023091002,873,1,0.8681318681318682,0.8759747317567513,1,dev
2023091002,975,1,0.75,0.7019102513453234,0,dev
2023091002,1048,1,0.9222585924713584,0.9270936537628655,0,dev
2023091002,1071,1,0.3534675615212528,0.3276658387173598,0,dev
2023091002,1209,1,0.9395248380129589,0.9436499539551736,1,dev
2023091002,1260,1,0.3534675615212528,0.3840470778616101,0,dev
2023091002,1412,1,0.07894736842105263,0.10524360307669278,0,dev
2023091002,1464,1,0.9092841956059532,0.909851450868612,1,dev
2023091002,1540,1,0.77728285077951,0.7846937001058643,0,dev
2023091002,1832,1,0.6589147286821706,0.6584718660362265,0,dev
2023091002,1944,1,0.3534675615212528,0.33753815893940214,1,dev
2023091002,1974,1,0.004310344827586207,0.02058903517013453,0,dev
2023091002,2039,1,0.9222585924713584,0.928379334649997,0,dev
2023091002,2095,1,0.9395248380129589,0.9417871320624701,1,dev
2023091002,2127,1,0.8288288288288288,0.7975650061585127,1,dev
2023091002,2179,1,0.8627204030226701,0.8513493545455444,1,dev
2023091002,2211,1,0.11059907834101383,0.17450592869968606,0,dev
2023091002,2441,1,0.3534675615212528,0.36947574147257833,0,dev
2023091002,2517,1,0.004310344827586207,0.030364621205233807,0,dev
2023091002,2620,1,0.9092841956059532,0.9044189774616048,1,dev
2023091002,2693,1,0.8627204030226701,0.8576453374103661,1,dev
2023091002,2847,1,0.9222585924713584,0.9340611469639071,1,dev
2023091002,2872,1,0.6571428571428571,0.6423740486891116,1,dev
2023091002,2942,1,0.3534675615212528,0.3678285033624196,0,dev
2023091002,3138,1,0.9222585924713584,0.9236644613690966,0,dev
2023091002,3170,1,0.8627204030226701,0.8558942686114818,1,dev
2023091002,3253,1,0.41818181818181815,0.44934353470897864,1,dev
2023091002,3314,1,0.5533707865168538,0.5776713231743986,0,dev
2023091002,3337,1,0.6589147286821706,0.6625491931261627,1,dev
2023091002,3409,1,0.9395248380129589,0.9361816457547704,1,dev
2023091002,3505,1,0.9092841956059532,0.9134105816042866,1,dev
2023091002,3571,1,0.8288288288288288,0.8015348620967624,0,dev
2023091002,3594,1,0.4375,0.4620892468916641,0,dev
2023091002,3617,1,0.9395248380129589,0.9451823303072233,1,dev
2023091002,3716,1,0.9135802469135802,0.9200795269880078,1,dev
2023091002,3787,1,0.9222585924713584,0.9295496121998946,1,dev
2023091002,3812,1,0.005952380952380952,0.04328953766852223,0,dev
2023091002,3835,1,0.8627204030226701,0.8594895845697538,1,dev
2023091002,4036,1,0.5533707865168538,0.567948623636346,0,dev
2023091002,4124,1,0.9395248380129589,0.9418487851955498,1,dev
2023091003,81,1,0.77728285077951,0.7432236210289136,0,dev
2023091003,143,1,0.5,0.49255951057951125,0,dev
2023091003,166,1,0.9222585924713584,0.9327554714379782,1,dev
2023091003,191,1,0.005952380952380952,0.06124432656655291,0,dev
2023091003,263,1,0.77728285077951,0.766815172021752,1,dev
2023091003,358,1,0.5533707865168538,0.5302104015073793,1,dev
2023091003,410,1,0.77728285077951,0.7489971765257056,1,dev
2023091003,529,1,0.41818181818181815,0.4527700423646021,1,dev
2023091003,662,1,0.9395248380129589,0.9432062015487764,1,dev
2023091003,687,1,0.9088785046728972,0.8877163479413365,1,dev
2023091003,761,1,0.9088785046728972,0.8876342084617154,1,dev
2023091003,933,1,0.3534675615212528,0.37057115259724477,1,dev
2023091003,1503,1,0.9743589743589743,0.9597404238133527,1,dev
2023091003,1649,1,0.8288288288288288,0.8023031306778259,1,dev
2023091003,1706,1,0.25874125874125875,0.2680637321507059,1,dev
2023091003,1782,1,0.77728285077951,0.7395694923303546,0,dev
2023091003,1805,1,0.9395248380129589,0.9378925075397881,1,dev
2023091003,1841,1,0.9222585924713584,0.927415182300322,1,dev
2023091003,1929,1,0.9222585924713584,0.9322322006029226,1,dev
2023091003,1954,1,0.77728285077951,0.7828662385049652,1,dev
2023091003,2062,1,0.9395248380129589,0.9404301147835914,1,dev
2023091003,2087,1,0.7583333333333333,0.7235286896121255,1,dev
2023091003,2204,1,0.6571428571428571,0.6100612155416055,0,dev
2023091003,2227,1,0.35714285714285715,0.3883991616506105,0,dev
2023091003,2286,1,0.8681318681318682,0.87927265070634,1,dev
2023091003,2369,1,0.8348348348348347,0.8320083248694764,1,dev
2023091003,2519,1,0.9395248380129589,0.9520665272135056,1,dev
2023091003,2571,1,0.11059907834101383,0.15905305286240845,0,dev
2023091003,2608,1,0.6571428571428571,0.5963009206310235,1,dev
2023091003,2638,1,0.9222585924713584,0.9336825515937693,1,dev
2023091003,2798,1,0.8348348348348347,0.828169302344703,1,dev
2023091003,2902,1,0.9222585924713584,0.9356936370768687,1,dev
2023091003,2979,1,0.8757396449704142,0.8817968960221633,0,dev
2023091003,3002,1,0.7583333333333333,0.7248233014520542,1,dev
2023091003,3202,1,0.9222585924713584,0.935521847157373,1,dev
2023091003,3335,1,0.41818181818181815,0.460409663168016,0,dev
2023091003,3409,1,0.13,0.19200751683234268,0,dev
2023091003,3645,1,0.8348348348348347,0.8384495781894414,0,dev
2023091003,3750,1,0.9222585924713584,0.9313750612682018,1,dev
2023091003,3797,1,0.004310344827586207,0.03958001655648185,0,dev
2023091003,3820,1,0.9395248380129589,0.943845979945128,1,dev
2023091003,3845,1,0.6571428571428571,0.5810776816245,1,dev
2023091003,3975,1,0.77728285077951,0.7806284020786936,0,dev
2023091003,4047,1,0.6571428571428571,0.5857817300827717,1,dev
2023091003,4153,1,0.8348348348348347,0.8303281442368653,1,dev
2023091003,4201,1,0.9395248380129589,0.9398214102339458,1,dev
2023091003,4258,1,0.8681318681318682,0.8776162622495449,1,dev
2023091003,4283,1,0.9092841956059532,0.9097992642433652,1,dev
2023091003,4308,1,0.8627204030226701,0.8746193324616078,1,dev
2023091003,4333,1,0.95,0.9539417185965618,1,dev
2023091003,4363,1,0.6571428571428571,0.600545406512555,0,dev
2023091003,4416,1,0.77728285077951,0.7880485412591064,1,dev
2023091003,4494,1,0.13,0.2089675495526299,0,dev
2023091003,4551,1,0.004310344827586207,0.031138515408575655,0,dev
2023091004,124,1,0.3465346534653465,0.29820965799708116,0,dev
2023091004,196,1,0.3534675615212528,0.3515090738248108,0,dev
2023091004,219,1,0.9092841956059532,0.9103280771766634,1,dev
2023091004,315,1,0.8627204030226701,0.8624545684388333,1,dev
2023091004,340,1,0.9092841956059532,0.9085613653578055,1,dev
2023091004,365,1,0.8681318681318682,0.877520391464007,1,dev
2023091004,390,1,0.9222585924713584,0.9297180504181412,0,dev
2023091004,413,1,0.8627204030226701,0.8648507989546418,1,dev
2023091004,438,1,0.8851674641148325,0.883217785412421,1,dev
2023091004,542,1,0.8627204030226701,0.856877363482282,1,dev
2023091004,592,1,0.8348348348348347,0.8321068268339531,0,dev
2023091004,695,1,0.21666666666666667,0.24170115662260436,0,dev
2023091004,766,1,0.9222585924713584,0.9209316211074998,1,dev
2023091004,821,1,0.8627204030226701,0.8617557803844373,0,dev
2023091004,936,1,0.8627204030226701,0.8712599312243282,1,dev
2023091004,983,1,0.8681318681318682,0.8764856476784033,1,dev
2023091004,1190,1,0.8348348348348347,0.8216131705908082,1,dev
2023091004,1300,1,0.9092841956059532,0.8971990448938324,1,dev
2023091004,1326,1,0.41818181818181815,0.4419210454340488,1,dev
2023091004,1540,1,0.77728285077951,0.7450786060196838,1,dev
2023091004,1594,1,0.9395248380129589,0.936357167588291,1,dev
2023091004,1641,1,0.9222585924713584,0.9248384240999891,1,dev
2023091004,1676,1,0.9092841956059532,0.9019173819199953,1,dev
2023091004,1701,1,0.3534675615212528,0.3311141326417591,0,dev
2023091004,1746,1,0.3861788617886179,0.4238501901855011,0,dev
2023091004,1839,1,0.9088785046728972,0.8967864891062108,0,dev
2023091004,1933,1,0.840531561461794,0.8484080716046505,1,dev
2023091004,1958,1,0.77728285077951,0.7778716853181332,1,dev
2023091004,2077,1,0.77728285077951,0.7678467439178728,1,dev
2023091004,2102,1,0.77728285077951,0.7579415099109907,1,dev
2023091004,2154,1,0.8348348348348347,0.8305097411068276,0,dev
2023091004,2177,1,0.5,0.5001798191488231,1,dev
2023091004,2234,1,0.3534675615212528,0.37772713050535794,0,dev
2023091004,2257,1,0.9222585924713584,0.9349111954489483,1,dev
2023091004,2287,1,0.8288288288288288,0.8092492053931339,1,dev
2023091004,2312,1,0.9088785046728972,0.8942431456878482,1,dev
2023091004,2344,1,0.9092841956059532,0.9131856157548099,1,dev
2023091004,2505,1,0.9222585924713584,0.9213978440966438,1,dev
2023091004,2607,1,0.9092841956059532,0.8993713658135202,1,dev
2023091004,2701,1,0.840531561461794,0.842088241382071,0,dev
2023091004,2724,1,0.9092841956059532,0.9012095814116245,1,dev
2023091004,2749,1,0.9222585924713584,0.927515167672503,1,dev
2023091004,2827,1,0.9088785046728972,0.8903925618644406,0,dev
2023091004,2850,1,0.9395248380129589,0.9403518203848199,1,dev
2023091004,2936,1,0.9222585924713584,0.9260273554119905,1,dev
2023091004,2961,1,0.9092841956059532,0.9128815148524952,1,dev
2023091004,3030,1,0.8627204030226701,0.8563660856775057,1,dev
2023091004,3105,1,0.8627204030226701,0.8667440265238561,1,dev
2023091004,3177,1,0.9092841956059532,0.9106032008204379,1,dev
2023091004,3244,1,0.07894736842105263,0.10525840802308947,0,dev
2023091004,3365,1,0.9092841956059532,0.9044996704689662,1,dev
2023091004,3429,1,0.8757396449704142,0.8793506795883068,1,dev
2023091004,3584,1,0.9092841956059532,0.9151106901422319,1,dev
2023091004,3616,1,0.9395248380129589,0.935923204722865,1,dev
2023091004,3641,1,0.6571428571428571,0.6439801514092545,0,dev
2023091004,3690,1,0.8348348348348347,0.825170263271321,1,dev
2023091004,3849,1,0.9135802469135802,0.9191362220812588,1,dev
2023091004,3874,1,0.77728285077951,0.762247042994108,1,dev
2023091004,3922,1,0.8288288288288288,0.8111106620527947,1,dev
2023091004,4015,1,0.9395248380129589,0.9455181221369849,1,dev
2023091004,4040,1,0.77728285077951,0.7755182105443181,0,dev
2023091004,4122,1,0.9135802469135802,0.9190975772548625,1,dev
2023091004,4249,1,0.9092841956059532,0.9167903980736816,1,dev
2023091005,159,1,0.77728285077951,0.7761344796426741,0,dev
2023091005,228,1,0.5533707865168538,0.5760802244263611,0,dev
2023091005,301,1,0.11059907834101383,0.12740455419934482,1,dev
2023091005,331,1,0.840531561461794,0.8462217684729697,1,dev
2023091005,383,1,0.77728285077951,0.7741587085621019,1,dev
2023091005,721,1,0.5533707865168538,0.5255923927144912,1,dev
2023091005,768,1,0.9092841956059532,0.9144984821634087,1,dev
2023091005,793,1,0.753968253968254,0.7153922513379504,0,dev
2023091005,849,1,0.8627204030226701,0.8610871288847052,1,dev
2023091005,991,1,0.9092841956059532,0.9098691061319272,1,dev
2023091005,1016,1,0.25874125874125875,0.27454234985462656,0,dev
2023091005,1065,1,0.13,0.19451079154664325,0,dev
2023091005,1217,1,0.9222585924713584,0.933521525930066,1,dev
2023091005,1289,1,0.8348348348348347,0.8387163042513625,1,dev
2023091005,1394,1,0.77728285077951,0.7865755289182849,0,dev
2023091005,1721,1,0.3534675615212528,0.35321028069418087,0,dev
2023091005,2166,1,0.8681318681318682,0.8780654409079461,1,dev
2023091005,2251,1,0.9088785046728972,0.8924849871514589,1,dev
2023091005,2366,1,0.9395248380129589,0.9386473468412037,1,dev
2023091005,2518,1,0.8851674641148325,0.8843600174983945,1,dev
2023091005,2670,1,0.8245614035087719,0.7945481081023756,1,dev
2023091005,2720,1,0.77728285077951,0.7371667668710473,0,dev
2023091005,2834,1,0.7583333333333333,0.7168796039690265,1,dev
2023091005,2964,1,0.21666666666666667,0.24399775820976097,0,dev
2023091005,3042,1,0.9222585924713584,0.9231645307144776,1,dev
2023091005,3128,1,0.9092841956059532,0.9063473543606249,1,dev
2023091005,3208,1,0.9222585924713584,0.933777397187781,1,dev
2023091005,3358,1,0.6589147286821706,0.6715441715870253,1,dev
2023091005,3383,1,0.6589147286821706,0.646647336574793,1,dev
2023091005,3413,1,0.11059907834101383,0.17410281870186628,0,dev
2023091005,3436,1,0.9092841956059532,0.9031502433251224,1,dev
2023091005,3483,1,0.77728285077951,0.7700155436727277,0,dev
2023091005,3578,1,0.77728285077951,0.7301619126220348,1,dev
2023091005,3603,1,0.5533707865168538,0.5324599686760084,0,dev
2023091005,3698,1,0.9395248380129589,0.9424682571668415,1,dev
2023091005,3774,1,0.9088785046728972,0.8937686896388474,1,dev
2023091005,3850,1,0.9395248380129589,0.9403624630919973,1,dev
2023091005,3875,1,0.3534675615212528,0.3189478997812031,0,dev
2023091005,3984,1,0.9395248380129589,0.9463253149271076,1,dev
2023091005,4036,1,0.8627204030226701,0.8659112676910274,1,dev
2023091005,4124,1,0.3534675615212528,0.3647157920912888,0,dev
2023091005,4147,1,0.9222585924713584,0.9257447019989514,1,dev
2023091005,4270,1,0.77728285077951,0.7605624619636993,1,dev
2023091006,55,1,0.9395248380129589,0.9403048565430907,1,dev
2023091006,144,1,0.6589147286821706,0.682296425165042,1,dev
2023091006,213,1,0.9092841956059532,0.9094076407188928,1,dev
2023091006,282,1,0.77728285077951,0.7816869601600326,1,dev
2023091006,492,1,0.8348348348348347,0.81615635389754,1,dev
2023091006,550,1,0.9092841956059532,0.90663462870906,1,dev
2023091006,575,1,0.21666666666666667,0.2525101021721661,0,dev
2023091006,598,1,0.8681318681318682,0.876940951382828,1,dev
2023091006,775,1,0.9395248380129589,0.9473069509892077,1,dev
2023091006,822,1,0.3465346534653465,0.297291829515412,0,dev
2023091006,899,1,0.9395248380129589,0.946214158025956,1,dev
2023091006,960,1,0.3861788617886179,0.4017712376305085,0,dev
2023091006,1027,1,0.77728285077951,0.7754083662227792,1,dev
2023091006,1096,1,0.7197452229299363,0.6851988491575555,1,dev
2023091006,1143,1,0.3534675615212528,0.38164391583867513,1,dev
2023091006,1207,1,0.8627204030226701,0.864927879615663,1,dev
2023091006,1421,1,0.9092841956059532,0.9134131082596724,1,dev
2023091006,1446,1,0.8348348348348347,0.8390194948250249,1,dev
2023091006,1717,1,0.9092841956059532,0.8986281417442505,0,dev
2023091006,1828,1,0.9222585924713584,0.9344673741933469,1,dev
2023091006,1974,1,0.9222585924713584,0.9236162809686792,1,dev
2023091006,1999,1,0.8627204030226701,0.8551876739307136,0,dev
2023091006,2156,1,0.8348348348348347,0.8297004121386277,1,dev
2023091006,2188,1,0.004310344827586207,0.03345808730441174,0,dev
2023091006,2274,1,0.77728285077951,0.7701065378410726,1,dev
2023091006,2299,1,0.9092841956059532,0.90892594965921,1,dev
2023091006,2324,1,0.8627204030226701,0.8680553265488137,1,dev
2023091006,2380,1,0.77728285077951,0.7380698075849307,0,dev
2023091006,2415,1,0.8348348348348347,0.8378212116063616,1,dev
2023091006,2470,1,0.7197452229299363,0.6955374700060087,1,dev
2023091006,2529,1,0.8348348348348347,0.8236884624625191,1,dev
2023091006,2657,1,0.9395248380129589,0.9491049852986924,1,dev
2023091006,2736,1,0.9395248380129589,0.9514314153419298,1,dev
2023091006,2861,1,0.77728285077951,0.7623361464209862,1,dev
2023091006,2930,1,0.9222585924713584,0.9338698269132634,1,dev
2023091006,3078,1,0.6571428571428571,0.6102037794489331,1,dev
2023091006,3137,1,0.11059907834101383,0.15912476598305922,0,dev
2023091006,3234,1,0.9092841956059532,0.9073367382648534,1,dev
2023091006,3295,1,0.9092841956059532,0.9181513018069164,1,dev
2023091006,3422,1,0.9395248380129589,0.9447300842764172,1,dev
2023091006,3447,1,0.8627204030226701,0.8660412732806576,1,dev
2023091006,3472,1,0.005952380952380952,0.05570454071132695,0,dev
2023091006,3596,1,0.9135802469135802,0.9200814103350204,1,dev
2023091006,3680,1,0.6589147286821706,0.6533735271588664,0,dev
2023091006,3722,1,0.9395248380129589,0.9501825109573214,1,dev
2023091006,3754,1,0.9395248380129589,0.9498431348248434,1,dev
2023091006,3779,1,0.9743589743589743,0.9607662840707217,1,dev
2023091006,3804,1,0.9088785046728972,0.8929326821993746,1,dev
2023091006,3829,1,0.8348348348348347,0.8282978516647536,1,dev
2023091006,4079,1,0.21666666666666667,0.2475678000720675,0,dev
2023091006,4163,1,0.77728285077951,0.7487681866244207,0,dev
2023091006,4186,1,0.9395248380129589,0.9453162361222874,1,dev
2023091006,4211,1,0.9092841956059532,0.9128818243858562,1,dev
2023091006,4270,1,0.9395248380129589,0.9398391800950068,1,dev
2023091006,4315,1,0.9395248380129589,0.9387987848292448,1,dev
2023091006,4340,1,0.5,0.4898213242765508,1,dev
2023091006,4395,1,0.9092841956059532,0.915266488786305,1,dev
2023091006,4420,1,0.840531561461794,0.8463847653175522,1,dev
2023091007,77,1,0.8288288288288288,0.7973760660357447,1,dev
2023091007,124,1,0.8348348348348347,0.8278121684449846,0,dev
2023091007,147,1,0.8627204030226701,0.8620794232201864,1,dev
2023091007,197,1,0.6571428571428571,0.6105546435338891,0,dev
2023091007,220,1,0.9088785046728972,0.8907050743824418,1,dev
2023091007,332,1,0.6571428571428571,0.6243829219322377,1,dev
2023091007,357,1,0.005952380952380952,0.04044389346803832,0,dev
2023091007,580,1,0.9092841956059532,0.9184510234239903,1,dev
2023091007,699,1,0.9092841956059532,0.896841127660014,1,dev
2023091007,842,1,0.8627204030226701,0.8719465498174453,1,dev
2023091007,935,1,0.3861788617886179,0.42124152759423145,0,dev
2023091007,1167,1,0.6571428571428571,0.6118094129830165,1,dev
2023091007,1214,1,0.41818181818181815,0.43945076082769297,0,dev
2023091007,1371,1,0.9135802469135802,0.9205143624043666,1,dev
2023091007,1399,1,0.8348348348348347,0.8288683108782158,1,dev
2023091007,1424,1,0.6571428571428571,0.5942696546490236,1,dev
2023091007,1620,1,0.9135802469135802,0.9200228018303594,1,dev
2023091007,1679,1,0.3534675615212528,0.37472672608067864,0,dev
2023091007,1764,1,0.9092841956059532,0.9115336967097084,1,dev
2023091007,1794,1,0.9135802469135802,0.9197532173017932,1,dev
2023091007,1848,1,0.7197452229299363,0.6894163010784315,1,dev
2023091007,1988,1,0.9092841956059532,0.9143253573857454,1,dev
2023091007,2013,1,0.3861788617886179,0.40379096011723914,0,dev
2023091007,2036,1,0.77728285077951,0.751193065668406,0,dev
2023091007,2135,1,0.9222585924713584,0.9272261086467194,1,dev
2023091007,2160,1,0.004310344827586207,0.015261549465190698,0,dev
2023091007,2183,1,0.8681318681318682,0.8770822996141842,1,dev
2023091007,2208,1,0.21666666666666667,0.25191222216043224,0,dev
2023091007,2238,1,0.753968253968254,0.7132571445269715,1,dev
2023091007,2359,1,0.6571428571428571,0.6242558963508563,1,dev
2023091007,2421,1,0.5533707865168538,0.5440330065325266,1,dev
2023091007,2447,1,0.77728285077951,0.790796188307261,1,dev
2023091007,2472,1,0.3534675615212528,0.35835624880109995,0,dev
2023091007,2495,1,0.5533707865168538,0.5359731494220125,1,dev
2023091007,2672,1,0.840531561461794,0.8448367804213294,1,dev
2023091007,2719,1,0.840531561461794,0.8505274946217756,1,dev
2023091007,3145,1,0.9222585924713584,0.9234081330229814,1,dev
2023091007,3542,1,0.3534675615212528,0.35821220088171923,1,dev
2023091007,3890,1,0.9088785046728972,0.8942716667808229,1,dev
2023091007,4101,1,0.9092841956059532,0.9117938956732417,1,dev
2023091007,4182,1,0.9088785046728972,0.8929036387877782,1,dev
2023091007,4234,1,0.9395248380129589,0.9450790666167621,1,dev
2023091007,4271,1,0.3534675615212528,0.3663328862016401,0,dev
2023091008,125,1,0.9092841956059532,0.8989238258934835,1,dev
2023091008,273,1,0.9092841956059532,0.908875593568247,1,dev
2023091008,396,1,0.004310344827586207,0.033201727999747396,0,dev
2023091008,496,1,0.3465346534653465,0.29818095082735896,1,dev
2023091008,572,1,0.8627204030226701,0.8743166086856915,1,dev
2023091008,619,1,0.9395248380129589,0.9362514192979025,1,dev
2023091008,735,1,0.8348348348348347,0.8216573648678372,1,dev
2023091008,840,1,0.005952380952380952,0.06549763605876495,0,dev
2023091008,888,1,0.9222585924713584,0.9305198168670438,1,dev
2023091008,1105,1,0.9092841956059532,0.8993043169503314,1,dev
2023091008,1130,1,0.9222585924713584,0.9278283308323731,1,dev
2023091008,1155,1,0.8681318681318682,0.8786727814340994,1,dev
2023091008,1200,1,0.3534675615212528,0.32852893115795373,0,dev
2023091008,1292,1,0.9222585924713584,0.9241507588213244,1,dev
2023091008,1356,1,0.25874125874125875,0.2640634607029931,0,dev
2023091008,1473,1,0.8627204030226701,0.8571142127812884,0,dev
2023091008,1551,1,0.8348348348348347,0.8215282171333463,0,dev
2023091008,1576,1,0.840531561461794,0.8495007146227704,1,dev
2023091008,1601,1,0.8681318681318682,0.8769881068002986,1,dev
2023091008,1626,1,0.005952380952380952,0.04035383170707314,0,dev
2023091008,1818,1,0.9222585924713584,0.9299556861514937,1,dev
2023091008,1929,1,0.95,0.9568537440197156,0,dev
2023091008,1952,1,0.21666666666666667,0.24082357783406075,0,dev
2023091008,1981,1,0.9222585924713584,0.9251915310738779,1,dev
2023091008,2007,1,0.41818181818181815,0.44328769487754255,0,dev
2023091008,2390,1,0.95,0.9545519462569855,1,dev
2023091008,2475,1,0.77728285077951,0.7833929538024582,0,dev
2023091008,2520,1,0.7197452229299363,0.6861123134035004,1,dev
2023091008,2697,1,0.9092841956059532,0.9171097867317747,1,dev
2023091008,2749,1,0.77728285077951,0.746367677670661,0,dev
2023091008,2865,1,0.9092841956059532,0.899641768321591,1,dev
2023091008,2921,1,0.8851674641148325,0.8827790938466569,1,dev
2023091008,3010,1,0.6571428571428571,0.6314567094770015,1,dev
2023091008,3178,1,0.6571428571428571,0.6098629526944832,1,dev
2023091008,3208,1,0.9395248380129589,0.9424460623855873,1,dev
2023091008,3254,1,0.6571428571428571,0.5787301087591582,1,dev
2023091008,3354,1,0.8627204030226701,0.8743694374207072,0,dev
2023091008,3495,1,0.9222585924713584,0.9236764327974468,1,dev
2023091008,3745,1,0.3534675615212528,0.33704747630218124,0,dev
2023091008,3826,1,0.6571428571428571,0.6290267588146159,1,dev
2023091008,3851,1,0.004310344827586207,0.02052175629116196,0,dev
2023091008,3923,1,0.8627204030226701,0.8557132343983325,1,dev
2023091008,3975,1,0.6589147286821706,0.6523577833393732,0,dev
2023091008,3998,1,0.8627204030226701,0.8599730089033468,0,dev
2023091008,4021,1,0.77728285077951,0.7539657619061733,1,dev
2023091008,4051,1,0.9395248380129589,0.9367891590544726,1,dev
2023091008,4083,1,0.95,0.9553817846089668,1,dev
2023091008,4452,1,0.9222585924713584,0.9330862807997395,1,dev
2023091008,4491,1,0.9395248380129589,0.9364763556143131,0,dev
2023091008,4514,1,0.95,0.9571627372265964,1,dev
2023091008,4539,1,0.9092841956059532,0.9035394995649404,1,dev
2023091009,103,1,0.8288288288288288,0.7969521080265459,1,dev
2023091009,306,1,0.35714285714285715,0.3874307683871036,1,dev
2023091009,417,1,0.9092841956059532,0.9041830810214786,1,dev
2023091009,442,1,0.8348348348348347,0.8302239383488607,1,dev
2023091009,511,1,0.9088785046728972,0.8909750550316115,0,dev
2023091009,570,1,0.77728285077951,0.7507176500455178,1,dev
2023091009,681,1,0.9222585924713584,0.9239046700963853,1,dev
2023091009,750,1,0.8851674641148325,0.8845440465199935,1,dev
2023091009,797,1,0.325,0.2859738690386966,1,dev
2023091009,861,1,0.9395248380129589,0.9374431965169598,1,dev
2023091009,953,1,0.9088785046728972,0.8891017910858725,1,dev
2023091009,987,1,0.840531561461794,0.8469123382722834,1,dev
2023091009,1017,1,0.8288288288288288,0.7975700573576628,1,dev
2023091009,1097,1,0.5533707865168538,0.5371937294417204,0,dev
2023091009,1212,1,0.9092841956059532,0.9063644762126469,1,dev
2023091009,1507,1,0.9395248380129589,0.945680162814801,1,dev
2023091009,1561,1,0.5,0.4905042681525968,0,dev
2023091009,1621,1,0.9222585924713584,0.9299556442930703,1,dev
2023091009,1680,1,0.7197452229299363,0.6964054073678067,1,dev
2023091009,1710,1,0.9222585924713584,0.9213678386328493,1,dev
2023091009,1735,1,0.8757396449704142,0.880735938471856,1,dev
2023091009,1772,1,0.9092841956059532,0.9118042620873759,1,dev
2023091009,1802,1,0.8627204030226701,0.8736641173155482,1,dev
2023091009,1827,1,0.8627204030226701,0.8573844251391713,1,dev
2023091009,1886,1,0.9092841956059532,0.9025123902504356,1,dev
2023091009,1946,1,0.77728285077951,0.7904929490210881,1,dev
2023091009,2102,1,0.9092841956059532,0.9063719905426818,0,dev
2023091009,2430,1,0.3534675615212528,0.31501717868625556,0,dev
2023091009,2499,1,0.77728285077951,0.7464568776596255,1,dev
2023091009,2546,1,0.8681318681318682,0.8775114807298476,1,dev
2023091009,2609,1,0.77728285077951,0.7849657044820916,1,dev
2023091009,2634,1,0.8681318681318682,0.8757561296935521,1,dev
2023091009,2826,1,0.6589147286821706,0.6648358885867546,0,dev
2023091009,2907,1,0.9092841956059532,0.903146320798195,1,dev
2023091009,2932,1,0.9135802469135802,0.9193112191104118,1,dev
2023091009,3009,1,0.9222585924713584,0.9223447274681051,1,dev
2023091009,3108,1,0.9222585924713584,0.92752838511441,1,dev
2023091009,3140,1,0.8681318681318682,0.8757185027236923,1,dev
2023091009,3170,1,0.9395248380129589,0.949557466495431,1,dev
2023091009,3195,1,0.45,0.48662157472119255,1,dev
2023091009,3242,1,0.6571428571428571,0.6234439803106374,1,dev
2023091009,3361,1,0.9222585924713584,0.9333031688258951,0,dev
2023091009,3386,1,0.753968253968254,0.7139531999987649,1,dev
2023091009,3418,1,0.8627204030226701,0.8515905572853125,1,dev
2023091009,3454,1,0.77728285077951,0.7827028590174107,1,dev
2023091009,3501,1,0.11059907834101383,0.1608073861318416,1,dev
2023091009,3587,1,0.9092841956059532,0.9186959188449515,0,dev
2023091009,3610,1,0.9743589743589743,0.960305378013754,1,dev
2023091009,3754,1,0.8757396449704142,0.8823625972126924,1,dev
2023091010,121,1,0.9222585924713584,0.9231360759516841,1,dev
2023091010,261,1,0.004310344827586207,0.02119137594215417,0,dev
2023091010,328,1,0.7583333333333333,0.7241901218139193,1,dev
2023091010,607,1,0.3465346534653465,0.2971535722243635,0,dev
2023091010,630,1,0.325,0.2860540369832671,1,dev
2023091010,706,1,0.13,0.18740184387805442,0,dev
2023091010,767,1,0.77728285077951,0.7892655647614687,1,dev
2023091010,997,1,0.41818181818181815,0.4495985570402551,0,dev
2023091010,1040,1,0.6571428571428571,0.5807731894665034,1,dev
2023091010,1072,1,0.77728285077951,0.7710455292701417,1,dev
2023091010,1119,1,0.9088785046728972,0.892336024716352,1,dev
2023091010,1249,1,0.3861788617886179,0.4161667694620539,0,dev
2023091010,1337,1,0.8627204030226701,0.8686392939097396,1,dev
2023091010,1438,1,0.5,0.49933390407260736,1,dev
2023091010,1513,1,0.35714285714285715,0.3891956076325604,0,dev
2023091010,1558,1,0.11059907834101383,0.1574655220155804,0,dev
2023091010,1607,1,0.77728285077951,0.7894328514046309,1,dev
2023091010,1714,1,0.8288288288288288,0.7992467506318115,1,dev
2023091010,1761,1,0.9092841956059532,0.9087741373208539,1,dev
2023091010,1810,1,0.8757396449704142,0.8815727540178782,1,dev
2023091010,1835,1,0.4155844155844156,0.42701844715976056,0,dev
2023091010,1858,1,0.3861788617886179,0.42253020924753315,0,dev
2023091010,1888,1,0.9092841956059532,0.9150290761564995,1,dev
2023091010,1940,1,0.5,0.5104710303338109,1,dev
2023091010,2002,1,0.8348348348348347,0.8206834028201286,1,dev
2023091010,2027,1,0.5533707865168538,0.5265651561468823,1,dev
2023091010,2103,1,0.9222585924713584,0.9287758847082496,1,dev
2023091010,2151,1,0.8348348348348347,0.830495388373214,1,dev
2023091010,2176,1,0.9088785046728972,0.8901577642850705,1,dev
2023091010,2206,1,0.9395248380129589,0.9464382487688052,1,dev
2023091010,2236,1,0.9092841956059532,0.9076136899751821,1,dev
2023091010,2261,1,0.005952380952380952,0.043160982538600796,0,dev
2023091010,2284,1,0.77728285077951,0.7471212117959329,0,dev
2023091010,2372,1,0.9135802469135802,0.9193881712420341,1,dev
2023091010,2930,1,0.7197452229299363,0.7002894253026848,1,dev
2023091010,2982,1,0.8627204030226701,0.8716675786561684,1,dev
2023091010,3029,1,0.7197452229299363,0.7010745617305237,0,dev
2023091010,3128,1,0.9395248380129589,0.945644453723249,1,dev
2023091010,3198,1,0.77728285077951,0.7777145399741555,1,dev
2023091010,3274,1,0.8681318681318682,0.876095732875063,0,dev
2023091010,3309,1,0.9395248380129589,0.9379047887920229,1,dev
2023091010,3494,1,0.9092841956059532,0.9094035319093838,1,dev
2023091010,3640,1,0.77728285077951,0.7782309109959952,1,dev
2023091010,3676,1,0.9088785046728972,0.8912413043874459,1,dev
2023091010,3701,1,0.41818181818181815,0.44268715992816965,1,dev
2023091010,3803,1,0.5533707865168538,0.5377223298339423,0,dev
2023091010,3826,1,0.3861788617886179,0.40906769523407044,1,dev
2023091010,3890,1,0.5533707865168538,0.5462803718416553,1,dev
2023091010,4076,1,0.0,0.008749005949463184,0,dev
2023091010,4099,1,0.8627204030226701,0.8646439963756503,1,dev
2023091010,4207,1,0.8627204030226701,0.8681752996776911,1,dev
2023091010,4321,1,0.77728285077951,0.7528588745109018,0,dev
2023091010,4426,1,0.6589147286821706,0.6479546405951625,1,dev
2023091010,4473,1,0.11059907834101383,0.1677262502659831,1,dev
2023091010,4498,1,0.3534675615212528,0.33257479782911326,0,dev
2023091010,4528,1,0.9395248380129589,0.9480437708428598,1,dev
2023091010,4558,1,0.3861788617886179,0.4044489387627415,1,dev
2023091010,4615,1,0.9092841956059532,0.8991741663091832,1,dev
2023091010,4699,1,0.5,0.500625000407526,1,dev
2023091011,55,1,0.95,0.9568883110464542,1,dev
2023091011,140,1,0.9088785046728972,0.8957792432318064,1,dev
2023091011,209,1,0.9395248380129589,0.9487218739753448,1,dev
2023091011,515,1,0.5,0.502392170771403,1,dev
2023091011,614,1,0.41818181818181815,0.4541746953936257,0,dev
2023091011,766,1,0.8288288288288288,0.8010843063570228,1,dev
2023091011,849,1,0.3534675615212528,0.3224955550122804,1,dev
2023091011,952,1,0.5533707865168538,0.5642266070183439,0,dev
2023091011,980,1,0.4155844155844156,0.4320454557295371,0,dev
2023091011,1034,1,0.9092841956059532,0.8986775201618041,1,dev
2023091011,1101,1,0.8348348348348347,0.8209449139294277,1,dev
2023091011,1224,1,0.3465346534653465,0.29611192082743504,0,dev
2023091011,1418,1,0.840531561461794,0.845619510401963,1,dev
2023091011,1443,1,0.8288288288288288,0.813021541492778,0,dev
2023091011,1661,1,0.9092841956059532,0.9156381413549906,1,dev
2023091011,1686,1,0.25874125874125875,0.26147341981087385,0,dev
2023091011,1734,1,0.8348348348348347,0.8380825271619842,1,dev
2023091011,1759,1,0.77728285077951,0.7343958751894066,1,dev
2023091011,1792,1,0.8627204030226701,0.8534257800413547,1,dev
2023091011,1839,1,0.3861788617886179,0.39469868136960123,1,dev
2023091011,1964,1,0.840531561461794,0.8472544714706426,1,dev
2023091011,1989,1,0.8288288288288288,0.8070490906604573,0,dev
2023091011,2093,1,0.8288288288288288,0.8116144632724174,1,dev
2023091011,2125,1,0.8348348348348347,0.823440378091787,1,dev
2023091011,2196,1,0.9092841956059532,0.9073897907316165,1,dev
2023091011,2221,1,0.6589147286821706,0.6720378931437868,1,dev
2023091011,2363,1,0.9395248380129589,0.9498345741900205,1,dev
2023091011,2388,1,0.6571428571428571,0.5988355588373407,0,dev
2023091011,2449,1,0.5533707865168538,0.5248867190518376,1,dev
2023091011,2508,1,0.840531561461794,0.8492412560287719,1,dev
2023091011,2555,1,0.9088785046728972,0.8932914091635459,1,dev
2023091011,2580,1,0.9092841956059532,0.8976095013466161,1,dev
2023091011,2643,1,0.325,0.2892939641980144,0,dev
2023091011,2809,1,0.8627204030226701,0.8589159105484223,1,dev
2023091011,2834,1,0.11059907834101383,0.12714028836010238,0,dev
2023091011,2857,1,0.9222585924713584,0.9344784533951183,1,dev
2023091011,3006,1,0.03296703296703297,0.07058868358169092,0,dev
2023091011,3108,1,0.8627204030226701,0.856254061244866,1,dev
2023091011,3140,1,0.9395248380129589,0.9360866564495688,1,dev
2023091011,3187,1,0.8627204030226701,0.8622279249837658,1,dev
2023091011,3217,1,0.9222585924713584,0.9333129482090903,1,dev
2023091011,3262,1,0.11059907834101383,0.17586320025943167,0,dev
2023091011,3285,1,0.9222585924713584,0.9255567484546124,1,dev
2023091011,3355,1,0.005952380952380952,0.05390605416217784,0,dev
2023091011,3425,1,0.95,0.9580406092354982,1,dev
2023091011,3455,1,0.9395248380129589,0.9433962901927705,1,dev
2023091011,3491,1,0.11059907834101383,0.12752807195777857,0,dev
2023091011,3541,1,0.9395248380129589,0.9388048127479156,1,dev
2023091011,3683,1,0.11059907834101383,0.1777544569330757,0,dev
2023091011,3772,1,0.9088785046728972,0.892202804101226,1,dev
2023091011,3797,1,0.9092841956059532,0.9127311165095434,1,dev
2023091011,3915,1,0.11059907834101383,0.17283900875466035,1,dev
2023091011,3976,1,0.03296703296703297,0.06959430803253538,0,dev
2023091011,4046,1,0.6589147286821706,0.6663538532860713,1,dev
2023091011,4071,1,0.9088785046728972,0.8965334092164432,1,dev
2023091011,4096,1,0.9088785046728972,0.8958625191346901,1,dev
2023091011,4270,1,0.3861788617886179,0.41724735324388956,0,dev
2023091011,4317,1,0.77728285077951,0.7849415053470791,0,dev
2023091011,4427,1,0.11059907834101383,0.18074056140834566,0,dev
2023091011,4457,1,0.9395248380129589,0.9384316268911315,1,dev
2023091011,4485,1,0.3534675615212528,0.36381355689456996,0,dev
2023091011,4557,1,0.9222585924713584,0.9291552558203164,1,dev
2023091011,4666,1,0.3534675615212528,0.3855785774475623,0,dev
2023091012,55,1,0.8348348348348347,0.8331785328174853,1,dev
2023091012,102,1,0.4155844155844156,0.43475002519565326,1,dev
2023091012,176,1,0.8348348348348347,0.8340531426264324,1,dev
2023091012,327,1,0.3534675615212528,0.327803195671654,0,dev
2023091012,439,1,0.6589147286821706,0.6601036547707917,1,dev
2023091012,582,1,0.9092841956059532,0.9070353647997871,0,dev
2023091012,605,1,0.7727272727272727,0.7272549100114706,1,dev
2023091012,652,1,0.8851674641148325,0.883936801492369,1,dev
2023091012,677,1,0.9395248380129589,0.9359578969561289,1,dev
2023091012,783,1,0.840531561461794,0.8456440607570102,1,dev
2023091012,925,1,0.8851674641148325,0.88564926033708,1,dev
2023091012,950,1,0.9222585924713584,0.9345583755216347,1,dev
2023091012,1090,1,0.9395248380129589,0.945039390229081,1,dev
2023091012,1165,1,0.77728285077951,0.767273994524231,1,dev
2023091012,1212,1,0.7197452229299363,0.690073013296778,1,dev
2023091012,1392,1,0.7583333333333333,0.726251597307059,1,dev
2023091012,1455,1,0.5533707865168538,0.5619387553519414,1,dev
2023091012,1641,1,0.9222585924713584,0.9322480584596158,1,dev
2023091012,1666,1,0.9222585924713584,0.9271234263601489,1,dev
2023091012,1713,1,0.03296703296703297,0.07684830358583317,0,dev
2023091012,1831,1,0.9222585924713584,0.9286200281287089,1,dev
2023091012,1956,1,0.9092841956059532,0.8971029658444569,0,dev
2023091012,1979,1,0.6571428571428571,0.605451302910135,0,dev
2023091012,2002,1,0.8348348348348347,0.833703295208981,1,dev
2023091012,2034,1,0.8288288288288288,0.8080432776275208,1,dev
2023091012,2215,1,0.3861788617886179,0.41113069728970003,1,dev
2023091012,2240,1,0.5,0.517475962238231,0,dev
2023091012,2263,1,0.9222585924713584,0.9296454035931134,1,dev
2023091012,2310,1,0.9092841956059532,0.8998674907558556,1,dev
2023091012,2335,1,0.77728285077951,0.7773612931672823,1,dev
2023091012,2476,1,0.9088785046728972,0.893972856264025,0,dev
2023091012,2499,1,0.8627204030226701,0.8727505038328649,0,dev
2023091012,2543,1,0.9092841956059532,0.9046435637248309,1,dev
2023091012,2602,1,0.8627204030226701,0.8648768587469267,1,dev
2023091012,2656,1,0.5,0.5141824102278064,1,dev
2023091012,2725,1,0.004310344827586207,0.014734249611203756,0,dev
2023091012,2791,1,0.9092841956059532,0.9090315574807551,1,dev
2023091012,2956,1,0.9092841956059532,0.9149754495511755,0,dev
2023091012,3068,1,0.8348348348348347,0.8221962255793833,1,dev
2023091012,3093,1,0.8245614035087719,0.7943170908736487,1,dev
2023091012,3140,1,0.9222585924713584,0.9307613169144919,1,dev
2023091012,3197,1,0.004310344827586207,0.01656666211437066,0,dev
2023091012,3298,1,0.03296703296703297,0.08020534404185059,0,dev
2023091012,3382,1,0.9092841956059532,0.9165069510493647,1,dev
2023091012,3412,1,0.77728285077951,0.7489533721590148,0,dev
2023091012,3516,1,0.9092841956059532,0.9168240689281851,1,dev
2023091012,3541,1,0.5533707865168538,0.540452324806559,1,dev
2023091012,3618,1,0.11059907834101383,0.12914974806128154,0,dev
2023091012,3663,1,0.11059907834101383,0.16181741201198432,0,dev
2023091012,3729,1,0.8245614035087719,0.7932036592619968,1,dev
2023091013,422,1,0.3534675615212528,0.37919436291319003,0,dev
2023091013,485,1,0.41818181818181815,0.45747599275863227,1,dev
2023091013,539,1,0.9222585924713584,0.9240424005374981,1,dev
2023091013,616,1,0.5533707865168538,0.5759385398322656,0,dev
2023091013,639,1,0.9222585924713584,0.93027747128588,1,dev
2023091013,1015,1,0.8627204030226701,0.8713946594144658,0,dev
2023091013,1072,1,0.03296703296703297,0.071650396404415,0,dev
2023091013,1117,1,0.9222585924713584,0.9337303512859725,1,dev
2023091013,1142,1,0.3534675615212528,0.31816582853206055,1,dev
2023091013,1233,1,0.9088785046728972,0.8962001568546379,0,dev
2023091013,1337,1,0.9092841956059532,0.9091670142999845,1,dev
2023091013,1588,1,0.8288288288288288,0.8063482662527854,1,dev
2023091013,1635,1,0.9222585924713584,0.9251284776210005,1,dev
2023091013,1687,1,0.13,0.18885832813174325,0,dev
2023091013,1737,1,0.840531561461794,0.8485786487650765,1,dev
2023091013,1813,1,0.8627204030226701,0.8717872451194727,1,dev
2023091013,1870,1,0.9092841956059532,0.907445722640689,0,dev
2023091013,1943,1,0.005952380952380952,0.05305702844341927,0,dev
2023091013,2144,1,0.9088785046728972,0.8892693807770284,1,dev
2023091013,2213,1,0.77728285077951,0.7638535091995816,1,dev
2023091013,2292,1,0.7583333333333333,0.7254733494349492,0,dev
2023091013,2515,1,0.77728285077951,0.7613955458749684,1,dev
2023091013,2572,1,0.9222585924713584,0.9235521339863495,1,dev
2023091013,2738,1,0.8288288288288288,0.8085485432941591,1,dev
2023091013,2802,1,0.77728285077951,0.7496429341047924,0,dev
2023091013,2872,1,0.8851674641148325,0.8850596587715938,1,dev
2023091013,2897,1,0.9088785046728972,0.8948773723820028,0,dev
2023091013,2932,1,0.840531561461794,0.8485415020738823,1,dev
2023091013,3001,1,0.41818181818181815,0.4453764315778017,0,dev
2023091013,3024,1,0.8757396449704142,0.8823175556363336,0,dev
2023091013,3047,1,0.5533707865168538,0.5621340915366843,0,dev
2023091013,3101,1,0.9092841956059532,0.9137396377101384,1,dev
2023091013,3210,1,0.9222585924713584,0.9214672733240166,1,dev
2023091013,3257,1,0.6589147286821706,0.6488187075582433,0,dev
2023091013,3357,1,0.8627204030226701,0.8708555286814259,1,dev
2023091013,3538,1,0.9222585924713584,0.9350977706405574,1,dev
2023091013,3686,1,0.5533707865168538,0.559845453112341,1,dev
2023091013,3711,1,0.9092841956059532,0.9159479217918297,1,dev
2023091013,3845,1,0.7583333333333333,0.7184489060599398,1,dev
2023091013,3870,1,0.005952380952380952,0.05459144815660254,0,dev
2023091013,3974,1,0.21666666666666667,0.24342109590174985,0,dev
2023091100,58,1,0.77728285077951,0.7855777721909113,1,dev
2023091100,152,1,0.3861788617886179,0.41086042779622645,0,dev
2023091100,299,1,0.9222585924713584,0.9304457114564956,1,dev
2023091100,331,1,0.9092841956059532,0.8976432634749192,1,dev
2023091100,482,1,0.9092841956059532,0.9132532689998346,1,dev
2023091100,534,1,0.9395248380129589,0.9502488398098398,1,dev
2023091100,559,1,0.9088785046728972,0.8943838690749143,1,dev
2023091100,629,1,0.8348348348348347,0.8166509408446714,1,dev
2023091100,779,1,0.9222585924713584,0.9234448580373736,1,dev
2023091100,804,1,0.77728285077951,0.7824207239335509,1,dev
2023091100,962,1,0.8288288288288288,0.8006206018714104,1,dev
2023091100,1186,1,0.77728285077951,0.7883868292599496,1,dev
2023091100,1216,1,0.07894736842105263,0.11883296200959415,0,dev
2023091100,1239,1,0.9395248380129589,0.9406487348409133,1,dev
2023091100,1356,1,0.6571428571428571,0.6448664144174739,1,dev
2023091100,1499,1,0.9092841956059532,0.9020001561715093,1,dev
2023091100,1589,1,0.9088785046728972,0.8903542883459714,1,dev
2023091100,1664,1,0.4155844155844156,0.43196021786703703,1,dev
2023091100,1701,1,0.8627204030226701,0.8692092128333766,1,dev
2023091100,1775,1,0.44370860927152306,0.4687510718014942,0,dev
2023091100,1973,1,0.3534675615212528,0.33115115370604914,1,dev
2023091100,2281,1,0.9222585924713584,0.9222161500730907,1,dev
2023091100,2306,1,0.9395248380129589,0.9488541304863265,1,dev
2023091100,2358,1,0.9222585924713584,0.9331984433408075,1,dev
2023091100,2383,1,0.7197452229299363,0.699923733598415,1,dev
2023091100,2488,1,0.9395248380129589,0.9394758594279087,1,dev
2023091100,2513,1,0.8627204030226701,0.8693563700214663,0,dev
2023091100,2536,1,0.9222585924713584,0.9324812297280992,1,dev
2023091100,2655,1,0.8348348348348347,0.8321541092366916,1,dev
2023091100,2844,1,0.9222585924713584,0.9279487445432232,1,dev
2023091100,2916,1,0.9395248380129589,0.9463315602019845,1,dev
2023091100,2941,1,0.9222585924713584,0.9298058913442383,1,dev
2023091100,3098,1,0.9092841956059532,0.9182600215392461,1,dev
2023091100,3167,1,0.3534675615212528,0.35494798100616254,1,dev
2023091100,3214,1,0.3534675615212528,0.38185419600437837,1,dev
2023091100,3593,1,0.6589147286821706,0.6718994994110319,1,dev
2023091100,3618,1,0.77728285077951,0.7465062085735785,1,dev
2023091100,3684,1,0.7583333333333333,0.7254167383272937,1,dev
2023091100,3716,1,0.7197452229299363,0.7002779940525476,1,dev
2023091100,3942,1,0.9222585924713584,0.9213617037480871,0,dev
2023091100,3987,1,0.5,0.5030720225479693,0,dev
2023091400,56,2,0.5533707865168538,0.5341263364833573,1,dev
2023091400,151,2,0.25874125874125875,0.2737926128194734,1,dev
2023091400,293,2,0.840531561461794,0.8459390142389728,1,dev
2023091400,318,2,0.9222585924713584,0.9233568498266804,1,dev
2023091400,366,2,0.3861788617886179,0.41756029750422485,0,dev
2023091400,431,2,0.3534675615212528,0.32299491840165234,0,dev
2023091400,461,2,0.9222585924713584,0.933841958623158,1,dev
2023091400,779,2,0.9092841956059532,0.9093654269688356,1,dev
2023091400,928,2,0.95,0.9542672448187778,1,dev
2023091400,953,2,0.753968253968254,0.709048488150448,1,dev
2023091400,1000,2,0.9092841956059532,0.9062505865755054,1,dev
2023091400,1025,2,0.840531561461794,0.8461616030357497,1,dev
2023091400,1072,2,0.9092841956059532,0.9185977759708499,1,dev
2023091400,1105,2,0.9222585924713584,0.93353859385644,1,dev
2023091400,1213,2,0.95,0.9578962073854955,1,dev
2023091400,1420,2,0.8851674641148325,0.8856104784138775,1,dev
2023091400,1588,2,0.9088785046728972,0.8902964277178262,1,dev
2023091400,1645,2,0.6571428571428571,0.5976248242125545,1,dev
2023091400,1677,2,0.840531561461794,0.8457856512324649,1,dev
2023091400,1702,2,0.11059907834101383,0.17495131122637844,0,dev
2023091400,1725,2,0.9092841956059532,0.9111145544652147,1,dev
2023091400,1767,2,0.0,0.012518651016008417,0,dev
2023091400,1962,2,0.9222585924713584,0.9277887670173904,1,dev
2023091400,2247,2,0.77728285077951,0.766968114681868,1,dev
2023091400,2364,2,0.9088785046728972,0.8947723827562362,1,dev
2023091400,2450,2,0.8245614035087719,0.7947826131499864,1,dev
2023091400,2475,2,0.9222585924713584,0.9270473049869157,1,dev
2023091400,2500,2,0.11059907834101383,0.1424395517962819,0,dev
2023091400,2523,2,0.6571428571428571,0.5905578526341867,1,dev
2023091400,2587,2,0.8348348348348347,0.8210818485388469,1,dev
2023091400,2645,2,0.9222585924713584,0.9333527671301929,1,dev
2023091400,2694,2,0.9092841956059532,0.9161229732347709,1,dev
2023091400,2768,2,0.8627204030226701,0.8620816527805126,1,dev
2023091400,2793,2,0.07894736842105263,0.1204836565131966,0,dev
2023091400,2885,2,0.8288288288288288,0.8080002938077254,1,dev
2023091400,2976,2,0.9222585924713584,0.9344469631428376,1,dev
2023091400,3072,2,0.5533707865168538,0.5437207969392289,0,dev
2023091400,3117,2,0.8627204030226701,0.8524046113885508,1,dev
2023091400,3333,2,0.77728285077951,0.7684403430431703,0,dev
2023091400,3356,2,0.4155844155844156,0.43074312224131367,1,dev
2023091400,3413,2,0.3534675615212528,0.380121632359002,1,dev
2023091400,3438,2,0.9092841956059532,0.9154129739752817,0,dev
2023091400,3486,2,0.6571428571428571,0.6455547988688141,1,dev
2023091400,3516,2,0.9092841956059532,0.9101344434708609,1,dev
2023091400,3668,2,0.5,0.4983963668920549,1,dev
2023091400,3813,2,0.9092841956059532,0.9072693216462572,0,dev
2023091400,3836,2,0.21666666666666667,0.24672341946184914,1,dev
2023091400,3927,2,0.9395248380129589,0.9475766224470514,0,dev
2023091400,3950,2,0.9222585924713584,0.9284936053367967,1,dev
2023091400,3975,2,0.9092841956059532,0.9099133223756424,1,dev
2023091400,4000,2,0.840531561461794,0.8503812297592047,1,dev
2023091400,4084,2,0.77728285077951,0.7921416160418616,0,dev
2023091400,4107,2,0.325,0.2844721222993807,1,dev
2023091400,4132,2,0.77728285077951,0.778654995811519,1,dev
2023091700,111,2,0.03296703296703297,0.0808526986880043,0,dev
2023091700,430,2,0.9395248380129589,0.9467297770122096,0,dev
2023091700,453,2,0.8348348348348347,0.8306104018691459,1,dev
2023091700,522,2,0.8348348348348347,0.8378104058173275,0,dev
2023091700,545,2,0.8627204030226701,0.8569681862449098,1,dev
2023091700,597,2,0.8627204030226701,0.853905563417671,1,dev
2023091700,855,2,0.8757396449704142,0.8805126153445736,1,dev
2023091700,924,2,0.9395248380129589,0.9483030717325719,1,dev
2023091700,989,2,0.004310344827586207,0.034363332724047346,0,dev
2023091700,1076,2,0.8627204030226701,0.8527318881465226,1,dev
2023091700,1311,2,0.41818181818181815,0.436774327280031,1,dev
2023091700,1358,2,0.77728285077951,0.7636518499299325,1,dev
2023091700,1427,2,0.3465346534653465,0.3083135460835135,0,dev
2023091700,1457,2,0.6571428571428571,0.6426979278138077,1,dev
2023091700,1546,2,0.6571428571428571,0.5844151141725843,1,dev
2023091700,1593,2,0.9092841956059532,0.9048537920443401,1,dev
2023091700,1728,2,0.9395248380129589,0.9416330297962737,1,dev
2023091700,1809,2,0.3465346534653465,0.3124435882132047,1,dev
2023091700,1856,2,0.9092841956059532,0.9143970961978356,1,dev
2023091700,1959,2,0.840531561461794,0.8430432287871261,1,dev
2023091700,1984,2,0.5533707865168538,0.5609776018286069,1,dev
2023091700,2147,2,0.03296703296703297,0.07891418658957831,0,dev
2023091700,2170,2,0.9092841956059532,0.9132598131407595,0,dev
2023091700,2193,2,0.11059907834101383,0.18260347264140217,0,dev
2023091700,2258,2,0.8681318681318682,0.8765097636856045,1,dev
2023091700,2307,2,0.9222585924713584,0.9234738376043663,1,dev
2023091700,2337,2,0.9092841956059532,0.9076489645920714,1,dev
2023091700,2395,2,0.6589147286821706,0.657704764426736,1,dev
2023091700,2859,2,0.9092841956059532,0.9163845855556673,1,dev
2023091700,2911,2,0.9092841956059532,0.91386290877659,1,dev
2023091700,2941,2,0.9222585924713584,0.9325903919771092,1,dev
2023091700,3163,2,0.41818181818181815,0.4530407238715373,1,dev
2023091700,3232,2,0.9092841956059532,0.903293556874802,1,dev
2023091700,3328,2,0.07894736842105263,0.08474841720463355,0,dev
2023091700,3373,2,0.11059907834101383,0.13479252373648226,0,dev
2023091700,3506,2,0.8627204030226701,0.8667568733236988,1,dev
2023091700,3585,2,0.8681318681318682,0.8764296719252881,0,dev
2023091700,3781,2,0.6571428571428571,0.62754786202222,1,dev
2023091700,3843,2,0.9092841956059532,0.9151498170387184,1,dev
2023091700,3873,2,0.8627204030226701,0.8602594795473285,1,dev
2023091700,4143,2,0.15942028985507245,0.21422281095848122,0,dev
2023091700,4189,2,0.004310344827586207,0.022634173918979837,0,dev
2023091700,4212,2,0.3861788617886179,0.41758276340495487,0,dev
2023091701,102,2,0.5533707865168538,0.5319906282731587,1,dev
2023091701,339,2,0.9135802469135802,0.9188437347811785,1,dev
2023091701,415,2,0.9222585924713584,0.9211460568357571,1,dev
2023091701,487,2,0.9222585924713584,0.9217154921274149,1,dev
2023091701,512,2,0.9222585924713584,0.922088078134858,1,dev
2023091701,637,2,0.8627204030226701,0.853126487079509,1,dev
2023091701,662,2,0.3534675615212528,0.3374331329800447,0,dev
2023091701,757,2,0.9395248380129589,0.9453627773911935,1,dev
2023091701,782,2,0.5533707865168538,0.5571336416901512,1,dev
2023091701,807,2,0.8757396449704142,0.8802438698616386,1,dev
2023091701,832,2,0.9222585924713584,0.9326699790581274,1,dev
2023091701,857,2,0.9222585924713584,0.9358353095610737,1,dev
2023091701,936,2,0.9395248380129589,0.941336632071957,1,dev
2023091701,1039,2,0.8348348348348347,0.8366890852265342,1,dev
2023091701,1105,2,0.4155844155844156,0.4296952581569353,0,dev
2023091701,1169,2,0.8348348348348347,0.8354035743375006,1,dev
2023091701,1194,2,0.9092841956059532,0.9141674606183974,1,dev
2023091701,1243,2,0.8348348348348347,0.8202536289479568,1,dev
2023091701,1317,2,0.9092841956059532,0.9054998484772132,0,dev
2023091701,1395,2,0.9395248380129589,0.9408694600852939,1,dev
2023091701,1447,2,0.9088785046728972,0.8882674030498044,1,dev
2023091701,1573,2,0.9222585924713584,0.9260440080479324,1,dev
2023091701,1697,2,0.21666666666666667,0.23514740770047252,0,dev
2023091701,1727,2,0.8757396449704142,0.8797923097739474,1,dev
2023091701,1752,2,0.8627204030226701,0.8711769009681809,1,dev
2023091701,1811,2,0.9222585924713584,0.9355421900919492,1,dev
2023091701,1908,2,0.9222585924713584,0.9250880648423363,1,dev
2023091701,1938,2,0.5,0.4989443876910308,0,dev
2023091701,1961,2,0.8348348348348347,0.8364936439516684,1,dev
2023091701,2018,2,0.9088785046728972,0.8906974985177342,1,dev
2023091701,2055,2,0.8288288288288288,0.8104552012466949,1,dev
2023091701,2168,2,0.9222585924713584,0.9266114687128701,1,dev
2023091701,2267,2,0.9092841956059532,0.909585164378122,1,dev
2023091701,2337,2,0.8627204030226701,0.8548043358415152,1,dev
2023091701,2435,2,0.9222585924713584,0.9230827813120718,1,dev
2023091701,2465,2,0.6589147286821706,0.6704503733522408,1,dev
2023091701,2566,2,0.9222585924713584,0.9268534528068708,1,dev
2023091701,2591,2,0.9092841956059532,0.8994136026438165,1,dev
2023091701,2675,2,0.9222585924713584,0.9232594928851516,1,dev
2023091701,2705,2,0.840531561461794,0.8475498416818659,1,dev
2023091701,2752,2,0.9092841956059532,0.9126500099798893,1,dev
2023091701,2777,2,0.9222585924713584,0.9251284959595183,0,dev
2023091701,2953,2,0.9092841956059532,0.9045757763209238,1,dev
2023091701,3000,2,0.8627204030226701,0.8583434518852425,1,dev
2023091701,3025,2,0.77728285077951,0.7781286117567806,0,dev
2023091701,3144,2,0.9092841956059532,0.8991779249848062,1,dev
2023091701,3521,2,0.8681318681318682,0.8779904066708712,1,dev
2023091702,55,2,0.9395248380129589,0.9361976243961074,1,dev
2023091702,134,2,0.3861788617886179,0.4014478892225349,1,dev
2023091702,164,2,0.8681318681318682,0.875136230470025,1,dev
2023091702,189,2,0.8627204030226701,0.8707156068035872,1,dev
2023091702,336,2,0.8851674641148325,0.8850751802792803,1,dev
2023091702,504,2,0.6589147286821706,0.6711698853074844,1,dev
2023091702,529,2,0.25874125874125875,0.27009827551020904,0,dev
2023091702,584,2,0.77728285077951,0.7856492939002813,1,dev
2023091702,638,2,0.840531561461794,0.8433972462396934,1,dev
2023091702,663,2,0.005952380952380952,0.05862268826549294,0,dev
2023091702,686,2,0.5533707865168538,0.5503133584676932,0,dev
2023091702,711,2,0.11059907834101383,0.13087718426398187,0,dev
2023091702,842,2,0.9222585924713584,0.9294435588390302,1,dev
2023091702,1177,2,0.8348348348348347,0.8233407995712392,1,dev
2023091702,1228,2,0.9088785046728972,0.8931681982308691,1,dev
2023091702,1327,2,0.9395248380129589,0.9454955269166575,1,dev
2023091702,1556,2,0.9092841956059532,0.9183718993701719,1,dev
2023091702,1590,2,0.9135802469135802,0.9202143836834492,1,dev
2023091702,1681,2,0.95,0.9547093513244271,1,dev
2023091702,1706,2,0.95,0.9555898084993085,1,dev
2023091702,1736,2,0.3534675615212528,0.34830235910165297,0,dev
2023091702,1878,2,0.77728285077951,0.7793022763577719,1,dev
2023091702,1903,2,0.9395248380129589,0.9410159784381199,1,dev
2023091702,1928,2,0.9222585924713584,0.9325587219426814,1,dev
2023091702,1957,2,0.9395248380129589,0.9366495057118127,1,dev
2023091702,2094,2,0.8627204030226701,0.8607903560248303,0,dev
2023091702,2136,2,0.21666666666666667,0.23729395184572602,0,dev
2023091702,2298,2,0.9088785046728972,0.8961071523900705,1,dev
2023091702,2374,2,0.9088785046728972,0.894702186276621,1,dev
2023091702,2399,2,0.9395248380129589,0.9439406452094317,1,dev
2023091702,2429,2,0.8627204030226701,0.8590265472566716,1,dev
2023091702,2515,2,0.77728285077951,0.7762311275150655,1,dev
2023091702,2599,2,0.9092841956059532,0.8990655314437008,1,dev
2023091702,2663,2,0.9088785046728972,0.8957204145110468,1,dev
2023091702,2718,2,0.7197452229299363,0.6844937773401721,1,dev
2023091702,2792,2,0.77728285077951,0.7642853738065077,1,dev
2023091702,2817,2,0.5,0.4916739134166529,1,dev
2023091702,2842,2,0.41818181818181815,0.4378944451469103,0,dev
2023091702,2900,2,0.77728285077951,0.7619482635029964,1,dev
2023091702,2981,2,0.6571428571428571,0.588570420148351,1,dev
2023091702,3189,2,0.8627204030226701,0.8530086474052302,1,dev
2023091702,3246,2,0.25874125874125875,0.2737773227181984,0,dev
2023091702,3269,2,0.9092841956059532,0.9053726960215068,1,dev
2023091702,3367,2,0.8348348348348347,0.8168762772769325,1,dev
2023091702,3483,2,0.8348348348348347,0.837544878721776,1,dev
2023091702,3661,2,0.9222585924713584,0.9313993780697364,0,dev
2023091702,3700,2,0.840531561461794,0.8411123055905331,1,dev
2023091702,3771,2,0.8627204030226701,0.861296595083381,1,dev
2023091702,3796,2,0.5,0.5014723447116521,0,dev
2023091702,3876,2,0.9088785046728972,0.8921198016083585,1,dev
2023091702,3901,2,0.9222585924713584,0.9260188556603692,1,dev
2023091702,4016,2,0.07894736842105263,0.09193298007979242,0,dev
2023091703,104,2,0.6571428571428571,0.5916529182488904,1,dev
2023091703,180,2,0.8681318681318682,0.8779619266038852,1,dev
2023091703,210,2,0.8627204030226701,0.8651926644864101,1,dev
2023091703,281,2,0.9092841956059532,0.9027467341315656,1,dev
2023091703,306,2,0.8348348348348347,0.8401446485326706,1,dev
2023091703,530,2,0.8757396449704142,0.8804541622228355,1,dev
2023091703,582,2,0.9088785046728972,0.8874978699057995,1,dev
2023091703,629,2,0.77728285077951,0.7442048011662946,1,dev
2023091703,665,2,0.840531561461794,0.8435634434560958,1,dev
2023091703,736,2,0.9395248380129589,0.9486303441503572,1,dev
2023091703,913,2,0.9395248380129589,0.9456073426048162,1,dev
2023091703,980,2,0.9222585924713584,0.9258919594853688,1,dev
2023091703,1008,2,0.6571428571428571,0.5989954261098213,1,dev
2023091703,1062,2,0.8757396449704142,0.88015502433267,1,dev
2023091703,1131,2,0.8681318681318682,0.8779295392287823,1,dev
2023091703,1183,2,0.44370860927152306,0.48030418096727373,0,dev
2023091703,1206,2,0.9222585924713584,0.9233353621632521,1,dev
2023091703,1238,2,0.840531561461794,0.8429221706569763,1,dev
2023091703,1393,2,0.8851674641148325,0.8830156126293249,1,dev
2023091703,1496,2,0.7197452229299363,0.6891465711178354,1,dev
2023091703,1586,2,0.9222585924713584,0.9356002241926085,1,dev
2023091703,1611,2,0.8348348348348347,0.8241585225288791,1,dev
2023091703,1663,2,0.77728285077951,0.7852940081914048,1,dev
2023091703,1771,2,0.45,0.4873360046333161,0,dev
2023091703,1865,2,0.8348348348348347,0.8141226390815245,1,dev
2023091703,1890,2,0.8627204030226701,0.8560010619719601,1,dev
2023091703,1961,2,0.8851674641148325,0.8853332585992276,1,dev
2023091703,1986,2,0.6589147286821706,0.6514723504433972,1,dev
2023091703,2062,2,0.25874125874125875,0.270822182265111,1,dev
2023091703,2182,2,0.9222585924713584,0.9222622857000907,1,dev
2023091703,2268,2,0.6571428571428571,0.6351736086469918,1,dev
2023091703,2397,2,0.8851674641148325,0.8844445669230054,1,dev
2023091703,2498,2,0.9135802469135802,0.9196476722895635,1,dev
2023091703,2638,2,0.8851674641148325,0.8843697657773929,1,dev
2023091703,2754,2,0.9222585924713584,0.9208987144808465,1,dev
2023091703,2872,2,0.004310344827586207,0.02664578201412026,0,dev
2023091703,2960,2,0.6589147286821706,0.6506828378082206,1,dev
2023091703,3017,2,0.9088785046728972,0.8901269240618109,1,dev
2023091703,3069,2,0.25874125874125875,0.26885854980563123,0,dev
2023091703,3135,2,0.9092841956059532,0.9019429594532046,1,dev
2023091703,3185,2,0.6589147286821706,0.6780509652434351,1,dev
2023091703,3215,2,0.9088785046728972,0.8961645485577044,1,dev
2023091703,3361,2,0.9135802469135802,0.9190580691706649,1,dev
2023091703,3506,2,0.9092841956059532,0.8991574736578398,1,dev
2023091703,3544,2,0.8757396449704142,0.8793276980065486,1,dev
2023091703,3690,2,0.11059907834101383,0.14826591248456458,0,dev
2023091703,3733,2,0.44370860927152306,0.47874520030632456,1,dev
2023091703,3827,2,0.9092841956059532,0.9115350155466709,1,dev
2023091703,3874,2,0.77728285077951,0.7546513499781341,1,dev
2023091703,4077,2,0.6571428571428571,0.6073718821701543,1,dev
2023091703,4124,2,0.9092841956059532,0.9016833220138997,1,dev
2023091703,4149,2,0.9222585924713584,0.932488901695715,0,dev
2023091703,4179,2,0.8627204030226701,0.8609510536721582,1,dev
2023091703,4278,2,0.8851674641148325,0.8861302399437035,1,dev
2023091703,4326,2,0.8348348348348347,0.8281382110275659,1,dev
2023091703,4351,2,0.6571428571428571,0.6027023774713361,1,dev
2023091703,4401,2,0.9092841956059532,0.9116036652070999,1,dev
2023091703,4448,2,0.6571428571428571,0.6368555140113155,1,dev
2023091703,4478,2,0.77728285077951,0.7528479447065717,1,dev
2023091704,60,2,0.9092841956059532,0.9013000835980411,1,dev
2023091704,137,2,0.9222585924713584,0.922717251447099,1,dev
2023091704,206,2,0.9395248380129589,0.9505094782321822,1,dev
2023091704,368,2,0.9395248380129589,0.9405971730991752,1,dev
2023091704,565,2,0.8627204030226701,0.8702229288707989,1,dev
2023091704,591,2,0.9395248380129589,0.9388057270988588,1,dev
2023091704,683,2,0.7197452229299363,0.6959709089901175,0,dev
2023091704,706,2,0.9088785046728972,0.8959236040227934,1,dev
2023091704,822,2,0.77728285077951,0.7552070394434708,1,dev
2023091704,926,2,0.41818181818181815,0.4609207687590148,0,dev
2023091704,1127,2,0.13,0.19481263222687217,0,dev
2023091704,1309,2,0.3534675615212528,0.35406790219344264,0,dev
2023091704,1332,2,0.9395248380129589,0.9499463730141433,0,dev
2023091704,1381,2,0.9395248380129589,0.9409599342522766,1,dev
2023091704,1481,2,0.9395248380129589,0.9410724288733926,1,dev
2023091704,1584,2,0.7197452229299363,0.6974212622231574,1,dev
2023091704,1609,2,0.9395248380129589,0.9431828992614547,1,dev
2023091704,1738,2,0.8288288288288288,0.7987467529890673,1,dev
2023091704,1807,2,0.11059907834101383,0.1306260113752376,0,dev
2023091704,2004,2,0.77728285077951,0.7922753320252408,1,dev
2023091704,2036,2,0.9092841956059532,0.900776995395587,1,dev
2023091704,2084,2,0.77728285077951,0.7523313330919505,1,dev
2023091704,2109,2,0.8757396449704142,0.8819597245289962,1,dev
2023091704,2157,2,0.9088785046728972,0.891693275650126,1,dev
2023091704,2182,2,0.8681318681318682,0.8775133202664697,1,dev
2023091704,2214,2,0.5,0.499227254777948,1,dev
2023091704,2396,2,0.9135802469135802,0.9195151160337632,1,dev
2023091704,2421,2,0.8681318681318682,0.878047199417917,1,dev
2023091704,2490,2,0.9092841956059532,0.912755034322635,1,dev
2023091704,2742,2,0.5533707865168538,0.5257811045849078,1,dev
2023091704,2767,2,0.77728285077951,0.7815714794180941,1,dev
2023091704,2792,2,0.8627204030226701,0.874680214992207,1,dev
2023091704,2817,2,0.07894736842105263,0.08962994048393232,0,dev
2023091704,2857,2,0.9222585924713584,0.9343925439918476,0,dev
2023091704,2880,2,0.840531561461794,0.8448737018909414,1,dev
2023091704,3010,2,0.8851674641148325,0.8828839312795789,1,dev
2023091704,3079,2,0.5,0.5018407414717386,1,dev
2023091704,3104,2,0.9222585924713584,0.9350282610202367,0,dev
2023091704,3134,2,0.840531561461794,0.8440273213651105,1,dev
2023091704,3164,2,0.9092841956059532,0.9108161604618171,1,dev
2023091704,3200,2,0.9092841956059532,0.8968528091783775,1,dev
2023091704,3455,2,0.8681318681318682,0.8784033923540133,1,dev
2023091704,3571,2,0.9092841956059532,0.9163635964041765,1,dev
2023091704,3619,2,0.9092841956059532,0.9103447195973842,1,dev
2023091704,3644,2,0.8348348348348347,0.8197320775812483,1,dev
2023091704,3791,2,0.9222585924713584,0.9353013297875225,1,dev
2023091704,3895,2,0.9222585924713584,0.9305513165475068,1,dev
2023091704,3920,2,0.8757396449704142,0.8812537858637008,1,dev
2023091704,3991,2,0.9092841956059532,0.9101384750452272,1,dev
2023091704,4016,2,0.8681318681318682,0.8752315466484971,1,dev
2023091704,4041,2,0.9092841956059532,0.9082883922461096,1,dev
2023091704,4086,2,0.3534675615212528,0.3770427388625187,0,dev
2023091704,4277,2,0.9135802469135802,0.9193210712419355,1,dev
2023091704,4302,2,0.8627204030226701,0.8697741005229318,1,dev
2023091704,4327,2,0.07894736842105263,0.10892268053301271,0,dev
2023091704,4350,2,0.8348348348348347,0.8166451070752249,1,dev
2023091704,4375,2,0.9222585924713584,0.92106913946056,1,dev
2023091704,4457,2,0.9222585924713584,0.9235762346871522,1,dev
2023091705,103,2,0.77728285077951,0.7727679770736354,1,dev
2023091705,175,2,0.840531561461794,0.8438324012989168,0,dev
2023091705,267,2,0.9092841956059532,0.9095985165788576,1,dev
2023091705,292,2,0.5533707865168538,0.5544488572902808,1,dev
2023091705,391,2,0.9395248380129589,0.939320832572295,0,dev
2023091705,480,2,0.15942028985507245,0.22238617512450687,0,dev
2023091705,531,2,0.3534675615212528,0.31714423128029834,0,dev
2023091705,561,2,0.9222585924713584,0.9234853108633816,1,dev
2023091705,586,2,0.9222585924713584,0.9279569835443398,1,dev
2023091705,641,2,0.6571428571428571,0.6232517665707549,0,dev
2023091705,701,2,0.21666666666666667,0.23808210333331323,0,dev
2023091705,785,2,0.9092841956059532,0.9027328325666445,1,dev
2023091705,859,2,0.8348348348348347,0.8143605831156001,1,dev
2023091705,906,2,0.8348348348348347,0.8403712548190047,0,dev
2023091705,997,2,0.9088785046728972,0.8929679307550824,1,dev
2023091705,1027,2,0.9222585924713584,0.9258353655562205,1,dev
2023091705,1174,2,0.3534675615212528,0.3607504668032,0,dev
2023091705,1240,2,0.3534675615212528,0.3592121965725882,0,dev
2023091705,1285,2,0.9135802469135802,0.9200286629058558,1,dev
2023091705,1332,2,0.9092841956059532,0.8996491910260163,1,dev
2023091705,1657,2,0.3534675615212528,0.3190134542452734,0,dev
2023091705,1680,2,0.8681318681318682,0.8781538782631323,1,dev
2023091705,1908,2,0.9092841956059532,0.9173905051648746,1,dev
2023091705,1933,2,0.9092841956059532,0.9100670980100076,1,dev
2023091705,1958,2,0.840531561461794,0.848359194550272,1,dev
2023091705,1995,2,0.9092841956059532,0.9032075120438032,1,dev
2023091705,2020,2,0.77728285077951,0.7815702130496751,1,dev
2023091705,2045,2,0.3861788617886179,0.3958383300011413,1,dev
2023091705,2132,2,0.8288288288288288,0.8048991650913091,1,dev
2023091705,2157,2,0.5533707865168538,0.5441772649712538,1,dev
2023091705,2200,2,0.9092841956059532,0.9069636290010911,1,dev
2023091705,2230,2,0.77728285077951,0.7912357547523273,1,dev
2023091705,2380,2,0.44370860927152306,0.4672472180475399,0,dev
2023091705,2403,2,0.5,0.5054816418064941,1,dev
2023091705,2450,2,0.8348348348348347,0.8398524187047622,1,dev
2023091705,2480,2,0.8681318681318682,0.8774238374589622,1,dev
2023091705,2611,2,0.8288288288288288,0.8017782217746444,1,dev
2023091705,2636,2,0.25874125874125875,0.2730778119034593,0,dev
2023091705,2722,2,0.9222585924713584,0.9271217165186536,1,dev
2023091705,2780,2,0.11059907834101383,0.13234980022633017,0,dev
2023091705,2873,2,0.9222585924713584,0.9345384834614331,1,dev
2023091705,2953,2,0.004310344827586207,0.0310577931340609,0,dev
2023091705,3097,2,0.25874125874125875,0.2767984283976114,0,dev
2023091705,3296,2,0.5533707865168538,0.56289995488723,0,dev
2023091705,3477,2,0.5533707865168538,0.5278242437138418,1,dev
2023091705,3578,2,0.8288288288288288,0.8018607019066981,0,dev
2023091705,3601,2,0.9395248380129589,0.9367530897259314,1,dev
2023091705,3670,2,0.9395248380129589,0.9425200501188774,1,dev
2023091705,3695,2,0.11059907834101383,0.16772372731976393,0,dev
2023091705,3789,2,0.8245614035087719,0.7944686529343575,0,dev
2023091705,3867,2,0.11059907834101383,0.14982003859841198,0,dev
2023091705,3890,2,0.9395248380129589,0.9455702356073088,1,dev
2023091705,3928,2,0.8627204030226701,0.8715408014154206,1,dev
2023091705,4032,2,0.8348348348348347,0.8358130268182007,1,dev
2023091705,4064,2,0.9395248380129589,0.9395560584806611,1,dev
2023091705,4117,2,0.9222585924713584,0.9245970233542345,0,dev
2023091705,4350,2,0.8851674641148325,0.885924903223817,1,dev
2023091706,77,2,0.44370860927152306,0.48026376506446805,0,dev
2023091706,100,2,0.8627204030226701,0.862894162587519,1,dev
2023091706,237,2,0.77728285077951,0.7496002054044808,1,dev
2023091706,329,2,0.6589147286821706,0.6521933693139619,1,dev
2023091706,397,2,0.8757396449704142,0.8824001873747227,1,dev
2023091706,427,2,0.004310344827586207,0.02967344564450224,0,dev
2023091706,472,2,0.9092841956059532,0.9004827096542799,1,dev
2023091706,676,2,0.7583333333333333,0.7226979045998082,1,dev
2023091706,726,2,0.8627204030226701,0.8688509339390976,1,dev
2023091706,844,2,0.0,0.01009906226714926,0,dev
2023091706,1028,2,0.3534675615212528,0.3600234944600591,1,dev
2023091706,1087,2,0.8348348348348347,0.824289733093394,1,dev
2023091706,1173,2,0.25874125874125875,0.2717862738381223,0,dev
2023091706,1361,2,0.44370860927152306,0.46745941344882436,1,dev
2023091706,1433,2,0.41818181818181815,0.4397757553351933,1,dev
2023091706,1514,2,0.6589147286821706,0.678145790695853,0,dev
2023091706,1537,2,0.9222585924713584,0.930491974962394,1,dev
2023091706,1562,2,0.9395248380129589,0.9456759660296199,1,dev
2023091706,1703,2,0.9395248380129589,0.9431681110782896,1,dev
2023091706,1750,2,0.9092841956059532,0.9077293930022947,1,dev
2023091706,1797,2,0.9088785046728972,0.8942840917626449,1,dev
2023091706,1829,2,0.77728285077951,0.7522188596383385,0,dev
2023091706,1852,2,0.8348348348348347,0.8321604002434625,1,dev
2023091706,1882,2,0.005952380952380952,0.04351992279596948,0,dev
2023091706,2321,2,0.77728285077951,0.7742502786960808,1,dev
2023091706,2395,2,0.840531561461794,0.8488758215085839,1,dev
2023091706,2465,2,0.9222585924713584,0.9303655158832242,1,dev
2023091706,2517,2,0.9092841956059532,0.9148737881329881,1,dev
2023091706,2542,2,0.77728285077951,0.7729501334824,1,dev
2023091706,2583,2,0.25874125874125875,0.26010070767087956,1,dev
2023091706,2669,2,0.8288288288288288,0.811736972006365,1,dev
2023091706,2719,2,0.004310344827586207,0.03778778270672704,0,dev
2023091706,2893,2,0.3861788617886179,0.4109998383160598,0,dev
2023091706,2962,2,0.9092841956059532,0.9185882409439142,1,dev
2023091706,3033,2,0.9395248380129589,0.9411132490510086,1,dev
2023091706,3129,2,0.8627204030226701,0.8725955109363672,0,dev
2023091706,3241,2,0.8348348348348347,0.8236303729564225,1,dev
2023091706,3266,2,0.8288288288288288,0.8022612959406146,1,dev
2023091706,3311,2,0.9222585924713584,0.9218462372679499,1,dev
2023091706,3422,2,0.9135802469135802,0.9192759066009776,1,dev
2023091706,3447,2,0.8348348348348347,0.8321063871101553,1,dev
2023091706,3475,2,0.9092841956059532,0.905228215052138,1,dev
2023091706,3512,2,0.6589147286821706,0.6735852722434056,1,dev
2023091706,3751,2,0.9092841956059532,0.9114335660750054,1,dev
2023091706,3929,2,0.9092841956059532,0.9095461681812046,1,dev
2023091707,55,2,0.15942028985507245,0.22782445742638177,0,dev
2023091707,90,2,0.6589147286821706,0.6467638828129678,1,dev
2023091707,172,2,0.9222585924713584,0.9228121830477884,1,dev
2023091707,418,2,0.9135802469135802,0.9205648231208438,1,dev
2023091707,470,2,0.9092841956059532,0.917575989492618,1,dev
2023091707,500,2,0.9222585924713584,0.9211403718478338,1,dev
2023091707,547,2,0.8348348348348347,0.8336103015603923,1,dev
2023091707,577,2,0.07894736842105263,0.09718831698445762,0,dev
2023091707,750,2,0.6571428571428571,0.5850841139323883,0,dev
2023091707,824,2,0.8627204030226701,0.8569484087714202,1,dev
2023091707,925,2,0.005952380952380952,0.052668767231197025,0,dev
2023091707,948,2,0.753968253968254,0.7119530191963777,1,dev
2023091707,1022,2,0.9088785046728972,0.8906230745468975,1,dev
2023091707,1093,2,0.9092841956059532,0.9032277669094426,1,dev
2023091707,1234,2,0.9088785046728972,0.8874982632829356,1,dev
2023091707,1259,2,0.840531561461794,0.8449000497738715,0,dev
2023091707,1347,2,0.11059907834101383,0.1663003166003943,1,dev
2023091707,1413,2,0.44370860927152306,0.4742534292628212,1,dev
2023091707,1576,2,0.8681318681318682,0.8756301747455817,1,dev
2023091707,1646,2,0.3534675615212528,0.3546754073662162,0,dev
2023091707,1739,2,0.840531561461794,0.8457189474129952,1,dev
2023091707,1808,2,0.8288288288288288,0.8074115075318206,1,dev
2023091707,1891,2,0.8288288288288288,0.8097179790252244,1,dev
2023091707,2041,2,0.77728285077951,0.752391871876592,1,dev
2023091707,2066,2,0.6571428571428571,0.6300929820505161,1,dev
2023091707,2216,2,0.0,0.00999773224517474,0,dev
2023091707,2334,2,0.77728285077951,0.7789882251826683,1,dev
2023091707,2498,2,0.77728285077951,0.7835011265631987,1,dev
2023091707,2523,2,0.9222585924713584,0.926280907590038,1,dev
2023091707,2592,2,0.9222585924713584,0.9261311265837701,1,dev
2023091707,2617,2,0.9222585924713584,0.9346716196389306,0,dev
2023091707,2678,2,0.9222585924713584,0.9285003780137318,1,dev
2023091707,2745,2,0.8348348348348347,0.8265154209704806,1,dev
2023091707,2792,2,0.6589147286821706,0.6706284744513448,1,dev
2023091707,2817,2,0.9222585924713584,0.9217261112281444,1,dev
2023091707,2878,2,0.9092841956059532,0.9009955204959277,1,dev
2023091707,3010,2,0.9092841956059532,0.8991896638449027,1,dev
2023091707,3091,2,0.9092841956059532,0.9118711343863499,1,dev
2023091707,3185,2,0.8627204030226701,0.871041456399457,1,dev
2023091707,3324,2,0.9222585924713584,0.921312306338444,1,dev
2023091707,3376,2,0.03296703296703297,0.07954425194606993,0,dev
2023091707,3399,2,0.7583333333333333,0.7251760011324192,0,dev
2023091707,3520,2,0.8627204030226701,0.8518215666841287,1,dev
2023091707,3600,2,0.15942028985507245,0.22232630714617538,1,dev
2023091707,3707,2,0.9092841956059532,0.9101105622376486,1,dev
2023091707,3782,2,0.9222585924713584,0.9336382902127524,1,dev
2023091707,3807,2,0.005952380952380952,0.06124867700243056,0,dev
2023091707,3830,2,0.9222585924713584,0.9332337397868844,1,dev
2023091707,3855,2,0.9222585924713584,0.9218093008369886,1,dev
2023091707,3880,2,0.15942028985507245,0.2167286465447401,1,dev
2023091707,4001,2,0.3465346534653465,0.2958174130994347,0,dev
2023091708,94,2,0.9222585924713584,0.9207440631230316,1,dev
2023091708,119,2,0.6589147286821706,0.664080449060807,1,dev
2023091708,166,2,0.07894736842105263,0.10201958152838837,0,dev
2023091708,189,2,0.004310344827586207,0.022573528786983092,0,dev
2023091708,264,2,0.44370860927152306,0.46354722550520877,1,dev
2023091708,289,2,0.9222585924713584,0.9257256630519365,1,dev
2023091708,319,2,0.7197452229299363,0.6899504869013813,0,dev
2023091708,402,2,0.9092841956059532,0.9007228029144667,1,dev
2023091708,449,2,0.41818181818181815,0.4565275447336999,0,dev
2023091708,494,2,0.3861788617886179,0.4009278280908432,1,dev
2023091708,570,2,0.77728285077951,0.7321672167384852,1,dev
2023091708,678,2,0.5533707865168538,0.5378291000351727,1,dev
2023091708,792,2,0.77728285077951,0.7808100247667534,1,dev
2023091708,846,2,0.77728285077951,0.7779699727692698,1,dev
2023091708,916,2,0.6571428571428571,0.6111322018882673,1,dev
2023091708,1110,2,0.9092841956059532,0.9186029451934163,0,dev
2023091708,1168,2,0.8681318681318682,0.8760865114535025,1,dev
2023091708,1325,2,0.9092841956059532,0.9132461576859245,1,dev
2023091708,1436,2,0.9395248380129589,0.9397657814645975,1,dev
2023091708,1582,2,0.5,0.5168788996534026,0,dev
2023091708,1628,2,0.5533707865168538,0.5534038074894863,1,dev
2023091708,1675,2,0.9088785046728972,0.8957359625579145,1,dev
2023091708,1759,2,0.9088785046728972,0.8926543089853415,1,dev
2023091708,1864,2,0.9222585924713584,0.9305848563808946,1,dev
2023091708,1968,2,0.5,0.4985988227775025,1,dev
2023091708,1993,2,0.77728285077951,0.7669744811898643,1,dev
2023091708,2018,2,0.9222585924713584,0.9282996528360554,1,dev
2023091708,2043,2,0.8348348348348347,0.838053791990836,0,dev
2023091708,2139,2,0.41818181818181815,0.4402849293587192,1,dev
2023091708,2164,2,0.8627204030226701,0.8701139742816771,1,dev
2023091708,2300,2,0.8348348348348347,0.832113213071911,1,dev
2023091708,2456,2,0.9395248380129589,0.9410785763731295,1,dev
2023091708,2522,2,0.9092841956059532,0.91425885106716,1,dev
2023091708,2572,2,0.9088785046728972,0.8889118678855511,1,dev
2023091708,2698,2,0.9222585924713584,0.9291343623904925,1,dev
2023091708,2766,2,0.3534675615212528,0.35335812317641585,0,dev
2023091708,2886,2,0.9092841956059532,0.9146523955023859,1,dev
2023091708,2933,2,0.9222585924713584,0.9297948603154552,1,dev
2023091708,2999,2,0.77728285077951,0.7929268089964728,1,dev
2023091708,3082,2,0.44370860927152306,0.48006532641818705,0,dev
2023091708,3128,2,0.005952380952380952,0.05687203459867894,0,dev
2023091708,3169,2,0.9092841956059532,0.9167275684512395,1,dev
2023091708,3206,2,0.9088785046728972,0.8899767342932032,1,dev
2023091708,3231,2,0.44370860927152306,0.4757936529262769,0,dev
2023091708,3310,2,0.6589147286821706,0.659913954839417,1,dev
2023091708,3384,2,0.44370860927152306,0.46896629306664106,1,dev
2023091708,3512,2,0.41818181818181815,0.4563091112658087,1,dev
2023091708,3665,2,0.9222585924713584,0.9275997883954598,1,dev
2023091708,3755,2,0.3534675615212528,0.3411991865935438,1,dev
2023091708,3780,2,0.9088785046728972,0.8914345809042753,1,dev
2023091708,3805,2,0.8348348348348347,0.8244312835310222,1,dev
2023091708,3886,2,0.3861788617886179,0.39252552351134873,1,dev
2023091708,4048,2,0.9395248380129589,0.9435617155069085,1,dev
2023091708,4093,2,0.9092841956059532,0.9051243999048713,1,dev
2023091708,4145,2,0.8348348348348347,0.8257771128953353,1,dev
2023091708,4341,2,0.7197452229299363,0.6978415399365471,1,dev
2023091709,77,2,0.77728285077951,0.7686765877612016,1,dev
2023091709,102,2,0.9222585924713584,0.9317253003801915,1,dev
2023091709,171,2,0.77728285077951,0.7581217524375944,1,dev
2023091709,243,2,0.07894736842105263,0.0848017442899612,1,dev
2023091709,386,2,0.9395248380129589,0.9370630285020316,1,dev
2023091709,438,2,0.9222585924713584,0.9219403391779509,1,dev
2023091709,468,2,0.77728285077951,0.7301558216358583,1,dev
2023091709,493,2,0.9222585924713584,0.9208410929050245,1,dev
2023091709,583,2,0.8627204030226701,0.8744046683089542,0,dev
2023091709,718,2,0.8681318681318682,0.8780790557514877,1,dev
2023091709,841,2,0.6589147286821706,0.648851219362744,0,dev
2023091709,975,2,0.6589147286821706,0.672779082088146,0,dev
2023091709,998,2,0.41818181818181815,0.4470404871796353,1,dev
2023091709,1028,2,0.9092841956059532,0.9176810799357807,1,dev
2023091709,1058,2,0.9135802469135802,0.9196241817470628,1,dev
2023091709,1083,2,0.9088785046728972,0.894129206516972,1,dev
2023091709,1228,2,0.9092841956059532,0.8983111785903484,1,dev
2023091709,1302,2,0.11059907834101383,0.14849128919746118,0,dev
2023091709,1403,2,0.9395248380129589,0.9398533503388578,1,dev
2023091709,1462,2,0.9222585924713584,0.9312923370981955,1,dev
2023091709,1524,2,0.21666666666666667,0.24817924659167212,1,dev
2023091709,1581,2,0.9222585924713584,0.9216290630076794,1,dev
2023091709,1808,2,0.9092841956059532,0.9166465170889596,1,dev
2023091709,1860,2,0.8757396449704142,0.8801165852629703,1,dev
2023091709,1885,2,0.6571428571428571,0.6377469846953254,0,dev
2023091709,2085,2,0.6589147286821706,0.6565515520011491,1,dev
2023091709,2159,2,0.77728285077951,0.7361895550428514,1,dev
2023091709,2189,2,0.77728285077951,0.7563376323835309,1,dev
2023091709,2244,2,0.9092841956059532,0.904409607959957,1,dev
2023091709,2391,2,0.5533707865168538,0.554520836949592,0,dev
2023091709,2440,2,0.9135802469135802,0.919088613754958,1,dev
2023091709,2477,2,0.9092841956059532,0.9024641817109778,1,dev
2023091709,2534,2,0.8851674641148325,0.8834305021530602,1,dev
2023091709,2617,2,0.9088785046728972,0.8964526180515442,1,dev
2023091709,2676,2,0.8757396449704142,0.8796954307867488,1,dev
2023091709,2708,2,0.9395248380129589,0.9409458615094601,1,dev
2023091709,2785,2,0.11059907834101383,0.15895316352373318,0,dev
2023091709,2854,2,0.9092841956059532,0.9005924884438402,0,dev
2023091709,2877,2,0.8288288288288288,0.8101633769443949,0,dev
2023091709,2993,2,0.8348348348348347,0.8304409533548782,1,dev
2023091709,3018,2,0.6571428571428571,0.6053677169220767,1,dev
2023091709,3182,2,0.9222585924713584,0.9278079772072848,1,dev
2023091709,3207,2,0.840531561461794,0.8445112195466649,1,dev
2023091709,3232,2,0.9092841956059532,0.9072753993996507,0,dev
2023091709,3255,2,0.44370860927152306,0.4801520284053454,0,dev
2023091709,3278,2,0.8627204030226701,0.8661450495687163,1,dev
2023091709,3303,2,0.8851674641148325,0.8844029869422896,0,dev
2023091709,3326,2,0.9092841956059532,0.916898820971742,1,dev
2023091709,3390,2,0.9222585924713584,0.9225163132960822,1,dev
2023091709,3480,2,0.77728285077951,0.7533664852816209,0,dev
2023091709,3503,2,0.8348348348348347,0.8403567808208635,0,dev
2023091709,3640,2,0.5533707865168538,0.5538462982943346,0,dev
2023091709,3812,2,0.6571428571428571,0.6459509303168114,0,dev
2023091709,3889,2,0.8627204030226701,0.8595985887413173,0,dev
2023091709,3944,2,0.9092841956059532,0.9035363740639062,1,dev
2023091709,4189,2,0.41818181818181815,0.4608043562911439,0,dev
2023091709,4212,2,0.9222585924713584,0.9295740895635664,1,dev
2023091709,4269,2,0.8348348348348347,0.8283817764117679,1,dev
2023091709,4294,2,0.6571428571428571,0.6418538014309071,0,dev
2023091709,4317,2,0.9092841956059532,0.9013524734427586,1,dev
2023091709,4342,2,0.25874125874125875,0.27136017122973355,0,dev
2023091709,4372,2,0.8757396449704142,0.879514623180836,1,dev
2023091709,4397,2,0.9092841956059532,0.89960837464376,1,dev
2023091710,100,2,0.9222585924713584,0.9336351826746171,1,dev
2023091710,172,2,0.6589147286821706,0.6698299826070875,1,dev
2023091710,230,2,0.77728285077951,0.7578148332148316,1,dev
2023091710,321,2,0.9092841956059532,0.8972424167784673,1,dev
2023091710,402,2,0.8348348348348347,0.8323613885494453,1,dev
2023091710,467,2,0.6589147286821706,0.6560524104770927,1,dev
2023091710,521,2,0.9222585924713584,0.9310240221709769,1,dev
2023091710,689,2,0.753968253968254,0.7154250282439739,0,dev
2023091710,805,2,0.9088785046728972,0.8943672070763621,1,dev
2023091710,921,2,0.77728285077951,0.7806406622378141,1,dev
2023091710,973,2,0.840531561461794,0.8410028842172588,1,dev
2023091710,1020,2,0.8627204030226701,0.8658476430129965,1,dev
2023091710,1067,2,0.8288288288288288,0.8088776719649331,1,dev
2023091710,1137,2,0.6589147286821706,0.6590864577086233,1,dev
2023091710,1250,2,0.25874125874125875,0.2731652251846699,0,dev
2023091710,1322,2,0.44370860927152306,0.4711535210457898,0,dev
2023091710,1345,2,0.03296703296703297,0.07145739678527542,0,dev
2023091710,1394,2,0.77728285077951,0.7343693385367654,1,dev
2023091710,1460,2,0.840531561461794,0.850005819794012,1,dev
2023091710,1485,2,0.9088785046728972,0.8938875790922695,1,dev
2023091710,1510,2,0.9135802469135802,0.9201537749408275,1,dev
2023091710,1538,2,0.3534675615212528,0.3773442443788988,0,dev
2023091710,1561,2,0.9222585924713584,0.9246742701586566,1,dev
2023091710,1678,2,0.6571428571428571,0.6109750460892691,1,dev
2023091710,1820,2,0.77728285077951,0.7337744551762189,1,dev
2023091710,1899,2,0.7197452229299363,0.6862198965130235,1,dev
2023091710,1924,2,0.77728285077951,0.745401382834378,1,dev
2023091710,1949,2,0.9092841956059532,0.9122435262119055,1,dev
2023091710,2266,2,0.8288288288288288,0.8088149940415481,0,dev
2023091710,2452,2,0.9135802469135802,0.9192708872540426,1,dev
2023091710,2627,2,0.9088785046728972,0.8934608400047735,0,dev
2023091710,2686,2,0.8681318681318682,0.8771100382781177,1,dev
2023091710,2822,2,0.9222585924713584,0.9239949193234234,1,dev
2023091710,2849,2,0.4155844155844156,0.4349620152722133,0,dev
2023091710,2958,2,0.9092841956059532,0.9084667030983593,1,dev
2023091710,3029,2,0.8851674641148325,0.8869941579678188,1,dev
2023091710,3145,2,0.77728285077951,0.7682083091557715,1,dev
2023091710,3223,2,0.9222585924713584,0.9226608954337144,1,dev
2023091710,3299,2,0.7197452229299363,0.70050796972568,1,dev
2023091710,3372,2,0.6571428571428571,0.6288200175638263,1,dev
2023091710,3659,2,0.3534675615212528,0.3778948599015764,0,dev
2023091710,3682,2,0.9222585924713584,0.9332107412838052,1,dev
2023091710,3707,2,0.21666666666666667,0.24961769439288056,0,dev
2023091710,3815,2,0.9135802469135802,0.9189359453457067,1,dev
2023091710,3973,2,0.9222585924713584,0.9219798562234744,1,dev
2023091710,4021,2,0.005952380952380952,0.04103727113768633,0,dev
2023091710,4044,2,0.9088785046728972,0.8940279571466645,1,dev
2023091710,4152,2,0.9092841956059532,0.8972738203620643,1,dev
2023091711,102,2,0.9092841956059532,0.9119977698239734,1,dev
2023091711,182,2,0.9395248380129589,0.943246835574713,1,dev
2023091711,271,2,0.8245614035087719,0.7946362945228421,1,dev
2023091711,504,2,0.9088785046728972,0.8893663918284528,1,dev
2023091711,551,2,0.8851674641148325,0.8840177375041995,1,dev
2023091711,622,2,0.9222585924713584,0.9219698341954564,1,dev
2023091711,675,2,0.5,0.5058380319891549,1,dev
2023091711,720,2,0.9092841956059532,0.9031372287765517,1,dev
2023091711,750,2,0.3465346534653465,0.2987853108987049,0,dev
2023091711,855,2,0.7197452229299363,0.6960969515653417,1,dev
2023091711,1031,2,0.005952380952380952,0.0465831391408217,0,dev
2023091711,1082,2,0.3861788617886179,0.41295919469502207,1,dev
2023091711,1232,2,0.6571428571428571,0.6406265302726896,1,dev
2023091711,1363,2,0.6571428571428571,0.6278594002375613,0,dev
2023091711,1577,2,0.8348348348348347,0.8171158943263636,1,dev
2023091711,1680,2,0.9092841956059532,0.9150167519252496,1,dev
2023091711,1784,2,0.8348348348348347,0.834486144575737,0,dev
2023091711,1807,2,0.5533707865168538,0.570315314514164,1,dev
2023091711,1960,2,0.9395248380129589,0.9362143749832185,1,dev
2023091711,2035,2,0.8288288288288288,0.8079405172728078,1,dev
2023091711,2060,2,0.9222585924713584,0.9228126782807796,1,dev
2023091711,2118,2,0.9222585924713584,0.9260071709704478,1,dev
2023091711,2150,2,0.44370860927152306,0.47732366333748666,1,dev
2023091711,2456,2,0.9395248380129589,0.943660916743938,0,dev
2023091711,2539,2,0.3534675615212528,0.3654746133300305,1,dev
2023091711,2647,2,0.005952380952380952,0.06122730330777208,0,dev
2023091711,2863,2,0.9092841956059532,0.9116390109290347,1,dev
2023091711,2939,2,0.9222585924713584,0.9295657461246292,1,dev
2023091711,2998,2,0.8348348348348347,0.8142218735000338,1,dev
2023091711,3023,2,0.9395248380129589,0.9426790532629689,1,dev
2023091711,3073,2,0.9092841956059532,0.9071586073828627,1,dev
2023091711,3211,2,0.8851674641148325,0.885733345552198,1,dev
2023091711,3369,2,0.8348348348348347,0.8243841358895609,1,dev
2023091711,3511,2,0.03296703296703297,0.06682877661070881,0,dev
2023091711,3747,2,0.9222585924713584,0.9223865424536435,1,dev
2023091711,3794,2,0.9135802469135802,0.9198416066538864,1,dev
2023091711,3873,2,0.8627204030226701,0.8584337830731148,1,dev
2023091711,3920,2,0.07894736842105263,0.12071742624003629,0,dev
2023091711,3943,2,0.3861788617886179,0.41152135813897506,1,dev
2023091711,4035,2,0.77728285077951,0.7718407314311161,1,dev
2023091711,4071,2,0.9092841956059532,0.91587357230326,1,dev
2023091711,4096,2,0.9092841956059532,0.9168629069636864,1,dev
2023091711,4219,2,0.8288288288288288,0.7979960337301939,0,dev
2023091711,4471,2,0.77728285077951,0.7820719412213551,1,dev
2023091711,4501,2,0.840531561461794,0.8494078301858412,0,dev
2023091711,4524,2,0.5,0.5112838312504,0,dev
2023091711,4592,2,0.77728285077951,0.7355083297943917,1,dev
2023091711,4627,2,0.13,0.20055303255931403,1,dev
2023091712,56,2,0.8851674641148325,0.8863089535388675,1,dev
2023091712,81,2,0.9222585924713584,0.9270497798098702,1,dev
2023091712,318,2,0.77728285077951,0.776396793832855,1,dev
2023091712,343,2,0.9222585924713584,0.9336247278439146,1,dev
2023091712,420,2,0.9092841956059532,0.9026441728724384,1,dev
2023091712,445,2,0.9088785046728972,0.8964583952836787,1,dev
2023091712,643,2,0.9092841956059532,0.9042522151911349,1,dev
2023091712,683,2,0.753968253968254,0.7142559123727545,1,dev
2023091712,719,2,0.840531561461794,0.8497192991089403,1,dev
2023091712,788,2,0.5,0.5085466425522875,0,dev
2023091712,811,2,0.9092841956059532,0.9100333934224222,1,dev
2023091712,894,2,0.07894736842105263,0.09933254553672607,0,dev
2023091712,922,2,0.9088785046728972,0.8957882959376636,1,dev
2023091712,991,2,0.7583333333333333,0.7251607105363552,1,dev
2023091712,1245,2,0.8348348348348347,0.8198639624438944,1,dev
2023091712,1304,2,0.004310344827586207,0.014743614947228785,0,dev
2023091712,1493,2,0.9092841956059532,0.9037718750800401,0,dev
2023091712,1579,2,0.9395248380129589,0.9495294043822369,1,dev
2023091712,1639,2,0.9092841956059532,0.9167704714278614,1,dev
2023091712,1712,2,0.8627204030226701,0.8646203099636993,1,dev
2023091712,1848,2,0.8288288288288288,0.8108104706339031,0,dev
2023091712,1921,2,0.9743589743589743,0.9590392177533896,1,dev
2023091712,1946,2,0.9395248380129589,0.9364652086528477,1,dev
2023091712,2003,2,0.9222585924713584,0.9206826332110103,1,dev
2023091712,2028,2,0.8348348348348347,0.827530679903685,1,dev
2023091712,2053,2,0.8851674641148325,0.8841398346768233,1,dev
2023091712,2078,2,0.6571428571428571,0.6167930773213972,1,dev
2023091712,2184,2,0.77728285077951,0.7803314034636832,1,dev
2023091712,2480,2,0.9092841956059532,0.9042998818983222,1,dev
2023091712,2579,2,0.9222585924713584,0.9335266124075733,1,dev
2023091712,2611,2,0.9092841956059532,0.9145737136871581,1,dev
2023091712,2685,2,0.8288288288288288,0.7965832892872036,1,dev
2023091712,2732,2,0.3534675615212528,0.38604819213990765,1,dev
2023091712,2828,2,0.9092841956059532,0.9022900337105301,1,dev
2023091712,2853,2,0.11059907834101383,0.16330047811122111,0,dev
2023091712,2935,2,0.0,0.011776923952778847,0,dev
2023091712,3011,2,0.9088785046728972,0.8964235971529427,1,dev
2023091712,3163,2,0.9088785046728972,0.8889473018467549,0,dev
2023091712,3215,2,0.11059907834101383,0.14081918155312986,0,dev
2023091712,3306,2,0.8348348348348347,0.8162499677917293,1,dev
2023091712,3331,2,0.3465346534653465,0.31032237738699425,1,dev
2023091712,3479,2,0.4155844155844156,0.4302912362911639,1,dev
2023091712,3576,2,0.9088785046728972,0.8930452134907904,1,dev
2023091712,3844,2,0.9222585924713584,0.9338684156380497,1,dev
2023091712,3903,2,0.9092841956059532,0.9112587688414624,1,dev
2023091712,3928,2,0.005952380952380952,0.059303153908415736,0,dev
2023091712,3951,2,0.77728285077951,0.7423812874605896,1,dev
2023091712,3976,2,0.6589147286821706,0.6680018789779827,1,dev
2023091712,4055,2,0.44370860927152306,0.47730034170147256,1,dev
2023091712,4328,2,0.8288288288288288,0.8093346635954101,1,dev
2023091712,4353,2,0.9092841956059532,0.902848889664765,1,dev
2023091712,4405,2,0.8627204030226701,0.8620993110318533,0,dev
2023091712,4428,2,0.7727272727272727,0.7287169633621389,1,dev
2023091712,4453,2,0.8757396449704142,0.8814520951793232,1,dev
2023091800,101,2,0.8627204030226701,0.8539227447213686,1,dev
2023091800,148,2,0.6589147286821706,0.6486515163997216,0,dev
2023091800,429,2,0.77728285077951,0.7685335979667713,1,dev
2023091800,523,2,0.3861788617886179,0.4173243616184364,0,dev
2023091800,646,2,0.9088785046728972,0.8907908182472366,1,dev
2023091800,720,2,0.3465346534653465,0.29617509556328037,0,dev
2023091800,743,2,0.9088785046728972,0.89298685230822,1,dev
2023091800,790,2,0.9222585924713584,0.924581243196349,1,dev
2023091800,837,2,0.8288288288288288,0.7965800629699376,1,dev
2023091800,881,2,0.9092841956059532,0.9133078913360957,1,dev
2023091800,1027,2,0.8681318681318682,0.8787533925401182,1,dev
2023091800,1072,2,0.9222585924713584,0.9252517643796316,1,dev
2023091800,1102,2,0.41818181818181815,0.45032592796758564,0,dev
2023091800,1236,2,0.5533707865168538,0.539619534327321,1,dev
2023091800,1340,2,0.07894736842105263,0.11237297140430509,0,dev
2023091800,1363,2,0.3861788617886179,0.40183455732188905,1,dev
2023091800,1454,2,0.44370860927152306,0.47268349388091757,0,dev
2023091800,1477,2,0.9092841956059532,0.9109728639520229,0,dev
2023091800,1646,2,0.95,0.9563451122582936,1,dev
2023091800,1705,2,0.77728285077951,0.7796429799450926,1,dev
2023091800,1730,2,0.11059907834101383,0.14754259675048054,0,dev
2023091800,1773,2,0.8681318681318682,0.878113241192628,1,dev
2023091800,1854,2,0.4375,0.46201749994408775,0,dev
2023091800,1920,2,0.753968253968254,0.7084294534426758,1,dev
2023091800,1972,2,0.6571428571428571,0.5937480365178087,1,dev
2023091800,2098,2,0.9222585924713584,0.9213891583157462,1,dev
2023091800,2151,2,0.840531561461794,0.8410715232071971,1,dev
2023091800,2196,2,0.3534675615212528,0.37865630520092125,0,dev
2023091800,2430,2,0.77728285077951,0.7618880589394884,1,dev
2023091800,2455,2,0.8627204030226701,0.8592657833733058,0,dev
2023091800,2500,2,0.004310344827586207,0.03183030344946017,0,dev
2023091800,2700,2,0.77728285077951,0.7694792018765603,0,dev
2023091800,2839,2,0.9222585924713584,0.9355729017835798,1,dev
2023091800,2943,2,0.5,0.5054122668743901,1,dev
2023091800,2968,2,0.9222585924713584,0.9227988998929242,1,dev
2023091800,3042,2,0.9092841956059532,0.9107942658922182,1,dev
2023091800,3202,2,0.25874125874125875,0.2749917523084408,0,dev
2023091800,3225,2,0.840531561461794,0.8511608117886826,1,dev
2023091800,3587,2,0.9092841956059532,0.9129946404821409,1,dev
2023091800,3634,2,0.8627204030226701,0.8564557019130005,1,dev
2023091800,3705,2,0.8627204030226701,0.8617217200985778,1,dev
2023091800,3852,2,0.44370860927152306,0.4745787407574631,1,dev
2023091800,4057,2,0.95,0.956422476671864,1,dev
2023091800,4114,2,0.0,0.008511603899755193,0,dev
2023091800,4142,2,0.9222585924713584,0.922774201842421,1,dev
2023091800,4167,2,0.9222585924713584,0.9258635523241431,1,dev
2023091800,4197,2,0.9092841956059532,0.9161448590367695,1,dev
2023091800,4222,2,0.004310344827586207,0.026736653924771047,0,dev
2023091800,4274,2,0.9395248380129589,0.9442013281225875,1,dev
2023091800,4304,2,0.9222585924713584,0.9221683855952331,1,dev
2023091800,4339,2,0.25874125874125875,0.27284777635467955,1,dev
2023091800,4369,2,0.9092841956059532,0.8970101601132313,1,dev
2023091801,144,2,0.9088785046728972,0.8919894387546227,1,dev
2023091801,176,2,0.8681318681318682,0.8785448492526511,1,dev
2023091801,230,2,0.9395248380129589,0.9450509660013942,1,dev
2023091801,384,2,0.5533707865168538,0.5263995133323996,0,dev
2023091801,592,2,0.13,0.1940544109978426,0,dev
2023091801,807,2,0.6571428571428571,0.6322423239172343,1,dev
2023091801,911,2,0.8245614035087719,0.7957686354929159,0,dev
2023091801,1071,2,0.8627204030226701,0.8531392837454537,1,dev
2023091801,1163,2,0.8348348348348347,0.8259010699428295,1,dev
2023091801,1216,2,0.25874125874125875,0.27432280276152343,1,dev
2023091801,1304,2,0.9088785046728972,0.8921752367049386,1,dev
2023091801,1351,2,0.9395248380129589,0.946258237023797,1,dev
2023091801,1407,2,0.9222585924713584,0.9266381178589923,0,dev
2023091801,1478,2,0.9092841956059532,0.9026678601087391,0,dev
2023091801,1539,2,0.8288288288288288,0.7990295100059299,0,dev
2023091801,1615,2,0.8348348348348347,0.8150619814395913,1,dev
2023091801,1640,2,0.004310344827586207,0.02078376657748869,0,dev
2023091801,1743,2,0.3534675615212528,0.3415785073912736,0,dev
2023091801,1838,2,0.9222585924713584,0.9328783948153888,1,dev
2023091801,1863,2,0.9088785046728972,0.8965769960024813,1,dev
2023091801,1945,2,0.4155844155844156,0.43086358524867546,0,dev
2023091801,1990,2,0.3861788617886179,0.4070179653239347,0,dev
2023091801,2091,2,0.3465346534653465,0.3018746052776491,1,dev
2023091801,2116,2,0.7583333333333333,0.7217890950460344,0,dev
2023091801,2139,2,0.11059907834101383,0.1297853049986728,0,dev
2023091801,2253,2,0.8851674641148325,0.8861025578877729,1,dev
2023091801,2308,2,0.95,0.9577253027448044,1,dev
2023091801,2597,2,0.8348348348348347,0.8284356847480446,1,dev
2023091801,2698,2,0.9395248380129589,0.9425814064331344,1,dev
2023091801,2723,2,0.3861788617886179,0.3997088543308457,0,dev
2023091801,2789,2,0.25874125874125875,0.279099936083328,1,dev
2023091801,2955,2,0.9088785046728972,0.8909841679614292,1,dev
2023091801,3000,2,0.8333333333333334,0.8135343439697554,1,dev
2023091801,3131,2,0.004310344827586207,0.0381454184721758,0,dev
2023091801,3154,2,0.25874125874125875,0.2611033631855576,1,dev
2023091801,3179,2,0.6571428571428571,0.6189437728749866,1,dev
2023091801,3204,2,0.03296703296703297,0.08250480646620113,0,dev
2023091801,3265,2,0.8757396449704142,0.8815280825861661,1,dev
2023091801,3509,2,0.9395248380129589,0.9365673910238136,1,dev
2023091801,3554,2,0.35714285714285715,0.38852745077525086,1,dev
2023091801,3640,2,0.77728285077951,0.7533354610039116,1,dev
2023091801,3826,2,0.9092841956059532,0.9134841208843845,1,dev
2023091801,4004,2,0.7583333333333333,0.721035861806154,1,dev
2023091801,4169,2,0.77728285077951,0.76247981915822,0,dev
2023091801,4371,2,0.9092841956059532,0.9003830628096021,1,dev
2023091801,4401,2,0.9395248380129589,0.9363125347563348,1,dev
2023091801,4431,2,0.9092841956059532,0.9051769466231008,1,dev
2023092100,78,3,0.7583333333333333,0.724594168025527,0,dev
2023092100,101,3,0.4155844155844156,0.4340496238773298,1,dev
2023092100,126,3,0.77728285077951,0.7776433521052137,0,dev
2023092100,213,3,0.8348348348348347,0.8369317385817723,1,dev
2023092100,307,3,0.9092841956059532,0.9012288595662408,0,dev
2023092100,330,3,0.15942028985507245,0.21865855546278762,0,dev
2023092100,353,3,0.3534675615212528,0.3854502520286567,0,dev
2023092100,423,3,0.005952380952380952,0.060430326680521444,0,dev
2023092100,473,3,0.9088785046728972,0.8963896957207786,1,dev
2023092100,498,3,0.9222585924713584,0.9275390884867358,1,dev
2023092100,572,3,0.8348348348348347,0.8353907754922312,1,dev
2023092100,627,3,0.9222585924713584,0.9211216064298017,0,dev
2023092100,672,3,0.6589147286821706,0.6692092678756957,1,dev
2023092100,771,3,0.77728285077951,0.737447022009934,1,dev
2023092100,851,3,0.8627204030226701,0.8622221806889073,1,dev
2023092100,971,3,0.8288288288288288,0.8087434627308145,1,dev
2023092100,1087,3,0.3861788617886179,0.3922875143506942,0,dev
2023092100,1209,3,0.8288288288288288,0.8070888725491628,1,dev
2023092100,1336,3,0.6589147286821706,0.67977912006214,1,dev
2023092100,1441,3,0.6571428571428571,0.6067325328408298,1,dev
2023092100,1506,3,0.9092841956059532,0.9187333103531664,0,dev
2023092100,1536,3,0.9088785046728972,0.8966180186097246,1,dev
2023092100,1632,3,0.3534675615212528,0.3185678169343225,1,dev
2023092100,1744,3,0.9135802469135802,0.920437428834357,1,dev
2023092100,1856,3,0.9222585924713584,0.9263584817217456,1,dev
2023092100,1881,3,0.9092841956059532,0.9095294065471111,1,dev
2023092100,1906,3,0.9088785046728972,0.8880376802244164,1,dev
2023092100,1931,3,0.44370860927152306,0.4641253080482631,1,dev
2023092100,1961,3,0.9222585924713584,0.9261125743455426,1,dev
2023092100,1986,3,0.6571428571428571,0.6123234783307345,0,dev
2023092100,2016,3,0.004310344827586207,0.02755290904078423,0,dev
2023092100,2200,3,0.9092841956059532,0.9124082213611968,1,dev
2023092100,2397,3,0.7197452229299363,0.6889662843038008,0,dev
2023092100,2463,3,0.9222585924713584,0.9332324802499183,1,dev
2023092100,2588,3,0.9092841956059532,0.8968357502867396,1,dev
2023092100,2633,3,0.8627204030226701,0.8652434691155322,1,dev
2023092100,2718,3,0.8627204030226701,0.8570427271184934,1,dev
2023092100,2993,3,0.8348348348348347,0.8247609373882122,1,dev
2023092100,3052,3,0.07894736842105263,0.08899698500777796,0,dev
2023092100,3095,3,0.9222585924713584,0.9295708384625269,1,dev
2023092100,3208,3,0.9092841956059532,0.9107559347270809,1,dev
2023092100,3339,3,0.9088785046728972,0.8963465859983648,1,dev
2023092100,3445,3,0.9088785046728972,0.8950783028698172,1,dev
2023092100,3470,3,0.9088785046728972,0.887371423662997,1,dev
2023092100,3495,3,0.840531561461794,0.8499482880903949,0,dev
2023092100,3544,3,0.9092841956059532,0.9074290531920162,1,dev
2023092100,3579,3,0.9092841956059532,0.9042843221046033,1,dev
2023092100,3677,3,0.8681318681318682,0.8788370794242173,1,dev
2023092100,3724,3,0.3861788617886179,0.3894548109498381,1,dev
2023092100,3788,3,0.8348348348348347,0.8409561764444456,0,dev
2023092100,3823,3,0.9092841956059532,0.9096073966501153,1,dev
2023092100,3879,3,0.77728285077951,0.7463213532102196,1,dev
2023092100,3907,3,0.9092841956059532,0.902635297125526,1,dev
2023092100,4138,3,0.41818181818181815,0.4603876930424418,0,dev
2023092400,109,3,0.3534675615212528,0.3697716190818709,0,dev
2023092400,221,3,0.9092841956059532,0.9008261671393722,1,dev
2023092400,268,3,0.41818181818181815,0.4573822094853759,1,dev
2023092400,293,3,0.8681318681318682,0.8772301218573594,1,dev
2023092400,362,3,0.8348348348348347,0.835295396234216,1,dev
2023092400,419,3,0.9092841956059532,0.9136939419067207,1,dev
2023092400,527,3,0.77728285077951,0.7805924438582449,1,dev
2023092400,601,3,0.9222585924713584,0.9296202946782192,1,dev
2023092400,626,3,0.6571428571428571,0.6118581215536408,0,dev
2023092400,724,3,0.7197452229299363,0.6866284091519699,1,dev
2023092400,834,3,0.3534675615212528,0.37190006036619583,0,dev
2023092400,857,3,0.9395248380129589,0.939718604714189,1,dev
2023092400,882,3,0.77728285077951,0.751778550587544,1,dev
2023092400,1134,3,0.6571428571428571,0.6180470785330294,1,dev
2023092400,1189,3,0.9395248380129589,0.9406860775968124,1,dev
2023092400,1236,3,0.9092841956059532,0.8992162463521226,1,dev
2023092400,1308,3,0.5533707865168538,0.5475123453244349,1,dev
2023092400,1338,3,0.5533707865168538,0.5632299665438327,1,dev
2023092400,1460,3,0.8627204030226701,0.8576644060496788,1,dev
2023092400,1552,3,0.11059907834101383,0.1304699610116085,0,dev
2023092400,1878,3,0.6571428571428571,0.5955639340823387,0,dev
2023092400,1925,3,0.8288288288288288,0.8110035524380012,1,dev
2023092400,2105,3,0.9222585924713584,0.9292746928763502,1,dev
2023092400,2312,3,0.9222585924713584,0.9248392679524182,1,dev
2023092400,2386,3,0.4155844155844156,0.42818705631569115,0,dev
2023092400,2452,3,0.9222585924713584,0.9272007576011222,1,dev
2023092400,2505,3,0.3534675615212528,0.38105350953857986,0,dev
2023092400,2614,3,0.9092841956059532,0.9163061268611018,1,dev
2023092400,2639,3,0.9395248380129589,0.9406451336517248,1,dev
2023092400,2688,3,0.005952380952380952,0.04345395837737161,0,dev
2023092400,2711,3,0.005952380952380952,0.060711487281740285,0,dev
2023092400,2814,3,0.9222585924713584,0.9295931080545208,1,dev
2023092400,2910,3,0.9395248380129589,0.9532979266934203,1,dev
2023092400,2962,3,0.9395248380129589,0.9435547829393026,1,dev
2023092400,3110,3,0.8627204030226701,0.8588915275166686,1,dev
2023092400,3317,3,0.9395248380129589,0.945691533426254,1,dev
2023092400,3386,3,0.9135802469135802,0.9200039332974934,0,dev
2023092400,3409,3,0.8288288288288288,0.8041461821838417,1,dev
2023092400,3477,3,0.9222585924713584,0.9213993114496618,1,dev
2023092400,3578,3,0.77728285077951,0.7820546296193596,0,dev
2023092400,3798,3,0.8348348348348347,0.8394085706972135,0,dev
2023092400,4066,3,0.3465346534653465,0.29396099685572297,1,dev
2023092400,4091,3,0.9222585924713584,0.9220656744973625,1,dev
2023092400,4126,3,0.8348348348348347,0.8333464768657867,1,dev
2023092400,4215,3,0.41818181818181815,0.4395313683104092,0,dev
2023092400,4274,3,0.0,0.009136230032888267,0,dev
2023092400,4297,3,0.9395248380129589,0.9411391486197447,1,dev
2023092400,4322,3,0.9395248380129589,0.9515701170113711,1,dev
2023092400,4352,3,0.8348348348348347,0.836840489509538,1,dev
2023092400,4419,3,0.3534675615212528,0.3591450950500596,0,dev
2023092400,4448,3,0.753968253968254,0.7067637121622068,1,dev
2023092400,4590,3,0.9743589743589743,0.9599579840104842,1,dev
2023092400,4615,3,0.0,0.011989979558462897,0,dev
2023092400,4708,3,0.9222585924713584,0.9215299915875397,0,dev
2023092400,4773,3,0.004310344827586207,0.014544566364511452,1,dev
2023092400,4834,3,0.8627204030226701,0.8638953822029023,1,dev
2023092400,4903,3,0.9395248380129589,0.936133641023927,0,dev
2023092400,4926,3,0.9222585924713584,0.9208450866801275,1,dev
2023092400,4951,3,0.77728285077951,0.7840075774630911,0,dev
2023092400,4974,3,0.13,0.18926374695358683,0,dev
2023092401,112,3,0.9395248380129589,0.9424092169390859,1,dev
2023092401,189,3,0.8348348348348347,0.8182921610796549,1,dev
2023092401,408,3,0.9222585924713584,0.9250226393525721,1,dev
2023092401,518,3,0.9092841956059532,0.9001894898657467,1,dev
2023092401,572,3,0.9222585924713584,0.9299799329623873,0,dev
2023092401,626,3,0.5,0.5064046686245087,0,dev
2023092401,768,3,0.8627204030226701,0.8575213665994387,1,dev
2023092401,793,3,0.9135802469135802,0.9187552091681681,1,dev
2023092401,818,3,0.9222585924713584,0.932582495899778,1,dev
2023092401,1016,3,0.9222585924713584,0.9339283634091544,1,dev
2023092401,1063,3,0.44370860927152306,0.48150048446606997,1,dev
2023092401,1241,3,0.77728285077951,0.785434790344439,1,dev
2023092401,1288,3,0.8627204030226701,0.8691556504498388,1,dev
2023092401,1382,3,0.9222585924713584,0.9244748278877305,1,dev
2023092401,1429,3,0.8851674641148325,0.8865929735443714,1,dev
2023092401,1746,3,0.005952380952380952,0.04021425096495455,1,dev
2023092401,1781,3,0.005952380952380952,0.04694679111688518,0,dev
2023092401,1840,3,0.753968253968254,0.7028190802247472,1,dev
2023092401,1915,3,0.3534675615212528,0.32781908905661294,0,dev
2023092401,1938,3,0.3861788617886179,0.39683272801149244,0,dev
2023092401,2005,3,0.41818181818181815,0.44979514818893856,1,dev
2023092401,2053,3,0.9395248380129589,0.9453189197166316,1,dev
2023092401,2083,3,0.8627204030226701,0.8736050513475581,1,dev
2023092401,2113,3,0.5533707865168538,0.5748065646361736,1,dev
2023092401,2138,3,0.21666666666666667,0.23835807710019385,0,dev
2023092401,2168,3,0.9092841956059532,0.9133876209065425,1,dev
2023092401,2308,3,0.9395248380129589,0.9393650139781586,1,dev
2023092401,2414,3,0.13,0.20189924869057005,0,dev
2023092401,2493,3,0.5,0.49129787449641116,1,dev
2023092401,2662,3,0.77728285077951,0.7833593764532201,1,dev
2023092401,2687,3,0.9088785046728972,0.8961961292007256,1,dev
2023092401,2829,3,0.07894736842105263,0.08779904679293545,0,dev
2023092401,2874,3,0.9395248380129589,0.9487008221546058,0,dev
2023092401,2943,3,0.8627204030226701,0.857055793438247,1,dev
2023092401,3015,3,0.77728285077951,0.7342363324629995,1,dev
2023092401,3045,3,0.9222585924713584,0.9284401501622375,1,dev
2023092401,3075,3,0.8757396449704142,0.8807264649093569,1,dev
2023092401,3100,3,0.15942028985507245,0.2283640410656599,0,dev
2023092401,3452,3,0.9092841956059532,0.9110081306186829,1,dev
2023092401,3521,3,0.77728285077951,0.7906106444296874,1,dev
2023092401,3612,3,0.9092841956059532,0.8982294247545064,1,dev
2023092401,3710,3,0.41818181818181815,0.4458073164428743,0,dev
2023092402,121,3,0.77728285077951,0.7756472526900303,1,dev
2023092402,215,3,0.8627204030226701,0.8710626585512533,1,dev
2023092402,306,3,0.07894736842105263,0.11008757731075028,0,dev
2023092402,347,3,0.22727272727272727,0.2566748038469181,1,dev
2023092402,470,3,0.9222585924713584,0.9296679238443106,1,dev
2023092402,540,3,0.9092841956059532,0.9146880957192832,1,dev
2023092402,565,3,0.8851674641148325,0.8852230985892735,1,dev
2023092402,612,3,0.8348348348348347,0.8173119844476701,1,dev
2023092402,728,3,0.9222585924713584,0.9256993690134651,1,dev
2023092402,845,3,0.8627204030226701,0.8528428375851073,1,dev
2023092402,912,3,0.9092841956059532,0.9015316560451174,1,dev
2023092402,937,3,0.9092841956059532,0.8970649177216363,1,dev
2023092402,1009,3,0.21666666666666667,0.24284913515317205,0,dev
2023092402,1078,3,0.3861788617886179,0.40964346180824435,0,dev
2023092402,1123,3,0.8627204030226701,0.8550474049956921,1,dev
2023092402,1200,3,0.8627204030226701,0.8693912734642605,1,dev
2023092402,1271,3,0.4375,0.46168796801829226,0,dev
2023092402,1316,3,0.005952380952380952,0.0658245980949785,0,dev
2023092402,1418,3,0.6571428571428571,0.5938601550695113,1,dev
2023092402,1443,3,0.9222585924713584,0.9327784654418165,1,dev
2023092402,1468,3,0.77728285077951,0.7580219589079489,1,dev
2023092402,1515,3,0.8348348348348347,0.8165368079079176,1,dev
2023092402,1713,3,0.41818181818181815,0.46012790955012306,0,dev
2023092402,1909,3,0.44370860927152306,0.46710013306899417,1,dev
2023092402,1964,3,0.5,0.49791875917938866,0,dev
2023092402,1987,3,0.9395248380129589,0.950572717554673,0,dev
2023092402,2036,3,0.9222585924713584,0.9313121842133388,1,dev
2023092402,2066,3,0.9092841956059532,0.9126031193393187,1,dev
2023092402,2091,3,0.9092841956059532,0.9061538784888238,1,dev
2023092402,2184,3,0.77728285077951,0.7521766191747379,1,dev
2023092402,2209,3,0.8627204030226701,0.867315925134443,1,dev
2023092402,2376,3,0.9395248380129589,0.9431485426314433,1,dev
2023092402,2423,3,0.6571428571428571,0.6094891544139335,1,dev
2023092402,2545,3,0.9395248380129589,0.9503877703612008,1,dev
2023092402,2634,3,0.8627204030226701,0.8647264428307481,0,dev
2023092402,2793,3,0.6589147286821706,0.6801166903130179,0,dev
2023092402,2819,3,0.6589147286821706,0.6532860660647234,0,dev
2023092402,2901,3,0.41818181818181815,0.46016379495752807,1,dev
2023092402,2926,3,0.6571428571428571,0.591171353841898,1,dev
2023092402,2951,3,0.005952380952380952,0.04599826574868129,0,dev
2023092402,3058,3,0.03296703296703297,0.08094660100554503,0,dev
2023092402,3188,3,0.8627204030226701,0.8738105011116686,0,dev
2023092402,3336,3,0.77728285077951,0.7692726959646764,0,dev
2023092402,3360,3,0.5533707865168538,0.5634780136484402,0,dev
2023092402,3383,3,0.840531561461794,0.8445381693258212,1,dev
2023092402,3509,3,0.6571428571428571,0.6162864226913255,1,dev
2023092402,3657,3,0.8681318681318682,0.877051526340653,1,dev
2023092402,3686,3,0.9395248380129589,0.9383456208066767,1,dev
2023092402,3714,3,0.07894736842105263,0.10652080151554864,0,dev
2023092402,3793,3,0.9092841956059532,0.9041665012826817,1,dev
2023092402,3818,3,0.840531561461794,0.8454782323651109,0,dev
2023092402,3841,3,0.9395248380129589,0.9370348510660291,1,dev
2023092402,3908,3,0.77728285077951,0.7574017017108682,1,dev
2023092402,3933,3,0.8348348348348347,0.8392545108095784,1,dev
2023092402,3958,3,0.005952380952380952,0.05110679840762491,0,dev
2023092402,4005,3,0.6571428571428571,0.6437491657960742,1,dev
2023092402,4030,3,0.9088785046728972,0.8933598216256775,1,dev
2023092402,4300,3,0.77728285077951,0.7409466604995592,1,dev
2023092402,4336,3,0.25874125874125875,0.27183144534310033,0,dev
2023092403,77,3,0.8627204030226701,0.8596766428079661,0,dev
2023092403,203,3,0.9395248380129589,0.9430900116284876,1,dev
2023092403,250,3,0.3534675615212528,0.3518771859710477,1,dev
2023092403,393,3,0.9092841956059532,0.899326310331403,1,dev
2023092403,474,3,0.9395248380129589,0.9392637717818793,1,dev
2023092403,526,3,0.5,0.4971429037328341,0,dev
2023092403,549,3,0.3534675615212528,0.31316367648434196,1,dev
2023092403,620,3,0.9222585924713584,0.9331416585535689,1,dev
2023092403,673,3,0.11059907834101383,0.14478111252217962,0,dev
2023092403,863,3,0.9222585924713584,0.9319883243634465,1,dev
2023092403,893,3,0.8288288288288288,0.8003154974683517,1,dev
2023092403,918,3,0.9222585924713584,0.9277614498339223,1,dev
2023092403,978,3,0.9222585924713584,0.9311123227012669,1,dev
2023092403,1129,3,0.77728285077951,0.788565264369564,1,dev
2023092403,1214,3,0.77728285077951,0.7857314093206,0,dev
2023092403,1237,3,0.21666666666666667,0.2505246919639039,0,dev
2023092403,1362,3,0.77728285077951,0.7871781389350773,1,dev
2023092403,1409,3,0.25874125874125875,0.26394929002457135,0,dev
2023092403,1490,3,0.5533707865168538,0.562503942182633,0,dev
2023092403,1546,3,0.8627204030226701,0.8586881775650099,1,dev
2023092403,1598,3,0.44370860927152306,0.48366116114032837,0,dev
2023092403,1704,3,0.3534675615212528,0.3568859438079022,0,dev
2023092403,1749,3,0.9395248380129589,0.9468756219071732,1,dev
2023092403,1835,3,0.840531561461794,0.8435779158330886,1,dev
2023092403,1867,3,0.95,0.9549570987686811,1,dev
2023092403,1919,3,0.6571428571428571,0.5982022185413564,1,dev
2023092403,1989,3,0.3861788617886179,0.39089305123930823,0,dev
2023092403,2171,3,0.9222585924713584,0.9283581533204771,1,dev
2023092403,2269,3,0.9092841956059532,0.9182052306512422,1,dev
2023092403,2437,3,0.9092841956059532,0.9084030861842092,1,dev
2023092403,2462,3,0.3465346534653465,0.2975703980001195,0,dev
2023092403,2485,3,0.21666666666666667,0.2539233967176667,0,dev
2023092403,2528,3,0.8627204030226701,0.8713404398162816,1,dev
2023092403,2611,3,0.6571428571428571,0.5981131914766799,0,dev
2023092403,2781,3,0.41818181818181815,0.4406959551911612,1,dev
2023092403,2855,3,0.9222585924713584,0.9352424843594587,1,dev
2023092403,2880,3,0.9092841956059532,0.9146221050809494,1,dev
2023092403,2905,3,0.77728285077951,0.7501566001947422,1,dev
2023092403,2993,3,0.9222585924713584,0.9267407777901981,1,dev
2023092403,3038,3,0.03296703296703297,0.07233188689796849,0,dev
2023092403,3114,3,0.6589147286821706,0.6556548704724057,1,dev
2023092403,3198,3,0.77728285077951,0.7923559662641257,1,dev
2023092403,3228,3,0.840531561461794,0.8497182289080544,1,dev
2023092403,3275,3,0.6571428571428571,0.6409541398606354,0,dev
2023092403,3310,3,0.25874125874125875,0.280640980022244,0,dev
2023092403,3383,3,0.41818181818181815,0.45260764658562175,1,dev
2023092403,3466,3,0.8757396449704142,0.8807822059429707,1,dev
2023092403,3491,3,0.21666666666666667,0.24897794204841664,0,dev
2023092403,3620,3,0.3534675615212528,0.3439561652993037,0,dev
2023092403,3643,3,0.6571428571428571,0.6271549406406295,0,dev
2023092403,3666,3,0.77728285077951,0.7773726341645826,1,dev
2023092403,3691,3,0.41818181818181815,0.4507751819293198,0,dev
2023092403,3714,3,0.6589147286821706,0.657285864351846,0,dev
2023092403,3824,3,0.9222585924713584,0.9279064813808334,1,dev
2023092403,3873,3,0.9092841956059532,0.909183605978136,1,dev
2023092403,3958,3,0.9395248380129589,0.9441711152115143,1,dev
2023092403,3983,3,0.03296703296703297,0.0800978871975285,0,dev
2023092403,4055,3,0.3861788617886179,0.39130886246598934,0,dev
2023092403,4078,3,0.6571428571428571,0.599525481670157,1,dev
2023092403,4103,3,0.8348348348348347,0.8219241697175084,1,dev
2023092403,4128,3,0.25874125874125875,0.27534912348570123,0,dev
2023092403,4151,3,0.44370860927152306,0.46501287432240934,1,dev
2023092403,4208,3,0.35714285714285715,0.3879966352064917,1,dev
2023092403,4233,3,0.25874125874125875,0.2646310453353474,1,dev
2023092403,4263,3,0.6571428571428571,0.6298490861784011,0,dev
2023092403,4286,3,0.8627204030226701,0.8703708170658426,1,dev
2023092403,4340,3,0.4155844155844156,0.4351350412295455,0,dev
2023092403,4363,3,0.6571428571428571,0.61093864473119,1,dev
2023092404,62,3,0.840531561461794,0.8411878546163662,0,dev
2023092404,185,3,0.6571428571428571,0.602489011130403,1,dev
2023092404,255,3,0.3861788617886179,0.4241226166049361,0,dev
2023092404,299,3,0.77728285077951,0.7785442056104965,1,dev
2023092404,397,3,0.3534675615212528,0.3438807332516046,1,dev
2023092404,561,3,0.77728285077951,0.7838626032044442,1,dev
2023092404,733,3,0.753968253968254,0.7035294329378927,1,dev
2023092404,758,3,0.8627204030226701,0.8718905781533097,1,dev
2023092404,810,3,0.9222585924713584,0.9294858191555321,0,dev
2023092404,1027,3,0.9088785046728972,0.8890709228377209,1,dev
2023092404,1096,3,0.840531561461794,0.8449382758385989,0,dev
2023092404,1200,3,0.77728285077951,0.755006309511558,1,dev
2023092404,1269,3,0.9092841956059532,0.9171463542084373,1,dev
2023092404,1367,3,0.6571428571428571,0.5920531049052002,1,dev
2023092404,1478,3,0.77728285077951,0.7646806067937331,0,dev
2023092404,1505,3,0.9092841956059532,0.898114011126474,1,dev
2023092404,1677,3,0.3534675615212528,0.3563715061587803,0,dev
2023092404,1725,3,0.21666666666666667,0.25574185936646554,0,dev
2023092404,1845,3,0.9222585924713584,0.9338411849701127,1,dev
2023092404,1870,3,0.9092841956059532,0.9182281361435733,1,dev
2023092404,1924,3,0.41818181818181815,0.45584345282707495,0,dev
2023092404,1947,3,0.11059907834101383,0.1558185239736183,0,dev
2023092404,1970,3,0.8348348348348347,0.8285263354088097,1,dev
2023092404,2033,3,0.77728285077951,0.7791164132417812,1,dev
2023092404,2063,3,0.77728285077951,0.7453339580304734,1,dev
2023092404,2110,3,0.0,0.013584391675826082,0,dev
2023092404,2178,3,0.8288288288288288,0.7963140541074641,1,dev
2023092404,2203,3,0.77728285077951,0.7321265154864872,1,dev
2023092404,2235,3,0.11059907834101383,0.14201891100159808,0,dev
2023092404,2265,3,0.9092841956059532,0.9090549453205014,1,dev
2023092404,2519,3,0.8757396449704142,0.8812502030935728,0,dev
2023092404,2744,3,0.6571428571428571,0.6432112966650005,0,dev
2023092404,2816,3,0.9395248380129589,0.9396790294522842,1,dev
2023092404,2841,3,0.7197452229299363,0.6956152544358957,1,dev
2023092404,2866,3,0.8627204030226701,0.8702600750955546,1,dev
2023092404,2918,3,0.77728285077951,0.7804252607427361,1,dev
2023092404,3072,3,0.9395248380129589,0.9486375510575374,1,dev
2023092404,3122,3,0.6589147286821706,0.674756765933646,1,dev
2023092404,3159,3,0.9092841956059532,0.8981698124406927,0,dev
2023092404,3232,3,0.9092841956059532,0.8997081102355349,1,dev
2023092404,3257,3,0.9135802469135802,0.919859794631842,1,dev
2023092404,3343,3,0.07894736842105263,0.10828108776019325,0,dev
2023092404,3516,3,0.3861788617886179,0.39962881963754504,1,dev
2023092404,3541,3,0.9222585924713584,0.9353054779514075,1,dev
2023092404,3566,3,0.9092841956059532,0.902850309725945,1,dev
2023092404,3591,3,0.5533707865168538,0.5443498342102718,0,dev
2023092404,3614,3,0.9222585924713584,0.9225103396116712,1,dev
2023092404,3639,3,0.8627204030226701,0.8685807653143263,1,dev
2023092404,3740,3,0.9222585924713584,0.9211683471701858,1,dev
2023092404,3804,3,0.6571428571428571,0.5975016245687109,1,dev
2023092404,3829,3,0.9222585924713584,0.9305980328081405,1,dev
2023092404,3882,3,0.6589147286821706,0.6680281050483553,1,dev
2023092404,3996,3,0.5533707865168538,0.5754467786802017,0,dev
2023092404,4223,3,0.9092841956059532,0.9137675058247988,1,dev
2023092404,4255,3,0.77728285077951,0.788506169996427,1,dev
2023092405,77,3,0.9222585924713584,0.9256538160330514,1,dev
2023092405,102,3,0.9222585924713584,0.9347040195640512,1,dev
2023092405,210,3,0.44370860927152306,0.4731962794728436,0,dev
2023092405,297,3,0.9088785046728972,0.8933497480716142,1,dev
2023092405,344,3,0.9395248380129589,0.9374030679213203,1,dev
2023092405,416,3,0.9222585924713584,0.928975288889905,1,dev
2023092405,529,3,0.8627204030226701,0.8530714827779682,1,dev
2023092405,554,3,0.77728285077951,0.7769798130106645,1,dev
2023092405,648,3,0.8348348348348347,0.8244640433262178,1,dev
2023092405,717,3,0.11059907834101383,0.14715118480951184,0,dev
2023092405,752,3,0.6571428571428571,0.6321133948708181,1,dev
2023092405,838,3,0.9222585924713584,0.9295025802657056,1,dev
2023092405,1036,3,0.9222585924713584,0.9237522032891448,1,dev
2023092405,1103,3,0.77728285077951,0.7552373415869211,1,dev
2023092405,1241,3,0.9222585924713584,0.9349316776182997,1,dev
2023092405,1321,3,0.77728285077951,0.7537869772577547,1,dev
2023092405,1640,3,0.9222585924713584,0.9302299672825688,1,dev
2023092405,1692,3,0.005952380952380952,0.04678068539700186,0,dev
2023092405,1741,3,0.9395248380129589,0.9441410146118824,1,dev
2023092405,1773,3,0.8627204030226701,0.8525821730224437,1,dev
2023092405,1798,3,0.77728285077951,0.7395431179590886,1,dev
2023092405,1828,3,0.6589147286821706,0.6494355444199615,1,dev
2023092405,1997,3,0.9743589743589743,0.95863401626642,1,dev
2023092405,2098,3,0.9092841956059532,0.9083482120145684,1,dev
2023092405,2123,3,0.8288288288288288,0.8052611892280568,1,dev
2023092405,2201,3,0.9395248380129589,0.9407101491964076,1,dev
2023092405,2226,3,0.3861788617886179,0.42132873314649044,0,dev
2023092405,2250,3,0.8348348348348347,0.8230808875745764,1,dev
2023092405,2312,3,0.8288288288288288,0.8009685675978484,1,dev
2023092405,2337,3,0.8627204030226701,0.8590003974923075,0,dev
2023092405,2505,3,0.7583333333333333,0.7179959958696168,1,dev
2023092405,2672,3,0.77728285077951,0.7562081481479379,1,dev
2023092405,2719,3,0.5533707865168538,0.5433173589729231,0,dev
2023092405,2742,3,0.9395248380129589,0.9407846468049657,1,dev
2023092405,2789,3,0.004310344827586207,0.03052501656052585,0,dev
2023092405,2844,3,0.3534675615212528,0.3652135097270925,0,dev
2023092405,2928,3,0.5533707865168538,0.555955681581145,1,dev
2023092405,2953,3,0.9135802469135802,0.9201763652696232,0,dev
2023092405,3003,3,0.8348348348348347,0.8147560455979876,1,dev
2023092405,3028,3,0.07894736842105263,0.08878706566067271,0,dev
2023092405,3073,3,0.9395248380129589,0.9508941335798355,1,dev
2023092405,3143,3,0.9395248380129589,0.943149104762449,1,dev
2023092405,3234,3,0.7583333333333333,0.7252429107030658,1,dev
2023092405,3259,3,0.4375,0.4612743755342305,1,dev
2023092405,3559,3,0.8288288288288288,0.8123818105331179,0,dev
2023092405,3582,3,0.21666666666666667,0.2303982743716614,0,dev
2023092405,3804,3,0.840531561461794,0.8450307542587411,1,dev
2023092405,3916,3,0.8288288288288288,0.8089684599950868,1,dev
2023092405,4121,3,0.41818181818181815,0.4500161541455341,1,dev
2023092405,4180,3,0.3465346534653465,0.3107683276922724,1,dev
2023092406,115,3,0.9222585924713584,0.9225322337184344,1,dev
2023092406,295,3,0.9092841956059532,0.9055594705444846,1,dev
2023092406,320,3,0.8348348348348347,0.8359943917982653,1,dev
2023092406,361,3,0.9395248380129589,0.9477805531032328,1,dev
2023092406,415,3,0.9395248380129589,0.9428397191850321,0,dev
2023092406,438,3,0.9395248380129589,0.939108535411056,1,dev
2023092406,463,3,0.7727272727272727,0.7284284083141452,1,dev
2023092406,535,3,0.6589147286821706,0.650063330081416,1,dev
2023092406,597,3,0.77728285077951,0.7778472319233694,0,dev
2023092406,620,3,0.77728285077951,0.7787403732691605,1,dev
2023092406,650,3,0.9092841956059532,0.9068739189441225,1,dev
2023092406,714,3,0.9395248380129589,0.9447209034853397,1,dev
2023092406,817,3,0.840531561461794,0.8472287976086545,0,dev
2023092406,949,3,0.8627204030226701,0.8681344595664171,1,dev
2023092406,1004,3,0.004310344827586207,0.031064342953674738,0,dev
2023092406,1027,3,0.9395248380129589,0.9434252401516168,1,dev
2023092406,1052,3,0.8627204030226701,0.8655546556363874,1,dev
2023092406,1115,3,0.5,0.49618499391097615,0,dev
2023092406,1183,3,0.8627204030226701,0.8714280193081554,1,dev
2023092406,1215,3,0.5533707865168538,0.5757334604119698,1,dev
2023092406,1240,3,0.6571428571428571,0.6129328049436717,1,dev
2023092406,1323,3,0.8288288288288288,0.8034581254862174,1,dev
2023092406,1417,3,0.8627204030226701,0.8596925920254772,1,dev
2023092406,1467,3,0.8627204030226701,0.8661089584046135,1,dev
2023092406,1537,3,0.9092841956059532,0.9031642368079837,1,dev
2023092406,1663,3,0.41818181818181815,0.456473054040838,1,dev
2023092406,1693,3,0.11059907834101383,0.1318281687450739,0,dev
2023092406,1740,3,0.9135802469135802,0.920573193110987,0,dev
2023092406,1863,3,0.325,0.29002830348559416,0,dev
2023092406,1977,3,0.95,0.9539103081569557,1,dev
2023092406,2019,3,0.8851674641148325,0.8862084369582934,1,dev
2023092406,2074,3,0.77728285077951,0.7305942408899212,1,dev
2023092406,2099,3,0.3534675615212528,0.3632553878863779,1,dev
2023092406,2162,3,0.8348348348348347,0.8229849622648902,1,dev
2023092406,2230,3,0.44370860927152306,0.4765782274463084,1,dev
2023092406,2301,3,0.9222585924713584,0.9265391470332075,1,dev
2023092406,2331,3,0.9222585924713584,0.9272079220033602,1,dev
2023092406,2356,3,0.9395248380129589,0.9423453949595125,1,dev
2023092406,2489,3,0.03296703296703297,0.08052227977547945,0,dev
2023092406,2512,3,0.0,0.014227259912843243,0,dev
2023092406,2607,3,0.3534675615212528,0.3297558774999656,1,dev
2023092406,2691,3,0.8851674641148325,0.8827105999692582,1,dev
2023092406,2741,3,0.11059907834101383,0.17646301135202228,0,dev
2023092406,2764,3,0.5,0.516820060474137,0,dev
2023092406,2830,3,0.9088785046728972,0.8899399027440507,1,dev
2023092406,2855,3,0.8851674641148325,0.8852631835803698,1,dev
2023092406,2904,3,0.9222585924713584,0.9289471668290732,1,dev
2023092406,3018,3,0.8627204030226701,0.8690093419461502,1,dev
2023092406,3048,3,0.5533707865168538,0.5573341277646996,1,dev
2023092406,3112,3,0.9092841956059532,0.9087523516464355,1,dev
2023092406,3167,3,0.9222585924713584,0.925703078877559,1,dev
2023092406,3225,3,0.9092841956059532,0.9083408814173989,1,dev
2023092406,3250,3,0.8348348348348347,0.8376387603712815,0,dev
2023092406,3273,3,0.11059907834101383,0.1793528460180101,0,dev
2023092406,3307,3,0.5,0.5045765588814819,1,dev
2023092406,3364,3,0.8757396449704142,0.8803669355790873,1,dev
2023092406,3617,3,0.9395248380129589,0.9483358646549455,1,dev
2023092406,3642,3,0.8681318681318682,0.8751040621934052,1,dev
2023092406,3667,3,0.8288288288288288,0.8010773605132102,1,dev
2023092406,3692,3,0.77728285077951,0.7882341961781766,0,dev
2023092406,3757,3,0.8348348348348347,0.8229184480992261,1,dev
2023092406,3832,3,0.3861788617886179,0.4031529694850385,1,dev
2023092406,3873,3,0.9395248380129589,0.942707745256708,1,dev
2023092406,3898,3,0.8627204030226701,0.8607890664733259,1,dev
2023092406,4004,3,0.11059907834101383,0.12785271443371174,1,dev
2023092406,4029,3,0.35714285714285715,0.3873198263301171,1,dev
2023092406,4134,3,0.005952380952380952,0.04283542104802962,0,dev
2023092406,4157,3,0.8288288288288288,0.808379756002712,1,dev
2023092406,4193,3,0.8348348348348347,0.8397982864846502,1,dev
2023092406,4223,3,0.9092841956059532,0.9044518400389345,1,dev
2023092406,4414,3,0.13,0.20750680539310004,0,dev
2023092406,4448,3,0.6589147286821706,0.6762877669738039,1,dev
2023092406,4524,3,0.9395248380129589,0.9393953833090342,1,dev
2023092406,4611,3,0.7197452229299363,0.6975135924578919,0,dev
2023092406,4690,3,0.77728285077951,0.7795800151978688,0,dev
2023092406,4724,3,0.9092841956059532,0.9147606735073753,1,dev
2023092406,4761,3,0.8627204030226701,0.8676463058163488,1,dev
2023092406,4791,3,0.8348348348348347,0.8207918666097181,1,dev
2023092407,191,3,0.8288288288288288,0.8119274115764263,1,dev
2023092407,243,3,0.8245614035087719,0.7961103292583087,1,dev
2023092407,268,3,0.21666666666666667,0.24814029170319649,0,dev
2023092407,356,3,0.15942028985507245,0.22495509105058337,0,dev
2023092407,391,3,0.77728285077951,0.7349605886891893,1,dev
2023092407,573,3,0.8627204030226701,0.8593322681767659,1,dev
2023092407,620,3,0.9222585924713584,0.9332195433353869,0,dev
2023092407,742,3,0.9092841956059532,0.9102417488556348,1,dev
2023092407,849,3,0.9088785046728972,0.8964545059614814,0,dev
2023092407,872,3,0.3534675615212528,0.3138676775458436,1,dev
2023092407,1190,3,0.9222585924713584,0.9264010426019487,1,dev
2023092407,1215,3,0.8288288288288288,0.8074998552186612,1,dev
2023092407,1308,3,0.9088785046728972,0.8925287277967994,1,dev
2023092407,1405,3,0.7197452229299363,0.688049584468361,1,dev
2023092407,1430,3,0.8681318681318682,0.8782953643822495,1,dev
2023092407,1500,3,0.07894736842105263,0.12212477147291326,0,dev
2023092407,1732,3,0.77728285077951,0.7449676397996289,1,dev
2023092407,1836,3,0.3465346534653465,0.3124203270056251,0,dev
2023092407,1881,3,0.9135802469135802,0.9189647054790077,1,dev
2023092407,1933,3,0.5533707865168538,0.5709206869945382,0,dev
2023092407,2129,3,0.8851674641148325,0.8838897166427295,1,dev
2023092407,2220,3,0.9222585924713584,0.9337990332863995,1,dev
2023092407,2250,3,0.4155844155844156,0.4330592836449857,0,dev
2023092407,2345,3,0.9092841956059532,0.918525379234197,1,dev
2023092407,2527,3,0.9092841956059532,0.9112710694247969,1,dev
2023092407,2687,3,0.3861788617886179,0.3898646255925605,0,dev
2023092407,2710,3,0.9395248380129589,0.9384252495890291,1,dev
2023092407,2811,3,0.21666666666666667,0.23598308560972484,0,dev
2023092407,2834,3,0.840531561461794,0.8456452980769608,1,dev
2023092407,2972,3,0.8288288288288288,0.8116513374669019,1,dev
2023092407,3022,3,0.8627204030226701,0.8566956413964097,0,dev
2023092407,3257,3,0.840531561461794,0.8480695457241026,1,dev
2023092407,3289,3,0.3861788617886179,0.424887416434824,0,dev
2023092407,3312,3,0.8681318681318682,0.8776002116988689,1,dev
2023092407,3337,3,0.9222585924713584,0.9325454797403777,1,dev
2023092407,3446,3,0.9088785046728972,0.8932536547878366,1,dev
2023092407,3471,3,0.6571428571428571,0.6100397873348791,1,dev
2023092407,3496,3,0.9222585924713584,0.9315407851899199,1,dev
2023092407,3568,3,0.6571428571428571,0.6233544782929654,0,dev
2023092407,3712,3,0.9088785046728972,0.8922699590292301,1,dev
2023092407,3766,3,0.840531561461794,0.8501893907802653,1,dev
2023092407,3791,3,0.6571428571428571,0.6057303896634633,0,dev
2023092407,3857,3,0.9092841956059532,0.9173044808418397,0,dev
2023092407,4027,3,0.005952380952380952,0.0638342315725111,0,dev
2023092407,4111,3,0.004310344827586207,0.037046249908334494,0,dev
2023092407,4134,3,0.005952380952380952,0.06514819833059375,0,dev
2023092407,4157,3,0.8348348348348347,0.8203247541868542,1,dev
2023092407,4288,3,0.6589147286821706,0.6733404494899328,1,dev
2023092408,146,3,0.9088785046728972,0.891612471614038,1,dev
2023092408,171,3,0.4375,0.46227380545357016,1,dev
2023092408,196,3,0.8627204030226701,0.8696330845063044,1,dev
2023092408,232,3,0.3861788617886179,0.409705016642865,0,dev
2023092408,372,3,0.840531561461794,0.8444172821698643,1,dev
2023092408,419,3,0.5533707865168538,0.546937048532605,1,dev
2023092408,449,3,0.6571428571428571,0.6066794172620279,1,dev
2023092408,546,3,0.6571428571428571,0.6223235204986616,0,dev
2023092408,598,3,0.8348348348348347,0.8246093105122395,1,dev
2023092408,668,3,0.6571428571428571,0.6181545617435317,0,dev
2023092408,759,3,0.3465346534653465,0.31221953741569963,0,dev
2023092408,840,3,0.77728285077951,0.7368166599911559,1,dev
2023092408,911,3,0.6589147286821706,0.6705681179964412,1,dev
2023092408,990,3,0.9088785046728972,0.8944164143104436,1,dev
2023092408,1042,3,0.07894736842105263,0.08830297587384223,0,dev
2023092408,1065,3,0.77728285077951,0.754031516203174,1,dev
2023092408,1121,3,0.5,0.5009454035871196,0,dev
2023092408,1197,3,0.8757396449704142,0.882070407914043,1,dev
2023092408,1338,3,0.3534675615212528,0.3650054135629047,0,dev
2023092408,1368,3,0.9092841956059532,0.9026637934074205,1,dev
2023092408,1442,3,0.9088785046728972,0.8911378613929201,1,dev
2023092408,1525,3,0.8288288288288288,0.8113472845739321,1,dev
2023092408,1574,3,0.8627204030226701,0.854938074798273,1,dev
2023092408,1674,3,0.9395248380129589,0.9448086100559854,1,dev
2023092408,1699,3,0.9395248380129589,0.938315347303507,1,dev
2023092408,1803,3,0.13,0.1954118429775272,0,dev
2023092408,1826,3,0.3861788617886179,0.4008886270868433,0,dev
2023092408,1849,3,0.7197452229299363,0.6985487915813581,1,dev
2023092408,2043,3,0.77728285077951,0.780341671724476,0,dev
2023092408,2100,3,0.8627204030226701,0.8656934364334357,1,dev
2023092408,2147,3,0.9395248380129589,0.936492308514592,1,dev
2023092408,2177,3,0.77728285077951,0.7909856308925142,1,dev
2023092408,2295,3,0.8288288288288288,0.7965933292583031,1,dev
2023092408,2376,3,0.77728285077951,0.7539657506162759,0,dev
2023092408,2449,3,0.77728285077951,0.7864367313460368,0,dev
2023092408,2629,3,0.8627204030226701,0.8653131135547523,1,dev
2023092408,2709,3,0.8851674641148325,0.8854240967787648,1,dev
2023092408,2893,3,0.8627204030226701,0.8518492902402042,1,dev
2023092408,2918,3,0.6571428571428571,0.5871600975599353,1,dev
2023092408,2965,3,0.8627204030226701,0.8642190373508242,1,dev
2023092408,3073,3,0.77728285077951,0.7749864973531064,1,dev
2023092408,3187,3,0.7583333333333333,0.7165975884642295,1,dev
2023092408,3518,3,0.7583333333333333,0.7154862732074584,1,dev
2023092408,3543,3,0.9395248380129589,0.9406879038181905,1,dev
2023092408,3575,3,0.21666666666666667,0.22951472688705354,1,dev
2023092408,3600,3,0.5533707865168538,0.5377950928719943,1,dev
2023092408,3762,3,0.9222585924713584,0.922707583770052,0,dev
2023092409,100,3,0.8288288288288288,0.7963573303507621,1,dev
2023092409,173,3,0.41818181818181815,0.44277871820860726,0,dev
2023092409,196,3,0.9092841956059532,0.9135539108422757,1,dev
2023092409,259,3,0.9092841956059532,0.9055271553426656,1,dev
2023092409,289,3,0.753968253968254,0.715097156718768,1,dev
2023092409,570,3,0.9088785046728972,0.8937129147366497,1,dev
2023092409,595,3,0.9222585924713584,0.920780637291875,1,dev
2023092409,697,3,0.11059907834101383,0.17789923950735936,0,dev
2023092409,752,3,0.6571428571428571,0.5980415850317643,0,dev
2023092409,818,3,0.9092841956059532,0.9151728551537991,1,dev
2023092409,865,3,0.8288288288288288,0.8095967273716664,0,dev
2023092409,930,3,0.9395248380129589,0.9368515105197605,1,dev
2023092409,967,3,0.8851674641148325,0.8834271462723805,1,dev
2023092409,1100,3,0.8348348348348347,0.8156388065696585,1,dev
2023092409,1390,3,0.5533707865168538,0.5457262711208664,0,dev
2023092409,1413,3,0.5533707865168538,0.5621501732948615,0,dev
2023092409,1479,3,0.3534675615212528,0.3833309125210778,0,dev
2023092409,1502,3,0.77728285077951,0.762527045546599,1,dev
2023092409,1530,3,0.9088785046728972,0.89599191827173,1,dev
2023092409,1555,3,0.3465346534653465,0.30264332272059463,0,dev
2023092409,1659,3,0.840531561461794,0.850221821223219,1,dev
2023092409,1713,3,0.9222585924713584,0.9319096493284527,1,dev
2023092409,1770,3,0.3534675615212528,0.32513145782982766,0,dev
2023092409,1875,3,0.8348348348348347,0.8276659495095239,1,dev
2023092409,1922,3,0.3534675615212528,0.3822484852461784,0,dev
2023092409,2015,3,0.8627204030226701,0.8532445491985071,1,dev
2023092409,2040,3,0.9222585924713584,0.9318136149303725,0,dev
2023092409,2070,3,0.7197452229299363,0.6901358283758093,1,dev
2023092409,2117,3,0.3465346534653465,0.29447381185310395,0,dev
2023092409,2270,3,0.3534675615212528,0.35271156322848507,1,dev
2023092409,2302,3,0.9092841956059532,0.9012263339291702,1,dev
2023092409,2361,3,0.0,0.012742339671998035,0,dev
2023092409,2384,3,0.004310344827586207,0.02023951358210866,0,dev
2023092409,2519,3,0.41818181818181815,0.4522051952272613,0,dev
2023092409,2659,3,0.8757396449704142,0.882025726810939,1,dev
2023092409,2684,3,0.9092841956059532,0.9129860946766041,1,dev
2023092409,2714,3,0.25874125874125875,0.2680129564424213,1,dev
2023092409,2739,3,0.8288288288288288,0.7996647690101899,1,dev
2023092409,3023,3,0.8348348348348347,0.8273656313185592,0,dev
2023092409,3046,3,0.07894736842105263,0.1093440705828798,0,dev
2023092409,3090,3,0.9222585924713584,0.9296825707443418,1,dev
2023092409,3241,3,0.9222585924713584,0.9243129821775917,1,dev
2023092409,3478,3,0.9092841956059532,0.9166631186023512,1,dev
2023092409,3503,3,0.9088785046728972,0.8875891568051612,1,dev
2023092409,3576,3,0.9395248380129589,0.9367260559610173,0,dev
2023092409,3611,3,0.9092841956059532,0.8969437743672594,1,dev
2023092409,3639,3,0.3861788617886179,0.4110015347734255,1,dev
2023092409,3745,3,0.9395248380129589,0.946011779401563,1,dev
2023092409,3770,3,0.95,0.9566346087753377,1,dev
2023092409,3984,3,0.77728285077951,0.7626252413209974,1,dev
2023092409,4009,3,0.9222585924713584,0.9277524293137602,1,dev
2023092409,4034,3,0.9743589743589743,0.9580728909378052,1,dev
2023092409,4081,3,0.15942028985507245,0.22016866229845666,0,dev
2023092409,4104,3,0.8851674641148325,0.8869406555045611,1,dev
2023092409,4182,3,0.005952380952380952,0.06148071962614726,0,dev
2023092409,4309,3,0.9092841956059532,0.9103233329483943,1,dev
2023092409,4360,3,0.8627204030226701,0.8597644663555144,0,dev
2023092409,4383,3,0.15942028985507245,0.2143478703775911,0,dev
2023092409,4406,3,0.9092841956059532,0.8978204519152775,1,dev
2023092409,4611,3,0.3534675615212528,0.31306139146366924,1,dev
2023092409,4673,3,0.8851674641148325,0.8826811222673405,1,dev
2023092409,4703,3,0.3534675615212528,0.3811578411535725,0,dev
2023092409,4726,3,0.9092841956059532,0.908088516915695,1,dev
2023092409,4751,3,0.3534675615212528,0.3536845670361845,1,dev
2023092409,4776,3,0.8757396449704142,0.8799444923695386,1,dev
2023092409,4801,3,0.8627204030226701,0.8724036140189478,1,dev
2023092409,4826,3,0.9092841956059532,0.9067046639012759,0,dev
2023092409,4938,3,0.9222585924713584,0.9297083735344329,1,dev
2023092409,4968,3,0.8288288288288288,0.8068993144142234,1,dev
2023092410,55,3,0.77728285077951,0.7439862617717694,1,dev
2023092410,152,3,0.8681318681318682,0.8765875096147215,1,dev
2023092410,374,3,0.9222585924713584,0.9271977928353431,1,dev
2023092410,533,3,0.9092841956059532,0.8980501707617764,1,dev
2023092410,661,3,0.9395248380129589,0.9401894588014765,1,dev
2023092410,686,3,0.9395248380129589,0.9418372952953609,1,dev
2023092410,765,3,0.9395248380129589,0.9371219527660115,1,dev
2023092410,810,3,0.9222585924713584,0.9274208281052854,1,dev
2023092410,840,3,0.5533707865168538,0.5765399776881202,0,dev
2023092410,995,3,0.77728285077951,0.7306289659679218,1,dev
2023092410,1178,3,0.95,0.954217663948273,1,dev
2023092410,1352,3,0.9395248380129589,0.9486102962147582,1,dev
2023092410,1382,3,0.9092841956059532,0.9121503365994366,0,dev
2023092410,1405,3,0.840531561461794,0.8449335428565464,1,dev
2023092410,1488,3,0.8757396449704142,0.8814406409915069,1,dev
2023092410,1603,3,0.25874125874125875,0.26369240584552656,0,dev
2023092410,1736,3,0.5533707865168538,0.5768467985211947,1,dev
2023092410,1912,3,0.7197452229299363,0.6849457580622783,0,dev
2023092410,1969,3,0.9135802469135802,0.9198871654605006,1,dev
2023092410,1999,3,0.9092841956059532,0.9180256045539582,1,dev
2023092410,2079,3,0.5533707865168538,0.5533828459131338,1,dev
2023092410,2104,3,0.95,0.9563954467358835,1,dev
2023092410,2257,3,0.9395248380129589,0.9380958326242422,1,dev
2023092410,2320,3,0.9222585924713584,0.9282811744337858,1,dev
2023092410,2402,3,0.0,0.01405205938845956,0,dev
2023092410,2550,3,0.95,0.9564000127289568,1,dev
2023092410,2619,3,0.9092841956059532,0.8994542124285193,1,dev
2023092410,2644,3,0.9395248380129589,0.9406976030758742,1,dev
2023092410,2672,3,0.6571428571428571,0.6210848937028197,1,dev
2023092410,2727,3,0.840531561461794,0.8493249320111781,0,dev
2023092410,3039,3,0.5533707865168538,0.5363252852372896,1,dev
2023092410,3098,3,0.9395248380129589,0.944013644591793,1,dev
2023092410,3247,3,0.9222585924713584,0.9252685693442492,1,dev
2023092410,3367,3,0.3534675615212528,0.3334137865354687,1,dev
2023092410,3526,3,0.3861788617886179,0.4130084495405033,0,dev
2023092410,3671,3,0.8288288288288288,0.8018721820339195,1,dev
2023092410,3696,3,0.77728285077951,0.7529132977895229,1,dev
2023092410,3775,3,0.13,0.20066349091528082,0,dev
2023092410,3860,3,0.9222585924713584,0.9353508330303606,1,dev
2023092410,3937,3,0.41818181818181815,0.4546303987207679,1,dev
2023092410,4023,3,0.77728285077951,0.7365651929125909,1,dev
2023092410,4048,3,0.6571428571428571,0.6189498651582677,0,dev
2023092410,4071,3,0.8348348348348347,0.8267813662968022,1,dev
2023092410,4187,3,0.3861788617886179,0.4144084737617848,0,dev
2023092411,77,3,0.753968253968254,0.7133202963785485,0,dev
2023092411,195,3,0.6589147286821706,0.6565667330281882,0,dev
2023092411,369,3,0.9222585924713584,0.9350152184219173,1,dev
2023092411,401,3,0.9088785046728972,0.8892034708017315,1,dev
2023092411,522,3,0.5,0.4897051024871698,0,dev
2023092411,631,3,0.004310344827586207,0.026930961378192193,0,dev
2023092411,780,3,0.8348348348348347,0.8374588314330113,1,dev
2023092411,856,3,0.753968253968254,0.709559376481897,1,dev
2023092411,901,3,0.77728285077951,0.7602368949455455,1,dev
2023092411,1002,3,0.8348348348348347,0.8150417170877905,1,dev
2023092411,1030,3,0.9222585924713584,0.9323935762977601,1,dev
2023092411,1319,3,0.8757396449704142,0.8805106436863404,1,dev
2023092411,1351,3,0.5533707865168538,0.5504657320835769,1,dev
2023092411,1376,3,0.3465346534653465,0.3094665394421318,1,dev
2023092411,1474,3,0.005952380952380952,0.044646790025998764,0,dev
2023092411,1554,3,0.005952380952380952,0.05609875023563831,0,dev
2023092411,1577,3,0.8627204030226701,0.8596112957918548,1,dev
2023092411,1730,3,0.8348348348348347,0.8211472149445361,1,dev
2023092411,1760,3,0.44370860927152306,0.4671018862759184,0,dev
2023092411,1837,3,0.3861788617886179,0.41282031211245035,0,dev
2023092411,1897,3,0.9395248380129589,0.9372251366279193,1,dev
2023092411,1922,3,0.9092841956059532,0.9123576884179269,1,dev
2023092411,2013,3,0.9222585924713584,0.9316175841833506,1,dev
2023092411,2043,3,0.41818181818181815,0.45012338898370985,0,dev
2023092411,2208,3,0.8681318681318682,0.8776720934767192,1,dev
2023092411,2244,3,0.25874125874125875,0.26700628703278717,0,dev
2023092411,2267,3,0.9395248380129589,0.9363546782496038,1,dev
2023092411,2395,3,0.8627204030226701,0.8692123500384665,1,dev
2023092411,2469,3,0.8288288288288288,0.8091958028250283,1,dev
2023092411,2494,3,0.9092841956059532,0.9161429781535269,1,dev
2023092411,2563,3,0.840531561461794,0.8503679485002785,1,dev
2023092411,2666,3,0.004310344827586207,0.03753784517509449,0,dev
2023092411,2689,3,0.9088785046728972,0.8953942285279335,1,dev
2023092411,2863,3,0.5533707865168538,0.528896386578785,0,dev
2023092411,2886,3,0.004310344827586207,0.03610464479006733,0,dev
2023092411,3350,3,0.8757396449704142,0.8804843048877945,1,dev
2023092411,3515,3,0.77728285077951,0.7662535866287484,1,dev
2023092411,3643,3,0.8348348348348347,0.8212844034821001,1,dev
2023092411,3717,3,0.8851674641148325,0.8836870101508004,1,dev
2023092411,3742,3,0.6571428571428571,0.6382870757781428,1,dev
2023092411,3797,3,0.0,0.011973927349334399,0,dev
2023092411,3820,3,0.3861788617886179,0.4113672265164268,1,dev
2023092412,148,3,0.6589147286821706,0.6549674705246251,1,dev
2023092412,195,3,0.3861788617886179,0.4082840346501609,0,dev
2023092412,307,3,0.44370860927152306,0.4750325586156859,0,dev
2023092412,356,3,0.9092841956059532,0.9035528678959934,1,dev
2023092412,410,3,0.9222585924713584,0.9214607136078184,1,dev
2023092412,545,3,0.8348348348348347,0.8226888725499617,1,dev
2023092412,592,3,0.77728285077951,0.777378878448576,1,dev
2023092412,658,3,0.6571428571428571,0.6225966838196362,0,dev
2023092412,703,3,0.8627204030226701,0.868405293912433,1,dev
2023092412,792,3,0.11059907834101383,0.17513367413775996,1,dev
2023092412,817,3,0.8348348348348347,0.8272772658805301,0,dev
2023092412,866,3,0.41818181818181815,0.4465081242244315,0,dev
2023092412,918,3,0.77728285077951,0.7866767906082538,1,dev
2023092412,965,3,0.9395248380129589,0.93634993796859,1,dev
2023092412,1052,3,0.77728285077951,0.7909907308151737,1,dev
2023092412,1097,3,0.8348348348348347,0.8178739308935034,1,dev
2023092412,1175,3,0.9092841956059532,0.9044876075536588,1,dev
2023092412,1200,3,0.005952380952380952,0.05016686151055548,0,dev
2023092412,1261,3,0.6589147286821706,0.6474968440160873,1,dev
2023092412,1424,3,0.6571428571428571,0.5821576764817805,0,dev
2023092412,1512,3,0.3534675615212528,0.33042378673770434,0,dev
2023092412,1559,3,0.9092841956059532,0.9095345808372036,1,dev
2023092412,1604,3,0.9395248380129589,0.9388725490851926,1,dev
2023092412,1658,3,0.5,0.5199428526740004,0,dev
2023092412,1737,3,0.8348348348348347,0.8140784755781184,1,dev
2023092412,1979,3,0.9395248380129589,0.9470699980563759,1,dev
2023092412,2008,3,0.6571428571428571,0.6178804490473421,1,dev
2023092412,2164,3,0.3534675615212528,0.3185749225904312,0,dev
2023092412,2187,3,0.8348348348348347,0.8375940117058212,0,dev
2023092412,2210,3,0.9092841956059532,0.9145780238376606,1,dev
2023092412,2254,3,0.5533707865168538,0.5631461140883187,1,dev
2023092412,2301,3,0.11059907834101383,0.12774727847000325,0,dev
2023092412,2346,3,0.3534675615212528,0.320018038664489,1,dev
2023092412,2371,3,0.8757396449704142,0.881673681262106,1,dev
2023092412,2528,3,0.9222585924713584,0.922017918944572,1,dev
2023092412,2553,3,0.7583333333333333,0.7201153859745566,0,dev
2023092412,2603,3,0.840531561461794,0.8495221142284963,1,dev
2023092412,2682,3,0.7197452229299363,0.6876592225184723,1,dev
2023092412,2737,3,0.8627204030226701,0.8732470267123393,1,dev
2023092412,2818,3,0.9222585924713584,0.934784133859005,1,dev
2023092412,2866,3,0.8348348348348347,0.8276528431006803,1,dev
2023092412,2901,3,0.9395248380129589,0.9418673579090401,1,dev
2023092412,3099,3,0.3861788617886179,0.40166357733541896,1,dev
2023092412,3129,3,0.35714285714285715,0.3889843559360804,0,dev
2023092412,3255,3,0.9135802469135802,0.9197455541183834,1,dev
2023092412,3292,3,0.9222585924713584,0.9320957323086828,1,dev
2023092412,3317,3,0.9092841956059532,0.9149202132043748,1,dev
2023092412,3464,3,0.8348348348348347,0.8234115714586667,0,dev
2023092412,3572,3,0.3534675615212528,0.3754656785169777,1,dev
2023092412,3653,3,0.44370860927152306,0.4660105207869955,0,dev
2023092412,3698,3,0.3534675615212528,0.3132369356038881,0,dev
2023092412,3765,3,0.8348348348348347,0.8275220316327301,1,dev
2023092412,3790,3,0.9092841956059532,0.9107238043631278,1,dev
2023092412,3815,3,0.8348348348348347,0.8188261762566074,0,dev
2023092412,3940,3,0.8288288288288288,0.8070758413907744,1,dev
2023092412,3965,3,0.6571428571428571,0.6130975007670284,0,dev
2023092412,4098,3,0.9222585924713584,0.9223881303806307,1,dev
2023092500,100,3,0.9395248380129589,0.9449012978517181,1,dev
2023092500,135,3,0.3861788617886179,0.4025398734491431,0,dev
2023092500,180,3,0.3534675615212528,0.3671179114566329,0,dev
2023092500,258,3,0.77728285077951,0.7602645766927113,1,dev
2023092500,288,3,0.8627204030226701,0.8682406947623328,1,dev
2023092500,373,3,0.3534675615212528,0.37403471154170054,0,dev
2023092500,418,3,0.6589147286821706,0.6516050597103932,1,dev
2023092500,450,3,0.9395248380129589,0.936234185473829,1,dev
2023092500,651,3,0.8627204030226701,0.8683898877692242,0,dev
2023092500,730,3,0.9088785046728972,0.8965226772849708,0,dev
2023092500,861,3,0.5533707865168538,0.5456032244513546,0,dev
2023092500,943,3,0.8627204030226701,0.8708027325637457,1,dev
2023092500,1081,3,0.9222585924713584,0.9326897408236126,1,dev
2023092500,1155,3,0.9088785046728972,0.8892968921935368,1,dev
2023092500,1180,3,0.9222585924713584,0.9273743156779316,1,dev
2023092500,1235,3,0.8627204030226701,0.8600860837767618,1,dev
2023092500,1384,3,0.3465346534653465,0.3028708224446022,0,dev
2023092500,1463,3,0.9088785046728972,0.8878410634270525,1,dev
2023092500,1488,3,0.8627204030226701,0.8550506240242691,0,dev
2023092500,1511,3,0.8348348348348347,0.8179216195423983,1,dev
2023092500,1558,3,0.6589147286821706,0.6484117700385479,1,dev
2023092500,1605,3,0.8288288288288288,0.8035860768915869,1,dev
2023092500,1654,3,0.15942028985507245,0.21590275371847015,1,dev
2023092500,2007,3,0.77728285077951,0.768250699570469,1,dev
2023092500,2077,3,0.9088785046728972,0.8915175208796912,1,dev
2023092500,2285,3,0.9092841956059532,0.9179079793912792,1,dev
2023092500,2381,3,0.9395248380129589,0.948825352266471,1,dev
2023092500,2407,3,0.9222585924713584,0.9258140743789312,1,dev
2023092500,2530,3,0.22727272727272727,0.2595328483049479,0,dev
2023092500,2658,3,0.8348348348348347,0.8289960624551183,1,dev
2023092500,2705,3,0.5533707865168538,0.5528849995347559,0,dev
2023092500,2728,3,0.004310344827586207,0.03410408370181725,0,dev
2023092500,2844,3,0.9135802469135802,0.9201059853932262,1,dev
2023092500,3064,3,0.9092841956059532,0.9174594804590709,1,dev
2023092500,3094,3,0.8627204030226701,0.8526265200198733,1,dev
2023092500,3119,3,0.9088785046728972,0.8967102737964465,1,dev
2023092500,3164,3,0.3861788617886179,0.4040476821611091,0,dev
2023092500,3272,3,0.9092841956059532,0.9116770556466398,1,dev
2023092500,3307,3,0.5,0.5000800072438899,1,dev
2023092500,3359,3,0.8245614035087719,0.7951418195647652,1,dev
2023092500,3406,3,0.8627204030226701,0.8607798580574442,1,dev
2023092500,3436,3,0.004310344827586207,0.03276580210171174,0,dev
2023092500,3481,3,0.25874125874125875,0.2630600835087161,1,dev
2023092500,3576,3,0.8681318681318682,0.8766674021537327,1,dev
2023092500,3696,3,0.5,0.520027267700876,0,dev
2023092500,3719,3,0.9092841956059532,0.9130512822503595,1,dev
2023092500,3793,3,0.77728285077951,0.7755714654542144,1,dev
2023092500,3891,3,0.8627204030226701,0.8564907367811421,1,dev
2023092501,79,3,0.9092841956059532,0.9060735509094205,1,dev
2023092501,109,3,0.9395248380129589,0.9387003764832811,1,dev
2023092501,156,3,0.9222585924713584,0.9306745351728454,1,dev
2023092501,181,3,0.8851674641148325,0.8864641662159589,0,dev
2023092501,238,3,0.11059907834101383,0.14180903505635714,0,dev
2023092501,282,3,0.6571428571428571,0.584250982331908,1,dev
2023092501,336,3,0.7583333333333333,0.7221646190258365,1,dev
2023092501,459,3,0.8627204030226701,0.8525795104347048,0,dev
2023092501,547,3,0.8851674641148325,0.8839494903246987,1,dev
2023092501,625,3,0.9222585924713584,0.9348571117193438,1,dev
2023092501,699,3,0.9222585924713584,0.9334902816656854,1,dev
2023092501,724,3,0.8627204030226701,0.8528728286986751,0,dev
2023092501,773,3,0.6571428571428571,0.6212590349480973,1,dev
2023092501,845,3,0.9092841956059532,0.9104638966390458,1,dev
2023092501,870,3,0.9395248380129589,0.9397171463162647,1,dev
2023092501,895,3,0.8627204030226701,0.8733291363348811,1,dev
2023092501,967,3,0.9222585924713584,0.9345902274156143,1,dev
2023092501,1056,3,0.77728285077951,0.7705086064371647,1,dev
2023092501,1110,3,0.004310344827586207,0.038536228094489824,0,dev
2023092501,1176,3,0.77728285077951,0.77328489104519,1,dev
2023092501,1210,3,0.6571428571428571,0.5900040499537534,1,dev
2023092501,1235,3,0.8627204030226701,0.8730866370168306,1,dev
2023092501,1265,3,0.3465346534653465,0.2990197917511435,0,dev
2023092501,1310,3,0.6571428571428571,0.6416917745618805,0,dev
2023092501,1398,3,0.21666666666666667,0.2471815843361925,0,dev
2023092501,1421,3,0.41818181818181815,0.43694979469015316,1,dev
2023092501,1451,3,0.22727272727272727,0.25969049130705507,0,dev
2023092501,1494,3,0.9222585924713584,0.927401561941409,1,dev
2023092501,1601,3,0.3333333333333333,0.29300047618458097,1,dev
2023092501,1659,3,0.9222585924713584,0.9228531146818091,1,dev
2023092501,1684,3,0.44370860927152306,0.47344696883604764,0,dev
2023092501,1707,3,0.44370860927152306,0.48287049045659336,0,dev
2023092501,1730,3,0.0,0.009477590981728038,0,dev
2023092501,1916,3,0.0,0.01181940475675729,0,dev
2023092501,1939,3,0.004310344827586207,0.015356521477545022,0,dev
2023092501,2042,3,0.8757396449704142,0.8821979155630427,0,dev
2023092501,2147,3,0.8348348348348347,0.8307256743944181,1,dev
2023092501,2177,3,0.9092841956059532,0.9070471927455223,1,dev
2023092501,2202,3,0.6571428571428571,0.6007978250814388,0,dev
2023092501,2335,3,0.9222585924713584,0.926473249915026,1,dev
2023092501,2529,3,0.9088785046728972,0.8962194309167416,0,dev
2023092501,2669,3,0.8757396449704142,0.8798738938954429,1,dev
2023092501,2745,3,0.5,0.5047875186009776,1,dev
2023092501,2792,3,0.9092841956059532,0.9165364540550995,1,dev
2023092501,2817,3,0.9222585924713584,0.9259859833945776,1,dev
2023092501,2910,3,0.6571428571428571,0.589702851088592,1,dev
2023092501,2962,3,0.5,0.5029261832072619,0,dev
2023092501,3026,3,0.9092841956059532,0.9054649919768124,1,dev
2023092501,3086,3,0.8348348348348347,0.8204906254276398,0,dev
2023092501,3109,3,0.6571428571428571,0.6130658327101345,0,dev
2023092501,3175,3,0.8681318681318682,0.8789846566551927,1,dev
2023092501,3417,3,0.753968253968254,0.7143289115296143,0,dev
2023092501,3440,3,0.9092841956059532,0.9027310947533733,1,dev
2023092501,3522,3,0.9395248380129589,0.9388888756236505,1,dev
2023092501,3596,3,0.0,0.011853650092803762,0,dev
2023092501,3759,3,0.9222585924713584,0.9282835622282261,1,dev
2023092501,3848,3,0.5533707865168538,0.5688971966748513,0,dev
2023092501,3871,3,0.004310344827586207,0.036055969234989056,0,dev
2023092501,4092,3,0.9222585924713584,0.9257769327521291,1,dev
2023092501,4117,3,0.9222585924713584,0.9258543247269503,1,dev
2023092501,4153,3,0.07894736842105263,0.0846498070883302,0,dev
2023092501,4176,3,0.21666666666666667,0.2413088152969193,0,dev
2023092501,4241,3,0.9222585924713584,0.9212811797178824,1,dev
2023092501,4318,3,0.9222585924713584,0.92436259977667,1,dev
2023092800,78,4,0.9222585924713584,0.9341100174755134,1,dev
2023092800,188,4,0.9395248380129589,0.9445426743938461,1,dev
2023092800,322,4,0.41818181818181815,0.4545081352397072,1,dev
2023092800,369,4,0.3534675615212528,0.34722685193224206,1,dev
2023092800,394,4,0.9092841956059532,0.9009329139829602,1,dev
2023092800,485,4,0.25874125874125875,0.28104212150562635,0,dev
2023092800,508,4,0.5533707865168538,0.5585143486787041,0,dev
2023092800,596,4,0.03296703296703297,0.07906385443675737,0,dev
2023092800,648,4,0.9088785046728972,0.8947063871316373,1,dev
2023092800,873,4,0.07894736842105263,0.10526735198477419,0,dev
2023092800,916,4,0.3861788617886179,0.4170480409810204,1,dev
2023092800,1015,4,0.7197452229299363,0.6919761016763285,0,dev
2023092800,1072,4,0.8348348348348347,0.833949808963041,0,dev
2023092800,1310,4,0.6571428571428571,0.6389117986818926,0,dev
2023092800,1359,4,0.9395248380129589,0.937257328388192,1,dev
2023092800,1446,4,0.5,0.519377765114184,0,dev
2023092800,1493,4,0.6589147286821706,0.6474071315801517,1,dev
2023092800,1548,4,0.9135802469135802,0.9200790535186892,1,dev
2023092800,1573,4,0.77728285077951,0.7813322495035733,1,dev
2023092800,1669,4,0.9395248380129589,0.9443413316428537,1,dev
2023092800,1748,4,0.8627204030226701,0.8716833776444441,1,dev
2023092800,1818,4,0.3534675615212528,0.34308058408445297,0,dev
2023092800,1841,4,0.9222585924713584,0.9279072862662405,1,dev
2023092800,1866,4,0.6571428571428571,0.5886118247568616,1,dev
2023092800,2035,4,0.77728285077951,0.7306175145051297,1,dev
2023092800,2083,4,0.8627204030226701,0.8662258325416152,1,dev
2023092800,2228,4,0.95,0.9553048564054711,1,dev
2023092800,2275,4,0.6571428571428571,0.5971279707021839,1,dev
2023092800,2300,4,0.9092841956059532,0.9022836584487453,1,dev
2023092800,2425,4,0.8681318681318682,0.8772448916653115,1,dev
2023092800,2511,4,0.7583333333333333,0.7259795076905813,1,dev
2023092800,2561,4,0.9395248380129589,0.939635704333753,1,dev
2023092800,2652,4,0.8681318681318682,0.8766755498284904,1,dev
2023092800,2677,4,0.8348348348348347,0.8352024719641036,1,dev
2023092800,2748,4,0.07894736842105263,0.09394030792259536,0,dev
2023092800,2771,4,0.5533707865168538,0.5507081305024837,1,dev
2023092800,2889,4,0.8627204030226701,0.8682539338567364,1,dev
2023092800,3032,4,0.3534675615212528,0.36580730848322235,1,dev
2023092800,3057,4,0.5,0.5022747453596121,1,dev
2023092800,3102,4,0.3534675615212528,0.3168354529449824,0,dev
2023092800,3234,4,0.9092841956059532,0.898443488194479,1,dev
2023092800,3325,4,0.8348348348348347,0.8259157554710516,1,dev
2023092800,3618,4,0.9395248380129589,0.9521180856030688,1,dev
2023092800,3643,4,0.6589147286821706,0.6681742456524209,1,dev
2023092800,3691,4,0.9395248380129589,0.9418003478613697,1,dev
2023092800,3763,4,0.9395248380129589,0.9419196816378873,1,dev
2023092800,3987,4,0.9222585924713584,0.9277048700151531,1,dev
2023092800,4178,4,0.9088785046728972,0.8917692547960954,1,dev
2023100100,146,4,0.9222585924713584,0.9273562938206065,1,dev
2023100100,171,4,0.753968253968254,0.7133073993235703,0,dev
2023100100,275,4,0.9222585924713584,0.9207638082839271,1,dev
2023100100,334,4,0.9395248380129589,0.9389642967790284,1,dev
2023100100,465,4,0.8348348348348347,0.8224151661190341,1,dev
2023100100,522,4,0.8627204030226701,0.853395862091376,1,dev
2023100100,762,4,0.8627204030226701,0.872493288733717,1,dev
2023100100,846,4,0.77728285077951,0.7825154317076082,1,dev
2023100100,891,4,0.03296703296703297,0.07701100996216097,0,dev
2023100100,972,4,0.5,0.4944549130617404,0,dev
2023100100,995,4,0.8681318681318682,0.8790042641270847,1,dev
2023100100,1042,4,0.3534675615212528,0.3813159106115559,0,dev
2023100100,1111,4,0.9395248380129589,0.9421581835983003,1,dev
2023100100,1283,4,0.9092841956059532,0.9159453848983196,1,dev
2023100100,1313,4,0.8348348348348347,0.8365448741148918,1,dev
2023100100,1360,4,0.9222585924713584,0.9219169703633754,1,dev
2023100100,1560,4,0.8681318681318682,0.8787196832828004,1,dev
2023100100,1686,4,0.9222585924713584,0.9293288875431092,1,dev
2023100100,1718,4,0.9395248380129589,0.941885233945269,1,dev
2023100100,1748,4,0.25874125874125875,0.26422780755652486,0,dev
2023100100,1771,4,0.9222585924713584,0.9213323446473489,1,dev
2023100100,1870,4,0.840531561461794,0.8439256199057953,0,dev
2023100100,1893,4,0.8851674641148325,0.8869711603700076,1,dev
2023100100,1923,4,0.3861788617886179,0.4240226467398978,0,dev
2023100100,2091,4,0.3861788617886179,0.40076450597735397,1,dev
2023100100,2161,4,0.77728285077951,0.7358702703179482,1,dev
2023100100,2220,4,0.840531561461794,0.8473442978949,1,dev
2023100100,2245,4,0.8851674641148325,0.883293414057449,1,dev
2023100100,2304,4,0.840531561461794,0.8452007402891459,1,dev
2023100100,2616,4,0.8627204030226701,0.8568557121987558,1,dev
2023100100,2676,4,0.6571428571428571,0.596531988231661,0,dev
2023100100,2735,4,0.9222585924713584,0.9255465807988983,1,dev
2023100100,2814,4,0.9092841956059532,0.9085736493557482,1,dev
2023100100,2892,4,0.9088785046728972,0.893783769564651,1,dev
2023100100,2939,4,0.3534675615212528,0.3693835722633603,1,dev
2023100100,2989,4,0.9395248380129589,0.9393137667030421,1,dev
2023100100,3109,4,0.753968253968254,0.7038102614029235,1,dev
2023100100,3134,4,0.11059907834101383,0.16098146266042002,0,dev
2023100100,3200,4,0.3534675615212528,0.37964474479023963,0,dev
2023100100,3245,4,0.5,0.4942521604448507,1,dev
2023100100,3314,4,0.9092841956059532,0.8967957547820687,1,dev
2023100100,3392,4,0.3534675615212528,0.32226009005541306,1,dev
2023100100,3417,4,0.41818181818181815,0.44343231309265924,0,dev
2023100100,3469,4,0.8348348348348347,0.8234039169391822,1,dev
2023100100,3776,4,0.7583333333333333,0.7181129568253315,1,dev
2023100100,3806,4,0.9092841956059532,0.8995276309180219,1,dev
2023100101,81,4,0.9395248380129589,0.9523933747015824,1,dev
2023100101,128,4,0.9743589743589743,0.9586581807395003,1,dev
2023100101,197,4,0.7197452229299363,0.6975645811449037,1,dev
2023100101,238,4,0.8627204030226701,0.8630853114180861,1,dev
2023100101,302,4,0.9395248380129589,0.9465435428485857,1,dev
2023100101,327,4,0.9395248380129589,0.9368749342116454,1,dev
2023100101,374,4,0.11059907834101383,0.12557159146303454,1,dev
2023100101,403,4,0.9092841956059532,0.9140758126823368,1,dev
2023100101,589,4,0.8851674641148325,0.8839256429999156,1,dev
2023100101,614,4,0.95,0.9548308864886141,1,dev
2023100101,639,4,0.9135802469135802,0.9206376722475956,1,dev
2023100101,671,4,0.9092841956059532,0.9153210195500731,1,dev
2023100101,892,4,0.9222585924713584,0.9249962642615772,1,dev
2023100101,974,4,0.5,0.4933300205090168,1,dev
2023100101,1009,4,0.25874125874125875,0.2786715876700434,0,dev
2023100101,1066,4,0.6589147286821706,0.6499920745809876,1,dev
2023100101,1198,4,0.8348348348348347,0.8390444454085418,1,dev
2023100101,1304,4,0.21666666666666667,0.2556847766747397,0,dev
2023100101,1507,4,0.9222585924713584,0.9260302003045816,1,dev
2023100101,1617,4,0.9092841956059532,0.9090415284285488,1,dev
2023100101,1676,4,0.4155844155844156,0.4290298927641526,1,dev
2023100101,1795,4,0.9395248380129589,0.9452398971495428,0,dev
2023100101,1878,4,0.6589147286821706,0.6735465909810402,1,dev
2023100101,1960,4,0.9395248380129589,0.9464664752121343,1,dev
2023100101,1990,4,0.3861788617886179,0.39286104219532614,0,dev
2023100101,2100,4,0.3861788617886179,0.39909378662603817,0,dev
2023100101,2190,4,0.840531561461794,0.8471077458860334,1,dev
2023100101,2352,4,0.9395248380129589,0.9435965957756707,1,dev
2023100101,2493,4,0.8348348348348347,0.8184114001247329,1,dev
2023100101,2590,4,0.5533707865168538,0.5395349368216058,1,dev
2023100101,2682,4,0.9395248380129589,0.9405389927054,1,dev
2023100101,2707,4,0.77728285077951,0.7417330692219859,1,dev
2023100101,2941,4,0.9222585924713584,0.9252436412587476,1,dev
2023100101,2966,4,0.8627204030226701,0.85832246132766,1,dev
2023100101,2996,4,0.44370860927152306,0.47096907129722687,1,dev
2023100101,3066,4,0.77728285077951,0.7870008618053969,1,dev
2023100101,3135,4,0.8348348348348347,0.8350191211773695,1,dev
2023100101,3216,4,0.5533707865168538,0.5486728665706224,1,dev
2023100101,3441,4,0.9222585924713584,0.9254702568421923,1,dev
2023100101,3567,4,0.8288288288288288,0.8102127632774263,1,dev
2023100101,3653,4,0.8681318681318682,0.8791853153238555,1,dev
2023100101,3730,4,0.6571428571428571,0.6381348884457542,1,dev
2023100101,3919,4,0.9222585924713584,0.9356832180502279,1,dev
2023100101,3990,4,0.9222585924713584,0.9211376911916299,1,dev
2023100102,430,4,0.8348348348348347,0.8203423314797997,1,dev
2023100102,628,4,0.9088785046728972,0.8900409636617335,1,dev
2023100102,722,4,0.11059907834101383,0.16091950857797982,0,dev
2023100102,945,4,0.9088785046728972,0.8910089502310464,1,dev
2023100102,992,4,0.6571428571428571,0.6184465540537438,0,dev
2023100102,1015,4,0.77728285077951,0.7782248682691362,1,dev
2023100102,1062,4,0.9092841956059532,0.9112881233373316,1,dev
2023100102,1092,4,0.77728285077951,0.7342567078361131,1,dev
2023100102,1166,4,0.9222585924713584,0.9223866095312349,1,dev
2023100102,1237,4,0.9092841956059532,0.9120026602924096,0,dev
2023100102,1336,4,0.9222585924713584,0.932172777244706,1,dev
2023100102,1390,4,0.03296703296703297,0.07440589233176667,0,dev
2023100102,1700,4,0.9092841956059532,0.900365985543242,1,dev
2023100102,1830,4,0.9092841956059532,0.9163690878700613,1,dev
2023100102,1855,4,0.44370860927152306,0.48260255100711363,1,dev
2023100102,1944,4,0.840531561461794,0.8490258933981634,1,dev
2023100102,2105,4,0.9395248380129589,0.9412615707726306,1,dev
2023100102,2260,4,0.11059907834101383,0.16496448190374915,0,dev
2023100102,2320,4,0.9395248380129589,0.9443805367698286,1,dev
2023100102,2374,4,0.8627204030226701,0.8711422882076858,1,dev
2023100102,2437,4,0.9092841956059532,0.8984504864281652,1,dev
2023100102,2474,4,0.8288288288288288,0.7990112476147779,1,dev
2023100102,2857,4,0.9092841956059532,0.9092377793080101,1,dev
2023100102,2887,4,0.6571428571428571,0.6199295308003795,1,dev
2023100102,2980,4,0.8757396449704142,0.8811405497731873,1,dev
2023100102,3054,4,0.8348348348348347,0.8173261927496914,1,dev
2023100102,3175,4,0.9395248380129589,0.9382977758467813,1,dev
2023100102,3330,4,0.0,0.011919138245049867,0,dev
2023100102,3413,4,0.9092841956059532,0.9093918959502991,1,dev
2023100102,3460,4,0.9222585924713584,0.9317823737895666,1,dev
2023100102,3485,4,0.9092841956059532,0.9100003586838763,1,dev
2023100102,3540,4,0.77728285077951,0.7530953713781314,1,dev
2023100103,56,4,0.9222585924713584,0.9316513874187705,1,dev
2023100103,81,4,0.4375,0.46175160695153195,1,dev
2023100103,148,4,0.8288288288288288,0.7964337158893245,1,dev
2023100103,225,4,0.8851674641148325,0.8846817960276244,1,dev
2023100103,250,4,0.6589147286821706,0.6548968392551144,1,dev
2023100103,297,4,0.9395248380129589,0.9384538884232009,1,dev
2023100103,338,4,0.9222585924713584,0.9332117266747738,1,dev
2023100103,540,4,0.77728285077951,0.7496647584603828,1,dev
2023100103,609,4,0.8627204030226701,0.8696320205579571,1,dev
2023100103,685,4,0.9222585924713584,0.9347429742148584,1,dev
2023100103,735,4,0.3534675615212528,0.3723140939790004,1,dev
2023100103,868,4,0.8627204030226701,0.8576746290706739,1,dev
2023100103,1023,4,0.41818181818181815,0.4424655716779277,1,dev
2023100103,1075,4,0.9222585924713584,0.9300159321184394,1,dev
2023100103,1231,4,0.9222585924713584,0.9300291801865818,1,dev
2023100103,1256,4,0.9395248380129589,0.9366357796898166,1,dev
2023100103,1330,4,0.5533707865168538,0.5342578044649909,1,dev
2023100103,1404,4,0.9395248380129589,0.950789986230573,1,dev
2023100103,1560,4,0.5533707865168538,0.5638761804620837,1,dev
2023100103,1607,4,0.9395248380129589,0.9503524169735514,1,dev
2023100103,1751,4,0.8851674641148325,0.8851400024285275,1,dev
2023100103,1810,4,0.9395248380129589,0.9363729544910165,1,dev
2023100103,1885,4,0.9395248380129589,0.943704727411564,1,dev
2023100103,2000,4,0.8757396449704142,0.8826057408499867,0,dev
2023100103,2174,4,0.8288288288288288,0.806866015089438,1,dev
2023100103,2219,4,0.9088785046728972,0.895274189582611,1,dev
2023100103,2244,4,0.3534675615212528,0.3335565983340413,1,dev
2023100103,2371,4,0.9395248380129589,0.9387136861921541,1,dev
2023100103,2396,4,0.840531561461794,0.8497689034539673,1,dev
2023100103,2465,4,0.840531561461794,0.8484586384848362,1,dev
2023100103,2587,4,0.9395248380129589,0.9482883941252602,1,dev
2023100103,2636,4,0.3861788617886179,0.420561531761411,1,dev
2023100103,2709,4,0.8627204030226701,0.8544746406853678,1,dev
2023100103,2871,4,0.325,0.2922356949101283,0,dev
2023100103,2977,4,0.8627204030226701,0.8546281473469319,1,dev
2023100103,3035,4,0.77728285077951,0.7919801152774415,1,dev
2023100103,3105,4,0.6571428571428571,0.6018501121093524,1,dev
2023100103,3180,4,0.9092841956059532,0.898970723248839,1,dev
2023100103,3244,4,0.9092841956059532,0.9161209938150718,1,dev
2023100103,3409,4,0.8288288288288288,0.7980673382253776,1,dev
2023100103,3467,4,0.840531561461794,0.8478523483420938,0,dev
2023100103,3733,4,0.5,0.5010117232693929,1,dev
2023100103,3816,4,0.3534675615212528,0.33223075694424015,0,dev
2023100103,3875,4,0.840531561461794,0.8425090318519273,1,dev
2023100103,3923,4,0.3534675615212528,0.3569687616888831,0,dev
2023100103,3958,4,0.9222585924713584,0.9319612778244393,1,dev
2023100103,4023,4,0.9395248380129589,0.9508050424023176,1,dev
2023100104,228,4,0.840531561461794,0.8459510694763629,1,dev
2023100104,291,4,0.8348348348348347,0.8152538658788719,1,dev
2023100104,316,4,0.9222585924713584,0.9297143893342461,1,dev
2023100104,341,4,0.21666666666666667,0.24918016655755268,0,dev
2023100104,406,4,0.9222585924713584,0.9261010415025934,1,dev
2023100104,517,4,0.9088785046728972,0.8913188347160208,1,dev
2023100104,590,4,0.13,0.20583306396662296,0,dev
2023100104,767,4,0.9135802469135802,0.9202655026859278,1,dev
2023100104,903,4,0.8757396449704142,0.8826316161465961,1,dev
2023100104,1034,4,0.41818181818181815,0.4476167025995315,0,dev
2023100104,1137,4,0.9088785046728972,0.8920031857972489,1,dev
2023100104,1237,4,0.9222585924713584,0.9224438843470236,1,dev
2023100104,1316,4,0.9092841956059532,0.9080389095284266,1,dev
2023100104,1397,4,0.8851674641148325,0.8852151207697836,1,dev
2023100104,1490,4,0.004310344827586207,0.038541371232611685,0,dev
2023100104,1513,4,0.5533707865168538,0.5444130896576294,1,dev
2023100104,1560,4,0.9222585924713584,0.9210888439209146,1,dev
2023100104,1693,4,0.25874125874125875,0.2724947566238122,1,dev
2023100104,1893,4,0.9395248380129589,0.9412920563332363,1,dev
2023100104,2133,4,0.6589147286821706,0.6600837366529214,1,dev
2023100104,2229,4,0.44370860927152306,0.478892121467347,1,dev
2023100104,2293,4,0.11059907834101383,0.17979805082546566,0,dev
2023100104,2335,4,0.3534675615212528,0.35053519517636045,1,dev
2023100104,2457,4,0.77728285077951,0.7656058595763579,1,dev
2023100104,2527,4,0.3534675615212528,0.32878618662131115,0,dev
2023100104,2672,4,0.9222585924713584,0.9287312210479236,1,dev
2023100104,2853,4,0.77728285077951,0.7406001541297931,1,dev
2023100104,2914,4,0.25874125874125875,0.2663985984576923,0,dev
2023100104,2937,4,0.77728285077951,0.7814863914103038,1,dev
2023100104,3048,4,0.07894736842105263,0.09806004458947085,0,dev
2023100104,3160,4,0.8851674641148325,0.8856226891591295,1,dev
2023100104,3242,4,0.8627204030226701,0.8735758341843832,1,dev
2023100104,3289,4,0.9092841956059532,0.9014203253107594,1,dev
2023100104,3732,4,0.9092841956059532,0.9049796390437775,1,dev
2023100104,3757,4,0.9135802469135802,0.9192480053749216,1,dev
2023100104,3782,4,0.15942028985507245,0.22335865580705883,0,dev
2023100104,3915,4,0.9088785046728972,0.8927462103802892,1,dev
2023100104,3984,4,0.8288288288288288,0.8039127022437151,1,dev
2023100104,4305,4,0.77728285077951,0.7575922927927031,1,dev
2023100104,4352,4,0.004310344827586207,0.015282828821908128,0,dev
2023100105,62,4,0.5,0.49874569116694056,0,dev
2023100105,436,4,0.77728285077951,0.7413908949351171,1,dev
2023100105,524,4,0.77728285077951,0.7507553519082787,0,dev
2023100105,805,4,0.9092841956059532,0.8974717698783512,1,dev
2023100105,830,4,0.6589147286821706,0.6650365033588975,0,dev
2023100105,875,4,0.5533707865168538,0.52296779122667,0,dev
2023100105,946,4,0.9092841956059532,0.9165362834458877,1,dev
2023100105,1003,4,0.9088785046728972,0.8961069675269125,1,dev
2023100105,1103,4,0.7197452229299363,0.6996908684017358,1,dev
2023100105,1172,4,0.5533707865168538,0.5524389002730006,0,dev
2023100105,1195,4,0.9135802469135802,0.920224082383979,0,dev
2023100105,1293,4,0.9395248380129589,0.9407843576713526,1,dev
2023100105,1318,4,0.41818181818181815,0.45451271755728195,0,dev
2023100105,1360,4,0.7197452229299363,0.6840328596414615,1,dev
2023100105,1439,4,0.9222585924713584,0.9315814367563757,1,dev
2023100105,1486,4,0.5533707865168538,0.5760344543097246,0,dev
2023100105,1615,4,0.9395248380129589,0.9380095158503885,1,dev
2023100105,1711,4,0.77728285077951,0.7453123001196345,1,dev
2023100105,1780,4,0.21666666666666667,0.2527241572275703,0,dev
2023100105,1829,4,0.8288288288288288,0.7999562846770604,1,dev
2023100105,1861,4,0.21666666666666667,0.2497546630174006,0,dev
2023100105,1922,4,0.9222585924713584,0.9272393991330363,1,dev
2023100105,2044,4,0.9222585924713584,0.9256835177613794,1,dev
2023100105,2102,4,0.8348348348348347,0.824513723065418,1,dev
2023100105,2318,4,0.75,0.7017402583885207,1,dev
2023100105,2526,4,0.3534675615212528,0.3868129593609551,0,dev
2023100105,2610,4,0.9395248380129589,0.9409383108264894,1,dev
2023100105,2664,4,0.7727272727272727,0.7280086610339375,1,dev
2023100105,2692,4,0.6571428571428571,0.6057089547688707,0,dev
2023100105,2744,4,0.005952380952380952,0.050268064917181506,0,dev
2023100105,2810,4,0.9222585924713584,0.9237721298960376,1,dev
2023100105,2966,4,0.9395248380129589,0.9458936759801011,1,dev
2023100105,3024,4,0.6589147286821706,0.6772358492423806,0,dev
2023100105,3047,4,0.6589147286821706,0.6717814016821733,1,dev
2023100105,3157,4,0.5533707865168538,0.5313370725020544,1,dev
2023100105,3246,4,0.5533707865168538,0.5637814445895152,1,dev
2023100105,3337,4,0.8348348348348347,0.826624701892555,1,dev
2023100105,3403,4,0.6571428571428571,0.613174604201721,1,dev
2023100105,3433,4,0.3534675615212528,0.33744607550547645,0,dev
2023100105,3456,4,0.44370860927152306,0.4688673931136235,0,dev
2023100105,3596,4,0.9222585924713584,0.9346126022553802,1,dev
2023100105,3752,4,0.6571428571428571,0.6265262926144614,1,dev
2023100105,3777,4,0.7197452229299363,0.6876335757923436,1,dev
2023100105,3916,4,0.9222585924713584,0.9254496825140683,1,dev
2023100105,3970,4,0.840531561461794,0.8490964120120069,1,dev
2023100106,55,4,0.9088785046728972,0.8913754089489955,1,dev
2023100106,102,4,0.3534675615212528,0.3612373447120146,0,dev
2023100106,158,4,0.325,0.2914733815917478,1,dev
2023100106,233,4,0.6571428571428571,0.626440691061468,1,dev
2023100106,369,4,0.9222585924713584,0.9356690768876735,1,dev
2023100106,835,4,0.5533707865168538,0.5283380189477557,1,dev
2023100106,952,4,0.9088785046728972,0.8928264159657247,1,dev
2023100106,1186,4,0.11059907834101383,0.17760834412980514,0,dev
2023100106,1596,4,0.21666666666666667,0.22953014203635505,1,dev
2023100106,1724,4,0.5533707865168538,0.5392738630411649,0,dev
2023100106,2008,4,0.3534675615212528,0.3485903670008799,0,dev
2023100106,2147,4,0.005952380952380952,0.057697063980357094,0,dev
2023100106,2247,4,0.8627204030226701,0.8642686349992724,1,dev
2023100106,2337,4,0.753968253968254,0.7025121246521067,1,dev
2023100106,2543,4,0.6589147286821706,0.6708100653341481,1,dev
2023100106,2695,4,0.004310344827586207,0.01768034311459311,0,dev
2023100106,2827,4,0.77728285077951,0.7737735564063872,0,dev
2023100106,2926,4,0.004310344827586207,0.018428314401791802,0,dev
2023100106,3110,4,0.8288288288288288,0.8061419028777571,1,dev
2023100106,3189,4,0.8288288288288288,0.810145249237862,0,dev
2023100106,3212,4,0.4155844155844156,0.42998208631559,1,dev
2023100106,3248,4,0.77728285077951,0.7771258561962555,1,dev
2023100106,3398,4,0.9222585924713584,0.9249428037394595,1,dev
2023100106,3423,4,0.9395248380129589,0.9487661641635126,1,dev
2023100106,3607,4,0.9395248380129589,0.9459090336103103,1,dev
2023100106,3654,4,0.3534675615212528,0.3773209321513115,1,dev
2023100106,3723,4,0.7197452229299363,0.6960466494278679,0,dev
2023100106,3746,4,0.5533707865168538,0.5222051198859243,1,dev
2023100106,3823,4,0.9222585924713584,0.9329356915108111,1,dev
2023100106,3897,4,0.77728285077951,0.7572036513815389,1,dev
2023100106,3927,4,0.3534675615212528,0.36610923792355626,0,dev
2023100106,4002,4,0.8348348348348347,0.8295128634529405,0,dev
2023100106,4092,4,0.004310344827586207,0.03895701488234042,0,dev
2023100106,4138,4,0.3465346534653465,0.2944435362585431,0,dev
2023100106,4187,4,0.9395248380129589,0.9381957195266895,1,dev
2023100106,4212,4,0.840531561461794,0.8444849758599646,1,dev
2023100106,4237,4,0.5533707865168538,0.5456806781896392,0,dev
2023100106,4391,4,0.840531561461794,0.8415147009305841,1,dev
2023100106,4438,4,0.6571428571428571,0.5954262316580587,1,dev
2023100106,4470,4,0.8627204030226701,0.8713244604326742,1,dev
2023100106,4565,4,0.9135802469135802,0.9202553283628663,1,dev
2023100107,63,4,0.9222585924713584,0.9255325824974433,1,dev
2023100107,116,4,0.9092841956059532,0.9135614507050269,1,dev
2023100107,192,4,0.6589147286821706,0.6593174281262713,0,dev
2023100107,336,4,0.753968253968254,0.7051285235266366,1,dev
2023100107,408,4,0.6571428571428571,0.5835937145926955,1,dev
2023100107,455,4,0.3861788617886179,0.3968599855009869,1,dev
2023100107,584,4,0.9222585924713584,0.9274490787092646,1,dev
2023100107,609,4,0.9092841956059532,0.9088702394598552,1,dev
2023100107,653,4,0.9088785046728972,0.896642377651945,0,dev
2023100107,721,4,0.9092841956059532,0.9088097078233758,0,dev
2023100107,808,4,0.07894736842105263,0.09929194816822019,0,dev
2023100107,831,4,0.3534675615212528,0.3250184693770853,0,dev
2023100107,874,4,0.9092841956059532,0.9104008459107268,0,dev
2023100107,996,4,0.5533707865168538,0.5519985547015974,1,dev
2023100107,1045,4,0.9092841956059532,0.9092936308531301,1,dev
2023100107,1075,4,0.9092841956059532,0.9139969873272817,1,dev
2023100107,1120,4,0.9088785046728972,0.8898585631029103,1,dev
2023100107,1195,4,0.8851674641148325,0.885501745203841,1,dev
2023100107,1220,4,0.8627204030226701,0.8695504419790318,1,dev
2023100107,1289,4,0.77728285077951,0.7664808952588911,1,dev
2023100107,1319,4,0.3534675615212528,0.36365537266419007,1,dev
2023100107,1374,4,0.3534675615212528,0.3868071692290104,0,dev
2023100107,1451,4,0.8757396449704142,0.8823545989820137,1,dev
2023100107,1564,4,0.9222585924713584,0.9275817714310974,1,dev
2023100107,1634,4,0.9222585924713584,0.9254981160739643,1,dev
2023100107,1775,4,0.8627204030226701,0.8633160985353862,1,dev
2023100107,1936,4,0.8627204030226701,0.8581028064617784,1,dev
2023100107,1968,4,0.7583333333333333,0.7166921980564429,1,dev
2023100107,2020,4,0.9092841956059532,0.899704068760916,1,dev
2023100107,2097,4,0.8348348348348347,0.8357954889654806,1,dev
2023100107,2214,4,0.6589147286821706,0.68150027172901,1,dev
2023100107,2587,4,0.8627204030226701,0.8689311308771255,0,dev
2023100107,2612,4,0.3465346534653465,0.3106627566121412,0,dev
2023100107,2915,4,0.9395248380129589,0.9410185944647549,1,dev
2023100107,3008,4,0.8851674641148325,0.8844824989431079,1,dev
2023100107,3088,4,0.8348348348348347,0.838785360168343,1,dev
2023100107,3178,4,0.9088785046728972,0.8929556748897499,1,dev
2023100107,3413,4,0.9092841956059532,0.9131151542765243,1,dev
2023100107,3497,4,0.9092841956059532,0.9185169252024793,1,dev
2023100107,3522,4,0.325,0.28714832508653,0,dev
2023100107,3550,4,0.8288288288288288,0.8073059550093723,1,dev
2023100107,3575,4,0.9092841956059532,0.9133571461674698,1,dev
2023100107,3605,4,0.9222585924713584,0.9314051821149569,1,dev
2023100107,3666,4,0.9092841956059532,0.8978263768275745,1,dev
2023100107,3725,4,0.9092841956059532,0.9102759564004616,1,dev
2023100107,3773,4,0.44370860927152306,0.4749826988136545,0,dev
2023100107,3843,4,0.9092841956059532,0.9143740626879171,1,dev
2023100107,3894,4,0.9092841956059532,0.9021317941704572,1,dev
2023100107,3919,4,0.6571428571428571,0.6097857600101868,1,dev
2023100107,4000,4,0.7583333333333333,0.7191551871609416,1,dev
2023100107,4063,4,0.11059907834101383,0.1430939861199709,0,dev
2023100107,4093,4,0.77728285077951,0.7451831452795866,1,dev
2023100107,4158,4,0.21666666666666667,0.243292770991751,0,dev
2023100107,4181,4,0.9092841956059532,0.9135542078268225,0,dev
2023100107,4204,4,0.07894736842105263,0.1176076311338036,0,dev
2023100108,77,4,0.8288288288288288,0.8000339211664559,1,dev
2023100108,102,4,0.6571428571428571,0.6048105665439731,1,dev
2023100108,154,4,0.9092841956059532,0.9049658187946061,1,dev
2023100108,179,4,0.325,0.28870729075894697,0,dev
2023100108,293,4,0.005952380952380952,0.04693432561456531,0,dev
2023100108,461,4,0.8288288288288288,0.811160101361303,1,dev
2023100108,486,4,0.8627204030226701,0.8638677297772078,1,dev
2023100108,557,4,0.8627204030226701,0.8604945116358647,1,dev
2023100108,582,4,0.8627204030226701,0.8574197725102926,1,dev
2023100108,724,4,0.9092841956059532,0.9093202348323255,1,dev
2023100108,896,4,0.9222585924713584,0.9351290739821281,1,dev
2023100108,926,4,0.9222585924713584,0.9301177777177627,1,dev
2023100108,990,4,0.7197452229299363,0.6888354515273157,1,dev
2023100108,1155,4,0.9222585924713584,0.9218400000289615,1,dev
2023100108,1180,4,0.9088785046728972,0.8907080328980359,1,dev
2023100108,1451,4,0.004310344827586207,0.03132772564897462,0,dev
2023100108,1500,4,0.6571428571428571,0.6318840481259413,1,dev
2023100108,1559,4,0.9222585924713584,0.9287073230208321,1,dev
2023100108,1584,4,0.005952380952380952,0.041461686724468996,0,dev
2023100108,1607,4,0.9135802469135802,0.9202576107837321,1,dev
2023100108,1659,4,0.8288288288288288,0.806876053439987,1,dev
2023100108,1800,4,0.8851674641148325,0.8844512104149885,1,dev
2023100108,1902,4,0.840531561461794,0.8510005930424124,0,dev
2023100108,1925,4,0.8348348348348347,0.8258674557106758,1,dev
2023100108,1972,4,0.3861788617886179,0.39819450869717193,1,dev
2023100108,1997,4,0.9395248380129589,0.9410852082504298,1,dev
2023100108,2213,4,0.5,0.49590896859931033,1,dev
2023100108,2431,4,0.9222585924713584,0.9211636704289767,1,dev
2023100108,2456,4,0.03296703296703297,0.08179280784425057,0,dev
2023100108,2587,4,0.9222585924713584,0.93392422718419,1,dev
2023100108,2612,4,0.8627204030226701,0.8615363149639018,1,dev
2023100108,2685,4,0.9395248380129589,0.9409651529541323,1,dev
2023100108,2777,4,0.9395248380129589,0.948010132944805,1,dev
2023100108,2805,4,0.4155844155844156,0.4308239016907326,0,dev
2023100108,2940,4,0.3534675615212528,0.3388710667442806,1,dev
2023100108,3078,4,0.77728285077951,0.7908222822786363,1,dev
2023100108,3103,4,0.004310344827586207,0.038406037332382965,0,dev
2023100108,3272,4,0.8627204030226701,0.8741775838941234,1,dev
2023100108,3297,4,0.8348348348348347,0.8335397729023571,1,dev
2023100108,3354,4,0.7583333333333333,0.720790664933475,1,dev
2023100108,3417,4,0.9092841956059532,0.9127566504669441,1,dev
2023100108,3442,4,0.005952380952380952,0.057153498842641204,0,dev
2023100108,3500,4,0.8627204030226701,0.8736150127244416,1,dev
2023100108,3681,4,0.5533707865168538,0.5351290932637839,0,dev
2023100108,3704,4,0.3465346534653465,0.3125688039548647,0,dev
2023100108,3787,4,0.13,0.20391445263273653,0,dev
2023100108,3973,4,0.9088785046728972,0.893632612776973,0,dev
2023100108,3996,4,0.77728285077951,0.7848434587625258,1,dev
2023100108,4079,4,0.9222585924713584,0.9322383338039839,1,dev
2023100108,4131,4,0.6571428571428571,0.6198731710920635,1,dev
2023100108,4218,4,0.9395248380129589,0.9404591151987157,1,dev
2023100108,4293,4,0.41818181818181815,0.45941895212587797,1,dev
2023100108,4318,4,0.8851674641148325,0.8856389136376752,1,dev
2023100108,4382,4,0.77728285077951,0.7394087770301958,1,dev
2023100108,4407,4,0.9395248380129589,0.9389777305914533,1,dev
2023100108,4437,4,0.77728285077951,0.7675402016920307,0,dev
2023100108,4467,4,0.77728285077951,0.7835785211430951,1,dev
2023100108,4570,4,0.9092841956059532,0.9052031079791095,1,dev
2023100108,4595,4,0.3534675615212528,0.3464259548134273,0,dev
2023100108,4666,4,0.8288288288288288,0.8117546502830006,1,dev
2023100108,4696,4,0.005952380952380952,0.059703871379185376,0,dev
2023100108,4793,4,0.9395248380129589,0.94087124783839,1,dev
2023100108,4879,4,0.9092841956059532,0.9101699985337404,1,dev
2023100109,146,4,0.9092841956059532,0.9168882217983321,1,dev
2023100109,201,4,0.8627204030226701,0.8565447973383056,1,dev
2023100109,253,4,0.13,0.1972328780516098,0,dev
2023100109,461,4,0.6571428571428571,0.6293140651025596,0,dev
2023100109,484,4,0.8288288288288288,0.8055032039673448,0,dev
2023100109,507,4,0.9092841956059532,0.9181342482548963,1,dev
2023100109,620,4,0.6571428571428571,0.6460171792205205,1,dev
2023100109,730,4,0.9395248380129589,0.936584600449415,0,dev
2023100109,787,4,0.3861788617886179,0.4185692405861841,0,dev
2023100109,822,4,0.9088785046728972,0.8939856106551327,1,dev
2023100109,1274,4,0.95,0.953817176872657,1,dev
2023100109,1504,4,0.5533707865168538,0.538426623751562,1,dev
2023100109,1534,4,0.8348348348348347,0.8377696713809079,1,dev
2023100109,1559,4,0.9395248380129589,0.9410367237093297,1,dev
2023100109,1673,4,0.9395248380129589,0.9535039994403752,1,dev
2023100109,1724,4,0.11059907834101383,0.17516959031180246,0,dev
2023100109,1789,4,0.8245614035087719,0.7931646253231097,1,dev
2023100109,1900,4,0.9092841956059532,0.9125152806451516,1,dev
2023100109,1947,4,0.9092841956059532,0.8992944708670574,1,dev
2023100109,1979,4,0.21666666666666667,0.24440907380952445,0,dev
2023100109,2042,4,0.840531561461794,0.8412891182964448,1,dev
2023100109,2188,4,0.13,0.19706941585162063,0,dev
2023100109,2211,4,0.9088785046728972,0.8909956364588547,1,dev
2023100109,2248,4,0.77728285077951,0.7832293604703416,1,dev
2023100109,2439,4,0.8851674641148325,0.8861146003382743,1,dev
2023100109,2526,4,0.9222585924713584,0.9355671923429779,1,dev
2023100109,2607,4,0.8757396449704142,0.880053926089844,1,dev
2023100109,2717,4,0.8288288288288288,0.8092376379522126,1,dev
2023100109,2822,4,0.5,0.5190010280453926,1,dev
2023100109,2883,4,0.8348348348348347,0.8202867275335721,1,dev
2023100109,2908,4,0.8627204030226701,0.8550924460141921,1,dev
2023100109,2933,4,0.9222585924713584,0.9286345136939356,1,dev
2023100109,2958,4,0.8288288288288288,0.8092407988176556,1,dev
2023100109,3161,4,0.3534675615212528,0.35568421596678435,0,dev
2023100109,3287,4,0.8851674641148325,0.8852026795977762,1,dev
2023100109,3321,4,0.004310344827586207,0.02545071467631222,0,dev
2023100109,3363,4,0.9092841956059532,0.9108721222472813,1,dev
2023100109,3417,4,0.753968253968254,0.707183949259059,1,dev
2023100109,3518,4,0.9092841956059532,0.9168650487809556,1,dev
2023100109,3543,4,0.9222585924713584,0.9301162798978438,1,dev
2023100109,3568,4,0.95,0.9559883368120353,1,dev
2023100109,3621,4,0.8851674641148325,0.8841630403081635,1,dev
2023100109,3742,4,0.8627204030226701,0.8542951780853959,1,dev
2023100110,107,4,0.0,0.008984077143884522,0,dev
2023100110,526,4,0.9395248380129589,0.9464672478555471,1,dev
2023100110,556,4,0.004310344827586207,0.026222647619018182,0,dev
2023100110,599,4,0.9222585924713584,0.9350298090635084,1,dev
2023100110,653,4,0.9092841956059532,0.9130348034141322,1,dev
2023100110,963,4,0.8288288288288288,0.8115877897538842,1,dev
2023100110,1008,4,0.9092841956059532,0.8998617011975953,1,dev
2023100110,1082,4,0.9395248380129589,0.9365624544178245,1,dev
2023100110,1129,4,0.9088785046728972,0.8876461356548978,1,dev
2023100110,1184,4,0.9222585924713584,0.9337458930726088,1,dev
2023100110,1209,4,0.15942028985507245,0.2232428692613099,0,dev
2023100110,1252,4,0.25874125874125875,0.2761750468552114,0,dev
2023100110,1325,4,0.45,0.4881097419309705,0,dev
2023100110,1623,4,0.9135802469135802,0.9205375029539454,1,dev
2023100110,1752,4,0.9092841956059532,0.9098735393193281,1,dev
2023100110,1922,4,0.004310344827586207,0.015912065725728633,0,dev
2023100110,1945,4,0.25874125874125875,0.27448300062748177,0,dev
2023100110,2045,4,0.6571428571428571,0.6404708515256217,0,dev
2023100110,2087,4,0.8348348348348347,0.8368259443907179,1,dev
2023100110,2148,4,0.9222585924713584,0.9342660942506624,1,dev
2023100110,2173,4,0.6589147286821706,0.6519654456131903,0,dev
2023100110,2317,4,0.9222585924713584,0.9308378175453274,1,dev
2023100110,2435,4,0.41818181818181815,0.44280970412696175,0,dev
2023100110,2458,4,0.07894736842105263,0.11932594526320003,0,dev
2023100110,2550,4,0.9222585924713584,0.9312817384115323,1,dev
2023100110,2575,4,0.9395248380129589,0.9405913175807544,0,dev
2023100110,2642,4,0.9092841956059532,0.9063040172502325,1,dev
2023100110,2747,4,0.9222585924713584,0.9253779993179576,1,dev
2023100110,2979,4,0.4155844155844156,0.43118827499740325,0,dev
2023100110,3067,4,0.9092841956059532,0.9081153613790213,1,dev
2023100110,3122,4,0.3534675615212528,0.3650655527698942,0,dev
2023100110,3150,4,0.9395248380129589,0.9389134470626141,1,dev
2023100110,3369,4,0.5533707865168538,0.5686287572994247,1,dev
2023100110,3582,4,0.8681318681318682,0.8782903309685602,1,dev
2023100110,3607,4,0.9092841956059532,0.9117663282758061,0,dev
2023100110,3642,4,0.9092841956059532,0.9088069099737702,1,dev
2023100110,3667,4,0.3534675615212528,0.366979128250049,0,dev
2023100110,3690,4,0.77728285077951,0.7298587409670235,1,dev
2023100110,3720,4,0.9222585924713584,0.9223074666682731,1,dev
2023100110,3750,4,0.9395248380129589,0.9439165286656702,1,dev
2023100110,3803,4,0.5,0.5096206851223145,1,dev
2023100110,3911,4,0.9092841956059532,0.9107628236547897,1,dev
2023100110,3936,4,0.21666666666666667,0.2470045538227718,0,dev
2023100110,4017,4,0.840531561461794,0.8428019017836224,1,dev
2023100110,4042,4,0.3861788617886179,0.42239962435925965,0,dev
2023100110,4088,4,0.22727272727272727,0.2565910863798334,0,dev
2023100110,4111,4,0.77728285077951,0.7797553722254816,1,dev
2023100110,4243,4,0.8288288288288288,0.7975703025916812,1,dev
2023100111,55,4,0.9743589743589743,0.9637290927132242,1,dev
2023100111,80,4,0.9395248380129589,0.9360445476433812,1,dev
2023100111,110,4,0.9135802469135802,0.9189334362375747,1,dev
2023100111,157,4,0.44370860927152306,0.47447560621458523,0,dev
2023100111,180,4,0.9395248380129589,0.9384063493303852,1,dev
2023100111,205,4,0.77728285077951,0.7315859319292275,0,dev
2023100111,228,4,0.3534675615212528,0.3290818968387092,1,dev
2023100111,318,4,0.8348348348348347,0.8267569366020135,1,dev
2023100111,365,4,0.9092841956059532,0.8993864904625499,1,dev
2023100111,390,4,0.8348348348348347,0.8277152877283646,1,dev
2023100111,582,4,0.7197452229299363,0.6922016432321986,1,dev
2023100111,629,4,0.840531561461794,0.8418700281206715,1,dev
2023100111,676,4,0.9395248380129589,0.9450809578089389,1,dev
2023100111,723,4,0.8627204030226701,0.8705057987472795,1,dev
2023100111,770,4,0.840531561461794,0.8414819291491981,1,dev
2023100111,881,4,0.3465346534653465,0.29434510838054284,1,dev
2023100111,948,4,0.8288288288288288,0.8120339598548674,0,dev
2023100111,1007,4,0.8348348348348347,0.8268716445413746,1,dev
2023100111,1086,4,0.8757396449704142,0.8822349717558569,1,dev
2023100111,1294,4,0.95,0.9545612119808496,1,dev
2023100111,1341,4,0.4155844155844156,0.4362664731163855,0,dev
2023100111,1422,4,0.6589147286821706,0.6569239544704629,1,dev
2023100111,1447,4,0.9222585924713584,0.9231977047001452,1,dev
2023100111,1543,4,0.9092841956059532,0.9178526043054775,1,dev
2023100111,1613,4,0.77728285077951,0.7858254520771413,1,dev
2023100111,1681,4,0.9395248380129589,0.9375678401188073,0,dev
2023100111,1737,4,0.6589147286821706,0.6647164338704269,1,dev
2023100111,1811,4,0.3534675615212528,0.3800143636797979,1,dev
2023100111,1955,4,0.9222585924713584,0.9332175510016778,0,dev
2023100111,1982,4,0.11059907834101383,0.13862489231739314,0,dev
2023100111,2025,4,0.6589147286821706,0.6596156215413911,1,dev
2023100111,2050,4,0.8348348348348347,0.8379630143278797,1,dev
2023100111,2252,4,0.3534675615212528,0.3467271927065928,1,dev
2023100111,2395,4,0.5533707865168538,0.531441175342613,0,dev
2023100111,2436,4,0.9395248380129589,0.9401278482077426,1,dev
2023100111,2483,4,0.9222585924713584,0.9347666803164202,1,dev
2023100111,2512,4,0.21666666666666667,0.2532772124797919,0,dev
2023100111,2535,4,0.3861788617886179,0.4198227196231033,1,dev
2023100111,2592,4,0.44370860927152306,0.47280305825926994,1,dev
2023100111,2680,4,0.77728285077951,0.753066829532729,1,dev
2023100111,2727,4,0.25874125874125875,0.26343412342986344,0,dev
2023100111,2791,4,0.8348348348348347,0.822644152739736,1,dev
2023100111,2903,4,0.21666666666666667,0.2298473429255805,0,dev
2023100111,2986,4,0.8348348348348347,0.8260727881614417,1,dev
2023100111,3055,4,0.3465346534653465,0.3055901082457597,0,dev
2023100111,3089,4,0.3534675615212528,0.37205799446889404,0,dev
2023100111,3207,4,0.5,0.5201527627241426,1,dev
2023100111,3331,4,0.9395248380129589,0.9382786001966374,1,dev
2023100111,3378,4,0.753968253968254,0.710452920467366,0,dev
2023100111,3540,4,0.8627204030226701,0.8642847472137629,1,dev
2023100111,3658,4,0.77728285077951,0.7881080194013977,1,dev
2023100111,3683,4,0.3534675615212528,0.36015044176725697,0,dev
2023100111,3706,4,0.5533707865168538,0.5376812084769942,1,dev
2023100111,3859,4,0.8627204030226701,0.862388867209971,1,dev
2023100111,3906,4,0.7583333333333333,0.7247916590856834,1,dev
2023100112,55,4,0.8627204030226701,0.8639284079992718,1,dev
2023100112,102,4,0.11059907834101383,0.1355819301715994,0,dev
2023100112,307,4,0.77728285077951,0.7503206061632812,1,dev
2023100112,332,4,0.9395248380129589,0.9434291998193856,1,dev
2023100112,357,4,0.9222585924713584,0.9313283060760119,1,dev
2023100112,471,4,0.8627204030226701,0.8629761131082146,0,dev
2023100112,610,4,0.840531561461794,0.8459092165906004,1,dev
2023100112,667,4,0.9092841956059532,0.9138124613833354,1,dev
2023100112,692,4,0.9222585924713584,0.9218937249355689,1,dev
2023100112,804,4,0.9222585924713584,0.9248938152795909,1,dev
2023100112,895,4,0.77728285077951,0.7360951377205726,1,dev
2023100112,940,4,0.6571428571428571,0.640207180597514,1,dev
2023100112,1183,4,0.11059907834101383,0.14494597662899347,0,dev
2023100112,1253,4,0.004310344827586207,0.03298558477995554,0,dev
2023100112,1351,4,0.77728285077951,0.7751756061962962,1,dev
2023100112,1376,4,0.8627204030226701,0.8721985857799432,1,dev
2023100112,1432,4,0.0,0.01271627878924645,0,dev
2023100112,1498,4,0.8851674641148325,0.8845840576044031,1,dev
2023100112,1523,4,0.3534675615212528,0.38254926309413345,1,dev
2023100112,1548,4,0.9092841956059532,0.9110020047322315,1,dev
2023100112,1595,4,0.41818181818181815,0.45007673777120044,1,dev
2023100112,1734,4,0.21666666666666667,0.24790492218235421,0,dev
2023100112,1838,4,0.6571428571428571,0.6186769802443678,0,dev
2023100112,1890,4,0.9222585924713584,0.9263991454642652,1,dev
2023100112,1915,4,0.8627204030226701,0.8717183931620937,1,dev
2023100112,1940,4,0.07894736842105263,0.11481759053728587,0,dev
2023100112,1977,4,0.3534675615212528,0.32043568656494703,1,dev
2023100112,2006,4,0.25874125874125875,0.27857881654892674,1,dev
2023100112,2160,4,0.9088785046728972,0.8873813627496366,1,dev
2023100112,2207,4,0.8288288288288288,0.8032253337833598,1,dev
2023100112,2237,4,0.3534675615212528,0.324750135248897,1,dev
2023100112,2304,4,0.07894736842105263,0.10082039408752588,0,dev
2023100112,2383,4,0.6571428571428571,0.6403822126408848,1,dev
2023100112,2539,4,0.8757396449704142,0.8795677781428345,1,dev
2023100112,2591,4,0.9088785046728972,0.8943192252145082,1,dev
2023100112,2648,4,0.753968253968254,0.7084953724144755,1,dev
2023100112,2709,4,0.77728285077951,0.7455762600640674,1,dev
2023100112,2803,4,0.8627204030226701,0.8732881298845068,1,dev
2023100112,2828,4,0.840531561461794,0.8505455679346761,1,dev
2023100112,2878,4,0.77728285077951,0.7684021007668761,1,dev
2023100112,3012,4,0.753968253968254,0.7074433733092734,1,dev
2023100112,3060,4,0.5533707865168538,0.5528750882555152,1,dev
2023100112,3091,4,0.44370860927152306,0.4661709686330614,1,dev
2023100112,3119,4,0.9092841956059532,0.9108469808797399,1,dev
2023100112,3439,4,0.41818181818181815,0.4539773749817109,1,dev
2023100112,3522,4,0.77728285077951,0.7854206480587693,1,dev
2023100112,3741,4,0.95,0.9561877607025872,1,dev
2023100112,3766,4,0.5533707865168538,0.5206055259295501,1,dev
2023100112,3791,4,0.9395248380129589,0.9362160412897828,1,dev
2023100112,3816,4,0.9222585924713584,0.9260688949124809,0,dev
2023100112,3839,4,0.9222585924713584,0.9248297938363368,1,dev
2023100112,3864,4,0.8757396449704142,0.8824367185892689,1,dev
2023100112,3889,4,0.9135802469135802,0.9205137490013923,1,dev
2023100112,3914,4,0.9092841956059532,0.9184070271667938,1,dev
2023100112,3950,4,0.9135802469135802,0.9192419862785529,1,dev
2023100112,3980,4,0.6589147286821706,0.6606993064755587,0,dev
2023100112,4010,4,0.13,0.1976386874665062,0,dev
2023100113,110,4,0.9092841956059532,0.9129170639977489,1,dev
2023100113,135,4,0.9092841956059532,0.9078077859049344,1,dev
2023100113,209,4,0.6571428571428571,0.6139306731099261,0,dev
2023100113,298,4,0.6571428571428571,0.6426907147911581,1,dev
2023100113,323,4,0.77728285077951,0.7332543991762933,0,dev
2023100113,377,4,0.3534675615212528,0.32093456410778726,0,dev
2023100113,580,4,0.9092841956059532,0.9004509056559457,1,dev
2023100113,627,4,0.8627204030226701,0.8544698339459965,0,dev
2023100113,724,4,0.9092841956059532,0.9119342613522776,1,dev
2023100113,819,4,0.6571428571428571,0.6399232807094303,1,dev
2023100113,905,4,0.9092841956059532,0.916832221133503,1,dev
2023100113,930,4,0.8288288288288288,0.8110072537906451,1,dev
2023100113,975,4,0.9395248380129589,0.9486768109024529,1,dev
2023100113,1020,4,0.8851674641148325,0.88481767055487,1,dev
2023100113,1078,4,0.9092841956059532,0.9051029358830337,0,dev
2023100113,1211,4,0.6571428571428571,0.6290123015638397,1,dev
2023100113,1236,4,0.77728285077951,0.7515554417292054,1,dev
2023100113,1261,4,0.9222585924713584,0.9310427416167013,1,dev
2023100113,1316,4,0.9092841956059532,0.902044563719383,0,dev
2023100113,1476,4,0.11059907834101383,0.12618901755063813,0,dev
2023100113,1521,4,0.5533707865168538,0.5468442905472546,1,dev
2023100113,1618,4,0.7583333333333333,0.7155676095174438,1,dev
2023100113,1682,4,0.753968253968254,0.70897948139747,1,dev
2023100113,1751,4,0.07894736842105263,0.11830301833641992,0,dev
2023100113,1796,4,0.6571428571428571,0.6399613646684021,1,dev
2023100113,1843,4,0.9222585924713584,0.92715517910673,0,dev
2023100113,2000,4,0.9222585924713584,0.9351742623494461,1,dev
2023100113,2025,4,0.8245614035087719,0.7953922577553681,1,dev
2023100113,2077,4,0.9395248380129589,0.9400358292452085,1,dev
2023100113,2102,4,0.8245614035087719,0.796200261684856,0,dev
2023100113,2239,4,0.03296703296703297,0.06836239836937652,0,dev
2023100113,2332,4,0.6571428571428571,0.5796429847294708,1,dev
2023100113,2357,4,0.9092841956059532,0.9003662675953032,1,dev
2023100113,2451,4,0.77728285077951,0.7634900813708261,1,dev
2023100113,2476,4,0.3861788617886179,0.40395978661283816,1,dev
2023100113,2580,4,0.5533707865168538,0.5670893339718566,0,dev
2023100113,2689,4,0.9088785046728972,0.8936803459488639,1,dev
2023100113,2957,4,0.005952380952380952,0.04049959871142843,0,dev
2023100113,2980,4,0.4375,0.46296746540594363,0,dev
2023100113,3023,4,0.77728285077951,0.7805487832802435,1,dev
2023100113,3082,4,0.77728285077951,0.7717903355902543,1,dev
2023100113,3112,4,0.8757396449704142,0.8822897345652343,1,dev
2023100113,3137,4,0.8851674641148325,0.8860410878254814,1,dev
2023100113,3167,4,0.9395248380129589,0.9440949541156054,1,dev
2023100113,3298,4,0.9395248380129589,0.9396271392836363,1,dev
2023100113,3402,4,0.5,0.5081371329453866,1,dev
2023100113,3497,4,0.753968253968254,0.7106209619578745,1,dev
2023100113,3522,4,0.7583333333333333,0.715432759319824,1,dev
2023100113,3547,4,0.9222585924713584,0.9278016183736963,1,dev
2023100113,3911,4,0.9135802469135802,0.9204730510175231,1,dev
2023100200,101,4,0.9092841956059532,0.9162417892632736,1,dev
2023100200,148,4,0.9222585924713584,0.9331268034234032,1,dev
2023100200,195,4,0.9222585924713584,0.9226032028140048,1,dev
2023100200,376,4,0.9222585924713584,0.9297439441540497,1,dev
2023100200,492,4,0.9395248380129589,0.9392962329835101,1,dev
2023100200,537,4,0.45,0.48645365294096454,0,dev
2023100200,578,4,0.9395248380129589,0.9507521676558959,1,dev
2023100200,709,4,0.9395248380129589,0.9367144406198996,1,dev
2023100200,779,4,0.9222585924713584,0.9246599570092258,1,dev
2023100200,809,4,0.3465346534653465,0.29872073083149314,0,dev
2023100200,976,4,0.15942028985507245,0.20981914483011863,1,dev
2023100200,1113,4,0.6571428571428571,0.590350154337076,1,dev
2023100200,1236,4,0.5533707865168538,0.5611671407890942,1,dev
2023100200,1439,4,0.9395248380129589,0.9410649937156709,1,dev
2023100200,1527,4,0.9395248380129589,0.9387546908211132,1,dev
2023100200,1584,4,0.5533707865168538,0.5551708119818987,1,dev
2023100200,1609,4,0.9222585924713584,0.9290004982787207,1,dev
2023100200,1668,4,0.9222585924713584,0.9267167818357396,1,dev
2023100200,1693,4,0.9395248380129589,0.9388212592867513,1,dev
2023100200,1769,4,0.11059907834101383,0.17970760087769014,0,dev
2023100200,1818,4,0.9395248380129589,0.9440064391392516,1,dev
2023100200,1848,4,0.5,0.4982639196815554,0,dev
2023100200,1878,4,0.15942028985507245,0.22727310767391093,0,dev
2023100200,1901,4,0.9088785046728972,0.8899559491503238,1,dev
2023100200,2029,4,0.9395248380129589,0.9461340803314515,1,dev
2023100200,2054,4,0.5,0.5101231142442733,0,dev
2023100200,2436,4,0.9222585924713584,0.9217669942541058,1,dev
2023100200,2461,4,0.8627204030226701,0.8683794337513354,1,dev
2023100200,2568,4,0.77728285077951,0.7589900375913338,1,dev
2023100200,2615,4,0.3534675615212528,0.36969688646794335,0,dev
2023100200,2649,4,0.9222585924713584,0.9351587472234554,1,dev
2023100200,2946,4,0.9222585924713584,0.9241609784245057,1,dev
2023100200,3020,4,0.8348348348348347,0.8209822094528976,1,dev
2023100200,3211,4,0.6571428571428571,0.6006166408235166,1,dev
2023100200,3236,4,0.77728285077951,0.7892221148647925,1,dev
2023100200,3331,4,0.8627204030226701,0.8691355642645153,1,dev
2023100200,3423,4,0.9395248380129589,0.9402022591026523,1,dev
2023100200,3499,4,0.9092841956059532,0.8999205090623074,1,dev
2023100200,3536,4,0.005952380952380952,0.04553123122736127,0,dev
2023100200,3568,4,0.77728285077951,0.7740860900701954,0,dev
2023100200,3685,4,0.9395248380129589,0.9363525584520054,1,dev
2023100200,3950,4,0.9222585924713584,0.9355264278958697,1,dev
2023100200,4017,4,0.9092841956059532,0.9119154447651272,1,dev
2023100500,56,5,0.325,0.28532279180515063,0,dev
2023100500,101,5,0.9088785046728972,0.8956270901991216,1,dev
2023100500,180,5,0.77728285077951,0.7715604843069718,1,dev
2023100500,266,5,0.9222585924713584,0.931916055899095,1,dev
2023100500,381,5,0.3861788617886179,0.40158980935599153,1,dev
2023100500,406,5,0.8348348348348347,0.8280468141630442,0,dev
2023100500,476,5,0.9092841956059532,0.9067542522469622,1,dev
2023100500,592,5,0.8627204030226701,0.8558453466196282,1,dev
2023100500,818,5,0.9222585924713584,0.9216827891279182,1,dev
2023100500,964,5,0.25874125874125875,0.2607698573073386,1,dev
2023100500,1064,5,0.9222585924713584,0.9235830993167773,1,dev
2023100500,1089,5,0.9395248380129589,0.9457261633980363,1,dev
2023100500,1119,5,0.8288288288288288,0.8117769794086889,1,dev
2023100500,1171,5,0.9395248380129589,0.9414241289183316,1,dev
2023100500,1201,5,0.9222585924713584,0.9310504086423398,1,dev
2023100500,1226,5,0.5,0.5059882573316725,0,dev
2023100500,1421,5,0.8627204030226701,0.8650262053930337,1,dev
2023100500,1535,5,0.8348348348348347,0.8354362099598904,0,dev
2023100500,1631,5,0.8288288288288288,0.8046902779472507,1,dev
2023100500,1656,5,0.5533707865168538,0.5573980209452799,0,dev
2023100500,1872,5,0.6571428571428571,0.6340344722665386,1,dev
2023100500,1963,5,0.95,0.9578657246193387,1,dev
2023100500,1993,5,0.95,0.9558473594760867,1,dev
2023100500,2131,5,0.9092841956059532,0.9094283064892312,1,dev
2023100500,2156,5,0.8851674641148325,0.8862291827384075,1,dev
2023100500,2186,5,0.9743589743589743,0.9646597534313757,1,dev
2023100500,2255,5,0.3465346534653465,0.2958286388487308,1,dev
2023100500,2400,5,0.8348348348348347,0.815821471652006,1,dev
2023100500,2425,5,0.9395248380129589,0.9453091967462479,0,dev
2023100500,2501,5,0.77728285077951,0.779078089952416,1,dev
2023100500,2531,5,0.3861788617886179,0.4160299827188409,1,dev
2023100500,2693,5,0.77728285077951,0.7801225619790132,1,dev
2023100500,2730,5,0.5533707865168538,0.5507987430937521,1,dev
2023100500,2755,5,0.8348348348348347,0.8277543412739429,1,dev
2023100500,2800,5,0.9092841956059532,0.9117234584207868,1,dev
2023100500,2964,5,0.5,0.5042675972878379,1,dev
2023100500,3075,5,0.41818181818181815,0.4430876531327848,0,dev
2023100500,3163,5,0.6571428571428571,0.582715625652193,1,dev
2023100500,3199,5,0.3465346534653465,0.301374900375792,1,dev
2023100500,3224,5,0.6571428571428571,0.6156667349743076,0,dev
2023100500,3247,5,0.5,0.5017516173991561,1,dev
2023100500,3302,5,0.25874125874125875,0.28190442959799905,0,dev
2023100500,3325,5,0.3534675615212528,0.34583911114009286,1,dev
2023100500,3350,5,0.3534675615212528,0.36417270700213267,1,dev
2023100500,3375,5,0.13,0.19777829682790438,0,dev
2023100500,3398,5,0.77728285077951,0.789679824295643,0,dev
2023100500,3421,5,0.3534675615212528,0.31418416179608355,1,dev
2023100500,3532,5,0.3534675615212528,0.34608830816011255,0,dev
2023100500,3575,5,0.9092841956059532,0.9000721237226172,0,dev
2023100500,3605,5,0.7197452229299363,0.6983850407093022,1,dev
2023100500,3672,5,0.9092841956059532,0.9127040947536659,1,dev
2023100500,3697,5,0.3861788617886179,0.4005827315588374,0,dev
2023100500,3745,5,0.15942028985507245,0.22033784227024708,1,dev
2023100500,3770,5,0.3534675615212528,0.365105873207038,0,dev
2023100500,3793,5,0.9222585924713584,0.9246621938469816,1,dev
2023100500,3827,5,0.9088785046728972,0.8892051530331906,0,dev
2023100500,3918,5,0.4155844155844156,0.435037510332576,1,dev
2023100500,4002,5,0.840531561461794,0.8415489444709674,1,dev
2023100500,4047,5,0.9088785046728972,0.8937328804870259,1,dev
2023100500,4195,5,0.9395248380129589,0.938490768322082,1,dev
2023100500,4220,5,0.9395248380129589,0.9418222071549803,1,dev
2023100500,4268,5,0.9395248380129589,0.9358697014786561,1,dev
2023100500,4293,5,0.9222585924713584,0.9298981435946327,1,dev
2023100500,4318,5,0.9395248380129589,0.9481970219944962,1,dev
2023100800,62,5,0.9222585924713584,0.9218726438306543,1,dev
2023100800,220,5,0.9092841956059532,0.9165088481082004,1,dev
2023100800,245,5,0.8851674641148325,0.8856998157299957,0,dev
2023100800,317,5,0.9092841956059532,0.8987350986379736,1,dev
2023100800,657,5,0.8627204030226701,0.8708490238153525,1,dev
2023100800,682,5,0.9222585924713584,0.9353787903691566,1,dev
2023100800,783,5,0.8681318681318682,0.8760030660878797,1,dev
2023100800,835,5,0.8627204030226701,0.8612383001812186,1,dev
2023100800,860,5,0.3534675615212528,0.3669739905569208,0,dev
2023100800,883,5,0.8681318681318682,0.8771818219789034,1,dev
2023100800,1006,5,0.9092841956059532,0.9035721282304217,1,dev
2023100800,1053,5,0.9092841956059532,0.9036514028657564,1,dev
2023100800,1120,5,0.6571428571428571,0.5958441267766019,0,dev
2023100800,1186,5,0.9395248380129589,0.9487270054682989,1,dev
2023100800,1238,5,0.8348348348348347,0.8280847268960998,1,dev
2023100800,1393,5,0.3534675615212528,0.38502964856049177,0,dev
2023100800,1418,5,0.6571428571428571,0.6210167066204338,0,dev
2023100800,1479,5,0.8627204030226701,0.8525545553425297,1,dev
2023100800,1516,5,0.840531561461794,0.8435171800240587,1,dev
2023100800,1563,5,0.9395248380129589,0.9454250032228266,1,dev
2023100800,1676,5,0.753968253968254,0.708108416402518,0,dev
2023100800,1699,5,0.9222585924713584,0.9324452745295987,1,dev
2023100800,1744,5,0.5,0.4893324880955192,0,dev
2023100800,1796,5,0.5533707865168538,0.5480046681823235,1,dev
2023100800,1821,5,0.8681318681318682,0.877865484709499,1,dev
2023100800,1933,5,0.5,0.5182251931531302,1,dev
2023100800,1990,5,0.9092841956059532,0.9066522931105094,1,dev
2023100800,2020,5,0.6571428571428571,0.6006449177917178,1,dev
2023100800,2077,5,0.8627204030226701,0.8627894892374632,1,dev
2023100800,2102,5,0.9092841956059532,0.9129288471664957,1,dev
2023100800,2132,5,0.77728285077951,0.7733110888429923,1,dev
2023100800,2157,5,0.8288288288288288,0.8067946974497255,1,dev
2023100800,2199,5,0.9092841956059532,0.9180544250579221,1,dev
2023100800,2342,5,0.9395248380129589,0.9384792460720264,1,dev
2023100800,2389,5,0.77728285077951,0.7639643850402166,0,dev
2023100800,2782,5,0.9395248380129589,0.9428860673586691,1,dev
2023100800,2812,5,0.77728285077951,0.7736954128954492,0,dev
2023100800,2835,5,0.77728285077951,0.7447775450841295,0,dev
2023100800,2934,5,0.8627204030226701,0.8647839829759105,1,dev
2023100800,2981,5,0.004310344827586207,0.023184710014849064,0,dev
2023100800,3004,5,0.8757396449704142,0.8799423873293417,1,dev
2023100800,3066,5,0.9222585924713584,0.9212578607638677,1,dev
2023100800,3098,5,0.9395248380129589,0.9417165054235639,1,dev
2023100800,3123,5,0.5,0.5124784943440126,1,dev
2023100800,3234,5,0.8348348348348347,0.8320126598452826,1,dev
2023100800,3359,5,0.9092841956059532,0.9173800250766906,1,dev
2023100800,3443,5,0.3465346534653465,0.30687142251111194,0,dev
2023100800,3504,5,0.8851674641148325,0.8843077076884956,1,dev
2023100800,3604,5,0.77728285077951,0.7405130800839685,1,dev
2023100800,3708,5,0.7197452229299363,0.6962149980510925,0,dev
2023100800,3917,5,0.6589147286821706,0.6763999548332218,1,dev
2023100800,3975,5,0.9222585924713584,0.9256644881951478,1,dev
2023100800,4000,5,0.77728285077951,0.7911312703214587,1,dev
2023100800,4030,5,0.8851674641148325,0.8846703162924477,1,dev
2023100800,4055,5,0.8348348348348347,0.8199908854185225,1,dev
2023100800,4113,5,0.9092841956059532,0.9105464621050547,1,dev
2023100800,4174,5,0.0,0.01157944889072049,0,dev
2023100800,4235,5,0.6571428571428571,0.5854028928406912,1,dev
2023100800,4350,5,0.8288288288288288,0.7978397195327176,1,dev
2023100800,4478,5,0.3861788617886179,0.42132299560013636,1,dev
2023100800,4503,5,0.5,0.4985965237141139,1,dev
2023100800,4731,5,0.6571428571428571,0.6098269182653833,1,dev
2023100801,128,5,0.004310344827586207,0.014760456856833751,0,dev
2023100801,199,5,0.8627204030226701,0.8582777497332154,1,dev
2023100801,224,5,0.9395248380129589,0.9373295222661004,1,dev
2023100801,341,5,0.9135802469135802,0.9190459168067893,1,dev
2023100801,391,5,0.9222585924713584,0.9292599044367713,1,dev
2023100801,460,5,0.8348348348348347,0.8392630282940121,1,dev
2023100801,590,5,0.8627204030226701,0.8583498237791989,1,dev
2023100801,615,5,0.9222585924713584,0.932869356082653,0,dev
2023100801,674,5,0.22727272727272727,0.2560853890283856,1,dev
2023100801,779,5,0.13,0.20017819011936908,0,dev
2023100801,868,5,0.77728285077951,0.7834721220266252,1,dev
2023100801,915,5,0.77728285077951,0.741501926172008,1,dev
2023100801,982,5,0.07894736842105263,0.12274653347058245,0,dev
2023100801,1005,5,0.6589147286821706,0.6520852298978294,1,dev
2023100801,1119,5,0.8681318681318682,0.8785439412307133,1,dev
2023100801,1148,5,0.4375,0.4616434838404898,0,dev
2023100801,1191,5,0.77728285077951,0.7393684059327678,1,dev
2023100801,1245,5,0.9092841956059532,0.9097812666621531,0,dev
2023100801,1268,5,0.21666666666666667,0.2484922167895854,0,dev
2023100801,1311,5,0.77728285077951,0.7527597096220442,1,dev
2023100801,1365,5,0.77728285077951,0.7547951762249082,1,dev
2023100801,1467,5,0.8681318681318682,0.8758693732175086,0,dev
2023100801,1521,5,0.11059907834101383,0.14797321859171944,0,dev
2023100801,1591,5,0.6589147286821706,0.6680318744225925,0,dev
2023100801,1614,5,0.8627204030226701,0.8705024296317405,1,dev
2023100801,1680,5,0.9395248380129589,0.9425274277127255,1,dev
2023100801,1782,5,0.8288288288288288,0.8049510228849105,1,dev
2023100801,1831,5,0.41818181818181815,0.4423610312383779,0,dev
2023100801,1876,5,0.9222585924713584,0.9277097071396748,1,dev
2023100801,1967,5,0.9222585924713584,0.9299175786846338,1,dev
2023100801,1999,5,0.5533707865168538,0.5498534148480632,1,dev
2023100801,2058,5,0.77728285077951,0.7620943711897752,0,dev
2023100801,2081,5,0.3861788617886179,0.4036006321903419,0,dev
2023100801,2104,5,0.8851674641148325,0.8832184891385313,1,dev
2023100801,2132,5,0.9088785046728972,0.8951903763827277,1,dev
2023100801,2171,5,0.9088785046728972,0.887254277217277,1,dev
2023100801,2346,5,0.6571428571428571,0.5955021360499282,1,dev
2023100801,2393,5,0.77728285077951,0.7759312522526293,1,dev
2023100801,2418,5,0.9088785046728972,0.890242877247397,1,dev
2023100801,2493,5,0.25874125874125875,0.27199072729223067,0,dev
2023100801,2675,5,0.77728285077951,0.7389111790572404,0,dev
2023100801,2741,5,0.8851674641148325,0.8857453906962703,1,dev
2023100801,2793,5,0.8348348348348347,0.8323044759629896,1,dev
2023100801,2917,5,0.9395248380129589,0.9362514053315479,1,dev
2023100801,2942,5,0.8627204030226701,0.861689791613038,1,dev
2023100801,3107,5,0.41818181818181815,0.4563910582675326,1,dev
2023100801,3190,5,0.9135802469135802,0.9192918253774209,1,dev
2023100801,3358,5,0.9092841956059532,0.9015217422769738,1,dev
2023100801,3481,5,0.77728285077951,0.743520955182984,0,dev
2023100801,3586,5,0.6589147286821706,0.6706470480939013,1,dev
2023100801,3667,5,0.9135802469135802,0.9198430789849653,1,dev
2023100801,3692,5,0.41818181818181815,0.4503411978277173,1,dev
2023100801,3739,5,0.8627204030226701,0.8711964386133259,0,dev
2023100801,3774,5,0.0,0.00810358267339453,0,dev
2023100801,3889,5,0.6571428571428571,0.6039499680427242,1,dev
2023100801,4012,5,0.753968253968254,0.7063873947066924,1,dev
2023100801,4088,5,0.3534675615212528,0.3296847359587676,1,dev
2023100801,4145,5,0.9743589743589743,0.9599121673965063,1,dev
2023100801,4175,5,0.8851674641148325,0.8858583602623996,1,dev
2023100801,4222,5,0.840531561461794,0.849829835953247,1,dev
2023100801,4252,5,0.9222585924713584,0.9242761165787413,1,dev
2023100801,4277,5,0.9222585924713584,0.9267642719095319,1,dev
2023100802,56,5,0.9088785046728972,0.8923241686072734,1,dev
2023100802,152,5,0.8348348348348347,0.820609283740495,1,dev
2023100802,361,5,0.8627204030226701,0.8605111992875175,1,dev
2023100802,393,5,0.9088785046728972,0.8880401122079481,1,dev
2023100802,535,5,0.840531561461794,0.8479977350079604,1,dev
2023100802,653,5,0.8348348348348347,0.8324428717676611,1,dev
2023100802,700,5,0.3333333333333333,0.2931255914471895,1,dev
2023100802,789,5,0.9092841956059532,0.9094026343545482,1,dev
2023100802,829,5,0.9222585924713584,0.9354073120257322,1,dev
2023100802,854,5,0.9222585924713584,0.9338077345519932,1,dev
2023100802,901,5,0.9222585924713584,0.9325186222978348,1,dev
2023100802,1052,5,0.8627204030226701,0.8653827485083689,1,dev
2023100802,1148,5,0.3861788617886179,0.39213100988625116,0,dev
2023100802,1193,5,0.7197452229299363,0.6949368747218819,1,dev
2023100802,1264,5,0.8681318681318682,0.8776801716273807,1,dev
2023100802,1311,5,0.6571428571428571,0.5851019294607005,0,dev
2023100802,1334,5,0.9088785046728972,0.8904269107075636,1,dev
2023100802,1370,5,0.8627204030226701,0.8549903908062538,0,dev
2023100802,1393,5,0.8627204030226701,0.8638479244732808,1,dev
2023100802,1418,5,0.6589147286821706,0.6691527897253916,0,dev
2023100802,1441,5,0.8627204030226701,0.8694732297421222,0,dev
2023100802,1729,5,0.8627204030226701,0.8598646902701398,1,dev
2023100802,1820,5,0.8757396449704142,0.8801948152305087,1,dev
2023100802,1884,5,0.9222585924713584,0.9293209661020846,1,dev
2023100802,1931,5,0.9222585924713584,0.9286938988374347,1,dev
2023100802,1956,5,0.8627204030226701,0.8516942083924223,1,dev
2023100802,2051,5,0.004310344827586207,0.02151418121271114,0,dev
2023100802,2074,5,0.3534675615212528,0.32402578691332157,0,dev
2023100802,2283,5,0.8627204030226701,0.8705117464064007,1,dev
2023100802,2308,5,0.9222585924713584,0.9324553137112224,1,dev
2023100802,2355,5,0.5,0.48947062084830417,0,dev
2023100802,2557,5,0.9092841956059532,0.9087783531865304,1,dev
2023100802,2644,5,0.8757396449704142,0.879409554160886,1,dev
2023100802,2743,5,0.8288288288288288,0.804818621382523,0,dev
2023100802,2921,5,0.6571428571428571,0.579126980047389,1,dev
2023100802,3001,5,0.9092841956059532,0.9107674309420629,1,dev
2023100802,3033,5,0.8681318681318682,0.8778204078140496,1,dev
2023100802,3103,5,0.77728285077951,0.7656771498373715,1,dev
2023100802,3270,5,0.6589147286821706,0.6763021628337308,1,dev
2023100802,3322,5,0.25874125874125875,0.2623028727937777,1,dev
2023100802,3380,5,0.8681318681318682,0.8766224623236383,1,dev
2023100802,3444,5,0.7583333333333333,0.7176801494286821,1,dev
2023100802,3530,5,0.7197452229299363,0.6841580330266824,1,dev
2023100802,3769,5,0.9092841956059532,0.8978039489411818,1,dev
2023100802,3816,5,0.8627204030226701,0.8593599261712387,1,dev
2023100802,3841,5,0.7197452229299363,0.6947572396661448,1,dev
2023100802,3866,5,0.8627204030226701,0.86014271598489,1,dev
2023100802,3891,5,0.8348348348348347,0.8210439715348697,0,dev
2023100802,4044,5,0.9092841956059532,0.915549840541332,1,dev
2023100802,4069,5,0.77728285077951,0.7623099061109726,1,dev
2023100803,84,5,0.9092841956059532,0.9146063880706221,1,dev
2023100803,109,5,0.9395248380129589,0.9415115974752563,1,dev
2023100803,134,5,0.004310344827586207,0.03295517882473763,0,dev
2023100803,157,5,0.0,0.012088051314837686,0,dev
2023100803,180,5,0.9395248380129589,0.9438311674432265,1,dev
2023100803,255,5,0.9088785046728972,0.8927397257179673,1,dev
2023100803,314,5,0.9092841956059532,0.9079296383835607,1,dev
2023100803,339,5,0.004310344827586207,0.01795388631462502,0,dev
2023100803,442,5,0.9092841956059532,0.9053885619220863,1,dev
2023100803,489,5,0.77728285077951,0.7451643918560656,1,dev
2023100803,558,5,0.8348348348348347,0.8276125649594571,1,dev
2023100803,606,5,0.8681318681318682,0.8750689437021233,1,dev
2023100803,631,5,0.77728285077951,0.7462725584389178,0,dev
2023100803,730,5,0.8681318681318682,0.878276757385251,1,dev
2023100803,925,5,0.03296703296703297,0.06839448176426269,0,dev
2023100803,974,5,0.9092841956059532,0.9089416873511259,1,dev
2023100803,1028,5,0.8627204030226701,0.8566154496686914,1,dev
2023100803,1135,5,0.5,0.508616308455577,1,dev
2023100803,1395,5,0.9222585924713584,0.9306564197582,0,dev
2023100803,1418,5,0.9395248380129589,0.9423043745900143,1,dev
2023100803,1476,5,0.9092841956059532,0.9010686504995058,1,dev
2023100803,1528,5,0.6589147286821706,0.6775849717821272,0,dev
2023100803,1655,5,0.8851674641148325,0.8849354870783384,1,dev
2023100803,1702,5,0.5,0.495529614225506,0,dev
2023100803,1725,5,0.3534675615212528,0.3322752977731927,1,dev
2023100803,1750,5,0.9088785046728972,0.887985234062522,1,dev
2023100803,1884,5,0.9222585924713584,0.9244546059905807,0,dev
2023100803,2011,5,0.6589147286821706,0.6471011109842737,1,dev
2023100803,2036,5,0.5533707865168538,0.5275372894479926,1,dev
2023100803,2144,5,0.77728285077951,0.7374915088020633,1,dev
2023100803,2421,5,0.77728285077951,0.7698467453623914,1,dev
2023100803,2504,5,0.9092841956059532,0.9049697154718876,1,dev
2023100803,2551,5,0.9135802469135802,0.9191726901912268,1,dev
2023100803,2644,5,0.3534675615212528,0.33836024406174303,0,dev
2023100803,2735,5,0.9092841956059532,0.9086471594179699,1,dev
2023100803,2898,5,0.9222585924713584,0.9254661740580683,1,dev
2023100803,2923,5,0.6571428571428571,0.6080619538645746,1,dev
2023100803,3029,5,0.77728285077951,0.7595888164350634,1,dev
2023100803,3098,5,0.3534675615212528,0.3180244933221321,1,dev
2023100803,3145,5,0.9092841956059532,0.9094382444511964,1,dev
2023100803,3192,5,0.8851674641148325,0.8849285358769905,1,dev
2023100803,3276,5,0.9092841956059532,0.903932354886705,1,dev
2023100803,3301,5,0.9092841956059532,0.9063148666602692,1,dev
2023100803,3494,5,0.77728285077951,0.7682698865567823,1,dev
2023100803,3700,5,0.0,0.01163644440868279,0,dev
2023100803,3723,5,0.9092841956059532,0.9016552160770946,1,dev
2023100803,3776,5,0.77728285077951,0.7917067724529494,1,dev
2023100804,79,5,0.9222585924713584,0.9347710268933646,1,dev
2023100804,148,5,0.9092841956059532,0.9183452093976349,1,dev
2023100804,272,5,0.9092841956059532,0.912722012422527,1,dev
2023100804,366,5,0.15942028985507245,0.2198550930655295,0,dev
2023100804,389,5,0.3861788617886179,0.42399744391271793,1,dev
2023100804,513,5,0.8627204030226701,0.8599532340231675,1,dev
2023100804,695,5,0.8348348348348347,0.8220375185481038,1,dev
2023100804,851,5,0.9092841956059532,0.9001899337263776,1,dev
2023100804,946,5,0.77728285077951,0.7888258686047026,1,dev
2023100804,1100,5,0.8851674641148325,0.8847367873651735,1,dev
2023100804,1209,5,0.3534675615212528,0.35919010932588413,0,dev
2023100804,1232,5,0.8348348348348347,0.8224755570550386,1,dev
2023100804,1393,5,0.8757396449704142,0.8812056618153087,1,dev
2023100804,1488,5,0.9088785046728972,0.8879878213810162,1,dev
2023100804,1513,5,0.3534675615212528,0.3672959432857068,0,dev
2023100804,1725,5,0.41818181818181815,0.4380877785197637,0,dev
2023100804,1828,5,0.9222585924713584,0.9332370534690065,1,dev
2023100804,1857,5,0.8348348348348347,0.8315886860036688,1,dev
2023100804,1914,5,0.6571428571428571,0.5905639595619911,1,dev
2023100804,1939,5,0.8627204030226701,0.8666512480254235,1,dev
2023100804,2119,5,0.44370860927152306,0.47235241782579357,0,dev
2023100804,2142,5,0.9092841956059532,0.9182949113146098,1,dev
2023100804,2167,5,0.25874125874125875,0.2779786690297196,1,dev
2023100804,2271,5,0.77728285077951,0.7779004776573376,1,dev
2023100804,2296,5,0.8348348348348347,0.8307586163146963,1,dev
2023100804,2430,5,0.8627204030226701,0.8608362749249538,0,dev
2023100804,2560,5,0.8757396449704142,0.8799453639348909,1,dev
2023100804,2689,5,0.8348348348348347,0.8318805852734402,1,dev
2023100804,2986,5,0.9395248380129589,0.9410732318438123,1,dev
2023100804,3128,5,0.6589147286821706,0.6633048743837933,0,dev
2023100804,3205,5,0.8348348348348347,0.83776480661438,1,dev
2023100804,3309,5,0.8627204030226701,0.8627907642736633,1,dev
2023100804,3337,5,0.41818181818181815,0.4549709714830625,0,dev
2023100804,3467,5,0.9092841956059532,0.9043931451931417,1,dev
2023100804,3492,5,0.8348348348348347,0.8348187372272324,1,dev
2023100804,3578,5,0.77728285077951,0.7845457800210137,1,dev
2023100804,3603,5,0.9222585924713584,0.9296906617106174,1,dev
2023100804,3677,5,0.8348348348348347,0.8163366130534602,1,dev
2023100804,3702,5,0.5,0.5045760117032148,1,dev
2023100804,3727,5,0.8627204030226701,0.8619412901096194,0,dev
2023100804,3825,5,0.5,0.5022608207211822,1,dev
2023100804,3850,5,0.77728285077951,0.737135650434356,1,dev
2023100804,4007,5,0.840531561461794,0.8470116310972613,1,dev
2023100805,84,5,0.8627204030226701,0.8549701670104437,1,dev
2023100805,109,5,0.77728285077951,0.759887928693071,1,dev
2023100805,180,5,0.8348348348348347,0.816248903090919,0,dev
2023100805,247,5,0.5533707865168538,0.5767087655170331,0,dev
2023100805,377,5,0.005952380952380952,0.045460984689090274,0,dev
2023100805,400,5,0.005952380952380952,0.05426719479923971,0,dev
2023100805,471,5,0.9395248380129589,0.9462017763575822,1,dev
2023100805,525,5,0.9395248380129589,0.9441422208312964,0,dev
2023100805,600,5,0.44370860927152306,0.47761968254469805,0,dev
2023100805,748,5,0.6571428571428571,0.6283234075632318,1,dev
2023100805,901,5,0.8288288288288288,0.8077149189872982,1,dev
2023100805,997,5,0.77728285077951,0.7844170947804532,1,dev
2023100805,1052,5,0.840531561461794,0.8421516908353754,1,dev
2023100805,1099,5,0.8681318681318682,0.8789779158168515,1,dev
2023100805,1266,5,0.77728285077951,0.7739909567439853,0,dev
2023100805,1311,5,0.5,0.5090277037301371,0,dev
2023100805,1353,5,0.9395248380129589,0.9456503088196487,1,dev
2023100805,1476,5,0.8288288288288288,0.8076722539772583,1,dev
2023100805,1584,5,0.8288288288288288,0.80868241034356,1,dev
2023100805,1721,5,0.13,0.20697352334314628,0,dev
2023100805,1845,5,0.9088785046728972,0.8967763089300013,1,dev
2023100805,1948,5,0.6589147286821706,0.6607391967574315,1,dev
2023100805,2053,5,0.9088785046728972,0.8937893635252027,1,dev
2023100805,2095,5,0.8851674641148325,0.8843638534219509,1,dev
2023100805,2226,5,0.8348348348348347,0.8183021173580407,1,dev
2023100805,2379,5,0.7197452229299363,0.6965912211324383,1,dev
2023100805,2452,5,0.9088785046728972,0.8945867822853528,1,dev
2023100805,2586,5,0.9135802469135802,0.9201708768845961,1,dev
2023100805,2633,5,0.753968253968254,0.7067838393563718,1,dev
2023100805,2735,5,0.9092841956059532,0.9005991664884779,1,dev
2023100805,2836,5,0.3861788617886179,0.41828408273292017,1,dev
2023100805,2864,5,0.77728285077951,0.7802496483813407,0,dev
2023100805,3057,5,0.6571428571428571,0.6185081444972215,1,dev
2023100805,3179,5,0.07894736842105263,0.12266697887040995,0,dev
2023100805,3271,5,0.9395248380129589,0.943253563630459,1,dev
2023100805,3338,5,0.9395248380129589,0.9451873075956561,1,dev
2023100805,3510,5,0.07894736842105263,0.12283354234432141,0,dev
2023100805,3646,5,0.840531561461794,0.8474378369031642,1,dev
2023100805,3691,5,0.7583333333333333,0.7166243665206641,1,dev
2023100805,3749,5,0.9743589743589743,0.958135906048239,1,dev
2023100805,3774,5,0.13,0.19703474031651616,0,dev
2023100805,3863,5,0.6589147286821706,0.6564193945208727,0,dev
2023100805,3974,5,0.11059907834101383,0.18138648952702544,0,dev
2023100805,4019,5,0.9222585924713584,0.9300767915405227,1,dev
2023100805,4226,5,0.004310344827586207,0.023596480049831687,0,dev
2023100805,4271,5,0.8348348348348347,0.8277524314644621,0,dev
2023100805,4313,5,0.13,0.1890612691323608,0,dev
2023100806,54,5,0.77728285077951,0.7401597414333045,1,dev
2023100806,133,5,0.6589147286821706,0.6831999543503182,0,dev
2023100806,156,5,0.15942028985507245,0.21805721965486075,0,dev
2023100806,179,5,0.8348348348348347,0.8378355343525887,0,dev
2023100806,273,5,0.8348348348348347,0.8342552406696787,1,dev
2023100806,425,5,0.9088785046728972,0.8938652604061763,1,dev
2023100806,450,5,0.7583333333333333,0.7162919067071589,1,dev
2023100806,655,5,0.3534675615212528,0.38090937736933844,0,dev
2023100806,713,5,0.9395248380129589,0.9436227019656402,1,dev
2023100806,745,5,0.9222585924713584,0.9244609742831309,1,dev
2023100806,814,5,0.8288288288288288,0.8132248756885909,1,dev
2023100806,930,5,0.8627204030226701,0.8684868173489326,1,dev
2023100806,960,5,0.6571428571428571,0.5992796616088795,1,dev
2023100806,1036,5,0.41818181818181815,0.45083311368945017,0,dev
2023100806,1059,5,0.8288288288288288,0.8068236818365534,0,dev
2023100806,1143,5,0.25874125874125875,0.27115750232360886,0,dev
2023100806,1166,5,0.3861788617886179,0.40840102480710966,1,dev
2023100806,1203,5,0.9222585924713584,0.9277728204024277,1,dev
2023100806,1255,5,0.07894736842105263,0.08963961764002268,0,dev
2023100806,1300,5,0.8288288288288288,0.8016039385640016,1,dev
2023100806,1348,5,0.9092841956059532,0.9091198699984114,1,dev
2023100806,1464,5,0.840531561461794,0.8463323890828292,1,dev
2023100806,1582,5,0.5,0.5120523591361757,1,dev
2023100806,1629,5,0.15942028985507245,0.2131615989232975,0,dev
2023100806,1743,5,0.9222585924713584,0.9209895955159632,1,dev
2023100806,1768,5,0.6571428571428571,0.6157727990311587,0,dev
2023100806,1813,5,0.7727272727272727,0.7291377564829701,1,dev
2023100806,1892,5,0.77728285077951,0.7333811496070392,1,dev
2023100806,1924,5,0.15942028985507245,0.21225875164154973,0,dev
2023100806,1977,5,0.8348348348348347,0.8268153251887606,1,dev
2023100806,2009,5,0.004310344827586207,0.03352434011391812,0,dev
2023100806,2112,5,0.8348348348348347,0.8250389117349742,1,dev
2023100806,2208,5,0.8627204030226701,0.873359222089203,1,dev
2023100806,2238,5,0.77728285077951,0.7870659182261104,0,dev
2023100806,2324,5,0.77728285077951,0.7469208983989313,1,dev
2023100806,2431,5,0.8245614035087719,0.7940937857319057,1,dev
2023100806,2503,5,0.3465346534653465,0.3097951758707136,0,dev
2023100806,2551,5,0.8348348348348347,0.8238338804721752,1,dev
2023100806,2718,5,0.11059907834101383,0.17592231983478449,0,dev
2023100806,2831,5,0.8288288288288288,0.8109293698946024,1,dev
2023100806,2887,5,0.44370860927152306,0.47690326501144753,1,dev
2023100806,3198,5,0.9222585924713584,0.932066229347919,1,dev
2023100806,3254,5,0.9092841956059532,0.9175676607171954,1,dev
2023100806,3356,5,0.3861788617886179,0.4181117030332565,0,dev
2023100806,3379,5,0.03296703296703297,0.07345116230295468,0,dev
2023100806,3445,5,0.3534675615212528,0.36579786528039787,0,dev
2023100806,3468,5,0.9088785046728972,0.8878424441973953,1,dev
2023100806,3672,5,0.8348348348348347,0.8299827556146696,0,dev
2023100806,3707,5,0.9135802469135802,0.9198176840922077,1,dev
2023100806,3732,5,0.11059907834101383,0.16051724355757135,0,dev
2023100806,3755,5,0.95,0.9554901295891621,1,dev
2023100806,3780,5,0.4375,0.46117624963130843,1,dev
2023100806,3844,5,0.5533707865168538,0.5574168912907967,1,dev
2023100806,3899,5,0.8348348348348347,0.8404978383610912,1,dev
2023100806,4088,5,0.9222585924713584,0.9282032569042411,0,dev
2023100806,4149,5,0.9222585924713584,0.9312422828461022,1,dev
2023100806,4174,5,0.3861788617886179,0.4082512274710273,0,dev
2023100807,97,5,0.41818181818181815,0.44356871792099717,0,dev
2023100807,162,5,0.9222585924713584,0.9335950193103891,1,dev
2023100807,187,5,0.9395248380129589,0.9519424100263101,1,dev
2023100807,234,5,0.8348348348348347,0.8230913012837823,1,dev
2023100807,286,5,0.9092841956059532,0.8984848248444463,1,dev
2023100807,380,5,0.8851674641148325,0.885822508213993,1,dev
2023100807,405,5,0.8288288288288288,0.8079207025266735,1,dev
2023100807,491,5,0.11059907834101383,0.14487900358906308,0,dev
2023100807,594,5,0.9222585924713584,0.9323331943931656,1,dev
2023100807,644,5,0.9222585924713584,0.9303612451955636,1,dev
2023100807,674,5,0.3861788617886179,0.4239178695343464,0,dev
2023100807,709,5,0.5533707865168538,0.531785934469451,1,dev
2023100807,810,5,0.9222585924713584,0.9231102308908066,1,dev
2023100807,904,5,0.9222585924713584,0.926705267660645,1,dev
2023100807,956,5,0.9395248380129589,0.9363133751593022,1,dev
2023100807,1026,5,0.8348348348348347,0.8160052417552803,1,dev
2023100807,1197,5,0.005952380952380952,0.048859394635132045,0,dev
2023100807,1249,5,0.9222585924713584,0.9295622964697452,1,dev
2023100807,1296,5,0.9088785046728972,0.8951031002199212,1,dev
2023100807,1382,5,0.8851674641148325,0.8837787342521051,0,dev
2023100807,1459,5,0.753968253968254,0.7153107184046952,0,dev
2023100807,1561,5,0.9395248380129589,0.9410578382063534,1,dev
2023100807,1640,5,0.8288288288288288,0.7981705286074592,1,dev
2023100807,1665,5,0.8627204030226701,0.858769145339145,1,dev
2023100807,1690,5,0.9395248380129589,0.9447952391872122,1,dev
2023100807,1715,5,0.21666666666666667,0.2323858304134364,1,dev
2023100807,2044,5,0.15942028985507245,0.2113123755737608,0,dev
2023100807,2100,5,0.9092841956059532,0.9118676571978291,1,dev
2023100807,2125,5,0.07894736842105263,0.12036685534865137,0,dev
2023100807,2165,5,0.9092841956059532,0.9170081509324087,1,dev
2023100807,2309,5,0.9395248380129589,0.9382152413478412,1,dev
2023100807,2356,5,0.8348348348348347,0.8220252385013109,1,dev
2023100807,2442,5,0.9088785046728972,0.8872854504312271,1,dev
2023100807,2536,5,0.8348348348348347,0.8229222301736671,1,dev
2023100807,2588,5,0.9092841956059532,0.902610930357452,1,dev
2023100807,2723,5,0.95,0.9549350269676845,1,dev
2023100807,2748,5,0.8627204030226701,0.8739690579587919,1,dev
2023100807,2847,5,0.44370860927152306,0.47313444713207853,1,dev
2023100807,2882,5,0.9092841956059532,0.9102359462337809,0,dev
2023100807,3008,5,0.9222585924713584,0.9217703208138279,1,dev
2023100807,3272,5,0.8348348348348347,0.8313206108965046,1,dev
2023100807,3344,5,0.8348348348348347,0.8331363321836108,1,dev
2023100807,3412,5,0.9395248380129589,0.9399964788346472,1,dev
2023100807,3437,5,0.3534675615212528,0.36380351141580775,1,dev
2023100807,3845,5,0.8348348348348347,0.814523425269478,1,dev
2023100807,3875,5,0.8627204030226701,0.8623529231011801,1,dev
2023100807,3959,5,0.95,0.9557467193677134,1,dev
2023100807,4033,5,0.9088785046728972,0.8885921435891881,0,dev
2023100807,4056,5,0.3861788617886179,0.4019316578610931,1,dev
2023100807,4081,5,0.9743589743589743,0.9628585302840302,1,dev
2023100807,4129,5,0.25874125874125875,0.27801683180987463,0,dev
2023100807,4152,5,0.41818181818181815,0.4401891299036389,0,dev
2023100807,4175,5,0.6571428571428571,0.6289585726735711,0,dev
2023100807,4264,5,0.9395248380129589,0.9397255005783949,1,dev
2023100808,80,5,0.9395248380129589,0.9361173382650682,1,dev
2023100808,157,5,0.7197452229299363,0.6903996759922184,1,dev
2023100808,182,5,0.9395248380129589,0.938490448167429,1,dev
2023100808,328,5,0.8627204030226701,0.8605404730233323,1,dev
2023100808,392,5,0.41818181818181815,0.45244636550071643,0,dev
2023100808,415,5,0.21666666666666667,0.24078253004146988,1,dev
2023100808,440,5,0.9222585924713584,0.9245708239691597,1,dev
2023100808,465,5,0.8348348348348347,0.824746796497184,1,dev
2023100808,490,5,0.07894736842105263,0.12281627384632551,0,dev
2023100808,546,5,0.8627204030226701,0.8528274136805237,1,dev
2023100808,620,5,0.15942028985507245,0.22294603358084358,0,dev
2023100808,643,5,0.8348348348348347,0.8206973597924623,1,dev
2023100808,715,5,0.5,0.503831026256808,1,dev
2023100808,801,5,0.8348348348348347,0.8182036443768954,1,dev
2023100808,826,5,0.9222585924713584,0.9258840746140347,1,dev
2023100808,893,5,0.13,0.18953876584160165,0,dev
2023100808,938,5,0.3465346534653465,0.3029305802977868,0,dev
2023100808,984,5,0.6571428571428571,0.6210037035984032,0,dev
2023100808,1125,5,0.004310344827586207,0.03412242765620984,0,dev
2023100808,1148,5,0.77728285077951,0.7867355469941606,0,dev
2023100808,1229,5,0.9092841956059532,0.90084826125658,0,dev
2023100808,1252,5,0.9092841956059532,0.9097849651717137,1,dev
2023100808,1304,5,0.8627204030226701,0.867191670661311,1,dev
2023100808,1354,5,0.7197452229299363,0.6942335242404856,1,dev
2023100808,1401,5,0.8348348348348347,0.8281280514133255,1,dev
2023100808,1652,5,0.6571428571428571,0.6214300143896389,1,dev
2023100808,1741,5,0.3534675615212528,0.3223768579105299,1,dev
2023100808,1867,5,0.7197452229299363,0.6913520426769784,1,dev
2023100808,2079,5,0.15942028985507245,0.22320157396306586,0,dev
2023100808,2138,5,0.8348348348348347,0.8140633605591444,1,dev
2023100808,2303,5,0.9092841956059532,0.9032626267574477,1,dev
2023100808,2333,5,0.9092841956059532,0.9153898534777678,1,dev
2023100808,2370,5,0.8627204030226701,0.8595907555306349,1,dev
2023100808,2417,5,0.41818181818181815,0.45995290141858125,1,dev
2023100808,2499,5,0.840531561461794,0.843090898363773,1,dev
2023100808,2542,5,0.3534675615212528,0.34261996538749845,0,dev
2023100808,2805,5,0.840531561461794,0.8473595264865994,1,dev
2023100808,2919,5,0.8348348348348347,0.8352507495937945,0,dev
2023100808,2942,5,0.8627204030226701,0.8594847789499456,1,dev
2023100808,3015,5,0.9092841956059532,0.9058992110437236,1,dev
2023100808,3107,5,0.3534675615212528,0.31624457330699174,0,dev
2023100808,3173,5,0.8348348348348347,0.8341687677764948,1,dev
2023100808,3242,5,0.8288288288288288,0.8043717505404416,0,dev
2023100808,3265,5,0.8627204030226701,0.8565681534166734,1,dev
2023100808,3290,5,0.13,0.1846777282278015,0,dev
2023100808,3368,5,0.8681318681318682,0.8785149311723542,1,dev
2023100808,3425,5,0.9092841956059532,0.9101677879156841,1,dev
2023100808,3652,5,0.8348348348348347,0.8236083799938886,0,dev
2023100808,3687,5,0.8627204030226701,0.8737593784321386,1,dev
2023100808,3712,5,0.005952380952380952,0.05845800182914442,0,dev
2023100808,4040,5,0.004310344827586207,0.024199093419052034,0,dev
2023100808,4063,5,0.03296703296703297,0.06878817158187019,0,dev
2023100808,4108,5,0.77728285077951,0.7493772458379239,1,dev
2023100808,4133,5,0.35714285714285715,0.38690958391579855,1,dev
2023100809,97,5,0.9395248380129589,0.9470260352943375,1,dev
2023100809,168,5,0.77728285077951,0.7625777829909672,1,dev
2023100809,262,5,0.11059907834101383,0.13679731272226786,0,dev
2023100809,328,5,0.9222585924713584,0.9346638899035252,1,dev
2023100809,353,5,0.9092841956059532,0.9052582528954598,1,dev
2023100809,660,5,0.9222585924713584,0.9352862381024092,1,dev
2023100809,709,5,0.9092841956059532,0.9030960955321921,1,dev
2023100809,884,5,0.6571428571428571,0.6425522238279563,0,dev
2023100809,994,5,0.11059907834101383,0.13907092498846904,0,dev
2023100809,1398,5,0.005952380952380952,0.04280032852663039,0,dev
2023100809,1554,5,0.9395248380129589,0.936484709802934,1,dev
2023100809,1584,5,0.07894736842105263,0.11813636839647353,0,dev
2023100809,1629,5,0.8627204030226701,0.8657763412936561,1,dev
2023100809,1681,5,0.9395248380129589,0.9360807602036522,1,dev
2023100809,1817,5,0.8851674641148325,0.8836326359058481,1,dev
2023100809,1842,5,0.77728285077951,0.7676284910827557,1,dev
2023100809,1895,5,0.6571428571428571,0.5970998905501249,1,dev
2023100809,1920,5,0.9092841956059532,0.9073312617150777,1,dev
2023100809,1999,5,0.77728285077951,0.7855102325614652,1,dev
2023100809,2036,5,0.9092841956059532,0.9014903535170953,1,dev
2023100809,2119,5,0.5533707865168538,0.5689431730443126,0,dev
2023100809,2344,5,0.25874125874125875,0.2684819794078814,0,dev
2023100809,2460,5,0.8348348348348347,0.8375344330751565,1,dev
2023100809,2529,5,0.9222585924713584,0.930768713114326,1,dev
2023100809,2840,5,0.8348348348348347,0.832424656053324,1,dev
2023100809,3128,5,0.5533707865168538,0.5365416888153318,1,dev
2023100809,3216,5,0.8348348348348347,0.8170691357436286,1,dev
2023100809,3324,5,0.8245614035087719,0.7954718262259769,1,dev
2023100809,3517,5,0.8348348348348347,0.8356392888194268,1,dev
2023100809,3580,5,0.8288288288288288,0.805845101421131,1,dev
2023100809,3627,5,0.9222585924713584,0.9264743142545727,1,dev
2023100809,3764,5,0.9395248380129589,0.9396262525935394,1,dev
2023100809,3874,5,0.9092841956059532,0.905830772361859,1,dev
2023100809,3904,5,0.77728285077951,0.7409323685032225,1,dev
2023100809,3929,5,0.9222585924713584,0.9229261473543795,1,dev
2023100809,3981,5,0.77728285077951,0.7453663483445984,1,dev
2023100809,4095,5,0.753968253968254,0.7091478480079596,1,dev
2023100809,4120,5,0.004310344827586207,0.02944190336368967,0,dev
2023100809,4157,5,0.8288288288288288,0.8036245740960741,1,dev
2023100810,55,5,0.8348348348348347,0.8291648076142183,1,dev
2023100810,165,5,0.9395248380129589,0.9447965555125521,1,dev
2023100810,190,5,0.77728285077951,0.7645060854923877,1,dev
2023100810,215,5,0.6571428571428571,0.6067405678858913,0,dev
2023100810,238,5,0.44370860927152306,0.4659959038724312,1,dev
2023100810,411,5,0.4155844155844156,0.4280603481199682,1,dev
2023100810,467,5,0.6571428571428571,0.6458454422305943,1,dev
2023100810,539,5,0.6589147286821706,0.6684706565790297,0,dev
2023100810,575,5,0.8851674641148325,0.8834195977545531,1,dev
2023100810,678,5,0.8348348348348347,0.8263233207131581,0,dev
2023100810,791,5,0.9222585924713584,0.9234504240803973,1,dev
2023100810,846,5,0.753968253968254,0.7077365637222042,1,dev
2023100810,985,5,0.9222585924713584,0.9277253266499461,1,dev
2023100810,1076,5,0.8627204030226701,0.8572060073913085,1,dev
2023100810,1192,5,0.8851674641148325,0.8838455166420063,1,dev
2023100810,1343,5,0.77728285077951,0.772669981702482,1,dev
2023100810,1368,5,0.77728285077951,0.7412917743040014,0,dev
2023100810,1434,5,0.9395248380129589,0.9516730380145692,0,dev
2023100810,1479,5,0.5,0.513187117643787,0,dev
2023100810,1584,5,0.8627204030226701,0.8685018617569165,1,dev
2023100810,1637,5,0.8348348348348347,0.8375736116217318,0,dev
2023100810,1753,5,0.9092841956059532,0.9170444300816055,1,dev
2023100810,1817,5,0.753968253968254,0.7084918844535391,1,dev
2023100810,1890,5,0.77728285077951,0.7375452294082214,1,dev
2023100810,1915,5,0.9395248380129589,0.9465156712417979,1,dev
2023100810,1962,5,0.5533707865168538,0.5450087563103555,0,dev
2023100810,2049,5,0.9092841956059532,0.9108458544716355,1,dev
2023100810,2151,5,0.9222585924713584,0.9206814809650937,1,dev
2023100810,2294,5,0.3465346534653465,0.2982839358999703,1,dev
2023100810,2351,5,0.8627204030226701,0.8736949481329858,1,dev
2023100810,2376,5,0.9395248380129589,0.9389641385160395,1,dev
2023100810,2423,5,0.9222585924713584,0.9274574936219763,1,dev
2023100810,2453,5,0.3534675615212528,0.3308198555238175,0,dev
2023100810,2476,5,0.6589147286821706,0.6793184174805903,0,dev
2023100810,2499,5,0.25874125874125875,0.27093537647247007,1,dev
2023100810,2563,5,0.6571428571428571,0.6089495099218563,0,dev
2023100810,2608,5,0.5,0.4899134362425095,0,dev
2023100810,2707,5,0.8288288288288288,0.7979269038362165,0,dev
2023100810,2730,5,0.3534675615212528,0.3418817312721409,1,dev
2023100810,2822,5,0.9088785046728972,0.8909741294332346,1,dev
2023100810,2940,5,0.9222585924713584,0.9257015189277619,1,dev
2023100810,2995,5,0.8348348348348347,0.8307718394476088,1,dev
2023100810,3042,5,0.9222585924713584,0.9348704820747165,1,dev
2023100810,3121,5,0.9395248380129589,0.9369969614727324,1,dev
2023100810,3146,5,0.6589147286821706,0.6553400337566452,1,dev
2023100810,3171,5,0.77728285077951,0.7924426863296609,1,dev
2023100810,3283,5,0.7583333333333333,0.7251835655025181,1,dev
2023100810,3330,5,0.3534675615212528,0.38539471709427003,0,dev
2023100810,3353,5,0.8348348348348347,0.8231935116006319,1,dev
2023100810,3378,5,0.25874125874125875,0.27515568667625423,0,dev
2023100810,3401,5,0.6571428571428571,0.6239312556625051,1,dev
2023100810,3524,5,0.9395248380129589,0.9469673415140173,1,dev
2023100810,3707,5,0.7583333333333333,0.7258766889064667,0,dev
2023100810,3733,5,0.77728285077951,0.7666392689124871,1,dev
2023100810,3758,5,0.6571428571428571,0.6279632477322307,1,dev
2023100810,3783,5,0.9088785046728972,0.8893388364863666,1,dev
2023100810,3830,5,0.9092841956059532,0.9090068007062715,1,dev
2023100810,3855,5,0.9395248380129589,0.9392130827235953,1,dev
2023100810,4075,5,0.9743589743589743,0.9605011738812679,1,dev
2023100810,4133,5,0.6571428571428571,0.5952486169551099,0,dev
2023100810,4156,5,0.840531561461794,0.8435459837640381,1,dev
2023100810,4181,5,0.41818181818181815,0.4393103365647233,0,dev
2023100810,4204,5,0.8627204030226701,0.8650435176757808,1,dev
2023100810,4252,5,0.9088785046728972,0.8939392555857516,1,dev
2023100811,88,5,0.9092841956059532,0.9128853998732384,1,dev
2023100811,135,5,0.9395248380129589,0.9376353234028523,1,dev
2023100811,211,5,0.9222585924713584,0.928997465081142,1,dev
2023100811,263,5,0.8851674641148325,0.8840277721908679,1,dev
2023100811,360,5,0.8627204030226701,0.8650545045310964,0,dev
2023100811,383,5,0.005952380952380952,0.048850266506115986,0,dev
2023100811,533,5,0.9395248380129589,0.9512852302888838,1,dev
2023100811,570,5,0.8627204030226701,0.8712283305966894,1,dev
2023100811,839,5,0.8627204030226701,0.8665978510528838,1,dev
2023100811,898,5,0.41818181818181815,0.44998619401085566,0,dev
2023100811,921,5,0.77728285077951,0.790059721249776,0,dev
2023100811,1168,5,0.21666666666666667,0.2496748323167528,0,dev
2023100811,1191,5,0.9222585924713584,0.9257230182175678,1,dev
2023100811,1267,5,0.5,0.5015204796841941,1,dev
2023100811,1439,5,0.77728285077951,0.7927443124920229,1,dev
2023100811,1469,5,0.8348348348348347,0.8385857365192823,1,dev
2023100811,1530,5,0.8851674641148325,0.885785000460216,1,dev
2023100811,1561,5,0.9092841956059532,0.9027370887546166,0,dev
2023100811,1596,5,0.9088785046728972,0.8945568433078821,1,dev
2023100811,1621,5,0.3534675615212528,0.38241258869812483,1,dev
2023100811,1685,5,0.9088785046728972,0.8882323082732948,1,dev
2023100811,1880,5,0.7197452229299363,0.6849758935254383,1,dev
2023100811,1993,5,0.9092841956059532,0.912906865080731,1,dev
2023100811,2018,5,0.9092841956059532,0.9140498564211078,0,dev
2023100811,2041,5,0.9092841956059532,0.9094250342379295,1,dev
2023100811,2155,5,0.44370860927152306,0.46632366941473485,0,dev
2023100811,2352,5,0.840531561461794,0.8413516553578483,1,dev
2023100811,2399,5,0.8348348348348347,0.835986023094909,1,dev
2023100811,2513,5,0.77728285077951,0.7854635242917639,1,dev
2023100811,2626,5,0.8348348348348347,0.8240202635400394,1,dev
2023100811,2651,5,0.8245614035087719,0.7959823101658194,1,dev
2023100811,2698,5,0.9088785046728972,0.8897844591400782,1,dev
2023100811,2769,5,0.7197452229299363,0.6925690908637879,1,dev
2023100811,2894,5,0.11059907834101383,0.12449539081463176,0,dev
2023100811,2917,5,0.9135802469135802,0.9204282145307782,1,dev
2023100811,2942,5,0.9092841956059532,0.908345401747212,1,dev
2023100811,3122,5,0.9092841956059532,0.9072887493160109,1,dev
2023100811,3190,5,0.11059907834101383,0.15818138760295827,0,dev
2023100811,3576,5,0.9222585924713584,0.9319190514220632,1,dev
2023100811,3628,5,0.9743589743589743,0.9591048067090234,1,dev
2023100900,181,5,0.9088785046728972,0.8916520694750539,1,dev
2023100900,228,5,0.004310344827586207,0.02271295611539576,0,dev
2023100900,295,5,0.9395248380129589,0.9369170390155882,1,dev
2023100900,349,5,0.9092841956059532,0.9039648392581662,1,dev
2023100900,403,5,0.9222585924713584,0.9292394291788462,1,dev
2023100900,551,5,0.840531561461794,0.8456092040036369,1,dev
2023100900,710,5,0.753968253968254,0.7042622202391449,1,dev
2023100900,803,5,0.11059907834101383,0.17014854776847724,0,dev
2023100900,886,5,0.8348348348348347,0.8246853278779586,1,dev
2023100900,933,5,0.9092841956059532,0.9064562112606566,1,dev
2023100900,1207,5,0.8348348348348347,0.8277292332951297,1,dev
2023100900,1366,5,0.9092841956059532,0.9072794441501877,1,dev
2023100900,1487,5,0.8681318681318682,0.8777931381722314,1,dev
2023100900,1600,5,0.3861788617886179,0.41648186217501376,0,dev
2023100900,1630,5,0.9088785046728972,0.8913531117864913,1,dev
2023100900,1710,5,0.8245614035087719,0.7951028326330581,0,dev
2023100900,1740,5,0.8851674641148325,0.8837831705029453,1,dev
2023100900,1765,5,0.3534675615212528,0.3517721382543346,1,dev
2023100900,1797,5,0.41818181818181815,0.44758381795096414,1,dev
2023100900,1968,5,0.9222585924713584,0.9325113707718353,1,dev
2023100900,1993,5,0.9092841956059532,0.898700971836207,1,dev
2023100900,2305,5,0.9092841956059532,0.9101033280626601,0,dev
2023100900,2328,5,0.9222585924713584,0.9340955189090256,1,dev
2023100900,2399,5,0.9092841956059532,0.9069904473779589,1,dev
2023100900,2656,5,0.8288288288288288,0.8032317450970751,0,dev
2023100900,2681,5,0.8288288288288288,0.8052548097862773,1,dev
2023100900,2753,5,0.3534675615212528,0.3300199002929463,1,dev
2023100900,2892,5,0.005952380952380952,0.05632899961721805,0,dev
2023100900,2915,5,0.8851674641148325,0.8837429555326074,1,dev
2023100900,2962,5,0.8627204030226701,0.8639707046285547,1,dev
2023100900,3031,5,0.8348348348348347,0.838431802644062,1,dev
2023100900,3103,5,0.9092841956059532,0.9117150016623694,1,dev
2023100900,3330,5,0.5533707865168538,0.5660644065897718,0,dev
2023100900,3400,5,0.9092841956059532,0.9180481944530459,1,dev
2023100900,3498,5,0.9395248380129589,0.9496410994242052,1,dev
2023100900,3605,5,0.9092841956059532,0.9045423992029693,1,dev
2023100900,3630,5,0.9395248380129589,0.9454062325935216,1,dev
2023100900,3685,5,0.005952380952380952,0.042783760355757754,0,dev
2023100900,3730,5,0.8348348348348347,0.8140493232880874,0,dev
2023100900,3753,5,0.9092841956059532,0.8981617755411092,0,dev
2023101200,100,6,0.6571428571428571,0.5883117405098623,1,dev
2023101200,218,6,0.9092841956059532,0.9128584606047064,1,dev
2023101200,332,6,0.8851674641148325,0.8863895393985758,1,dev
2023101200,362,6,0.8851674641148325,0.8827977652221842,1,dev
2023101200,414,6,0.21666666666666667,0.24405568709990888,0,dev
2023101200,437,6,0.840531561461794,0.8457114532085335,1,dev
2023101200,589,6,0.7583333333333333,0.7180979551305762,1,dev
2023101200,659,6,0.8627204030226701,0.8603321437787148,1,dev
2023101200,990,6,0.9092841956059532,0.9158958110299593,1,dev
2023101200,1071,6,0.8348348348348347,0.825266666978941,1,dev
2023101200,1096,6,0.8681318681318682,0.8766219489820309,1,dev
2023101200,1165,6,0.9222585924713584,0.9209220657344389,1,dev
2023101200,1190,6,0.5533707865168538,0.5293691633390518,0,dev
2023101200,1277,6,0.8627204030226701,0.85835063689245,1,dev
2023101200,1365,6,0.9092841956059532,0.8972690887377743,1,dev
2023101200,1397,6,0.9092841956059532,0.916471083264627,1,dev
2023101200,1444,6,0.15942028985507245,0.21144631081628681,1,dev
2023101200,1514,6,0.5,0.49184941023044654,1,dev
2023101200,1771,6,0.7197452229299363,0.6861403640981478,0,dev
2023101200,1794,6,0.9088785046728972,0.8901240366311737,0,dev
2023101200,1918,6,0.3534675615212528,0.3271865401338904,0,dev
2023101200,1941,6,0.6589147286821706,0.6500018982900447,1,dev
2023101200,2020,6,0.9222585924713584,0.9333405897446353,1,dev
2023101200,2169,6,0.9092841956059532,0.9158401194843636,1,dev
2023101200,2251,6,0.77728285077951,0.7490947497341764,1,dev
2023101200,2276,6,0.9092841956059532,0.9074427737667138,1,dev
2023101200,2306,6,0.03296703296703297,0.0809658806202343,0,dev
2023101200,2334,6,0.41818181818181815,0.43939231709702814,1,dev
2023101200,2602,6,0.8627204030226701,0.856277095356635,1,dev
2023101200,2654,6,0.9395248380129589,0.9371565645407622,1,dev
2023101200,2760,6,0.9395248380129589,0.9430209934219159,1,dev
2023101200,2994,6,0.9222585924713584,0.9333544152404636,0,dev
2023101200,3050,6,0.44370860927152306,0.47190098483214915,0,dev
2023101200,3195,6,0.3534675615212528,0.3240489642538044,0,dev
2023101200,3324,6,0.325,0.2890572570095704,1,dev
2023101200,3425,6,0.8627204030226701,0.8699645783933174,1,dev
2023101200,3484,6,0.41818181818181815,0.45614361881311116,1,dev
2023101200,3584,6,0.9222585924713584,0.9289597334131237,1,dev
2023101200,3636,6,0.5,0.494580056468462,1,dev
2023101200,3683,6,0.8627204030226701,0.8642960192676358,1,dev
2023101200,3837,6,0.41818181818181815,0.45540429008906164,0,dev
2023101200,3860,6,0.8348348348348347,0.8155339178281028,1,dev
2023101500,140,6,0.3534675615212528,0.3699956537981886,1,dev
2023101500,170,6,0.6589147286821706,0.68265520235133,1,dev
2023101500,400,6,0.8348348348348347,0.8391262065270785,1,dev
2023101500,425,6,0.9135802469135802,0.9200024720709942,1,dev
2023101500,651,6,0.9088785046728972,0.8942784111678447,1,dev
2023101500,676,6,0.9222585924713584,0.9317927748299831,1,dev
2023101500,701,6,0.8627204030226701,0.8705689429671005,1,dev
2023101500,823,6,0.004310344827586207,0.026224801516594412,0,dev
2023101500,931,6,0.8348348348348347,0.8201131311339681,1,dev
2023101500,1266,6,0.03296703296703297,0.0746512025476015,0,dev
2023101500,1320,6,0.9092841956059532,0.9181667937824461,1,dev
2023101500,1477,6,0.840531561461794,0.8501200700675295,0,dev
2023101500,1500,6,0.9092841956059532,0.9152707787673695,1,dev
2023101500,1536,6,0.9092841956059532,0.9134782420657294,1,dev
2023101500,1561,6,0.8851674641148325,0.8859385873335632,1,dev
2023101500,1655,6,0.8288288288288288,0.7985483083602591,1,dev
2023101500,1702,6,0.6571428571428571,0.5797749191026843,0,dev
2023101500,1864,6,0.8348348348348347,0.8374230165738695,1,dev
2023101500,1924,6,0.5533707865168538,0.5608628822317584,1,dev
2023101500,1949,6,0.004310344827586207,0.034038190980402984,0,dev
2023101500,2098,6,0.840531561461794,0.8497484696623614,1,dev
2023101500,2462,6,0.004310344827586207,0.028659607579674375,0,dev
2023101500,2770,6,0.8348348348348347,0.830162019085216,0,dev
2023101500,2984,6,0.9092841956059532,0.9145654949228894,1,dev
2023101500,3014,6,0.9222585924713584,0.9317173297976892,1,dev
2023101500,3072,6,0.5,0.5104093470246922,0,dev
2023101500,3095,6,0.8348348348348347,0.8189234723024396,1,dev
2023101500,3120,6,0.9088785046728972,0.8953777379258877,1,dev
2023101500,3340,6,0.8245614035087719,0.7934740659611571,1,dev
2023101500,3557,6,0.8348348348348347,0.8216242385146055,1,dev
2023101500,3604,6,0.005952380952380952,0.05658555916830747,0,dev
2023101500,3873,6,0.753968253968254,0.7107599009190182,1,dev
2023101500,3942,6,0.77728285077951,0.7836625938344097,1,dev
2023101500,4145,6,0.07894736842105263,0.0911713447829598,0,dev
2023101501,55,6,0.9088785046728972,0.8915025098399991,1,dev
2023101501,102,6,0.753968253968254,0.702400029756022,1,dev
2023101501,127,6,0.8627204030226701,0.8514640741029263,1,dev
2023101501,152,6,0.9222585924713584,0.9283837404012741,1,dev
2023101501,177,6,0.41818181818181815,0.4512682376900023,0,dev
2023101501,222,6,0.8627204030226701,0.8526457711389243,1,dev
2023101501,305,6,0.7583333333333333,0.716461604607733,1,dev
2023101501,397,6,0.9092841956059532,0.9113105241796146,0,dev
2023101501,432,6,0.9222585924713584,0.9310306098150307,1,dev
2023101501,479,6,0.840531561461794,0.8464852843521223,1,dev
2023101501,504,6,0.9092841956059532,0.916461789431576,1,dev
2023101501,590,6,0.3534675615212528,0.3155140141139782,1,dev
2023101501,644,6,0.25874125874125875,0.2777829081661471,1,dev
2023101501,753,6,0.7583333333333333,0.7231101687289208,1,dev
2023101501,836,6,0.4155844155844156,0.4315134251830778,0,dev
2023101501,859,6,0.3534675615212528,0.36583516895431656,0,dev
2023101501,908,6,0.25874125874125875,0.2768513918831462,0,dev
2023101501,973,6,0.9395248380129589,0.9471781972631322,1,dev
2023101501,1075,6,0.8627204030226701,0.8666568818954405,1,dev
2023101501,1161,6,0.03296703296703297,0.0670490773517706,1,dev
2023101501,1208,6,0.77728285077951,0.766221089111063,1,dev
2023101501,1233,6,0.6589147286821706,0.6677138114045,0,dev
2023101501,1278,6,0.3861788617886179,0.40059784230067286,0,dev
2023101501,1301,6,0.6571428571428571,0.6260770512772097,0,dev
2023101501,1331,6,0.8288288288288288,0.8012139327882857,0,dev
2023101501,1388,6,0.004310344827586207,0.021973804432208834,0,dev
2023101501,1507,6,0.8757396449704142,0.8824880804382093,1,dev
2023101501,1532,6,0.6571428571428571,0.6034224912236705,1,dev
2023101501,1620,6,0.8627204030226701,0.8613999122116429,1,dev
2023101501,1645,6,0.9092841956059532,0.8981397605692522,1,dev
2023101501,1741,6,0.9088785046728972,0.889416062978382,1,dev
2023101501,1844,6,0.9092841956059532,0.9060985192996079,1,dev
2023101501,2039,6,0.8627204030226701,0.872132382832697,1,dev
2023101501,2069,6,0.25874125874125875,0.2738974057891676,0,dev
2023101501,2092,6,0.07894736842105263,0.09952461586952112,0,dev
2023101501,2252,6,0.77728285077951,0.7537185160478576,1,dev
2023101501,2461,6,0.9395248380129589,0.9504596832977191,1,dev
2023101501,2792,6,0.8627204030226701,0.8574406072278846,1,dev
2023101501,2822,6,0.8851674641148325,0.884756731318978,1,dev
2023101501,2847,6,0.8681318681318682,0.8786645785716123,0,dev
2023101501,3012,6,0.753968253968254,0.710774932494151,1,dev
2023101501,3083,6,0.4155844155844156,0.4273609207424666,1,dev
2023101501,3169,6,0.9395248380129589,0.9452710102640115,1,dev
2023101501,3243,6,0.3534675615212528,0.3320753867282504,0,dev
2023101501,3286,6,0.3861788617886179,0.39326810998467665,1,dev
2023101501,3373,6,0.25874125874125875,0.2743896863363437,1,dev
2023101501,3442,6,0.25874125874125875,0.27720908172538083,0,dev
2023101501,3806,6,0.004310344827586207,0.03222938790167607,0,dev
2023101501,3849,6,0.3534675615212528,0.3752792843137462,0,dev
2023101501,3923,6,0.3534675615212528,0.37448668065039803,0,dev
2023101501,3973,6,0.6589147286821706,0.6547867590048796,1,dev
2023101501,4005,6,0.6571428571428571,0.6105809370920854,1,dev
2023101501,4030,6,0.6571428571428571,0.6198847195127604,1,dev
2023101501,4060,6,0.8348348348348347,0.8231126253934968,1,dev
2023101501,4087,6,0.6571428571428571,0.5946763834926835,1,dev
2023101502,260,6,0.8627204030226701,0.8732741148698044,1,dev
2023101502,329,6,0.8288288288288288,0.7985005273266274,1,dev
2023101502,398,6,0.8288288288288288,0.8085457441340905,1,dev
2023101502,423,6,0.07894736842105263,0.12062986327121522,0,dev
2023101502,548,6,0.8627204030226701,0.872489759204421,1,dev
2023101502,573,6,0.9092841956059532,0.8988948588090264,1,dev
2023101502,670,6,0.8757396449704142,0.8803707735525242,1,dev
2023101502,835,6,0.3465346534653465,0.3126770668183436,0,dev
2023101502,965,6,0.77728285077951,0.7771210088735713,1,dev
2023101502,1034,6,0.6571428571428571,0.5878649802131022,1,dev
2023101502,1059,6,0.004310344827586207,0.030745492480485376,0,dev
2023101502,1228,6,0.5533707865168538,0.5609391628117286,0,dev
2023101502,1306,6,0.5533707865168538,0.5750486721700415,0,dev
2023101502,1408,6,0.6571428571428571,0.6435972862104349,0,dev
2023101502,1446,6,0.9395248380129589,0.9426729177931462,1,dev
2023101502,1489,6,0.8757396449704142,0.879736594546648,1,dev
2023101502,1536,6,0.9092841956059532,0.9062012326500706,1,dev
2023101502,1672,6,0.8348348348348347,0.820490693429384,0,dev
2023101502,1843,6,0.9088785046728972,0.8884685500334898,1,dev
2023101502,1879,6,0.6589147286821706,0.6568838329038127,1,dev
2023101502,1909,6,0.9395248380129589,0.9446132592450244,1,dev
2023101502,1966,6,0.6589147286821706,0.6534540586002683,1,dev
2023101502,2039,6,0.77728285077951,0.7410775334997328,1,dev
2023101502,2064,6,0.8245614035087719,0.7930293249124301,1,dev
2023101502,2224,6,0.9222585924713584,0.9226563688577551,1,dev
2023101502,2253,6,0.3534675615212528,0.3511616264491793,0,dev
2023101502,2485,6,0.9088785046728972,0.8952121736272246,0,dev
2023101502,2532,6,0.9088785046728972,0.8927980404072358,1,dev
2023101502,2602,6,0.6571428571428571,0.6101757507982257,1,dev
2023101502,2913,6,0.3534675615212528,0.375968688294575,0,dev
2023101502,2990,6,0.8627204030226701,0.8642122420137431,1,dev
2023101502,3191,6,0.5533707865168538,0.5386121607757484,0,dev
2023101502,3320,6,0.13,0.18804524105318163,0,dev
2023101502,3407,6,0.9088785046728972,0.8950902181344733,1,dev
2023101502,3437,6,0.9222585924713584,0.9210346673206762,1,dev
2023101502,3509,6,0.77728285077951,0.7596017806145211,1,dev
2023101502,3534,6,0.9395248380129589,0.9368414950454922,1,dev
2023101502,3671,6,0.3861788617886179,0.4186750906507966,0,dev
2023101502,3706,6,0.9222585924713584,0.9333556476228604,1,dev
2023101502,3816,6,0.8627204030226701,0.8694139953638226,1,dev
2023101502,3915,6,0.840531561461794,0.8471283646829609,1,dev
2023101503,55,6,0.8757396449704142,0.8808758479258284,1,dev
2023101503,126,6,0.77728285077951,0.7850172504256191,1,dev
2023101503,178,6,0.9088785046728972,0.8906366157378169,1,dev
2023101503,208,6,0.8627204030226701,0.8563577226639159,1,dev
2023101503,233,6,0.8681318681318682,0.8760262486681804,1,dev
2023101503,452,6,0.9395248380129589,0.9373190130549023,1,dev
2023101503,504,6,0.9088785046728972,0.894984554116805,1,dev
2023101503,529,6,0.9222585924713584,0.9230445121191252,0,dev
2023101503,581,6,0.9092841956059532,0.9056567550588319,1,dev
2023101503,611,6,0.9222585924713584,0.9348895059777207,1,dev
2023101503,666,6,0.9222585924713584,0.9343360612268988,1,dev
2023101503,691,6,0.9395248380129589,0.9476481141581916,1,dev
2023101503,746,6,0.9092841956059532,0.9105708398631656,1,dev
2023101503,810,6,0.3465346534653465,0.30115433610410014,0,dev
2023101503,855,6,0.9092841956059532,0.8996730865171805,1,dev
2023101503,935,6,0.77728285077951,0.754727014543145,1,dev
2023101503,997,6,0.9088785046728972,0.8883016485940785,1,dev
2023101503,1044,6,0.8627204030226701,0.8658912799011795,1,dev
2023101503,1091,6,0.5,0.4931727029730076,1,dev
2023101503,1219,6,0.9092841956059532,0.9184644262139439,1,dev
2023101503,1244,6,0.95,0.9554433772101129,1,dev
2023101503,1269,6,0.9395248380129589,0.9474507234575719,1,dev
2023101503,1305,6,0.7583333333333333,0.7157966623368119,1,dev
2023101503,1429,6,0.840531561461794,0.8503854493671069,1,dev
2023101503,1483,6,0.9743589743589743,0.9605973290798802,1,dev
2023101503,1533,6,0.8245614035087719,0.7953356288820818,1,dev
2023101503,1578,6,0.9092841956059532,0.9133599321549944,1,dev
2023101503,1637,6,0.9092841956059532,0.9012101764505311,1,dev
2023101503,1696,6,0.9092841956059532,0.9155480935394662,1,dev
2023101503,1721,6,0.005952380952380952,0.04833023972700159,0,dev
2023101503,1839,6,0.21666666666666667,0.247728570871161,0,dev
2023101503,1862,6,0.77728285077951,0.7574628503603531,0,dev
2023101503,1885,6,0.5533707865168538,0.5705504354515665,1,dev
2023101503,2130,6,0.7197452229299363,0.689020333574619,1,dev
2023101503,2266,6,0.9092841956059532,0.8988555589465528,1,dev
2023101503,2374,6,0.9222585924713584,0.9255943274176597,1,dev
2023101503,2411,6,0.3534675615212528,0.3866009256429875,0,dev
2023101503,2434,6,0.95,0.9563808269472323,1,dev
2023101503,2547,6,0.8627204030226701,0.8608247491716399,1,dev
2023101503,2624,6,0.6571428571428571,0.6039456536477842,1,dev
2023101503,2714,6,0.3534675615212528,0.363582266929667,0,dev
2023101503,2829,6,0.8348348348348347,0.8354990588719129,1,dev
2023101503,2969,6,0.8627204030226701,0.8563351250042566,1,dev
2023101503,3048,6,0.8348348348348347,0.8406723226945181,0,dev
2023101503,3071,6,0.3534675615212528,0.3623942753256331,0,dev
2023101503,3094,6,0.8681318681318682,0.8790823267937332,0,dev
2023101503,3194,6,0.9222585924713584,0.9296170567457871,1,dev
2023101503,3230,6,0.9092841956059532,0.9066661566140656,1,dev
2023101503,3356,6,0.9395248380129589,0.949917467120843,1,dev
2023101503,3381,6,0.9222585924713584,0.9301800426491126,1,dev
2023101503,3426,6,0.8627204030226701,0.8615882518017929,1,dev
2023101503,3493,6,0.7197452229299363,0.6883548902839443,1,dev
2023101503,3590,6,0.9395248380129589,0.9398024914181223,1,dev
2023101503,3658,6,0.9092841956059532,0.91148381586964,1,dev
2023101503,3703,6,0.0,0.012165811668171425,0,dev
2023101503,3755,6,0.5,0.5199160071632385,0,dev
2023101503,3822,6,0.9092841956059532,0.899914692583575,1,dev
2023101503,3871,6,0.41818181818181815,0.4378331898195239,1,dev
2023101503,3896,6,0.13,0.19397981010269338,0,dev
2023101503,3941,6,0.13,0.20119834871247855,0,dev
2023101504,310,6,0.77728285077951,0.777944909019199,1,dev
2023101504,472,6,0.6571428571428571,0.6152434294435711,0,dev
2023101504,655,6,0.004310344827586207,0.016047640555587935,0,dev
2023101504,678,6,0.9092841956059532,0.9158545585985993,1,dev
2023101504,917,6,0.77728285077951,0.7834751645770786,0,dev
2023101504,1123,6,0.9092841956059532,0.9098340644715449,1,dev
2023101504,1173,6,0.8681318681318682,0.879095013318582,1,dev
2023101504,1256,6,0.9135802469135802,0.9193954338214373,1,dev
2023101504,1391,6,0.8288288288288288,0.8104586313771943,1,dev
2023101504,1482,6,0.8757396449704142,0.8793989971656584,1,dev
2023101504,1585,6,0.8348348348348347,0.8310108581639766,1,dev
2023101504,1789,6,0.9222585924713584,0.9256257837414045,1,dev
2023101504,1919,6,0.77728285077951,0.7859911115237731,1,dev
2023101504,1998,6,0.11059907834101383,0.15222657824256575,0,dev
2023101504,2081,6,0.9222585924713584,0.9286588504012167,1,dev
2023101504,2405,6,0.03296703296703297,0.07067571336739581,0,dev
2023101504,2450,6,0.21666666666666667,0.23931033976693955,1,dev
2023101504,2507,6,0.8348348348348347,0.8198659841931608,1,dev
2023101504,2658,6,0.3534675615212528,0.35342172568105323,0,dev
2023101504,2802,6,0.03296703296703297,0.068826237039888,0,dev
2023101504,2895,6,0.8851674641148325,0.8863902300774905,1,dev
2023101504,3080,6,0.3534675615212528,0.37768117180462474,0,dev
2023101504,3327,6,0.13,0.19523799028039682,0,dev
2023101504,3372,6,0.9395248380129589,0.9389502349852621,1,dev
2023101504,3454,6,0.44370860927152306,0.4713654949222561,0,dev
2023101504,3506,6,0.840531561461794,0.8476369150408231,0,dev
2023101504,3712,6,0.9395248380129589,0.9380028546794995,1,dev
2023101504,3794,6,0.11059907834101383,0.1712122602479007,0,dev
2023101504,3861,6,0.3465346534653465,0.29728170328254344,0,dev
2023101504,3886,6,0.8627204030226701,0.870784186861033,1,dev
2023101504,3911,6,0.77728285077951,0.7549254102696472,1,dev
2023101504,3958,6,0.7197452229299363,0.6859291715903024,1,dev
2023101504,3988,6,0.8348348348348347,0.838067461947939,0,dev
2023101504,4129,6,0.9092841956059532,0.9096103563586718,1,dev
2023101504,4208,6,0.9222585924713584,0.9221530041569265,0,dev
2023101504,4231,6,0.8348348348348347,0.8267782951184666,0,dev
2023101504,4522,6,0.3534675615212528,0.31343910685553533,0,dev
2023101504,4545,6,0.0,0.009755244735176461,0,dev
2023101504,4602,6,0.9088785046728972,0.8923040009396169,1,dev
2023101504,4627,6,0.8348348348348347,0.8337185092945144,0,dev
2023101504,4650,6,0.8627204030226701,0.866225026687468,1,dev
2023101504,4675,6,0.8757396449704142,0.8799318148710777,1,dev
2023101505,118,6,0.77728285077951,0.7815510796463072,1,dev
2023101505,147,6,0.8757396449704142,0.8810264560626198,0,dev
2023101505,170,6,0.8348348348348347,0.8383364225305765,1,dev
2023101505,240,6,0.004310344827586207,0.035434578244212325,0,dev
2023101505,281,6,0.9088785046728972,0.8901070871431205,1,dev
2023101505,335,6,0.9092841956059532,0.8997236924353609,1,dev
2023101505,360,6,0.9222585924713584,0.9248756265349246,1,dev
2023101505,429,6,0.004310344827586207,0.03636396029746639,0,dev
2023101505,452,6,0.9092841956059532,0.914629472226181,1,dev
2023101505,614,6,0.5533707865168538,0.5335874974095548,0,dev
2023101505,637,6,0.9092841956059532,0.9127004482590434,1,dev
2023101505,684,6,0.5,0.4928260355382563,1,dev
2023101505,787,6,0.7197452229299363,0.6878457499621347,0,dev
2023101505,810,6,0.8627204030226701,0.8651260333530953,1,dev
2023101505,838,6,0.325,0.28668450188956907,1,dev
2023101505,892,6,0.07894736842105263,0.11306968546716438,0,dev
2023101505,937,6,0.77728285077951,0.7727732012558572,1,dev
2023101505,1053,6,0.9395248380129589,0.9428536645756647,1,dev
2023101505,1145,6,0.7197452229299363,0.6892143777009252,1,dev
2023101505,1192,6,0.8627204030226701,0.8542916058474244,1,dev
2023101505,1217,6,0.03296703296703297,0.07188013124099256,0,dev
2023101505,1290,6,0.11059907834101383,0.12878589382180156,0,dev
2023101505,1389,6,0.5533707865168538,0.5562244558104086,1,dev
2023101505,1597,6,0.8627204030226701,0.8561450962170621,1,dev
2023101505,1663,6,0.77728285077951,0.7570519654509009,1,dev
2023101505,1688,6,0.9395248380129589,0.9508355366920399,1,dev
2023101505,1713,6,0.9222585924713584,0.9332452356263544,1,dev
2023101505,1738,6,0.9222585924713584,0.933493835258539,1,dev
2023101505,1770,6,0.840531561461794,0.8421655080711792,1,dev
2023101505,1840,6,0.9222585924713584,0.9305789311549729,1,dev
2023101505,1865,6,0.8288288288288288,0.7968553877623707,1,dev
2023101505,1931,6,0.9222585924713584,0.9257956983060592,1,dev
2023101505,1960,6,0.07894736842105263,0.10622719167016845,0,dev
2023101505,2110,6,0.9222585924713584,0.9351586041367431,1,dev
2023101505,2213,6,0.753968253968254,0.7149448702374397,1,dev
2023101505,2338,6,0.9222585924713584,0.9300268162462602,0,dev
2023101505,2414,6,0.77728285077951,0.782354103075007,0,dev
2023101505,2487,6,0.8348348348348347,0.8143540124016013,1,dev
2023101505,2568,6,0.7197452229299363,0.6990249909628008,0,dev
2023101505,2701,6,0.9092841956059532,0.9142156813549879,1,dev
2023101505,2726,6,0.77728285077951,0.7801078731033207,1,dev
2023101505,2800,6,0.6589147286821706,0.6769060692473823,1,dev
2023101505,2859,6,0.77728285077951,0.7782363970346996,1,dev
2023101505,2994,6,0.9088785046728972,0.8879180081004324,1,dev
2023101505,3019,6,0.3534675615212528,0.3542415610605812,0,dev
2023101505,3062,6,0.8757396449704142,0.8821733204085503,1,dev
2023101505,3129,6,0.9092841956059532,0.9182973232274284,1,dev
2023101505,3198,6,0.9222585924713584,0.926652929492854,1,dev
2023101505,3290,6,0.11059907834101383,0.13268429802992493,0,dev
2023101505,3419,6,0.004310344827586207,0.037925703312577726,0,dev
2023101505,3518,6,0.3465346534653465,0.29752731296517737,1,dev
2023101505,3667,6,0.9222585924713584,0.9278296728242169,1,dev
2023101505,3792,6,0.15942028985507245,0.222416618617253,0,dev
2023101505,3865,6,0.8627204030226701,0.8679354422571037,1,dev
2023101505,3890,6,0.9222585924713584,0.9280803946931435,1,dev
2023101505,3915,6,0.9092841956059532,0.9172578203308026,1,dev
2023101505,4007,6,0.9222585924713584,0.9231535976646236,1,dev
2023101505,4072,6,0.5533707865168538,0.5693633466247894,1,dev
2023101505,4120,6,0.8681318681318682,0.8774378895265685,1,dev
2023101505,4198,6,0.004310344827586207,0.035705322916851634,0,dev
2023101506,64,6,0.8348348348348347,0.8370916007982506,1,dev
2023101506,93,6,0.8348348348348347,0.8172923036345547,1,dev
2023101506,143,6,0.9092841956059532,0.9068495358727772,1,dev
2023101506,212,6,0.9395248380129589,0.9360504536766765,1,dev
2023101506,259,6,0.9088785046728972,0.8908442894589083,1,dev
2023101506,284,6,0.9092841956059532,0.9055424840444779,1,dev
2023101506,309,6,0.9092841956059532,0.9041179709254692,1,dev
2023101506,386,6,0.77728285077951,0.7764287729886066,0,dev
2023101506,409,6,0.77728285077951,0.7911629009682917,0,dev
2023101506,571,6,0.5533707865168538,0.563428500834359,0,dev
2023101506,645,6,0.8681318681318682,0.8789461824287156,1,dev
2023101506,1038,6,0.005952380952380952,0.05544744464204281,0,dev
2023101506,1153,6,0.03296703296703297,0.0717990361189959,0,dev
2023101506,1183,6,0.3465346534653465,0.3068337200512941,1,dev
2023101506,1267,6,0.8288288288288288,0.8036834258385822,1,dev
2023101506,1365,6,0.9395248380129589,0.9508108480563964,1,dev
2023101506,1390,6,0.9222585924713584,0.9256556987487832,1,dev
2023101506,1502,6,0.9092841956059532,0.9010188985162665,1,dev
2023101506,1618,6,0.77728285077951,0.7834518034342328,1,dev
2023101506,1648,6,0.25874125874125875,0.2781705470884558,0,dev
2023101506,1723,6,0.9395248380129589,0.939011182468082,1,dev
2023101506,1843,6,0.9395248380129589,0.9430315578292603,1,dev
2023101506,1875,6,0.9092841956059532,0.8993520024090016,1,dev
2023101506,1912,6,0.9092841956059532,0.9170001488721646,1,dev
2023101506,2043,6,0.9395248380129589,0.9384900188551015,1,dev
2023101506,2068,6,0.9395248380129589,0.9422449052790783,1,dev
2023101506,2093,6,0.7197452229299363,0.6956113575062376,1,dev
2023101506,2293,6,0.004310344827586207,0.020947712442546472,0,dev
2023101506,2316,6,0.0,0.0143109081830167,0,dev
2023101506,2408,6,0.8757396449704142,0.8820751402812347,1,dev
2023101506,2433,6,0.9222585924713584,0.9329633774234062,1,dev
2023101506,2558,6,0.25874125874125875,0.26086161936881874,0,dev
2023101506,2581,6,0.9222585924713584,0.9327882401720434,1,dev
2023101506,2784,6,0.9395248380129589,0.9430222129086172,1,dev
2023101506,2954,6,0.9222585924713584,0.9247735603295418,1,dev
2023101506,2979,6,0.6589147286821706,0.6576987791959469,0,dev
2023101506,3110,6,0.03296703296703297,0.07321331878046514,0,dev
2023101506,3133,6,0.41818181818181815,0.44142159984005946,0,dev
2023101506,3156,6,0.22727272727272727,0.25857654114695094,1,dev
2023101506,3181,6,0.77728285077951,0.7920929841734382,1,dev
2023101506,3275,6,0.9092841956059532,0.9029406516236026,1,dev
2023101506,3367,6,0.77728285077951,0.7687996874724269,1,dev
2023101506,3431,6,0.03296703296703297,0.07060290010350155,0,dev
2023101506,3454,6,0.5533707865168538,0.576118166454911,1,dev
2023101506,3547,6,0.07894736842105263,0.09447352589294765,0,dev
2023101506,3570,6,0.9088785046728972,0.8899652207399853,1,dev
2023101506,3605,6,0.9222585924713584,0.9236970327514942,0,dev
2023101506,3628,6,0.9395248380129589,0.9388018559227779,1,dev
2023101506,3803,6,0.21666666666666667,0.24042325258483196,1,dev
2023101506,3828,6,0.44370860927152306,0.4803502254857575,1,dev
2023101506,3853,6,0.8348348348348347,0.8407566568060026,1,dev
2023101506,3966,6,0.9222585924713584,0.9324717152848869,1,dev
2023101506,4117,6,0.11059907834101383,0.16071958853513849,0,dev
2023101506,4285,6,0.8627204030226701,0.8553727158835114,1,dev
2023101506,4310,6,0.13,0.1986628567416806,0,dev
2023101506,4333,6,0.9222585924713584,0.9251577292384218,1,dev
2023101506,4358,6,0.3534675615212528,0.31443637645536016,0,dev
2023101506,4381,6,0.6571428571428571,0.5965147496610942,0,dev
2023101506,4404,6,0.9395248380129589,0.9501618598127253,0,dev
2023101506,4434,6,0.77728285077951,0.7457999265452779,0,dev
2023101507,189,6,0.77728285077951,0.7774075834982276,1,dev
2023101507,240,6,0.9092841956059532,0.8999662462747776,1,dev
2023101507,321,6,0.8681318681318682,0.8764132129811183,1,dev
2023101507,472,6,0.9092841956059532,0.8976156586594132,1,dev
2023101507,593,6,0.9395248380129589,0.9383589078461881,1,dev
2023101507,635,6,0.7197452229299363,0.6857654769352299,1,dev
2023101507,821,6,0.11059907834101383,0.149641697800489,0,dev
2023101507,844,6,0.8348348348348347,0.8392249239462726,1,dev
2023101507,901,6,0.7583333333333333,0.7172681721600642,1,dev
2023101507,946,6,0.5,0.494701770089318,0,dev
2023101507,994,6,0.8348348348348347,0.8248663665934187,1,dev
2023101507,1078,6,0.8348348348348347,0.8362166149077804,1,dev
2023101507,1211,6,0.8627204030226701,0.8626268416010793,1,dev
2023101507,1236,6,0.77728285077951,0.73332505431306,1,dev
2023101507,1283,6,0.9092841956059532,0.9124635082452905,0,dev
2023101507,1306,6,0.03296703296703297,0.07690121915078366,0,dev
2023101507,1471,6,0.8348348348348347,0.8158599208296698,1,dev
2023101507,1597,6,0.8288288288288288,0.800581421009978,1,dev
2023101507,1688,6,0.8627204030226701,0.8719072361145661,1,dev
2023101507,1735,6,0.6589147286821706,0.6596177230935054,0,dev
2023101507,1758,6,0.9088785046728972,0.8942930073224141,1,dev
2023101507,1805,6,0.75,0.7013814827984935,1,dev
2023101507,1830,6,0.77728285077951,0.7697075489807046,1,dev
2023101507,1959,6,0.77728285077951,0.7465066242149916,1,dev
2023101507,1984,6,0.9395248380129589,0.9463981167815894,1,dev
2023101507,2009,6,0.8348348348348347,0.8219066948935162,1,dev
2023101507,2176,6,0.840531561461794,0.8469244834535959,0,dev
2023101507,2242,6,0.6571428571428571,0.6186460129331549,1,dev
2023101507,2334,6,0.8627204030226701,0.8534672702407584,1,dev
2023101507,2505,6,0.8348348348348347,0.8389050928085559,1,dev
2023101507,2535,6,0.9088785046728972,0.8883669438065356,1,dev
2023101507,2560,6,0.9092841956059532,0.8981346302742871,1,dev
2023101507,2712,6,0.8288288288288288,0.8087054454891393,1,dev
2023101507,2737,6,0.44370860927152306,0.4826558249626289,1,dev
2023101507,2855,6,0.77728285077951,0.7560894281784185,0,dev
2023101507,2878,6,0.004310344827586207,0.01661864582719759,0,dev
2023101507,2930,6,0.8627204030226701,0.8522270292517874,1,dev
2023101507,2992,6,0.3534675615212528,0.34228072625254574,0,dev
2023101507,3015,6,0.9222585924713584,0.9357741425270674,1,dev
2023101507,3107,6,0.8627204030226701,0.8716686742259914,1,dev
2023101507,3302,6,0.6571428571428571,0.5825199358312441,1,dev
2023101507,3516,6,0.5,0.5201784961751228,0,dev
2023101507,3581,6,0.8757396449704142,0.8813938782275692,1,dev
2023101507,3637,6,0.44370860927152306,0.4703122897717789,1,dev
2023101507,3662,6,0.11059907834101383,0.1384623866778892,0,dev
2023101507,3685,6,0.325,0.29039128613560866,0,dev
2023101507,3708,6,0.753968253968254,0.707940776132848,0,dev
2023101507,3731,6,0.25874125874125875,0.27313574936952056,0,dev
2023101507,4064,6,0.9222585924713584,0.9237628450743839,1,dev
2023101507,4111,6,0.3534675615212528,0.34923534610990664,0,dev
2023101508,77,6,0.77728285077951,0.7806098803671685,1,dev
2023101508,124,6,0.6571428571428571,0.5901734654540565,0,dev
2023101508,147,6,0.22727272727272727,0.2599670357654641,0,dev
2023101508,243,6,0.840531561461794,0.8480211127434973,1,dev
2023101508,320,6,0.07894736842105263,0.09318046065292397,0,dev
2023101508,397,6,0.9092841956059532,0.9183852424322138,1,dev
2023101508,571,6,0.9088785046728972,0.8956568312939499,1,dev
2023101508,596,6,0.7583333333333333,0.721915262375577,0,dev
2023101508,731,6,0.9395248380129589,0.9401690183877001,1,dev
2023101508,756,6,0.44370860927152306,0.47551235169007217,1,dev
2023101508,781,6,0.8627204030226701,0.8650089683788882,1,dev
2023101508,828,6,0.13,0.1967796306344997,0,dev
2023101508,925,6,0.15942028985507245,0.2174561932655779,1,dev
2023101508,1014,6,0.8627204030226701,0.8639271559683104,0,dev
2023101508,1056,6,0.8627204030226701,0.8731083292577626,0,dev
2023101508,1108,6,0.5,0.503699453990588,1,dev
2023101508,1199,6,0.8348348348348347,0.8217437420438358,1,dev
2023101508,1224,6,0.5533707865168538,0.5550453973867349,1,dev
2023101508,1357,6,0.5,0.5016690312423568,0,dev
2023101508,1380,6,0.13,0.1971251327969499,0,dev
2023101508,1505,6,0.9222585924713584,0.9284800712134518,1,dev
2023101508,1652,6,0.840531561461794,0.8472484789737782,1,dev
2023101508,1725,6,0.9088785046728972,0.8909273987533123,1,dev
2023101508,1750,6,0.5533707865168538,0.5714704131827159,0,dev
2023101508,1843,6,0.6571428571428571,0.6357337352728829,0,dev
2023101508,1873,6,0.004310344827586207,0.035351450836476325,0,dev
2023101508,1896,6,0.9222585924713584,0.9239849200103146,1,dev
2023101508,1921,6,0.07894736842105263,0.09131501798835512,0,dev
2023101508,2036,6,0.8627204030226701,0.8647305267824955,1,dev
2023101508,2086,6,0.9395248380129589,0.9436615067635453,1,dev
2023101508,2178,6,0.44370860927152306,0.47652950611412165,0,dev
2023101508,2222,6,0.9395248380129589,0.9434893115203092,1,dev
2023101508,2254,6,0.9088785046728972,0.8926379138079392,1,dev
2023101508,2360,6,0.13,0.20470933945970818,0,dev
2023101508,2466,6,0.9222585924713584,0.9219092252034212,1,dev
2023101508,2491,6,0.8348348348348347,0.8276707868786044,1,dev
2023101508,2540,6,0.9135802469135802,0.9187446268470455,1,dev
2023101508,2598,6,0.21666666666666667,0.2488968740971442,1,dev
2023101508,2623,6,0.6571428571428571,0.6066715953397044,0,dev
2023101508,2648,6,0.6589147286821706,0.6624514047575554,0,dev
2023101508,2671,6,0.3861788617886179,0.40706443481992166,1,dev
2023101508,2989,6,0.840531561461794,0.8512389946934523,1,dev
2023101508,3014,6,0.9222585924713584,0.932833842783474,1,dev
2023101508,3039,6,0.8288288288288288,0.8110747598065023,1,dev
2023101508,3064,6,0.004310344827586207,0.028772183559562,0,dev
2023101508,3180,6,0.8348348348348347,0.8184364008732594,1,dev
2023101508,3205,6,0.5533707865168538,0.565352970625597,1,dev
2023101508,3230,6,0.3534675615212528,0.3720281968145946,0,dev
2023101508,3335,6,0.8627204030226701,0.8633841306231663,1,dev
2023101508,3365,6,0.6571428571428571,0.5963406955114166,1,dev
2023101508,3412,6,0.8627204030226701,0.8586887169360806,1,dev
2023101508,3437,6,0.9092841956059532,0.9131062932486885,1,dev
2023101508,3484,6,0.753968253968254,0.7135343676558994,1,dev
2023101508,3600,6,0.9088785046728972,0.8960754551438842,1,dev
2023101508,3625,6,0.8851674641148325,0.8827390356779374,1,dev
2023101508,3650,6,0.005952380952380952,0.05267056818912976,0,dev
2023101508,3673,6,0.8348348348348347,0.8378809042415708,1,dev
2023101508,3729,6,0.4155844155844156,0.4286409930277743,1,dev
2023101508,3754,6,0.9135802469135802,0.919032891425205,1,dev
2023101508,3809,6,0.6571428571428571,0.5874312248136621,1,dev
2023101508,3834,6,0.5,0.5062170417425153,0,dev
2023101508,3857,6,0.004310344827586207,0.03950857760799703,0,dev
2023101508,3880,6,0.8627204030226701,0.8740263388420155,0,dev
2023101508,3903,6,0.005952380952380952,0.06581921359513457,0,dev
2023101509,77,6,0.9222585924713584,0.9271489430930195,1,dev
2023101509,104,6,0.9092841956059532,0.9107245390728188,1,dev
2023101509,174,6,0.9222585924713584,0.9318246551865697,1,dev
2023101509,380,6,0.840531561461794,0.8508479973229305,0,dev
2023101509,604,6,0.9092841956059532,0.9024840302994247,0,dev
2023101509,704,6,0.8627204030226701,0.8639413484951683,1,dev
2023101509,729,6,0.9092841956059532,0.9177797834013826,1,dev
2023101509,951,6,0.77728285077951,0.7507163499245295,1,dev
2023101509,1005,6,0.9092841956059532,0.9085457235066121,1,dev
2023101509,1074,6,0.8681318681318682,0.8769457508729942,1,dev
2023101509,1099,6,0.9092841956059532,0.9185941473755774,1,dev
2023101509,1146,6,0.77728285077951,0.7729232695901909,1,dev
2023101509,1214,6,0.6589147286821706,0.6530784658674713,1,dev
2023101509,1261,6,0.9395248380129589,0.942648148609978,1,dev
2023101509,1300,6,0.9092841956059532,0.8992108724468918,1,dev
2023101509,1325,6,0.9222585924713584,0.9230051488015436,1,dev
2023101509,1408,6,0.3534675615212528,0.35091517454908877,0,dev
2023101509,1474,6,0.8288288288288288,0.8103532767753407,1,dev
2023101509,1670,6,0.8627204030226701,0.8722298450845952,1,dev
2023101509,1695,6,0.77728285077951,0.7566019189822064,1,dev
2023101509,1826,6,0.9222585924713584,0.9292079185117256,1,dev
2023101509,1909,6,0.840531561461794,0.8410600036026703,1,dev
2023101509,2005,6,0.004310344827586207,0.022924294587963884,0,dev
2023101509,2028,6,0.77728285077951,0.7338078010441277,1,dev
2023101509,2201,6,0.8348348348348347,0.8139618110742024,1,dev
2023101509,2248,6,0.77728285077951,0.7683717475398644,1,dev
2023101509,2328,6,0.9222585924713584,0.9354722598343973,1,dev
2023101509,2463,6,0.7583333333333333,0.7182673090321056,1,dev
2023101509,2512,6,0.6571428571428571,0.6279646733908629,1,dev
2023101509,2591,6,0.840531561461794,0.8505322910921598,1,dev
2023101509,2672,6,0.9222585924713584,0.9303071724481422,1,dev
2023101509,2697,6,0.07894736842105263,0.0917606454942199,0,dev
2023101509,2783,6,0.44370860927152306,0.4647439532312807,1,dev
2023101509,2808,6,0.3534675615212528,0.3601022167754492,0,dev
2023101509,2860,6,0.3534675615212528,0.37900521150785155,1,dev
2023101509,2980,6,0.8333333333333334,0.8136579578738771,1,dev
2023101509,3118,6,0.9092841956059532,0.9042746374377024,1,dev
2023101509,3197,6,0.9222585924713584,0.9308654759071953,1,dev
2023101509,3222,6,0.77728285077951,0.736546058576962,1,dev
2023101509,3374,6,0.8627204030226701,0.8660276718169349,1,dev
2023101509,3399,6,0.8288288288288288,0.8115835618833878,1,dev
2023101509,3424,6,0.9092841956059532,0.9061882709738006,1,dev
2023101509,3449,6,0.8288288288288288,0.7994009334853208,1,dev
2023101509,3557,6,0.9088785046728972,0.892917623622631,1,dev
2023101509,3589,6,0.8627204030226701,0.85646414589284,1,dev
2023101509,3674,6,0.6571428571428571,0.6410691401187111,0,dev
2023101509,3862,6,0.5533707865168538,0.5676199346714799,1,dev
2023101509,3920,6,0.3534675615212528,0.3420465701788767,0,dev
2023101510,77,6,0.8851674641148325,0.8857226307765371,1,dev
2023101510,174,6,0.9395248380129589,0.9496069762686798,1,dev
2023101510,199,6,0.3534675615212528,0.31478815896304646,0,dev
2023101510,280,6,0.9092841956059532,0.9100415659711774,1,dev
2023101510,333,6,0.11059907834101383,0.1678835785607196,0,dev
2023101510,499,6,0.9222585924713584,0.9346153105458775,1,dev
2023101510,593,6,0.6571428571428571,0.6192483763708109,0,dev
2023101510,708,6,0.8348348348348347,0.8274803492839716,1,dev
2023101510,733,6,0.5,0.5067108284794478,1,dev
2023101510,804,6,0.004310344827586207,0.03982114187406547,0,dev
2023101510,827,6,0.21666666666666667,0.2320520014391673,0,dev
2023101510,916,6,0.9222585924713584,0.9241518808881227,1,dev
2023101510,966,6,0.9222585924713584,0.9335235615409391,1,dev
2023101510,1025,6,0.7197452229299363,0.6933146749384002,0,dev
2023101510,1103,6,0.3861788617886179,0.40440255688839233,0,dev
2023101510,1126,6,0.005952380952380952,0.06257644876570664,0,dev
2023101510,1149,6,0.9092841956059532,0.9054676350478186,1,dev
2023101510,1218,6,0.9395248380129589,0.9484654130464775,1,dev
2023101510,1379,6,0.44370860927152306,0.46972250671517446,1,dev
2023101510,1533,6,0.8627204030226701,0.859362109835749,1,dev
2023101510,1741,6,0.9395248380129589,0.9493737900041183,1,dev
2023101510,1984,6,0.3534675615212528,0.3798987639556231,1,dev
2023101510,2032,6,0.9092841956059532,0.9122524169994327,1,dev
2023101510,2381,6,0.6571428571428571,0.6195499216650128,1,dev
2023101510,2530,6,0.8627204030226701,0.8724607475123858,0,dev
2023101510,2590,6,0.9395248380129589,0.9500292987981414,1,dev
2023101510,2644,6,0.41818181818181815,0.4601506056630098,1,dev
2023101510,2764,6,0.5,0.502364226530753,0,dev
2023101510,2855,6,0.8288288288288288,0.8084812153299258,1,dev
2023101510,2940,6,0.9092841956059532,0.9126265558263446,1,dev
2023101510,3056,6,0.9395248380129589,0.9412652332586517,1,dev
2023101510,3101,6,0.840531561461794,0.8474654175539389,1,dev
2023101510,3126,6,0.77728285077951,0.764585209397155,1,dev
2023101510,3213,6,0.840531561461794,0.8461867246827164,1,dev
2023101510,3445,6,0.840531561461794,0.8513470003812907,1,dev
2023101510,3470,6,0.5533707865168538,0.5555356372237419,1,dev
2023101510,3663,6,0.005952380952380952,0.0642801678679518,0,dev
2023101510,3721,6,0.325,0.29224343846723594,0,dev
2023101510,3744,6,0.77728285077951,0.738065333726373,1,dev
2023101510,3803,6,0.41818181818181815,0.4376262099709867,0,dev
2023101510,4016,6,0.9092841956059532,0.9176111295822196,1,dev
2023101510,4041,6,0.77728285077951,0.7844966183258073,0,dev
2023101510,4064,6,0.77728285077951,0.7768978087523719,0,dev
2023101510,4087,6,0.8348348348348347,0.8175543334505653,1,dev
2023101510,4112,6,0.22727272727272727,0.25765467963432737,0,dev
2023101510,4135,6,0.77728285077951,0.7700726278899763,1,dev
2023101510,4160,6,0.9092841956059532,0.9154345484919061,1,dev
2023101510,4208,6,0.7197452229299363,0.6886028606719993,1,dev
2023101511,55,6,0.005952380952380952,0.06136511424375112,0,dev
2023101511,134,6,0.9222585924713584,0.9314427416063124,1,dev
2023101511,181,6,0.77728285077951,0.773223890940206,0,dev
2023101511,230,6,0.9222585924713584,0.9346095479205653,1,dev
2023101511,283,6,0.6571428571428571,0.6027343070450372,1,dev
2023101511,336,6,0.7197452229299363,0.6835909724991789,1,dev
2023101511,366,6,0.3861788617886179,0.40400124804392434,1,dev
2023101511,396,6,0.77728285077951,0.7794530930813668,1,dev
2023101511,533,6,0.7197452229299363,0.6943495408826215,1,dev
2023101511,558,6,0.8627204030226701,0.873919745708325,1,dev
2023101511,708,6,0.11059907834101383,0.14733891060011362,0,dev
2023101511,873,6,0.7583333333333333,0.7181179482135926,1,dev
2023101511,955,6,0.8757396449704142,0.8794116789285915,1,dev
2023101511,1153,6,0.44370860927152306,0.4733226517858533,0,dev
2023101511,1288,6,0.9088785046728972,0.8874656970289043,1,dev
2023101511,1313,6,0.8288288288288288,0.8025152573299906,1,dev
2023101511,1343,6,0.8348348348348347,0.835085922778884,0,dev
2023101511,1366,6,0.5,0.5001194500639342,1,dev
2023101511,1391,6,0.9088785046728972,0.8962303058686623,1,dev
2023101511,1589,6,0.840531561461794,0.8428987913216688,1,dev
2023101511,1614,6,0.13,0.19883101327125147,0,dev
2023101511,1637,6,0.9395248380129589,0.9403367718954906,1,dev
2023101511,1689,6,0.9092841956059532,0.9142511639433654,1,dev
2023101511,1741,6,0.8348348348348347,0.8260023706602149,1,dev
2023101511,1810,6,0.11059907834101383,0.1696228322457603,0,dev
2023101511,1833,6,0.8348348348348347,0.8343364409472124,1,dev
2023101511,1890,6,0.8681318681318682,0.8768445343352052,1,dev
2023101511,1920,6,0.5,0.5040187545603464,0,dev
2023101511,1943,6,0.77728285077951,0.7611284470233347,0,dev
2023101511,2108,6,0.8681318681318682,0.8761841689676217,1,dev
2023101511,2149,6,0.9092841956059532,0.907102450119264,1,dev
2023101511,2238,6,0.22727272727272727,0.25592412879524085,1,dev
2023101511,2333,6,0.8681318681318682,0.8755252054686157,0,dev
2023101511,2356,6,0.8348348348348347,0.8297302588223299,0,dev
2023101511,2514,6,0.753968253968254,0.7075751426732086,1,dev
2023101511,2591,6,0.15942028985507245,0.22637699860476784,0,dev
2023101511,2635,6,0.9222585924713584,0.9257496029860643,1,dev
2023101511,2716,6,0.21666666666666667,0.24437444225203636,1,dev
2023101511,2780,6,0.8627204030226701,0.8703845916410652,1,dev
2023101511,2887,6,0.9092841956059532,0.9026606023529713,0,dev
2023101511,2910,6,0.9092841956059532,0.8997118938220539,1,dev
2023101511,3009,6,0.7583333333333333,0.7163478624008922,1,dev
2023101511,3114,6,0.77728285077951,0.7774582160846916,0,dev
2023101511,3137,6,0.77728285077951,0.789542934536839,1,dev
2023101511,3228,6,0.840531561461794,0.8464652268235121,1,dev
2023101511,3273,6,0.3534675615212528,0.37350812184934024,0,dev
2023101511,3339,6,0.9092841956059532,0.8973809267028724,1,dev
2023101511,3510,6,0.3534675615212528,0.31293679592977314,1,dev
2023101511,3559,6,0.840531561461794,0.8418171756270568,0,dev
2023101511,3660,6,0.44370860927152306,0.4785844155355161,1,dev
2023101511,3785,6,0.6589147286821706,0.6475616098381726,0,dev
2023101511,3915,6,0.9092841956059532,0.8986395280737612,1,dev
2023101511,3940,6,0.8681318681318682,0.8765044292184015,1,dev
2023101511,4033,6,0.9395248380129589,0.945310805817288,1,dev
2023101511,4085,6,0.9088785046728972,0.8872454097510308,1,dev
2023101511,4132,6,0.77728285077951,0.7821662185657282,1,dev
2023101511,4317,6,0.9222585924713584,0.9343608413737992,0,dev
2023101511,4340,6,0.5533707865168538,0.5459078283752824,0,dev
2023101511,4363,6,0.9092841956059532,0.9151729394787014,1,dev
2023101511,4388,6,0.15942028985507245,0.21621319499478242,0,dev
2023101512,59,6,0.9088785046728972,0.8929503272176667,1,dev
2023101512,96,6,0.8348348348348347,0.8212257254628254,0,dev
2023101512,124,6,0.004310344827586207,0.03809083198714113,0,dev
2023101512,178,6,0.9092841956059532,0.9089329845296783,1,dev
2023101512,310,6,0.8627204030226701,0.8516828306400642,1,dev
2023101512,359,6,0.8757396449704142,0.8822621536053072,1,dev
2023101512,423,6,0.9092841956059532,0.9169951184194775,1,dev
2023101512,520,6,0.44370860927152306,0.4663530872571933,1,dev
2023101512,596,6,0.9222585924713584,0.9272617541971442,1,dev
2023101512,845,6,0.6571428571428571,0.6068977502983784,1,dev
2023101512,948,6,0.840531561461794,0.8480608676996239,1,dev
2023101512,973,6,0.9135802469135802,0.9206599471900482,0,dev
2023101512,1155,6,0.07894736842105263,0.11423622918122925,0,dev
2023101512,1405,6,0.9222585924713584,0.9318973029207469,0,dev
2023101512,1518,6,0.22727272727272727,0.257657371726445,0,dev
2023101512,1541,6,0.005952380952380952,0.04875768655829465,0,dev
2023101512,1585,6,0.9395248380129589,0.9404328724722102,1,dev
2023101512,1622,6,0.5533707865168538,0.571425652808985,1,dev
2023101512,1696,6,0.9222585924713584,0.9224069409519466,1,dev
2023101512,1787,6,0.9092841956059532,0.9009207620216647,0,dev
2023101512,2074,6,0.9092841956059532,0.902493426266202,1,dev
2023101512,2161,6,0.9222585924713584,0.9358029829467034,1,dev
2023101512,2193,6,0.5533707865168538,0.5513146921587065,1,dev
2023101512,2296,6,0.004310344827586207,0.015316953808690484,0,dev
2023101512,2429,6,0.9222585924713584,0.9221061795370296,1,dev
2023101512,2553,6,0.9088785046728972,0.8916462829339287,1,dev
2023101512,2765,6,0.9088785046728972,0.8905165564244779,1,dev
2023101512,2834,6,0.9092841956059532,0.9158255415335791,1,dev
2023101512,2913,6,0.77728285077951,0.7576217988538864,1,dev
2023101512,2982,6,0.9222585924713584,0.9348923784227745,1,dev
2023101512,3464,6,0.9395248380129589,0.9404525972192472,1,dev
2023101512,3572,6,0.77728285077951,0.7898019957284328,1,dev
2023101512,3666,6,0.9222585924713584,0.9328038389685785,1,dev
2023101512,3691,6,0.9092841956059532,0.9060980146824559,1,dev
2023101512,3738,6,0.8348348348348347,0.8138240761555123,1,dev
2023101512,3806,6,0.9222585924713584,0.921090024590536,1,dev
2023101512,3865,6,0.8348348348348347,0.8267449941787112,1,dev
2023101512,3890,6,0.9092841956059532,0.9139767967232592,1,dev
2023101512,3937,6,0.3861788617886179,0.4181126372270399,0,dev
2023101512,3967,6,0.3861788617886179,0.4134299969828117,0,dev
2023101512,4068,6,0.8288288288288288,0.8081951193799733,0,dev
2023101512,4112,6,0.9222585924713584,0.9315453070271633,1,dev
2023101512,4167,6,0.07894736842105263,0.08664402246575884,1,dev
2023101512,4197,6,0.9222585924713584,0.9308916157572502,1,dev
2023101512,4227,6,0.840531561461794,0.8454507925637338,1,dev
2023101512,4252,6,0.840531561461794,0.8511501339937559,1,dev
2023101512,4307,6,0.9092841956059532,0.9168908107742066,1,dev
2023101512,4337,6,0.07894736842105263,0.08406581138038773,1,dev
2023101512,4490,6,0.13,0.20042039805378398,0,dev
2023101600,156,6,0.8348348348348347,0.8343157300580109,1,dev
2023101600,307,6,0.3534675615212528,0.34540585965874193,1,dev
2023101600,364,6,0.8348348348348347,0.8282282970388452,1,dev
2023101600,389,6,0.9222585924713584,0.9285127992171485,1,dev
2023101600,414,6,0.03296703296703297,0.07253734714668504,0,dev
2023101600,513,6,0.5533707865168538,0.5632407522612793,0,dev
2023101600,697,6,0.8348348348348347,0.8269752946669541,0,dev
2023101600,740,6,0.8851674641148325,0.8863151552951456,1,dev
2023101600,848,6,0.6589147286821706,0.6714921389825385,0,dev
2023101600,927,6,0.9395248380129589,0.9466873713332592,1,dev
2023101600,952,6,0.9092841956059532,0.9109410128915126,1,dev
2023101600,1165,6,0.41818181818181815,0.44961086625539887,0,dev
2023101600,1188,6,0.77728285077951,0.7791568824885721,0,dev
2023101600,1260,6,0.8348348348348347,0.8171837045079607,1,dev
2023101600,1296,6,0.9743589743589743,0.9614114838793936,1,dev
2023101600,1515,6,0.77728285077951,0.7382920789240165,1,dev
2023101600,1552,6,0.9395248380129589,0.9534850948113449,1,dev
2023101600,1633,6,0.21666666666666667,0.23913949848833163,0,dev
2023101600,1678,6,0.9222585924713584,0.9358258896143933,1,dev
2023101600,1750,6,0.77728285077951,0.7827308870246905,1,dev
2023101600,1825,6,0.753968253968254,0.7031639150788688,1,dev
2023101600,1850,6,0.77728285077951,0.7305717603677517,1,dev
2023101600,1887,6,0.41818181818181815,0.4476766289647719,1,dev
2023101600,1917,6,0.21666666666666667,0.24721648166095855,0,dev
2023101600,1974,6,0.8627204030226701,0.8645422231289502,1,dev
2023101600,2053,6,0.15942028985507245,0.21784481477057877,0,dev
2023101600,2076,6,0.9092841956059532,0.9014234396763343,1,dev
2023101600,2111,6,0.9088785046728972,0.889828122041258,1,dev
2023101600,2179,6,0.9092841956059532,0.9168779608562213,1,dev
2023101600,2220,6,0.8627204030226701,0.8696797578816253,1,dev
2023101600,2370,6,0.9092841956059532,0.9148132768109022,1,dev
2023101600,2507,6,0.8627204030226701,0.8658558790073995,1,dev
2023101600,2532,6,0.8627204030226701,0.868256729450099,1,dev
2023101600,2579,6,0.8681318681318682,0.877286171388049,1,dev
2023101600,2627,6,0.8627204030226701,0.8639602723451691,1,dev
2023101600,2674,6,0.11059907834101383,0.16780663339612395,0,dev
2023101600,2835,6,0.8757396449704142,0.8822078623656031,1,dev
2023101600,2865,6,0.9088785046728972,0.8908423919546489,1,dev
2023101600,2940,6,0.8757396449704142,0.8795553028280645,1,dev
2023101600,3038,6,0.005952380952380952,0.05663070128557247,0,dev
2023101600,3168,6,0.8348348348348347,0.8367973977481051,1,dev
2023101600,3298,6,0.8757396449704142,0.881174518982431,1,dev
2023101600,3357,6,0.3861788617886179,0.40266878806637374,1,dev
2023101600,3421,6,0.77728285077951,0.7472484691057881,0,dev
2023101600,3541,6,0.44370860927152306,0.47518556927200906,1,dev
2023101600,3599,6,0.11059907834101383,0.1488055878298912,0,dev
2023101600,3755,6,0.44370860927152306,0.4814842559614842,0,dev
2023101600,3778,6,0.9092841956059532,0.9145094540091853,1,dev
2023101600,3803,6,0.9222585924713584,0.9212656428158317,1,dev
2023101600,3898,6,0.9395248380129589,0.9398324098316588,1,dev
2023101600,4008,6,0.77728285077951,0.7450724510943071,0,dev
2023101600,4053,6,0.77728285077951,0.7914699686600782,1,dev
2023101600,4105,6,0.8851674641148325,0.8870087277585679,0,dev
2023101600,4182,6,0.77728285077951,0.7878777222262137,1,dev
2023101600,4288,6,0.5,0.5167651892363603,0,dev
2023101900,78,7,0.77728285077951,0.7777571539762056,1,dev
2023101900,172,7,0.03296703296703297,0.07437136350646512,0,dev
2023101900,227,7,0.8245614035087719,0.7952041085348182,1,dev
2023101900,340,7,0.9092841956059532,0.9116601582228667,0,dev
2023101900,385,7,0.8627204030226701,0.8650035930944462,1,dev
2023101900,491,7,0.9395248380129589,0.9503016642219938,1,dev
2023101900,543,7,0.753968253968254,0.7089500506899518,0,dev
2023101900,610,7,0.9088785046728972,0.8966860091146518,1,dev
2023101900,680,7,0.9092841956059532,0.9184069215482025,1,dev
2023101900,705,7,0.07894736842105263,0.0849786170436933,0,dev
2023101900,842,7,0.8681318681318682,0.8787087027559003,0,dev
2023101900,867,7,0.3534675615212528,0.3304457120889227,0,dev
2023101900,977,7,0.840531561461794,0.8411347372730087,1,dev
2023101900,1027,7,0.8288288288288288,0.8077104760924013,1,dev
2023101900,1173,7,0.8627204030226701,0.8586793254671342,1,dev
2023101900,1203,7,0.3534675615212528,0.3355703949741936,1,dev
2023101900,1277,7,0.3333333333333333,0.29352874455035677,0,dev
2023101900,1300,7,0.11059907834101383,0.1830463603077972,0,dev
2023101900,1386,7,0.005952380952380952,0.04252370346488591,0,dev
2023101900,1429,7,0.9092841956059532,0.8983150623401871,1,dev
2023101900,1526,7,0.9222585924713584,0.9311296702425272,1,dev
2023101900,1553,7,0.6571428571428571,0.6254495111263066,0,dev
2023101900,1650,7,0.77728285077951,0.7677875848406767,0,dev
2023101900,1704,7,0.9222585924713584,0.9328648118093394,1,dev
2023101900,1751,7,0.7197452229299363,0.6954618652191095,1,dev
2023101900,1776,7,0.6571428571428571,0.604563307429669,1,dev
2023101900,1835,7,0.8627204030226701,0.8659728213226092,0,dev
2023101900,1928,7,0.840531561461794,0.8412286064714455,1,dev
2023101900,1958,7,0.8348348348348347,0.8223062956629361,1,dev
2023101900,2017,7,0.9395248380129589,0.9385598350756053,1,dev
2023101900,2070,7,0.8627204030226701,0.8720481278851275,1,dev
2023101900,2142,7,0.9135802469135802,0.9194392325532773,1,dev
2023101900,2174,7,0.9222585924713584,0.9352847853753435,1,dev
2023101900,2211,7,0.3534675615212528,0.32609447504280453,0,dev
2023101900,2393,7,0.3534675615212528,0.3405520483124709,1,dev
2023101900,2455,7,0.9092841956059532,0.8984958029925855,1,dev
2023101900,2480,7,0.77728285077951,0.7909396127737877,1,dev
2023101900,2527,7,0.8851674641148325,0.8830218295820839,1,dev
2023101900,2631,7,0.13,0.20771706226727443,0,dev
2023101900,2654,7,0.9395248380129589,0.9368944930230941,1,dev
2023101900,2785,7,0.8348348348348347,0.8318697104058386,1,dev
2023101900,2880,7,0.25874125874125875,0.26645866906669985,0,dev
2023101900,2969,7,0.5533707865168538,0.5221981523418863,1,dev
2023101900,3023,7,0.9222585924713584,0.9330428952633795,1,dev
2023101900,3053,7,0.9222585924713584,0.9254850210469358,1,dev
2023101900,3083,7,0.9092841956059532,0.907681529825491,1,dev
2023101900,3160,7,0.8288288288288288,0.8060256493058965,1,dev
2023101900,3640,7,0.9222585924713584,0.9213583842271276,1,dev
2023101900,3665,7,0.0,0.01042922105952307,0,dev
2023101900,3730,7,0.45,0.48677514174249686,0,dev
2023101900,3875,7,0.9222585924713584,0.9274943600992965,1,dev
2023101900,3907,7,0.753968253968254,0.7047970490330825,1,dev
2023101900,3932,7,0.45,0.4875804519066611,1,dev
2023101900,4066,7,0.004310344827586207,0.04008440650652684,0,dev
2023101900,4089,7,0.3861788617886179,0.395906971446805,0,dev
2023101900,4155,7,0.9222585924713584,0.9347944243871488,1,dev
2023101900,4274,7,0.8627204030226701,0.8615273799054092,1,dev
2023101900,4336,7,0.9222585924713584,0.9285057972329727,1,dev
2023101900,4361,7,0.9092841956059532,0.9024725214645152,1,dev
2023101900,4411,7,0.9222585924713584,0.9355382949158054,1,dev
2023101900,4493,7,0.77728285077951,0.7829424032380495,1,dev
2023101900,4586,7,0.8757396449704142,0.8819382576443102,0,dev
2023101900,4616,7,0.3534675615212528,0.3629052004605753,0,dev
2023102200,55,7,0.9092841956059532,0.9017796887558526,1,dev
2023102200,80,7,0.9135802469135802,0.9188954613474962,1,dev
2023102200,110,7,0.9222585924713584,0.9208380124697226,1,dev
2023102200,291,7,0.3534675615212528,0.33437769623167035,0,dev
2023102200,389,7,0.8627204030226701,0.854613243494109,1,dev
2023102200,421,7,0.3534675615212528,0.32593307225645785,0,dev
2023102200,478,7,0.8851674641148325,0.8863175466998329,1,dev
2023102200,537,7,0.9092841956059532,0.9183124797183853,1,dev
2023102200,584,7,0.9088785046728972,0.8902677995295566,0,dev
2023102200,661,7,0.9092841956059532,0.9093652638634371,1,dev
2023102200,686,7,0.9092841956059532,0.9144969580660623,1,dev
2023102200,754,7,0.9395248380129589,0.9445684217483119,1,dev
2023102200,801,7,0.3861788617886179,0.42421356316836756,0,dev
2023102200,857,7,0.5,0.49579898456708327,1,dev
2023102200,922,7,0.325,0.2895578666626256,0,dev
2023102200,967,7,0.77728285077951,0.775815934933089,1,dev
2023102200,1017,7,0.9092841956059532,0.9072331650398618,1,dev
2023102200,1092,7,0.8288288288288288,0.8018660894320794,1,dev
2023102200,1198,7,0.9395248380129589,0.9382523151367194,1,dev
2023102200,1316,7,0.8348348348348347,0.8376974908657158,1,dev
2023102200,1478,7,0.4155844155844156,0.4263165421870524,1,dev
2023102200,1523,7,0.6589147286821706,0.6804841082686385,0,dev
2023102200,1546,7,0.8348348348348347,0.8305777564224618,1,dev
2023102200,1576,7,0.11059907834101383,0.16034151607932856,0,dev
2023102200,1639,7,0.8757396449704142,0.8810101183601223,1,dev
2023102200,1686,7,0.9088785046728972,0.8921100706601186,1,dev
2023102200,1785,7,0.840531561461794,0.847235600018795,1,dev
2023102200,1810,7,0.8681318681318682,0.8783891886899715,1,dev
2023102200,1874,7,0.3861788617886179,0.3965746967374319,1,dev
2023102200,1904,7,0.6589147286821706,0.6665782404889433,0,dev
2023102200,1927,7,0.3534675615212528,0.37638004182291274,1,dev
2023102200,2027,7,0.5533707865168538,0.5437145404028613,1,dev
2023102200,2241,7,0.13,0.19831432693208154,1,dev
2023102200,2343,7,0.5533707865168538,0.5726607034700723,1,dev
2023102200,2420,7,0.11059907834101383,0.14503638379060577,0,dev
2023102200,2466,7,0.3534675615212528,0.3512917969301641,0,dev
2023102200,2518,7,0.9395248380129589,0.9422822098426193,1,dev
2023102200,2565,7,0.8348348348348347,0.8139676139597256,1,dev
2023102200,2639,7,0.9222585924713584,0.9233675099740009,1,dev
2023102200,2671,7,0.005952380952380952,0.0473297304275766,0,dev
2023102200,2970,7,0.77728285077951,0.7783878517161968,1,dev
2023102200,3022,7,0.9088785046728972,0.8926849387196351,1,dev
2023102200,3047,7,0.9222585924713584,0.926831610025534,1,dev
2023102200,3116,7,0.9092841956059532,0.9003823284611489,1,dev
2023102200,3152,7,0.77728285077951,0.7720065217592044,1,dev
2023102200,3273,7,0.9092841956059532,0.9042255369794346,1,dev
2023102200,3405,7,0.8348348348348347,0.8178728384001287,1,dev
2023102200,3498,7,0.9395248380129589,0.9414880833454123,1,dev
2023102200,3523,7,0.8348348348348347,0.8307168568445491,1,dev
2023102200,3553,7,0.8288288288288288,0.8058564176183864,1,dev
2023102200,3583,7,0.9222585924713584,0.9308828554145019,1,dev
2023102200,3608,7,0.5533707865168538,0.5349840842654655,1,dev
2023102200,3633,7,0.9222585924713584,0.9269542042070128,1,dev
2023102200,3658,7,0.9092841956059532,0.9142222140233935,1,dev
2023102200,3683,7,0.9092841956059532,0.9004558875569623,1,dev
2023102200,3708,7,0.6571428571428571,0.6115395194449244,1,dev
2023102200,3761,7,0.4155844155844156,0.4322920882103612,0,dev
2023102200,3784,7,0.9092841956059532,0.9052954726392599,0,dev
2023102200,3807,7,0.25874125874125875,0.26673380348032183,0,dev
2023102200,3886,7,0.11059907834101383,0.14327032826035968,0,dev
2023102200,3950,7,0.4155844155844156,0.4332884639897414,0,dev
2023102200,3980,7,0.004310344827586207,0.01863391513163634,0,dev
2023102200,4003,7,0.8348348348348347,0.8160953512142922,1,dev
2023102200,4028,7,0.4155844155844156,0.4280179980812998,1,dev
2023102200,4053,7,0.6589147286821706,0.6672401071414145,0,dev
2023102201,107,7,0.9395248380129589,0.947853814862618,0,dev
2023102201,173,7,0.9135802469135802,0.9199139453427633,1,dev
2023102201,225,7,0.9088785046728972,0.8943136036529563,1,dev
2023102201,302,7,0.13,0.1880434929807754,0,dev
2023102201,424,7,0.8851674641148325,0.8857450175352211,1,dev
2023102201,485,7,0.8681318681318682,0.8778387542258966,1,dev
2023102201,755,7,0.004310344827586207,0.03539941489709136,0,dev
2023102201,834,7,0.8348348348348347,0.8373322324116141,1,dev
2023102201,894,7,0.8627204030226701,0.8714550135916813,0,dev
2023102201,917,7,0.004310344827586207,0.018402400934811984,0,dev
2023102201,1040,7,0.77728285077951,0.7772154716463023,1,dev
2023102201,1162,7,0.6571428571428571,0.5957797734201773,1,dev
2023102201,1187,7,0.41818181818181815,0.45132127274375583,1,dev
2023102201,1396,7,0.9092841956059532,0.8969728951908511,1,dev
2023102201,1527,7,0.8348348348348347,0.839560497361744,1,dev
2023102201,1552,7,0.8245614035087719,0.7959345977502993,1,dev
2023102201,1582,7,0.8627204030226701,0.872782340487994,1,dev
2023102201,1634,7,0.840531561461794,0.8474100707017745,1,dev
2023102201,1682,7,0.9092841956059532,0.9036015825753975,1,dev
2023102201,1764,7,0.004310344827586207,0.027505351355152512,0,dev
2023102201,1843,7,0.77728285077951,0.7625339252477494,0,dev
2023102201,1873,7,0.25874125874125875,0.282762392357334,0,dev
2023102201,1946,7,0.9092841956059532,0.9039039454034599,1,dev
2023102201,1976,7,0.5533707865168538,0.5733937266313857,1,dev
2023102201,2001,7,0.9092841956059532,0.9170124458705607,1,dev
2023102201,2089,7,0.8348348348348347,0.8384730669622296,1,dev
2023102201,2367,7,0.6589147286821706,0.6683285177871197,0,dev
2023102201,2668,7,0.9222585924713584,0.9223621430841268,1,dev
2023102201,2693,7,0.8288288288288288,0.8062032459921009,1,dev
2023102201,2765,7,0.3534675615212528,0.35579326406245254,0,dev
2023102201,2788,7,0.8851674641148325,0.8850984593609001,1,dev
2023102201,2857,7,0.11059907834101383,0.13244531495990985,0,dev
2023102201,2880,7,0.8681318681318682,0.8767385502281669,1,dev
2023102201,2905,7,0.9395248380129589,0.9500238095491481,1,dev
2023102201,2935,7,0.7583333333333333,0.7211236148372578,1,dev
2023102201,2960,7,0.5533707865168538,0.5227952410945071,1,dev
2023102201,3005,7,0.22727272727272727,0.25705931743535515,0,dev
2023102201,3129,7,0.3465346534653465,0.2968217998523067,0,dev
2023102201,3197,7,0.8288288288288288,0.8071922524967385,1,dev
2023102201,3249,7,0.8627204030226701,0.8583078781239102,1,dev
2023102201,3284,7,0.77728285077951,0.7345077868485306,0,dev
2023102201,3481,7,0.6571428571428571,0.6051341103504465,1,dev
2023102201,3799,7,0.8627204030226701,0.8709922807666852,0,dev
2023102201,3826,7,0.9395248380129589,0.9485302519008382,0,dev
2023102201,3849,7,0.9395248380129589,0.9461431002252758,1,dev
2023102201,3874,7,0.6589147286821706,0.6636325961698265,1,dev
2023102201,4037,7,0.8348348348348347,0.8174788237918306,1,dev
2023102201,4062,7,0.9222585924713584,0.9319263597545586,1,dev
2023102201,4092,7,0.9092841956059532,0.8997726433012411,1,dev
2023102201,4117,7,0.9092841956059532,0.906325037846286,1,dev
2023102201,4142,7,0.9092841956059532,0.9181761839491918,1,dev
2023102201,4167,7,0.9222585924713584,0.9357572487415884,1,dev
2023102201,4199,7,0.8627204030226701,0.8721446198655084,1,dev
2023102201,4224,7,0.77728285077951,0.7883440979803984,1,dev
2023102202,62,7,0.11059907834101383,0.16735671508564964,0,dev
2023102202,205,7,0.9092841956059532,0.9093946648741879,1,dev
2023102202,230,7,0.3534675615212528,0.37189965734739583,0,dev
2023102202,287,7,0.9092841956059532,0.9040508568239852,1,dev
2023102202,634,7,0.9088785046728972,0.8966120494368491,1,dev
2023102202,685,7,0.004310344827586207,0.025888910414204224,0,dev
2023102202,715,7,0.6571428571428571,0.6300847385916252,1,dev
2023102202,938,7,0.11059907834101383,0.12470686514553543,0,dev
2023102202,1295,7,0.9092841956059532,0.9164851503844071,1,dev
2023102202,1375,7,0.9222585924713584,0.9306602919204465,1,dev
2023102202,1400,7,0.8288288288288288,0.8078191444704835,0,dev
2023102202,1603,7,0.9092841956059532,0.9162036175295838,0,dev
2023102202,1692,7,0.8288288288288288,0.8005431416084854,1,dev
2023102202,1717,7,0.9222585924713584,0.9223086069375234,1,dev
2023102202,1810,7,0.8681318681318682,0.8760206837600137,1,dev
2023102202,1896,7,0.3534675615212528,0.32465607741769953,0,dev
2023102202,1922,7,0.7583333333333333,0.71855200915876,1,dev
2023102202,2068,7,0.9395248380129589,0.9389895229015557,1,dev
2023102202,2380,7,0.8757396449704142,0.8793545178567342,1,dev
2023102202,2405,7,0.7197452229299363,0.683868709141397,1,dev
2023102202,2435,7,0.9222585924713584,0.9304034438251998,1,dev
2023102202,2460,7,0.9088785046728972,0.8926209049528437,1,dev
2023102202,2728,7,0.4155844155844156,0.42805920813049386,0,dev
2023102202,2931,7,0.840531561461794,0.8490674833326588,0,dev
2023102202,3330,7,0.03296703296703297,0.07600755452849048,0,dev
2023102202,3353,7,0.9395248380129589,0.9420292912679269,1,dev
2023102202,3527,7,0.4155844155844156,0.43518860928265585,1,dev
2023102202,3607,7,0.840531561461794,0.843273426243669,0,dev
2023102202,3630,7,0.9088785046728972,0.8965131626470371,1,dev
2023102202,3769,7,0.77728285077951,0.769135102245509,1,dev
2023102202,3824,7,0.11059907834101383,0.14790218479645625,0,dev
2023102202,4094,7,0.005952380952380952,0.04746216531785405,0,dev
2023102202,4175,7,0.9088785046728972,0.8919034866788633,1,dev
2023102202,4265,7,0.8627204030226701,0.8572284742338525,1,dev
2023102202,4513,7,0.9092841956059532,0.9177505622570585,0,dev
2023102202,4536,7,0.5533707865168538,0.5208353518733239,1,dev
2023102202,4617,7,0.9092841956059532,0.9108046032453592,1,dev
2023102202,4664,7,0.7583333333333333,0.717512683359914,1,dev
2023102202,4782,7,0.5,0.5203479361748463,0,dev
2023102202,4938,7,0.25874125874125875,0.2614721271467437,0,dev
2023102203,56,7,0.95,0.9538030056409543,1,dev
2023102203,150,7,0.9222585924713584,0.9328070200072612,1,dev
2023102203,318,7,0.840531561461794,0.8513481845557205,0,dev
2023102203,422,7,0.6589147286821706,0.6659241693811663,1,dev
2023102203,567,7,0.13,0.1913305393323951,1,dev
2023102203,625,7,0.8348348348348347,0.8260193964991664,1,dev
2023102203,913,7,0.5533707865168538,0.5673473315430351,0,dev
2023102203,1031,7,0.8681318681318682,0.8784283840907685,1,dev
2023102203,1106,7,0.9743589743589743,0.9591932363116933,1,dev
2023102203,1208,7,0.25874125874125875,0.28335229602343004,0,dev
2023102203,1266,7,0.9222585924713584,0.9333623510414186,1,dev
2023102203,1347,7,0.8348348348348347,0.8202538153860098,1,dev
2023102203,1415,7,0.9395248380129589,0.9472791945532582,1,dev
2023102203,1462,7,0.9395248380129589,0.9482951371969768,1,dev
2023102203,1487,7,0.9088785046728972,0.8967482761817459,1,dev
2023102203,1588,7,0.9395248380129589,0.9382419901572242,1,dev
2023102203,1706,7,0.9222585924713584,0.9229958767026043,1,dev
2023102203,1743,7,0.9395248380129589,0.9370374387280153,1,dev
2023102203,1819,7,0.9088785046728972,0.8899294254392928,1,dev
2023102203,1983,7,0.6571428571428571,0.6129419976702829,1,dev
2023102203,2008,7,0.9395248380129589,0.9453507372893497,1,dev
2023102203,2066,7,0.9395248380129589,0.9401253013906417,1,dev
2023102203,2152,7,0.9222585924713584,0.9207482918915773,1,dev
2023102203,2199,7,0.5,0.5006245496474796,0,dev
2023102203,2224,7,0.8627204030226701,0.8629634088426918,1,dev
2023102203,2322,7,0.8627204030226701,0.8611299159255132,1,dev
2023102203,2347,7,0.9088785046728972,0.888720236676387,1,dev
2023102203,2438,7,0.8757396449704142,0.8793889167582778,1,dev
2023102203,2580,7,0.5,0.49620509575134675,0,dev
2023102203,2603,7,0.753968253968254,0.7058353462796396,1,dev
2023102203,2628,7,0.9395248380129589,0.949503619591709,1,dev
2023102203,2729,7,0.5533707865168538,0.5598927494901565,1,dev
2023102203,2841,7,0.8288288288288288,0.8037702195983264,1,dev
2023102203,2866,7,0.6589147286821706,0.6501075917609588,0,dev
2023102203,3099,7,0.6571428571428571,0.5845057890604882,1,dev
2023102203,3146,7,0.8757396449704142,0.8804306868301311,1,dev
2023102203,3259,7,0.9743589743589743,0.9591470168638979,1,dev
2023102203,3284,7,0.9395248380129589,0.9451779738944259,1,dev
2023102203,3343,7,0.8348348348348347,0.8179252563018331,1,dev
2023102203,3368,7,0.9092841956059532,0.9118791015168329,1,dev
2023102203,3393,7,0.9092841956059532,0.9003092697114065,1,dev
2023102203,3493,7,0.3465346534653465,0.30786371752633634,0,dev
2023102203,3516,7,0.8627204030226701,0.8534087662821386,1,dev
2023102203,3557,7,0.77728285077951,0.7628647740677781,1,dev
2023102203,3651,7,0.9092841956059532,0.9150327500719607,1,dev
2023102203,3694,7,0.7583333333333333,0.7242828119626674,1,dev
2023102203,3892,7,0.9092841956059532,0.909211912565243,1,dev
2023102203,3917,7,0.8348348348348347,0.8335491769055484,1,dev
2023102203,3942,7,0.8757396449704142,0.8800529290826978,1,dev
2023102203,3974,7,0.7583333333333333,0.7156667967007396,1,dev
2023102203,4072,7,0.77728285077951,0.7489867004048039,1,dev
2023102203,4129,7,0.77728285077951,0.7565322073620908,0,dev
2023102204,215,7,0.9222585924713584,0.9276470020478559,1,dev
2023102204,291,7,0.8681318681318682,0.8786877058395398,1,dev
2023102204,350,7,0.3534675615212528,0.37334438659219066,1,dev
2023102204,471,7,0.3861788617886179,0.4257163737273907,0,dev
2023102204,515,7,0.9395248380129589,0.942798336929161,0,dev
2023102204,567,7,0.15942028985507245,0.21001258888794083,0,dev
2023102204,639,7,0.9092841956059532,0.9108645037550088,1,dev
2023102204,723,7,0.9222585924713584,0.9318098065371536,1,dev
2023102204,777,7,0.13,0.20439198121921215,0,dev
2023102204,869,7,0.9092841956059532,0.9093432889996804,1,dev
2023102204,894,7,0.3534675615212528,0.3498318835024741,1,dev
2023102204,924,7,0.9092841956059532,0.9166747545146741,1,dev
2023102204,1076,7,0.8348348348348347,0.8220545077138234,1,dev
2023102204,1236,7,0.840531561461794,0.8466355292098754,1,dev
2023102204,1403,7,0.8348348348348347,0.818889842321347,1,dev
2023102204,1481,7,0.9092841956059532,0.9013907676177739,1,dev
2023102204,1511,7,0.9088785046728972,0.8928526514782186,1,dev
2023102204,1597,7,0.3534675615212528,0.37833820556427145,0,dev
2023102204,1733,7,0.8245614035087719,0.7946785704948031,1,dev
2023102204,1799,7,0.44370860927152306,0.4744590730434587,0,dev
2023102204,1933,7,0.9092841956059532,0.9093475383725468,1,dev
2023102204,2055,7,0.9395248380129589,0.9371623468889771,1,dev
2023102204,2201,7,0.9222585924713584,0.9251453513304576,1,dev
2023102204,2246,7,0.6589147286821706,0.659430473020444,0,dev
2023102204,2296,7,0.9395248380129589,0.9393112215630324,1,dev
2023102204,2321,7,0.5533707865168538,0.5298438634218998,0,dev
2023102204,2630,7,0.8757396449704142,0.8806939133753201,1,dev
2023102204,2660,7,0.004310344827586207,0.0357875776302167,0,dev
2023102204,2832,7,0.5,0.5135538425255819,0,dev
2023102204,2855,7,0.9395248380129589,0.9385692901130163,1,dev
2023102204,2928,7,0.5533707865168538,0.5718852859482818,1,dev
2023102204,2992,7,0.840531561461794,0.8475203985080048,1,dev
2023102204,3022,7,0.5533707865168538,0.5732246392590946,0,dev
2023102204,3063,7,0.005952380952380952,0.059527984387250675,0,dev
2023102204,3251,7,0.77728285077951,0.7665593597892139,1,dev
2023102204,3345,7,0.7583333333333333,0.7164063746584713,0,dev
2023102204,3405,7,0.07894736842105263,0.10936584327044313,1,dev
2023102204,3510,7,0.3465346534653465,0.30047848295036383,1,dev
2023102204,3616,7,0.8348348348348347,0.8285819506189781,1,dev
2023102204,3797,7,0.77728285077951,0.7895978891039737,1,dev
2023102204,3849,7,0.3861788617886179,0.40572416328611954,1,dev
2023102204,4017,7,0.8681318681318682,0.8780593812239953,0,dev
2023102204,4074,7,0.8627204030226701,0.8641123309582477,1,dev
2023102204,4104,7,0.5,0.49489302427898163,1,dev
2023102204,4129,7,0.4155844155844156,0.43404946194311633,0,dev
2023102204,4152,7,0.41818181818181815,0.4375057925152359,1,dev
2023102204,4177,7,0.8627204030226701,0.8702904757826141,1,dev
2023102204,4202,7,0.9092841956059532,0.9047815481567862,1,dev
2023102204,4317,7,0.5533707865168538,0.5384654815243031,1,dev
2023102204,4347,7,0.9092841956059532,0.8981603015732682,1,dev
2023102204,4372,7,0.77728285077951,0.7408656286196653,1,dev
2023102204,4452,7,0.07894736842105263,0.08506900026351144,0,dev
2023102204,4482,7,0.77728285077951,0.76624906782913,0,dev
2023102205,55,7,0.8757396449704142,0.8802154712653402,1,dev
2023102205,80,7,0.8627204030226701,0.862808224110707,1,dev
2023102205,256,7,0.45,0.4880320886719261,0,dev
2023102205,279,7,0.6571428571428571,0.5795362264678027,0,dev
2023102205,325,7,0.8348348348348347,0.8148930594559443,1,dev
2023102205,431,7,0.840531561461794,0.8447348196882222,1,dev
2023102205,478,7,0.11059907834101383,0.13531033824688576,1,dev
2023102205,610,7,0.004310344827586207,0.026727815983573492,0,dev
2023102205,644,7,0.8757396449704142,0.8806115496730184,1,dev
2023102205,715,7,0.9395248380129589,0.946248503269737,1,dev
2023102205,784,7,0.3534675615212528,0.313556705401913,1,dev
2023102205,870,7,0.8757396449704142,0.8796539087813814,1,dev
2023102205,895,7,0.41818181818181815,0.44462055254746535,0,dev
2023102205,968,7,0.8627204030226701,0.8657852349312748,1,dev
2023102205,1057,7,0.8288288288288288,0.8066560878226213,1,dev
2023102205,1106,7,0.9092841956059532,0.9071251888032922,1,dev
2023102205,1180,7,0.3534675615212528,0.3687276770544166,1,dev
2023102205,1234,7,0.8681318681318682,0.8765726260045268,1,dev
2023102205,1326,7,0.4155844155844156,0.43452395983223724,0,dev
2023102205,1432,7,0.9222585924713584,0.9207799902618401,1,dev
2023102205,1457,7,0.840531561461794,0.8466239328853576,1,dev
2023102205,1487,7,0.03296703296703297,0.06848631380058479,0,dev
2023102205,1510,7,0.5533707865168538,0.5349548322499217,0,dev
2023102205,1567,7,0.9395248380129589,0.9421503945251012,0,dev
2023102205,1590,7,0.9092841956059532,0.9139030666687354,1,dev
2023102205,1637,7,0.77728285077951,0.7649871231852992,1,dev
2023102205,1689,7,0.9092841956059532,0.9109463498195698,1,dev
2023102205,1749,7,0.3534675615212528,0.37341894631960987,0,dev
2023102205,1772,7,0.9222585924713584,0.9229288341916685,1,dev
2023102205,1845,7,0.77728285077951,0.752581786660917,1,dev
2023102205,1897,7,0.9395248380129589,0.9430517156022565,1,dev
2023102205,2067,7,0.8627204030226701,0.8653203422362143,1,dev
2023102205,2321,7,0.840531561461794,0.8430554338891422,1,dev
2023102205,2406,7,0.21666666666666667,0.24227438246007207,0,dev
2023102205,2458,7,0.9092841956059532,0.9085625049415849,1,dev
2023102205,2613,7,0.8348348348348347,0.8381725713995455,1,dev
2023102205,2682,7,0.77728285077951,0.7357023244552074,1,dev
2023102205,2707,7,0.9222585924713584,0.9263894809119654,1,dev
2023102205,2846,7,0.3861788617886179,0.41730652577350585,1,dev
2023102205,3035,7,0.25874125874125875,0.27933726489184635,1,dev
2023102205,3147,7,0.9395248380129589,0.9420193262653402,1,dev
2023102205,3293,7,0.9222585924713584,0.9217250652029678,1,dev
2023102205,3318,7,0.6571428571428571,0.5922583344566602,1,dev
2023102205,3383,7,0.8851674641148325,0.88663153633196,1,dev
2023102205,3415,7,0.9092841956059532,0.9040354611389199,1,dev
2023102205,3671,7,0.22727272727272727,0.2564294085832205,0,dev
2023102205,3694,7,0.8627204030226701,0.8519318126702147,1,dev
2023102205,3744,7,0.6589147286821706,0.6622941706943835,1,dev
2023102205,3769,7,0.6571428571428571,0.6103516800050821,1,dev
2023102205,3959,7,0.07894736842105263,0.09148700904867024,0,dev
2023102205,3982,7,0.6589147286821706,0.6829800404513463,1,dev
2023102205,4063,7,0.9088785046728972,0.8911674970939515,1,dev
2023102205,4149,7,0.11059907834101383,0.14969994597384498,0,dev
2023102205,4258,7,0.6571428571428571,0.6091032189171373,0,dev
2023102206,55,7,0.9395248380129589,0.9359641488261756,1,dev
2023102206,105,7,0.005952380952380952,0.050558128885894206,0,dev
2023102206,148,7,0.9092841956059532,0.9012695150257141,0,dev
2023102206,227,7,0.7197452229299363,0.6911795653058981,0,dev
2023102206,401,7,0.9092841956059532,0.9081309583415668,1,dev
2023102206,524,7,0.03296703296703297,0.08356927967056398,0,dev
2023102206,598,7,0.9092841956059532,0.9153629923500681,1,dev
2023102206,650,7,0.004310344827586207,0.015728890497471615,0,dev
2023102206,673,7,0.9222585924713584,0.9348096565449103,1,dev
2023102206,746,7,0.44370860927152306,0.46854311528877396,1,dev
2023102206,853,7,0.8627204030226701,0.862876597422736,1,dev
2023102206,1059,7,0.5533707865168538,0.5325388347360164,1,dev
2023102206,1184,7,0.9395248380129589,0.9513894154490784,1,dev
2023102206,1235,7,0.41818181818181815,0.45884092262663445,0,dev
2023102206,1443,7,0.9088785046728972,0.8933646337445792,1,dev
2023102206,1517,7,0.11059907834101383,0.17248648716831547,0,dev
2023102206,1606,7,0.8288288288288288,0.7967875577088614,1,dev
2023102206,1658,7,0.77728285077951,0.7816968335375272,0,dev
2023102206,1786,7,0.77728285077951,0.7721843953984102,1,dev
2023102206,1889,7,0.3534675615212528,0.3589702255707653,0,dev
2023102206,1919,7,0.8757396449704142,0.8802477549392821,1,dev
2023102206,2097,7,0.9222585924713584,0.9207844842597537,1,dev
2023102206,2266,7,0.3861788617886179,0.39026746886135627,1,dev
2023102206,2364,7,0.9395248380129589,0.9415430572809793,0,dev
2023102206,2387,7,0.8627204030226701,0.851840107151379,1,dev
2023102206,2525,7,0.6571428571428571,0.5939138465719522,1,dev
2023102206,2583,7,0.25874125874125875,0.26744096682008744,0,dev
2023102206,2699,7,0.9222585924713584,0.9308109534500217,1,dev
2023102206,2748,7,0.8627204030226701,0.8725315450871592,1,dev
2023102206,2895,7,0.6571428571428571,0.5862645823911887,0,dev
2023102206,2918,7,0.3861788617886179,0.40285344863259054,0,dev
2023102206,2971,7,0.9092841956059532,0.918519810377366,1,dev
2023102206,2996,7,0.6589147286821706,0.6672373704755707,1,dev
2023102206,3041,7,0.25874125874125875,0.27170155145007385,1,dev
2023102206,3198,7,0.3534675615212528,0.3781313500547902,0,dev
2023102206,3239,7,0.9092841956059532,0.8969302701999802,1,dev
2023102206,3348,7,0.5,0.49319852250169854,1,dev
2023102206,3422,7,0.8348348348348347,0.8265642559526444,1,dev
2023102206,3476,7,0.8681318681318682,0.8779543813476941,1,dev
2023102206,3684,7,0.07894736842105263,0.12303480375552102,0,dev
2023102206,3777,7,0.9088785046728972,0.8938650919197633,1,dev
2023102206,3894,7,0.3534675615212528,0.3559203763085342,1,dev
2023102207,55,7,0.9222585924713584,0.9299140108805196,1,dev
2023102207,80,7,0.9088785046728972,0.894707406130858,0,dev
2023102207,178,7,0.9092841956059532,0.9078276900204917,0,dev
2023102207,272,7,0.8627204030226701,0.8542274787435136,1,dev
2023102207,297,7,0.6571428571428571,0.6169260549757656,1,dev
2023102207,415,7,0.8348348348348347,0.8193894648674878,1,dev
2023102207,473,7,0.15942028985507245,0.22109327693566674,0,dev
2023102207,518,7,0.8627204030226701,0.8696624458068536,0,dev
2023102207,574,7,0.8288288288288288,0.811879048697408,1,dev
2023102207,631,7,0.9222585924713584,0.9289703123716544,1,dev
2023102207,780,7,0.5533707865168538,0.5524448766182442,0,dev
2023102207,867,7,0.9092841956059532,0.9177710846432732,1,dev
2023102207,897,7,0.8627204030226701,0.8724276746654687,0,dev
2023102207,1046,7,0.9222585924713584,0.9275526292558243,1,dev
2023102207,1206,7,0.3534675615212528,0.38414369442589086,0,dev
2023102207,1276,7,0.8348348348348347,0.8209572630488,1,dev
2023102207,1372,7,0.8348348348348347,0.8225574563330482,1,dev
2023102207,1589,7,0.3534675615212528,0.33213279132852236,1,dev
2023102207,1614,7,0.9088785046728972,0.88795837747148,1,dev
2023102207,1695,7,0.03296703296703297,0.08376719557204822,0,dev
2023102207,1718,7,0.7197452229299363,0.6931998518844859,1,dev
2023102207,1743,7,0.9222585924713584,0.9255517974433363,0,dev
2023102207,1788,7,0.7583333333333333,0.7165190539784669,1,dev
2023102207,1813,7,0.25874125874125875,0.2773067265718211,1,dev
2023102207,1914,7,0.6571428571428571,0.6333221993778161,0,dev
2023102207,1959,7,0.41818181818181815,0.44287011873688287,1,dev
2023102207,2017,7,0.8627204030226701,0.8708094260219152,1,dev
2023102207,2114,7,0.9395248380129589,0.9361278942736877,1,dev
2023102207,2139,7,0.8627204030226701,0.860052699873294,1,dev
2023102207,2387,7,0.77728285077951,0.7813960021285036,1,dev
2023102207,2461,7,0.8348348348348347,0.8324396489973294,1,dev
2023102207,2491,7,0.25874125874125875,0.2832756630388174,1,dev
2023102207,2638,7,0.8348348348348347,0.8356041847970761,1,dev
2023102207,2757,7,0.9222585924713584,0.9289780149589777,1,dev
2023102207,3005,7,0.9088785046728972,0.8957013519950401,1,dev
2023102207,3052,7,0.9092841956059532,0.9152465874627268,1,dev
2023102207,3097,7,0.11059907834101383,0.1262878173822612,0,dev
2023102207,3164,7,0.6589147286821706,0.6526982561124104,1,dev
2023102207,3452,7,0.753968253968254,0.7034250394575292,1,dev
2023102207,3530,7,0.9092841956059532,0.9091839413246626,1,dev
2023102207,3624,7,0.753968253968254,0.7033449166763048,0,dev
2023102207,3647,7,0.8627204030226701,0.8715355776807849,0,dev
2023102207,3748,7,0.9092841956059532,0.9084151734269685,1,dev
2023102207,3887,7,0.325,0.2905841561114731,0,dev
2023102207,3953,7,0.8851674641148325,0.8864430880739065,1,dev
2023102207,3978,7,0.5533707865168538,0.5240029867386011,1,dev
2023102207,4069,7,0.9222585924713584,0.920738347252501,1,dev
2023102208,79,7,0.9222585924713584,0.9294713945534883,1,dev
2023102208,109,7,0.41818181818181815,0.44247508006798164,1,dev
2023102208,156,7,0.9222585924713584,0.9288084560421653,1,dev
2023102208,186,7,0.77728285077951,0.7840791174683248,1,dev
2023102208,425,7,0.8757396449704142,0.8820718524906442,1,dev
2023102208,521,7,0.9222585924713584,0.9336132692072713,1,dev
2023102208,595,7,0.8627204030226701,0.8536461186633192,1,dev
2023102208,672,7,0.44370860927152306,0.47439740300131605,0,dev
2023102208,798,7,0.9222585924713584,0.9345537146015069,1,dev
2023102208,845,7,0.77728285077951,0.7799032290766819,1,dev
2023102208,940,7,0.753968253968254,0.7023303039409075,1,dev
2023102208,1124,7,0.6571428571428571,0.5808250841486295,0,dev
2023102208,1169,7,0.8288288288288288,0.8070017507167065,1,dev
2023102208,1194,7,0.8627204030226701,0.8535504528288129,1,dev
2023102208,1219,7,0.8627204030226701,0.8654516781383593,1,dev
2023102208,1278,7,0.004310344827586207,0.03168170926928786,0,dev
2023102208,1350,7,0.95,0.9576692834808733,1,dev
2023102208,1494,7,0.004310344827586207,0.02448399302374738,0,dev
2023102208,1555,7,0.9395248380129589,0.9404147030461651,1,dev
2023102208,1726,7,0.8757396449704142,0.8806985863098422,1,dev
2023102208,1903,7,0.6589147286821706,0.6774959425931049,1,dev
2023102208,1940,7,0.9395248380129589,0.9522665639827799,1,dev
2023102208,1970,7,0.9222585924713584,0.922338907191971,1,dev
2023102208,2170,7,0.44370860927152306,0.47743220549964416,0,dev
2023102208,2193,7,0.8627204030226701,0.8596766438021652,1,dev
2023102208,2326,7,0.8288288288288288,0.8123311004792745,1,dev
2023102208,2469,7,0.77728285077951,0.7754921886437632,1,dev
2023102208,2647,7,0.8627204030226701,0.8712777131285792,1,dev
2023102208,2677,7,0.9222585924713584,0.9260163683548444,1,dev
2023102208,2741,7,0.9092841956059532,0.9042918324018926,1,dev
2023102208,2851,7,0.8627204030226701,0.8710509594704209,1,dev
2023102208,2876,7,0.005952380952380952,0.04535757369374242,0,dev
2023102208,2899,7,0.8288288288288288,0.798374476458054,1,dev
2023102208,2973,7,0.3465346534653465,0.30411049231803283,1,dev
2023102208,3059,7,0.9092841956059532,0.906240909771341,1,dev
2023102208,3179,7,0.6571428571428571,0.6183557999289649,1,dev
2023102208,3287,7,0.9088785046728972,0.895493602160772,1,dev
2023102208,3429,7,0.8627204030226701,0.8560773378409459,1,dev
2023102208,3454,7,0.11059907834101383,0.1340152607529956,1,dev
2023102208,3518,7,0.9395248380129589,0.9396429717079422,1,dev
2023102208,3592,7,0.8627204030226701,0.8625689878366772,1,dev
2023102208,3617,7,0.9222585924713584,0.9228639912436961,1,dev
2023102208,3681,7,0.77728285077951,0.767875196725501,0,dev
2023102208,3801,7,0.840531561461794,0.8449266979678964,1,dev
2023102208,3899,7,0.44370860927152306,0.4762998070786141,0,dev
2023102209,55,7,0.77728285077951,0.7921097723177664,1,dev
2023102209,225,7,0.9092841956059532,0.9170798262373172,1,dev
2023102209,277,7,0.8851674641148325,0.8845983215133716,1,dev
2023102209,366,7,0.77728285077951,0.781330548118417,1,dev
2023102209,480,7,0.9092841956059532,0.8984678917947564,1,dev
2023102209,510,7,0.9222585924713584,0.9297999250733934,0,dev
2023102209,613,7,0.8851674641148325,0.8859819359536524,1,dev
2023102209,687,7,0.8348348348348347,0.8174433247868863,1,dev
2023102209,820,7,0.77728285077951,0.7667069736082084,1,dev
2023102209,867,7,0.9222585924713584,0.9210083516889838,1,dev
2023102209,912,7,0.840531561461794,0.8416708498959634,1,dev
2023102209,937,7,0.8348348348348347,0.8246605293362848,1,dev
2023102209,1084,7,0.77728285077951,0.7499987357575134,1,dev
2023102209,1131,7,0.9222585924713584,0.9265431326554047,1,dev
2023102209,1239,7,0.753968253968254,0.7145103093206548,1,dev
2023102209,1264,7,0.21666666666666667,0.2367797497504005,1,dev
2023102209,1289,7,0.3534675615212528,0.38379920736175416,1,dev
2023102209,1375,7,0.9092841956059532,0.9138114548883189,1,dev
2023102209,1400,7,0.753968253968254,0.712971489720158,0,dev
2023102209,1445,7,0.3465346534653465,0.29830242310493377,1,dev
2023102209,1509,7,0.9222585924713584,0.9290674663485674,1,dev
2023102209,1556,7,0.9135802469135802,0.9189349825765019,0,dev
2023102209,1658,7,0.77728285077951,0.7636228282418552,1,dev
2023102209,1688,7,0.8757396449704142,0.8795472002564141,0,dev
2023102209,1731,7,0.9395248380129589,0.9401463306838657,1,dev
2023102209,1776,7,0.7583333333333333,0.7255658197136067,1,dev
2023102209,1808,7,0.9092841956059532,0.9064401582911013,1,dev
2023102209,1833,7,0.9222585924713584,0.9337804181999623,1,dev
2023102209,1865,7,0.5,0.49461020985625354,1,dev
2023102209,2105,7,0.9222585924713584,0.934152955654827,1,dev
2023102209,2157,7,0.9395248380129589,0.9531043393068231,1,dev
2023102209,2182,7,0.9092841956059532,0.9005923847505344,1,dev
2023102209,2207,7,0.005952380952380952,0.055456712214270086,0,dev
2023102209,2304,7,0.8348348348348347,0.8301695125105216,1,dev
2023102209,2423,7,0.8627204030226701,0.8706001789936902,1,dev
2023102209,2519,7,0.6589147286821706,0.678966685919253,1,dev
2023102209,2577,7,0.21666666666666667,0.254780743932603,0,dev
2023102209,2656,7,0.840531561461794,0.8513081971775857,1,dev
2023102209,2681,7,0.5,0.4965112396951848,0,dev
2023102209,2974,7,0.95,0.9548677169306556,0,dev
2023102209,3026,7,0.11059907834101383,0.14562450032572902,0,dev
2023102209,3123,7,0.9222585924713584,0.9215957320969306,1,dev
2023102209,3148,7,0.3861788617886179,0.42088888410580794,0,dev
2023102209,3253,7,0.8757396449704142,0.881167177514485,1,dev
2023102209,3300,7,0.6571428571428571,0.5988018645341614,1,dev
2023102209,3359,7,0.9395248380129589,0.947451365821397,1,dev
2023102209,3384,7,0.44370860927152306,0.47404355701524975,0,dev
2023102209,3427,7,0.9222585924713584,0.9271892247160941,1,dev
2023102209,3661,7,0.9088785046728972,0.8956978626549389,1,dev
2023102209,3686,7,0.840531561461794,0.8504703752515436,1,dev
2023102209,3770,7,0.5533707865168538,0.5418560921199886,0,dev
2023102209,3793,7,0.5533707865168538,0.5675852750286376,0,dev
2023102209,3861,7,0.9092841956059532,0.9129633933021919,1,dev
2023102209,3909,7,0.9092841956059532,0.8994509502618162,1,dev
2023102210,196,7,0.5533707865168538,0.553812286099161,0,dev
2023102210,219,7,0.8288288288288288,0.8059917116391311,1,dev
2023102210,244,7,0.9092841956059532,0.908955963520327,1,dev
2023102210,274,7,0.8757396449704142,0.8798207655796327,1,dev
2023102210,462,7,0.77728285077951,0.7778092106444563,1,dev
2023102210,514,7,0.9743589743589743,0.959143423931449,1,dev
2023102210,723,7,0.44370860927152306,0.4725354723032977,1,dev
2023102210,775,7,0.7583333333333333,0.7213249939458809,1,dev
2023102210,837,7,0.03296703296703297,0.0714766421081481,0,dev
2023102210,932,7,0.8627204030226701,0.8661785555674907,1,dev
2023102210,1011,7,0.7197452229299363,0.6869029837548157,1,dev
2023102210,1125,7,0.0,0.013948726712414844,0,dev
2023102210,1301,7,0.3534675615212528,0.3520089360805595,1,dev
2023102210,1331,7,0.07894736842105263,0.12072617937987372,0,dev
2023102210,1401,7,0.9222585924713584,0.9247750541109486,1,dev
2023102210,1448,7,0.77728285077951,0.7375139839572834,1,dev
2023102210,1536,7,0.7583333333333333,0.7212689172574119,1,dev
2023102210,1583,7,0.44370860927152306,0.4780788773071435,1,dev
2023102210,1852,7,0.7197452229299363,0.697921265471124,1,dev
2023102210,1882,7,0.6589147286821706,0.6648264397298828,1,dev
2023102210,1919,7,0.8627204030226701,0.8663984670637132,1,dev
2023102210,1944,7,0.77728285077951,0.7642625111569851,1,dev
2023102210,1994,7,0.6571428571428571,0.6120520562012013,1,dev
2023102210,2150,7,0.9092841956059532,0.9058636992768885,1,dev
2023102210,2229,7,0.8288288288288288,0.8043428659497015,1,dev
2023102210,2295,7,0.005952380952380952,0.048439649322261295,0,dev
2023102210,2391,7,0.8627204030226701,0.869246136481156,1,dev
2023102210,2506,7,0.3861788617886179,0.4257938703319187,0,dev
2023102210,2606,7,0.9222585924713584,0.9331077752320988,1,dev
2023102210,2653,7,0.9222585924713584,0.9241705053439097,0,dev
2023102210,2676,7,0.07894736842105263,0.12198505329406162,0,dev
2023102210,2800,7,0.9092841956059532,0.9135146735413292,1,dev
2023102210,2832,7,0.9222585924713584,0.9283168545133449,1,dev
2023102210,2879,7,0.9092841956059532,0.9036805806317615,1,dev
2023102210,2904,7,0.5533707865168538,0.5273946283972899,0,dev
2023102210,2927,7,0.8348348348348347,0.8351895854483877,1,dev
2023102210,2952,7,0.8627204030226701,0.8654782041119499,1,dev
2023102210,3016,7,0.9092841956059532,0.9046395049490701,1,dev
2023102210,3114,7,0.6571428571428571,0.6052008602635809,0,dev
2023102210,3137,7,0.8851674641148325,0.8850285013752972,1,dev
2023102210,3212,7,0.5533707865168538,0.5682039861310347,1,dev
2023102210,3338,7,0.77728285077951,0.7331214143033276,1,dev
2023102210,3418,7,0.840531561461794,0.8444995959867025,0,dev
2023102210,3441,7,0.77728285077951,0.7417488367233313,1,dev
2023102210,3510,7,0.77728285077951,0.787396876935897,1,dev
2023102210,3568,7,0.753968253968254,0.707587448949172,1,dev
2023102210,3683,7,0.8757396449704142,0.8802672802243886,1,dev
2023102210,3748,7,0.3534675615212528,0.3756708457586293,0,dev
2023102300,79,7,0.8757396449704142,0.8793786590916528,1,dev
2023102300,131,7,0.9395248380129589,0.9380839139836388,1,dev
2023102300,161,7,0.8348348348348347,0.8346440046440158,1,dev
2023102300,191,7,0.9395248380129589,0.9375838961672571,1,dev
2023102300,328,7,0.9222585924713584,0.9252021174035234,1,dev
2023102300,353,7,0.9222585924713584,0.9234022824223325,1,dev
2023102300,378,7,0.6571428571428571,0.6391019948091529,1,dev
2023102300,449,7,0.8851674641148325,0.8837674262384136,1,dev
2023102300,542,7,0.753968253968254,0.7020210124188002,1,dev
2023102300,628,7,0.8757396449704142,0.8822419270975681,1,dev
2023102300,699,7,0.8348348348348347,0.8203903370386423,1,dev
2023102300,724,7,0.9092841956059532,0.9097348892577393,0,dev
2023102300,774,7,0.8627204030226701,0.8684284814125143,1,dev
2023102300,846,7,0.9222585924713584,0.9328342747983519,0,dev
2023102300,966,7,0.9088785046728972,0.8965646615712032,1,dev
2023102300,996,7,0.7583333333333333,0.718361634235124,1,dev
2023102300,1134,7,0.6571428571428571,0.6303626113337666,1,dev
2023102300,1216,7,0.8757396449704142,0.8825396729381189,0,dev
2023102300,1239,7,0.21666666666666667,0.23168666758759757,0,dev
2023102300,1376,7,0.8627204030226701,0.8592014283168933,1,dev
2023102300,1428,7,0.9135802469135802,0.9199795702683748,1,dev
2023102300,1497,7,0.8681318681318682,0.878643072882981,1,dev
2023102300,1680,7,0.8757396449704142,0.8803976000508379,1,dev
2023102300,1710,7,0.8348348348348347,0.8256853402097659,1,dev
2023102300,1735,7,0.8288288288288288,0.8131232919602273,1,dev
2023102300,1790,7,0.3534675615212528,0.3332719542019216,1,dev
2023102300,1937,7,0.6571428571428571,0.624069801326747,1,dev
2023102300,2159,7,0.8627204030226701,0.8646332425506297,1,dev
2023102300,2191,7,0.9092841956059532,0.9095708921952645,1,dev
2023102300,2238,7,0.8245614035087719,0.7931695634420625,1,dev
2023102300,2286,7,0.840531561461794,0.8443294236964438,1,dev
2023102300,2470,7,0.7583333333333333,0.7266458115511926,0,dev
2023102300,2536,7,0.9395248380129589,0.9411879269052074,1,dev
2023102300,2561,7,0.6571428571428571,0.6313166323442271,1,dev
2023102300,2705,7,0.840531561461794,0.8436491548871011,1,dev
2023102300,2730,7,0.6589147286821706,0.6716319579023563,1,dev
2023102300,2777,7,0.8348348348348347,0.8279084309041209,1,dev
2023102300,2866,7,0.3861788617886179,0.4105466890294252,0,dev
2023102300,2892,7,0.8627204030226701,0.8590538562109932,1,dev
2023102300,2922,7,0.9222585924713584,0.929643896714417,1,dev
2023102300,2995,7,0.9395248380129589,0.949869255578978,1,dev
2023102300,3045,7,0.6571428571428571,0.5989595414054065,1,dev
2023102300,3115,7,0.8627204030226701,0.8654952935961024,0,dev
2023102300,3221,7,0.77728285077951,0.7877595617432226,1,dev
2023102300,3253,7,0.6571428571428571,0.6297252876489599,1,dev
2023102300,3278,7,0.77728285077951,0.7558997861721957,1,dev
2023102300,3325,7,0.9222585924713584,0.9268493024408816,1,dev
2023102300,3350,7,0.3465346534653465,0.29462066100942913,0,dev
2023102300,3391,7,0.8348348348348347,0.8367684644735064,1,dev
2023102300,3421,7,0.9092841956059532,0.9014464432700782,1,dev
2023102300,3622,7,0.8348348348348347,0.8238967969104523,1,dev
2023102300,3669,7,0.8851674641148325,0.8852912811676429,1,dev
2023102300,3697,7,0.8627204030226701,0.853186242589878,1,dev
2023102300,3729,7,0.840531561461794,0.8431666473231186,1,dev
2023102300,3873,7,0.6571428571428571,0.5823489852982646,0,dev
2023102300,3896,7,0.8851674641148325,0.883581756880361,1,dev
2023102300,3921,7,0.9092841956059532,0.9019273607217466,1,dev
2023102600,109,8,0.77728285077951,0.7448451632652016,1,dev
2023102600,138,8,0.3861788617886179,0.40137561043028863,0,dev
2023102600,210,8,0.9222585924713584,0.93542387455383,0,dev
2023102600,253,8,0.9395248380129589,0.9384456743106894,1,dev
2023102600,307,8,0.9395248380129589,0.9442115688679232,1,dev
2023102600,337,8,0.3534675615212528,0.3144062793925213,1,dev
2023102600,367,8,0.753968253968254,0.704653051313179,1,dev
2023102600,451,8,0.8627204030226701,0.8576540830739977,1,dev
2023102600,476,8,0.21666666666666667,0.23864248077832065,1,dev
2023102600,743,8,0.77728285077951,0.7706837146208563,1,dev
2023102600,800,8,0.5,0.51016217002439,1,dev
2023102600,884,8,0.77728285077951,0.781559550123487,1,dev
2023102600,934,8,0.8627204030226701,0.8671842588239576,1,dev
2023102600,1048,8,0.41818181818181815,0.4603186852934696,0,dev
2023102600,1093,8,0.3534675615212528,0.38312167763984756,0,dev
2023102600,1116,8,0.22727272727272727,0.25893323675352076,0,dev
2023102600,1363,8,0.9222585924713584,0.9282604145830432,1,dev
2023102600,1459,8,0.77728285077951,0.7420145243090492,0,dev
2023102600,1482,8,0.9092841956059532,0.9084681154987536,1,dev
2023102600,1644,8,0.3465346534653465,0.30971214128657726,1,dev
2023102600,1731,8,0.7197452229299363,0.6853653299332085,1,dev
2023102600,1859,8,0.004310344827586207,0.020541394262925974,0,dev
2023102600,1904,8,0.8348348348348347,0.8301526565634672,1,dev
2023102600,1997,8,0.95,0.9561708137887714,1,dev
2023102600,2055,8,0.9092841956059532,0.9072236474570489,1,dev
2023102600,2080,8,0.9395248380129589,0.9382861724317743,1,dev
2023102600,2163,8,0.9222585924713584,0.9255465712990314,1,dev
2023102600,2318,8,0.9222585924713584,0.9253404760427824,1,dev
2023102600,2453,8,0.9222585924713584,0.9249411809068266,1,dev
2023102600,2478,8,0.9395248380129589,0.9461094636822832,1,dev
2023102600,2539,8,0.9092841956059532,0.9161439524332395,1,dev
2023102600,2780,8,0.9395248380129589,0.9521790470238222,1,dev
2023102600,2805,8,0.25874125874125875,0.2678066763901711,1,dev
2023102600,2860,8,0.4155844155844156,0.4363189404144276,0,dev
2023102600,2883,8,0.5533707865168538,0.5499955815713833,0,dev
2023102600,2992,8,0.9222585924713584,0.9232607910101638,1,dev
2023102600,3070,8,0.9395248380129589,0.9502829469024127,1,dev
2023102600,3129,8,0.3861788617886179,0.40605293245988744,1,dev
2023102600,3159,8,0.004310344827586207,0.03991942638809313,0,dev
2023102600,3182,8,0.3534675615212528,0.3790842210073856,0,dev
2023102600,3318,8,0.6571428571428571,0.5997329647355629,1,dev
2023102600,3444,8,0.25874125874125875,0.2773648856658104,0,dev
2023102600,3542,8,0.8288288288288288,0.8102233009728886,1,dev
2023102600,3619,8,0.9395248380129589,0.9359725730920179,1,dev
2023102600,3729,8,0.41818181818181815,0.460164163312645,0,dev
2023102600,3752,8,0.9092841956059532,0.9160700829539086,1,dev
2023102600,3843,8,0.9395248380129589,0.9474853611725418,1,dev
2023102600,3868,8,0.9222585924713584,0.923404206854287,1,dev
2023102600,3928,8,0.9222585924713584,0.9278585774002861,1,dev
2023102600,3953,8,0.77728285077951,0.7369648660557817,1,dev
2023102600,4052,8,0.77728285077951,0.7425162118053615,0,dev
2023102600,4096,8,0.8851674641148325,0.884957187343521,1,dev
2023102600,4175,8,0.3534675615212528,0.38493790112148074,0,dev
2023102600,4198,8,0.9092841956059532,0.9054228409575352,0,dev
2023102600,4260,8,0.25874125874125875,0.2642923552495082,1,dev
2023102600,4422,8,0.9222585924713584,0.9293591739339849,1,dev
2023102600,4577,8,0.8348348348348347,0.8294352409534749,1,dev
2023102600,4607,8,0.8627204030226701,0.8618318819367963,1,dev
2023102600,4644,8,0.840531561461794,0.8428214645223822,1,dev
2023102900,220,8,0.77728285077951,0.7805917754328169,0,dev
2023102900,243,8,0.9395248380129589,0.9395682919986559,1,dev
2023102900,413,8,0.9222585924713584,0.9325513147643953,1,dev
2023102900,494,8,0.41818181818181815,0.45512898281678904,0,dev
2023102900,554,8,0.21666666666666667,0.24136826965183564,1,dev
2023102900,586,8,0.3534675615212528,0.3434193666804195,0,dev
2023102900,631,8,0.8851674641148325,0.884270233730464,1,dev
2023102900,660,8,0.9088785046728972,0.8938162619498853,1,dev
2023102900,751,8,0.5,0.49811131403678516,1,dev
2023102900,825,8,0.753968253968254,0.7034325162674796,1,dev
2023102900,934,8,0.44370860927152306,0.4706236064849549,1,dev
2023102900,1142,8,0.9222585924713584,0.9254553420920445,1,dev
2023102900,1156,8,0.3861788617886179,0.3950252891266817,0,dev
2023102900,1251,8,0.5,0.5107735150049998,1,dev
2023102900,1346,8,0.6571428571428571,0.6179080315889912,0,dev
2023102900,1398,8,0.9092841956059532,0.9180751398523125,1,dev
2023102900,1423,8,0.15942028985507245,0.22423690473347155,0,dev
2023102900,1514,8,0.13,0.18668272046677906,0,dev
2023102900,1544,8,0.3861788617886179,0.4255449962815316,0,dev
2023102900,1620,8,0.9222585924713584,0.9212305770738449,1,dev
2023102900,1650,8,0.8245614035087719,0.7936066995076081,1,dev
2023102900,1675,8,0.77728285077951,0.7710260061681186,1,dev
2023102900,1764,8,0.9222585924713584,0.9258742300565331,1,dev
2023102900,1818,8,0.5533707865168538,0.5615835608320748,1,dev
2023102900,2035,8,0.9222585924713584,0.923886180067625,1,dev
2023102900,2060,8,0.9222585924713584,0.9300892690828937,1,dev
2023102900,2247,8,0.8627204030226701,0.8578230745191657,1,dev
2023102900,2294,8,0.3534675615212528,0.3568651220476641,0,dev
2023102900,2414,8,0.8627204030226701,0.8687732276774172,1,dev
2023102900,2477,8,0.9222585924713584,0.9323539446763078,1,dev
2023102900,2617,8,0.9092841956059532,0.9045351962980036,1,dev
2023102900,2785,8,0.9222585924713584,0.9245632863606733,1,dev
2023102900,2995,8,0.77728285077951,0.7791722822556487,1,dev
2023102900,3139,8,0.11059907834101383,0.13595349052077182,0,dev
2023102900,3162,8,0.8627204030226701,0.8544471124985424,1,dev
2023102900,3350,8,0.9135802469135802,0.9188000847712718,1,dev
2023102900,3407,8,0.15942028985507245,0.21625172934531847,0,dev
2023102900,3454,8,0.004310344827586207,0.023594527075742024,0,dev
2023102900,3497,8,0.9092841956059532,0.90446118560583,0,dev
2023102900,3520,8,0.9092841956059532,0.9153490855165849,1,dev
2023102900,3618,8,0.8627204030226701,0.8569540826421689,1,dev
2023102900,3710,8,0.6589147286821706,0.6598681502136741,1,dev
2023102900,3735,8,0.9395248380129589,0.9398605916913082,1,dev
2023102901,148,8,0.9092841956059532,0.903369098038121,1,dev
2023102901,198,8,0.8851674641148325,0.8860674810378112,1,dev
2023102901,223,8,0.7197452229299363,0.6878666531377879,1,dev
2023102901,248,8,0.15942028985507245,0.21510100942409638,0,dev
2023102901,271,8,0.9092841956059532,0.8984044761277628,1,dev
2023102901,296,8,0.21666666666666667,0.24569065659265987,1,dev
2023102901,422,8,0.7197452229299363,0.6846331031104765,1,dev
2023102901,469,8,0.005952380952380952,0.06526914734741018,0,dev
2023102901,497,8,0.3861788617886179,0.41184667976509537,1,dev
2023102901,544,8,0.6571428571428571,0.6242530553390526,0,dev
2023102901,635,8,0.5,0.5111480729538811,1,dev
2023102901,753,8,0.44370860927152306,0.47571159693025356,0,dev
2023102901,1091,8,0.3861788617886179,0.41057907586756526,1,dev
2023102901,1172,8,0.8851674641148325,0.8862239932351754,1,dev
2023102901,1197,8,0.07894736842105263,0.11544906822999076,0,dev
2023102901,1245,8,0.9222585924713584,0.923430875908668,1,dev
2023102901,1321,8,0.9088785046728972,0.8907125214904961,1,dev
2023102901,1368,8,0.0,0.005903076749671743,0,dev
2023102901,1391,8,0.9395248380129589,0.9398242698708892,1,dev
2023102901,1447,8,0.9088785046728972,0.8883092278725317,1,dev
2023102901,1499,8,0.44370860927152306,0.4823468300873354,0,dev
2023102901,1697,8,0.9395248380129589,0.951523356753359,1,dev
2023102901,1726,8,0.77728285077951,0.7780770375313245,1,dev
2023102901,1776,8,0.9222585924713584,0.9309311409911208,1,dev
2023102901,1801,8,0.8851674641148325,0.884692778010716,1,dev
2023102901,1872,8,0.9092841956059532,0.9110444812724945,1,dev
2023102901,1897,8,0.8348348348348347,0.8399798966435528,0,dev
2023102901,1973,8,0.004310344827586207,0.014816200528178123,0,dev
2023102901,2044,8,0.9395248380129589,0.9498781498887647,1,dev
2023102901,2069,8,0.8245614035087719,0.7960460355569513,1,dev
2023102901,2214,8,0.25874125874125875,0.2681070421887397,0,dev
2023102901,2459,8,0.5533707865168538,0.5244874475924257,1,dev
2023102901,2629,8,0.8288288288288288,0.8129846772414431,1,dev
2023102901,2681,8,0.9092841956059532,0.9083017089535619,1,dev
2023102901,2801,8,0.3534675615212528,0.3868719505464338,0,dev
2023102901,2824,8,0.77728285077951,0.729500204886411,1,dev
2023102901,2849,8,0.77728285077951,0.7416585562882885,1,dev
2023102901,2903,8,0.5533707865168538,0.5396974333485608,0,dev
2023102901,3120,8,0.5,0.49848946181590914,0,dev
2023102901,3188,8,0.005952380952380952,0.05024376175281855,0,dev
2023102901,3233,8,0.9222585924713584,0.9208913363294812,1,dev
2023102901,3258,8,0.11059907834101383,0.16895796041599434,0,dev
2023102901,3281,8,0.3861788617886179,0.39982518752453566,1,dev
2023102901,3316,8,0.9395248380129589,0.9399378659602917,1,dev
2023102901,3353,8,0.44370860927152306,0.47466249600112653,1,dev
2023102901,3456,8,0.8851674641148325,0.8837148176475351,0,dev
2023102901,3541,8,0.9088785046728972,0.8888814784585934,1,dev
2023102901,3658,8,0.9088785046728972,0.8896264004101502,1,dev
2023102901,3683,8,0.8348348348348347,0.8281192002813369,1,dev
2023102901,3875,8,0.5533707865168538,0.5625476439210096,0,dev
2023102902,62,8,0.9222585924713584,0.930833616403532,1,dev
2023102902,283,8,0.11059907834101383,0.1568569679180312,0,dev
2023102902,306,8,0.9088785046728972,0.8944441216743471,1,dev
2023102902,407,8,0.77728285077951,0.7341865323867697,1,dev
2023102902,477,8,0.77728285077951,0.7685548392810471,1,dev
2023102902,552,8,0.9092841956059532,0.8975535729943077,0,dev
2023102902,575,8,0.5,0.49644272571250087,0,dev
2023102902,861,8,0.840531561461794,0.8464532086047633,1,dev
2023102902,886,8,0.9088785046728972,0.8882059983195908,1,dev
2023102902,1248,8,0.8757396449704142,0.8820211504315083,1,dev
2023102902,1298,8,0.8627204030226701,0.8553262357944942,1,dev
2023102902,1357,8,0.3534675615212528,0.3576019500240628,0,dev
2023102902,1380,8,0.6589147286821706,0.6774232967238926,1,dev
2023102902,1503,8,0.3534675615212528,0.3564121691181147,0,dev
2023102902,1625,8,0.95,0.9580017485506921,1,dev
2023102902,1672,8,0.9395248380129589,0.9536115488815141,1,dev
2023102902,1697,8,0.11059907834101383,0.17331942167050196,0,dev
2023102902,1751,8,0.9088785046728972,0.8879853606059436,1,dev
2023102902,1787,8,0.3861788617886179,0.4253637448016872,0,dev
2023102902,1810,8,0.9088785046728972,0.8917253749686835,1,dev
2023102902,2013,8,0.9222585924713584,0.9308845338343031,1,dev
2023102902,2067,8,0.77728285077951,0.7694227184336719,1,dev
2023102902,2104,8,0.9222585924713584,0.9275029940973168,1,dev
2023102902,2149,8,0.9222585924713584,0.9245894228641746,1,dev
2023102902,2181,8,0.9135802469135802,0.9202997556262371,1,dev
2023102902,2322,8,0.44370860927152306,0.4754935177975008,0,dev
2023102902,2367,8,0.8757396449704142,0.8822166200254599,1,dev
2023102902,2419,8,0.9092841956059532,0.9179874987296037,1,dev
2023102902,2449,8,0.9222585924713584,0.9220719323006082,1,dev
2023102902,2474,8,0.9222585924713584,0.9332323541539433,1,dev
2023102902,2521,8,0.6589147286821706,0.6778676297590923,1,dev
2023102902,2568,8,0.9092841956059532,0.9169861560238891,1,dev
2023102902,2593,8,0.753968253968254,0.7151916937061172,0,dev
2023102902,2616,8,0.77728285077951,0.7365405818455194,1,dev
2023102902,2759,8,0.44370860927152306,0.4639277029415335,1,dev
2023102902,2830,8,0.840531561461794,0.8451951198091066,1,dev
2023102902,2877,8,0.9395248380129589,0.9482542644533959,1,dev
2023102902,2907,8,0.9222585924713584,0.9229403317398263,1,dev
2023102902,2932,8,0.9395248380129589,0.9508700076061241,0,dev
2023102902,2992,8,0.9092841956059532,0.8981611364020988,1,dev
2023102902,3156,8,0.15942028985507245,0.2289517241144905,0,dev
2023102902,3225,8,0.5,0.5050935467840675,1,dev
2023102902,3374,8,0.9222585924713584,0.9210058524431649,1,dev
2023102902,3419,8,0.77728285077951,0.7886478762430126,1,dev
2023102902,3455,8,0.8851674641148325,0.8835704071065035,1,dev
2023102902,3546,8,0.8627204030226701,0.8670720278386503,1,dev
2023102902,3686,8,0.8627204030226701,0.8607040733704031,1,dev
2023102902,3711,8,0.77728285077951,0.7856606231630285,0,dev
2023102902,3761,8,0.8681318681318682,0.8777463484340476,1,dev
2023102902,3838,8,0.8288288288288288,0.8096403682472746,0,dev
2023102902,3884,8,0.21666666666666667,0.24963237825077653,0,dev
2023102902,3936,8,0.9395248380129589,0.9468726332841024,1,dev
2023102902,4049,8,0.6571428571428571,0.5931297550408687,0,dev
2023102902,4116,8,0.07894736842105263,0.11324468841437954,0,dev
2023102902,4146,8,0.9395248380129589,0.9380408584645202,1,dev
2023102902,4298,8,0.4155844155844156,0.4349694697068899,0,dev
2023102902,4321,8,0.8288288288288288,0.8039083245469287,1,dev
2023102902,4375,8,0.3534675615212528,0.3166187581558408,1,dev
2023102902,4400,8,0.8348348348348347,0.8260148061975399,0,dev
2023102902,4423,8,0.6571428571428571,0.6330109100621079,0,dev
2023102902,4483,8,0.21666666666666667,0.24094688715915932,0,dev
2023102903,100,8,0.8627204030226701,0.8607699701289769,1,dev
2023102903,173,8,0.7583333333333333,0.7179790642509355,1,dev
2023102903,203,8,0.8627204030226701,0.8742499292766414,1,dev
2023102903,250,8,0.8681318681318682,0.8777229558769328,0,dev
2023102903,388,8,0.8348348348348347,0.8399181583007808,1,dev
2023102903,493,8,0.9395248380129589,0.9414674370568,1,dev
2023102903,580,8,0.11059907834101383,0.18165065680367992,0,dev
2023102903,603,8,0.753968253968254,0.7031748964419704,1,dev
2023102903,652,8,0.9222585924713584,0.9316666989673464,1,dev
2023102903,715,8,0.7197452229299363,0.6892743780970569,1,dev
2023102903,779,8,0.8627204030226701,0.8629084859535127,1,dev
2023102903,804,8,0.840531561461794,0.8439906960444938,1,dev
2023102903,885,8,0.9222585924713584,0.9221455798342515,1,dev
2023102903,937,8,0.9092841956059532,0.9011533765963028,1,dev
2023102903,1170,8,0.44370860927152306,0.4702910938417308,0,dev
2023102903,1193,8,0.9092841956059532,0.9141652321196858,1,dev
2023102903,1372,8,0.9092841956059532,0.9132156265903096,1,dev
2023102903,1421,8,0.9092841956059532,0.9052655275879403,1,dev
2023102903,1525,8,0.9222585924713584,0.922965231753723,1,dev
2023102903,1715,8,0.8348348348348347,0.8276783774412395,0,dev
2023102903,1829,8,0.6571428571428571,0.6258465690333903,1,dev
2023102903,1918,8,0.753968253968254,0.7053623242148203,0,dev
2023102903,1941,8,0.6571428571428571,0.6386725256535404,1,dev
2023102903,1995,8,0.9222585924713584,0.9276743019465772,1,dev
2023102903,2086,8,0.9222585924713584,0.9323568484805954,1,dev
2023102903,2140,8,0.9088785046728972,0.8896408168665227,1,dev
2023102903,2168,8,0.77728285077951,0.7681599496010878,0,dev
2023102903,2346,8,0.07894736842105263,0.11632947907767484,1,dev
2023102903,2371,8,0.11059907834101383,0.14584828016814494,0,dev
2023102903,2420,8,0.8288288288288288,0.8132253522639672,1,dev
2023102903,2518,8,0.9222585924713584,0.9270213339128426,1,dev
2023102903,2543,8,0.8627204030226701,0.868739523203823,1,dev
2023102903,2594,8,0.9092841956059532,0.9035495212102597,1,dev
2023102903,2670,8,0.77728285077951,0.7897324538061097,0,dev
2023102903,2693,8,0.005952380952380952,0.040526849091775265,0,dev
2023102903,2765,8,0.9395248380129589,0.9405201273609352,1,dev
2023102903,2920,8,0.9395248380129589,0.9421448823842056,1,dev
2023102903,2969,8,0.9222585924713584,0.9328163925073957,1,dev
2023102903,3021,8,0.77728285077951,0.7763121653315869,1,dev
2023102903,3217,8,0.6571428571428571,0.5887076787721678,1,dev
2023102903,3262,8,0.77728285077951,0.787061707203573,0,dev
2023102903,3355,8,0.07894736842105263,0.10932195222105497,1,dev
2023102903,3680,8,0.8627204030226701,0.8634394825570085,1,dev
2023102903,3767,8,0.9092841956059532,0.918254816298077,1,dev
2023102903,3792,8,0.9088785046728972,0.8877580707091419,1,dev
2023102903,3874,8,0.9092841956059532,0.9072588179606834,1,dev
2023102903,3921,8,0.9395248380129589,0.9414636811280747,1,dev
2023102903,3968,8,0.005952380952380952,0.05690292892676835,0,dev
2023102903,3991,8,0.840531561461794,0.8473715855390159,0,dev
2023102903,4096,8,0.5533707865168538,0.5783256083207972,0,dev
2023102903,4119,8,0.8348348348348347,0.8376387104394246,1,dev
2023102903,4190,8,0.07894736842105263,0.09102963433691916,0,dev
2023102903,4325,8,0.6571428571428571,0.6157712739424105,1,dev
2023102903,4570,8,0.11059907834101383,0.1610531416461654,0,dev
2023102903,4593,8,0.9222585924713584,0.930509106312477,1,dev
2023102904,55,8,0.9092841956059532,0.9071842017473374,1,dev
2023102904,102,8,0.9092841956059532,0.8987886117535903,1,dev
2023102904,180,8,0.07894736842105263,0.09479037877991915,0,dev
2023102904,203,8,0.8288288288288288,0.8010735816660443,1,dev
2023102904,228,8,0.8288288288288288,0.7975425027699565,1,dev
2023102904,302,8,0.005952380952380952,0.04534323774171578,0,dev
2023102904,343,8,0.9395248380129589,0.9385487906042257,1,dev
2023102904,446,8,0.9092841956059532,0.9127113111914567,1,dev
2023102904,492,8,0.9088785046728972,0.8883397938854168,1,dev
2023102904,643,8,0.840531561461794,0.8414855002715892,1,dev
2023102904,707,8,0.77728285077951,0.748661767655496,1,dev
2023102904,764,8,0.9222585924713584,0.92909131046517,1,dev
2023102904,838,8,0.77728285077951,0.7537051049894548,1,dev
2023102904,1014,8,0.03296703296703297,0.06827564273603473,0,dev
2023102904,1131,8,0.9222585924713584,0.9250232354629225,1,dev
2023102904,1255,8,0.8627204030226701,0.8624981844392314,1,dev
2023102904,1417,8,0.3861788617886179,0.3910633940617923,0,dev
2023102904,1474,8,0.3534675615212528,0.3552442728837529,0,dev
2023102904,1497,8,0.6571428571428571,0.5930411483256516,1,dev
2023102904,1561,8,0.6571428571428571,0.5966747710793812,1,dev
2023102904,1631,8,0.9222585924713584,0.928619507577217,1,dev
2023102904,1722,8,0.9222585924713584,0.9229475756370998,1,dev
2023102904,1781,8,0.25874125874125875,0.2631119353718248,0,dev
2023102904,1809,8,0.840531561461794,0.846969228677687,1,dev
2023102904,1871,8,0.77728285077951,0.7693305989156735,1,dev
2023102904,1903,8,0.8681318681318682,0.8790814546300632,1,dev
2023102904,1928,8,0.3534675615212528,0.3234775731689883,0,dev
2023102904,1958,8,0.9222585924713584,0.9259058231127304,1,dev
2023102904,1983,8,0.07894736842105263,0.09473140589601096,0,dev
2023102904,2172,8,0.9395248380129589,0.9364676815547291,1,dev
2023102904,2272,8,0.8288288288288288,0.8051634758988846,1,dev
2023102904,2343,8,0.3861788617886179,0.39448030619109625,0,dev
2023102904,2366,8,0.9088785046728972,0.8937891909982892,1,dev
2023102904,2413,8,0.9092841956059532,0.9086370436163453,1,dev
2023102904,2469,8,0.9222585924713584,0.9250915892311251,1,dev
2023102904,2562,8,0.5533707865168538,0.5392810827625194,1,dev
2023102904,2619,8,0.840531561461794,0.8458823301668728,0,dev
2023102904,2645,8,0.03296703296703297,0.08185284460987609,0,dev
2023102904,2717,8,0.9222585924713584,0.9283765561609502,1,dev
2023102904,2813,8,0.9092841956059532,0.9072536017501348,1,dev
2023102904,2843,8,0.8348348348348347,0.8173101946290149,0,dev
2023102904,2971,8,0.25874125874125875,0.2660119813806273,0,dev
2023102904,3034,8,0.9222585924713584,0.9321754433057572,1,dev
2023102904,3079,8,0.8348348348348347,0.8270198420517676,1,dev
2023102904,3156,8,0.9088785046728972,0.8939313134401687,0,dev
2023102904,3272,8,0.9092841956059532,0.9005749968728262,1,dev
2023102904,3338,8,0.9395248380129589,0.9369314860138234,1,dev
2023102904,3407,8,0.9222585924713584,0.920955256349738,1,dev
2023102904,3437,8,0.9395248380129589,0.9529138176962222,1,dev
2023102904,3489,8,0.6571428571428571,0.6437073834749183,0,dev
2023102904,3566,8,0.9222585924713584,0.922394762015848,1,dev
2023102904,3630,8,0.9092841956059532,0.9143052416219198,1,dev
2023102904,3709,8,0.6589147286821706,0.6597565382991304,0,dev
2023102904,3732,8,0.7583333333333333,0.7208269693976194,1,dev
2023102904,3779,8,0.8348348348348347,0.820574500823287,1,dev
2023102904,3848,8,0.9092841956059532,0.9077486397334402,1,dev
2023102904,3912,8,0.03296703296703297,0.07887686467969568,0,dev
2023102904,3954,8,0.9395248380129589,0.9401024271851631,1,dev
2023102905,55,8,0.9222585924713584,0.9269608056128403,1,dev
2023102905,233,8,0.11059907834101383,0.16798975935615587,0,dev
2023102905,328,8,0.8348348348348347,0.8175526043977552,1,dev
2023102905,353,8,0.9135802469135802,0.9194664164568396,0,dev
2023102905,547,8,0.8348348348348347,0.8353051135303381,1,dev
2023102905,618,8,0.3465346534653465,0.30199955120460953,0,dev
2023102905,748,8,0.8627204030226701,0.8723027586601656,1,dev
2023102905,795,8,0.5533707865168538,0.5558539730404597,0,dev
2023102905,818,8,0.3534675615212528,0.33336963123629826,0,dev
2023102905,841,8,0.9088785046728972,0.8949766742422989,0,dev
2023102905,979,8,0.8627204030226701,0.8601577392233686,1,dev
2023102905,1054,8,0.77728285077951,0.7489961112162676,1,dev
2023102905,1214,8,0.8348348348348347,0.8279231460713375,1,dev
2023102905,1289,8,0.8627204030226701,0.8651635219146735,1,dev
2023102905,1327,8,0.8245614035087719,0.7952743936315532,0,dev
2023102905,1595,8,0.5533707865168538,0.5538881036000194,1,dev
2023102905,1642,8,0.41818181818181815,0.4519592412194981,0,dev
2023102905,1677,8,0.22727272727272727,0.2571834278276667,0,dev
2023102905,1843,8,0.8288288288288288,0.8013075243719753,1,dev
2023102905,1990,8,0.6589147286821706,0.6709722520811587,0,dev
2023102905,2353,8,0.8681318681318682,0.8782898702397439,0,dev
2023102905,2939,8,0.8245614035087719,0.7954848763814202,0,dev
2023102905,3154,8,0.7583333333333333,0.7226223880090776,1,dev
2023102905,3179,8,0.3534675615212528,0.35163398755887665,0,dev
2023102905,3413,8,0.8757396449704142,0.8826705307126707,0,dev
2023102905,3587,8,0.41818181818181815,0.4457043249194939,1,dev
2023102905,3698,8,0.8288288288288288,0.7991697875183998,0,dev
2023102905,4037,8,0.8627204030226701,0.8583564740757721,1,dev
2023102905,4067,8,0.41818181818181815,0.4610126652547987,0,dev
2023102905,4148,8,0.8627204030226701,0.8671276475183345,1,dev
2023102905,4180,8,0.8348348348348347,0.8296429391522367,0,dev
2023102905,4392,8,0.8627204030226701,0.8707653617127471,1,dev
2023102905,4428,8,0.9088785046728972,0.892791293311987,1,dev
2023102905,4603,8,0.9395248380129589,0.9505903677110699,1,dev
2023102905,4697,8,0.6589147286821706,0.657895643970317,0,dev
2023102905,4720,8,0.77728285077951,0.7718306867801866,1,dev
2023102905,4778,8,0.25874125874125875,0.27804486037147597,0,dev
2023102906,56,8,0.6589147286821706,0.6714739700777066,0,dev
2023102906,152,8,0.25874125874125875,0.2690558964916826,0,dev
2023102906,311,8,0.9092841956059532,0.9095030906808184,1,dev
2023102906,428,8,0.11059907834101383,0.16874789729021122,0,dev
2023102906,536,8,0.4375,0.4615498555467803,1,dev
2023102906,606,8,0.9092841956059532,0.9061727067619975,1,dev
2023102906,674,8,0.8627204030226701,0.8532897925951431,1,dev
2023102906,721,8,0.25874125874125875,0.2640171631930574,0,dev
2023102906,815,8,0.7197452229299363,0.6920203303688399,1,dev
2023102906,928,8,0.8348348348348347,0.8344213097073097,1,dev
2023102906,1041,8,0.77728285077951,0.7568337487997905,1,dev
2023102906,1066,8,0.77728285077951,0.7910782841716378,1,dev
2023102906,1117,8,0.9092841956059532,0.9050508003825314,1,dev
2023102906,1198,8,0.3861788617886179,0.39081364286949843,1,dev
2023102906,1308,8,0.9135802469135802,0.9196781284745172,1,dev
2023102906,1463,8,0.9222585924713584,0.926340467710486,1,dev
2023102906,1493,8,0.9395248380129589,0.9392755300562896,1,dev
2023102906,1572,8,0.325,0.2922103458761673,0,dev
2023102906,1655,8,0.8288288288288288,0.8111767944636233,1,dev
2023102906,1724,8,0.9222585924713584,0.9228580715962139,0,dev
2023102906,1854,8,0.8627204030226701,0.8564551649646918,1,dev
2023102906,1980,8,0.9395248380129589,0.9372503475191302,1,dev
2023102906,2147,8,0.005952380952380952,0.041406135718315494,0,dev
2023102906,2266,8,0.5,0.5174761584628846,1,dev
2023102906,2315,8,0.9135802469135802,0.9198535934576991,1,dev
2023102906,2340,8,0.8348348348348347,0.8255980566420758,1,dev
2023102906,2370,8,0.9222585924713584,0.935485159941302,1,dev
2023102906,2577,8,0.7197452229299363,0.6949384253086711,0,dev
2023102906,2685,8,0.004310344827586207,0.019138819693345015,0,dev
2023102906,2708,8,0.6571428571428571,0.6243823303874052,1,dev
2023102906,2804,8,0.6571428571428571,0.6051694595663115,0,dev
2023102906,2860,8,0.44370860927152306,0.47210029009257604,0,dev
2023102906,2981,8,0.6589147286821706,0.6622462506234092,1,dev
2023102906,3036,8,0.9395248380129589,0.9390682031393461,1,dev
2023102906,3073,8,0.25874125874125875,0.26379621170782797,1,dev
2023102906,3148,8,0.77728285077951,0.7391224928428581,1,dev
2023102906,3220,8,0.8627204030226701,0.863357741886289,1,dev
2023102906,3328,8,0.9222585924713584,0.926680275782246,1,dev
2023102906,3353,8,0.8627204030226701,0.8640856142625958,1,dev
2023102906,3402,8,0.8627204030226701,0.8716469928634087,1,dev
2023102906,3454,8,0.7197452229299363,0.684653987095736,1,dev
2023102906,3501,8,0.4155844155844156,0.4357273199914508,0,dev
2023102906,3711,8,0.77728285077951,0.7830026609109318,1,dev
2023102906,3770,8,0.9088785046728972,0.8903341213008726,1,dev
2023102906,3928,8,0.9222585924713584,0.9313858012314746,1,dev
2023102906,3953,8,0.9135802469135802,0.918761313582836,1,dev
2023102906,3978,8,0.8681318681318682,0.8769011454331738,1,dev
2023102906,4003,8,0.8757396449704142,0.8793663193805571,1,dev
2023102906,4055,8,0.77728285077951,0.7929707980906091,0,dev
2023102906,4133,8,0.4155844155844156,0.4324964003908875,0,dev
2023102906,4320,8,0.9222585924713584,0.9350916270718601,1,dev
2023102906,4381,8,0.9222585924713584,0.9284228735336575,1,dev
2023102906,4406,8,0.8851674641148325,0.8834238041357879,1,dev
2023102906,4436,8,0.8851674641148325,0.885482039620469,1,dev
2023102906,4461,8,0.5533707865168538,0.5753537508963027,0,dev
2023102906,4484,8,0.8348348348348347,0.8144016986407505,1,dev
2023102907,234,8,0.77728285077951,0.7297026697504057,1,dev
2023102907,281,8,0.005952380952380952,0.05072379770494963,0,dev
2023102907,417,8,0.9088785046728972,0.8931408912039893,1,dev
2023102907,475,8,0.4155844155844156,0.4359521587818558,0,dev
2023102907,618,8,0.004310344827586207,0.03637467943004439,0,dev
2023102907,729,8,0.8348348348348347,0.8281762467282513,1,dev
2023102907,759,8,0.77728285077951,0.7766263844541414,1,dev
2023102907,837,8,0.9222585924713584,0.921712919038122,1,dev
2023102907,889,8,0.9222585924713584,0.9280815901960667,1,dev
2023102907,914,8,0.7727272727272727,0.7279062939036155,1,dev
2023102907,1009,8,0.8627204030226701,0.8729944886174853,1,dev
2023102907,1066,8,0.77728285077951,0.7836434616189853,0,dev
2023102907,1192,8,0.77728285077951,0.7680365900181739,0,dev
2023102907,1270,8,0.004310344827586207,0.02094126905090995,0,dev
2023102907,1387,8,0.8627204030226701,0.8643812749965999,1,dev
2023102907,1412,8,0.840531561461794,0.8511724314747277,1,dev
2023102907,1437,8,0.77728285077951,0.7688265024061531,1,dev
2023102907,1583,8,0.8681318681318682,0.8750148179482954,1,dev
2023102907,1705,8,0.3534675615212528,0.36947436390268645,0,dev
2023102907,2131,8,0.9395248380129589,0.9406912548383143,1,dev
2023102907,2310,8,0.8627204030226701,0.8528562892115563,1,dev
2023102907,2603,8,0.9222585924713584,0.924331868869834,1,dev
2023102907,2779,8,0.840531561461794,0.8475710799716394,1,dev
2023102907,2849,8,0.9092841956059532,0.9186619961277331,1,dev
2023102907,2896,8,0.6571428571428571,0.6199694686157186,1,dev
2023102907,2924,8,0.004310344827586207,0.017093979461855785,0,dev
2023102907,3090,8,0.8627204030226701,0.8524220337000734,1,dev
2023102907,3169,8,0.9092841956059532,0.9170134136040283,1,dev
2023102907,3205,8,0.9092841956059532,0.9133823110003063,1,dev
2023102907,3529,8,0.3465346534653465,0.3109895180632119,0,dev
2023102907,3659,8,0.6571428571428571,0.587003848847365,1,dev
2023102907,3729,8,0.95,0.9541135672243439,1,dev
2023102907,3809,8,0.5533707865168538,0.5328697423249464,1,dev
2023102907,3886,8,0.9222585924713584,0.9324494395356975,1,dev
2023102907,3933,8,0.77728285077951,0.7816578904075615,1,dev
2023102907,3958,8,0.9222585924713584,0.9253944521192213,1,dev
2023102907,4020,8,0.8627204030226701,0.8568568140838215,1,dev
2023102907,4076,8,0.3534675615212528,0.32292848803712837,1,dev
2023102907,4317,8,0.8757396449704142,0.8806209770069359,1,dev
2023102907,4371,8,0.9395248380129589,0.9454422507774352,0,dev
2023102908,55,8,0.840531561461794,0.8484827825639647,1,dev
2023102908,80,8,0.8348348348348347,0.8139986660994394,1,dev
2023102908,236,8,0.9222585924713584,0.9299979204982899,1,dev
2023102908,357,8,0.9222585924713584,0.9288738277968658,1,dev
2023102908,382,8,0.6571428571428571,0.6153137242475305,0,dev
2023102908,524,8,0.3861788617886179,0.4129441089860515,1,dev
2023102908,596,8,0.9092841956059532,0.9161495414019015,1,dev
2023102908,621,8,0.005952380952380952,0.05851665474556495,0,dev
2023102908,696,8,0.5,0.5148427014549332,1,dev
2023102908,721,8,0.9222585924713584,0.9283047462056204,1,dev
2023102908,746,8,0.7197452229299363,0.6960673228469916,1,dev
2023102908,771,8,0.07894736842105263,0.10457696624419864,0,dev
2023102908,794,8,0.9135802469135802,0.9199122082686754,0,dev
2023102908,903,8,0.8288288288288288,0.8130286447562508,1,dev
2023102908,928,8,0.9395248380129589,0.9406281965141812,1,dev
2023102908,958,8,0.9222585924713584,0.9254898816855813,1,dev
2023102908,983,8,0.8627204030226701,0.8730683544589607,0,dev
2023102908,1053,8,0.753968253968254,0.7151781139203293,1,dev
2023102908,1078,8,0.9222585924713584,0.9266961164401212,1,dev
2023102908,1146,8,0.9222585924713584,0.9261051905001773,1,dev
2023102908,1171,8,0.8348348348348347,0.835448565106886,1,dev
2023102908,1235,8,0.3861788617886179,0.40346954085858067,0,dev
2023102908,1258,8,0.7197452229299363,0.6942369104837951,1,dev
2023102908,1283,8,0.753968253968254,0.7126101862958693,1,dev
2023102908,1313,8,0.9222585924713584,0.926184917413802,1,dev
2023102908,1365,8,0.8288288288288288,0.8125227002613232,1,dev
2023102908,1410,8,0.8627204030226701,0.8638036720063005,1,dev
2023102908,1435,8,0.8851674641148325,0.8851436238432798,1,dev
2023102908,1505,8,0.8627204030226701,0.8520905857162521,1,dev
2023102908,1530,8,0.9135802469135802,0.9190763699808572,1,dev
2023102908,1602,8,0.840531561461794,0.8505571208539009,1,dev
2023102908,1679,8,0.8627204030226701,0.8673260661393425,1,dev
2023102908,1711,8,0.22727272727272727,0.25700447928335046,0,dev
2023102908,1741,8,0.3861788617886179,0.41967124097122155,1,dev
2023102908,1781,8,0.9088785046728972,0.8919211109622235,1,dev
2023102908,1818,8,0.8681318681318682,0.8753225756489104,1,dev
2023102908,1848,8,0.9088785046728972,0.8875675556758548,1,dev
2023102908,1878,8,0.8288288288288288,0.804619934992634,1,dev
2023102908,1908,8,0.8627204030226701,0.8516857862847077,1,dev
2023102908,1933,8,0.325,0.29130014987459046,1,dev
2023102908,1997,8,0.9395248380129589,0.9443317222243752,1,dev
2023102908,2027,8,0.9395248380129589,0.9390671785493013,1,dev
2023102908,2052,8,0.7197452229299363,0.700198013102337,1,dev
2023102908,2084,8,0.9088785046728972,0.8915892449244668,1,dev
2023102908,2338,8,0.9092841956059532,0.9155590529974295,1,dev
2023102908,2508,8,0.5,0.5147115191290547,0,dev
2023102908,2574,8,0.9092841956059532,0.9133801475424451,1,dev
2023102908,2634,8,0.9135802469135802,0.9201729020046916,1,dev
2023102908,2793,8,0.8348348348348347,0.8173923951189612,1,dev
2023102908,2863,8,0.5,0.5185927162816428,1,dev
2023102908,2982,8,0.9222585924713584,0.9231030724126014,1,dev
2023102908,3007,8,0.8627204030226701,0.8553628548978203,1,dev
2023102908,3135,8,0.8627204030226701,0.871711449284547,1,dev
2023102908,3160,8,0.5533707865168538,0.543809265176167,0,dev
2023102908,3207,8,0.6571428571428571,0.5965014138323405,1,dev
2023102908,3299,8,0.3465346534653465,0.29409842961643534,1,dev
2023102908,3409,8,0.77728285077951,0.7522294477723933,1,dev
2023102908,3478,8,0.9395248380129589,0.9359770906911364,1,dev
2023102908,3531,8,0.9135802469135802,0.9204576989331795,1,dev
2023102908,3605,8,0.07894736842105263,0.11178180632996514,0,dev
2023102908,3725,8,0.6571428571428571,0.6342682935907517,1,dev
2023102908,3827,8,0.3534675615212528,0.36724782671513584,1,dev
2023102908,3897,8,0.5533707865168538,0.5339359340313847,0,dev
2023102908,3920,8,0.8627204030226701,0.8639592317894637,0,dev
2023102908,3979,8,0.5533707865168538,0.5258027132210088,0,dev
2023102908,4066,8,0.9395248380129589,0.9369349432978994,1,dev
2023102908,4091,8,0.4155844155844156,0.427730378807536,0,dev
2023102908,4348,8,0.9395248380129589,0.9430065478226677,1,dev
2023102908,4378,8,0.8348348348348347,0.8219085051256342,1,dev
2023102908,4403,8,0.8627204030226701,0.8697599147499508,1,dev
2023102908,4433,8,0.3534675615212528,0.320756125290892,1,dev
2023102909,84,8,0.77728285077951,0.7560445207848235,1,dev
2023102909,173,8,0.9088785046728972,0.8940999330464526,1,dev
2023102909,225,8,0.8627204030226701,0.8620052519655239,1,dev
2023102909,334,8,0.9222585924713584,0.9258970496651286,1,dev
2023102909,425,8,0.9092841956059532,0.9028191801940806,0,dev
2023102909,470,8,0.3861788617886179,0.3987964363556671,1,dev
2023102909,553,8,0.8627204030226701,0.8562574623007136,1,dev
2023102909,667,8,0.004310344827586207,0.03232368283652082,0,dev
2023102909,690,8,0.7197452229299363,0.6990189211939105,1,dev
2023102909,831,8,0.9222585924713584,0.9292474029420094,1,dev
2023102909,895,8,0.9092841956059532,0.9123231029380434,1,dev
2023102909,958,8,0.6589147286821706,0.6664484033652107,1,dev
2023102909,983,8,0.07894736842105263,0.09721778355609878,0,dev
2023102909,1087,8,0.004310344827586207,0.0161678860231535,0,dev
2023102909,1110,8,0.3534675615212528,0.34372493321098235,0,dev
2023102909,1133,8,0.8288288288288288,0.8013786795386487,1,dev
2023102909,1280,8,0.77728285077951,0.7316195637525222,1,dev
2023102909,1410,8,0.5,0.5109348000562746,0,dev
2023102909,1689,8,0.9092841956059532,0.9121718289938063,1,dev
2023102909,1725,8,0.13,0.18646598374770423,0,dev
2023102909,1817,8,0.3861788617886179,0.40529227080748287,0,dev
2023102909,1906,8,0.3861788617886179,0.4084921115098746,1,dev
2023102909,2071,8,0.9222585924713584,0.9249033598843616,1,dev
2023102909,2118,8,0.9092841956059532,0.8998225201989606,1,dev
2023102909,2148,8,0.8348348348348347,0.8378519541413532,0,dev
2023102909,2200,8,0.9092841956059532,0.9145605438315694,1,dev
2023102909,2344,8,0.9092841956059532,0.8968269700797032,1,dev
2023102909,2513,8,0.6589147286821706,0.6682782535660917,1,dev
2023102909,2565,8,0.9088785046728972,0.8940305499049525,1,dev
2023102909,2590,8,0.07894736842105263,0.11761039827214287,0,dev
2023102909,2637,8,0.8627204030226701,0.865463744950773,1,dev
2023102909,2743,8,0.13,0.20278972535883327,0,dev
2023102909,2952,8,0.3465346534653465,0.29792497929185735,0,dev
2023102909,3040,8,0.9092841956059532,0.9081671841891805,1,dev
2023102909,3065,8,0.03296703296703297,0.08235188506714496,0,dev
2023102909,3149,8,0.0,0.009174675789860417,0,dev
2023102909,3270,8,0.9088785046728972,0.8897188418784501,1,dev
2023102909,3385,8,0.9088785046728972,0.896774567793114,0,dev
2023102909,3435,8,0.9395248380129589,0.9446528873017349,1,dev
2023102909,3518,8,0.9135802469135802,0.9191566404367645,1,dev
2023102909,3570,8,0.9222585924713584,0.924409821624931,1,dev
2023102909,3619,8,0.8627204030226701,0.8631388113032589,0,dev
2023102909,3903,8,0.9135802469135802,0.9194307884694967,1,dev
2023102909,3928,8,0.8851674641148325,0.8871858012286916,1,dev
2023102909,3971,8,0.9092841956059532,0.9055534807633102,1,dev
2023102909,4101,8,0.25874125874125875,0.26330314102517205,0,dev
2023102909,4124,8,0.35714285714285715,0.38694709772496677,0,dev
2023102909,4174,8,0.005952380952380952,0.0539955694919074,0,dev
2023102910,165,8,0.9222585924713584,0.9210459101049593,1,dev
2023102910,239,8,0.9222585924713584,0.9295417042500701,1,dev
2023102910,518,8,0.9222585924713584,0.925388216641751,1,dev
2023102910,543,8,0.8348348348348347,0.8270010493615688,1,dev
2023102910,568,8,0.6571428571428571,0.6183897129536792,0,dev
2023102910,591,8,0.77728285077951,0.7637071847121414,1,dev
2023102910,638,8,0.753968253968254,0.7062072360887258,1,dev
2023102910,751,8,0.9092841956059532,0.8970549774694532,1,dev
2023102910,815,8,0.8348348348348347,0.8373395597004276,1,dev
2023102910,1021,8,0.9222585924713584,0.9211562433951268,1,dev
2023102910,1046,8,0.9092841956059532,0.9187116181919717,1,dev
2023102910,1087,8,0.6589147286821706,0.6521486771173877,0,dev
2023102910,1234,8,0.5533707865168538,0.569732283481477,1,dev
2023102910,1259,8,0.9092841956059532,0.9147980129510197,1,dev
2023102910,1428,8,0.5,0.5181283033999503,0,dev
2023102910,1562,8,0.9092841956059532,0.8970666034634289,1,dev
2023102910,1613,8,0.9135802469135802,0.9190157176780556,1,dev
2023102910,1645,8,0.7583333333333333,0.7172673073108177,0,dev
2023102910,1724,8,0.41818181818181815,0.45843387342541847,0,dev
2023102910,1776,8,0.9222585924713584,0.9296008709369704,1,dev
2023102910,1857,8,0.8851674641148325,0.8835146775215669,0,dev
2023102910,1880,8,0.8627204030226701,0.867729308173314,1,dev
2023102910,1932,8,0.9092841956059532,0.8984714304476072,1,dev
2023102910,2216,8,0.5533707865168538,0.5465695110256961,0,dev
2023102910,2321,8,0.03296703296703297,0.07690767703966638,0,dev
2023102910,2451,8,0.9222585924713584,0.9312461312453878,1,dev
2023102910,2524,8,0.004310344827586207,0.030213076780039386,0,dev
2023102910,2621,8,0.9222585924713584,0.9327346243257746,1,dev
2023102910,2690,8,0.5,0.5067202206152621,0,dev
2023102910,2861,8,0.9092841956059532,0.9048204980098088,1,dev
2023102910,3029,8,0.9395248380129589,0.9441358990410514,1,dev
2023102910,3268,8,0.753968253968254,0.7098229660174343,1,dev
2023102910,3336,8,0.8851674641148325,0.8871078441308773,1,dev
2023102910,3366,8,0.77728285077951,0.7805497310972591,1,dev
2023102910,3418,8,0.9092841956059532,0.8967904964422002,1,dev
2023102910,3478,8,0.8627204030226701,0.8661551712691947,1,dev
2023102910,3503,8,0.0,0.010190611142846452,0,dev
2023102910,3549,8,0.8627204030226701,0.8514658312576641,1,dev
2023102910,3925,8,0.840531561461794,0.8410826008157427,1,dev
2023102910,3950,8,0.9092841956059532,0.9061153809935012,1,dev
2023102910,3975,8,0.8681318681318682,0.8783211270987724,1,dev
2023102910,4040,8,0.8288288288288288,0.8122434946572251,1,dev
2023102910,4099,8,0.9395248380129589,0.9414197868301513,1,dev
2023102910,4134,8,0.0,0.013712561915335252,0,dev
2023102910,4157,8,0.840531561461794,0.8466670463487052,1,dev
2023102910,4221,8,0.5,0.4919983518496569,0,dev
2023102910,4256,8,0.3465346534653465,0.2990345315844915,1,dev
2023102910,4368,8,0.9222585924713584,0.9353043182504603,1,dev
2023102910,4421,8,0.8348348348348347,0.8211568658272675,1,dev
2023102911,77,8,0.8627204030226701,0.868505816481848,1,dev
2023102911,500,8,0.4155844155844156,0.42700617433104576,1,dev
2023102911,604,8,0.9088785046728972,0.8965977458215442,1,dev
2023102911,651,8,0.753968253968254,0.7098656260992486,1,dev
2023102911,889,8,0.11059907834101383,0.1389907271190228,0,dev
2023102911,938,8,0.8348348348348347,0.8169783482978001,0,dev
2023102911,973,8,0.9092841956059532,0.9036044956242584,1,dev
2023102911,1034,8,0.9395248380129589,0.9486695679136883,1,dev
2023102911,1082,8,0.4155844155844156,0.4320284393393846,1,dev
2023102911,1144,8,0.77728285077951,0.7587835100317519,1,dev
2023102911,1265,8,0.8348348348348347,0.8195185360354286,1,dev
2023102911,1344,8,0.8348348348348347,0.8185221037145519,0,dev
2023102911,1449,8,0.9222585924713584,0.9262898675143489,1,dev
2023102911,1655,8,0.004310344827586207,0.01550500353721007,0,dev
2023102911,1678,8,0.5,0.5017024440913123,0,dev
2023102911,1801,8,0.7197452229299363,0.6977858697515732,0,dev
2023102911,1883,8,0.9092841956059532,0.8988255465057009,1,dev
2023102911,1942,8,0.8288288288288288,0.7979592186094361,1,dev
2023102911,2088,8,0.9088785046728972,0.8963155683545064,0,dev
2023102911,2123,8,0.9222585924713584,0.9341319115043892,1,dev
2023102911,2185,8,0.9092841956059532,0.918277219226531,1,dev
2023102911,2291,8,0.9222585924713584,0.9252543022123147,1,dev
2023102911,2321,8,0.3861788617886179,0.4194551130858048,1,dev
2023102911,2745,8,0.9395248380129589,0.9400955461741868,0,dev
2023102911,2780,8,0.9222585924713584,0.9283012348989715,1,dev
2023102911,2851,8,0.9092841956059532,0.905124132580283,1,dev
2023102911,2881,8,0.03296703296703297,0.06986290920713567,0,dev
2023102911,3378,8,0.8348348348348347,0.8364403921613953,1,dev
2023102911,3453,8,0.005952380952380952,0.04907730079040158,0,dev
2023102911,3476,8,0.77728285077951,0.7756162939527442,0,dev
2023102911,3518,8,0.8348348348348347,0.8185075012321686,1,dev
2023102911,3543,8,0.9395248380129589,0.9508679710562828,1,dev
2023102911,3590,8,0.005952380952380952,0.05557347844745643,0,dev
2023102911,3613,8,0.9222585924713584,0.9255762669391351,1,dev
2023102911,3643,8,0.6571428571428571,0.5830747507073344,0,dev
2023102911,3666,8,0.8288288288288288,0.8047536443001351,1,dev
2023102911,3714,8,0.8348348348348347,0.8258252283549135,0,dev
2023102912,147,8,0.9395248380129589,0.9435952845388779,1,dev
2023102912,189,8,0.8851674641148325,0.8853142560789927,1,dev
2023102912,218,8,0.77728285077951,0.7877320250576156,0,dev
2023102912,243,8,0.25874125874125875,0.2751880319076125,0,dev
2023102912,266,8,0.5533707865168538,0.5724324091168206,1,dev
2023102912,365,8,0.8348348348348347,0.8404363514217693,1,dev
2023102912,412,8,0.9395248380129589,0.9467461318473104,1,dev
2023102912,437,8,0.3534675615212528,0.36107304645289334,1,dev
2023102912,501,8,0.9222585924713584,0.9232001881907068,1,dev
2023102912,609,8,0.9092841956059532,0.9078759234336947,1,dev
2023102912,639,8,0.9222585924713584,0.9277317878290225,1,dev
2023102912,823,8,0.8627204030226701,0.8717909857651731,1,dev
2023102912,875,8,0.3534675615212528,0.3514531348658773,1,dev
2023102912,1022,8,0.3465346534653465,0.3102261321759681,0,dev
2023102912,1236,8,0.9092841956059532,0.918022901270704,1,dev
2023102912,1355,8,0.8627204030226701,0.8627524904793917,1,dev
2023102912,1501,8,0.77728285077951,0.7810530688746614,1,dev
2023102912,1613,8,0.9222585924713584,0.9277010590348119,1,dev
2023102912,1650,8,0.9092841956059532,0.9178781329391049,1,dev
2023102912,1675,8,0.9222585924713584,0.9306810004733042,1,dev
2023102912,1727,8,0.6589147286821706,0.6730015624475516,1,dev
2023102912,1752,8,0.9395248380129589,0.9396936411393376,1,dev
2023102912,1784,8,0.77728285077951,0.7634129774777375,1,dev
2023102912,1869,8,0.8348348348348347,0.833736591903217,1,dev
2023102912,1894,8,0.8627204030226701,0.8646107797592906,0,dev
2023102912,2005,8,0.44370860927152306,0.4775978322034694,0,dev
2023102912,2271,8,0.5,0.5070614406298433,1,dev
2023102912,2296,8,0.21666666666666667,0.2555733403598811,0,dev
2023102912,2341,8,0.11059907834101383,0.16590827058152965,0,dev
2023102912,2480,8,0.9088785046728972,0.8877343800284622,1,dev
2023102912,2517,8,0.8681318681318682,0.8749851281798203,1,dev
2023102912,2542,8,0.9395248380129589,0.9459888159943325,1,dev
2023102912,2741,8,0.9092841956059532,0.900456188743244,1,dev
2023102912,2837,8,0.77728285077951,0.775569229464384,0,dev
2023102912,2988,8,0.8851674641148325,0.8849167914067965,1,dev
2023102912,3052,8,0.25874125874125875,0.27538363102156005,1,dev
2023102912,3099,8,0.8681318681318682,0.877296372013379,1,dev
2023102912,3124,8,0.77728285077951,0.7576592343662807,1,dev
2023102912,3172,8,0.9135802469135802,0.9192071643680766,1,dev
2023102912,3219,8,0.8348348348348347,0.8339085160308637,0,dev
2023102912,3267,8,0.9088785046728972,0.8930217167452639,1,dev
2023102912,3368,8,0.9088785046728972,0.8946313676503184,1,dev
2023102912,3625,8,0.9395248380129589,0.9414017058284647,1,dev
2023102912,3650,8,0.8348348348348347,0.8244434617848859,1,dev
2023102912,3675,8,0.8348348348348347,0.8221381947572436,1,dev
2023102913,62,8,0.07894736842105263,0.08503626164388126,1,dev
2023102913,222,8,0.77728285077951,0.7463310454516159,1,dev
2023102913,247,8,0.8348348348348347,0.8161160443819163,1,dev
2023102913,294,8,0.9092841956059532,0.9160219159262701,1,dev
2023102913,324,8,0.9222585924713584,0.9316940001066121,1,dev
2023102913,482,8,0.8288288288288288,0.8022596101870099,1,dev
2023102913,542,8,0.9092841956059532,0.908607563960556,0,dev
2023102913,588,8,0.9092841956059532,0.903009430831768,1,dev
2023102913,655,8,0.77728285077951,0.7366889248178774,1,dev
2023102913,736,8,0.6589147286821706,0.6786239505548449,1,dev
2023102913,793,8,0.9092841956059532,0.9102714941319775,1,dev
2023102913,879,8,0.9092841956059532,0.9099050183022386,1,dev
2023102913,950,8,0.9222585924713584,0.9271946358591386,1,dev
2023102913,975,8,0.9395248380129589,0.9451204009406247,1,dev
2023102913,1152,8,0.9222585924713584,0.9307500266366999,1,dev
2023102913,1184,8,0.9395248380129589,0.9486901149813383,1,dev
2023102913,1231,8,0.9395248380129589,0.9461677191624122,1,dev
2023102913,1342,8,0.3861788617886179,0.4115654731918313,0,dev
2023102913,1453,8,0.13,0.20463852013644257,1,dev
2023102913,1544,8,0.77728285077951,0.7802766558893609,0,dev
2023102913,1581,8,0.4155844155844156,0.4284241214558335,1,dev
2023102913,1642,8,0.9092841956059532,0.90332910126182,1,dev
2023102913,1689,8,0.9395248380129589,0.9458436115409826,1,dev
2023102913,1714,8,0.77728285077951,0.7729041633834683,1,dev
2023102913,1862,8,0.7583333333333333,0.7176756903450584,1,dev
2023102913,1887,8,0.9395248380129589,0.9480130288455273,1,dev
2023102913,1975,8,0.9395248380129589,0.9469085724465566,1,dev
2023102913,2037,8,0.9092841956059532,0.9001376643059148,1,dev
2023102913,2085,8,0.840531561461794,0.8469194007126525,1,dev
2023102913,2236,8,0.8627204030226701,0.8628802310991871,1,dev
2023102913,2261,8,0.9395248380129589,0.948283460881541,1,dev
2023102913,2415,8,0.25874125874125875,0.2724989399864935,1,dev
2023102913,2540,8,0.8851674641148325,0.8842394411927401,1,dev
2023102913,2630,8,0.9222585924713584,0.9263783942896004,1,dev
2023102913,2655,8,0.21666666666666667,0.23959570616009981,0,dev
2023102913,2733,8,0.3861788617886179,0.3993639075941504,0,dev
2023102913,2756,8,0.9222585924713584,0.9343752328868395,0,dev
2023102913,2863,8,0.9395248380129589,0.9368557660507373,1,dev
2023102913,2895,8,0.9222585924713584,0.9353191969717622,1,dev
2023102913,2964,8,0.9395248380129589,0.9511453139927069,0,dev
2023102913,3046,8,0.9222585924713584,0.9290224237771931,1,dev
2023102913,3093,8,0.77728285077951,0.7651539389818934,1,dev
2023102913,3145,8,0.9222585924713584,0.9260338818204753,1,dev
2023102913,3227,8,0.44370860927152306,0.47994118307859895,0,dev
2023102913,3421,8,0.8627204030226701,0.8713650196287241,1,dev
2023102913,3451,8,0.9222585924713584,0.9246032424792148,1,dev
2023102913,3553,8,0.004310344827586207,0.024354118931160063,0,dev
2023102913,3576,8,0.9092841956059532,0.8993974190586506,1,dev
2023102913,3623,8,0.9395248380129589,0.9440721820618948,1,dev
2023102913,3648,8,0.9222585924713584,0.9268008988975432,1,dev
2023102913,3673,8,0.8757396449704142,0.8803363737065222,1,dev
2023102913,3720,8,0.3861788617886179,0.3904664127658341,0,dev
2023102913,3849,8,0.6571428571428571,0.6346779941368461,1,dev
2023102913,3937,8,0.9092841956059532,0.917573311065828,1,dev
2023102913,3969,8,0.9395248380129589,0.9450408791699402,1,dev
2023102913,4019,8,0.9092841956059532,0.8971684629955107,1,dev
2023102913,4044,8,0.005952380952380952,0.043250597147449096,0,dev
2023103000,109,8,0.9395248380129589,0.9414250448410323,1,dev
2023103000,213,8,0.9088785046728972,0.8911518844602568,1,dev
2023103000,238,8,0.8627204030226701,0.8729840154641395,1,dev
2023103000,358,8,0.07894736842105263,0.12167426511092763,0,dev
2023103000,424,8,0.8627204030226701,0.8746165283293249,1,dev
2023103000,465,8,0.8288288288288288,0.8052274165723472,0,dev
2023103000,586,8,0.7583333333333333,0.7262176227403535,1,dev
2023103000,654,8,0.9222585924713584,0.9317013222198612,1,dev
2023103000,829,8,0.005952380952380952,0.05083814008860661,0,dev
2023103000,888,8,0.8681318681318682,0.8780964061665996,1,dev
2023103000,957,8,0.6589147286821706,0.6710539410763503,0,dev
2023103000,980,8,0.8348348348348347,0.8283981229902426,1,dev
2023103000,1244,8,0.44370860927152306,0.4728929708999057,0,dev
2023103000,1287,8,0.9222585924713584,0.9289873295308217,1,dev
2023103000,1357,8,0.8627204030226701,0.8673970708543415,1,dev
2023103000,1398,8,0.9222585924713584,0.9241019000362382,1,dev
2023103000,1511,8,0.9092841956059532,0.9141457263154924,1,dev
2023103000,1829,8,0.8348348348348347,0.8332031893139736,1,dev
2023103000,1949,8,0.9135802469135802,0.9191902375485046,1,dev
2023103000,2003,8,0.9222585924713584,0.9276641207023736,1,dev
2023103000,2038,8,0.9092841956059532,0.9094268460827362,1,dev
2023103000,2070,8,0.8288288288288288,0.809129856711157,1,dev
2023103000,2202,8,0.9395248380129589,0.940986083921703,1,dev
2023103000,2249,8,0.25874125874125875,0.27736436550826166,0,dev
2023103000,2454,8,0.9092841956059532,0.9060943039327136,1,dev
2023103000,2506,8,0.44370860927152306,0.48031154750279914,0,dev
2023103000,2551,8,0.8627204030226701,0.8581519948302286,1,dev
2023103000,2642,8,0.9395248380129589,0.9398605916913082,1,dev
2023103000,2867,8,0.9395248380129589,0.9399665983054392,0,dev
2023103000,3036,8,0.5533707865168538,0.5739285799790949,1,dev
2023103000,3085,8,0.07894736842105263,0.09855619180669295,0,dev
2023103000,3212,8,0.9092841956059532,0.906992075641366,1,dev
2023103000,3447,8,0.8627204030226701,0.8720556168540077,0,dev
2023103000,3536,8,0.11059907834101383,0.178906971844467,0,dev
2023103000,3593,8,0.8627204030226701,0.8633749498497366,1,dev
2023103000,3835,8,0.840531561461794,0.8430258788434927,0,dev
2023103000,3886,8,0.753968253968254,0.7132754387524299,1,dev
2023103000,3927,8,0.77728285077951,0.7686150919498317,0,dev
2023103000,3950,8,0.44370860927152306,0.46866370682524006,0,dev
2023103000,3993,8,0.9092841956059532,0.917526461789976,1,dev
2023103000,4091,8,0.9092841956059532,0.9184390284995179,1,dev
2023110200,108,9,0.9092841956059532,0.9146881604089367,1,dev
2023110200,180,9,0.9092841956059532,0.8986175947386074,1,dev
2023110200,262,9,0.25874125874125875,0.26464551464491926,0,dev
2023110200,285,9,0.9395248380129589,0.9361208228724535,1,dev
2023110200,315,9,0.77728285077951,0.75515605631228,1,dev
2023110200,446,9,0.9135802469135802,0.9192397198857812,1,dev
2023110200,539,9,0.7727272727272727,0.7272907125416727,0,dev
2023110200,932,9,0.005952380952380952,0.061397945331971064,0,dev
2023110200,1063,9,0.6589147286821706,0.6503352641414715,1,dev
2023110200,1122,9,0.9222585924713584,0.9268571198263171,1,dev
2023110200,1258,9,0.3534675615212528,0.3729907323106367,0,dev
2023110200,1281,9,0.3534675615212528,0.32772761010112056,0,dev
2023110200,1330,9,0.8627204030226701,0.8710623197539534,1,dev
2023110200,1407,9,0.9222585924713584,0.9219241193451239,1,dev
2023110200,1491,9,0.9222585924713584,0.9208374814997526,1,dev
2023110200,1846,9,0.77728285077951,0.7374285558796432,1,dev
2023110200,1902,9,0.325,0.29019308594528426,0,dev
2023110200,1993,9,0.9222585924713584,0.9284975817349794,1,dev
2023110200,2018,9,0.6571428571428571,0.6092876792326041,1,dev
2023110200,2050,9,0.8627204030226701,0.8577784126681838,1,dev
2023110200,2087,9,0.11059907834101383,0.17694187323133911,0,dev
2023110200,2110,9,0.6589147286821706,0.6711399573491907,0,dev
2023110200,2240,9,0.77728285077951,0.7806060692163863,0,dev
2023110200,2263,9,0.15942028985507245,0.2273467355899132,0,dev
2023110200,2403,9,0.6571428571428571,0.6020259010881139,1,dev
2023110200,2433,9,0.9222585924713584,0.9269452239028175,0,dev
2023110200,2546,9,0.9222585924713584,0.9289138203792257,1,dev
2023110200,2571,9,0.9395248380129589,0.9420056114931464,1,dev
2023110200,2677,9,0.77728285077951,0.7917631497801956,0,dev
2023110200,2782,9,0.5533707865168538,0.5521150418553628,0,dev
2023110200,2937,9,0.9092841956059532,0.9013095225420723,1,dev
2023110200,3030,9,0.9395248380129589,0.9431493531815679,1,dev
2023110200,3097,9,0.9092841956059532,0.9109888371131096,1,dev
2023110200,3217,9,0.77728285077951,0.7361935231419691,1,dev
2023110200,3346,9,0.9135802469135802,0.919519953816842,0,dev
2023110200,3440,9,0.9092841956059532,0.9040421184165676,1,dev
2023110200,3509,9,0.9222585924713584,0.934282201389684,0,dev
2023110200,3554,9,0.5533707865168538,0.5651197732054962,1,dev
2023110200,3727,9,0.8851674641148325,0.8828673107223522,1,dev
2023110200,4038,9,0.3534675615212528,0.34952206701707794,0,dev
2023110200,4061,9,0.8348348348348347,0.8216557882756157,1,dev
2023110200,4106,9,0.9222585924713584,0.929240941554787,1,dev
2023110200,4138,9,0.5533707865168538,0.5748378865704327,0,dev
2023110200,4234,9,0.9088785046728972,0.8913044888282806,1,dev
2023110200,4282,9,0.9092841956059532,0.9094464698486412,1,dev
2023110200,4312,9,0.6571428571428571,0.6044159281002875,0,dev
2023110200,4335,9,0.9092841956059532,0.8968127709108595,1,dev
2023110500,55,9,0.77728285077951,0.7806543501231866,1,dev
2023110500,80,9,0.9135802469135802,0.920330364133717,1,dev
2023110500,127,9,0.9092841956059532,0.9069962400586936,1,dev
2023110500,157,9,0.77728285077951,0.7309184265621177,1,dev
2023110500,187,9,0.5533707865168538,0.5752496592691666,0,dev
2023110500,314,9,0.753968253968254,0.7135521108455289,1,dev
2023110500,723,9,0.77728285077951,0.7528296281161305,1,dev
2023110500,748,9,0.15942028985507245,0.21305151541973574,0,dev
2023110500,879,9,0.840531561461794,0.8504572009219843,1,dev
2023110500,978,9,0.005952380952380952,0.047640436668325424,0,dev
2023110500,1102,9,0.41818181818181815,0.45808174851880334,0,dev
2023110500,1125,9,0.9088785046728972,0.8915011611241382,0,dev
2023110500,1212,9,0.21666666666666667,0.2438898183241785,0,dev
2023110500,1235,9,0.9222585924713584,0.9290105822373022,1,dev
2023110500,1313,9,0.753968253968254,0.7074937726096762,0,dev
2023110500,1370,9,0.8627204030226701,0.8611356253598723,1,dev
2023110500,1477,9,0.9092841956059532,0.9110430508434867,1,dev
2023110500,1631,9,0.9088785046728972,0.8963882890834738,1,dev
2023110500,1656,9,0.8288288288288288,0.8118212761386998,1,dev
2023110500,1743,9,0.9092841956059532,0.9122976742671017,1,dev
2023110500,1817,9,0.9092841956059532,0.90808095747329,1,dev
2023110500,1907,9,0.8348348348348347,0.8383786576085087,1,dev
2023110500,1932,9,0.44370860927152306,0.4793620817350719,1,dev
2023110500,1964,9,0.9222585924713584,0.9243823083233764,1,dev
2023110500,2075,9,0.7197452229299363,0.6941738032955769,1,dev
2023110500,2100,9,0.3465346534653465,0.31049695178744324,0,dev
2023110500,2130,9,0.8627204030226701,0.8585284875053749,0,dev
2023110500,2313,9,0.03296703296703297,0.06602124904374423,0,dev
2023110500,2418,9,0.9743589743589743,0.9615627220988732,1,dev
2023110500,2465,9,0.8627204030226701,0.8551798306026955,0,dev
2023110500,2566,9,0.9092841956059532,0.9181241621223963,1,dev
2023110500,2598,9,0.95,0.9568638435566144,1,dev
2023110500,2645,9,0.3534675615212528,0.3724284129543892,1,dev
2023110500,2692,9,0.9222585924713584,0.9264989935428272,1,dev
2023110500,2783,9,0.6571428571428571,0.633858131022836,1,dev
2023110500,2855,9,1.0,0.9667225158190328,1,dev
2023110500,2905,9,0.95,0.9540466507596853,1,dev
2023110500,3092,9,0.8348348348348347,0.8266706813887862,0,dev
2023110500,3115,9,0.9092841956059532,0.9000025485068616,1,dev
2023110500,3404,9,0.3534675615212528,0.3176639382093654,0,dev
2023110500,3536,9,0.77728285077951,0.7671550885153218,1,dev
2023110500,3564,9,0.9222585924713584,0.9353732376974552,1,dev
2023110500,3596,9,0.95,0.9554292127100353,1,dev
2023110500,3665,9,0.840531561461794,0.8410506981960996,1,dev
2023110500,3929,9,0.6571428571428571,0.6361333077157664,0,dev
2023110500,3952,9,0.005952380952380952,0.04443289945407218,0,dev
2023110500,3975,9,0.25874125874125875,0.27382578105242567,0,dev
2023110501,102,9,0.7197452229299363,0.6899723664300091,1,dev
2023110501,127,9,0.8288288288288288,0.8081561089650441,1,dev
2023110501,174,9,0.44370860927152306,0.467992026437068,1,dev
2023110501,338,9,0.9088785046728972,0.8884429798576834,1,dev
2023110501,414,9,0.11059907834101383,0.1441803971413592,0,dev
2023110501,480,9,0.9092841956059532,0.9082806638739005,1,dev
2023110501,556,9,0.9088785046728972,0.8914504887623328,1,dev
2023110501,581,9,0.8681318681318682,0.8751371864751879,1,dev
2023110501,611,9,0.8348348348348347,0.8400467819788382,1,dev
2023110501,746,9,0.8627204030226701,0.8621731702088803,1,dev
2023110501,776,9,0.8627204030226701,0.871805861620798,1,dev
2023110501,857,9,0.9222585924713584,0.9314284391688463,1,dev
2023110501,882,9,0.004310344827586207,0.0284704368067629,0,dev
2023110501,1003,9,0.3534675615212528,0.3374472648022571,0,dev
2023110501,1101,9,0.15942028985507245,0.22114084564637743,0,dev
2023110501,1125,9,0.8627204030226701,0.8595616002458357,1,dev
2023110501,1210,9,0.44370860927152306,0.47321367261787883,1,dev
2023110501,1290,9,0.9092841956059532,0.9077021658436196,1,dev
2023110501,1646,9,0.3861788617886179,0.41215650849097873,1,dev
2023110501,1739,9,0.3534675615212528,0.3131293153873718,0,dev
2023110501,1784,9,0.8627204030226701,0.8531531531020516,1,dev
2023110501,1932,9,0.6571428571428571,0.5922263855346367,1,dev
2023110501,2076,9,0.9092841956059532,0.900362878581916,1,dev
2023110501,2124,9,0.8681318681318682,0.8783721320222546,0,dev
2023110501,2147,9,0.03296703296703297,0.07511557791742798,0,dev
2023110501,2264,9,0.9222585924713584,0.9281064599234343,1,dev
2023110501,2403,9,0.3465346534653465,0.301444921776922,0,dev
2023110501,2530,9,0.5533707865168538,0.5443056730301353,1,dev
2023110501,2658,9,0.5,0.5079587861439903,0,dev
2023110501,2724,9,0.21666666666666667,0.24425135742450169,0,dev
2023110501,2770,9,0.77728285077951,0.733570536563851,1,dev
2023110501,2936,9,0.8288288288288288,0.8074404954550579,0,dev
2023110501,3055,9,0.11059907834101383,0.12990998218732522,0,dev
2023110501,3078,9,0.9222585924713584,0.9253224397587098,1,dev
2023110501,3231,9,0.77728285077951,0.7629735092375763,1,dev
2023110501,3256,9,0.9092841956059532,0.9010396043765528,1,dev
2023110501,3425,9,0.005952380952380952,0.050689177255884135,0,dev
2023110501,3448,9,0.8288288288288288,0.8046350818816307,1,dev
2023110501,3495,9,0.07894736842105263,0.08553708827129337,0,dev
2023110501,3518,9,0.15942028985507245,0.224880753192793,0,dev
2023110501,3613,9,0.7197452229299363,0.6907961445212982,1,dev
2023110501,3638,9,0.9395248380129589,0.9404803348458419,1,dev
2023110501,3712,9,0.9092841956059532,0.9037673752010938,1,dev
2023110501,3742,9,0.3534675615212528,0.3130373243218722,0,dev
2023110501,3784,9,0.77728285077951,0.7300372106309961,1,dev
2023110501,4181,9,0.8627204030226701,0.8727235941328086,1,dev
2023110501,4213,9,0.6589147286821706,0.6805809249991654,1,dev
2023110501,4238,9,0.8288288288288288,0.7970278385895374,1,dev
2023110501,4268,9,0.5533707865168538,0.5448473075066377,0,dev
2023110501,4363,9,0.11059907834101383,0.16530126813753523,0,dev
2023110501,4413,9,0.77728285077951,0.7536974889245978,0,dev
2023110501,4436,9,0.77728285077951,0.750174667203174,1,dev
2023110501,4461,9,0.77728285077951,0.7807767241940601,1,dev
2023110501,4525,9,0.9222585924713584,0.933664860682952,1,dev
2023110501,4550,9,0.03296703296703297,0.08153309511379336,0,dev
2023110501,4580,9,0.9395248380129589,0.9515580877763943,1,dev
2023110502,99,9,0.8757396449704142,0.8810299809779324,0,dev
2023110502,142,9,0.8348348348348347,0.8167245109286748,1,dev
2023110502,236,9,0.0,0.012587001858791833,0,dev
2023110502,314,9,0.6571428571428571,0.5827320089569847,1,dev
2023110502,506,9,0.77728285077951,0.7496930156929125,1,dev
2023110502,562,9,0.77728285077951,0.7639041174198832,1,dev
2023110502,616,9,0.3861788617886179,0.417162302746216,1,dev
2023110502,687,9,0.8288288288288288,0.8112907525650932,0,dev
2023110502,790,9,0.9222585924713584,0.9295770837117662,1,dev
2023110502,859,9,0.9135802469135802,0.9197520345474343,1,dev
2023110502,889,9,0.004310344827586207,0.022045409063593632,0,dev
2023110502,912,9,0.9088785046728972,0.8917118017183465,1,dev
2023110502,1001,9,0.9222585924713584,0.9246783241261196,1,dev
2023110502,1237,9,0.77728285077951,0.757253217889086,1,dev
2023110502,1451,9,0.8348348348348347,0.8181086276881666,1,dev
2023110502,1598,9,0.41818181818181815,0.4578368762531139,1,dev
2023110502,1716,9,0.9135802469135802,0.919369797533981,1,dev
2023110502,1746,9,0.5,0.4918792649001689,1,dev
2023110502,1807,9,0.44370860927152306,0.4793574516560977,0,dev
2023110502,1918,9,0.8627204030226701,0.8605296745702681,1,dev
2023110502,2141,9,0.77728285077951,0.7353680477502598,1,dev
2023110502,2322,9,0.3861788617886179,0.42551136396326433,0,dev
2023110502,2345,9,0.3861788617886179,0.4155406083303971,1,dev
2023110502,2435,9,0.004310344827586207,0.024837514302605442,0,dev
2023110502,2482,9,0.9092841956059532,0.8974928900609175,1,dev
2023110502,2605,9,0.8627204030226701,0.8736063060572525,1,dev
2023110502,2704,9,0.9088785046728972,0.8965860112510694,1,dev
2023110502,2773,9,0.8681318681318682,0.8783910664522321,1,dev
2023110502,2920,9,0.77728285077951,0.7684470783619259,1,dev
2023110502,3010,9,0.4155844155844156,0.4344317196103818,0,dev
2023110502,3065,9,0.8288288288288288,0.8039475281452167,1,dev
2023110502,3208,9,0.6589147286821706,0.6531021750787597,1,dev
2023110502,3295,9,0.6571428571428571,0.5866661365607563,1,dev
2023110502,3320,9,0.0,0.009844878375087813,0,dev
2023110502,3343,9,0.9092841956059532,0.8999915697105502,1,dev
2023110502,3373,9,0.9092841956059532,0.9152664567419196,1,dev
2023110502,3405,9,0.3534675615212528,0.3576511446998002,0,dev
2023110502,3507,9,0.3534675615212528,0.36526726552689276,0,dev
2023110502,3530,9,0.9395248380129589,0.943335698569897,1,dev
2023110502,3580,9,0.11059907834101383,0.17638086254536908,0,dev
2023110502,3603,9,0.44370860927152306,0.4779579037172282,1,dev
2023110502,3809,9,0.9222585924713584,0.9217116982596474,1,dev
2023110503,84,9,0.9222585924713584,0.934190967938886,1,dev
2023110503,283,9,0.9395248380129589,0.9420135832132123,1,dev
2023110503,354,9,0.77728285077951,0.7706823031803701,0,dev
2023110503,384,9,0.77728285077951,0.7716914247095695,0,dev
2023110503,626,9,0.8288288288288288,0.807680952710837,1,dev
2023110503,676,9,0.77728285077951,0.7798213061630457,1,dev
2023110503,701,9,0.8627204030226701,0.8691481117107398,0,dev
2023110503,838,9,0.8627204030226701,0.8742876803061146,1,dev
2023110503,1611,9,0.9395248380129589,0.9537140482073535,0,dev
2023110503,1743,9,0.9395248380129589,0.9465748073242745,1,dev
2023110503,1839,9,0.840531561461794,0.8437568507629586,1,dev
2023110503,1864,9,0.3465346534653465,0.30525072827645805,0,dev
2023110503,1931,9,0.15942028985507245,0.21762773229435653,0,dev
2023110503,1976,9,0.9222585924713584,0.9233116979098531,1,dev
2023110503,2001,9,0.8348348348348347,0.8301963285556401,0,dev
2023110503,2024,9,0.8627204030226701,0.8516223316081969,1,dev
2023110503,2213,9,0.3861788617886179,0.42230476966589575,0,dev
2023110503,2313,9,0.325,0.2877101476963572,0,dev
2023110503,2404,9,0.9395248380129589,0.9460294692160801,1,dev
2023110503,2498,9,0.8627204030226701,0.8664039672257475,1,dev
2023110503,2636,9,0.9092841956059532,0.9175315695357706,1,dev
2023110503,2809,9,0.15942028985507245,0.22010597997615838,0,dev
2023110503,3046,9,0.9222585924713584,0.9227665372985773,1,dev
2023110503,3313,9,0.77728285077951,0.7883505537478821,1,dev
2023110503,3410,9,0.6589147286821706,0.6497065742360133,1,dev
2023110503,3495,9,0.3465346534653465,0.29755277035461414,1,dev
2023110503,3828,9,0.9395248380129589,0.9369127007970564,1,dev
2023110503,3907,9,0.8757396449704142,0.8799638416460748,1,dev
2023110504,101,9,0.7583333333333333,0.7245654726248656,1,dev
2023110504,257,9,0.9395248380129589,0.9486348117036337,1,dev
2023110504,282,9,0.9395248380129589,0.9365975248516258,1,dev
2023110504,729,9,0.9092841956059532,0.9145581623367693,1,dev
2023110504,1020,9,0.5,0.5051368089620828,0,dev
2023110504,1096,9,0.77728285077951,0.7587201365440402,0,dev
2023110504,1141,9,0.5,0.5014883610074244,0,dev
2023110504,1597,9,0.8348348348348347,0.8193021007947943,1,dev
2023110504,1692,9,0.7197452229299363,0.6930252065889319,1,dev
2023110504,1746,9,0.77728285077951,0.7494574905700061,0,dev
2023110504,1788,9,0.004310344827586207,0.025278878477645792,0,dev
2023110504,1903,9,0.9395248380129589,0.9395520945998198,1,dev
2023110504,1933,9,0.77728285077951,0.7875350834860222,1,dev
2023110504,2028,9,0.8245614035087719,0.7932109150570892,1,dev
2023110504,2129,9,0.9222585924713584,0.9238010120669836,1,dev
2023110504,2271,9,0.9395248380129589,0.9417508658360653,1,dev
2023110504,2361,9,0.9395248380129589,0.9429207674958273,1,dev
2023110504,2472,9,0.9395248380129589,0.9382687182238111,1,dev
2023110504,2854,9,0.9395248380129589,0.9368079937849021,1,dev
2023110504,2886,9,0.9222585924713584,0.9267431364677321,1,dev
2023110504,3049,9,0.9222585924713584,0.9353854442776588,1,dev
2023110504,3079,9,0.25874125874125875,0.2806182327755253,0,dev
2023110504,3102,9,0.3861788617886179,0.4160889934967681,1,dev
2023110504,3127,9,0.9092841956059532,0.9041437359470734,0,dev
2023110504,3150,9,0.03296703296703297,0.07435735822449799,0,dev
2023110504,3173,9,0.9092841956059532,0.902266881921211,1,dev
2023110504,3401,9,0.840531561461794,0.8422821680356528,1,dev
2023110504,3596,9,0.5,0.49252812827407316,0,dev
2023110504,3619,9,0.9222585924713584,0.9241539464198643,1,dev
2023110504,3759,9,0.7197452229299363,0.6937425166583407,1,dev
2023110504,3876,9,0.8757396449704142,0.8804944320917334,1,dev
2023110504,3940,9,0.9395248380129589,0.9461753942080559,1,dev
2023110504,3970,9,0.9092841956059532,0.9038219609014161,1,dev
2023110504,3995,9,0.9395248380129589,0.947131885587106,1,dev
2023110504,4025,9,0.004310344827586207,0.03329412854189563,0,dev
2023110504,4048,9,0.9395248380129589,0.9361697932649834,1,dev
2023110504,4073,9,0.13,0.196940217233399,0,dev
2023110504,4154,9,0.8627204030226701,0.8596482171007068,1,dev
2023110505,56,9,0.8851674641148325,0.8859755316742418,0,dev
2023110505,109,9,0.9092841956059532,0.8990601294525307,1,dev
2023110505,145,9,0.77728285077951,0.7681432328978308,1,dev
2023110505,203,9,0.03296703296703297,0.07439819411103953,0,dev
2023110505,226,9,0.8851674641148325,0.8863057518555256,1,dev
2023110505,294,9,0.9088785046728972,0.8923260998762729,1,dev
2023110505,341,9,0.8348348348348347,0.8173770323194272,1,dev
2023110505,410,9,0.8627204030226701,0.8680128956209264,1,dev
2023110505,446,9,0.7583333333333333,0.7190766406827035,1,dev
2023110505,508,9,0.77728285077951,0.7895260466419839,1,dev
2023110505,577,9,0.9092841956059532,0.9001207090935247,1,dev
2023110505,709,9,0.11059907834101383,0.1509719480888065,0,dev
2023110505,768,9,0.9092841956059532,0.9008397970478939,1,dev
2023110505,837,9,0.8348348348348347,0.8288423496838658,1,dev
2023110505,925,9,0.005952380952380952,0.04928135390672868,0,dev
2023110505,1111,9,0.8627204030226701,0.8623561982273261,1,dev
2023110505,1282,9,0.8627204030226701,0.8659409040912812,1,dev
2023110505,1386,9,0.8288288288288288,0.8130604440450182,1,dev
2023110505,1467,9,0.9395248380129589,0.9409605798994403,1,dev
2023110505,1492,9,0.8627204030226701,0.871778185339398,1,dev
2023110505,1517,9,0.8348348348348347,0.8345551996329593,0,dev
2023110505,1540,9,0.03296703296703297,0.08254444596597287,0,dev
2023110505,1563,9,0.8288288288288288,0.8042521197502391,1,dev
2023110505,1588,9,0.9092841956059532,0.8969578055812027,1,dev
2023110505,1768,9,0.77728285077951,0.7405651064416457,1,dev
2023110505,1812,9,0.9222585924713584,0.9276294280095667,1,dev
2023110505,1941,9,0.9092841956059532,0.9177467637472245,1,dev
2023110505,1986,9,0.9135802469135802,0.9205918510620122,1,dev
2023110505,2138,9,0.9222585924713584,0.9280881791046405,1,dev
2023110505,2174,9,0.11059907834101383,0.13461252056096817,0,dev
2023110505,2219,9,0.3861788617886179,0.41042990097155213,0,dev
2023110505,2269,9,0.9222585924713584,0.9244449980600594,1,dev
2023110505,2344,9,0.9088785046728972,0.8951131915971967,1,dev
2023110505,2499,9,0.3534675615212528,0.31896291364209306,0,dev
2023110505,2639,9,0.77728285077951,0.7513257804770054,1,dev
2023110505,2686,9,0.8627204030226701,0.8637658132776255,0,dev
2023110505,2769,9,0.44370860927152306,0.4792213750082219,1,dev
2023110505,2853,9,0.8288288288288288,0.8084374826320626,1,dev
2023110505,2949,9,0.9092841956059532,0.9158252812756116,1,dev
2023110505,3007,9,0.9092841956059532,0.906781454901684,1,dev
2023110505,3054,9,0.9222585924713584,0.926762855499666,1,dev
2023110505,3145,9,0.3534675615212528,0.3857715599240746,0,dev
2023110505,3174,9,0.8627204030226701,0.8675443823448772,1,dev
2023110505,3257,9,0.8627204030226701,0.8644436512483267,1,dev
2023110505,3304,9,0.6571428571428571,0.6041850098391942,1,dev
2023110505,3355,9,0.3861788617886179,0.41043359273810714,0,dev
2023110505,3434,9,0.9092841956059532,0.9157485882963629,1,dev
2023110505,3492,9,0.77728285077951,0.7562142057264397,1,dev
2023110505,3607,9,0.3534675615212528,0.3719771386012521,0,dev
2023110505,3725,9,0.004310344827586207,0.027090143717636378,0,dev
2023110505,3955,9,0.8288288288288288,0.8074097745457975,1,dev
2023110505,4103,9,0.8681318681318682,0.8769930749508662,1,dev
2023110505,4179,9,0.753968253968254,0.7092103013260704,1,dev
2023110505,4222,9,0.3861788617886179,0.38942143933999823,1,dev
2023110505,4322,9,0.9092841956059532,0.9100516781330582,1,dev
2023110505,4347,9,0.9395248380129589,0.9384548404530668,1,dev
2023110505,4379,9,0.8851674641148325,0.8829502454786238,1,dev
2023110505,4434,9,0.8348348348348347,0.8330533454718123,1,dev
2023110505,4459,9,0.8288288288288288,0.8080963306838194,1,dev
2023110506,67,9,0.753968253968254,0.7126691606373916,1,dev
2023110506,114,9,0.9092841956059532,0.9146418925171139,0,dev
2023110506,157,9,0.5533707865168538,0.5267257930999205,1,dev
2023110506,204,9,0.8348348348348347,0.8218407383386526,0,dev
2023110506,227,9,0.6571428571428571,0.5989229491850676,1,dev
2023110506,296,9,0.840531561461794,0.8421454283588375,1,dev
2023110506,321,9,0.41818181818181815,0.44874019491764083,0,dev
2023110506,366,9,0.9222585924713584,0.9280011673026469,1,dev
2023110506,391,9,0.5533707865168538,0.5283506323374783,0,dev
2023110506,443,9,0.9088785046728972,0.8878758352152625,1,dev
2023110506,468,9,0.8851674641148325,0.8839075600270906,1,dev
2023110506,540,9,0.9222585924713584,0.9288526899122641,1,dev
2023110506,565,9,0.9222585924713584,0.9297275528495412,1,dev
2023110506,683,9,0.9222585924713584,0.9223056831728125,1,dev
2023110506,713,9,0.7583333333333333,0.7199190009526909,0,dev
2023110506,791,9,0.07894736842105263,0.09902920385571296,0,dev
2023110506,814,9,0.8627204030226701,0.8569804853311112,1,dev
2023110506,869,9,0.5533707865168538,0.5342466317529629,0,dev
2023110506,892,9,0.9222585924713584,0.9284326200249509,1,dev
2023110506,1006,9,0.9395248380129589,0.9412811506908428,1,dev
2023110506,1092,9,0.5533707865168538,0.5682044439940035,0,dev
2023110506,1140,9,0.3465346534653465,0.31283174314929724,0,dev
2023110506,1309,9,0.3534675615212528,0.3210907279669079,1,dev
2023110506,1402,9,0.8627204030226701,0.8668114907679743,1,dev
2023110506,1432,9,0.8333333333333334,0.8136256110603306,1,dev
2023110506,1479,9,0.004310344827586207,0.018947342551715023,0,dev
2023110506,1693,9,0.8627204030226701,0.8667754602077203,1,dev
2023110506,1740,9,0.9395248380129589,0.9406733289507108,1,dev
2023110506,1765,9,0.004310344827586207,0.038499243929635614,0,dev
2023110506,1788,9,0.77728285077951,0.7384080126065732,1,dev
2023110506,1955,9,0.9222585924713584,0.9314944013331169,1,dev
2023110506,1980,9,0.22727272727272727,0.257416277651078,0,dev
2023110506,2003,9,0.3534675615212528,0.3804824973352974,0,dev
2023110506,2026,9,0.77728285077951,0.7438802422348988,1,dev
2023110506,2146,9,0.9092841956059532,0.9012550587418227,1,dev
2023110506,2171,9,0.8288288288288288,0.8100582670910146,1,dev
2023110506,2267,9,0.7583333333333333,0.7188518051161491,1,dev
2023110506,2412,9,0.3861788617886179,0.3980214887883863,0,dev
2023110506,2435,9,0.3534675615212528,0.34298019124533824,0,dev
2023110506,2501,9,0.9222585924713584,0.9352432459976734,1,dev
2023110506,2630,9,0.005952380952380952,0.055468436867721745,0,dev
2023110506,2653,9,0.44370860927152306,0.48311387517679466,1,dev
2023110506,2739,9,0.8627204030226701,0.8522424080586232,1,dev
2023110506,2794,9,0.41818181818181815,0.4535857359216109,0,dev
2023110506,2868,9,0.9222585924713584,0.9240739589901309,0,dev
2023110506,2920,9,0.11059907834101383,0.12337449179729172,1,dev
2023110506,2945,9,0.41818181818181815,0.44858395132806045,1,dev
2023110506,3133,9,0.11059907834101383,0.18332021172019433,0,dev
2023110506,3156,9,0.77728285077951,0.7895875981004348,1,dev
2023110506,3201,9,0.840531561461794,0.8446842829188944,0,dev
2023110506,3275,9,0.9088785046728972,0.8902192498382826,1,dev
2023110506,3369,9,0.9222585924713584,0.9337039479503079,1,dev
2023110506,3456,9,0.8627204030226701,0.8606744568555192,1,dev
2023110506,3503,9,0.3534675615212528,0.34682668454949356,0,dev
2023110506,3531,9,0.15942028985507245,0.2279864824991734,0,dev
2023110506,3838,9,0.004310344827586207,0.030543938602439376,0,dev
2023110506,3923,9,0.9092841956059532,0.8990139816635061,1,dev
2023110506,3953,9,0.9088785046728972,0.8880599416002002,1,dev
2023110506,4042,9,0.77728285077951,0.7855429964061407,1,dev
2023110506,4176,9,0.005952380952380952,0.06554818079851882,0,dev
2023110506,4240,9,0.9092841956059532,0.9007333712008934,1,dev
2023110506,4273,9,0.9395248380129589,0.9375944678480864,1,dev
2023110506,4310,9,0.8627204030226701,0.8674190744486941,1,dev
2023110506,4335,9,0.6571428571428571,0.6148487337362475,0,dev
2023110506,4358,9,0.005952380952380952,0.05256377633899527,0,dev
2023110506,4406,9,0.6571428571428571,0.6417130970877462,1,dev
2023110507,55,9,0.8627204030226701,0.8609699277256421,1,dev
2023110507,80,9,0.77728285077951,0.7384369099292549,1,dev
2023110507,250,9,0.21666666666666667,0.25301089303837165,1,dev
2023110507,319,9,0.9092841956059532,0.9111736561767434,1,dev
2023110507,366,9,0.9092841956059532,0.9133656729821928,1,dev
2023110507,391,9,0.0,0.013371689708967065,0,dev
2023110507,507,9,0.95,0.9556229047862038,1,dev
2023110507,679,9,0.9395248380129589,0.9369948335823433,1,dev
2023110507,726,9,0.8757396449704142,0.8795887299772579,1,dev
2023110507,755,9,0.8627204030226701,0.8701912498413004,1,dev
2023110507,802,9,0.6589147286821706,0.668172114137176,0,dev
2023110507,911,9,0.9092841956059532,0.8978187160169996,1,dev
2023110507,960,9,0.77728285077951,0.7666456889660025,1,dev
2023110507,1100,9,0.5533707865168538,0.5248520276891847,1,dev
2023110507,1206,9,0.9088785046728972,0.888727514235636,1,dev
2023110507,1265,9,0.77728285077951,0.7352496541165454,1,dev
2023110507,1290,9,0.5533707865168538,0.5534714252643753,1,dev
2023110507,1389,9,0.8627204030226701,0.8531438500406392,1,dev
2023110507,1474,9,0.7583333333333333,0.7243128632563416,1,dev
2023110507,1626,9,0.9395248380129589,0.9446262476264757,1,dev
2023110507,1651,9,0.6571428571428571,0.6369986158669211,1,dev
2023110507,1856,9,0.8288288288288288,0.8123971504808157,1,dev
2023110507,1973,9,0.8348348348348347,0.8298786916095038,1,dev
2023110507,2090,9,0.9092841956059532,0.9185160768705258,0,dev
2023110507,2167,9,0.8348348348348347,0.8272374471791333,1,dev
2023110507,2237,9,0.9088785046728972,0.8938513265226804,1,dev
2023110507,2332,9,0.9222585924713584,0.9300594101659322,1,dev
2023110507,2425,9,0.9092841956059532,0.8999894852531083,1,dev
2023110507,2494,9,0.9092841956059532,0.9032971610937418,1,dev
2023110507,2519,9,0.9395248380129589,0.9511397903978434,1,dev
2023110507,2672,9,0.41818181818181815,0.4538080780912773,0,dev
2023110507,2820,9,0.9088785046728972,0.8874525525645511,0,dev
2023110507,2843,9,0.9092841956059532,0.9130214329082948,1,dev
2023110507,3020,9,0.8757396449704142,0.8798632837086271,1,dev
2023110507,3045,9,0.9395248380129589,0.9423354281873513,1,dev
2023110507,3118,9,0.8757396449704142,0.8806817940791817,1,dev
2023110507,3382,9,0.8288288288288288,0.7970687952271702,1,dev
2023110507,3407,9,0.9222585924713584,0.9320096887339052,1,dev
2023110507,3499,9,0.9395248380129589,0.945414009279659,1,dev
2023110507,3650,9,0.5533707865168538,0.52777856319478,0,dev
2023110507,3693,9,0.840531561461794,0.8431767937006033,1,dev
2023110507,3718,9,0.005952380952380952,0.041694392926915305,0,dev
2023110507,3852,9,0.8627204030226701,0.8554524388349362,1,dev
2023110508,281,9,0.8627204030226701,0.859550469212464,1,dev
2023110508,349,9,0.9088785046728972,0.8923684169740164,1,dev
2023110508,402,9,0.840531561461794,0.8493577118459622,1,dev
2023110508,519,9,0.6571428571428571,0.5861000070722946,0,dev
2023110508,542,9,0.9222585924713584,0.9281790772904503,0,dev
2023110508,645,9,0.9395248380129589,0.936456294649361,1,dev
2023110508,772,9,0.9395248380129589,0.9425692313779379,1,dev
2023110508,1118,9,0.9395248380129589,0.9392749240883965,1,dev
2023110508,1285,9,0.6589147286821706,0.6731094086598878,1,dev
2023110508,1310,9,0.6589147286821706,0.6805775328082535,1,dev
2023110508,1588,9,0.840531561461794,0.8499897746415578,0,dev
2023110508,1655,9,0.9135802469135802,0.9204299992010511,0,dev
2023110508,1678,9,0.8851674641148325,0.8863708996411631,1,dev
2023110508,1827,9,0.9088785046728972,0.8959197405723607,1,dev
2023110508,1874,9,0.9222585924713584,0.9318729474983891,1,dev
2023110508,1937,9,0.6571428571428571,0.5995469438156564,1,dev
2023110508,1973,9,0.8627204030226701,0.8710810685297493,1,dev
2023110508,2003,9,0.5533707865168538,0.5482840177701803,0,dev
2023110508,2097,9,0.9395248380129589,0.9369152297797225,1,dev
2023110508,2127,9,0.9092841956059532,0.9173117658979651,1,dev
2023110508,2157,9,0.9092841956059532,0.8988508516175039,1,dev
2023110508,2412,9,0.77728285077951,0.7834374399608818,1,dev
2023110508,2437,9,0.41818181818181815,0.44934929998214024,0,dev
2023110508,2579,9,0.9222585924713584,0.9213655598442121,1,dev
2023110508,2631,9,0.8851674641148325,0.8855660695583186,1,dev
2023110508,2801,9,0.41818181818181815,0.4400474639226038,1,dev
2023110508,2826,9,0.11059907834101383,0.13269025320018252,0,dev
2023110508,2878,9,0.77728285077951,0.7677203520612796,1,dev
2023110508,2942,9,0.6589147286821706,0.6531218066226641,1,dev
2023110508,2994,9,0.77728285077951,0.7465493957663007,1,dev
2023110508,3064,9,0.7583333333333333,0.7252366787507845,0,dev
2023110508,3162,9,0.9395248380129589,0.9478336995126367,1,dev
2023110508,3262,9,0.9092841956059532,0.9005167991340687,1,dev
2023110508,3380,9,0.9395248380129589,0.946131366764251,1,dev
2023110508,3411,9,0.840531561461794,0.8430044764800597,1,dev
2023110508,3468,9,0.9222585924713584,0.9206758584611324,1,dev
2023110508,3516,9,0.9092841956059532,0.9132991141345058,1,dev
2023110508,3568,9,0.8627204030226701,0.8533245601691474,1,dev
2023110508,3672,9,0.77728285077951,0.7712607847309099,0,dev
2023110508,3695,9,0.9092841956059532,0.9020862071547777,1,dev
2023110508,3960,9,0.8627204030226701,0.8570876699181694,1,dev
2023110508,4115,9,0.9222585924713584,0.9344428852744188,1,dev
2023110508,4140,9,0.8757396449704142,0.8815073058719244,1,dev
2023110508,4188,9,0.8627204030226701,0.8716371454775902,1,dev
2023110509,62,9,0.25874125874125875,0.2833650625543359,0,dev
2023110509,85,9,0.9222585924713584,0.9326767832892741,0,dev
2023110509,108,9,0.840531561461794,0.8443419980006915,1,dev
2023110509,273,9,0.8627204030226701,0.8623679572938804,1,dev
2023110509,427,9,0.21666666666666667,0.23480732034946336,0,dev
2023110509,494,9,0.3861788617886179,0.3997995867037008,0,dev
2023110509,583,9,0.8288288288288288,0.8056653314034689,1,dev
2023110509,637,9,0.8288288288288288,0.8085137890231797,0,dev
2023110509,706,9,0.9395248380129589,0.9421128520335426,1,dev
2023110509,774,9,0.005952380952380952,0.06234849739672372,0,dev
2023110509,958,9,0.9092841956059532,0.9015805396046158,1,dev
2023110509,1008,9,0.9395248380129589,0.9518936334523277,1,dev
2023110509,1354,9,0.9222585924713584,0.9300032320137803,1,dev
2023110509,1391,9,0.9395248380129589,0.9497293998965295,1,dev
2023110509,1543,9,0.3534675615212528,0.3329668510117871,1,dev
2023110509,1597,9,0.9222585924713584,0.9290495007404618,1,dev
2023110509,1738,9,0.9092841956059532,0.9180556953231034,1,dev
2023110509,1960,9,0.41818181818181815,0.44448012279371507,0,dev
2023110509,2048,9,0.753968253968254,0.709588665941961,1,dev
2023110509,2073,9,0.325,0.2884309984846906,0,dev
2023110509,2096,9,0.004310344827586207,0.029224296554142246,0,dev
2023110509,2119,9,0.9092841956059532,0.9126746328299078,1,dev
2023110509,2166,9,0.6571428571428571,0.6011493126460892,1,dev
2023110509,2196,9,0.9088785046728972,0.8925392936534153,1,dev
2023110509,2276,9,0.44370860927152306,0.48410918991092244,0,dev
2023110509,2299,9,0.9092841956059532,0.8994723311781273,1,dev
2023110509,2491,9,0.9092841956059532,0.9159527249214001,1,dev
2023110509,2521,9,0.4155844155844156,0.42876030985352004,0,dev
2023110509,2599,9,0.9135802469135802,0.920607513816416,1,dev
2023110509,2624,9,0.9395248380129589,0.9380079978456002,1,dev
2023110509,2743,9,0.9088785046728972,0.8890170278267381,1,dev
2023110509,2768,9,0.6589147286821706,0.666702741236277,1,dev
2023110509,2857,9,0.9092841956059532,0.9110424305383554,1,dev
2023110509,3083,9,0.5533707865168538,0.5636907151932239,0,dev
2023110509,3106,9,0.005952380952380952,0.042621899228649,0,dev
2023110509,3260,9,0.840531561461794,0.8428098576404599,1,dev
2023110509,3293,9,0.8757396449704142,0.8815985182214437,1,dev
2023110509,3345,9,0.9395248380129589,0.9427526715502613,1,dev
2023110509,3390,9,0.9092841956059532,0.8973677784860552,1,dev
2023110509,3518,9,0.9092841956059532,0.9113464197553964,1,dev
2023110509,3543,9,0.3861788617886179,0.4234136558052845,0,dev
2023110509,3566,9,0.8757396449704142,0.8803227035841829,1,dev
2023110509,3605,9,0.8288288288288288,0.8075675432837817,1,dev
2023110509,3650,9,0.9395248380129589,0.9519962142290672,1,dev
2023110509,3675,9,0.25874125874125875,0.27347776635495274,0,dev
2023110510,99,9,0.004310344827586207,0.02860124594201189,0,dev
2023110510,148,9,0.9092841956059532,0.9090408639089494,1,dev
2023110510,239,9,0.7583333333333333,0.7238975976827425,0,dev
2023110510,289,9,0.9092841956059532,0.8995323760151331,1,dev
2023110510,314,9,0.7583333333333333,0.7174693765306892,1,dev
2023110510,393,9,0.9222585924713584,0.9310226377068437,1,dev
2023110510,418,9,0.9222585924713584,0.923344353658291,1,dev
2023110510,443,9,0.6571428571428571,0.5964393442909959,1,dev
2023110510,696,9,0.9222585924713584,0.9353658612454854,1,dev
2023110510,744,9,0.8288288288288288,0.809919587165366,1,dev
2023110510,774,9,0.9222585924713584,0.9272606883173805,1,dev
2023110510,945,9,0.8288288288288288,0.7999153531629819,0,dev
2023110510,988,9,0.9222585924713584,0.9265895582897187,1,dev
2023110510,1021,9,0.8288288288288288,0.8079541583669837,1,dev
2023110510,1111,9,0.3534675615212528,0.3846173673319766,1,dev
2023110510,1240,9,0.77728285077951,0.7832022396311178,0,dev
2023110510,1263,9,0.6571428571428571,0.6357289156422292,1,dev
2023110510,1417,9,0.8627204030226701,0.8648424512408724,1,dev
2023110510,1759,9,0.8627204030226701,0.8524353599621294,1,dev
2023110510,1831,9,0.77728285077951,0.7418408219444635,1,dev
2023110510,1856,9,0.9088785046728972,0.8926818891219439,1,dev
2023110510,1881,9,0.77728285077951,0.7905109869930627,0,dev
2023110510,1933,9,0.9088785046728972,0.8956018157284398,0,dev
2023110510,2026,9,0.9092841956059532,0.8970118818513645,1,dev
2023110510,2075,9,0.9092841956059532,0.8990942342804754,1,dev
2023110510,2371,9,0.9088785046728972,0.8935800622566655,1,dev
2023110510,2396,9,0.44370860927152306,0.4720406267885319,1,dev
2023110510,2460,9,0.004310344827586207,0.03516230561026877,0,dev
2023110510,2527,9,0.7727272727272727,0.7266662995836485,1,dev
2023110510,2585,9,0.11059907834101383,0.1482038707089334,0,dev
2023110510,2635,9,0.8681318681318682,0.8767298875163801,1,dev
2023110510,2709,9,0.8288288288288288,0.7980978102704583,1,dev
2023110510,2898,9,0.005952380952380952,0.05903903393398583,0,dev
2023110510,2921,9,0.8348348348348347,0.8259659571455364,1,dev
2023110510,3016,9,0.9395248380129589,0.9362179540246715,1,dev
2023110510,3087,9,0.9222585924713584,0.9239952984754609,1,dev
2023110510,3112,9,0.6589147286821706,0.6825677781545497,1,dev
2023110510,3157,9,0.9222585924713584,0.9272207510565702,1,dev
2023110510,3209,9,0.5533707865168538,0.5414205545789781,1,dev
2023110510,3234,9,0.77728285077951,0.7912840549150801,0,dev
2023110510,3257,9,0.75,0.701498782989207,1,dev
2023110510,3437,9,0.44370860927152306,0.46471394357582374,1,dev
2023110510,3522,9,0.3534675615212528,0.348539177000752,0,dev
2023110510,3666,9,0.9222585924713584,0.9306824879600133,1,dev
2023110510,3696,9,0.004310344827586207,0.018521781026838362,0,dev
2023110510,3719,9,0.8627204030226701,0.8611273801221173,1,dev
2023110510,3789,9,0.8627204030226701,0.8696822221654824,1,dev
2023110510,3913,9,0.11059907834101383,0.1588629467325831,0,dev
2023110510,3967,9,0.6571428571428571,0.6376869436278317,1,dev
2023110510,4014,9,0.9135802469135802,0.9189172597911043,1,dev
2023110510,4050,9,0.004310344827586207,0.03225398799740127,0,dev
2023110510,4073,9,0.13,0.1900094419707837,0,dev
2023110510,4096,9,0.9092841956059532,0.9103192997512174,1,dev
2023110510,4172,9,0.13,0.18916827374380774,1,dev
2023110510,4204,9,0.3534675615212528,0.3225541708391808,0,dev
2023110510,4411,9,0.8348348348348347,0.8362751373348293,1,dev
2023110510,4457,9,0.8627204030226701,0.8546761931306522,1,dev
2023110510,4607,9,0.840531561461794,0.8457511427162917,1,dev
2023110511,156,9,0.9395248380129589,0.9428537911272146,1,dev
2023110511,181,9,0.9395248380129589,0.9455948789521198,1,dev
2023110511,233,9,0.9222585924713584,0.9276290185915868,1,dev
2023110511,258,9,0.3861788617886179,0.39237532715475376,1,dev
2023110511,329,9,0.9092841956059532,0.90710412386439,1,dev
2023110511,354,9,0.6589147286821706,0.6748144770717969,0,dev
2023110511,377,9,0.9092841956059532,0.9167040185975809,1,dev
2023110511,427,9,0.9088785046728972,0.8892168418838577,1,dev
2023110511,452,9,0.8627204030226701,0.8515167422653892,1,dev
2023110511,590,9,0.9222585924713584,0.9347171269462208,1,dev
2023110511,682,9,0.77728285077951,0.7697374466444982,1,dev
2023110511,712,9,0.6571428571428571,0.5863109343846163,1,dev
2023110511,746,9,0.13,0.1949868258322996,0,dev
2023110511,769,9,0.77728285077951,0.7794040595711156,1,dev
2023110511,829,9,0.5533707865168538,0.562911575657647,0,dev
2023110511,1265,9,0.9222585924713584,0.9328960736986577,1,dev
2023110511,1310,9,0.005952380952380952,0.052264089424438664,0,dev
2023110511,1367,9,0.8348348348348347,0.840266700324172,1,dev
2023110511,1739,9,0.3534675615212528,0.3532727758745032,0,dev
2023110511,1762,9,0.8681318681318682,0.8757038338410638,1,dev
2023110511,1797,9,0.8348348348348347,0.8245830892218344,1,dev
2023110511,1851,9,0.6571428571428571,0.5952431624596733,0,dev
2023110511,1881,9,0.9092841956059532,0.9022219385700968,1,dev
2023110511,1945,9,0.9222585924713584,0.9255495859229945,1,dev
2023110511,1970,9,0.9395248380129589,0.9426222700695894,1,dev
2023110511,2004,9,0.9222585924713584,0.9292090536616775,1,dev
2023110511,2029,9,0.6571428571428571,0.6455460613019743,1,dev
2023110511,2163,9,0.9222585924713584,0.9222146505727039,1,dev
2023110511,2222,9,0.7583333333333333,0.7242504320725679,1,dev
2023110511,2247,9,0.7583333333333333,0.7195465270204657,1,dev
2023110511,2283,9,0.95,0.9573436595299389,1,dev
2023110511,2308,9,0.77728285077951,0.7513501884218781,1,dev
2023110511,2338,9,0.8627204030226701,0.8720185062103601,1,dev
2023110511,2445,9,0.07894736842105263,0.10579129739851982,0,dev
2023110511,2551,9,0.9395248380129589,0.939138817374752,1,dev
2023110511,2598,9,0.753968253968254,0.7077915408669114,1,dev
2023110511,2628,9,0.3861788617886179,0.415525776722093,0,dev
2023110511,2651,9,0.8757396449704142,0.879378306316295,1,dev
2023110511,2718,9,0.9092841956059532,0.9099766577226482,1,dev
2023110511,2750,9,0.11059907834101383,0.17125834539564946,0,dev
2023110511,2859,9,0.8245614035087719,0.7957291489823044,1,dev
2023110511,2916,9,0.8288288288288288,0.7985771238756351,1,dev
2023110511,2950,9,0.15942028985507245,0.22564234172278483,0,dev
2023110511,2973,9,0.9092841956059532,0.9055165624023876,1,dev
2023110511,3034,9,0.8348348348348347,0.8296933871234761,1,dev
2023110511,3081,9,0.8757396449704142,0.8826429448068955,1,dev
2023110511,3227,9,0.9088785046728972,0.8957755269669416,1,dev
2023110511,3268,9,0.9222585924713584,0.9303801652537215,0,dev
2023110511,3310,9,0.5,0.5031258485068795,1,dev
2023110511,3340,9,0.5533707865168538,0.5556556803500565,1,dev
2023110511,3399,9,0.77728285077951,0.7306494967563988,1,dev
2023110511,3482,9,0.6571428571428571,0.5926857842963431,1,dev
2023110511,3536,9,0.9395248380129589,0.940167894480299,1,dev
2023110511,3644,9,0.9092841956059532,0.8981294684248652,1,dev
2023110511,3798,9,0.9092841956059532,0.9060363966475604,0,dev
2023110511,3908,9,0.77728285077951,0.7411413527891675,1,dev
2023110511,3958,9,0.6571428571428571,0.6305142135426323,1,dev
2023110511,4013,9,0.6571428571428571,0.6113273235999559,1,dev
2023110600,78,9,0.3861788617886179,0.42559350108786714,0,dev
2023110600,172,9,0.004310344827586207,0.018595774060319918,0,dev
2023110600,195,9,0.6571428571428571,0.608770230229169,0,dev
2023110600,306,9,0.5,0.4904645027740993,0,dev
2023110600,376,9,0.8348348348348347,0.8298722054823164,1,dev
2023110600,412,9,0.9222585924713584,0.9278249232216057,1,dev
2023110600,534,9,0.9222585924713584,0.9284153988946606,1,dev
2023110600,650,9,0.9092841956059532,0.9035930532862411,1,dev
2023110600,805,9,0.3534675615212528,0.3610020191723211,1,dev
2023110600,852,9,0.840531561461794,0.8453059419373585,1,dev
2023110600,923,9,0.3465346534653465,0.3064861341859864,0,dev
2023110600,1099,9,0.9135802469135802,0.9191492560554188,1,dev
2023110600,1124,9,0.3861788617886179,0.41998031976937694,0,dev
2023110600,1167,9,0.9135802469135802,0.9201539961452745,1,dev
2023110600,1234,9,0.8348348348348347,0.8296146264998538,1,dev
2023110600,1349,9,0.9222585924713584,0.9288238941251171,1,dev
2023110600,1463,9,0.9222585924713584,0.9290419469220624,0,dev
2023110600,1554,9,0.9092841956059532,0.9081870227372223,1,dev
2023110600,1678,9,0.9222585924713584,0.9299288556114462,1,dev
2023110600,1703,9,0.9088785046728972,0.888721354697123,1,dev
2023110600,1829,9,0.3534675615212528,0.3380765038758829,0,dev
2023110600,1852,9,0.3534675615212528,0.3600260384359392,0,dev
2023110600,1906,9,0.9088785046728972,0.8958026388529685,1,dev
2023110600,1953,9,0.9222585924713584,0.9354028653709741,1,dev
2023110600,2001,9,0.77728285077951,0.7923900168026924,0,dev
2023110600,2071,9,0.9088785046728972,0.8899721619315618,1,dev
2023110600,2116,9,0.8348348348348347,0.8283672840566907,1,dev
2023110600,2153,9,0.3534675615212528,0.34387330205446154,0,dev
2023110600,2176,9,0.11059907834101383,0.1793301664428216,0,dev
2023110600,2247,9,0.45,0.48660689490654035,0,dev
2023110600,2270,9,0.25874125874125875,0.26533511970916324,0,dev
2023110600,2293,9,0.9395248380129589,0.9400734979382636,1,dev
2023110600,2356,9,0.9088785046728972,0.8876514133900433,1,dev
2023110600,2381,9,0.5533707865168538,0.5582790005239752,1,dev
2023110600,2481,9,0.8627204030226701,0.859580849891071,1,dev
2023110600,2533,9,0.9092841956059532,0.9044813939475452,1,dev
2023110600,2558,9,0.9222585924713584,0.9209721683093275,1,dev
2023110600,2583,9,0.9135802469135802,0.9200128061005213,1,dev
2023110600,2760,9,0.840531561461794,0.841924372387116,0,dev
2023110600,2843,9,0.4155844155844156,0.4326951806198595,1,dev
2023110600,2868,9,0.8851674641148325,0.8871946554491295,0,dev
2023110600,2965,9,0.9092841956059532,0.9119966317138819,1,dev
2023110600,3248,9,0.8348348348348347,0.8355150795199371,1,dev
2023110600,3293,9,0.6589147286821706,0.6726574683517182,1,dev
2023110600,3363,9,0.9222585924713584,0.9282699732195044,1,dev
2023110600,3443,9,0.8681318681318682,0.8773908641235334,1,dev
2023110600,3488,9,0.9135802469135802,0.9203171050822699,1,dev
2023110600,3593,9,0.77728285077951,0.7837517611485557,0,dev
2023110600,3616,9,0.9395248380129589,0.9401929457496637,1,dev
2023110600,3705,9,0.9222585924713584,0.9270821790781931,1,dev
2023110600,3886,9,0.8627204030226701,0.8538165273450702,1,dev
2023110600,3918,9,0.8627204030226701,0.8685583263052772,1,dev
2023110600,4057,9,0.41818181818181815,0.4379804736845681,0,dev
2023110600,4080,9,0.3534675615212528,0.36338794718068845,0,dev
2023110600,4130,9,0.9395248380129589,0.9425605057308089,1,dev
2023110600,4155,9,0.9092841956059532,0.9117350123627752,1,dev
2023110600,4180,9,0.8757396449704142,0.8815581012575123,1,dev
2023110600,4246,9,0.005952380952380952,0.06281373128795494,0,dev
2023110600,4269,9,0.9395248380129589,0.9376080143431239,1,dev
2023110600,4306,9,0.9222585924713584,0.9216163524998052,1,dev
2023110600,4331,9,0.8681318681318682,0.8776632141114118,1,dev
2023110600,4356,9,0.7583333333333333,0.724329606981573,1,dev
2023110600,4381,9,0.9092841956059532,0.8979703483949166,0,dev
2023110600,4463,9,0.6571428571428571,0.5942921430169176,1,dev
2023110900,93,10,0.77728285077951,0.7763091032190974,0,dev
2023110900,138,10,0.5,0.49813404489464824,0,dev
2023110900,282,10,0.9222585924713584,0.9315278859463832,1,dev
2023110900,351,10,0.8627204030226701,0.8738489433683402,0,dev
2023110900,537,10,0.07894736842105263,0.10510476333707847,0,dev
2023110900,631,10,0.9092841956059532,0.8983951014295006,1,dev
2023110900,683,10,0.9092841956059532,0.9021741765068465,1,dev
2023110900,757,10,0.25874125874125875,0.28077714388983455,0,dev
2023110900,899,10,0.77728285077951,0.7561834321180121,1,dev
2023110900,929,10,0.77728285077951,0.7788511817221745,1,dev
2023110900,996,10,0.840531561461794,0.8479879033428194,1,dev
2023110900,1043,10,0.8757396449704142,0.8805494630070994,0,dev
2023110900,1131,10,0.7727272727272727,0.7266947683951667,1,dev
2023110900,1258,10,0.07894736842105263,0.0863340597393089,0,dev
2023110900,1497,10,0.9092841956059532,0.9184147518651296,1,dev
2023110900,1545,10,0.8627204030226701,0.8717685987272649,1,dev
2023110900,1570,10,0.07894736842105263,0.10957515479012295,0,dev
2023110900,1593,10,0.6589147286821706,0.652793742239088,1,dev
2023110900,1845,10,0.44370860927152306,0.4675799163987908,1,dev
2023110900,1875,10,0.15942028985507245,0.21112947167587418,0,dev
2023110900,1936,10,0.9088785046728972,0.8887041720757695,1,dev
2023110900,1972,10,0.9222585924713584,0.9257369492338761,1,dev
2023110900,2033,10,0.9092841956059532,0.9068909737326323,1,dev
2023110900,2063,10,0.9092841956059532,0.9124969011168912,1,dev
2023110900,2088,10,0.44370860927152306,0.46599678131971645,0,dev
2023110900,2111,10,0.9092841956059532,0.9151773801876045,1,dev
2023110900,2229,10,0.005952380952380952,0.05406842830403836,0,dev
2023110900,2274,10,0.3861788617886179,0.4158386579784923,0,dev
2023110900,2366,10,0.9222585924713584,0.9233709179260681,1,dev
2023110900,2479,10,0.75,0.7018269858316754,1,dev
2023110900,2557,10,0.77728285077951,0.767912777892036,1,dev
2023110900,2724,10,0.6571428571428571,0.5942545119019504,0,dev
2023110900,2820,10,0.004310344827586207,0.02857870145445258,0,dev
2023110900,2843,10,0.8757396449704142,0.8811310530984925,1,dev
2023110900,2868,10,0.9088785046728972,0.8963855638184117,1,dev
2023110900,2940,10,0.8348348348348347,0.8201492849368353,0,dev
2023110900,3304,10,0.9222585924713584,0.9236176688445542,1,dev
2023110900,3353,10,0.9092841956059532,0.8984032884997937,1,dev
2023110900,3378,10,0.7197452229299363,0.6878323693869739,1,dev
2023110900,3436,10,0.8348348348348347,0.8146342469956132,1,dev
2023110900,3461,10,0.5,0.5025594684782161,0,dev
2023110900,3561,10,0.9135802469135802,0.9190547351216893,1,dev
2023110900,3635,10,0.005952380952380952,0.05178698584242859,0,dev
2023110900,3754,10,0.9135802469135802,0.9200259544145856,1,dev
2023110900,3828,10,0.9395248380129589,0.938258287506099,1,dev
2023110900,3853,10,0.9088785046728972,0.8918750656083075,0,dev
2023110900,3876,10,0.8348348348348347,0.8156493299657743,1,dev
2023110900,3921,10,0.9222585924713584,0.9327892982126342,1,dev
2023110900,3946,10,0.9222585924713584,0.9295196271444459,1,dev
2023110900,3978,10,0.8627204030226701,0.871535251658315,1,dev
2023110900,4008,10,0.9222585924713584,0.9222540368097121,0,dev
2023110900,4031,10,0.03296703296703297,0.08007496662805118,0,dev
2023110900,4054,10,0.11059907834101383,0.12573967398124936,0,dev
2023110900,4163,10,0.6571428571428571,0.6421533511486187,1,dev
2023111200,84,10,0.8348348348348347,0.8374519949751404,0,dev
2023111200,116,10,0.77728285077951,0.7493898494677572,1,dev
2023111200,185,10,0.6571428571428571,0.6297227421844728,1,dev
2023111200,398,10,0.5533707865168538,0.5725924396365972,0,dev
2023111200,421,10,0.9222585924713584,0.9293233129096814,1,dev
2023111200,446,10,0.9088785046728972,0.8930787585970933,1,dev
2023111200,867,10,0.8681318681318682,0.8778067605717959,1,dev
2023111200,1023,10,0.005952380952380952,0.046429317367790456,0,dev
2023111200,1115,10,0.9222585924713584,0.9262121483044083,1,dev
2023111200,1200,10,0.9222585924713584,0.9270714295197277,1,dev
2023111200,1301,10,0.9092841956059532,0.9120547942318735,1,dev
2023111200,1364,10,0.5533707865168538,0.5479177160748014,1,dev
2023111200,1423,10,0.13,0.19334195514450675,1,dev
2023111200,1448,10,0.8627204030226701,0.8611177730000342,1,dev
2023111200,1529,10,0.3861788617886179,0.3950862023191661,0,dev
2023111200,1603,10,0.840531561461794,0.8481050929469695,1,dev
2023111200,1779,10,0.9092841956059532,0.9059589445089791,1,dev
2023111200,1843,10,0.77728285077951,0.7322107928553767,0,dev
2023111200,1866,10,0.004310344827586207,0.036059532129358036,0,dev
2023111200,1889,10,0.8348348348348347,0.8365648568050384,1,dev
2023111200,1914,10,0.9222585924713584,0.9317330521326599,1,dev
2023111200,2064,10,0.753968253968254,0.7132446981118566,1,dev
2023111200,2125,10,0.8757396449704142,0.879572389014669,1,dev
2023111200,2401,10,0.9092841956059532,0.9023075301671882,1,dev
2023111200,2459,10,0.9092841956059532,0.909682378855279,1,dev
2023111200,2655,10,0.77728285077951,0.7609667616368663,1,dev
2023111200,2900,10,0.13,0.18437511119657388,0,dev
2023111200,3017,10,0.840531561461794,0.8438288812121016,1,dev
2023111200,3158,10,0.6571428571428571,0.6154685638404901,1,dev
2023111200,3227,10,0.6571428571428571,0.615383030919047,0,dev
2023111200,3250,10,0.9222585924713584,0.9279983181274213,1,dev
2023111200,3278,10,0.9135802469135802,0.9203197544589435,1,dev
2023111200,3498,10,0.44370860927152306,0.47386784538259374,1,dev
2023111200,3581,10,0.9088785046728972,0.8950557990063907,1,dev
2023111200,3668,10,0.3534675615212528,0.3384622186332482,0,dev
2023111200,3691,10,0.840531561461794,0.8446374485214044,1,dev
2023111200,3744,10,0.07894736842105263,0.09040086861541466,0,dev
2023111200,3767,10,0.9135802469135802,0.9190611513543857,1,dev
2023111201,199,10,0.77728285077951,0.7386581262253191,0,dev
2023111201,222,10,0.45,0.48738759693657013,0,dev
2023111201,293,10,0.8245614035087719,0.7945045507859961,1,dev
2023111201,371,10,0.3534675615212528,0.3420240641142792,1,dev
2023111201,396,10,0.8348348348348347,0.8222723365461716,1,dev
2023111201,543,10,0.11059907834101383,0.15651567594845137,0,dev
2023111201,589,10,0.7727272727272727,0.7290270767787538,1,dev
2023111201,676,10,0.840531561461794,0.8464406911115295,0,dev
2023111201,699,10,0.004310344827586207,0.02748729673768008,0,dev
2023111201,845,10,0.9092841956059532,0.9174024775798495,1,dev
2023111201,926,10,0.8348348348348347,0.8180113357195865,1,dev
2023111201,951,10,0.3534675615212528,0.38429082478548937,0,dev
2023111201,1285,10,0.8627204030226701,0.8704176030440225,1,dev
2023111201,1383,10,0.11059907834101383,0.15952925539618867,0,dev
2023111201,1629,10,0.9092841956059532,0.9040584115533901,1,dev
2023111201,1654,10,0.9222585924713584,0.9349263485650956,1,dev
2023111201,1747,10,0.13,0.20428156573389997,0,dev
2023111201,1951,10,0.9395248380129589,0.948375309804724,1,dev
2023111201,2239,10,0.9135802469135802,0.9205888546505713,1,dev
2023111201,2420,10,0.9092841956059532,0.9102556086127115,1,dev
2023111201,2477,10,0.8288288288288288,0.807977830404913,1,dev
2023111201,2550,10,0.8348348348348347,0.8217549419046334,1,dev
2023111201,2644,10,0.77728285077951,0.7750315590659737,1,dev
2023111201,2669,10,0.8627204030226701,0.8746990618486766,1,dev
2023111201,2787,10,0.9222585924713584,0.929223547872337,1,dev
2023111201,2887,10,0.9092841956059532,0.9155516094088929,1,dev
2023111201,2912,10,0.9135802469135802,0.9199294223513681,1,dev
2023111201,2937,10,0.95,0.9547084857507223,1,dev
2023111201,3016,10,0.77728285077951,0.7391971440648037,1,dev
2023111201,3130,10,0.9092841956059532,0.9000798587071316,1,dev
2023111201,3331,10,0.25874125874125875,0.2690484748442184,0,dev
2023111201,3652,10,0.9395248380129589,0.9396661143760834,1,dev
2023111201,3699,10,0.9222585924713584,0.9230447899255503,1,dev
2023111201,3761,10,0.9092841956059532,0.9035283921243475,1,dev
2023111201,3786,10,0.9222585924713584,0.9286540446382998,1,dev
2023111201,3951,10,0.7197452229299363,0.6906242495682695,0,dev
2023111201,3974,10,0.8627204030226701,0.8645435167739878,1,dev
2023111201,3999,10,0.7197452229299363,0.6854559982778335,0,dev
2023111201,4182,10,0.8348348348348347,0.8309042913606887,1,dev
2023111201,4237,10,0.3534675615212528,0.34674137087445894,1,dev
2023111202,112,10,0.8245614035087719,0.7954010922031353,0,dev
2023111202,135,10,0.8245614035087719,0.796076720418688,1,dev
2023111202,160,10,0.8627204030226701,0.8543490337540003,1,dev
2023111202,185,10,0.9092841956059532,0.9039707157416964,1,dev
2023111202,307,10,0.5,0.5149444708145513,1,dev
2023111202,371,10,0.9222585924713584,0.9337731947149667,1,dev
2023111202,450,10,0.6589147286821706,0.656398445096776,0,dev
2023111202,473,10,0.25874125874125875,0.26079710429132974,0,dev
2023111202,617,10,0.8681318681318682,0.8776774157562753,0,dev
2023111202,640,10,0.9222585924713584,0.9326748803063107,1,dev
2023111202,723,10,0.44370860927152306,0.474367021327003,1,dev
2023111202,823,10,0.8851674641148325,0.886628567533072,1,dev
2023111202,870,10,0.11059907834101383,0.1430723670868757,0,dev
2023111202,893,10,0.6571428571428571,0.6367263729103952,0,dev
2023111202,916,10,0.3534675615212528,0.3745971544832639,1,dev
2023111202,1033,10,0.77728285077951,0.7424938824267856,0,dev
2023111202,1056,10,0.9092841956059532,0.913073804647289,1,dev
2023111202,1081,10,0.753968253968254,0.7109600600205684,1,dev
2023111202,1210,10,0.9092841956059532,0.909041751223764,1,dev
2023111202,1262,10,0.9135802469135802,0.9195184752064779,1,dev
2023111202,1298,10,0.9092841956059532,0.9099149656799963,1,dev
2023111202,1411,10,0.3534675615212528,0.38458780786934194,0,dev
2023111202,1463,10,0.8757396449704142,0.8796025726270885,1,dev
2023111202,1517,10,0.9222585924713584,0.9303515870013289,0,dev
2023111202,1574,10,0.8627204030226701,0.8597069023377495,1,dev
2023111202,1621,10,0.9088785046728972,0.8886412468152652,1,dev
2023111202,1721,10,0.3861788617886179,0.4017038351533279,1,dev
2023111202,1766,10,0.8348348348348347,0.8370536988962619,1,dev
2023111202,1933,10,0.6571428571428571,0.6399508979522972,0,dev
2023111202,1956,10,0.9135802469135802,0.9188405714487482,1,dev
2023111202,1981,10,0.25874125874125875,0.26073888694489,0,dev
2023111202,2011,10,0.77728285077951,0.7858929932247714,1,dev
2023111202,2036,10,0.3861788617886179,0.3992116983020616,0,dev
2023111202,2221,10,0.8245614035087719,0.7947193062766852,1,dev
2023111202,2290,10,0.9395248380129589,0.9395813920101524,1,dev
2023111202,2315,10,0.8348348348348347,0.8330982061608098,1,dev
2023111202,2367,10,0.41818181818181815,0.4415039362514427,0,dev
2023111202,2532,10,0.77728285077951,0.7930035859604043,0,dev
2023111202,2646,10,0.9222585924713584,0.9223291373293885,1,dev
2023111202,2754,10,0.9395248380129589,0.9439165821880803,1,dev
2023111202,2835,10,0.9395248380129589,0.9476213400622457,1,dev
2023111202,2860,10,0.9395248380129589,0.943251596981518,1,dev
2023111202,2971,10,0.9222585924713584,0.922739549474151,1,dev
2023111202,2996,10,0.004310344827586207,0.019080705358493138,0,dev
2023111202,3039,10,0.9222585924713584,0.9349026844246152,1,dev
2023111202,3131,10,0.5533707865168538,0.5206180657543668,1,dev
2023111202,3230,10,0.9092841956059532,0.9153901583518051,1,dev
2023111202,3277,10,0.07894736842105263,0.1044025252588288,0,dev
2023111202,3441,10,0.9092841956059532,0.9023337432452284,1,dev
2023111202,3471,10,0.9743589743589743,0.9594786530286556,1,dev
2023111202,3496,10,0.0,0.009544928851344434,0,dev
2023111202,3619,10,0.5533707865168538,0.5546064517800414,1,dev
2023111202,3688,10,0.8757396449704142,0.8811162270470392,0,dev
2023111202,3731,10,0.5533707865168538,0.5439472797827251,1,dev
2023111202,3761,10,0.07894736842105263,0.09065843831133481,0,dev
2023111202,3784,10,0.8627204030226701,0.8561770279669674,0,dev
2023111202,3832,10,0.9395248380129589,0.9448483980434923,1,dev
2023111202,3857,10,0.77728285077951,0.7739707014892001,1,dev
2023111202,4162,10,0.5533707865168538,0.5406491839895617,0,dev
2023111202,4241,10,0.77728285077951,0.7322680257863355,1,dev
2023111202,4327,10,0.9092841956059532,0.9110211388056613,0,dev
2023111202,4393,10,0.77728285077951,0.7522852228817621,0,dev
2023111202,4438,10,0.77728285077951,0.7789542744171872,1,dev
2023111202,4463,10,0.840531561461794,0.848190315774955,1,dev
2023111202,4493,10,0.7583333333333333,0.7154366274214714,1,dev
2023111203,78,10,0.8627204030226701,0.8594383607500845,1,dev
2023111203,171,10,0.77728285077951,0.7300697086685632,1,dev
2023111203,196,10,0.9222585924713584,0.930801702460598,1,dev
2023111203,221,10,0.15942028985507245,0.21752967906622944,1,dev
2023111203,336,10,0.9395248380129589,0.944492086289488,1,dev
2023111203,412,10,0.8681318681318682,0.8754281082585412,1,dev
2023111203,515,10,0.77728285077951,0.7525966513628369,0,dev
2023111203,538,10,0.8348348348348347,0.8396039311242636,1,dev
2023111203,741,10,0.6571428571428571,0.5814952360975973,1,dev
2023111203,816,10,0.11059907834101383,0.15539863891039501,0,dev
2023111203,1068,10,0.7583333333333333,0.7169197863135678,0,dev
2023111203,1198,10,0.3861788617886179,0.41122853648165447,0,dev
2023111203,1337,10,0.8627204030226701,0.8708287614733184,1,dev
2023111203,1519,10,0.77728285077951,0.7682827506845827,1,dev
2023111203,1657,10,0.3534675615212528,0.3523289745817232,0,dev
2023111203,1740,10,0.9395248380129589,0.9385630687413399,1,dev
2023111203,1897,10,0.840531561461794,0.8487220138718724,1,dev
2023111203,2160,10,0.6589147286821706,0.658089185954786,1,dev
2023111203,2190,10,0.77728285077951,0.7299426294613686,1,dev
2023111203,2274,10,0.7197452229299363,0.6914076730921351,1,dev
2023111203,2299,10,0.9135802469135802,0.9203445126189651,1,dev
2023111203,2434,10,0.77728285077951,0.7461037263700899,1,dev
2023111203,2504,10,0.77728285077951,0.7697081128478455,1,dev
2023111203,2536,10,0.11059907834101383,0.13132404412333365,0,dev
2023111203,2581,10,0.840531561461794,0.8509110856958322,0,dev
2023111203,2663,10,0.77728285077951,0.7799408427322032,1,dev
2023111203,2688,10,0.004310344827586207,0.02569174010929674,0,dev
2023111203,2758,10,0.9222585924713584,0.9305992228965666,1,dev
2023111203,2811,10,0.8288288288288288,0.7997114041006779,1,dev
2023111203,2836,10,0.4375,0.4619483195404131,0,dev
2023111203,2859,10,0.77728285077951,0.7815084290509073,1,dev
2023111203,2911,10,0.8627204030226701,0.8578960702921704,1,dev
2023111203,3082,10,0.11059907834101383,0.1724541052300921,0,dev
2023111203,3246,10,0.9088785046728972,0.8946026918701886,1,dev
2023111203,3310,10,0.5533707865168538,0.5732603745018606,0,dev
2023111203,3482,10,0.9222585924713584,0.9226246625226694,1,dev
2023111203,3738,10,0.8348348348348347,0.816937686540035,0,dev
2023111203,3802,10,0.9222585924713584,0.9328583540960558,1,dev
2023111203,3827,10,0.9395248380129589,0.9480061341088785,0,dev
2023111204,55,10,0.9222585924713584,0.9232791454818661,1,dev
2023111204,134,10,0.7197452229299363,0.6921000987420031,1,dev
2023111204,164,10,0.9092841956059532,0.9102328339873335,1,dev
2023111204,227,10,0.9222585924713584,0.9350564682883135,1,dev
2023111204,318,10,0.9092841956059532,0.9143141474786868,0,dev
2023111204,341,10,0.9092841956059532,0.9132311869230646,1,dev
2023111204,388,10,0.9135802469135802,0.9195488563410397,1,dev
2023111204,468,10,0.8288288288288288,0.8022714415057512,0,dev
2023111204,560,10,0.41818181818181815,0.44777557807390245,0,dev
2023111204,665,10,0.9395248380129589,0.9404756718448589,1,dev
2023111204,734,10,0.9088785046728972,0.8962626801384389,1,dev
2023111204,792,10,0.03296703296703297,0.07646048590139834,0,dev
2023111204,815,10,0.11059907834101383,0.12743335519976787,0,dev
2023111204,838,10,0.8851674641148325,0.8855905592698903,1,dev
2023111204,928,10,0.9088785046728972,0.8877213789491126,1,dev
2023111204,1065,10,0.5533707865168538,0.5630834361084857,0,dev
2023111204,1088,10,0.5533707865168538,0.5572690895724525,1,dev
2023111204,1173,10,0.9222585924713584,0.921456320763383,1,dev
2023111204,1198,10,0.8348348348348347,0.8150231813425648,1,dev
2023111204,1370,10,0.9395248380129589,0.9421555496000056,1,dev
2023111204,1424,10,0.9092841956059532,0.9153329398828893,1,dev
2023111204,1449,10,0.8288288288288288,0.7983124956687163,1,dev
2023111204,1485,10,0.8288288288288288,0.8108941810752432,1,dev
2023111204,1573,10,0.41818181818181815,0.4499205367054542,0,dev
2023111204,1635,10,0.8627204030226701,0.8701090542333567,1,dev
2023111204,1866,10,0.9092841956059532,0.9138759263777021,1,dev
2023111204,1891,10,0.9395248380129589,0.9401284238682468,1,dev
2023111204,1948,10,0.9088785046728972,0.8917761759369714,1,dev
2023111204,1973,10,0.9222585924713584,0.9327806065975014,1,dev
2023111204,2069,10,0.8757396449704142,0.882591226248171,1,dev
2023111204,2143,10,0.9092841956059532,0.9075287428782434,1,dev
2023111204,2444,10,0.9092841956059532,0.9102674380531173,1,dev
2023111204,2519,10,0.8348348348348347,0.8363242738324215,0,dev
2023111204,2585,10,0.77728285077951,0.7554337076791612,1,dev
2023111204,2632,10,0.8757396449704142,0.8803234536110293,1,dev
2023111204,2657,10,0.9092841956059532,0.9164591323147907,1,dev
2023111204,2712,10,0.7583333333333333,0.7253390089460295,1,dev
2023111204,2794,10,0.8627204030226701,0.8727766036807721,1,dev
2023111204,2819,10,0.15942028985507245,0.215193966648373,1,dev
2023111204,2967,10,0.9092841956059532,0.9155925229466023,0,dev
2023111204,2990,10,0.8627204030226701,0.8585162065048527,0,dev
2023111204,3013,10,0.13,0.19116369287023685,0,dev
2023111204,3117,10,0.9092841956059532,0.9065624711370789,1,dev
2023111204,3197,10,0.8245614035087719,0.7942051112479609,1,dev
2023111204,3271,10,0.005952380952380952,0.060750487616125726,0,dev
2023111204,3294,10,0.5,0.5050122812721526,0,dev
2023111204,3439,10,0.8627204030226701,0.867913762844829,1,dev
2023111204,3464,10,0.07894736842105263,0.10064159558031945,1,dev
2023111204,3512,10,0.9222585924713584,0.9214648286676224,1,dev
2023111204,3537,10,0.3534675615212528,0.38439575850083835,1,dev
2023111204,3599,10,0.9092841956059532,0.9120952359736428,0,dev
2023111204,3622,10,0.07894736842105263,0.0994052301228818,0,dev
2023111204,3645,10,0.8627204030226701,0.8749619740024847,1,dev
2023111204,3861,10,0.9395248380129589,0.9363066399191626,1,dev
2023111204,3886,10,0.9222585924713584,0.924215557532718,1,dev
2023111204,3991,10,0.9092841956059532,0.917683043932479,0,dev
2023111204,4059,10,0.9135802469135802,0.9203689113344419,1,dev
2023111204,4153,10,0.9088785046728972,0.8878939426451699,1,dev
2023111204,4245,10,0.9092841956059532,0.9113726968763419,1,dev
2023111204,4397,10,0.840531561461794,0.8479226529674165,0,dev
2023111205,79,10,0.8348348348348347,0.8241768864662183,1,dev
2023111205,109,10,0.9222585924713584,0.9218344086157287,1,dev
2023111205,349,10,0.9088785046728972,0.8904869702612487,1,dev
2023111205,401,10,0.3861788617886179,0.394957552666602,1,dev
2023111205,448,10,0.8627204030226701,0.8542664359333728,1,dev
2023111205,473,10,0.8627204030226701,0.8588077812333939,1,dev
2023111205,542,10,0.005952380952380952,0.054280118845413484,0,dev
2023111205,565,10,0.8627204030226701,0.8629345518959441,1,dev
2023111205,639,10,0.9092841956059532,0.9091978283210209,1,dev
2023111205,735,10,0.25874125874125875,0.2685513238926403,0,dev
2023111205,889,10,0.8627204030226701,0.8741634712368692,1,dev
2023111205,1103,10,0.9395248380129589,0.9465660192329227,0,dev
2023111205,1330,10,0.8757396449704142,0.880077597733063,1,dev
2023111205,1554,10,0.8288288288288288,0.8057305066070454,0,dev
2023111205,1577,10,0.3534675615212528,0.34647395189085334,1,dev
2023111205,1780,10,0.7197452229299363,0.6975050185494543,0,dev
2023111205,1835,10,0.21666666666666667,0.2470371643118217,0,dev
2023111205,1880,10,0.8757396449704142,0.881786640066909,0,dev
2023111205,1928,10,0.9088785046728972,0.8958645902171766,1,dev
2023111205,1953,10,0.3534675615212528,0.3292635726280311,1,dev
2023111205,1983,10,0.9395248380129589,0.9406788027169924,1,dev
2023111205,2037,10,0.3534675615212528,0.3639374025665379,0,dev
2023111205,2255,10,0.13,0.20778092710853974,0,dev
2023111205,2278,10,0.3534675615212528,0.33042535539383255,1,dev
2023111205,2347,10,0.77728285077951,0.761838840208086,1,dev
2023111205,2419,10,0.005952380952380952,0.05397517335139146,0,dev
2023111205,2547,10,0.0,0.0107154386947806,0,dev
2023111205,2570,10,0.9395248380129589,0.9422030598706596,1,dev
2023111205,2643,10,0.9222585924713584,0.9294572367399893,1,dev
2023111205,2690,10,0.004310344827586207,0.036741344770952825,0,dev
2023111205,2713,10,0.77728285077951,0.7449642973946202,1,dev
2023111205,2785,10,0.7197452229299363,0.7004678779342197,0,dev
2023111205,2863,10,0.4155844155844156,0.4295867244727842,1,dev
2023111205,2937,10,0.3534675615212528,0.3750437963600108,0,dev
2023111205,3233,10,0.3534675615212528,0.37814644024982214,0,dev
2023111205,3256,10,0.004310344827586207,0.03290551795321347,0,dev
2023111205,3425,10,0.8348348348348347,0.8335160979615778,1,dev
2023111205,3455,10,0.6589147286821706,0.6697154157409775,0,dev
2023111205,3478,10,0.77728285077951,0.757518168588448,0,dev
2023111205,3646,10,0.9395248380129589,0.9482547680616208,1,dev
2023111205,3820,10,0.9088785046728972,0.8946878846335903,1,dev
2023111205,4137,10,0.8627204030226701,0.863591579114157,1,dev
2023111205,4162,10,0.8627204030226701,0.8721767302750177,1,dev
2023111205,4242,10,0.8851674641148325,0.8858623505688311,1,dev
2023111206,56,10,0.9743589743589743,0.9631528377339471,1,dev
2023111206,136,10,0.9092841956059532,0.9078705522844772,1,dev
2023111206,264,10,0.8348348348348347,0.815716833046713,1,dev
2023111206,311,10,0.5533707865168538,0.570028515222141,0,dev
2023111206,397,10,0.9088785046728972,0.8894242673559313,1,dev
2023111206,444,10,0.8348348348348347,0.8299613019021521,1,dev
2023111206,592,10,0.9092841956059532,0.8975792428347658,1,dev
2023111206,782,10,0.03296703296703297,0.08148331573627111,0,dev
2023111206,898,10,0.7197452229299363,0.686347349706704,1,dev
2023111206,976,10,0.6571428571428571,0.642867030987842,1,dev
2023111206,1001,10,0.8627204030226701,0.8553716137215512,0,dev
2023111206,1150,10,0.95,0.9561877479935408,1,dev
2023111206,1235,10,0.41818181818181815,0.4457966470776975,1,dev
2023111206,1282,10,0.9395248380129589,0.9521232738096447,1,dev
2023111206,1307,10,0.9092841956059532,0.9136912315437897,1,dev
2023111206,1401,10,0.5533707865168538,0.5589137389005634,0,dev
2023111206,1522,10,0.5533707865168538,0.5330680169398556,1,dev
2023111206,1664,10,0.45,0.4850398260054675,0,dev
2023111206,1825,10,0.9395248380129589,0.9452064508908586,1,dev
2023111206,1877,10,0.9088785046728972,0.8962698016626517,1,dev
2023111206,1952,10,0.3534675615212528,0.3799578790325795,0,dev
2023111206,1977,10,0.7197452229299363,0.6898863594790567,1,dev
2023111206,2071,10,0.77728285077951,0.7424661707516236,0,dev
2023111206,2094,10,0.11059907834101383,0.13522621040861693,0,dev
2023111206,2160,10,0.13,0.20495611649769838,0,dev
2023111206,2205,10,0.9092841956059532,0.9134963146668994,1,dev
2023111206,2311,10,0.11059907834101383,0.14033841863184254,0,dev
2023111206,2403,10,0.6571428571428571,0.5871589986621818,1,dev
2023111206,2450,10,0.8757396449704142,0.8803379805154983,1,dev
2023111206,2475,10,0.77728285077951,0.769644389877014,1,dev
2023111206,2527,10,0.8288288288288288,0.8027573514853195,1,dev
2023111206,2591,10,0.8288288288288288,0.804470956605658,1,dev
2023111206,2711,10,0.004310344827586207,0.02500223947692834,0,dev
2023111206,2809,10,0.6571428571428571,0.6342288832962822,1,dev
2023111206,2839,10,0.9092841956059532,0.9006062577717768,1,dev
2023111206,2869,10,0.5,0.49369365739967236,0,dev
2023111206,2914,10,0.005952380952380952,0.06321002210989174,0,dev
2023111206,3005,10,0.005952380952380952,0.04500437107444029,0,dev
2023111206,3308,10,0.004310344827586207,0.026921273319733593,0,dev
2023111206,3374,10,0.6571428571428571,0.6022130603168986,0,dev
2023111206,3397,10,0.7197452229299363,0.6900315621730263,1,dev
2023111206,3645,10,0.07894736842105263,0.0915159531847063,0,dev
2023111206,3723,10,0.15942028985507245,0.22465860533915044,0,dev
2023111206,3857,10,0.3465346534653465,0.30159114089138306,0,dev
2023111206,3880,10,0.9222585924713584,0.9210482454428652,1,dev
2023111206,3905,10,0.9395248380129589,0.9423482604475212,1,dev
2023111206,3930,10,0.3534675615212528,0.3702523454628337,0,dev
2023111206,3976,10,0.3465346534653465,0.3042453161226779,0,dev
2023111207,203,10,0.03296703296703297,0.08158535328005365,0,dev
2023111207,245,10,0.45,0.4849288952133028,1,dev
2023111207,326,10,0.3534675615212528,0.37721924595485606,0,dev
2023111207,349,10,0.9092841956059532,0.9008094919862226,1,dev
2023111207,400,10,0.8348348348348347,0.8201825956600002,1,dev
2023111207,429,10,0.9395248380129589,0.9504587689315371,1,dev
2023111207,505,10,0.3534675615212528,0.3769087130527723,1,dev
2023111207,546,10,0.9092841956059532,0.9133394322553257,1,dev
2023111207,600,10,0.25874125874125875,0.26372827004489563,0,dev
2023111207,755,10,0.8627204030226701,0.8699138529343883,1,dev
2023111207,802,10,0.77728285077951,0.7675864874154595,0,dev
2023111207,1105,10,0.840531561461794,0.8411000904369604,1,dev
2023111207,1169,10,0.9092841956059532,0.9099265062393852,1,dev
2023111207,1250,10,0.5,0.5197513254920623,1,dev
2023111207,1297,10,0.11059907834101383,0.1495585280870675,0,dev
2023111207,1445,10,0.9395248380129589,0.9379760549487659,1,dev
2023111207,1500,10,0.8348348348348347,0.8237490387961133,1,dev
2023111207,1792,10,0.9222585924713584,0.9211469901526913,1,dev
2023111207,1817,10,0.77728285077951,0.7406692233142774,1,dev
2023111207,1930,10,0.9092841956059532,0.9171045041082804,1,dev
2023111207,2175,10,0.5,0.5143292004364013,0,dev
2023111207,2251,10,0.9395248380129589,0.9421758745782757,1,dev
2023111207,2335,10,0.9092841956059532,0.9143451003704754,1,dev
2023111207,2360,10,0.8851674641148325,0.8843191704176626,1,dev
2023111207,2456,10,0.8851674641148325,0.8833372418196135,0,dev
2023111207,2502,10,0.9092841956059532,0.9093423224320525,1,dev
2023111207,3086,10,0.6571428571428571,0.6346877668092552,1,dev
2023111207,3218,10,0.9222585924713584,0.920767432534989,1,dev
2023111207,3285,10,0.77728285077951,0.7369288240866146,0,dev
2023111207,3426,10,0.8348348348348347,0.8158332135570427,1,dev
2023111207,3451,10,0.9222585924713584,0.929205311695761,1,dev
2023111207,3498,10,0.005952380952380952,0.05767350898020555,0,dev
2023111207,3685,10,0.5533707865168538,0.564648320410515,0,dev
2023111207,3780,10,0.005952380952380952,0.05915592578849784,0,dev
2023111207,3822,10,0.6571428571428571,0.6176363943560156,1,dev
2023111207,4033,10,0.9395248380129589,0.936787272803546,1,dev
2023111207,4080,10,0.004310344827586207,0.030223279946837472,0,dev
2023111207,4110,10,0.005952380952380952,0.06340410912422599,0,dev
2023111207,4189,10,0.6589147286821706,0.6744387003272936,1,dev
2023111208,77,10,0.9092841956059532,0.9114456918480937,1,dev
2023111208,151,10,0.9088785046728972,0.8918472975748295,1,dev
2023111208,203,10,0.6571428571428571,0.6008968442103454,1,dev
2023111208,287,10,0.005952380952380952,0.062185968088305066,0,dev
2023111208,402,10,0.77728285077951,0.7598987924982602,1,dev
2023111208,427,10,0.6589147286821706,0.6703856949217414,0,dev
2023111208,475,10,0.8757396449704142,0.880746805055632,1,dev
2023111208,527,10,0.9222585924713584,0.9300824525174244,0,dev
2023111208,593,10,0.9092841956059532,0.9010410836028466,1,dev
2023111208,838,10,0.5533707865168538,0.5292661655435922,0,dev
2023111208,861,10,0.7583333333333333,0.7167297784887291,0,dev
2023111208,938,10,0.9092841956059532,0.9151468568369515,1,dev
2023111208,1049,10,0.3861788617886179,0.4032113330816381,1,dev
2023111208,1146,10,0.6571428571428571,0.5911020674672784,0,dev
2023111208,1188,10,0.8681318681318682,0.8754306506662309,1,dev
2023111208,1213,10,0.9395248380129589,0.9465662994953408,0,dev
2023111208,1315,10,0.840531561461794,0.841230402816695,1,dev
2023111208,1362,10,0.4155844155844156,0.4318120117042509,1,dev
2023111208,1431,10,0.9092841956059532,0.9125870560817102,0,dev
2023111208,1559,10,0.9222585924713584,0.9223886736678675,1,dev
2023111208,1606,10,0.41818181818181815,0.455938774044935,0,dev
2023111208,1629,10,0.8348348348348347,0.8328424735308096,1,dev
2023111208,1654,10,0.8681318681318682,0.8790022372510363,0,dev
2023111208,1677,10,0.8681318681318682,0.8774034617956593,1,dev
2023111208,1724,10,0.45,0.48646428260666613,1,dev
2023111208,1932,10,0.840531561461794,0.8494488262025582,1,dev
2023111208,1989,10,0.9092841956059532,0.9028191319323777,0,dev
2023111208,2012,10,0.3534675615212528,0.33291384663825957,1,dev
2023111208,2037,10,0.6571428571428571,0.600578137394055,1,dev
2023111208,2084,10,0.21666666666666667,0.2535288029910489,0,dev
2023111208,2236,10,0.25874125874125875,0.28442877014327866,0,dev
2023111208,2259,10,0.5533707865168538,0.52551896034016,0,dev
2023111208,2282,10,0.8288288288288288,0.8005580787807837,1,dev
2023111208,2340,10,0.77728285077951,0.759885640156682,1,dev
2023111208,2392,10,0.8627204030226701,0.8738616488709933,0,dev
2023111208,2458,10,0.9395248380129589,0.9405103669238414,1,dev
2023111208,2546,10,0.9092841956059532,0.9116534297167113,1,dev
2023111208,2571,10,0.9395248380129589,0.9467131559680761,1,dev
2023111208,2599,10,0.3861788617886179,0.4258550392810034,0,dev
2023111208,2622,10,0.9088785046728972,0.8943036641292114,1,dev
2023111208,2669,10,0.9092841956059532,0.907288647873298,1,dev
2023111208,2694,10,0.9092841956059532,0.9027694596489927,1,dev
2023111208,2722,10,0.4155844155844156,0.43209200875217935,1,dev
2023111208,2830,10,0.8627204030226701,0.8656361372901807,1,dev
2023111208,2877,10,0.9092841956059532,0.9034388821341905,0,dev
2023111208,2900,10,0.9092841956059532,0.8995291530125124,1,dev
2023111208,3016,10,0.3861788617886179,0.41548890517113646,0,dev
2023111208,3088,10,0.77728285077951,0.7392491240698472,0,dev
2023111208,3483,10,0.840531561461794,0.8508097074684974,1,dev
2023111208,3547,10,0.8348348348348347,0.8286350976039105,1,dev
2023111208,3594,10,0.6571428571428571,0.6200588028356532,1,dev
2023111208,3619,10,0.8851674641148325,0.8842894876958876,1,dev
2023111208,3693,10,0.8348348348348347,0.8210100124680907,1,dev
2023111208,3768,10,0.8245614035087719,0.7958124179000026,1,dev
2023111208,3859,10,0.8348348348348347,0.8137559712009321,1,dev
2023111208,3906,10,0.8348348348348347,0.8214370636542998,1,dev
2023111208,3977,10,0.95,0.9557029044409849,1,dev
2023111208,4056,10,0.77728285077951,0.7293214738434538,1,dev
2023111208,4093,10,0.8348348348348347,0.8173238922576748,1,dev
2023111209,55,10,0.5,0.5180407755055336,1,dev
2023111209,80,10,0.11059907834101383,0.1407151854177332,1,dev
2023111209,146,10,0.3465346534653465,0.3058954791803504,1,dev
2023111209,248,10,0.9092841956059532,0.9057028143776538,1,dev
2023111209,273,10,0.005952380952380952,0.052209720286074617,0,dev
2023111209,378,10,0.8851674641148325,0.8856440089794008,1,dev
2023111209,427,10,0.9222585924713584,0.9241550087923088,0,dev
2023111209,479,10,0.3861788617886179,0.4069263843258626,0,dev
2023111209,635,10,0.77728285077951,0.7389875857436258,1,dev
2023111209,660,10,0.004310344827586207,0.031082806058585523,0,dev
2023111209,804,10,0.9395248380129589,0.9514944064887362,1,dev
2023111209,829,10,0.9088785046728972,0.8950415479146716,1,dev
2023111209,878,10,0.8348348348348347,0.8337809511553286,0,dev
2023111209,901,10,0.8627204030226701,0.8615144695057447,0,dev
2023111209,1040,10,0.11059907834101383,0.17806927428789063,0,dev
2023111209,1138,10,0.8627204030226701,0.8638714943499095,1,dev
2023111209,1192,10,0.9092841956059532,0.9160054834323201,1,dev
2023111209,1217,10,0.3465346534653465,0.3114152906357291,1,dev
2023111209,1242,10,0.8851674641148325,0.8830809778385755,1,dev
2023111209,1311,10,0.9088785046728972,0.8920529268010551,1,dev
2023111209,1377,10,0.8627204030226701,0.8662546533523646,1,dev
2023111209,1477,10,0.9395248380129589,0.9434344715156768,1,dev
2023111209,1598,10,0.5533707865168538,0.556466460493026,1,dev
2023111209,1657,10,0.8348348348348347,0.8391651295938725,0,dev
2023111209,1748,10,0.77728285077951,0.7436287543063208,1,dev
2023111209,1773,10,0.840531561461794,0.8443636730427718,1,dev
2023111209,1798,10,0.9222585924713584,0.9341556301722695,1,dev
2023111209,1830,10,0.8348348348348347,0.8262257561345321,1,dev
2023111209,1921,10,0.8627204030226701,0.866895964171338,1,dev
2023111209,2118,10,0.9395248380129589,0.9363299720103456,1,dev
2023111209,2219,10,0.9222585924713584,0.9263883925712331,1,dev
2023111209,2471,10,0.9395248380129589,0.9451311640454071,1,dev
2023111209,2548,10,0.9395248380129589,0.9476448798558427,1,dev
2023111209,2607,10,0.9222585924713584,0.920705193769352,1,dev
2023111209,2654,10,0.9088785046728972,0.8967454311832931,1,dev
2023111209,2679,10,0.3861788617886179,0.3932978751842775,1,dev
2023111209,2844,10,0.77728285077951,0.7516688800268508,1,dev
2023111209,2898,10,0.6571428571428571,0.5873760824298775,0,dev
2023111209,2921,10,0.9092841956059532,0.9042153425201952,1,dev
2023111209,2951,10,0.004310344827586207,0.02699794635665951,0,dev
2023111209,2974,10,0.7197452229299363,0.6920113860857305,1,dev
2023111209,3170,10,0.8288288288288288,0.7968004123099476,1,dev
2023111209,3202,10,0.9395248380129589,0.9525241267358961,1,dev
2023111209,3227,10,0.3861788617886179,0.38928048397373277,1,dev
2023111209,3373,10,0.9092841956059532,0.8996974936615352,1,dev
2023111209,3402,10,0.44370860927152306,0.4771050159218546,0,dev
2023111209,3512,10,0.3534675615212528,0.32239219726749,1,dev
2023111209,3564,10,0.9092841956059532,0.9177791246254046,1,dev
2023111209,3589,10,0.005952380952380952,0.05021992494271458,0,dev
2023111209,3634,10,0.9135802469135802,0.9198079049426731,1,dev
2023111209,3779,10,0.5533707865168538,0.534391187300014,0,dev
2023111209,3824,10,0.9092841956059532,0.9097618106370319,1,dev
2023111209,3859,10,0.6589147286821706,0.6814619213044114,1,dev
2023111209,3891,10,0.9222585924713584,0.9222844021605285,1,dev
2023111209,3968,10,0.8681318681318682,0.8789475289209213,1,dev
2023111209,4031,10,0.8288288288288288,0.7990186425558867,0,dev
2023111209,4054,10,0.7727272727272727,0.728462844344585,1,dev
2023111209,4108,10,0.3534675615212528,0.3655321938611553,0,dev
2023111209,4176,10,0.8681318681318682,0.8791534929638596,1,dev
2023111210,85,10,0.7197452229299363,0.6969115131616701,1,dev
2023111210,132,10,0.8851674641148325,0.8851379258819243,1,dev
2023111210,266,10,0.8681318681318682,0.8792622394462376,1,dev
2023111210,332,10,0.9395248380129589,0.9426247819784359,1,dev
2023111210,453,10,0.8627204030226701,0.8527771145450478,1,dev
2023111210,579,10,0.9088785046728972,0.8881375707951331,1,dev
2023111210,604,10,0.6589147286821706,0.6786729509362698,0,dev
2023111210,676,10,0.9088785046728972,0.8964071568425475,1,dev
2023111210,721,10,0.9222585924713584,0.9249743931048324,1,dev
2023111210,844,10,0.8288288288288288,0.8126456942099883,0,dev
2023111210,947,10,0.9395248380129589,0.9398727524268847,1,dev
2023111210,977,10,0.9092841956059532,0.9068798375497642,1,dev
2023111210,1027,10,0.8757396449704142,0.8793891841272401,1,dev
2023111210,1052,10,0.9092841956059532,0.8968383451197853,1,dev
2023111210,1082,10,0.8627204030226701,0.8644360870631987,1,dev
2023111210,1200,10,0.9395248380129589,0.9475582927666634,0,dev
2023111210,1248,10,0.5,0.5071184250833427,0,dev
2023111210,1271,10,0.9395248380129589,0.941388922605948,1,dev
2023111210,1318,10,0.9092841956059532,0.9088303484444795,1,dev
2023111210,1343,10,0.8627204030226701,0.8681467423876613,1,dev
2023111210,1391,10,0.9092841956059532,0.9131873241517314,0,dev
2023111210,1464,10,0.25874125874125875,0.2737568973926479,0,dev
2023111210,1563,10,0.3534675615212528,0.3235407890779291,0,dev
2023111210,1615,10,0.77728285077951,0.7483949183247892,0,dev
2023111210,1696,10,0.77728285077951,0.7294145520264325,1,dev
2023111210,1798,10,0.6571428571428571,0.5849816788398045,0,dev
2023111210,1872,10,0.9088785046728972,0.8928026592795343,1,dev
2023111210,1924,10,0.9222585924713584,0.9297084599083881,1,dev
2023111210,2005,10,0.9222585924713584,0.9209656661290119,1,dev
2023111210,2111,10,0.9092841956059532,0.9039270354577675,1,dev
2023111210,2136,10,0.9222585924713584,0.9328668072541673,1,dev
2023111210,2161,10,0.5533707865168538,0.5731992085831221,0,dev
2023111210,2204,10,0.9092841956059532,0.8971852150142275,1,dev
2023111210,2267,10,0.95,0.954191966244504,1,dev
2023111210,2369,10,0.8627204030226701,0.8537384649443263,1,dev
2023111210,2594,10,0.9222585924713584,0.9267902044456435,1,dev
2023111210,2647,10,0.004310344827586207,0.01628220223666376,0,dev
2023111210,2733,10,0.8348348348348347,0.8240883994283476,1,dev
2023111210,2758,10,0.9395248380129589,0.9459846142880912,1,dev
2023111210,2915,10,0.9743589743589743,0.9634032948614967,1,dev
2023111210,3019,10,0.9395248380129589,0.9427137056979857,1,dev
2023111210,3098,10,0.77728285077951,0.739651606214834,1,dev
2023111210,3123,10,0.9395248380129589,0.9369117787951716,1,dev
2023111210,3153,10,0.3465346534653465,0.2980938300237308,1,dev
2023111210,3178,10,0.11059907834101383,0.13943427566516553,0,dev
2023111210,3221,10,0.77728285077951,0.7603044583291565,0,dev
2023111210,3270,10,0.9395248380129589,0.9505918703460888,1,dev
2023111210,3386,10,0.9088785046728972,0.8873067502738489,1,dev
2023111210,3669,10,0.9135802469135802,0.91938182406791,1,dev
2023111210,3694,10,0.41818181818181815,0.45932927267722573,0,dev
2023111210,3717,10,0.9092841956059532,0.9105309089513971,1,dev
2023111210,3742,10,0.77728285077951,0.7819757762840908,1,dev
2023111210,3882,10,0.8348348348348347,0.8250161022986529,1,dev
2023111210,3951,10,0.9088785046728972,0.8887690479900024,1,dev
2023111210,4034,10,0.9395248380129589,0.9453521035206404,1,dev
2023111210,4130,10,0.21666666666666667,0.23410897413579496,1,dev
2023111210,4216,10,0.9222585924713584,0.9346739140317739,1,dev
2023111210,4241,10,0.77728285077951,0.770094914863716,1,dev
2023111210,4296,10,0.8288288288288288,0.809064580019441,0,dev
2023111210,4319,10,0.9092841956059532,0.9003657162783136,1,dev
2023111210,4351,10,0.77728285077951,0.789857402536311,1,dev
2023111210,4390,10,0.5533707865168538,0.5512221919513487,0,dev
2023111210,4413,10,0.15942028985507245,0.21060322870446618,0,dev
2023111210,4436,10,0.13,0.1853895385497334,1,dev
2023111210,4493,10,0.9395248380129589,0.947086204889498,1,dev
2023111210,4525,10,0.9395248380129589,0.9529036827028328,1,dev
2023111210,4555,10,0.9092841956059532,0.9025722626172661,1,dev
2023111210,4580,10,0.3861788617886179,0.39573782621068415,0,dev
2023111210,4610,10,0.8348348348348347,0.8142817074839906,1,dev
2023111211,105,10,0.3534675615212528,0.3277013841057822,1,dev
2023111211,194,10,0.5,0.48984321209535675,1,dev
2023111211,230,10,0.8627204030226701,0.8597692791115938,1,dev
2023111211,406,10,0.9222585924713584,0.924778327801513,1,dev
2023111211,492,10,0.3861788617886179,0.39680971852721214,1,dev
2023111211,517,10,0.9222585924713584,0.9278834550532884,1,dev
2023111211,629,10,0.8627204030226701,0.8731506882809494,1,dev
2023111211,654,10,0.9092841956059532,0.9131699519071641,1,dev
2023111211,679,10,0.9395248380129589,0.9476572575800001,1,dev
2023111211,763,10,0.5533707865168538,0.5668662467983423,0,dev
2023111211,787,10,0.9395248380129589,0.9361281149066355,1,dev
2023111211,1059,10,0.8348348348348347,0.8248329577600974,1,dev
2023111211,1353,10,0.004310344827586207,0.01856261818659133,0,dev
2023111211,1650,10,0.8348348348348347,0.8330919598472735,1,dev
2023111211,1675,10,0.11059907834101383,0.1697581595875739,1,dev
2023111211,1867,10,0.9135802469135802,0.920049804947659,1,dev
2023111211,1916,10,0.07894736842105263,0.11242545712256254,0,dev
2023111211,1979,10,0.6571428571428571,0.5876704611084238,1,dev
2023111211,2004,10,0.9395248380129589,0.9455014296161933,1,dev
2023111211,2029,10,0.840531561461794,0.8445813174452602,1,dev
2023111211,2072,10,0.07894736842105263,0.12251059680484643,0,dev
2023111211,2201,10,0.8627204030226701,0.8601903286512873,0,dev
2023111211,2523,10,0.005952380952380952,0.04170387822678881,0,dev
2023111211,2681,10,0.9395248380129589,0.9376682465869624,1,dev
2023111211,2864,10,0.005952380952380952,0.04955402662178955,0,dev
2023111211,2937,10,0.9092841956059532,0.9147107480989217,1,dev
2023111211,2997,10,0.004310344827586207,0.03710687078164776,0,dev
2023111211,3046,10,0.8627204030226701,0.8588583696949206,0,dev
2023111211,3166,10,0.77728285077951,0.7453815417772547,1,dev
2023111211,3243,10,0.9222585924713584,0.9315369434231987,1,dev
2023111211,3291,10,0.3534675615212528,0.3235917386255134,0,dev
2023111211,3495,10,0.9222585924713584,0.9255659708743964,1,dev
2023111211,3627,10,0.9092841956059532,0.9178109504101393,1,dev
2023111211,3659,10,0.9395248380129589,0.9385968361728516,1,dev
2023111211,3684,10,0.9088785046728972,0.8890061407339035,1,dev
2023111211,3709,10,0.8348348348348347,0.8286880531264806,1,dev
2023111211,3734,10,0.3534675615212528,0.37590381784616506,0,dev
2023111211,3760,10,0.9092841956059532,0.9049279154995847,1,dev
2023111211,3785,10,0.15942028985507245,0.21662112370175382,0,dev
2023111211,3808,10,0.9222585924713584,0.9259995231168697,1,dev
2023111211,3833,10,0.8348348348348347,0.8242467670996583,1,dev
2023111211,4074,10,0.9092841956059532,0.9147072569595062,1,dev
2023111211,4099,10,0.8851674641148325,0.8857710320124152,1,dev
2023111300,272,10,0.0,0.008720100797547332,0,dev
2023111300,295,10,0.9743589743589743,0.962515868590903,1,dev
2023111300,320,10,0.9222585924713584,0.9266209661150668,1,dev
2023111300,440,10,0.8627204030226701,0.8644490125710326,1,dev
2023111300,506,10,0.9395248380129589,0.9371594449461768,1,dev
2023111300,594,10,0.9395248380129589,0.9448460844171092,1,dev
2023111300,710,10,0.9743589743589743,0.9657954374096471,0,dev
2023111300,755,10,0.9395248380129589,0.9529723742691553,1,dev
2023111300,840,10,0.9222585924713584,0.9302114243437236,0,dev
2023111300,863,10,0.8627204030226701,0.874977730141999,0,dev
2023111300,961,10,0.77728285077951,0.751978107619421,1,dev
2023111300,1128,10,0.004310344827586207,0.02346503221987954,0,dev
2023111300,1153,10,0.9092841956059532,0.9068504221221342,1,dev
2023111300,1229,10,0.9395248380129589,0.9390758280639482,1,dev
2023111300,1254,10,0.8288288288288288,0.8091159644987187,0,dev
2023111300,1337,10,0.6589147286821706,0.6587687607656219,1,dev
2023111300,1376,10,0.8348348348348347,0.8274282440714399,1,dev
2023111300,1447,10,0.77728285077951,0.78533333195196,1,dev
2023111300,1617,10,0.9222585924713584,0.9346783369052398,1,dev
2023111300,1746,10,0.13,0.18437013357679471,1,dev
2023111300,1793,10,0.9088785046728972,0.8949165560481451,1,dev
2023111300,1892,10,0.5,0.503439878381507,1,dev
2023111300,2234,10,0.9222585924713584,0.9275064259615899,1,dev
2023111300,2265,10,0.9088785046728972,0.8891892059205644,1,dev
2023111300,2557,10,0.6571428571428571,0.6075588945594382,0,dev
2023111300,2580,10,0.8288288288288288,0.8042567648452373,1,dev
2023111300,2605,10,0.11059907834101383,0.17443327230800015,0,dev
2023111300,2661,10,0.9395248380129589,0.947719376729873,1,dev
2023111300,2691,10,0.9092841956059532,0.9153374723135023,1,dev
2023111300,2839,10,0.9092841956059532,0.8983376308489316,1,dev
2023111300,3005,10,0.9222585924713584,0.9261980261286461,1,dev
2023111300,3190,10,0.8627204030226701,0.8525321435190857,1,dev
2023111300,3279,10,0.9395248380129589,0.9535309299111479,0,dev
2023111300,3306,10,0.8627204030226701,0.8677465587506278,1,dev
2023111300,3371,10,0.9395248380129589,0.9368656102209028,1,dev
2023111300,3423,10,0.9222585924713584,0.9316621139462063,1,dev
2023111300,3448,10,0.7197452229299363,0.698201171896006,1,dev
2023111300,3500,10,0.3861788617886179,0.4124224812254304,0,dev
2023111300,3625,10,0.9395248380129589,0.9451470537553985,1,dev
2023111300,3700,10,0.8627204030226701,0.8749693167649572,1,dev
2023111300,3752,10,0.9092841956059532,0.9101993094857311,1,dev
2023111300,3790,10,0.77728285077951,0.774792768688663,1,dev
2023111300,3905,10,0.9395248380129589,0.9366498378927465,1,dev
2023111300,4176,10,0.41818181818181815,0.4545847426495287,1,dev
2023111300,4201,10,0.13,0.1979203185755799,0,dev
2023111300,4264,10,0.9222585924713584,0.933069858116728,1,dev
2023111300,4289,10,0.9092841956059532,0.9067435057492382,1,dev
2023111600,56,11,0.3534675615212528,0.32762615129031747,1,dev
2023111600,113,11,0.8288288288288288,0.8120658164993744,1,dev
2023111600,209,11,0.9222585924713584,0.9241666222508325,1,dev
2023111600,364,11,0.8681318681318682,0.8772216914492057,1,dev
2023111600,448,11,0.3465346534653465,0.30804884439376345,0,dev
2023111600,526,11,0.11059907834101383,0.13771286515861475,0,dev
2023111600,676,11,0.6571428571428571,0.6044408775551974,0,dev
2023111600,782,11,0.77728285077951,0.741298829570075,1,dev
2023111600,883,11,0.44370860927152306,0.47858686036467085,0,dev
2023111600,977,11,0.005952380952380952,0.059061818491999686,0,dev
2023111600,1000,11,0.9222585924713584,0.9262947415672647,1,dev
2023111600,1127,11,0.3861788617886179,0.4076052551838866,0,dev
2023111600,1243,11,0.8348348348348347,0.8201312240117824,0,dev
2023111600,1266,11,0.5533707865168538,0.5211240573769867,1,dev
2023111600,1313,11,0.8627204030226701,0.854979982003045,1,dev
2023111600,1409,11,0.8348348348348347,0.8338937244040276,1,dev
2023111600,1510,11,0.7197452229299363,0.7008030476212054,1,dev
2023111600,1535,11,0.9092841956059532,0.9183769185474345,1,dev
2023111600,1683,11,0.753968253968254,0.7062156381528303,1,dev
2023111600,1715,11,0.8288288288288288,0.8107108801783507,1,dev
2023111600,1769,11,0.8681318681318682,0.876079680148669,1,dev
2023111600,1794,11,0.3534675615212528,0.3415240792498187,1,dev
2023111600,1862,11,0.9092841956059532,0.9114063811335276,1,dev
2023111600,1980,11,0.41818181818181815,0.4520391649891796,0,dev
2023111600,2120,11,0.77728285077951,0.7548099530625197,0,dev
2023111600,2197,11,0.9395248380129589,0.937760339819447,1,dev
2023111600,2339,11,0.9222585924713584,0.9208906110337424,1,dev
2023111600,2401,11,0.004310344827586207,0.021799098252484855,0,dev
2023111600,2424,11,0.5533707865168538,0.5633052762398939,1,dev
2023111600,2610,11,0.8288288288288288,0.8051332968086133,1,dev
2023111600,2657,11,0.21666666666666667,0.2534918058525069,0,dev
2023111600,2787,11,0.21666666666666667,0.23979950631001168,0,dev
2023111600,2882,11,0.9088785046728972,0.895825375904885,1,dev
2023111600,2951,11,0.8627204030226701,0.8642409425567795,1,dev
2023111600,3197,11,0.3861788617886179,0.40036520145896237,0,dev
2023111600,3294,11,0.07894736842105263,0.12044654949894422,0,dev
2023111600,3421,11,0.9395248380129589,0.9408091835244263,1,dev
2023111600,3446,11,0.6571428571428571,0.5941204867976567,0,dev
2023111600,3702,11,0.9222585924713584,0.9308879061107207,1,dev
2023111600,3826,11,0.3534675615212528,0.318054564858993,1,dev
2023111600,4082,11,0.9092841956059532,0.9079782498445662,1,dev
2023111600,4152,11,0.9222585924713584,0.9324472423447345,1,dev
2023111600,4181,11,0.3534675615212528,0.3545181720016585,1,dev
2023111900,103,11,0.9222585924713584,0.9328138924181343,1,dev
2023111900,207,11,0.44370860927152306,0.4683800554300914,1,dev
2023111900,299,11,0.77728285077951,0.7566779275257277,1,dev
2023111900,417,11,0.840531561461794,0.8413207423090776,1,dev
2023111900,471,11,0.11059907834101383,0.13777477824592163,0,dev
2023111900,538,11,0.77728285077951,0.78547919167323,1,dev
2023111900,563,11,0.77728285077951,0.7388819138840612,1,dev
2023111900,640,11,0.8757396449704142,0.8802727281569787,1,dev
2023111900,850,11,0.9395248380129589,0.9398311985165211,1,dev
2023111900,882,11,0.5533707865168538,0.5490205959584099,0,dev
2023111900,905,11,0.9092841956059532,0.9038128341677825,1,dev
2023111900,955,11,0.8757396449704142,0.8793167217317384,1,dev
2023111900,1147,11,0.8627204030226701,0.8728698047493937,1,dev
2023111900,1318,11,0.3534675615212528,0.373180690448061,0,dev
2023111900,1455,11,0.8348348348348347,0.8353624661852751,1,dev
2023111900,1485,11,0.9395248380129589,0.9369650518341325,1,dev
2023111900,1532,11,0.03296703296703297,0.08403455868002095,0,dev
2023111900,1681,11,0.5533707865168538,0.5297148258399426,1,dev
2023111900,1859,11,0.7727272727272727,0.7284647518940458,0,dev
2023111900,1882,11,0.9092841956059532,0.8971095015402069,1,dev
2023111900,1907,11,0.25874125874125875,0.27550808575654845,0,dev
2023111900,1930,11,0.41818181818181815,0.4458576276358793,0,dev
2023111900,2008,11,0.9092841956059532,0.9066141082335004,0,dev
2023111900,2031,11,0.8757396449704142,0.8803025127854541,1,dev
2023111900,2096,11,0.11059907834101383,0.1423366407312855,0,dev
2023111900,2126,11,0.7583333333333333,0.7208193105082912,1,dev
2023111900,2336,11,0.9092841956059532,0.9181243316113609,1,dev
2023111900,2410,11,0.7197452229299363,0.6879068119991558,1,dev
2023111900,2440,11,0.9395248380129589,0.9381595391674643,1,dev
2023111900,2490,11,0.004310344827586207,0.03366196044015082,0,dev
2023111900,2605,11,0.005952380952380952,0.05415261077841071,0,dev
2023111900,2628,11,0.77728285077951,0.7393091859439277,1,dev
2023111900,2759,11,0.9092841956059532,0.8997893283740507,1,dev
2023111900,2833,11,0.07894736842105263,0.101500931660238,0,dev
2023111900,2856,11,0.6571428571428571,0.5906789440449451,1,dev
2023111900,2903,11,0.005952380952380952,0.046623120846600745,0,dev
2023111900,2926,11,0.8627204030226701,0.8699464209452902,1,dev
2023111900,2973,11,0.9395248380129589,0.9361758181090858,1,dev
2023111900,3020,11,0.9092841956059532,0.904935947638706,1,dev
2023111900,3141,11,0.8627204030226701,0.8617330053293978,0,dev
2023111900,3164,11,0.9222585924713584,0.9211395123992413,1,dev
2023111900,3189,11,0.9092841956059532,0.9138425817671487,1,dev
2023111900,3234,11,0.9395248380129589,0.9387140541377934,1,dev
2023111900,3427,11,0.8245614035087719,0.7938566763490656,1,dev
2023111900,3452,11,0.3534675615212528,0.38307033778797145,0,dev
2023111900,3475,11,0.9222585924713584,0.9239540758728556,1,dev
2023111900,3714,11,0.77728285077951,0.7746234817671034,1,dev
2023111900,3843,11,0.9092841956059532,0.9102345625271145,1,dev
2023111900,3888,11,0.3534675615212528,0.33629292788671517,0,dev
2023111900,3993,11,0.8627204030226701,0.8706421184749931,1,dev
2023111900,4119,11,0.9135802469135802,0.9199683130298894,1,dev
2023111901,169,11,0.8348348348348347,0.8293063102799917,1,dev
2023111901,221,11,0.77728285077951,0.7685151347068478,0,dev
2023111901,338,11,0.8348348348348347,0.8292634025086276,1,dev
2023111901,419,11,0.8348348348348347,0.8233829804403522,1,dev
2023111901,446,11,0.9222585924713584,0.9279812801882594,1,dev
2023111901,677,11,0.3861788617886179,0.4205347612589611,1,dev
2023111901,746,11,0.9395248380129589,0.9432561891455146,1,dev
2023111901,771,11,0.8627204030226701,0.8603210999087045,1,dev
2023111901,859,11,0.9395248380129589,0.944512869452903,0,dev
2023111901,882,11,0.9222585924713584,0.924045056302837,1,dev
2023111901,1042,11,0.77728285077951,0.7711396914728492,1,dev
2023111901,1139,11,0.22727272727272727,0.2560430354759076,0,dev
2023111901,1431,11,0.9395248380129589,0.945595693704951,0,dev
2023111901,1461,11,0.8348348348348347,0.8313384551430388,1,dev
2023111901,1699,11,0.8757396449704142,0.8801009314623197,1,dev
2023111901,1724,11,0.77728285077951,0.7386252106473383,1,dev
2023111901,1781,11,0.8627204030226701,0.8535942574125704,1,dev
2023111901,1813,11,0.8681318681318682,0.8782168529659343,1,dev
2023111901,1868,11,0.3861788617886179,0.42325960381395794,0,dev
2023111901,2155,11,0.9222585924713584,0.9329109342113557,0,dev
2023111901,2246,11,0.8681318681318682,0.8752023971224894,1,dev
2023111901,2293,11,0.8851674641148325,0.8853604586365972,0,dev
2023111901,2316,11,0.3534675615212528,0.32020804107792594,0,dev
2023111901,2413,11,0.9088785046728972,0.8965906201321878,1,dev
2023111901,2494,11,0.9395248380129589,0.9506275815798434,1,dev
2023111901,2519,11,0.7727272727272727,0.7292043177418092,0,dev
2023111901,2648,11,0.77728285077951,0.7772858701829656,1,dev
2023111901,2832,11,0.004310344827586207,0.030242842016782654,0,dev
2023111901,2879,11,0.9222585924713584,0.9322226146592193,1,dev
2023111901,2941,11,0.9092841956059532,0.9103722258457484,1,dev
2023111901,3038,11,0.25874125874125875,0.2838243905440278,0,dev
2023111901,3125,11,0.9088785046728972,0.8951534507024351,0,dev
2023111901,3289,11,0.8851674641148325,0.8837142785126134,1,dev
2023111901,3314,11,0.9092841956059532,0.8975277426979245,1,dev
2023111901,3581,11,0.25874125874125875,0.2792006959677694,0,dev
2023111901,3604,11,0.9092841956059532,0.8997991170348395,1,dev
2023111901,3648,11,0.9088785046728972,0.8916341042177663,1,dev
2023111901,3782,11,0.9092841956059532,0.9108227975780674,1,dev
2023111901,3836,11,0.8757396449704142,0.8824063269826726,0,dev
2023111901,3859,11,0.8348348348348347,0.8310571891667449,1,dev
2023111901,3884,11,0.8757396449704142,0.8814902883275828,0,dev
2023111901,3940,11,0.77728285077951,0.7463826045572549,0,dev
2023111901,3963,11,0.0,0.006841803846940522,0,dev
2023111901,3986,11,0.5,0.5164986043541708,0,dev
2023111901,4040,11,0.9088785046728972,0.8903945653429038,1,dev
2023111901,4065,11,0.9395248380129589,0.9463875588836985,1,dev
2023111901,4095,11,0.77728285077951,0.7489090943130374,1,dev
2023111901,4120,11,0.8348348348348347,0.8270569171565493,1,dev
2023111901,4321,11,0.9395248380129589,0.9433779011844807,1,dev
2023111902,127,11,0.8757396449704142,0.8808874610951324,1,dev
2023111902,152,11,0.9092841956059532,0.898085554458505,1,dev
2023111902,177,11,0.9092841956059532,0.9034897510596296,1,dev
2023111902,381,11,0.9135802469135802,0.9198045390589135,1,dev
2023111902,478,11,0.6589147286821706,0.658121117805275,1,dev
2023111902,596,11,0.95,0.9573092183617007,1,dev
2023111902,665,11,0.8851674641148325,0.8851173558688139,1,dev
2023111902,693,11,0.9135802469135802,0.920363564752485,1,dev
2023111902,745,11,0.004310344827586207,0.027937647808318988,0,dev
2023111902,848,11,0.6571428571428571,0.610938535069049,0,dev
2023111902,883,11,0.9395248380129589,0.9458394628649022,1,dev
2023111902,1075,11,0.9222585924713584,0.9305587584640148,1,dev
2023111902,1261,11,0.3534675615212528,0.37798523953170365,0,dev
2023111902,1403,11,0.8348348348348347,0.8256287859449533,1,dev
2023111902,1428,11,0.9092841956059532,0.9062304086505951,1,dev
2023111902,1458,11,0.753968253968254,0.7144403853753133,1,dev
2023111902,1559,11,0.77728285077951,0.7447697877876388,0,dev
2023111902,1604,11,0.8627204030226701,0.8602901858180046,1,dev
2023111902,1751,11,0.9395248380129589,0.9501638909974295,1,dev
2023111902,1776,11,0.8348348348348347,0.8351465692256378,1,dev
2023111902,1801,11,0.8627204030226701,0.8647928377121162,1,dev
2023111902,1826,11,0.005952380952380952,0.05388509288715484,0,dev
2023111902,1849,11,0.8288288288288288,0.8118185663964995,1,dev
2023111902,1874,11,0.9222585924713584,0.9247889495915509,1,dev
2023111902,1988,11,0.3534675615212528,0.3739811831313805,1,dev
2023111902,2133,11,0.77728285077951,0.7754378133904274,0,dev
2023111902,2218,11,0.840531561461794,0.842121199834546,1,dev
2023111902,2275,11,0.6571428571428571,0.5972376074828889,1,dev
2023111902,2482,11,0.77728285077951,0.7758227780094676,1,dev
2023111902,2695,11,0.7197452229299363,0.6872924623189131,1,dev
2023111902,2786,11,0.8627204030226701,0.8700628145884454,1,dev
2023111902,2894,11,0.13,0.20529096621095136,0,dev
2023111902,3118,11,0.9088785046728972,0.8891458911744362,1,dev
2023111902,3146,11,0.11059907834101383,0.1363964921741978,0,dev
2023111902,3608,11,0.8348348348348347,0.8399084853704969,1,dev
2023111902,3638,11,0.8348348348348347,0.8387925961868322,1,dev
2023111902,3663,11,0.8627204030226701,0.8690166069890929,1,dev
2023111902,3688,11,0.77728285077951,0.7322677226798343,1,dev
2023111902,3723,11,0.77728285077951,0.7653020382651873,1,dev
2023111902,3832,11,0.3861788617886179,0.3991294352518925,0,dev
2023111902,3881,11,0.8757396449704142,0.8810738314134337,1,dev
2023111902,3906,11,0.07894736842105263,0.10434067181734055,0,dev
2023111902,3970,11,0.8681318681318682,0.8777466458593006,1,dev
2023111902,3995,11,0.8851674641148325,0.8863005496396502,1,dev
2023111902,4029,11,0.8681318681318682,0.8755901465013086,1,dev
2023111902,4076,11,0.5533707865168538,0.575199747664344,1,dev
2023111903,73,11,0.9395248380129589,0.9456195727493384,1,dev
2023111903,121,11,0.3534675615212528,0.324079248580901,1,dev
2023111903,206,11,0.9222585924713584,0.9325036230704903,1,dev
2023111903,256,11,0.8288288288288288,0.8072718240053535,1,dev
2023111903,313,11,0.753968253968254,0.7152191310607449,1,dev
2023111903,338,11,0.6589147286821706,0.6598568109113386,0,dev
2023111903,372,11,0.8681318681318682,0.8770712690375155,0,dev
2023111903,446,11,0.77728285077951,0.7717562711033662,0,dev
2023111903,551,11,0.8348348348348347,0.8299178574720569,1,dev
2023111903,598,11,0.9222585924713584,0.9344602147868382,1,dev
2023111903,718,11,0.5533707865168538,0.5445849659254435,1,dev
2023111903,743,11,0.9092841956059532,0.9001188451433342,0,dev
2023111903,831,11,0.3534675615212528,0.3291689323358977,0,dev
2023111903,899,11,0.9092841956059532,0.9153086351919618,1,dev
2023111903,924,11,0.77728285077951,0.7832392748730233,1,dev
2023111903,1077,11,0.77728285077951,0.7301852649684993,1,dev
2023111903,1129,11,0.4155844155844156,0.4347607665124777,0,dev
2023111903,1152,11,0.9222585924713584,0.9237182033436072,1,dev
2023111903,1248,11,0.5533707865168538,0.5439750935952709,1,dev
2023111903,1372,11,0.8627204030226701,0.8623701433249953,0,dev
2023111903,1541,11,0.3861788617886179,0.4241379813714495,0,dev
2023111903,1604,11,0.9395248380129589,0.9358787542451803,1,dev
2023111903,1681,11,0.22727272727272727,0.25934429680606497,0,dev
2023111903,1728,11,0.8627204030226701,0.8578161296813879,1,dev
2023111903,1778,11,0.9092841956059532,0.8996191969729628,1,dev
2023111903,1832,11,0.3861788617886179,0.421234069434785,0,dev
2023111903,1909,11,0.9395248380129589,0.9448617350297829,1,dev
2023111903,2003,11,0.5533707865168538,0.577960185953523,0,dev
2023111903,2166,11,0.8288288288288288,0.8010558803127069,1,dev
2023111903,2238,11,0.3465346534653465,0.3011680925638755,0,dev
2023111903,2359,11,0.8851674641148325,0.8866488087393074,0,dev
2023111903,2453,11,0.9092841956059532,0.9037576598047015,1,dev
2023111903,2478,11,0.6589147286821706,0.6694269933684579,1,dev
2023111903,2547,11,0.9088785046728972,0.8895454915326575,1,dev
2023111903,2580,11,0.9092841956059532,0.9054944415973152,1,dev
2023111903,2612,11,0.8851674641148325,0.8862629778201607,1,dev
2023111903,2699,11,0.9222585924713584,0.9227486732927463,1,dev
2023111903,2758,11,0.9088785046728972,0.896770586168666,1,dev
2023111903,2823,11,0.9088785046728972,0.8901806054616468,1,dev
2023111903,2877,11,0.9222585924713584,0.9269856103080701,1,dev
2023111903,2958,11,0.753968253968254,0.7040226741927734,1,dev
2023111903,3042,11,0.77728285077951,0.7443483929704532,1,dev
2023111903,3067,11,0.8348348348348347,0.8363984665538089,1,dev
2023111903,3092,11,0.77728285077951,0.7352225806042275,1,dev
2023111903,3122,11,0.005952380952380952,0.06364017056005154,0,dev
2023111903,3235,11,0.9222585924713584,0.922535184106158,1,dev
2023111903,3260,11,0.325,0.29103847539329486,0,dev
2023111903,3283,11,0.5,0.5037525020307031,0,dev
2023111903,3414,11,0.8288288288288288,0.8061622197181539,1,dev
2023111903,3439,11,0.8348348348348347,0.8312229690314844,1,dev
2023111903,3503,11,0.5533707865168538,0.5509580937728793,1,dev
2023111903,3650,11,0.21666666666666667,0.24685947133395084,0,dev
2023111903,3673,11,0.3534675615212528,0.35209268796037696,1,dev
2023111903,3823,11,0.5533707865168538,0.5322932757867664,0,dev
2023111903,3846,11,0.8348348348348347,0.829033594528939,1,dev
2023111903,3893,11,0.8288288288288288,0.8077139160316915,1,dev
2023111903,3954,11,0.5533707865168538,0.5481884399157062,0,dev
2023111903,3977,11,0.6571428571428571,0.5941351284299635,0,dev
2023111903,4158,11,0.9092841956059532,0.8994981327377561,1,dev
2023111903,4285,11,0.5533707865168538,0.5684263589055205,1,dev
2023111903,4310,11,0.77728285077951,0.778124623658011,0,dev
2023111904,136,11,0.5533707865168538,0.5384430512703121,1,dev
2023111904,251,11,0.9395248380129589,0.937254531154196,1,dev
2023111904,276,11,0.6571428571428571,0.6293025861274623,0,dev
2023111904,299,11,0.004310344827586207,0.03978830367305186,0,dev
2023111904,322,11,0.5533707865168538,0.5305044366052558,1,dev
2023111904,391,11,0.005952380952380952,0.043436679788618274,0,dev
2023111904,461,11,0.9092841956059532,0.91463295521502,1,dev
2023111904,564,11,0.8627204030226701,0.8564806296821145,1,dev
2023111904,596,11,0.8348348348348347,0.8141911929599229,1,dev
2023111904,643,11,0.004310344827586207,0.0159417222818633,0,dev
2023111904,666,11,0.8627204030226701,0.8523264458252289,1,dev
2023111904,732,11,0.44370860927152306,0.48153683052547586,0,dev
2023111904,799,11,0.753968253968254,0.7077662940651662,1,dev
2023111904,1011,11,0.8757396449704142,0.8807733324838845,1,dev
2023111904,1036,11,0.8348348348348347,0.8277529191913333,1,dev
2023111904,1179,11,0.77728285077951,0.7339087594194703,1,dev
2023111904,1309,11,0.3534675615212528,0.3684439043263368,1,dev
2023111904,1356,11,0.9092841956059532,0.9084543910307962,1,dev
2023111904,1413,11,0.9088785046728972,0.8910470052126538,1,dev
2023111904,1483,11,0.8288288288288288,0.802659537744539,1,dev
2023111904,1616,11,0.840531561461794,0.8458942928880201,1,dev
2023111904,1790,11,0.9092841956059532,0.9064046809680456,1,dev
2023111904,1815,11,0.840531561461794,0.8415664576339741,1,dev
2023111904,1840,11,0.9092841956059532,0.9157987893040161,1,dev
2023111904,1865,11,0.5533707865168538,0.5753810153608652,1,dev
2023111904,1943,11,0.9395248380129589,0.9454739275395888,1,dev
2023111904,1968,11,0.9395248380129589,0.9425698100875397,1,dev
2023111904,2095,11,0.8627204030226701,0.8663355010636576,1,dev
2023111904,2194,11,0.6571428571428571,0.6410996010501462,1,dev
2023111904,2274,11,0.6571428571428571,0.6070318629203172,1,dev
2023111904,2371,11,0.9395248380129589,0.9389390216171273,1,dev
2023111904,2427,11,0.77728285077951,0.7816155712308872,1,dev
2023111904,2848,11,0.9092841956059532,0.9109919768853944,1,dev
2023111904,2893,11,0.8627204030226701,0.8524696732932086,1,dev
2023111904,2945,11,0.9092841956059532,0.9154113509848004,0,dev
2023111904,3032,11,0.9222585924713584,0.9334401968603078,1,dev
2023111904,3079,11,0.9395248380129589,0.9390851191171857,1,dev
2023111904,3238,11,0.9395248380129589,0.9380936780999058,1,dev
2023111904,3398,11,0.9222585924713584,0.925605484382928,1,dev
2023111904,3423,11,0.8627204030226701,0.8710328958611233,0,dev
2023111904,3468,11,0.9135802469135802,0.9199869178076316,1,dev
2023111904,3493,11,0.6571428571428571,0.606859414781281,1,dev
2023111904,3592,11,0.11059907834101383,0.18395311488888663,0,dev
2023111904,3639,11,0.9092841956059532,0.8975514232255588,1,dev
2023111904,3664,11,0.9395248380129589,0.9398718028662099,1,dev
2023111904,3689,11,0.8757396449704142,0.8815272399525615,1,dev
2023111904,3714,11,0.9395248380129589,0.9524686704321601,1,dev
2023111904,3771,11,0.9222585924713584,0.9327578185858817,1,dev
2023111904,3819,11,0.3534675615212528,0.32687768544108076,0,dev
2023111905,208,11,0.753968253968254,0.7069968292485848,1,dev
2023111905,233,11,0.8757396449704142,0.8817623872429056,1,dev
2023111905,285,11,0.07894736842105263,0.11292751209594644,0,dev
2023111905,328,11,0.77728285077951,0.7463274911800483,1,dev
2023111905,390,11,0.8681318681318682,0.8789042748478801,0,dev
2023111905,469,11,0.9088785046728972,0.8873988643870914,1,dev
2023111905,528,11,0.840531561461794,0.8466877700003987,1,dev
2023111905,553,11,0.9092841956059532,0.9066644210978476,1,dev
2023111905,644,11,0.6571428571428571,0.6346925466230777,1,dev
2023111905,866,11,0.5533707865168538,0.5586196918470765,0,dev
2023111905,943,11,0.3534675615212528,0.3168103297246678,0,dev
2023111905,1056,11,0.8348348348348347,0.8262462750393434,1,dev
2023111905,1220,11,0.3534675615212528,0.3706992993690194,0,dev
2023111905,1243,11,0.9395248380129589,0.9387009552245547,1,dev
2023111905,1550,11,0.8627204030226701,0.8642669302658014,1,dev
2023111905,1695,11,0.0,0.013951770573550556,0,dev
2023111905,1719,11,0.840531561461794,0.850574594300803,1,dev
2023111905,1744,11,0.8627204030226701,0.8550882854717496,1,dev
2023111905,1792,11,0.5533707865168538,0.5673216315842583,1,dev
2023111905,1822,11,0.004310344827586207,0.022715449464773073,0,dev
2023111905,1845,11,0.9135802469135802,0.9194501794575236,1,dev
2023111905,1870,11,0.11059907834101383,0.16475968768818103,0,dev
2023111905,2065,11,0.9395248380129589,0.9435032072326232,1,dev
2023111905,2168,11,0.840531561461794,0.8469504036225302,1,dev
2023111905,2307,11,0.9222585924713584,0.9288488206254311,1,dev
2023111905,2354,11,0.753968253968254,0.7129773809355529,1,dev
2023111905,2450,11,0.8627204030226701,0.8649107880043089,1,dev
2023111905,2497,11,0.77728285077951,0.7685654054322207,1,dev
2023111905,2522,11,0.840531561461794,0.8436233589870334,1,dev
2023111905,2615,11,0.9395248380129589,0.9426682260630144,1,dev
2023111905,2752,11,0.15942028985507245,0.22564632446089872,1,dev
2023111905,2905,11,0.9395248380129589,0.9381069871475989,1,dev
2023111905,3013,11,0.9222585924713584,0.9237204924483949,1,dev
2023111905,3038,11,0.840531561461794,0.8485376317530681,1,dev
2023111905,3063,11,0.8348348348348347,0.8179949189965497,1,dev
2023111905,3383,11,0.8288288288288288,0.7999833064152931,1,dev
2023111906,55,11,0.9092841956059532,0.9130447531066038,1,dev
2023111906,143,11,0.9092841956059532,0.9075256827824032,1,dev
2023111906,168,11,0.8627204030226701,0.8629814373323592,0,dev
2023111906,329,11,0.9222585924713584,0.9252345163124511,1,dev
2023111906,487,11,0.9222585924713584,0.9321237541651896,1,dev
2023111906,557,11,0.7197452229299363,0.683482007997686,1,dev
2023111906,587,11,0.8348348348348347,0.8137252966278672,1,dev
2023111906,612,11,0.9222585924713584,0.9264998822508397,1,dev
2023111906,733,11,0.9092841956059532,0.9163649319668355,1,dev
2023111906,838,11,0.7583333333333333,0.7169900205445026,1,dev
2023111906,863,11,0.44370860927152306,0.480348040335327,0,dev
2023111906,886,11,0.8348348348348347,0.8239190493525184,1,dev
2023111906,950,11,0.9222585924713584,0.9237435687076132,1,dev
2023111906,1024,11,0.5,0.49325136928703517,1,dev
2023111906,1180,11,0.8348348348348347,0.8154261922023812,1,dev
2023111906,1210,11,0.8288288288288288,0.7995268388016361,1,dev
2023111906,1257,11,0.9222585924713584,0.9232857751688608,1,dev
2023111906,1315,11,0.9092841956059532,0.9005877909999965,1,dev
2023111906,1398,11,0.753968253968254,0.7053634514288389,1,dev
2023111906,1506,11,0.9222585924713584,0.9294934735828467,0,dev
2023111906,1608,11,0.9222585924713584,0.926824323945224,1,dev
2023111906,1633,11,0.9092841956059532,0.9106729314838701,1,dev
2023111906,1658,11,0.9395248380129589,0.9483684380716461,1,dev
2023111906,1710,11,0.8348348348348347,0.8385953955797815,1,dev
2023111906,1971,11,0.7197452229299363,0.6932036334822488,1,dev
2023111906,2062,11,0.6571428571428571,0.6281870296974913,0,dev
2023111906,2121,11,0.6571428571428571,0.6336951924122255,1,dev
2023111906,2236,11,0.9395248380129589,0.9420870393487754,1,dev
2023111906,2338,11,0.9135802469135802,0.918852586631618,1,dev
2023111906,2390,11,0.9395248380129589,0.9427950519330054,1,dev
2023111906,2437,11,0.9222585924713584,0.9326169293285089,1,dev
2023111906,2462,11,0.8627204030226701,0.8600313007084697,0,dev
2023111906,2585,11,0.9222585924713584,0.921932788974815,1,dev
2023111906,2636,11,0.3534675615212528,0.34035538412655236,0,dev
2023111906,2659,11,0.8288288288288288,0.8052150338812163,0,dev
2023111906,2725,11,0.6589147286821706,0.6781120188640223,1,dev
2023111906,2772,11,0.21666666666666667,0.2342036515838376,0,dev
2023111906,2860,11,0.840531561461794,0.8427391729243071,1,dev
2023111906,2917,11,0.77728285077951,0.7471590608647743,1,dev
2023111906,2942,11,0.9395248380129589,0.9388927075550161,1,dev
2023111906,3001,11,0.8851674641148325,0.886616758138178,0,dev
2023111906,3102,11,0.8348348348348347,0.833252322580824,1,dev
2023111906,3149,11,0.8627204030226701,0.8674653719376403,1,dev
2023111906,3174,11,0.004310344827586207,0.025418177552626837,0,dev
2023111906,3417,11,0.9395248380129589,0.9384546513309625,1,dev
2023111906,3469,11,0.11059907834101383,0.16760899961568915,0,dev
2023111906,3551,11,0.9222585924713584,0.9233354557325465,1,dev
2023111906,3576,11,0.0,0.013447520735339042,0,dev
2023111906,3678,11,0.9395248380129589,0.9376551465727763,1,dev
2023111906,3752,11,0.6589147286821706,0.6517394971608947,1,dev
2023111906,3815,11,0.5533707865168538,0.5478288687164833,1,dev
2023111906,3860,11,0.9092841956059532,0.9144936124764019,1,dev
2023111906,3885,11,0.5,0.500537046347547,0,dev
2023111906,4111,11,0.77728285077951,0.7653336854931638,1,dev
2023111906,4148,11,0.03296703296703297,0.08090248516512766,0,dev
2023111906,4171,11,0.9088785046728972,0.8958611718464098,1,dev
2023111906,4196,11,0.9092841956059532,0.9006852663647663,1,dev
2023111906,4221,11,0.8288288288288288,0.804621223485924,1,dev
2023111906,4246,11,0.5,0.4965301212485065,0,dev
2023111906,4269,11,0.9088785046728972,0.8916207668214606,1,dev
2023111906,4306,11,0.41818181818181815,0.450803502060446,0,dev
2023111907,77,11,0.9222585924713584,0.9287309862364335,1,dev
2023111907,102,11,0.9395248380129589,0.9369442668717557,1,dev
2023111907,389,11,0.9092841956059532,0.9056190463026332,1,dev
2023111907,440,11,0.8627204030226701,0.8533301240897192,1,dev
2023111907,472,11,0.9092841956059532,0.9109765915386251,1,dev
2023111907,533,11,0.9395248380129589,0.9399772448966439,0,dev
2023111907,556,11,0.325,0.2877233820495932,1,dev
2023111907,584,11,0.5,0.49451620603168656,1,dev
2023111907,652,11,0.9395248380129589,0.9449130138693658,1,dev
2023111907,746,11,0.840531561461794,0.8409818589476035,1,dev
2023111907,793,11,0.4155844155844156,0.43395199246746274,0,dev
2023111907,979,11,0.8627204030226701,0.8621812167217957,1,dev
2023111907,1104,11,0.753968253968254,0.7152477598807456,1,dev
2023111907,1136,11,0.9092841956059532,0.9099249374221742,1,dev
2023111907,1161,11,0.8627204030226701,0.855573752593019,0,dev
2023111907,1184,11,0.5533707865168538,0.5327201036096298,1,dev
2023111907,1209,11,0.9222585924713584,0.9207346041314223,1,dev
2023111907,1278,11,0.07894736842105263,0.0924416100350392,0,dev
2023111907,1360,11,0.21666666666666667,0.24545505151896085,0,dev
2023111907,1485,11,0.9395248380129589,0.9435583661293471,1,dev
2023111907,1515,11,0.8627204030226701,0.8578272241326897,1,dev
2023111907,1562,11,0.840531561461794,0.8415271955104167,1,dev
2023111907,1673,11,0.77728285077951,0.789523099244985,1,dev
2023111907,1747,11,0.9092841956059532,0.9160524386213161,1,dev
2023111907,1794,11,0.9222585924713584,0.9304148537373558,1,dev
2023111907,1854,11,0.7583333333333333,0.7194923626517985,1,dev
2023111907,2025,11,0.9222585924713584,0.92164005278134,1,dev
2023111907,2075,11,0.8851674641148325,0.884244557173217,0,dev
2023111907,2137,11,0.9092841956059532,0.9057716360327858,1,dev
2023111907,2182,11,0.95,0.9546672273719033,1,dev
2023111907,2356,11,0.8288288288288288,0.8029912932244027,1,dev
2023111907,2565,11,0.77728285077951,0.7556127421200307,1,dev
2023111907,2612,11,0.005952380952380952,0.04157162308222574,0,dev
2023111907,2725,11,0.77728285077951,0.7796272669431514,1,dev
2023111907,2789,11,0.11059907834101383,0.14016093820482345,0,dev
2023111907,2943,11,0.5533707865168538,0.574475992596687,1,dev
2023111907,3082,11,0.9222585924713584,0.929390950567388,1,dev
2023111907,3134,11,0.5,0.5126319850933073,0,dev
2023111907,3157,11,0.3534675615212528,0.36495276147957995,1,dev
2023111907,3221,11,0.9395248380129589,0.943156850128187,1,dev
2023111907,3526,11,0.9395248380129589,0.9393019905330171,1,dev
2023111907,3551,11,0.5533707865168538,0.5771819734010918,1,dev
2023111907,3641,11,0.9395248380129589,0.9391360238387009,1,dev
2023111907,3671,11,0.8288288288288288,0.8006511002001317,1,dev
2023111907,3719,11,0.9092841956059532,0.9143581545532771,0,dev
2023111907,3837,11,0.8757396449704142,0.882309804984086,1,dev
2023111907,3878,11,0.77728285077951,0.762237357773829,1,dev
2023111907,4053,11,0.95,0.9544425175324948,1,dev
2023111907,4083,11,0.8348348348348347,0.8234938775626741,1,dev
2023111907,4108,11,0.9222585924713584,0.9207741474897835,0,dev
2023111907,4192,11,0.95,0.9550422490121353,1,dev
2023111908,83,11,0.9092841956059532,0.9130041938569502,1,dev
2023111908,108,11,0.03296703296703297,0.08252146782838544,0,dev
2023111908,131,11,0.77728285077951,0.7305784960884196,1,dev
2023111908,207,11,0.25874125874125875,0.2813470073337466,0,dev
2023111908,259,11,0.07894736842105263,0.11611960835615719,0,dev
2023111908,308,11,0.8851674641148325,0.8857583621267826,1,dev
2023111908,364,11,0.004310344827586207,0.039894759816714837,0,dev
2023111908,438,11,0.8348348348348347,0.81784705471886,1,dev
2023111908,463,11,0.9092841956059532,0.8992067961087136,1,dev
2023111908,563,11,0.8681318681318682,0.8763735835942273,1,dev
2023111908,666,11,0.8627204030226701,0.8703947235034779,1,dev
2023111908,1187,11,0.8348348348348347,0.8293646454791159,1,dev
2023111908,1254,11,0.9395248380129589,0.9422437827761098,1,dev
2023111908,1322,11,0.3861788617886179,0.419929440695096,1,dev
2023111908,1369,11,0.4155844155844156,0.434322574102913,1,dev
2023111908,1519,11,0.9222585924713584,0.9208249548638086,1,dev
2023111908,1578,11,0.77728285077951,0.735008036581475,1,dev
2023111908,1649,11,0.6571428571428571,0.5815533598082444,1,dev
2023111908,1726,11,0.9092841956059532,0.9036150438675563,1,dev
2023111908,1758,11,0.840531561461794,0.8464284479298656,1,dev
2023111908,1795,11,0.77728285077951,0.7725681528482251,1,dev
2023111908,1825,11,0.004310344827586207,0.020674650948394574,0,dev
2023111908,1993,11,0.004310344827586207,0.017858963069672065,0,dev
2023111908,2016,11,0.8348348348348347,0.8316102939547632,1,dev
2023111908,2041,11,0.3861788617886179,0.4137120082424845,0,dev
2023111908,2112,11,0.9395248380129589,0.9402018575349881,1,dev
2023111908,2142,11,0.77728285077951,0.7648276440480408,1,dev
2023111908,2274,11,0.3861788617886179,0.4189997100752206,1,dev
2023111908,2304,11,0.77728285077951,0.769363290223595,1,dev
2023111908,2359,11,0.25874125874125875,0.2633752189488945,0,dev
2023111908,2382,11,0.25874125874125875,0.28102146759552393,0,dev
2023111908,2478,11,0.9222585924713584,0.9260419289862138,1,dev
2023111908,2530,11,0.9395248380129589,0.9361498808042232,1,dev
2023111908,2663,11,0.9092841956059532,0.9082992760479335,1,dev
2023111908,2727,11,0.9395248380129589,0.9436540637237201,1,dev
2023111908,2774,11,0.8348348348348347,0.8168381728514145,1,dev
2023111908,2819,11,0.77728285077951,0.7770789847577658,1,dev
2023111908,2992,11,0.77728285077951,0.7625458981289559,1,dev
2023111908,3024,11,0.3861788617886179,0.418390106284654,0,dev
2023111908,3083,11,0.21666666666666667,0.23985612982211987,0,dev
2023111908,3113,11,0.77728285077951,0.7872106855019239,1,dev
2023111908,3143,11,0.9092841956059532,0.913971575494944,1,dev
2023111908,3190,11,0.9222585924713584,0.9294015753810558,1,dev
2023111908,3215,11,0.8348348348348347,0.8274474139307372,1,dev
2023111908,3240,11,0.9395248380129589,0.9397747361875154,1,dev
2023111908,3265,11,0.9092841956059532,0.9025377487667705,1,dev
2023111908,3290,11,0.77728285077951,0.7587745874307824,1,dev
2023111908,3315,11,0.9395248380129589,0.9438300337446306,1,dev
2023111908,3345,11,0.004310344827586207,0.028309577680192988,0,dev
2023111908,3391,11,0.77728285077951,0.7886829193976461,1,dev
2023111908,3416,11,0.840531561461794,0.8410221199106545,1,dev
2023111908,3446,11,0.5533707865168538,0.5413802712579306,0,dev
2023111908,3476,11,0.25874125874125875,0.2830935563550696,0,dev
2023111908,3631,11,0.9222585924713584,0.9239565809604684,1,dev
2023111908,3659,11,0.77728285077951,0.7751803264825906,0,dev
2023111908,3766,11,0.9092841956059532,0.9082551723248316,1,dev
2023111908,3903,11,0.9395248380129589,0.9481833192820719,1,dev
2023111908,4016,11,0.9743589743589743,0.9617676236455395,1,dev
2023111909,239,11,0.77728285077951,0.7819624144965914,0,dev
2023111909,282,11,0.07894736842105263,0.09092912120129368,0,dev
2023111909,394,11,0.6571428571428571,0.5895508806391921,1,dev
2023111909,458,11,0.9395248380129589,0.9362236676053558,1,dev
2023111909,576,11,0.9222585924713584,0.9242784860048104,1,dev
2023111909,623,11,0.11059907834101383,0.15594467466222703,0,dev
2023111909,758,11,0.9088785046728972,0.8937732864893523,1,dev
2023111909,922,11,0.6571428571428571,0.6341281044320761,0,dev
2023111909,949,11,0.8288288288288288,0.7977033595114489,1,dev
2023111909,1008,11,0.9395248380129589,0.9534775160896516,1,dev
2023111909,1087,11,0.8851674641148325,0.8827246224805214,1,dev
2023111909,1189,11,0.9088785046728972,0.8931818287997926,1,dev
2023111909,1214,11,0.9092841956059532,0.9071513439207811,1,dev
2023111909,1539,11,0.6571428571428571,0.6119823841757162,0,dev
2023111909,1562,11,0.11059907834101383,0.14571026437288623,0,dev
2023111909,1633,11,0.8627204030226701,0.8557346745876104,1,dev
2023111909,1863,11,0.9092841956059532,0.9159661468887083,1,dev
2023111909,1956,11,0.5,0.5115404898405141,0,dev
2023111909,2152,11,0.840531561461794,0.8415605557506288,1,dev
2023111909,2247,11,0.8627204030226701,0.8636823783733772,1,dev
2023111909,2272,11,0.3333333333333333,0.2926967235812017,0,dev
2023111909,2381,11,0.8288288288288288,0.8008971089492914,1,dev
2023111909,2481,11,0.9222585924713584,0.9294858985435567,1,dev
2023111909,2511,11,0.004310344827586207,0.01930929885961278,0,dev
2023111909,2697,11,0.753968253968254,0.7027898184683993,1,dev
2023111909,2757,11,0.9395248380129589,0.9424803221832302,1,dev
2023111909,2828,11,0.9395248380129589,0.9383616647297606,1,dev
2023111909,2853,11,0.9222585924713584,0.9331551325344004,1,dev
2023111909,3126,11,0.8627204030226701,0.8597121428752859,1,dev
2023111909,3216,11,0.8851674641148325,0.8829144154067681,1,dev
2023111909,3397,11,0.11059907834101383,0.1806283479421554,0,dev
2023111909,3502,11,0.9222585924713584,0.930603607863901,1,dev
2023111909,3527,11,0.9222585924713584,0.9247998403435932,1,dev
2023111909,3602,11,0.9092841956059532,0.9071577121035945,1,dev
2023111909,3813,11,0.005952380952380952,0.0454368902613548,0,dev
2023111909,3843,11,0.11059907834101383,0.13096235170929757,0,dev
2023111909,4223,11,0.8627204030226701,0.8684196963689528,1,dev
2023111909,4248,11,0.8627204030226701,0.8605050511670416,1,dev
2023111909,4273,11,0.005952380952380952,0.06302413119357307,0,dev
2023111909,4296,11,0.8851674641148325,0.8832513589103825,1,dev
2023111909,4321,11,0.6571428571428571,0.6338921196636397,0,dev
2023111909,4369,11,0.7197452229299363,0.686889143928997,0,dev
2023111910,164,11,0.9395248380129589,0.946126760270386,1,dev
2023111910,194,11,0.6571428571428571,0.610595235671895,1,dev
2023111910,321,11,0.5533707865168538,0.5324346963240563,0,dev
2023111910,390,11,0.6571428571428571,0.597647833662369,1,dev
2023111910,444,11,0.8348348348348347,0.8233400753360446,1,dev
2023111910,469,11,0.8851674641148325,0.8858865922884722,1,dev
2023111910,521,11,0.45,0.4856576437201761,1,dev
2023111910,741,11,0.9092841956059532,0.9012991504706153,1,dev
2023111910,866,11,0.3534675615212528,0.35995795906872313,0,dev
2023111910,942,11,0.5533707865168538,0.5482561084304692,1,dev
2023111910,1031,11,0.3534675615212528,0.337843673513182,0,dev
2023111910,1054,11,0.9092841956059532,0.9142977161214284,1,dev
2023111910,1165,11,0.7197452229299363,0.6954538558558081,0,dev
2023111910,1270,11,0.8348348348348347,0.8253947844802221,1,dev
2023111910,1295,11,0.753968253968254,0.7101032573510543,0,dev
2023111910,1418,11,0.8288288288288288,0.8115195514230319,0,dev
2023111910,1522,11,0.6571428571428571,0.6278712133964063,1,dev
2023111910,1722,11,0.8348348348348347,0.8309754109004763,1,dev
2023111910,1806,11,0.15942028985507245,0.21328890360778713,1,dev
2023111910,1865,11,0.9092841956059532,0.9059972374449018,1,dev
2023111910,1890,11,0.6571428571428571,0.6428416414285433,1,dev
2023111910,2019,11,0.9092841956059532,0.9055050719162893,0,dev
2023111910,2067,11,0.3534675615212528,0.3226143107311826,0,dev
2023111910,2320,11,0.9222585924713584,0.927023219390114,1,dev
2023111910,2350,11,0.77728285077951,0.7292517823665545,1,dev
2023111910,2375,11,0.03296703296703297,0.06697624742707328,0,dev
2023111910,2431,11,0.8288288288288288,0.8115806446677316,1,dev
2023111910,2461,11,0.8348348348348347,0.82317934360097,0,dev
2023111910,2532,11,0.8681318681318682,0.877426154545282,1,dev
2023111910,2607,11,0.9222585924713584,0.9230962750938736,1,dev
2023111910,2652,11,0.9222585924713584,0.9273213222345276,1,dev
2023111910,2883,11,0.11059907834101383,0.12743567872559328,0,dev
2023111910,2906,11,0.77728285077951,0.7760579063182467,0,dev
2023111910,3061,11,0.5533707865168538,0.535446983933464,0,dev
2023111910,3110,11,0.8627204030226701,0.8683211534425235,1,dev
2023111910,3177,11,0.840531561461794,0.8500056767659132,1,dev
2023111910,3231,11,0.25874125874125875,0.27294307583429706,0,dev
2023111910,3280,11,0.8348348348348347,0.8170105908841776,1,dev
2023111910,3391,11,0.6589147286821706,0.6631258797296472,1,dev
2023111910,3453,11,0.8627204030226701,0.8538128286273063,1,dev
2023111910,3721,11,0.11059907834101383,0.17128842526861288,1,dev
2023111910,3746,11,0.9222585924713584,0.9351342391388686,0,dev
2023111910,3793,11,0.8288288288288288,0.8050428971596646,0,dev
2023111910,3916,11,0.9088785046728972,0.88725383615102,1,dev
2023111910,4050,11,0.3861788617886179,0.4205696384461849,0,dev
2023111910,4155,11,0.6589147286821706,0.6590560193932801,1,dev
2023111910,4203,11,0.840531561461794,0.8480577029645516,1,dev
2023111910,4286,11,0.8348348348348347,0.8350913499378456,1,dev
2023111911,100,11,0.9222585924713584,0.9330219592934706,1,dev
2023111911,165,11,0.9395248380129589,0.9432809148646538,1,dev
2023111911,257,11,0.9395248380129589,0.942742466910207,1,dev
2023111911,374,11,0.9092841956059532,0.9121551931266174,1,dev
2023111911,404,11,0.9092841956059532,0.9105613395172104,1,dev
2023111911,564,11,0.9222585924713584,0.9218059225824606,1,dev
2023111911,589,11,0.77728285077951,0.7650987849906037,0,dev
2023111911,638,11,0.9088785046728972,0.892713865400406,1,dev
2023111911,763,11,0.8288288288288288,0.8103134493546204,1,dev
2023111911,938,11,0.9395248380129589,0.9385117009718662,1,dev
2023111911,1063,11,0.9222585924713584,0.9208149564332356,1,dev
2023111911,1132,11,0.9092841956059532,0.9055550620536679,1,dev
2023111911,1267,11,0.9092841956059532,0.9170366175915765,1,dev
2023111911,1314,11,0.77728285077951,0.7434234700864623,1,dev
2023111911,1361,11,0.9395248380129589,0.9536344076463333,1,dev
2023111911,1386,11,0.77728285077951,0.7920364105321349,1,dev
2023111911,1503,11,0.77728285077951,0.779401487081293,1,dev
2023111911,1575,11,0.41818181818181815,0.45063040639785956,1,dev
2023111911,1670,11,0.9222585924713584,0.9263275512818812,1,dev
2023111911,1702,11,0.9395248380129589,0.9387696087762443,1,dev
2023111911,1727,11,0.8627204030226701,0.8701929347948659,1,dev
2023111911,1766,11,0.9222585924713584,0.9235705133447,1,dev
2023111911,1833,11,0.03296703296703297,0.07569555601864293,0,dev
2023111911,2009,11,0.9395248380129589,0.943449075901612,1,dev
2023111911,2094,11,0.8348348348348347,0.8374295867195307,1,dev
2023111911,2168,11,0.9088785046728972,0.8872914506076931,1,dev
2023111911,2227,11,0.3534675615212528,0.34515572269058065,0,dev
2023111911,2321,11,0.5,0.5001263501921094,0,dev
2023111911,2405,11,0.9743589743589743,0.9627540375636512,1,dev
2023111911,2457,11,0.005952380952380952,0.058543824643841814,0,dev
2023111911,2527,11,0.9092841956059532,0.9076480539551377,1,dev
2023111911,2596,11,0.9395248380129589,0.9413190298525599,1,dev
2023111911,2822,11,0.9092841956059532,0.9055875983284822,1,dev
2023111911,3107,11,0.9222585924713584,0.9293769752307531,1,dev
2023111911,3132,11,0.44370860927152306,0.4741605894005863,0,dev
2023111911,3254,11,0.6571428571428571,0.5908621011347047,0,dev
2023111911,3400,11,0.9395248380129589,0.9400563170872537,1,dev
2023111911,3489,11,0.9092841956059532,0.9050686558357058,1,dev
2023111911,3524,11,0.8288288288288288,0.8068738642529049,1,dev
2023111911,3724,11,0.6571428571428571,0.6159619194921944,1,dev
2023111911,3760,11,0.9395248380129589,0.942393891465159,1,dev
2023111911,3785,11,0.9092841956059532,0.9166691976370978,1,dev
2023111911,3817,11,0.9222585924713584,0.9293526818075614,1,dev
2023111911,3881,11,0.9222585924713584,0.9308258326322484,1,dev
2023111911,3911,11,0.44370860927152306,0.47999068709394677,1,dev
2023111911,3973,11,0.77728285077951,0.7382071830200578,0,dev
2023111911,3996,11,0.9088785046728972,0.8944521786425107,1,dev
2023111911,4075,11,0.753968253968254,0.7120394541115265,0,dev
2023111911,4162,11,0.13,0.19582283899256672,0,dev
2023112000,56,11,0.11059907834101383,0.13350153406112586,0,dev
2023112000,352,11,0.8348348348348347,0.8289346396808517,1,dev
2023112000,401,11,0.9222585924713584,0.9294749001242711,1,dev
2023112000,480,11,0.9092841956059532,0.9120557506997492,1,dev
2023112000,544,11,0.9092841956059532,0.9125867374621913,1,dev
2023112000,705,11,0.8627204030226701,0.8584582815282789,1,dev
2023112000,969,11,0.7583333333333333,0.7165849714794903,1,dev
2023112000,1128,11,0.8348348348348347,0.840680274779543,1,dev
2023112000,1197,11,0.6571428571428571,0.6392874024193836,1,dev
2023112000,1369,11,0.9222585924713584,0.9340360541876542,1,dev
2023112000,1462,11,0.9222585924713584,0.9286210057972777,0,dev
2023112000,1626,11,0.9092841956059532,0.9080119370261689,1,dev
2023112000,1727,11,0.9092841956059532,0.9132850838813823,1,dev
2023112000,1870,11,0.8627204030226701,0.8667472951310383,0,dev
2023112000,1893,11,0.8348348348348347,0.8184827168422988,1,dev
2023112000,1951,11,0.9092841956059532,0.8990294068855176,1,dev
2023112000,2272,11,0.07894736842105263,0.10138131784198925,0,dev
2023112000,2446,11,0.9092841956059532,0.9063392207157085,1,dev
2023112000,2495,11,0.03296703296703297,0.07946963394439843,0,dev
2023112000,2544,11,0.6589147286821706,0.6499743894743971,0,dev
2023112000,2574,11,0.9395248380129589,0.9417231784891196,1,dev
2023112000,2643,11,0.6571428571428571,0.6390645877700667,0,dev
2023112000,2666,11,0.8627204030226701,0.8720664819615104,1,dev
2023112000,2757,11,0.9222585924713584,0.9290430487923542,1,dev
2023112000,2820,11,0.8757396449704142,0.8823783838633443,1,dev
2023112000,2901,11,0.004310344827586207,0.03016497886973712,0,dev
2023112000,3075,11,0.9092841956059532,0.9179970954765302,1,dev
2023112000,3103,11,0.9092841956059532,0.9038572847369032,1,dev
2023112000,3157,11,0.9092841956059532,0.9157714888721572,1,dev
2023112000,3311,11,0.8348348348348347,0.8405942747149706,0,dev
2023112000,3334,11,0.6571428571428571,0.5818391981743745,1,dev
2023112000,3359,11,0.9092841956059532,0.9037416051390769,1,dev
2023112000,3384,11,0.9092841956059532,0.9152901741121161,1,dev
2023112000,3414,11,0.5,0.5161668955538545,0,dev
2023112000,3533,11,0.840531561461794,0.8504682724254657,0,dev
2023112000,3556,11,0.840531561461794,0.8464715686148794,1,dev
2023112000,3581,11,0.3861788617886179,0.42057569262599354,1,dev
2023112000,3695,11,0.77728285077951,0.7703620606222409,0,dev
2023112000,3982,11,0.9092841956059532,0.9100751844503181,1,dev
2023112000,4007,11,0.6571428571428571,0.6041051828547601,1,dev
2023112000,4032,11,0.3534675615212528,0.3862151897633736,0,dev
2023112000,4055,11,0.9092841956059532,0.9058145047378295,1,dev
2023112000,4080,11,0.7583333333333333,0.7200659134974595,1,dev
2023112000,4150,11,0.21666666666666667,0.24127495066429594,0,dev
2023112000,4207,11,0.07894736842105263,0.10637393565185777,0,dev
2023112300,55,12,0.41818181818181815,0.4440987397332629,1,dev
2023112300,80,12,0.9092841956059532,0.9017852125695662,1,dev
2023112300,149,12,0.13,0.20719677372551248,1,dev
2023112300,266,12,0.9092841956059532,0.9004607553947431,1,dev
2023112300,347,12,0.8348348348348347,0.8226111901247856,1,dev
2023112300,401,12,0.5533707865168538,0.5500073204776091,1,dev
2023112300,487,12,0.7727272727272727,0.7278070907574022,1,dev
2023112300,561,12,0.77728285077951,0.7483735903739928,1,dev
2023112300,591,12,0.8348348348348347,0.8142321143966337,1,dev
2023112300,643,12,0.9092841956059532,0.9034336249058206,1,dev
2023112300,690,12,0.9092841956059532,0.9136354600864639,1,dev
2023112300,952,12,0.005952380952380952,0.044124939286685316,0,dev
2023112300,1072,12,0.6589147286821706,0.6573589440723364,1,dev
2023112300,1236,12,0.9088785046728972,0.8950522791150721,1,dev
2023112300,1271,12,0.9222585924713584,0.9217883793570881,1,dev
2023112300,1318,12,0.8627204030226701,0.8591258633085569,0,dev
2023112300,1361,12,0.95,0.9563231756760893,1,dev
2023112300,1439,12,0.9092841956059532,0.9152218864079209,1,dev
2023112300,1486,12,0.6571428571428571,0.6449632223801869,1,dev
2023112300,1533,12,0.6571428571428571,0.6455670585099182,0,dev
2023112300,1556,12,0.004310344827586207,0.018898034666000842,0,dev
2023112300,1765,12,0.9395248380129589,0.9423045020330817,1,dev
2023112300,1828,12,0.9088785046728972,0.8892043101383578,1,dev
2023112300,1853,12,0.9222585924713584,0.9338270243011415,1,dev
2023112300,1955,12,0.3861788617886179,0.4046106173326087,0,dev
2023112300,1978,12,0.8348348348348347,0.8327873816207846,1,dev
2023112300,2075,12,0.6589147286821706,0.6780670521586515,0,dev
2023112300,2098,12,0.0,0.012880271944022827,0,dev
2023112300,2157,12,0.25874125874125875,0.2709060829620898,0,dev
2023112300,2212,12,0.9222585924713584,0.9295126703254005,1,dev
2023112300,2354,12,0.8627204030226701,0.8720238867520107,1,dev
2023112300,2401,12,0.77728285077951,0.7338613070214905,1,dev
2023112300,2552,12,0.8627204030226701,0.8622313726231463,1,dev
2023112300,2599,12,0.8681318681318682,0.8773287794137221,1,dev
2023112300,2648,12,0.11059907834101383,0.14885417231469264,1,dev
2023112300,2695,12,0.8851674641148325,0.887103188034236,0,dev
2023112300,2771,12,0.4155844155844156,0.4289794543914453,1,dev
2023112300,2821,12,0.8681318681318682,0.8787882780588299,1,dev
2023112300,2851,12,0.77728285077951,0.7399294248729635,0,dev
2023112300,2971,12,0.6589147286821706,0.6746885877050456,1,dev
2023112300,2996,12,0.3534675615212528,0.378581621470739,1,dev
2023112300,3058,12,0.840531561461794,0.8427493744799452,1,dev
2023112300,3268,12,0.8288288288288288,0.802388650530379,0,dev
2023112300,3376,12,0.5533707865168538,0.5313841064126611,1,dev
2023112300,3424,12,0.8627204030226701,0.8644005657739834,1,dev
2023112300,3454,12,0.4155844155844156,0.4361195564258705,0,dev
2023112300,3596,12,0.77728285077951,0.7909509091387877,1,dev
2023112300,3621,12,0.9092841956059532,0.9161722475382967,0,dev
2023112300,3644,12,0.6589147286821706,0.654274497230353,1,dev
2023112300,3743,12,0.3861788617886179,0.4042182130540323,0,dev
2023112300,3887,12,0.13,0.20267150235137738,0,dev
2023112300,3940,12,0.9395248380129589,0.9424328524640215,1,dev
2023112300,3970,12,0.9222585924713584,0.9284683244790733,1,dev
2023112300,4010,12,0.9092841956059532,0.9179137720894102,0,dev
2023112300,4033,12,0.7197452229299363,0.6980764109590093,1,dev
2023112300,4058,12,0.9222585924713584,0.9238526285030816,1,dev
2023112300,4083,12,0.8627204030226701,0.8636370801614043,1,dev
2023112300,4120,12,0.8627204030226701,0.8537378919401359,1,dev
2023112300,4155,12,0.9092841956059532,0.9185386976315608,1,dev
2023112300,4242,12,0.9395248380129589,0.9394393655586971,1,dev
2023112300,4272,12,0.8627204030226701,0.8636895499001438,1,dev
2023112300,4297,12,0.6571428571428571,0.5787827478131262,1,dev
2023112301,99,12,0.9092841956059532,0.9128344336353242,1,dev
2023112301,149,12,0.11059907834101383,0.14483619027370076,0,dev
2023112301,217,12,0.840531561461794,0.8499344357007027,1,dev
2023112301,305,12,0.11059907834101383,0.15272536574688678,0,dev
2023112301,328,12,0.005952380952380952,0.041000334909978224,0,dev
2023112301,439,12,0.8757396449704142,0.8792777441972304,1,dev
2023112301,468,12,0.9092841956059532,0.9043920039587742,1,dev
2023112301,493,12,0.9222585924713584,0.9212287793264917,1,dev
2023112301,518,12,0.6589147286821706,0.6688242885955054,1,dev
2023112301,543,12,0.9092841956059532,0.9111510692747369,0,dev
2023112301,566,12,0.3534675615212528,0.35272368018367495,0,dev
2023112301,644,12,0.5533707865168538,0.5403784940726803,1,dev
2023112301,713,12,0.8627204030226701,0.8620007636105884,1,dev
2023112301,738,12,0.9222585924713584,0.9314268710871093,0,dev
2023112301,818,12,0.77728285077951,0.7779944474092497,1,dev
2023112301,879,12,0.9222585924713584,0.924202585734502,1,dev
2023112301,930,12,0.004310344827586207,0.03737593176278771,0,dev
2023112301,1059,12,0.11059907834101383,0.1775492499209755,0,dev
2023112301,1082,12,0.8757396449704142,0.8815194079263018,1,dev
2023112301,1134,12,0.8681318681318682,0.8791962587154072,1,dev
2023112301,1238,12,0.325,0.2894070510405421,1,dev
2023112301,1306,12,0.7583333333333333,0.72431066283359,1,dev
2023112301,1353,12,0.8288288288288288,0.8037562659654705,1,dev
2023112301,1400,12,0.9092841956059532,0.9029854014889387,1,dev
2023112301,1484,12,0.004310344827586207,0.016024044630438525,0,dev
2023112301,1507,12,0.9092841956059532,0.911025043272694,1,dev
2023112301,1730,12,0.8288288288288288,0.8032925414397827,1,dev
2023112301,1777,12,0.35714285714285715,0.38854292391834666,0,dev
2023112301,1800,12,0.8288288288288288,0.8132328759032297,1,dev
2023112301,1825,12,0.8627204030226701,0.8719288862364686,1,dev
2023112301,1944,12,0.8348348348348347,0.8323867287616543,1,dev
2023112301,2001,12,0.07894736842105263,0.11452289202896983,1,dev
2023112301,2026,12,0.8757396449704142,0.8808855620282522,1,dev
2023112301,2109,12,0.8288288288288288,0.8033690397966267,0,dev
2023112301,2132,12,0.6589147286821706,0.6491684258364835,1,dev
2023112301,2258,12,0.8681318681318682,0.8781864004613279,1,dev
2023112301,2309,12,0.13,0.19334448521107236,0,dev
2023112301,2332,12,0.9092841956059532,0.9122560556227459,1,dev
2023112301,2455,12,0.9092841956059532,0.9169026270404693,1,dev
2023112301,2505,12,0.9395248380129589,0.9366369708904548,1,dev
2023112301,2552,12,0.3534675615212528,0.35570096241879223,0,dev
2023112301,2662,12,0.6589147286821706,0.6507313303640161,0,dev
2023112301,2711,12,0.9395248380129589,0.9392431012156548,1,dev
2023112301,2765,12,0.7197452229299363,0.6924436736648124,1,dev
2023112301,2790,12,0.9222585924713584,0.9209200286912865,1,dev
2023112301,2861,12,0.3861788617886179,0.42048775955135875,0,dev
2023112301,2944,12,0.07894736842105263,0.09931038882012642,0,dev
2023112301,2967,12,0.9092841956059532,0.9178215587455881,1,dev
2023112301,3019,12,0.3465346534653465,0.3080859721377232,0,dev
2023112301,3075,12,0.840531561461794,0.8440582455116412,1,dev
2023112301,3142,12,0.9092841956059532,0.9044633046084766,1,dev
2023112301,3171,12,0.6589147286821706,0.6509639394966211,0,dev
2023112301,3266,12,0.7583333333333333,0.7204490166938936,0,dev
2023112301,3301,12,0.77728285077951,0.752809188888503,1,dev
2023112301,3368,12,0.6571428571428571,0.635538448478976,1,dev
2023112301,3393,12,0.753968253968254,0.7151822598429032,1,dev
2023112301,3479,12,0.11059907834101383,0.13550846762583713,1,dev
2023112301,3504,12,0.7583333333333333,0.7203294943242359,1,dev
2023112301,3534,12,0.3534675615212528,0.3737974934529365,0,dev
2023112301,3557,12,0.9092841956059532,0.917489387260874,1,dev
2023112301,3582,12,0.6589147286821706,0.6826088047978075,0,dev
2023112301,3605,12,0.7197452229299363,0.6914934241586891,0,dev
2023112301,3721,12,0.9222585924713584,0.926403602822527,1,dev
2023112301,3778,12,0.9395248380129589,0.9411587235317191,1,dev
2023112301,3808,12,0.8627204030226701,0.8542057842883627,0,dev
2023112301,3831,12,0.03296703296703297,0.06596040592093892,1,dev
2023112302,64,12,0.9092841956059532,0.9090906816993791,1,dev
2023112302,89,12,0.6571428571428571,0.5908012134623204,0,dev
2023112302,112,12,0.9395248380129589,0.951994253784401,1,dev
2023112302,208,12,0.6571428571428571,0.6097786844008379,1,dev
2023112302,345,12,0.5533707865168538,0.5694036561561988,0,dev
2023112302,368,12,0.3534675615212528,0.358429655431091,0,dev
2023112302,463,12,0.840531561461794,0.8424203049308279,1,dev
2023112302,488,12,0.6589147286821706,0.6703302561347105,1,dev
2023112302,535,12,0.9222585924713584,0.9289770259842689,1,dev
2023112302,696,12,0.9395248380129589,0.9465935690264083,1,dev
2023112302,815,12,0.6571428571428571,0.5815580013955719,1,dev
2023112302,862,12,0.9395248380129589,0.9378281638208493,1,dev
2023112302,947,12,0.8245614035087719,0.7943973222857914,1,dev
2023112302,1271,12,0.8348348348348347,0.8351841193441977,1,dev
2023112302,1333,12,0.9135802469135802,0.9188132554874127,1,dev
2023112302,1403,12,0.5533707865168538,0.5447575031610961,1,dev
2023112302,1428,12,0.25874125874125875,0.2717165959277205,0,dev
2023112302,1473,12,0.840531561461794,0.8421607251046611,1,dev
2023112302,1853,12,0.9395248380129589,0.9366496303355979,1,dev
2023112302,1958,12,0.9092841956059532,0.909322244076076,1,dev
2023112302,1983,12,0.9092841956059532,0.9151370782600994,1,dev
2023112302,2013,12,0.9395248380129589,0.9432415217669999,1,dev
2023112302,2043,12,0.6589147286821706,0.6611291081854337,1,dev
2023112302,2187,12,0.8348348348348347,0.8347179757918589,1,dev
2023112302,2256,12,0.3465346534653465,0.3069902366792165,0,dev
2023112302,2279,12,0.3534675615212528,0.31700315204244606,1,dev
2023112302,2375,12,0.77728285077951,0.7739329953437138,0,dev
2023112302,2488,12,0.9395248380129589,0.943098204852901,1,dev
2023112302,2513,12,0.9395248380129589,0.9453607618357942,1,dev
2023112302,2538,12,0.3861788617886179,0.39735487348969806,0,dev
2023112302,2625,12,0.6571428571428571,0.6462146177317389,0,dev
2023112302,2648,12,0.6589147286821706,0.6592227646751534,1,dev
2023112302,2903,12,0.3534675615212528,0.3822799027628626,0,dev
2023112302,3105,12,0.77728285077951,0.7535291494842221,1,dev
2023112302,3194,12,0.8245614035087719,0.7930636790962077,1,dev
2023112302,3302,12,0.9222585924713584,0.9339195826993082,1,dev
2023112302,3396,12,0.9395248380129589,0.9512574166421911,1,dev
2023112302,3514,12,0.77728285077951,0.7916802302522834,1,dev
2023112302,3585,12,0.9222585924713584,0.9227236240611705,1,dev
2023112302,3630,12,0.77728285077951,0.7859812305746194,1,dev
2023112302,3655,12,0.6571428571428571,0.5988201661538269,1,dev
2023112302,3707,12,0.9088785046728972,0.8897575263768996,1,dev
2023112302,3754,12,0.9092841956059532,0.9081324237823822,1,dev
2023112302,3784,12,0.3861788617886179,0.4138084014993556,0,dev
2023112302,3928,12,0.9092841956059532,0.9001273678804539,1,dev
2023112400,135,12,0.8627204030226701,0.8559705007706624,0,dev
2023112400,192,12,0.5533707865168538,0.5509385725240878,1,dev
2023112400,277,12,0.77728285077951,0.7367798724862173,0,dev
2023112400,391,12,0.3861788617886179,0.39316330874481387,1,dev
2023112400,443,12,0.9088785046728972,0.890802782110485,0,dev
2023112400,582,12,0.5533707865168538,0.5324572426468634,0,dev
2023112400,657,12,0.9092841956059532,0.8980998953909418,1,dev
2023112400,730,12,0.9092841956059532,0.9102997673473701,1,dev
2023112400,799,12,0.9222585924713584,0.9251387499934925,1,dev
2023112400,829,12,0.5,0.5103612508242752,0,dev
2023112400,921,12,0.8681318681318682,0.8789558840721858,1,dev
2023112400,990,12,0.8627204030226701,0.8609888894771163,1,dev
2023112400,1085,12,0.8348348348348347,0.822797245689378,1,dev
2023112400,1121,12,0.3534675615212528,0.33296379894363537,0,dev
2023112400,1166,12,0.7197452229299363,0.6869038283178651,1,dev
2023112400,1235,12,0.7197452229299363,0.6926699773916852,1,dev
2023112400,1289,12,0.9092841956059532,0.9142225516237331,1,dev
2023112400,1403,12,0.9395248380129589,0.9523962296504271,1,dev
2023112400,1503,12,0.44370860927152306,0.46847431289144637,1,dev
2023112400,1660,12,0.77728285077951,0.7752464954008915,1,dev
2023112400,1714,12,0.8681318681318682,0.8750163747782117,1,dev
2023112400,1917,12,0.9092841956059532,0.901601756104799,1,dev
2023112400,1977,12,0.8757396449704142,0.8805945159438819,1,dev
2023112400,2145,12,0.95,0.9542686580063873,1,dev
2023112400,2170,12,0.3534675615212528,0.3562367520485978,1,dev
2023112400,2370,12,0.9135802469135802,0.9205166575301669,1,dev
2023112400,2489,12,0.840531561461794,0.8490877164067538,1,dev
2023112400,2817,12,0.753968253968254,0.7022633810805671,1,dev
2023112400,2950,12,0.9092841956059532,0.9046489082028436,1,dev
2023112400,2975,12,0.9092841956059532,0.9091895833685681,1,dev
2023112400,3078,12,0.77728285077951,0.7610139626147092,1,dev
2023112400,3103,12,0.77728285077951,0.7678664026358011,0,dev
2023112400,3171,12,0.8851674641148325,0.8853224199759815,1,dev
2023112400,3196,12,0.8851674641148325,0.883167728939051,1,dev
2023112400,3221,12,0.8627204030226701,0.870676223804513,0,dev
2023112400,3278,12,0.6571428571428571,0.6329668286608834,0,dev
2023112400,3406,12,0.8627204030226701,0.8683263946135635,1,dev
2023112400,3567,12,0.03296703296703297,0.07694834859416322,0,dev
2023112400,3597,12,0.9222585924713584,0.927677215917591,1,dev
2023112400,3622,12,0.8627204030226701,0.8691601783947107,1,dev
2023112400,3713,12,0.8348348348348347,0.8140230642213265,1,dev
2023112400,3738,12,0.77728285077951,0.7919153721306028,1,dev
2023112400,3976,12,0.9395248380129589,0.9467394532222967,1,dev
2023112400,4001,12,0.9092841956059532,0.9007980940202287,1,dev
2023112400,4031,12,0.77728285077951,0.7746838328364449,0,dev
2023112400,4054,12,0.77728285077951,0.7464190815471781,1,dev
2023112400,4079,12,0.9092841956059532,0.9089604134699528,1,dev
2023112400,4104,12,0.9395248380129589,0.9479171385905274,1,dev
2023112400,4136,12,0.03296703296703297,0.08326229573766153,0,dev
2023112400,4179,12,0.9092841956059532,0.916795274109492,1,dev
2023112600,101,12,0.9092841956059532,0.9133529463266056,1,dev
2023112600,152,12,0.9222585924713584,0.9251474624151421,0,dev
2023112600,206,12,0.8348348348348347,0.8208480839852954,0,dev
2023112600,279,12,0.6571428571428571,0.6178518857396269,1,dev
2023112600,360,12,0.9222585924713584,0.921183962609237,1,dev
2023112600,407,12,0.9092841956059532,0.9159650044330275,1,dev
2023112600,476,12,0.8288288288288288,0.7989680544248317,0,dev
2023112600,499,12,0.005952380952380952,0.05491598437665989,0,dev
2023112600,614,12,0.3534675615212528,0.3222435029712831,1,dev
2023112600,728,12,0.6571428571428571,0.5977036387184521,1,dev
2023112600,795,12,0.6589147286821706,0.6689624650787502,0,dev
2023112600,818,12,0.753968253968254,0.7093179135747366,1,dev
2023112600,843,12,0.9395248380129589,0.940076239886691,1,dev
2023112600,873,12,0.9092841956059532,0.9146647412491195,1,dev
2023112600,1142,12,0.840531561461794,0.8470449414737935,1,dev
2023112600,1245,12,0.77728285077951,0.7819817551681122,1,dev
2023112600,1361,12,0.44370860927152306,0.47645054254064517,1,dev
2023112600,1430,12,0.9222585924713584,0.9326973351916371,1,dev
2023112600,1526,12,0.8681318681318682,0.876956327380676,0,dev
2023112600,1588,12,0.8627204030226701,0.8584312990841946,1,dev
2023112600,1645,12,0.8348348348348347,0.830286866837964,1,dev
2023112600,1694,12,0.11059907834101383,0.14150201354260092,0,dev
2023112600,1720,12,0.9135802469135802,0.9190924485503775,1,dev
2023112600,1783,12,0.8288288288288288,0.8018239524697316,1,dev
2023112600,1813,12,0.3465346534653465,0.30642784335440953,0,dev
2023112600,1836,12,0.03296703296703297,0.07062656678682806,0,dev
2023112600,1902,12,0.9222585924713584,0.9320218116827926,1,dev
2023112600,2005,12,0.6571428571428571,0.641074371363943,1,dev
2023112600,2097,12,0.9395248380129589,0.9377255211298399,0,dev
2023112600,2323,12,0.8851674641148325,0.8871312623406403,1,dev
2023112600,2570,12,0.41818181818181815,0.4471211854034434,0,dev
2023112600,2602,12,0.77728285077951,0.7436782233248433,1,dev
2023112600,2652,12,0.9092841956059532,0.9116861711037582,1,dev
2023112600,2860,12,0.9088785046728972,0.8919947351737378,1,dev
2023112600,3005,12,0.9395248380129589,0.9493405168873583,1,dev
2023112600,3079,12,0.9395248380129589,0.9409765791013397,1,dev
2023112600,3262,12,0.9135802469135802,0.9197425762396259,1,dev
2023112600,3292,12,0.5533707865168538,0.5563416466966062,1,dev
2023112600,3361,12,0.8288288288288288,0.7998115975322211,1,dev
2023112600,3391,12,0.753968253968254,0.7102180379092096,1,dev
2023112600,3596,12,0.9222585924713584,0.9211122048332862,1,dev
2023112600,3621,12,0.753968253968254,0.7140130722220545,1,dev
2023112600,3981,12,0.004310344827586207,0.03108430365321498,0,dev
2023112600,4004,12,0.005952380952380952,0.04228483837523042,0,dev
2023112600,4027,12,0.753968253968254,0.7126998558119466,1,dev
2023112600,4052,12,0.8288288288288288,0.8034821243737443,1,dev
2023112600,4077,12,0.6589147286821706,0.6518280706730696,1,dev
2023112600,4102,12,0.6589147286821706,0.6756223446491423,1,dev
2023112600,4155,12,0.840531561461794,0.8504195549070237,0,dev
2023112601,55,12,0.8627204030226701,0.857258729934128,1,dev
2023112601,280,12,0.8348348348348347,0.8152158163614399,1,dev
2023112601,346,12,0.8288288288288288,0.8080705234117654,1,dev
2023112601,413,12,0.8851674641148325,0.8830211179599097,1,dev
2023112601,516,12,0.8627204030226701,0.8625934524670368,0,dev
2023112601,577,12,0.6571428571428571,0.6440289187140641,1,dev
2023112601,690,12,0.9222585924713584,0.9323210895877924,1,dev
2023112601,857,12,0.5533707865168538,0.547622179369127,1,dev
2023112601,904,12,0.0,0.014031815481226667,0,dev
2023112601,1005,12,0.9092841956059532,0.9072141586108954,1,dev
2023112601,1030,12,0.11059907834101383,0.13611567306471853,1,dev
2023112601,1085,12,0.9088785046728972,0.8935135358203065,1,dev
2023112601,1149,12,0.95,0.9566167925862918,1,dev
2023112601,1218,12,0.4375,0.4630238066637103,0,dev
2023112601,1288,12,0.77728285077951,0.7576782185421153,1,dev
2023112601,1364,12,0.77728285077951,0.77041150596504,1,dev
2023112601,1440,12,0.9092841956059532,0.91432453470376,1,dev
2023112601,1530,12,0.8851674641148325,0.8853429504064232,1,dev
2023112601,1566,12,0.6571428571428571,0.6145284353386876,0,dev
2023112601,1596,12,0.77728285077951,0.787437877666474,1,dev
2023112601,1631,12,0.77728285077951,0.7362861812945378,0,dev
2023112601,1679,12,0.9395248380129589,0.9405074138861425,1,dev
2023112601,1709,12,0.95,0.9545991877009112,1,dev
2023112601,1734,12,0.9395248380129589,0.9506230798123736,1,dev
2023112601,1833,12,0.8245614035087719,0.7962225990920581,0,dev
2023112601,2024,12,0.77728285077951,0.7802994109728303,1,dev
2023112601,2093,12,0.9092841956059532,0.9004661827295706,1,dev
2023112601,2118,12,0.7197452229299363,0.6854375084167523,1,dev
2023112601,2170,12,0.8348348348348347,0.837198876088373,1,dev
2023112601,2286,12,0.9092841956059532,0.9086204165973576,0,dev
2023112601,2309,12,0.8681318681318682,0.8757130626473496,1,dev
2023112601,2378,12,0.9088785046728972,0.8899324765679605,1,dev
2023112601,2403,12,0.6589147286821706,0.6535258738844837,1,dev
2023112601,2475,12,0.8288288288288288,0.7976573336182404,1,dev
2023112601,2628,12,0.9092841956059532,0.9046319374345438,1,dev
2023112601,2846,12,0.9395248380129589,0.9497731967326072,1,dev
2023112601,2883,12,0.6589147286821706,0.6711524148421202,0,dev
2023112601,2906,12,0.840531561461794,0.8457213267264824,1,dev
2023112601,2999,12,0.8627204030226701,0.8627431296483264,1,dev
2023112601,3029,12,0.9088785046728972,0.88933464784572,1,dev
2023112601,3103,12,0.77728285077951,0.7687095822436073,0,dev
2023112601,3169,12,0.5,0.5132501005581142,1,dev
2023112601,3194,12,0.8757396449704142,0.880962588221132,1,dev
2023112601,3326,12,0.9088785046728972,0.8950139951802485,1,dev
2023112601,3402,12,0.9395248380129589,0.9489440356809501,1,dev
2023112601,3510,12,0.25874125874125875,0.26584981837774574,0,dev
2023112601,3533,12,0.9395248380129589,0.9376263512284828,1,dev
2023112601,3558,12,0.5533707865168538,0.5236310859568678,0,dev
2023112602,55,12,0.840531561461794,0.8504046809839464,1,dev
2023112602,80,12,0.77728285077951,0.7624575117533469,1,dev
2023112602,226,12,0.6571428571428571,0.5979509445523191,1,dev
2023112602,295,12,0.5533707865168538,0.5620105198299282,1,dev
2023112602,342,12,0.004310344827586207,0.028671448844611806,0,dev
2023112602,365,12,0.77728285077951,0.7316015159205616,1,dev
2023112602,412,12,0.9222585924713584,0.9347215386833887,0,dev
2023112602,548,12,0.8348348348348347,0.8313404875623323,1,dev
2023112602,596,12,0.07894736842105263,0.10211297457826647,0,dev
2023112602,678,12,0.44370860927152306,0.47523128994699654,0,dev
2023112602,1011,12,0.9092841956059532,0.9076434994534793,1,dev
2023112602,1256,12,0.8348348348348347,0.8154296451535451,1,dev
2023112602,1350,12,0.8288288288288288,0.8016869888309032,1,dev
2023112602,1433,12,0.9222585924713584,0.9267796378265644,1,dev
2023112602,1502,12,0.840531561461794,0.8459479109716801,1,dev
2023112602,1571,12,0.07894736842105263,0.09664898894160336,0,dev
2023112602,1666,12,0.9395248380129589,0.9375650417597653,1,dev
2023112602,1728,12,0.6589147286821706,0.6756312159109571,1,dev
2023112602,1753,12,0.9222585924713584,0.9257827143230515,1,dev
2023112602,1805,12,0.6571428571428571,0.5925739802852312,1,dev
2023112602,1830,12,0.8627204030226701,0.8749089790472623,0,dev
2023112602,1958,12,0.9395248380129589,0.9393074754196205,1,dev
2023112602,1983,12,0.5533707865168538,0.5385422211771128,0,dev
2023112602,2037,12,0.5533707865168538,0.5589439173432407,1,dev
2023112602,2166,12,0.8348348348348347,0.8182867327855226,0,dev
2023112602,2189,12,0.77728285077951,0.7399146751050415,1,dev
2023112602,2269,12,0.9135802469135802,0.9193379058883152,1,dev
2023112602,2343,12,0.8851674641148325,0.8871720011047575,1,dev
2023112602,2375,12,0.9092841956059532,0.9030952848581679,1,dev
2023112602,2400,12,0.5533707865168538,0.5279376775110822,1,dev
2023112602,2556,12,0.9092841956059532,0.8983436740647532,1,dev
2023112602,2608,12,0.77728285077951,0.7753137596077153,1,dev
2023112602,2689,12,0.21666666666666667,0.23440079860920493,0,dev
2023112602,2768,12,0.7197452229299363,0.6998229390867181,0,dev
2023112602,2791,12,0.9092841956059532,0.9025459727969342,1,dev
2023112602,2848,12,0.9088785046728972,0.8902862549927196,1,dev
2023112602,2895,12,0.8627204030226701,0.8529903333338567,0,dev
2023112602,2987,12,0.840531561461794,0.8468084528939088,1,dev
2023112602,3071,12,0.25874125874125875,0.264580816076065,1,dev
2023112602,3116,12,0.9395248380129589,0.9395354280248146,1,dev
2023112602,3196,12,0.840531561461794,0.8487238423535688,1,dev
2023112602,3221,12,0.9222585924713584,0.9320268892274332,1,dev
2023112602,3249,12,0.9092841956059532,0.8977484795872014,1,dev
2023112602,3419,12,0.0,0.014060397443292088,0,dev
2023112602,3442,12,0.3861788617886179,0.4069394288707649,0,dev
2023112602,3516,12,0.3534675615212528,0.3494587901781235,0,dev
2023112602,3561,12,0.6571428571428571,0.6276690113505676,0,dev
2023112602,3605,12,0.3534675615212528,0.35385729637019026,0,dev
2023112602,3635,12,0.77728285077951,0.7475958363772728,1,dev
2023112602,3660,12,0.11059907834101383,0.1550820007228552,1,dev
2023112602,3685,12,0.9222585924713584,0.9321299314697736,1,dev
2023112602,3710,12,0.77728285077951,0.7399982871645908,1,dev
2023112602,3762,12,0.9092841956059532,0.9166684001954654,1,dev
2023112602,3831,12,0.3534675615212528,0.32745551004641177,0,dev
2023112602,3967,12,0.9395248380129589,0.9398874039699838,1,dev
2023112602,3992,12,0.840531561461794,0.8501708573077789,1,dev
2023112602,4037,12,0.7727272727272727,0.7275720495030281,1,dev
2023112602,4069,12,0.9092841956059532,0.8998518755077554,1,dev
2023112602,4114,12,0.9092841956059532,0.9028536639436698,1,dev
2023112602,4146,12,0.3861788617886179,0.41829854994169957,0,dev
2023112603,80,12,0.9222585924713584,0.9222663457983115,1,dev
2023112603,105,12,0.9395248380129589,0.9512796246821466,1,dev
2023112603,174,12,0.11059907834101383,0.14567558762090002,0,dev
2023112603,219,12,0.840531561461794,0.8511827272473299,1,dev
2023112603,299,12,0.3534675615212528,0.3331962298529848,1,dev
2023112603,444,12,0.35714285714285715,0.3881867871125101,0,dev
2023112603,523,12,0.9222585924713584,0.9324513533266808,1,dev
2023112603,548,12,0.8851674641148325,0.884509727313663,1,dev
2023112603,607,12,0.3534675615212528,0.36970418887089584,1,dev
2023112603,632,12,0.8681318681318682,0.8767166239789914,1,dev
2023112603,657,12,0.5533707865168538,0.531365093027849,1,dev
2023112603,704,12,0.004310344827586207,0.03547364673652371,0,dev
2023112603,727,12,0.3534675615212528,0.37279910354109835,0,dev
2023112603,813,12,0.9222585924713584,0.9226260088146411,1,dev
2023112603,937,12,0.840531561461794,0.8422025579634149,1,dev
2023112603,1209,12,0.9092841956059532,0.9019050045167871,1,dev
2023112603,1234,12,0.9088785046728972,0.8922277939837507,1,dev
2023112603,1304,12,0.77728285077951,0.7853796938699079,1,dev
2023112603,1329,12,0.9222585924713584,0.9280070413824818,1,dev
2023112603,1354,12,0.6589147286821706,0.6564050681188273,0,dev
2023112603,1521,12,0.9088785046728972,0.8929538022422421,1,dev
2023112603,1566,12,0.3861788617886179,0.4141348361958624,0,dev
2023112603,1667,12,0.5533707865168538,0.5211739779692611,1,dev
2023112603,1692,12,0.9395248380129589,0.9474425693930942,1,dev
2023112603,1767,12,0.753968253968254,0.7084987929288272,0,dev
2023112603,1809,12,0.13,0.19448245369270178,0,dev
2023112603,1832,12,0.13,0.1990547654937883,0,dev
2023112603,2058,12,0.3534675615212528,0.34715518803595075,0,dev
2023112603,2143,12,0.9395248380129589,0.9440489251369555,1,dev
2023112603,2168,12,0.77728285077951,0.772477294801637,0,dev
2023112603,2214,12,0.9092841956059532,0.9018105734823875,1,dev
2023112603,2239,12,0.7197452229299363,0.6982508170581315,1,dev
2023112603,2357,12,0.9395248380129589,0.9398000084896392,1,dev
2023112603,2382,12,0.6589147286821706,0.6585557606859606,1,dev
2023112603,2421,12,0.9088785046728972,0.8962845854653438,1,dev
2023112603,2469,12,0.77728285077951,0.7409593388514213,1,dev
2023112603,2538,12,0.004310344827586207,0.026965532236453784,0,dev
2023112603,2561,12,0.77728285077951,0.7352813210162888,0,dev
2023112603,2628,12,0.8627204030226701,0.8656589729287137,1,dev
2023112603,2717,12,0.753968253968254,0.7037123565625081,0,dev
2023112603,2740,12,0.9092841956059532,0.9046953942071325,1,dev
2023112603,2930,12,0.8627204030226701,0.8631141911628574,1,dev
2023112603,2960,12,0.77728285077951,0.7544344804537058,0,dev
2023112603,2983,12,0.21666666666666667,0.24851210433488805,0,dev
2023112603,3164,12,0.5533707865168538,0.5410085653988508,0,dev
2023112603,3199,12,0.3534675615212528,0.36553490462128274,0,dev
2023112603,3222,12,0.8348348348348347,0.820635944191699,1,dev
2023112603,3338,12,0.9222585924713584,0.9249580814430524,1,dev
2023112603,3363,12,0.840531561461794,0.8420235869409654,1,dev
2023112603,3426,12,0.9092841956059532,0.9162613975238055,1,dev
2023112603,3456,12,0.5533707865168538,0.5701601699384875,1,dev
2023112603,3503,12,0.9092841956059532,0.904255093460327,1,dev
2023112603,3668,12,0.9395248380129589,0.944044552026358,1,dev
2023112603,3725,12,0.9222585924713584,0.9285257778932156,1,dev
2023112603,3750,12,0.6571428571428571,0.590285859243997,1,dev
2023112603,4004,12,0.9092841956059532,0.9034634064623484,1,dev
2023112604,111,12,0.8288288288288288,0.8087037389218442,1,dev
2023112604,270,12,0.5533707865168538,0.5633665822837646,0,dev
2023112604,319,12,0.9092841956059532,0.9084408759359016,1,dev
2023112604,392,12,0.9092841956059532,0.9036656394742644,0,dev
2023112604,489,12,0.5,0.5069411627194317,0,dev
2023112604,534,12,0.9088785046728972,0.8954603441624925,1,dev
2023112604,559,12,0.9092841956059532,0.9034545846718743,1,dev
2023112604,611,12,0.07894736842105263,0.08716512993683288,0,dev
2023112604,656,12,0.8288288288288288,0.8097709121890445,0,dev
2023112604,756,12,0.9395248380129589,0.9416932347000987,1,dev
2023112604,786,12,0.8348348348348347,0.8267970654299205,1,dev
2023112604,874,12,0.9222585924713584,0.9290522550694876,1,dev
2023112604,1024,12,0.8627204030226701,0.859817212141331,0,dev
2023112604,1069,12,0.25874125874125875,0.28372008261850157,0,dev
2023112604,1250,12,0.3534675615212528,0.34322353696010316,0,dev
2023112604,1355,12,0.9743589743589743,0.9629420054580017,1,dev
2023112604,1563,12,0.6571428571428571,0.6238048857805445,1,dev
2023112604,1588,12,0.9092841956059532,0.91031140736998,1,dev
2023112604,1618,12,0.7197452229299363,0.6998245766386355,0,dev
2023112604,1713,12,0.9395248380129589,0.943561309911093,1,dev
2023112604,1765,12,0.9222585924713584,0.9301658707209901,1,dev
2023112604,1790,12,0.77728285077951,0.7870098477299816,1,dev
2023112604,1866,12,0.6589147286821706,0.6702749520677473,0,dev
2023112604,1990,12,0.9395248380129589,0.9485349673652013,1,dev
2023112604,2065,12,0.9743589743589743,0.9593388118275152,1,dev
2023112604,2359,12,0.77728285077951,0.7555556517208644,1,dev
2023112604,2581,12,0.3861788617886179,0.4144494330293904,1,dev
2023112604,2658,12,0.9222585924713584,0.935383002292047,1,dev
2023112604,2799,12,0.9395248380129589,0.9375797207855463,1,dev
2023112604,2983,12,0.005952380952380952,0.06115475041841225,0,dev
2023112604,3023,12,0.9092841956059532,0.9185313350403855,1,dev
2023112604,3213,12,0.8348348348348347,0.8355796797803181,1,dev
2023112604,3315,12,0.6589147286821706,0.6794112362183224,1,dev
2023112604,3574,12,0.77728285077951,0.7373459405471294,1,dev
2023112604,3692,12,0.13,0.18679448714677344,0,dev
2023112604,3715,12,0.840531561461794,0.8506594541440606,1,dev
2023112604,3752,12,0.9743589743589743,0.9584336752281728,1,dev
2023112604,3826,12,0.3534675615212528,0.36178829568528814,0,dev
2023112605,62,12,0.8333333333333334,0.8135543606044443,1,dev
2023112605,87,12,0.6571428571428571,0.5967447323877114,0,dev
2023112605,173,12,0.753968253968254,0.7094447020888863,1,dev
2023112605,342,12,0.7727272727272727,0.726654667026049,1,dev
2023112605,438,12,0.6571428571428571,0.5907934242463365,1,dev
2023112605,485,12,0.9222585924713584,0.9260958925545402,1,dev
2023112605,532,12,0.9092841956059532,0.9123466705765877,1,dev
2023112605,562,12,0.77728285077951,0.7796228204087454,1,dev
2023112605,587,12,0.8348348348348347,0.834093716201813,1,dev
2023112605,634,12,0.8757396449704142,0.8810457356318876,1,dev
2023112605,878,12,0.21666666666666667,0.2401505185896893,0,dev
2023112605,1040,12,0.5533707865168538,0.5233308072911813,1,dev
2023112605,1150,12,0.77728285077951,0.7457865470277161,1,dev
2023112605,1303,12,0.9395248380129589,0.9455100407933673,1,dev
2023112605,1455,12,0.9092841956059532,0.9097746887973703,0,dev
2023112605,1501,12,0.5,0.48886752359428925,1,dev
2023112605,1666,12,0.840531561461794,0.849182406192456,1,dev
2023112605,1691,12,0.9092841956059532,0.8988350488035186,1,dev
2023112605,1823,12,0.325,0.2915895365653238,0,dev
2023112605,1897,12,0.8348348348348347,0.8396485340166585,1,dev
2023112605,1952,12,0.44370860927152306,0.4835049326560719,0,dev
2023112605,1995,12,0.95,0.9554905330151439,0,dev
2023112605,2018,12,0.9395248380129589,0.951033183794278,1,dev
2023112605,2059,12,0.6571428571428571,0.6419482397919938,1,dev
2023112605,2258,12,0.8348348348348347,0.8293172641840046,1,dev
2023112605,2400,12,0.8681318681318682,0.8763910471695028,1,dev
2023112605,2591,12,0.9395248380129589,0.9477896436296748,1,dev
2023112605,2665,12,0.07894736842105263,0.10881729217571176,0,dev
2023112605,2719,12,0.9092841956059532,0.9039310103577602,1,dev
2023112605,2796,12,0.9395248380129589,0.9424693649786211,1,dev
2023112605,2828,12,0.9395248380129589,0.9536284574568745,1,dev
2023112605,2967,12,0.9222585924713584,0.9280943885585219,1,dev
2023112605,3029,12,0.7727272727272727,0.7292198115434899,0,dev
2023112605,3074,12,0.3534675615212528,0.3704504352421213,0,dev
2023112605,3296,12,0.753968253968254,0.7087949913235991,0,dev
2023112605,3355,12,0.9092841956059532,0.9005255810581083,1,dev
2023112605,3432,12,0.03296703296703297,0.06766708456317673,0,dev
2023112605,3531,12,0.9092841956059532,0.9053725902952101,1,dev
2023112605,3594,12,0.6571428571428571,0.6107229367807306,1,dev
2023112605,3760,12,0.9092841956059532,0.9122661586136954,1,dev
2023112605,3979,12,0.9092841956059532,0.9164301761128876,1,dev
2023112605,4029,12,0.8627204030226701,0.8655075177464803,1,dev
2023112606,55,12,0.8348348348348347,0.8331833329911789,0,dev
2023112606,100,12,0.6571428571428571,0.6278099219692276,1,dev
2023112606,147,12,0.004310344827586207,0.015544186906540029,0,dev
2023112606,217,12,0.8757396449704142,0.8814110977048959,1,dev
2023112606,247,12,0.9092841956059532,0.9069381174774394,1,dev
2023112606,333,12,0.9092841956059532,0.8977545382364737,1,dev
2023112606,380,12,0.9135802469135802,0.9206337464699569,1,dev
2023112606,405,12,0.9092841956059532,0.9098146140943022,1,dev
2023112606,435,12,0.8851674641148325,0.8839880137662314,1,dev
2023112606,460,12,0.9092841956059532,0.9011404528073985,1,dev
2023112606,485,12,0.004310344827586207,0.01672329330328515,0,dev
2023112606,573,12,0.15942028985507245,0.212201470868523,0,dev
2023112606,715,12,0.9088785046728972,0.8917742737509057,1,dev
2023112606,767,12,0.8681318681318682,0.8789067212276535,1,dev
2023112606,797,12,0.9092841956059532,0.9142909316213704,1,dev
2023112606,822,12,0.8348348348348347,0.8139348433888212,1,dev
2023112606,942,12,0.07894736842105263,0.11311677863199465,0,dev
2023112606,965,12,0.0,0.013376037222071835,0,dev
2023112606,988,12,0.8288288288288288,0.801906751895147,1,dev
2023112606,1097,12,0.8681318681318682,0.8792530010880263,1,dev
2023112606,1127,12,0.8348348348348347,0.815594653164626,1,dev
2023112606,1174,12,0.9222585924713584,0.9351798421030182,1,dev
2023112606,1226,12,0.8627204030226701,0.8698758065220156,1,dev
2023112606,1290,12,0.7583333333333333,0.7238566756939022,0,dev
2023112606,1658,12,0.9092841956059532,0.9150049577142713,1,dev
2023112606,1705,12,0.3534675615212528,0.3666320265724789,0,dev
2023112606,1735,12,0.9222585924713584,0.9353028906248443,1,dev
2023112606,1765,12,0.9395248380129589,0.9417161790131323,1,dev
2023112606,1795,12,0.7197452229299363,0.6888373141967679,1,dev
2023112606,1891,12,0.9092841956059532,0.9036877079642088,1,dev
2023112606,1916,12,0.9092841956059532,0.9023619854642717,0,dev
2023112606,1946,12,0.25874125874125875,0.26619386026196223,0,dev
2023112606,2016,12,0.8681318681318682,0.8765452773341802,1,dev
2023112606,2073,12,0.9222585924713584,0.9353360243266711,0,dev
2023112606,2349,12,0.45,0.4887763525197881,0,dev
2023112606,2475,12,0.7727272727272727,0.7277360467531135,0,dev
2023112606,2510,12,0.9395248380129589,0.9529359337223956,1,dev
2023112606,2559,12,0.9088785046728972,0.8879443569882789,1,dev
2023112606,2733,12,0.07894736842105263,0.09267762217431728,0,dev
2023112606,2799,12,0.9222585924713584,0.9342800119163673,1,dev
2023112606,2829,12,0.9222585924713584,0.9246646283307136,1,dev
2023112606,2854,12,0.11059907834101383,0.14556786206077488,0,dev
2023112606,2938,12,0.6589147286821706,0.6479073771808695,0,dev
2023112606,2982,12,0.004310344827586207,0.017468399301994217,0,dev
2023112606,3012,12,0.8348348348348347,0.8207361467641523,1,dev
2023112606,3086,12,0.8333333333333334,0.813427337304299,1,dev
2023112606,3155,12,0.9092841956059532,0.9102122418493169,1,dev
2023112606,3315,12,0.77728285077951,0.7437981756518034,1,dev
2023112606,3379,12,0.9088785046728972,0.8916515440547808,1,dev
2023112606,3404,12,0.25874125874125875,0.2678445317004886,0,dev
2023112606,3529,12,0.9092841956059532,0.8981901756046156,1,dev
2023112606,3644,12,0.3861788617886179,0.41218580870584565,0,dev
2023112606,3775,12,0.8627204030226701,0.8636315678430206,1,dev
2023112606,3835,12,0.9395248380129589,0.9522897085267688,1,dev
2023112606,3860,12,0.41818181818181815,0.4376758470035624,1,dev
2023112606,3912,12,0.3534675615212528,0.37561662934755946,1,dev
2023112606,4085,12,0.8757396449704142,0.880729157494812,1,dev
2023112606,4155,12,0.8627204030226701,0.8635053331277909,1,dev
2023112606,4230,12,0.77728285077951,0.78210760078258,1,dev
2023112606,4255,12,0.9222585924713584,0.9252722630840695,1,dev
2023112606,4280,12,0.6571428571428571,0.5830474464746604,1,dev
2023112606,4330,12,0.9088785046728972,0.8920333143850242,1,dev
2023112606,4355,12,0.005952380952380952,0.05634702711105376,0,dev
2023112606,4390,12,0.9222585924713584,0.9265901340275329,1,dev
2023112607,82,12,0.753968253968254,0.7053702306082695,1,dev
2023112607,107,12,0.6589147286821706,0.6551661202631105,0,dev
2023112607,328,12,0.6589147286821706,0.6781116679202059,0,dev
2023112607,378,12,0.8288288288288288,0.8131172222930094,1,dev
2023112607,496,12,0.840531561461794,0.8478201186422408,1,dev
2023112607,526,12,0.77728285077951,0.7730585339519855,1,dev
2023112607,556,12,0.77728285077951,0.7366513475676795,1,dev
2023112607,634,12,0.6589147286821706,0.654317057232929,1,dev
2023112607,686,12,0.9222585924713584,0.9358148735537315,0,dev
2023112607,866,12,0.03296703296703297,0.08313285760739182,0,dev
2023112607,936,12,0.8348348348348347,0.8328534946909968,0,dev
2023112607,1084,12,0.9395248380129589,0.9411044878966112,0,dev
2023112607,1129,12,0.9092841956059532,0.8984151402771018,1,dev
2023112607,1344,12,0.8348348348348347,0.8377154496755324,0,dev
2023112607,1506,12,0.25874125874125875,0.2664156911659262,0,dev
2023112607,1529,12,0.8851674641148325,0.8857459984995132,1,dev
2023112607,1618,12,0.03296703296703297,0.07088272590263488,0,dev
2023112607,1641,12,0.8288288288288288,0.7978034686629416,0,dev
2023112607,1707,12,0.9092841956059532,0.9047395426096719,1,dev
2023112607,1840,12,0.4155844155844156,0.43386844016263604,0,dev
2023112607,1891,12,0.9395248380129589,0.9370748938710513,1,dev
2023112607,1947,12,0.9092841956059532,0.8987463565425958,1,dev
2023112607,1984,12,0.15942028985507245,0.21545711169965512,0,dev
2023112607,2101,12,0.8627204030226701,0.8741528441201271,1,dev
2023112607,2131,12,0.8348348348348347,0.8179416130687692,1,dev
2023112607,2328,12,0.9222585924713584,0.9218079743762528,1,dev
2023112607,2440,12,0.8851674641148325,0.8849863311084991,0,dev
2023112607,2492,12,0.41818181818181815,0.4559893904305023,1,dev
2023112607,2544,12,0.77728285077951,0.7427563376346746,1,dev
2023112607,2596,12,0.6571428571428571,0.6046423128299815,1,dev
2023112607,2727,12,0.7197452229299363,0.6899511264005602,0,dev
2023112607,2781,12,0.9222585924713584,0.9254524939776984,1,dev
2023112607,2878,12,0.8627204030226701,0.8712686249204377,1,dev
2023112607,2903,12,0.9092841956059532,0.9058375709960951,1,dev
2023112607,2994,12,0.6571428571428571,0.6420268549193644,0,dev
2023112607,3104,12,0.8348348348348347,0.8305633622750788,0,dev
2023112607,3127,12,0.77728285077951,0.7534221031383146,1,dev
2023112607,3346,12,0.44370860927152306,0.476180327697929,0,dev
2023112607,3689,12,0.9222585924713584,0.9239843745589809,1,dev
2023112607,3762,12,0.9088785046728972,0.8953359031711874,1,dev
2023112607,3810,12,0.77728285077951,0.7676492257836519,1,dev
2023112607,3840,12,0.0,0.010103725451900095,0,dev
2023112607,3888,12,0.25874125874125875,0.26592065259647674,0,dev
2023112607,4013,12,0.9088785046728972,0.8913380536912566,1,dev
2023112607,4060,12,0.77728285077951,0.7589635083280437,1,dev
2023112607,4169,12,0.9092841956059532,0.9052689539538333,1,dev
2023112607,4204,12,0.9395248380129589,0.9474665382523018,1,dev
2023112607,4234,12,0.3534675615212528,0.31877134792472744,0,dev
2023112607,4287,12,0.9092841956059532,0.8993236936726088,1,dev
2023112607,4312,12,0.7197452229299363,0.684641043550909,0,dev
2023112607,4447,12,0.11059907834101383,0.17224884592794837,0,dev
2023112607,4470,12,0.3534675615212528,0.3247323947061669,0,dev
2023112608,99,12,0.8288288288288288,0.7981751543263541,1,dev
2023112608,173,12,0.9222585924713584,0.9241364245678504,1,dev
2023112608,245,12,0.9092841956059532,0.9066538807623509,1,dev
2023112608,332,12,0.3465346534653465,0.3028258902026059,0,dev
2023112608,463,12,0.25874125874125875,0.28000788177802416,1,dev
2023112608,510,12,0.9395248380129589,0.9374285493371692,1,dev
2023112608,612,12,0.8851674641148325,0.8848197134820388,1,dev
2023112608,637,12,0.9092841956059532,0.9142142257150275,1,dev
2023112608,731,12,0.8757396449704142,0.8795693441448531,1,dev
2023112608,777,12,0.9092841956059532,0.9084531501768567,1,dev
2023112608,876,12,0.0,0.013792751379013802,0,dev
2023112608,925,12,0.6571428571428571,0.6138676355171093,1,dev
2023112608,1054,12,0.8627204030226701,0.8573091693531034,1,dev
2023112608,1123,12,0.9222585924713584,0.9224440306282448,1,dev
2023112608,1218,12,0.9092841956059532,0.9149014483101329,1,dev
2023112608,1404,12,0.004310344827586207,0.02554478815516032,0,dev
2023112608,1500,12,0.9395248380129589,0.9500987446028631,1,dev
2023112608,1616,12,0.8851674641148325,0.8841675002784136,1,dev
2023112608,1774,12,0.9222585924713584,0.9268089296860448,0,dev
2023112608,1877,12,0.9092841956059532,0.9025457207528234,1,dev
2023112608,1902,12,0.9092841956059532,0.9173893168734378,1,dev
2023112608,1996,12,0.9092841956059532,0.9185726633365748,1,dev
2023112608,2021,12,0.9395248380129589,0.9375450268491871,1,dev
2023112608,2172,12,0.5533707865168538,0.5365662740791314,0,dev
2023112608,2243,12,0.8348348348348347,0.8371489707438575,0,dev
2023112608,2306,12,0.9222585924713584,0.9274762213196275,1,dev
2023112608,2382,12,0.5533707865168538,0.5264852239150134,1,dev
2023112608,2407,12,0.9222585924713584,0.933133831345465,1,dev
2023112608,2459,12,0.4155844155844156,0.42960302939243217,0,dev
2023112608,2525,12,0.8288288288288288,0.8051874353316638,1,dev
2023112608,2650,12,0.9088785046728972,0.8967441608699922,1,dev
2023112608,2675,12,0.9135802469135802,0.9193784166092278,1,dev
2023112608,2700,12,0.9088785046728972,0.8902627777617353,1,dev
2023112608,2781,12,0.9395248380129589,0.942670213590394,1,dev
2023112608,2853,12,0.8627204030226701,0.8661231223268061,1,dev
2023112608,2956,12,0.44370860927152306,0.4666282756225602,1,dev
2023112608,3033,12,0.6571428571428571,0.6152887614714417,1,dev
2023112608,3101,12,0.9222585924713584,0.9228742366427947,0,dev
2023112608,3124,12,0.8348348348348347,0.8333522753470558,0,dev
2023112608,3147,12,0.9092841956059532,0.8973779595551042,1,dev
2023112608,3421,12,0.77728285077951,0.7335840913848791,1,dev
2023112608,3446,12,0.9395248380129589,0.9507596448164853,1,dev
2023112608,3476,12,0.5533707865168538,0.550643372954251,0,dev
2023112609,301,12,0.9092841956059532,0.9165590244406328,0,dev
2023112609,324,12,0.9092841956059532,0.8980198763565581,1,dev
2023112609,420,12,0.8851674641148325,0.8838340376424673,1,dev
2023112609,504,12,0.3861788617886179,0.4132844564998444,0,dev
2023112609,580,12,0.004310344827586207,0.03434105679758847,0,dev
2023112609,687,12,0.9395248380129589,0.9410814844525582,1,dev
2023112609,1007,12,0.9092841956059532,0.9136796424907481,1,dev
2023112609,1032,12,0.45,0.48669220844354405,1,dev
2023112609,1082,12,0.77728285077951,0.7720222941527831,1,dev
2023112609,1107,12,0.6571428571428571,0.5887860673570564,1,dev
2023112609,1155,12,0.9088785046728972,0.8892483160117034,0,dev
2023112609,1256,12,0.3534675615212528,0.3280947813769367,0,dev
2023112609,1279,12,0.8851674641148325,0.8842355756362646,1,dev
2023112609,1348,12,0.9092841956059532,0.9154541766231917,0,dev
2023112609,1436,12,0.9222585924713584,0.9239666188995133,1,dev
2023112609,1461,12,0.9092841956059532,0.9043862191164181,1,dev
2023112609,1486,12,0.753968253968254,0.7048194217973862,1,dev
2023112609,1599,12,0.9222585924713584,0.927200578447052,0,dev
2023112609,1742,12,0.8681318681318682,0.8788910207829803,1,dev
2023112609,1774,12,0.9092841956059532,0.914349534213061,1,dev
2023112609,1829,12,0.9092841956059532,0.9138907143778735,0,dev
2023112609,1852,12,0.21666666666666667,0.24268715390589746,0,dev
2023112609,1946,12,0.9395248380129589,0.9390247026717518,1,dev
2023112609,2002,12,0.8288288288288288,0.8121918770122235,0,dev
2023112609,2030,12,0.9222585924713584,0.9312187354001791,1,dev
2023112609,2060,12,0.8757396449704142,0.8795713876819786,1,dev
2023112609,2097,12,0.7583333333333333,0.721524460911672,1,dev
2023112609,2127,12,0.8627204030226701,0.8635767639487084,1,dev
2023112609,2239,12,0.13,0.19756927963467077,0,dev
2023112609,2283,12,0.8348348348348347,0.8241675422242787,1,dev
2023112609,2377,12,0.9092841956059532,0.9046876757708741,0,dev
2023112609,2465,12,0.8348348348348347,0.8377766345130194,1,dev
2023112609,2513,12,0.77728285077951,0.7765071027926752,1,dev
2023112609,2649,12,0.8348348348348347,0.8281285333031817,0,dev
2023112609,2743,12,0.8681318681318682,0.8782434665230546,1,dev
2023112609,2790,12,0.41818181818181815,0.44093384596246954,1,dev
2023112609,2815,12,0.9088785046728972,0.8954200025197278,1,dev
2023112609,2845,12,0.325,0.2914188982807682,0,dev
2023112609,2891,12,0.13,0.20776723685142262,0,dev
2023112609,3008,12,0.9092841956059532,0.90231577222566,1,dev
2023112609,3060,12,0.8851674641148325,0.8835763980992625,1,dev
2023112609,3197,12,0.9092841956059532,0.8979852004902461,1,dev
2023112609,3406,12,0.8348348348348347,0.8334116302256581,1,dev
2023112609,3545,12,0.9092841956059532,0.8991330938667419,1,dev
2023112609,3798,12,0.9222585924713584,0.929650043686678,1,dev
2023112609,3845,12,0.005952380952380952,0.0453925015353781,0,dev
2023112609,3968,12,0.005952380952380952,0.061305972233070896,0,dev
2023112609,4142,12,0.8681318681318682,0.8792005337531333,1,dev
2023112609,4247,12,0.6589147286821706,0.667103862123107,1,dev
2023112609,4311,12,0.5,0.5111160200859955,1,dev
2023112609,4336,12,0.9092841956059532,0.9006816325159278,1,dev
2023112609,4366,12,0.8627204030226701,0.8649283102249817,1,dev
2023112609,4391,12,0.9222585924713584,0.9255491848734265,1,dev
2023112609,4421,12,0.9222585924713584,0.9284943711813476,1,dev
2023112609,4586,12,0.8348348348348347,0.8253598185891138,0,dev
2023112609,4804,12,0.6589147286821706,0.6690718156721,0,dev
2023112609,4827,12,0.8627204030226701,0.8697690376768262,1,dev
2023112609,4880,12,0.8627204030226701,0.8659064385707441,0,dev
2023112609,5048,12,0.11059907834101383,0.16502431637071682,0,dev
2023112609,5135,12,0.9092841956059532,0.9161682547477066,1,dev
2023112609,5160,12,0.3861788617886179,0.4196423967360012,0,dev
2023112609,5183,12,0.6571428571428571,0.6409815239693946,1,dev
2023112609,5235,12,0.5,0.4987374185818712,0,dev
2023112609,5258,12,0.9088785046728972,0.8902096231666115,1,dev
2023112610,99,12,0.9092841956059532,0.8983365283481699,1,dev
2023112610,124,12,0.9092841956059532,0.9013949952228157,1,dev
2023112610,203,12,0.9222585924713584,0.9241670563295084,1,dev
2023112610,439,12,0.9092841956059532,0.8992230339380919,1,dev
2023112610,486,12,0.9092841956059532,0.9158779821291642,1,dev
2023112610,631,12,0.9092841956059532,0.9178412804352455,1,dev
2023112610,710,12,0.11059907834101383,0.18340004013053493,0,dev
2023112610,843,12,0.9092841956059532,0.8979778736699027,1,dev
2023112610,888,12,0.9395248380129589,0.9392747871751205,1,dev
2023112610,918,12,0.4155844155844156,0.43300057556812416,1,dev
2023112610,965,12,0.77728285077951,0.787691397857682,0,dev
2023112610,988,12,0.5533707865168538,0.5670153315835166,1,dev
2023112610,1086,12,0.8348348348348347,0.8279018509572328,1,dev
2023112610,1204,12,0.3534675615212528,0.3819857489893534,0,dev
2023112610,1343,12,0.9222585924713584,0.9271131555818685,1,dev
2023112610,1390,12,0.9222585924713584,0.9219372528814503,1,dev
2023112610,1415,12,0.9395248380129589,0.9439183382774712,1,dev
2023112610,1587,12,0.8851674641148325,0.882894662690645,1,dev
2023112610,1805,12,0.9222585924713584,0.9313047744448003,1,dev
2023112610,1830,12,0.5533707865168538,0.5649544145836561,1,dev
2023112610,1855,12,0.9092841956059532,0.907312114848859,1,dev
2023112610,1896,12,0.6571428571428571,0.6172307805547527,0,dev
2023112610,1919,12,0.9395248380129589,0.9359904778361048,1,dev
2023112610,1979,12,0.03296703296703297,0.08137821979296253,0,dev
2023112610,2105,12,0.9222585924713584,0.9275540298494543,1,dev
2023112610,2218,12,0.005952380952380952,0.05499332425626717,0,dev
2023112610,2241,12,0.45,0.4862681511453324,0,dev
2023112610,2329,12,0.753968253968254,0.7127383295646329,1,dev
2023112610,2354,12,0.11059907834101383,0.15990007918242932,0,dev
2023112610,2482,12,0.8627204030226701,0.8557560728399761,1,dev
2023112610,2568,12,0.9222585924713584,0.9321187149924751,0,dev
2023112610,2616,12,0.840531561461794,0.8474703097506762,0,dev
2023112610,2659,12,0.9092841956059532,0.9080729355325617,1,dev
2023112610,2691,12,0.95,0.9540301952165529,1,dev
2023112610,2741,12,0.7197452229299363,0.6976861801909181,1,dev
2023112610,2791,12,0.13,0.196981182557239,0,dev
2023112610,2865,12,0.5533707865168538,0.5775141012268209,0,dev
2023112610,2922,12,0.9092841956059532,0.9106836682267013,1,dev
2023112610,3009,12,0.9395248380129589,0.9437032699195572,0,dev
2023112610,3032,12,0.8627204030226701,0.8554668787128896,1,dev
2023112610,3157,12,0.9092841956059532,0.8994524243626848,1,dev
2023112610,3187,12,0.9222585924713584,0.9278342279168551,1,dev
2023112610,3237,12,0.8627204030226701,0.8644364467521826,1,dev
2023112610,3349,12,0.3534675615212528,0.3735890608829901,0,dev
2023112610,3398,12,0.9088785046728972,0.8888432051341165,1,dev
2023112610,3487,12,0.9092841956059532,0.9102046434914886,1,dev
2023112610,3534,12,0.13,0.18603546569627444,0,dev
2023112610,3557,12,0.77728285077951,0.7897723297394015,1,dev
2023112610,3621,12,0.9222585924713584,0.9256620933125225,1,dev
2023112610,3724,12,0.9092841956059532,0.915521862266987,1,dev
2023112610,3749,12,0.9092841956059532,0.9149925131947484,1,dev
2023112610,3893,12,0.8627204030226701,0.8528566628145069,1,dev
2023112610,3946,12,0.9222585924713584,0.9281684793924531,1,dev
2023112610,3971,12,0.3861788617886179,0.39519850532782896,0,dev
2023112610,4148,12,0.9092841956059532,0.9182269525720963,1,dev
2023112610,4178,12,0.77728285077951,0.7705238120661446,0,dev
2023112610,4221,12,0.005952380952380952,0.04778348375505671,0,dev
2023112610,4244,12,0.8627204030226701,0.8664389511292502,0,dev
2023112700,110,12,0.9395248380129589,0.942465670268888,1,dev
2023112700,179,12,0.8288288288288288,0.8068212964947353,1,dev
2023112700,204,12,0.5533707865168538,0.5542132759212451,1,dev
2023112700,397,12,0.11059907834101383,0.16785620321712322,0,dev
2023112700,529,12,0.9222585924713584,0.9216028541689704,1,dev
2023112700,608,12,0.9088785046728972,0.8955429108337594,1,dev
2023112700,658,12,0.8627204030226701,0.8576627904252038,1,dev
2023112700,986,12,0.9092841956059532,0.9011760324800607,1,dev
2023112700,1011,12,0.07894736842105263,0.085525773670226,0,dev
2023112700,1156,12,0.9222585924713584,0.9258804517866526,1,dev
2023112700,1215,12,0.9088785046728972,0.8959599402234362,1,dev
2023112700,1365,12,0.004310344827586207,0.02157375845995684,0,dev
2023112700,1419,12,0.9222585924713584,0.9296096861985843,1,dev
2023112700,1451,12,0.77728285077951,0.7337045161896715,1,dev
2023112700,1493,12,0.35714285714285715,0.38808514124414667,0,dev
2023112700,1705,12,0.5,0.5200089459204238,1,dev
2023112700,1730,12,0.77728285077951,0.7606723226781323,1,dev
2023112700,1990,12,0.6589147286821706,0.6657061258987118,1,dev
2023112700,2015,12,0.9092841956059532,0.9169147578608722,1,dev
2023112700,2045,12,0.77728285077951,0.7826685016590519,1,dev
2023112700,2466,12,0.9092841956059532,0.9093923483701681,1,dev
2023112700,2491,12,0.9222585924713584,0.9326752463822152,1,dev
2023112700,2516,12,0.840531561461794,0.8493361169655588,1,dev
2023112700,2641,12,0.9222585924713584,0.9247636428307869,1,dev
2023112700,2666,12,0.9395248380129589,0.9406445757503253,1,dev
2023112700,2799,12,0.9222585924713584,0.923363676983525,1,dev
2023112700,2854,12,0.7197452229299363,0.6937269691265245,1,dev
2023112700,2950,12,0.9222585924713584,0.9217161195012366,1,dev
2023112700,3132,12,0.8288288288288288,0.8079275742452201,1,dev
2023112700,3183,12,0.77728285077951,0.7772337049620283,1,dev
2023112700,3310,12,0.8851674641148325,0.882740680741704,1,dev
2023112700,3338,12,0.6571428571428571,0.5832433217953421,1,dev
2023112700,3439,12,0.9092841956059532,0.9186042091802565,1,dev
2023112700,3675,12,0.9092841956059532,0.90541993994085,1,dev
2023112700,3809,12,0.9092841956059532,0.9046452417065742,1,dev
2023112700,3988,12,0.8627204030226701,0.8651187413411038,1,dev
2023113000,87,13,0.8245614035087719,0.7944471710549843,1,dev
2023113000,112,13,0.77728285077951,0.7770372520946248,1,dev
2023113000,159,13,0.77728285077951,0.7776411622941217,1,dev
2023113000,240,13,0.25874125874125875,0.2755993575561666,0,dev
2023113000,263,13,0.21666666666666667,0.25320295284465877,0,dev
2023113000,286,13,0.21666666666666667,0.24640535764241348,1,dev
2023113000,501,13,0.6571428571428571,0.5840273317628384,1,dev
2023113000,607,13,0.9092841956059532,0.912291412681399,1,dev
2023113000,693,13,0.8348348348348347,0.8406168249135424,1,dev
2023113000,757,13,0.840531561461794,0.8459148604434439,1,dev
2023113000,823,13,0.7583333333333333,0.7239302323799959,1,dev
2023113000,892,13,0.44370860927152306,0.4822723545403778,1,dev
2023113000,1044,13,0.9395248380129589,0.9427789024272096,1,dev
2023113000,1108,13,0.9135802469135802,0.9200476893858793,1,dev
2023113000,1244,13,0.9088785046728972,0.8941458230680073,0,dev
2023113000,1296,13,0.8757396449704142,0.8807693956273115,1,dev
2023113000,1368,13,0.8288288288288288,0.8087190946545301,0,dev
2023113000,1391,13,0.8681318681318682,0.8753567694251676,1,dev
2023113000,1455,13,0.9222585924713584,0.9243269289076131,1,dev
2023113000,1507,13,0.840531561461794,0.8476480095977861,0,dev
2023113000,1530,13,0.753968253968254,0.7109952174590952,1,dev
2023113000,1594,13,0.13,0.18987827663260787,0,dev
2023113000,1760,13,0.9222585924713584,0.9291552702502526,1,dev
2023113000,1832,13,0.3534675615212528,0.37370481207737005,1,dev
2023113000,1970,13,0.9222585924713584,0.9344619518506981,1,dev
2023113000,1995,13,0.8288288288288288,0.8055814982870003,1,dev
2023113000,2222,13,0.07894736842105263,0.087176314738855,0,dev
2023113000,2267,13,0.8245614035087719,0.793546870379532,1,dev
2023113000,2343,13,0.3534675615212528,0.3279313375229873,0,dev
2023113000,2407,13,0.6589147286821706,0.6734335232032421,1,dev
2023113000,2455,13,0.9395248380129589,0.9436958509853106,1,dev
2023113000,2522,13,0.77728285077951,0.7923235307091596,1,dev
2023113000,2740,13,0.9092841956059532,0.8986657004392836,1,dev
2023113000,2765,13,0.7197452229299363,0.690331519676163,1,dev
2023113000,2850,13,0.9092841956059532,0.9035556780498083,0,dev
2023113000,2873,13,0.8348348348348347,0.8260293030326763,1,dev
2023113000,3117,13,0.9092841956059532,0.9061061561886672,1,dev
2023113000,3236,13,0.8348348348348347,0.8316726668110982,1,dev
2023113000,3431,13,0.7583333333333333,0.7180668744470522,0,dev
2023113000,3537,13,0.25874125874125875,0.27941039110803273,0,dev
2023113000,3616,13,0.77728285077951,0.7817834497550882,1,dev
2023113000,3644,13,0.9092841956059532,0.9135006183428999,1,dev
2023113000,3669,13,0.6589147286821706,0.6821258866898235,0,dev
2023113000,3692,13,0.45,0.4873301300805946,1,dev
2023113000,3822,13,0.3465346534653465,0.31274464031116395,1,dev
2023113000,3974,13,0.9395248380129589,0.9383209455406591,1,dev
2023113000,4021,13,0.5533707865168538,0.5666416364632976,0,dev
2023113000,4208,13,0.9395248380129589,0.9384703177849066,1,dev
2023113000,4233,13,0.8348348348348347,0.8155063719797269,0,dev
2023113000,4326,13,0.9092841956059532,0.9113155228148732,1,dev
2023113000,4385,13,0.21666666666666667,0.23077751613320457,0,dev
2023113000,4408,13,0.8348348348348347,0.8281509828246687,1,dev
2023113000,4433,13,0.9222585924713584,0.9275831966139169,1,dev
2023113000,4523,13,0.6571428571428571,0.632570454440544,1,dev
2023113000,4585,13,0.9222585924713584,0.9299354457259362,1,dev
2023113000,4655,13,0.8348348348348347,0.8237362591731948,0,dev
2023113000,4678,13,0.005952380952380952,0.0537872825141262,0,dev
2023113000,4812,13,0.005952380952380952,0.060101010744149745,0,dev
2023113000,4885,13,0.8627204030226701,0.8544845043634893,1,dev
2023113000,4915,13,0.9222585924713584,0.9345239761595039,1,dev
2023113000,4940,13,0.9395248380129589,0.9460377855787944,0,dev
2023113000,4963,13,0.3333333333333333,0.2931066177891562,0,dev
2023120300,55,13,0.5,0.5015009590887535,0,dev
2023120300,151,13,0.8681318681318682,0.877036789607402,1,dev
2023120300,198,13,0.3534675615212528,0.3474624800572862,0,dev
2023120300,276,13,0.9088785046728972,0.8946776165910163,1,dev
2023120300,369,13,0.9222585924713584,0.929485744607547,1,dev
2023120300,728,13,0.9092841956059532,0.9182504984174554,0,dev
2023120300,751,13,0.8348348348348347,0.8375520632147759,0,dev
2023120300,794,13,0.9092841956059532,0.9137339540381388,1,dev
2023120300,826,13,0.9395248380129589,0.9519342266719871,1,dev
2023120300,895,13,0.753968253968254,0.7122456443699966,1,dev
2023120300,927,13,0.5533707865168538,0.5343039340071726,0,dev
2023120300,977,13,0.8627204030226701,0.8713256841264531,0,dev
2023120300,1028,13,0.8627204030226701,0.866082509668768,1,dev
2023120300,1178,13,0.9395248380129589,0.942994241343871,1,dev
2023120300,1247,13,0.6571428571428571,0.6422779211737092,0,dev
2023120300,1270,13,0.005952380952380952,0.06038172814719677,0,dev
2023120300,1410,13,0.15942028985507245,0.21149151313972334,0,dev
2023120300,1533,13,0.9135802469135802,0.9198566370594942,1,dev
2023120300,1558,13,0.9092841956059532,0.9109504469510799,1,dev
2023120300,1658,13,0.7197452229299363,0.692147367433393,0,dev
2023120300,1681,13,0.5533707865168538,0.5544429450492598,1,dev
2023120300,1838,13,0.9092841956059532,0.9173486839570872,0,dev
2023120300,1896,13,0.9092841956059532,0.9063360783704149,1,dev
2023120300,1926,13,0.3333333333333333,0.29370473268466313,0,dev
2023120300,2086,13,0.77728285077951,0.7797891485490748,0,dev
2023120300,2111,13,0.6589147286821706,0.6803588258942773,0,dev
2023120300,2134,13,0.11059907834101383,0.17672211762418294,0,dev
2023120300,2212,13,0.9088785046728972,0.8901844544819991,1,dev
2023120300,2302,13,0.3534675615212528,0.3581671482685256,0,dev
2023120300,2510,13,0.9395248380129589,0.947310201056485,1,dev
2023120300,2535,13,0.3534675615212528,0.3294674406269662,1,dev
2023120300,2560,13,0.9222585924713584,0.935122155030878,1,dev
2023120300,2632,13,0.77728285077951,0.7781024213021606,0,dev
2023120300,2655,13,0.8627204030226701,0.8525226258557922,1,dev
2023120300,2705,13,0.9222585924713584,0.9283735275460167,0,dev
2023120300,2728,13,0.4155844155844156,0.43537830451859494,0,dev
2023120300,2794,13,0.5533707865168538,0.5727282564902978,1,dev
2023120300,2859,13,0.6571428571428571,0.6417576756878881,0,dev
2023120300,2885,13,0.6571428571428571,0.6192543905789378,1,dev
2023120300,2959,13,0.8627204030226701,0.874375963641593,1,dev
2023120300,3023,13,0.77728285077951,0.7553860474732607,1,dev
2023120300,3070,13,0.8627204030226701,0.8585896428841656,1,dev
2023120300,3139,13,0.9092841956059532,0.9004874059693215,1,dev
2023120300,3204,13,0.8851674641148325,0.8850369031435776,1,dev
2023120300,3284,13,0.9092841956059532,0.915324158073658,1,dev
2023120300,3380,13,0.9092841956059532,0.9136292980750524,1,dev
2023120300,3449,13,0.9222585924713584,0.9228296035119606,1,dev
2023120300,3479,13,0.44370860927152306,0.46845438621707886,0,dev
2023120300,3522,13,0.77728285077951,0.7690514029484358,1,dev
2023120300,3660,13,0.3534675615212528,0.34189410412573,0,dev
2023120300,3695,13,0.11059907834101383,0.14908043502714804,0,dev
2023120300,3718,13,0.3534675615212528,0.3133781977860039,0,dev
2023120300,3801,13,0.5,0.4979689236660321,1,dev
2023120301,186,13,0.41818181818181815,0.43965852440419084,1,dev
2023120301,385,13,0.13,0.20797089222961243,0,dev
2023120301,408,13,0.840531561461794,0.8499258938813858,1,dev
2023120301,494,13,0.5,0.5080711973412597,0,dev
2023120301,529,13,0.5,0.49136121726072873,0,dev
2023120301,607,13,0.9088785046728972,0.8963588757044001,1,dev
2023120301,632,13,0.3861788617886179,0.4096449589541461,1,dev
2023120301,806,13,0.8627204030226701,0.8679093775257749,1,dev
2023120301,838,13,0.77728285077951,0.7722529061412172,0,dev
2023120301,923,13,0.9395248380129589,0.9365351901688359,1,dev
2023120301,1001,13,0.77728285077951,0.750348452899457,0,dev
2023120301,1038,13,0.005952380952380952,0.043176916827424534,0,dev
2023120301,1153,13,0.8333333333333334,0.8137174347512999,0,dev
2023120301,1326,13,0.9222585924713584,0.9316225937393727,1,dev
2023120301,1373,13,0.3465346534653465,0.3127082091797666,0,dev
2023120301,1431,13,0.6589147286821706,0.6740338033943083,1,dev
2023120301,1502,13,0.77728285077951,0.7417121040685044,1,dev
2023120301,1527,13,0.8245614035087719,0.7933291837492885,1,dev
2023120301,1586,13,0.8627204030226701,0.8620663288296858,1,dev
2023120301,1713,13,0.8627204030226701,0.8574560906047435,1,dev
2023120301,1790,13,0.8627204030226701,0.8515800834947407,1,dev
2023120301,1938,13,0.9088785046728972,0.8960360959233935,1,dev
2023120301,1963,13,0.7197452229299363,0.6967226734290523,1,dev
2023120301,2032,13,0.6571428571428571,0.5984798780795533,1,dev
2023120301,2146,13,0.3534675615212528,0.3180065797677602,0,dev
2023120301,2169,13,0.13,0.20114494701533198,0,dev
2023120301,2298,13,0.9088785046728972,0.8966896778328968,1,dev
2023120301,2345,13,0.44370860927152306,0.47756906036222585,0,dev
2023120301,2370,13,0.9092841956059532,0.9160539817569008,1,dev
2023120301,2420,13,0.9088785046728972,0.8957102254885357,1,dev
2023120301,2467,13,0.8348348348348347,0.8390164535166794,1,dev
2023120301,2492,13,0.41818181818181815,0.4528464879486434,1,dev
2023120301,2673,13,0.9092841956059532,0.9095840567438487,1,dev
2023120301,2724,13,0.8348348348348347,0.832628658476618,1,dev
2023120301,2756,13,0.9092841956059532,0.9124321064852834,1,dev
2023120301,3000,13,0.8851674641148325,0.8857655404134961,1,dev
2023120301,3058,13,0.9092841956059532,0.8974031046959213,1,dev
2023120301,3360,13,0.5533707865168538,0.5338463831027086,1,dev
2023120301,3497,13,0.9092841956059532,0.9066462964824022,1,dev
2023120301,3601,13,0.11059907834101383,0.16255905773502424,1,dev
2023120301,3753,13,0.8348348348348347,0.8381725653776673,1,dev
2023120301,3783,13,0.9092841956059532,0.9172422422607326,0,dev
2023120301,3843,13,0.9395248380129589,0.9408160148107199,1,dev
2023120301,3965,13,0.9092841956059532,0.90580806165238,0,dev
2023120301,3988,13,0.21666666666666667,0.2554191615851245,0,dev
2023120301,4014,13,0.7197452229299363,0.6960909478081673,0,dev
2023120301,4059,13,0.44370860927152306,0.4697720737981599,0,dev
2023120301,4089,13,0.5,0.5034108912135669,1,dev
2023120301,4165,13,0.7583333333333333,0.7171392100908044,1,dev
2023120302,104,13,0.9222585924713584,0.9306543314593918,1,dev
2023120302,174,13,0.77728285077951,0.7833422759271792,0,dev
2023120302,283,13,0.9092841956059532,0.9102875931667258,1,dev
2023120302,395,13,0.41818181818181815,0.45989082510791374,0,dev
2023120302,418,13,0.004310344827586207,0.03856691903989216,0,dev
2023120302,512,13,0.77728285077951,0.7910748999692687,1,dev
2023120302,625,13,0.753968253968254,0.7109883052921273,1,dev
2023120302,877,13,0.005952380952380952,0.044920425664120085,0,dev
2023120302,1001,13,0.0,0.012051775312887354,0,dev
2023120302,1194,13,0.8348348348348347,0.8182413416415547,1,dev
2023120302,1246,13,0.3861788617886179,0.4087191564134744,1,dev
2023120302,1366,13,0.8288288288288288,0.8044171768425257,1,dev
2023120302,1391,13,0.4155844155844156,0.42608521420452095,1,dev
2023120302,1476,13,0.8288288288288288,0.797369071440401,1,dev
2023120302,1545,13,0.9092841956059532,0.9179134750538456,1,dev
2023120302,1575,13,0.11059907834101383,0.1602319076867906,0,dev
2023120302,1768,13,0.25874125874125875,0.26189130938130784,1,dev
2023120302,1793,13,0.41818181818181815,0.4525803389406736,0,dev
2023120302,1978,13,0.005952380952380952,0.05881829413545785,0,dev
2023120302,2060,13,0.6571428571428571,0.615556707796721,1,dev
2023120302,2085,13,0.9092841956059532,0.9166965843927134,1,dev
2023120302,2144,13,0.9222585924713584,0.9207599590569813,1,dev
2023120302,2175,13,0.9088785046728972,0.8911504226648473,1,dev
2023120302,2253,13,0.3534675615212528,0.32374058484137747,0,dev
2023120302,2344,13,0.6589147286821706,0.6631007940395978,1,dev
2023120302,2401,13,0.9222585924713584,0.9250955673117703,1,dev
2023120302,2449,13,0.6571428571428571,0.5861193611734739,1,dev
2023120302,2554,13,0.3534675615212528,0.3612583605980094,0,dev
2023120302,2746,13,0.9092841956059532,0.9157853085008495,1,dev
2023120302,2876,13,0.753968253968254,0.7108347127421698,1,dev
2023120302,2923,13,0.9092841956059532,0.9175375602683564,1,dev
2023120302,3005,13,0.8288288288288288,0.8132359236580529,0,dev
2023120302,3074,13,0.44370860927152306,0.484665478058283,0,dev
2023120302,3121,13,0.13,0.20948642959651595,0,dev
2023120302,3251,13,0.77728285077951,0.738669821426346,0,dev
2023120302,3463,13,0.840531561461794,0.8454261402672977,1,dev
2023120302,3545,13,0.41818181818181815,0.45296103274368393,0,dev
2023120302,3588,13,0.9092841956059532,0.9046924921130134,1,dev
2023120302,3646,13,0.9092841956059532,0.9186710779568158,0,dev
2023120302,3669,13,0.840531561461794,0.8456095321897608,1,dev
2023120302,3715,13,0.41818181818181815,0.4455168481336014,0,dev
2023120302,3813,13,0.03296703296703297,0.08269687138108063,0,dev
2023120302,3858,13,0.5533707865168538,0.5675929723725648,0,dev
2023120302,3977,13,0.8245614035087719,0.7942146085070393,1,dev
2023120302,4135,13,0.9092841956059532,0.8979248573640084,1,dev
2023120302,4392,13,0.03296703296703297,0.07700902250872084,0,dev
2023120302,4415,13,0.41818181818181815,0.44232835789835245,0,dev
2023120302,4472,13,0.6571428571428571,0.6125600505374104,1,dev
2023120302,4502,13,0.44370860927152306,0.48071836534741375,0,dev
2023120302,4525,13,0.6571428571428571,0.634663244075877,0,dev
2023120303,75,13,0.9088785046728972,0.8967700355901845,1,dev
2023120303,122,13,0.8288288288288288,0.8009410427196568,1,dev
2023120303,176,13,0.8288288288288288,0.8132702121080513,0,dev
2023120303,317,13,0.9092841956059532,0.8987983420592824,0,dev
2023120303,484,13,0.8851674641148325,0.8842745435020749,1,dev
2023120303,651,13,0.8851674641148325,0.8840708069349381,1,dev
2023120303,681,13,0.9222585924713584,0.9260317838115611,1,dev
2023120303,771,13,0.8627204030226701,0.8650787598249576,1,dev
2023120303,801,13,0.9092841956059532,0.9169232576541312,1,dev
2023120303,1197,13,0.6571428571428571,0.6441219324413012,0,dev
2023120303,1378,13,0.5,0.5131713029245426,1,dev
2023120303,1472,13,0.9222585924713584,0.9257401041640876,1,dev
2023120303,1589,13,0.8245614035087719,0.7944754120726288,1,dev
2023120303,1646,13,0.9222585924713584,0.9339486165688742,1,dev
2023120303,1794,13,0.77728285077951,0.7733052281423421,1,dev
2023120303,1945,13,0.8348348348348347,0.8184738656245651,1,dev
2023120303,1999,13,0.8627204030226701,0.8683467201129321,0,dev
2023120303,2072,13,0.41818181818181815,0.4556747889350706,1,dev
2023120303,2267,13,0.3465346534653465,0.2974904513539092,0,dev
2023120303,2332,13,0.8348348348348347,0.814127364435142,0,dev
2023120303,2362,13,0.8681318681318682,0.8791660902333317,1,dev
2023120303,2471,13,0.9222585924713584,0.9281093434422294,1,dev
2023120303,2523,13,0.004310344827586207,0.023581064107938664,0,dev
2023120303,2803,13,0.9395248380129589,0.9385669922964424,1,dev
2023120303,2850,13,0.03296703296703297,0.07395868328021947,0,dev
2023120303,2919,13,0.3861788617886179,0.4056878332495626,1,dev
2023120303,2971,13,0.9395248380129589,0.9378135930266797,0,dev
2023120303,2994,13,0.15942028985507245,0.22759978183467933,0,dev
2023120303,3038,13,0.9395248380129589,0.9370416019127659,1,dev
2023120303,3226,13,0.5533707865168538,0.5729491563269188,1,dev
2023120303,3494,13,0.9092841956059532,0.9087057932170249,1,dev
2023120303,3627,13,0.8348348348348347,0.8386429149418423,1,dev
2023120303,3652,13,0.9092841956059532,0.9144793139786729,1,dev
2023120303,3699,13,0.9135802469135802,0.920399337968746,1,dev
2023120303,3747,13,0.9395248380129589,0.9368962678506011,1,dev
2023120303,3826,13,0.9092841956059532,0.9184179023903878,1,dev
2023120303,3873,13,0.6571428571428571,0.62468978141629,1,dev
2023120304,77,13,0.9395248380129589,0.9443100412342906,0,dev
2023120304,254,13,0.8627204030226701,0.8730654138617592,0,dev
2023120304,354,13,0.8851674641148325,0.8861794002894472,0,dev
2023120304,443,13,0.8348348348348347,0.8180037321048178,1,dev
2023120304,490,13,0.8627204030226701,0.8563389262380897,1,dev
2023120304,538,13,0.3534675615212528,0.3572765499233577,0,dev
2023120304,565,13,0.41818181818181815,0.4591554675523369,1,dev
2023120304,790,13,0.6571428571428571,0.6125305198838977,1,dev
2023120304,820,13,0.9222585924713584,0.9287795068590898,1,dev
2023120304,882,13,0.77728285077951,0.7381429608049972,1,dev
2023120304,951,13,0.9395248380129589,0.9463918325085369,1,dev
2023120304,1034,13,0.8348348348348347,0.8306281082593083,0,dev
2023120304,1218,13,0.9092841956059532,0.9151331767040966,1,dev
2023120304,1371,13,0.005952380952380952,0.04502074069431881,0,dev
2023120304,1626,13,0.8348348348348347,0.8156184361792311,1,dev
2023120304,1850,13,0.7197452229299363,0.6872061393033007,1,dev
2023120304,1880,13,0.7197452229299363,0.6845775259873973,1,dev
2023120304,1905,13,0.4155844155844156,0.432133713791535,0,dev
2023120304,2004,13,0.9395248380129589,0.9516070861492132,1,dev
2023120304,2078,13,0.77728285077951,0.761573582324384,1,dev
2023120304,2108,13,0.004310344827586207,0.014607765228533989,0,dev
2023120304,2131,13,0.9222585924713584,0.9223854254342331,1,dev
2023120304,2208,13,0.21666666666666667,0.23663853310513064,0,dev
2023120304,2334,13,0.4375,0.4620401586125178,0,dev
2023120304,2429,13,0.8288288288288288,0.8013176125399845,0,dev
2023120304,2501,13,0.9222585924713584,0.9222018455322671,1,dev
2023120304,2588,13,0.03296703296703297,0.07499220381590076,0,dev
2023120304,2618,13,0.21666666666666667,0.24724030959680177,1,dev
2023120304,2718,13,0.3534675615212528,0.31689219921620604,0,dev
2023120304,2741,13,0.5533707865168538,0.5283460191065951,1,dev
2023120304,2788,13,0.9092841956059532,0.9132000518380244,1,dev
2023120304,2894,13,0.8757396449704142,0.8818800145063648,1,dev
2023120304,3013,13,0.004310344827586207,0.02727623523821107,0,dev
2023120304,3059,13,0.3534675615212528,0.3587556949338334,0,dev
2023120304,3166,13,0.8288288288288288,0.8118882700700093,0,dev
2023120304,3293,13,0.8288288288288288,0.8065406247565003,0,dev
2023120304,3367,13,0.8851674641148325,0.8868687810991144,1,dev
2023120304,3442,13,0.004310344827586207,0.029416072514938756,0,dev
2023120304,3694,13,0.9222585924713584,0.9296092376424702,1,dev
2023120304,3719,13,0.840531561461794,0.8486842001144967,1,dev
2023120304,3804,13,0.5533707865168538,0.558593925207982,0,dev
2023120304,3827,13,0.3465346534653465,0.2986612174363446,1,dev
2023120304,3852,13,0.5,0.4981399284458355,1,dev
2023120304,3960,13,0.9092841956059532,0.9123882161459387,1,dev
2023120304,4035,13,0.4155844155844156,0.42930778416695714,0,dev
2023120304,4206,13,0.9088785046728972,0.8961529377190393,1,dev
2023120305,84,13,0.8851674641148325,0.8834857591602253,1,dev
2023120305,114,13,0.004310344827586207,0.03844447722370151,0,dev
2023120305,232,13,0.840531561461794,0.8508591195818473,1,dev
2023120305,273,13,0.8348348348348347,0.8354414359942574,1,dev
2023120305,388,13,0.9092841956059532,0.9021030782153182,0,dev
2023120305,568,13,0.0,0.01247816992923243,0,dev
2023120305,723,13,0.95,0.956060967318787,1,dev
2023120305,988,13,0.9088785046728972,0.8922606769178852,1,dev
2023120305,1067,13,0.77728285077951,0.7921136301070723,0,dev
2023120305,1112,13,0.13,0.20877549907667345,0,dev
2023120305,1243,13,0.03296703296703297,0.07515534207535189,0,dev
2023120305,1292,13,0.7727272727272727,0.7274096669390777,1,dev
2023120305,1445,13,0.9088785046728972,0.8911312527042261,1,dev
2023120305,1543,13,0.9222585924713584,0.9242068586250793,1,dev
2023120305,1606,13,0.3861788617886179,0.4136811755687823,1,dev
2023120305,1645,13,0.8627204030226701,0.8705803720421157,1,dev
2023120305,1670,13,0.9222585924713584,0.935506451311707,1,dev
2023120305,1721,13,0.11059907834101383,0.1758589099667434,0,dev
2023120305,1755,13,0.6571428571428571,0.6283368746142473,0,dev
2023120305,1884,13,0.5533707865168538,0.5699741677428832,0,dev
2023120305,1960,13,0.9395248380129589,0.9501031550277445,1,dev
2023120305,1985,13,0.9092841956059532,0.9139246961208344,1,dev
2023120305,2032,13,0.77728285077951,0.775770250803065,0,dev
2023120305,2058,13,0.8681318681318682,0.8791643308244106,1,dev
2023120305,2107,13,0.5533707865168538,0.5465422089891272,1,dev
2023120305,2340,13,0.8288288288288288,0.8075469332703601,0,dev
2023120305,2363,13,0.9222585924713584,0.9290257239690616,1,dev
2023120305,2416,13,0.9395248380129589,0.9505194784880083,1,dev
2023120305,2601,13,0.9135802469135802,0.9201289747741848,1,dev
2023120305,2648,13,0.004310344827586207,0.038500997530257194,0,dev
2023120305,2693,13,0.9222585924713584,0.9287595606858334,1,dev
2023120305,2743,13,0.840531561461794,0.8416641730783976,1,dev
2023120305,2863,13,0.77728285077951,0.7363004185279882,1,dev
2023120305,2891,13,0.11059907834101383,0.1306808680492624,0,dev
2023120305,2914,13,0.8288288288288288,0.8068424981890208,1,dev
2023120305,3117,13,0.44370860927152306,0.46700396676220807,0,dev
2023120305,3169,13,0.9395248380129589,0.9412329585655783,1,dev
2023120305,3201,13,0.005952380952380952,0.05521167178038498,0,dev
2023120305,3282,13,0.77728285077951,0.771794054094573,0,dev
2023120305,3339,13,0.9395248380129589,0.9524805617575155,1,dev
2023120305,3481,13,0.8288288288288288,0.8098568498232801,1,dev
2023120305,3709,13,0.8681318681318682,0.8792733773762468,0,dev
2023120305,3776,13,0.9092841956059532,0.9053242103841038,1,dev
2023120305,3809,13,0.8348348348348347,0.8242741902118127,1,dev
2023120305,3959,13,0.8627204030226701,0.8519912636718949,1,dev
2023120305,4061,13,0.77728285077951,0.7744265498328406,1,dev
2023120305,4166,13,0.9222585924713584,0.934243642404517,0,dev
2023120305,4189,13,0.95,0.9580683011812099,0,dev
2023120305,4241,13,0.3465346534653465,0.3111478040905064,0,dev
2023120305,4264,13,0.9092841956059532,0.9039980150196143,1,dev
2023120305,4340,13,0.8627204030226701,0.8685642829419628,0,dev
2023120305,4370,13,0.9092841956059532,0.9053746565268938,1,dev
2023120305,4440,13,0.8348348348348347,0.8374405878023634,1,dev
2023120305,4928,13,0.9395248380129589,0.9407117779314772,1,dev
2023120305,5057,13,0.3534675615212528,0.32652139959753906,1,dev
2023120305,5135,13,0.3534675615212528,0.37533106173252045,1,dev
2023120305,5160,13,0.3861788617886179,0.40384112835250563,0,dev
2023120305,5186,13,0.7583333333333333,0.7257422592966908,1,dev
2023120306,77,13,0.8348348348348347,0.8338645686732317,0,dev
2023120306,192,13,0.77728285077951,0.7633847737900163,1,dev
2023120306,261,13,0.8627204030226701,0.8726582107830054,1,dev
2023120306,286,13,0.9092841956059532,0.9013207177699595,0,dev
2023120306,329,13,0.5533707865168538,0.549714608911339,1,dev
2023120306,388,13,0.77728285077951,0.7703020457142498,1,dev
2023120306,479,13,0.44370860927152306,0.4806066509823013,0,dev
2023120306,603,13,0.77728285077951,0.7558402048746534,1,dev
2023120306,672,13,0.77728285077951,0.7640344771819582,1,dev
2023120306,852,13,0.9092841956059532,0.9112559871483812,0,dev
2023120306,1173,13,0.41818181818181815,0.4575891539284339,0,dev
2023120306,1196,13,0.8288288288288288,0.8086802119137646,1,dev
2023120306,1428,13,0.3534675615212528,0.3151132541766514,0,dev
2023120306,1480,13,0.77728285077951,0.7432143088786697,1,dev
2023120306,1620,13,0.6571428571428571,0.6039231852704157,0,dev
2023120306,1838,13,0.77728285077951,0.773570776352068,1,dev
2023120306,1948,13,0.8288288288288288,0.8018980969550713,1,dev
2023120306,1980,13,0.8757396449704142,0.8815375939461495,1,dev
2023120306,2224,13,0.9222585924713584,0.9262197957016042,1,dev
2023120306,2249,13,0.8851674641148325,0.8864578789485918,1,dev
2023120306,2296,13,0.9395248380129589,0.946939501703682,1,dev
2023120306,2346,13,0.9222585924713584,0.9255898310500571,1,dev
2023120306,2465,13,0.3534675615212528,0.3811173061543907,1,dev
2023120306,2534,13,0.6571428571428571,0.6201015131083706,1,dev
2023120306,2564,13,0.44370860927152306,0.4793954899888687,0,dev
2023120306,2609,13,0.8348348348348347,0.8367539264587377,1,dev
2023120306,2753,13,0.004310344827586207,0.03081957693609664,0,dev
2023120306,2776,13,0.13,0.20754518669472083,0,dev
2023120306,2825,13,0.95,0.9551430563781202,1,dev
2023120306,2971,13,0.8851674641148325,0.8853128684987442,1,dev
2023120306,3051,13,0.9092841956059532,0.9096650980424553,1,dev
2023120306,3120,13,0.07894736842105263,0.12098182512425355,0,dev
2023120307,146,13,0.3861788617886179,0.424405164534936,0,dev
2023120307,169,13,0.44370860927152306,0.4792932561838643,0,dev
2023120307,233,13,0.9395248380129589,0.9420542615364549,1,dev
2023120307,265,13,0.9135802469135802,0.9200228008841379,1,dev
2023120307,345,13,0.3861788617886179,0.40352306237100405,0,dev
2023120307,495,13,0.3465346534653465,0.31146037868386783,1,dev
2023120307,559,13,0.9088785046728972,0.8879939372183251,1,dev
2023120307,672,13,0.11059907834101383,0.13718361926547182,0,dev
2023120307,719,13,0.004310344827586207,0.0381247062239711,0,dev
2023120307,808,13,0.9395248380129589,0.941971802049272,1,dev
2023120307,964,13,0.8288288288288288,0.7968354190558734,1,dev
2023120307,1045,13,0.9092841956059532,0.9012166539931934,1,dev
2023120307,1208,13,0.3861788617886179,0.4191946165496372,0,dev
2023120307,1324,13,0.9135802469135802,0.9200906749910108,1,dev
2023120307,1450,13,0.004310344827586207,0.033239624321720077,0,dev
2023120307,1671,13,0.21666666666666667,0.2383310947953876,0,dev
2023120307,1694,13,0.9092841956059532,0.9002463028061602,1,dev
2023120307,1741,13,0.8627204030226701,0.8587977273223913,1,dev
2023120307,1795,13,0.8627204030226701,0.8549771744417818,1,dev
2023120307,1975,13,0.8348348348348347,0.8382084386640644,0,dev
2023120307,2246,13,0.5,0.5005384425483219,1,dev
2023120307,2443,13,0.8627204030226701,0.867535522149622,1,dev
2023120307,2468,13,0.9395248380129589,0.9451498045792182,1,dev
2023120307,2520,13,0.9092841956059532,0.9183490125423145,0,dev
2023120307,2579,13,0.11059907834101383,0.12621372693326047,0,dev
2023120307,2703,13,0.5,0.49110885678880123,1,dev
2023120307,2773,13,0.9395248380129589,0.9457174884517012,1,dev
2023120307,2798,13,0.8288288288288288,0.8006427164855122,1,dev
2023120307,2845,13,0.9088785046728972,0.8933516318441637,0,dev
2023120307,2992,13,0.8348348348348347,0.8192977933649584,1,dev
2023120307,3064,13,0.9395248380129589,0.9405894946175778,1,dev
2023120307,3206,13,0.3861788617886179,0.3914984105578179,1,dev
2023120307,3329,13,0.41818181818181815,0.44295163063066145,0,dev
2023120307,3463,13,0.9222585924713584,0.9297837077955226,1,dev
2023120307,3546,13,0.8348348348348347,0.8387941344018209,1,dev
2023120307,3660,13,0.5533707865168538,0.5337744345993509,1,dev
2023120307,3790,13,0.9395248380129589,0.9487551368136108,1,dev
2023120307,3873,13,0.8288288288288288,0.808517160152646,1,dev
2023120307,3898,13,0.8627204030226701,0.8615992603116946,1,dev
2023120307,3987,13,0.005952380952380952,0.0537492762084589,0,dev
2023120308,55,13,0.840531561461794,0.8489927781766377,1,dev
2023120308,146,13,0.004310344827586207,0.03338327435405391,0,dev
2023120308,169,13,0.77728285077951,0.7893000417190434,1,dev
2023120308,194,13,0.9088785046728972,0.8909551628089174,1,dev
2023120308,241,13,0.6571428571428571,0.6420907301166277,1,dev
2023120308,363,13,0.9395248380129589,0.9392782194033218,1,dev
2023120308,453,13,0.8627204030226701,0.8598584752143165,1,dev
2023120308,483,13,0.35714285714285715,0.3884360241624887,0,dev
2023120308,600,13,0.3534675615212528,0.37582854759593026,0,dev
2023120308,649,13,0.9743589743589743,0.9599359906918686,1,dev
2023120308,686,13,0.77728285077951,0.7833855565765202,1,dev
2023120308,750,13,0.3534675615212528,0.3730688206897505,1,dev
2023120308,775,13,0.9222585924713584,0.9228964717832475,0,dev
2023120308,798,13,0.753968253968254,0.7096484616069325,1,dev
2023120308,823,13,0.005952380952380952,0.05546792020790543,0,dev
2023120308,888,13,0.9092841956059532,0.9005885075804642,1,dev
2023120308,929,13,0.004310344827586207,0.01990956980640541,0,dev
2023120308,1032,13,0.004310344827586207,0.02620362143831373,0,dev
2023120308,1090,13,0.3861788617886179,0.3996479238411036,1,dev
2023120308,1178,13,0.9395248380129589,0.937602991667717,1,dev
2023120308,1230,13,0.77728285077951,0.731402415931798,1,dev
2023120308,1326,13,0.9092841956059532,0.9105063726059243,1,dev
2023120308,1410,13,0.9222585924713584,0.9248455906405427,1,dev
2023120308,1442,13,0.77728285077951,0.7483755002923999,1,dev
2023120308,1467,13,0.77728285077951,0.760871779959355,0,dev
2023120308,1522,13,0.6589147286821706,0.6792893707165115,1,dev
2023120308,1607,13,0.9222585924713584,0.9234506729139291,1,dev
2023120308,1676,13,0.77728285077951,0.752042049781549,0,dev
2023120308,1711,13,0.0,0.0096480440752327,0,dev
2023120308,1816,13,0.6571428571428571,0.6111000850725445,0,dev
2023120308,1866,13,0.3534675615212528,0.3130722356107653,1,dev
2023120308,2069,13,0.004310344827586207,0.03020600083618097,0,dev
2023120308,2150,13,0.9222585924713584,0.9346377615037561,1,dev
2023120308,2182,13,0.5533707865168538,0.533741595203772,1,dev
2023120308,2207,13,0.004310344827586207,0.017643501615498255,0,dev
2023120308,2230,13,0.9222585924713584,0.9267089342318083,1,dev
2023120308,2260,13,0.95,0.9566793173368487,1,dev
2023120308,2290,13,0.9092841956059532,0.9097523765262849,1,dev
2023120308,2320,13,0.005952380952380952,0.053022265071946774,0,dev
2023120308,2370,13,0.25874125874125875,0.2824794879132663,0,dev
2023120308,2564,13,0.9395248380129589,0.9472473498577881,1,dev
2023120308,2594,13,0.5533707865168538,0.5230018525514163,0,dev
2023120308,2635,13,0.3465346534653465,0.30783556821646085,0,dev
2023120308,2692,13,0.9222585924713584,0.9241863668608157,1,dev
2023120308,2717,13,0.6589147286821706,0.6671787920097945,1,dev
2023120308,2771,13,0.9092841956059532,0.9180776175574132,0,dev
2023120308,2859,13,0.9092841956059532,0.9088708094239012,1,dev
2023120308,2884,13,0.3534675615212528,0.37794664310019915,1,dev
2023120308,2997,13,0.9222585924713584,0.9324722965314374,1,dev
2023120308,3067,13,0.3534675615212528,0.3490558370375377,0,dev
2023120308,3144,13,0.9395248380129589,0.9369006496553248,1,dev
2023120308,3271,13,0.8851674641148325,0.8869287364470113,0,dev
2023120308,3333,13,0.8348348348348347,0.8171005567794695,1,dev
2023120308,3385,13,0.77728285077951,0.7747440884758735,1,dev
2023120308,3449,13,0.004310344827586207,0.01958789282789846,0,dev
2023120308,3472,13,0.9395248380129589,0.9423949557899823,1,dev
2023120308,3562,13,0.9092841956059532,0.9081524071935229,1,dev
2023120308,3620,13,0.9092841956059532,0.9035030079761205,1,dev
2023120308,3668,13,0.8627204030226701,0.8581704488416144,1,dev
2023120308,3693,13,0.9222585924713584,0.9238932668457263,1,dev
2023120308,3768,13,0.8627204030226701,0.8520323152106012,1,dev
2023120308,3889,13,0.004310344827586207,0.01528230222696109,0,dev
2023120308,3923,13,0.9395248380129589,0.9466243563352192,1,dev
2023120308,4030,13,0.9222585924713584,0.9294239507013268,1,dev
2023120308,4104,13,0.8851674641148325,0.8857697516669585,1,dev
2023120308,4231,13,0.7197452229299363,0.6912089570525639,0,dev
2023120308,4254,13,0.11059907834101383,0.1680110753564429,0,dev
2023120308,4279,13,0.9092841956059532,0.9094023729381595,1,dev
2023120308,4564,13,0.8627204030226701,0.8644686130727378,0,dev
2023120309,55,13,0.5,0.5085889118334141,0,dev
2023120309,100,13,0.8348348348348347,0.8300056351663325,1,dev
2023120309,147,13,0.8348348348348347,0.8360260022980066,1,dev
2023120309,292,13,0.3534675615212528,0.3705186969527857,0,dev
2023120309,528,13,0.77728285077951,0.7860609724401421,1,dev
2023120309,560,13,0.9092841956059532,0.9009560910538973,1,dev
2023120309,637,13,0.9092841956059532,0.9113453842478015,1,dev
2023120309,667,13,0.44370860927152306,0.47537393770882747,1,dev
2023120309,697,13,0.6571428571428571,0.6107601616301434,1,dev
2023120309,742,13,0.5533707865168538,0.5362979535382557,1,dev
2023120309,853,13,0.8627204030226701,0.8639527241647108,0,dev
2023120309,1122,13,0.9222585924713584,0.9341620628473927,1,dev
2023120309,1147,13,0.3861788617886179,0.3929899288584873,1,dev
2023120309,1172,13,0.9222585924713584,0.9350135186016177,1,dev
2023120309,1224,13,0.8627204030226701,0.8722650004356364,1,dev
2023120309,1271,13,0.9395248380129589,0.93695797831919,1,dev
2023120309,1330,13,0.753968253968254,0.7094065289523648,0,dev
2023120309,1387,13,0.8348348348348347,0.8303983786978676,1,dev
2023120309,1524,13,0.9395248380129589,0.9405633009059506,1,dev
2023120309,1549,13,0.3534675615212528,0.3794288486065269,0,dev
2023120309,1678,13,0.9092841956059532,0.8972688560858949,1,dev
2023120309,1759,13,0.8348348348348347,0.8276968648007698,1,dev
2023120309,1784,13,0.22727272727272727,0.25808510503638776,0,dev
2023120309,2068,13,0.3534675615212528,0.33490524227328644,0,dev
2023120309,2091,13,0.8681318681318682,0.8782702845216024,1,dev
2023120309,2116,13,0.6589147286821706,0.6607358867580698,1,dev
2023120309,2163,13,0.8627204030226701,0.8573486581214935,1,dev
2023120309,2317,13,0.7583333333333333,0.7173844211813947,1,dev
2023120309,2395,13,0.8627204030226701,0.8739789486838273,1,dev
2023120309,2425,13,0.9222585924713584,0.9283598585455536,1,dev
2023120309,2518,13,0.9222585924713584,0.9273084498729357,1,dev
2023120309,2684,13,0.5533707865168538,0.5686219331611515,1,dev
2023120309,2736,13,0.8288288288288288,0.8013567488853601,1,dev
2023120309,2853,13,0.8348348348348347,0.8314407962801743,0,dev
2023120309,2965,13,0.9092841956059532,0.9034813992926215,1,dev
2023120309,3077,13,0.77728285077951,0.739792990168861,1,dev
2023120309,3168,13,0.03296703296703297,0.07857267883548157,1,dev
2023120309,3198,13,0.9092841956059532,0.899921654742171,1,dev
2023120309,3272,13,0.8627204030226701,0.8544729260997465,1,dev
2023120309,3331,13,0.9395248380129589,0.9506093661621752,1,dev
2023120309,3427,13,0.6571428571428571,0.5792498425564397,1,dev
2023120309,3452,13,0.8348348348348347,0.8400615533061594,1,dev
2023120309,3477,13,0.9222585924713584,0.922186997716701,1,dev
2023120309,3507,13,0.9092841956059532,0.9081662505799536,1,dev
2023120309,3537,13,0.3861788617886179,0.4066259195166642,0,dev
2023120309,3623,13,0.3534675615212528,0.32865197217766645,0,dev
2023120309,3646,13,0.21666666666666667,0.2386158942553091,1,dev
2023120309,3832,13,0.41818181818181815,0.4563287384358722,0,dev
2023120309,3867,13,0.9092841956059532,0.9036719719950117,1,dev
2023120309,3892,13,0.6589147286821706,0.6686543087677769,1,dev
2023120309,3963,13,0.8348348348348347,0.8235808611725722,1,dev
2023120309,3993,13,0.77728285077951,0.7597030762089416,1,dev
2023120309,4042,13,0.753968253968254,0.7120142844045404,0,dev
2023120309,4090,13,0.21666666666666667,0.23168191931125473,0,dev
2023120310,102,13,0.9092841956059532,0.9132531906518462,1,dev
2023120310,221,13,0.8627204030226701,0.8677197744021258,1,dev
2023120310,303,13,0.8757396449704142,0.8825507529697807,1,dev
2023120310,360,13,0.9135802469135802,0.9190373643597955,1,dev
2023120310,490,13,0.9092841956059532,0.9066316549147924,1,dev
2023120310,515,13,0.8627204030226701,0.8691497871533377,1,dev
2023120310,562,13,0.6589147286821706,0.6825089764999023,0,dev
2023120310,648,13,0.9135802469135802,0.9189289835312027,1,dev
2023120310,816,13,0.9222585924713584,0.9243324502056005,1,dev
2023120310,868,13,0.8627204030226701,0.8561070604922814,1,dev
2023120310,970,13,0.3534675615212528,0.3847809432138836,0,dev
2023120310,1000,13,0.8348348348348347,0.8365086650927139,1,dev
2023120310,1079,13,0.9395248380129589,0.9382038091301078,1,dev
2023120310,1104,13,0.8627204030226701,0.8582807765231586,1,dev
2023120310,1151,13,0.9092841956059532,0.9115132851755385,1,dev
2023120310,1252,13,0.3534675615212528,0.34964881238473533,0,dev
2023120310,1360,13,0.77728285077951,0.7321622441643407,1,dev
2023120310,1477,13,0.840531561461794,0.8460017392243425,1,dev
2023120310,1509,13,0.9222585924713584,0.9235409133808588,1,dev
2023120310,1614,13,0.03296703296703297,0.0716881655924415,0,dev
2023120310,1777,13,0.8627204030226701,0.8721722134135254,1,dev
2023120310,1938,13,0.8627204030226701,0.8525293068631904,1,dev
2023120310,2144,13,0.9088785046728972,0.8907568990017163,1,dev
2023120310,2206,13,0.9092841956059532,0.909902123615321,1,dev
2023120310,2231,13,0.8348348348348347,0.8180720417941113,1,dev
2023120310,2256,13,0.77728285077951,0.7525163842581233,1,dev
2023120310,2303,13,0.3534675615212528,0.31647141640068166,1,dev
2023120310,2434,13,0.9222585924713584,0.9240712156881433,1,dev
2023120310,2673,13,0.9092841956059532,0.9163983972090978,0,dev
2023120310,2696,13,0.8681318681318682,0.8777924890609031,1,dev
2023120310,2809,13,0.8348348348348347,0.8212915738254141,1,dev
2023120310,2839,13,0.77728285077951,0.7811876333321145,1,dev
2023120310,2888,13,0.03296703296703297,0.07985164695231815,0,dev
2023120310,2911,13,0.8348348348348347,0.8395077997793262,0,dev
2023120310,3005,13,0.03296703296703297,0.06796523735574682,0,dev
2023120310,3028,13,0.4155844155844156,0.4294858563303196,0,dev
2023120310,3133,13,0.9092841956059532,0.9084238487107087,1,dev
2023120310,3185,13,0.3861788617886179,0.4029063324820343,0,dev
2023120310,3230,13,0.5533707865168538,0.5214003368471397,0,dev
2023120310,3253,13,0.9395248380129589,0.9419708978074666,1,dev
2023120310,3392,13,0.8348348348348347,0.831378885279926,1,dev
2023120310,3542,13,0.21666666666666667,0.23910216595250536,0,dev
2023120310,3798,13,0.8348348348348347,0.821110412019976,0,dev
2023120310,3871,13,0.9222585924713584,0.9352024223852785,1,dev
2023120310,3976,13,0.41818181818181815,0.45553594976768724,0,dev
2023120310,3999,13,0.8627204030226701,0.8523716068602736,1,dev
2023120310,4024,13,0.6589147286821706,0.6535310260415701,1,dev
2023120310,4054,13,0.21666666666666667,0.23658155847097093,0,dev
2023120400,107,13,0.8348348348348347,0.8378532122038762,1,dev
2023120400,132,13,0.9088785046728972,0.8889899132223188,1,dev
2023120400,215,13,0.5,0.5171353121433814,1,dev
2023120400,260,13,0.9092841956059532,0.9148414275078968,1,dev
2023120400,351,13,0.9222585924713584,0.9337104990400777,1,dev
2023120400,502,13,0.8851674641148325,0.8870312962666931,1,dev
2023120400,574,13,0.9092841956059532,0.9184745068118576,1,dev
2023120400,679,13,0.3861788617886179,0.39620841620632674,0,dev
2023120400,864,13,0.8627204030226701,0.8746273265099843,1,dev
2023120400,889,13,0.9088785046728972,0.8882091655498667,1,dev
2023120400,914,13,0.9222585924713584,0.9268530566530637,0,dev
2023120400,942,13,0.7583333333333333,0.7218022940170673,1,dev
2023120400,970,13,0.77728285077951,0.7403101057950455,1,dev
2023120400,1060,13,0.8627204030226701,0.858234361633012,1,dev
2023120400,1167,13,0.8348348348348347,0.8163134238455373,1,dev
2023120400,1284,13,0.5533707865168538,0.5708795310291861,1,dev
2023120400,1378,13,0.8348348348348347,0.8214734025387909,1,dev
2023120400,1403,13,0.9395248380129589,0.9476973075716735,1,dev
2023120400,1472,13,0.77728285077951,0.7800186575388106,1,dev
2023120400,1547,13,0.9088785046728972,0.8880595478459837,1,dev
2023120400,1606,13,0.9135802469135802,0.9189646433156254,1,dev
2023120400,1728,13,0.9395248380129589,0.9497409301479429,1,dev
2023120400,1753,13,0.9092841956059532,0.9081301454334132,1,dev
2023120400,1803,13,0.6589147286821706,0.6833073904612422,0,dev
2023120400,1945,13,0.5,0.4987632190702081,0,dev
2023120400,1968,13,0.9092841956059532,0.9025967603062329,1,dev
2023120400,2064,13,0.8288288288288288,0.7979103554988743,1,dev
2023120400,2089,13,0.8627204030226701,0.8519444519794627,1,dev
2023120400,2160,13,0.41818181818181815,0.44320804802495584,1,dev
2023120400,2210,13,0.03296703296703297,0.07322890296621282,0,dev
2023120400,2257,13,0.9092841956059532,0.8976809332973678,1,dev
2023120400,2380,13,0.6571428571428571,0.6294689470102007,1,dev
2023120400,2409,13,0.840531561461794,0.8447590228763574,1,dev
2023120400,2457,13,0.325,0.2871974399273472,1,dev
2023120400,2589,13,0.9092841956059532,0.9135354875236957,1,dev
2023120400,2865,13,0.753968253968254,0.703064028671618,1,dev
2023120400,2958,13,0.13,0.1939293611408734,0,dev
2023120400,3063,13,0.9092841956059532,0.9102478726132667,1,dev
2023120400,3137,13,0.8627204030226701,0.8627040519794895,1,dev
2023120400,3162,13,0.77728285077951,0.7334381499498762,0,dev
2023120400,3185,13,0.9222585924713584,0.9260830942914643,1,dev
2023120400,3293,13,0.25874125874125875,0.2795511873335089,1,dev
2023120400,3375,13,0.8681318681318682,0.8763906722600193,1,dev
2023120400,3453,13,0.9222585924713584,0.9283204476171549,1,dev
2023120400,3529,13,0.9222585924713584,0.9249391242913159,1,dev
2023120400,3708,13,0.77728285077951,0.7718908341597734,1,dev
2023120400,3821,13,0.004310344827586207,0.016818957670539515,0,dev
2023120400,3851,13,0.9395248380129589,0.9443591117146628,1,dev
2023120400,3876,13,0.9395248380129589,0.9447723620020888,1,dev
2023120400,3901,13,0.9092841956059532,0.913369325794913,1,dev
2023120400,3931,13,0.9395248380129589,0.9489045315004865,1,dev
2023120400,4087,13,0.6589147286821706,0.6642818804118936,1,dev
2023120400,4119,13,0.9092841956059532,0.9034342163238136,1,dev
2023120400,4214,13,0.9395248380129589,0.946880576153777,1,dev
2023120400,4239,13,0.9395248380129589,0.9385221571284175,1,dev
2023120400,4323,13,0.8348348348348347,0.8279624325525675,1,dev
2023120400,4462,13,0.41818181818181815,0.4537293968698625,1,dev
2023120400,4548,13,0.8757396449704142,0.881536884116126,1,dev
2023120400,4605,13,0.9222585924713584,0.9325762634467011,1,dev
2023120700,82,14,0.9395248380129589,0.9422825949173612,1,dev
2023120700,107,14,0.44370860927152306,0.4791654976248203,1,dev
2023120700,236,14,0.9222585924713584,0.9341150325271925,1,dev
2023120700,416,14,0.77728285077951,0.788823147042865,1,dev
2023120700,542,14,0.005952380952380952,0.05379750941163579,0,dev
2023120700,674,14,0.77728285077951,0.7918859172902534,0,dev
2023120700,769,14,0.9092841956059532,0.9165684293074328,1,dev
2023120700,794,14,0.6589147286821706,0.6494421891129367,1,dev
2023120700,842,14,0.44370860927152306,0.4658481892818514,0,dev
2023120700,865,14,0.5,0.5171392101747767,0,dev
2023120700,943,14,0.9222585924713584,0.9211060744372358,1,dev
2023120700,1094,14,0.5533707865168538,0.5583616761678973,1,dev
2023120700,1180,14,0.9395248380129589,0.9414152369289649,1,dev
2023120700,1205,14,0.3465346534653465,0.30998927757896105,0,dev
2023120700,1277,14,0.9092841956059532,0.8973937309089774,0,dev
2023120700,1312,14,0.7197452229299363,0.699503204311006,1,dev
2023120700,1412,14,0.07894736842105263,0.11182838597648344,0,dev
2023120700,1483,14,0.8348348348348347,0.8305625439591733,1,dev
2023120700,1508,14,0.9222585924713584,0.9326448922055266,1,dev
2023120700,1533,14,0.6571428571428571,0.5829903356904996,1,dev
2023120700,1637,14,0.9395248380129589,0.9517737316531476,1,dev
2023120700,1789,14,0.5533707865168538,0.5550648260390799,1,dev
2023120700,1893,14,0.8627204030226701,0.8706553616747341,1,dev
2023120700,1930,14,0.8288288288288288,0.7973616213747367,1,dev
2023120700,1955,14,0.9222585924713584,0.9314129025009015,0,dev
2023120700,1985,14,0.41818181818181815,0.4532040290369065,1,dev
2023120700,2217,14,0.7583333333333333,0.7224247368662118,1,dev
2023120700,2264,14,0.9092841956059532,0.9172708307918455,1,dev
2023120700,2333,14,0.9395248380129589,0.9482287162800506,1,dev
2023120700,2432,14,0.6571428571428571,0.6047829889918154,0,dev
2023120700,2569,14,0.8627204030226701,0.8598163719215314,1,dev
2023120700,2655,14,0.77728285077951,0.786303896535069,1,dev
2023120700,2709,14,0.6571428571428571,0.6322173008284595,1,dev
2023120700,2934,14,0.9135802469135802,0.9198258961229872,1,dev
2023120700,2959,14,0.9395248380129589,0.9362128326854793,1,dev
2023120700,3011,14,0.21666666666666667,0.23044341443969224,0,dev
2023120700,3076,14,0.9222585924713584,0.925705218131739,1,dev
2023120700,3231,14,0.95,0.9544721226477555,1,dev
2023120700,3322,14,0.9092841956059532,0.9180734305397628,1,dev
2023120700,3370,14,0.8681318681318682,0.8771399626278292,1,dev
2023120700,3425,14,0.3534675615212528,0.3509013360592435,1,dev
2023120700,3479,14,0.9092841956059532,0.9141600556692755,1,dev
2023120700,3529,14,0.004310344827586207,0.026792682597781364,0,dev
2023120700,3693,14,0.9222585924713584,0.9256538048373575,0,dev
2023120700,3716,14,0.9092841956059532,0.898342493955782,1,dev
2023120700,3741,14,0.004310344827586207,0.023405080002949007,0,dev
2023120700,3764,14,0.9395248380129589,0.9418387047627735,1,dev
2023120700,3794,14,0.7583333333333333,0.7227002516717003,0,dev
2023120700,3817,14,0.11059907834101383,0.17776479136871634,0,dev
2023120700,4016,14,0.9092841956059532,0.9167563053616327,1,dev
2023120700,4046,14,0.9222585924713584,0.9295783099190341,1,dev
2023121000,77,14,0.8681318681318682,0.8776564868485289,1,dev
2023121000,124,14,0.8348348348348347,0.8182951874594446,1,dev
2023121000,149,14,0.9092841956059532,0.9159948814405395,1,dev
2023121000,196,14,0.21666666666666667,0.23781566821686279,1,dev
2023121000,311,14,0.8681318681318682,0.8782165834371295,1,dev
2023121000,395,14,0.8348348348348347,0.8396733753748088,1,dev
2023121000,540,14,0.77728285077951,0.7731548442994001,1,dev
2023121000,565,14,0.77728285077951,0.7718490297696471,1,dev
2023121000,641,14,0.3534675615212528,0.3366824099439732,0,dev
2023121000,707,14,0.3534675615212528,0.342493197482471,0,dev
2023121000,752,14,0.5533707865168538,0.5727617061107576,0,dev
2023121000,972,14,0.9092841956059532,0.9073181534917882,1,dev
2023121000,1028,14,0.8288288288288288,0.8009948511168294,1,dev
2023121000,1083,14,0.9222585924713584,0.9307117969118338,1,dev
2023121000,1176,14,0.9092841956059532,0.9059096353877342,1,dev
2023121000,1245,14,0.8245614035087719,0.7933599822548855,1,dev
2023121000,1322,14,0.9222585924713584,0.9239286235710872,1,dev
2023121000,1369,14,0.9092841956059532,0.9150347918859097,1,dev
2023121000,1428,14,0.8348348348348347,0.8401530253076277,1,dev
2023121000,1523,14,0.25874125874125875,0.2758128673781851,0,dev
2023121000,1724,14,0.3534675615212528,0.35531384706985597,0,dev
2023121000,1813,14,0.41818181818181815,0.4387248377252768,1,dev
2023121000,1838,14,0.9222585924713584,0.9233484529153085,1,dev
2023121000,1875,14,0.5,0.49174204104757246,0,dev
2023121000,2024,14,0.8348348348348347,0.8225578329608021,1,dev
2023121000,2132,14,0.8627204030226701,0.8612615432826584,1,dev
2023121000,2193,14,0.9092841956059532,0.9158069633503515,0,dev
2023121000,2294,14,0.3861788617886179,0.40567616173253707,0,dev
2023121000,2324,14,0.840531561461794,0.8478166442459751,0,dev
2023121000,2347,14,0.3861788617886179,0.4081652294299582,0,dev
2023121000,2449,14,0.77728285077951,0.730599929169331,0,dev
2023121000,2534,14,0.15942028985507245,0.21461097641662574,0,dev
2023121000,2557,14,0.8627204030226701,0.8629673950868533,1,dev
2023121000,2582,14,0.15942028985507245,0.2242138328945467,0,dev
2023121000,2746,14,0.9092841956059532,0.9070085057205229,1,dev
2023121000,2793,14,0.005952380952380952,0.044748117840130185,0,dev
2023121000,2895,14,0.9395248380129589,0.9491743437219534,1,dev
2023121000,2920,14,0.9092841956059532,0.9086354523788758,1,dev
2023121000,3022,14,0.3861788617886179,0.38973658880205814,0,dev
2023121000,3045,14,0.44370860927152306,0.47585443199276045,0,dev
2023121000,3158,14,0.07894736842105263,0.1220749357523018,0,dev
2023121000,3379,14,0.8851674641148325,0.8866765480881449,1,dev
2023121000,3578,14,0.9222585924713584,0.9314874682108084,1,dev
2023121000,3630,14,0.07894736842105263,0.09464788453402646,0,dev
2023121000,3675,14,0.7197452229299363,0.6852498139712202,0,dev
2023121000,3769,14,0.11059907834101383,0.14371279459485733,1,dev
2023121000,4119,14,0.77728285077951,0.7874119864973119,0,dev
2023121000,4142,14,0.11059907834101383,0.13816597467650776,0,dev
2023121000,4165,14,0.5533707865168538,0.5247269404993959,1,dev
2023121000,4291,14,0.9222585924713584,0.9220278794378475,1,dev
2023121000,4316,14,0.77728285077951,0.7848235088370303,1,dev
2023121000,4348,14,0.8627204030226701,0.8528307424145312,0,dev
2023121000,4378,14,0.9222585924713584,0.9226131692640782,1,dev
2023121000,4426,14,0.5533707865168538,0.5496081195739391,1,dev
2023121001,84,14,0.9092841956059532,0.918040432472564,1,dev
2023121001,114,14,0.9395248380129589,0.9436659679433023,1,dev
2023121001,435,14,0.3465346534653465,0.30140638101323264,0,dev
2023121001,481,14,0.004310344827586207,0.014909260540555233,0,dev
2023121001,547,14,0.005952380952380952,0.053078784699548714,0,dev
2023121001,570,14,0.9395248380129589,0.9458649121844708,1,dev
2023121001,595,14,0.004310344827586207,0.03927045346478752,0,dev
2023121001,690,14,0.9222585924713584,0.9211911335658874,1,dev
2023121001,745,14,0.8627204030226701,0.8735115350358681,1,dev
2023121001,872,14,0.8627204030226701,0.8742249256968865,1,dev
2023121001,996,14,0.7197452229299363,0.6973563628854508,1,dev
2023121001,1032,14,0.9222585924713584,0.9279415008450631,1,dev
2023121001,1138,14,0.8348348348348347,0.833041798851024,1,dev
2023121001,1251,14,0.13,0.20927206612994365,0,dev
2023121001,1279,14,0.8288288288288288,0.8084370520548136,1,dev
2023121001,1304,14,0.8288288288288288,0.8090711642758033,1,dev
2023121001,1390,14,0.8288288288288288,0.7993079723569764,1,dev
2023121001,1533,14,0.9222585924713584,0.9320655473359881,1,dev
2023121001,1563,14,0.5533707865168538,0.5330916991381734,0,dev
2023121001,1870,14,0.8757396449704142,0.8814210027750935,1,dev
2023121001,1895,14,0.9092841956059532,0.9151669161056025,1,dev
2023121001,2020,14,0.11059907834101383,0.151406114453279,0,dev
2023121001,2043,14,0.9092841956059532,0.9058237753784988,1,dev
2023121001,2073,14,0.9092841956059532,0.9153247150096728,1,dev
2023121001,2125,14,0.8851674641148325,0.8842801193859294,1,dev
2023121001,2160,14,0.9092841956059532,0.8974649288212276,1,dev
2023121001,2185,14,0.8627204030226701,0.8718290824100978,0,dev
2023121001,2213,14,0.8757396449704142,0.881266812123872,1,dev
2023121001,2293,14,0.8851674641148325,0.8848585905485696,1,dev
2023121001,2419,14,0.9395248380129589,0.9438060047934562,1,dev
2023121001,2447,14,0.5533707865168538,0.5361892600175191,0,dev
2023121001,2881,14,0.9395248380129589,0.9456075411602465,1,dev
2023121001,2955,14,0.8348348348348347,0.8272672402865189,0,dev
2023121001,3075,14,0.8348348348348347,0.821992183001649,1,dev
2023121001,3100,14,0.8348348348348347,0.8256466902281427,1,dev
2023121001,3314,14,0.9092841956059532,0.9043575521788448,1,dev
2023121001,3359,14,0.9088785046728972,0.8956674071378419,0,dev
2023121001,3382,14,0.9395248380129589,0.9366459175817959,1,dev
2023121001,3433,14,0.9092841956059532,0.8980436518832262,1,dev
2023121001,3480,14,0.9088785046728972,0.8967427140006341,0,dev
2023121001,3568,14,0.9092841956059532,0.8985593703421186,0,dev
2023121001,3613,14,0.9222585924713584,0.9358243408813306,0,dev
2023121001,3713,14,0.3861788617886179,0.4048193788271691,1,dev
2023121001,3820,14,0.77728285077951,0.7474891334705626,1,dev
2023121001,3845,14,0.753968253968254,0.7020595421068755,1,dev
2023121001,3892,14,0.9395248380129589,0.9479349862336868,1,dev
2023121001,3944,14,0.8245614035087719,0.795374234050583,1,dev
2023121001,4058,14,0.8627204030226701,0.8591509699040875,0,dev
2023121001,4081,14,0.9395248380129589,0.9511808000501705,1,dev
2023121001,4145,14,0.8348348348348347,0.8371023361588448,1,dev
2023121001,4170,14,0.9395248380129589,0.9404366956923867,1,dev
2023121001,4218,14,0.5,0.49037905358401257,1,dev
2023121001,4266,14,0.9088785046728972,0.8914449080038456,1,dev
2023121001,4296,14,0.9395248380129589,0.9420840894639795,1,dev
2023121001,4388,14,0.77728285077951,0.7856626128716888,1,dev
2023121001,4466,14,0.8627204030226701,0.8609668514885835,1,dev
2023121001,4496,14,0.41818181818181815,0.43757941343928436,1,dev
2023121001,4521,14,0.9222585924713584,0.9213966967945404,1,dev
2023121001,4590,14,0.0,0.011432751296220942,0,dev
2023121001,4750,14,0.004310344827586207,0.040054158828043925,0,dev
2023121001,4773,14,0.0,0.01318783326521028,0,dev
2023121001,4859,14,0.004310344827586207,0.020391235831529287,0,dev
2023121001,4906,14,0.9395248380129589,0.9438613748928075,0,dev
2023121002,84,14,0.8348348348348347,0.8198952125565143,1,dev
2023121002,131,14,0.9135802469135802,0.9200735312494228,1,dev
2023121002,344,14,0.3534675615212528,0.32237172751351606,1,dev
2023121002,369,14,0.77728285077951,0.7365984201933055,1,dev
2023121002,428,14,0.9395248380129589,0.9360242985458869,1,dev
2023121002,658,14,0.77728285077951,0.7737390964630633,1,dev
2023121002,938,14,0.8288288288288288,0.8073015192155738,0,dev
2023121002,1063,14,0.8627204030226701,0.8529019539333693,1,dev
2023121002,1328,14,0.77728285077951,0.7635562707224549,1,dev
2023121002,1592,14,0.6589147286821706,0.6601243037383236,1,dev
2023121002,1617,14,0.77728285077951,0.7779542886659838,1,dev
2023121002,1798,14,0.9092841956059532,0.9153336764419847,1,dev
2023121002,1823,14,0.6571428571428571,0.6227827050263981,1,dev
2023121002,1896,14,0.3534675615212528,0.37615329572653694,0,dev
2023121002,1985,14,0.15942028985507245,0.2292609393436574,0,dev
2023121002,2032,14,0.21666666666666667,0.2343892683542469,0,dev
2023121002,2165,14,0.9222585924713584,0.9300389881989617,1,dev
2023121002,2190,14,0.07894736842105263,0.08889272404728706,0,dev
2023121002,2213,14,0.6571428571428571,0.5907884456558051,1,dev
2023121002,2238,14,0.6589147286821706,0.6751664253681308,1,dev
2023121002,2307,14,0.8851674641148325,0.8863119793990054,1,dev
2023121002,2467,14,0.21666666666666667,0.2465953157847279,0,dev
2023121002,2490,14,0.03296703296703297,0.06791464412083632,0,dev
2023121002,2513,14,0.9092841956059532,0.9157311345981327,1,dev
2023121002,2607,14,0.9395248380129589,0.9420093767375615,1,dev
2023121002,2632,14,0.9092841956059532,0.9051658111802784,1,dev
2023121002,2757,14,0.07894736842105263,0.08990967330894538,0,dev
2023121002,2840,14,0.15942028985507245,0.2203836149306375,0,dev
2023121002,2863,14,0.6589147286821706,0.6543810215624465,1,dev
2023121002,2888,14,0.77728285077951,0.7346619326547122,1,dev
2023121002,3021,14,0.6589147286821706,0.6529380520473893,1,dev
2023121002,3197,14,0.9395248380129589,0.938724048873793,1,dev
2023121002,3242,14,0.6571428571428571,0.6410323345662878,0,dev
2023121002,3348,14,0.9092841956059532,0.9133677953325507,1,dev
2023121002,3378,14,0.9092841956059532,0.9167479112275071,1,dev
2023121002,3403,14,0.8627204030226701,0.8529525959947595,1,dev
2023121002,3474,14,0.7583333333333333,0.7264085383254903,0,dev
2023121002,3497,14,0.44370860927152306,0.4800272549044524,1,dev
2023121002,3544,14,0.7197452229299363,0.6889331089230043,1,dev
2023121002,3569,14,0.11059907834101383,0.16071902377889163,0,dev
2023121002,3635,14,0.77728285077951,0.7489862141244716,1,dev
2023121002,3752,14,0.6571428571428571,0.6169464027648287,0,dev
2023121002,3800,14,0.9092841956059532,0.904958562968242,1,dev
2023121002,3853,14,0.8348348348348347,0.8192579718320016,0,dev
2023121002,3896,14,0.8348348348348347,0.8401021245560606,0,dev
2023121002,3948,14,0.11059907834101383,0.15259600464050938,0,dev
2023121002,4052,14,0.7583333333333333,0.7220938616933201,1,dev
2023121002,4104,14,0.4155844155844156,0.42963543243102076,0,dev
2023121003,76,14,0.9092841956059532,0.9125967562593253,1,dev
2023121003,101,14,0.005952380952380952,0.05098950863869678,0,dev
2023121003,172,14,0.8348348348348347,0.8188088496823662,1,dev
2023121003,239,14,0.77728285077951,0.7505745301934148,1,dev
2023121003,271,14,0.8348348348348347,0.822047464737077,1,dev
2023121003,318,14,0.8288288288288288,0.8008001873287623,1,dev
2023121003,343,14,0.5533707865168538,0.5695762530292796,0,dev
2023121003,386,14,0.9222585924713584,0.9351051243653246,1,dev
2023121003,440,14,0.8627204030226701,0.8705726933562768,1,dev
2023121003,529,14,0.9395248380129589,0.937595280827095,1,dev
2023121003,554,14,0.6571428571428571,0.6289294474459756,1,dev
2023121003,621,14,0.5,0.4993541906783137,1,dev
2023121003,759,14,0.5533707865168538,0.5380759844817068,0,dev
2023121003,782,14,0.9135802469135802,0.9195278971393507,1,dev
2023121003,899,14,0.9395248380129589,0.9361005246477004,1,dev
2023121003,954,14,0.25874125874125875,0.27219074943738686,0,dev
2023121003,1000,14,0.9092841956059532,0.8993209785307159,1,dev
2023121003,1299,14,0.9222585924713584,0.9250345904530647,0,dev
2023121003,1322,14,0.9222585924713584,0.9241970225369999,1,dev
2023121003,1358,14,0.9092841956059532,0.9067135850254046,1,dev
2023121003,1383,14,0.5,0.507215422218492,0,dev
2023121003,1428,14,0.8681318681318682,0.8764827208311139,1,dev
2023121003,1453,14,0.8348348348348347,0.8333333201259868,0,dev
2023121003,1476,14,0.3534675615212528,0.37517454559743385,1,dev
2023121003,1664,14,0.8288288288288288,0.8107993107606863,1,dev
2023121003,1823,14,0.9092841956059532,0.9105366026700543,0,dev
2023121003,1880,14,0.77728285077951,0.785362647722564,0,dev
2023121003,2134,14,0.8627204030226701,0.8546275892202857,1,dev
2023121003,2159,14,0.6571428571428571,0.5796907615857495,1,dev
2023121003,2233,14,0.9222585924713584,0.9312412802262673,1,dev
2023121003,2322,14,0.9222585924713584,0.9318794637706093,1,dev
2023121003,2379,14,0.25874125874125875,0.2621785835852513,0,dev
2023121003,2402,14,0.07894736842105263,0.1077620421905664,0,dev
2023121003,2493,14,0.77728285077951,0.7884609009189519,1,dev
2023121003,2518,14,0.9092841956059532,0.9053564874699395,1,dev
2023121003,2565,14,0.77728285077951,0.7754293739881004,1,dev
2023121003,2645,14,0.8627204030226701,0.8587691154101137,1,dev
2023121003,2821,14,0.77728285077951,0.7672243915839052,1,dev
2023121003,2846,14,0.3534675615212528,0.3706467262554291,0,dev
2023121003,2969,14,0.9092841956059532,0.9004956419591806,0,dev
2023121003,3024,14,0.7583333333333333,0.7243735067264611,1,dev
2023121003,3241,14,0.9135802469135802,0.9198797504628443,1,dev
2023121003,3266,14,0.9395248380129589,0.9417222584588708,1,dev
2023121003,3291,14,0.9092841956059532,0.916138767313468,1,dev
2023121003,3316,14,0.07894736842105263,0.09578367380604721,1,dev
2023121003,3375,14,0.07894736842105263,0.08856349506592137,0,dev
2023121003,3589,14,0.9222585924713584,0.9284550316700255,1,dev
2023121003,3614,14,0.9395248380129589,0.9410271888966667,1,dev
2023121003,3639,14,0.9222585924713584,0.9357856201676563,1,dev
2023121003,3703,14,0.9222585924713584,0.9267930194351052,1,dev
2023121003,3728,14,0.9092841956059532,0.911998715523001,0,dev
2023121004,103,14,0.9092841956059532,0.9168133045858404,1,dev
2023121004,150,14,0.77728285077951,0.7842871124202878,1,dev
2023121004,175,14,0.9222585924713584,0.9318422895394889,1,dev
2023121004,277,14,0.9222585924713584,0.9248270322070196,1,dev
2023121004,357,14,0.9088785046728972,0.8959736824687086,0,dev
2023121004,475,14,0.9092841956059532,0.9052056772821004,1,dev
2023121004,788,14,0.9222585924713584,0.923607488903796,1,dev
2023121004,820,14,0.8288288288288288,0.8092628669116608,0,dev
2023121004,843,14,0.840531561461794,0.8490513756572282,1,dev
2023121004,1029,14,0.8288288288288288,0.7984784115434719,1,dev
2023121004,1083,14,0.3861788617886179,0.4250994123880332,0,dev
2023121004,1153,14,0.41818181818181815,0.4579251475211861,0,dev
2023121004,1196,14,0.44370860927152306,0.4691492749270701,1,dev
2023121004,1246,14,0.8288288288288288,0.8091388991458767,1,dev
2023121004,1293,14,0.9395248380129589,0.9461417820798301,1,dev
2023121004,1391,14,0.8757396449704142,0.8826541842186229,1,dev
2023121004,1570,14,0.9222585924713584,0.9215409532510049,1,dev
2023121004,1680,14,0.6571428571428571,0.6318931680297505,1,dev
2023121004,1759,14,0.325,0.2849646750638696,1,dev
2023121004,1845,14,0.7197452229299363,0.6934406902466715,1,dev
2023121004,1917,14,0.8288288288288288,0.802738248259476,1,dev
2023121004,2046,14,0.8288288288288288,0.801291212273607,1,dev
2023121004,2169,14,0.5,0.5134666337780813,1,dev
2023121004,2283,14,0.95,0.9549098327835966,1,dev
2023121004,2313,14,0.5533707865168538,0.5283110315713322,1,dev
2023121004,2434,14,0.840531561461794,0.8446425104912207,1,dev
2023121004,2522,14,0.8288288288288288,0.7998908681326324,0,dev
2023121004,2588,14,0.3534675615212528,0.3263703924432417,0,dev
2023121004,2611,14,0.8627204030226701,0.8744529044603205,1,dev
2023121004,2669,14,0.7197452229299363,0.6981930558061705,1,dev
2023121004,2694,14,0.840531561461794,0.8513116881304547,0,dev
2023121004,2859,14,0.3861788617886179,0.42168852794691325,0,dev
2023121004,2906,14,0.8288288288288288,0.8097015762682812,1,dev
2023121004,2969,14,0.9092841956059532,0.897570878637275,1,dev
2023121004,3042,14,0.9092841956059532,0.906464733854068,1,dev
2023121004,3201,14,0.8851674641148325,0.8856394767412296,1,dev
2023121004,3312,14,0.9395248380129589,0.9379228906081277,1,dev
2023121004,3384,14,0.3861788617886179,0.39201185943952477,1,dev
2023121004,3572,14,0.8288288288288288,0.8028523460930165,1,dev
2023121004,3597,14,0.6571428571428571,0.6228842818926498,1,dev
2023121004,3627,14,0.9092841956059532,0.9118937759871525,1,dev
2023121004,3652,14,0.9092841956059532,0.8979536590469693,1,dev
2023121004,3703,14,0.5533707865168538,0.5481563498437119,0,dev
2023121004,3796,14,0.9135802469135802,0.9188757656260362,1,dev
2023121004,3848,14,0.6571428571428571,0.6135108139209221,1,dev
2023121004,3895,14,0.004310344827586207,0.026260708278273648,0,dev
2023121004,3918,14,0.9092841956059532,0.9099623762771294,1,dev
2023121004,3982,14,0.8757396449704142,0.8812111763035544,1,dev
2023121004,4068,14,0.9222585924713584,0.9321843136860716,1,dev
2023121004,4115,14,0.8627204030226701,0.8639842709426302,1,dev
2023121004,4140,14,0.004310344827586207,0.02895957040194512,0,dev
2023121004,4163,14,0.8348348348348347,0.8198860195047941,1,dev
2023121004,4198,14,0.4155844155844156,0.4327246378882008,1,dev
2023121004,4298,14,0.3861788617886179,0.4210522577807392,0,dev
2023121004,4401,14,0.9222585924713584,0.9208378252962187,1,dev
2023121004,4483,14,0.9222585924713584,0.929304499544749,0,dev
2023121004,4556,14,0.005952380952380952,0.04545232832873538,0,dev
2023121004,4601,14,0.44370860927152306,0.46958869958843036,0,dev
2023121004,4642,14,0.9092841956059532,0.9001493977580515,1,dev
2023121004,4672,14,0.840531561461794,0.8505479227788473,0,dev
2023121004,4711,14,0.0,0.013201028393671614,0,dev
2023121004,4758,14,0.44370860927152306,0.48429251132755785,0,dev
2023121004,4841,14,0.3534675615212528,0.33225991793625137,0,dev
2023121004,4929,14,0.9395248380129589,0.9411951936376598,1,dev
2023121004,4962,14,0.9088785046728972,0.8961312575287164,1,dev
2023121004,4994,14,0.9395248380129589,0.9531620156825256,1,dev
2023121004,5019,14,0.07894736842105263,0.09534254347069339,0,dev
2023121004,5117,14,0.4155844155844156,0.4265314495625455,0,dev
2023121004,5147,14,0.3534675615212528,0.3290419063678358,0,dev
2023121004,5170,14,0.8348348348348347,0.8165276955221324,1,dev
2023121005,86,14,0.07894736842105263,0.08911402590171419,0,dev
2023121005,119,14,0.004310344827586207,0.022714096447475136,0,dev
2023121005,190,14,0.8348348348348347,0.8258908215273052,1,dev
2023121005,215,14,0.8627204030226701,0.8578152192749953,1,dev
2023121005,262,14,0.9092841956059532,0.9132247043423068,1,dev
2023121005,500,14,0.9092841956059532,0.9027175017244946,1,dev
2023121005,574,14,0.8245614035087719,0.7950325710197863,1,dev
2023121005,755,14,0.8348348348348347,0.8248829373197799,1,dev
2023121005,1073,14,0.3861788617886179,0.41176264319320305,0,dev
2023121005,1154,14,0.21666666666666667,0.2505659050596001,0,dev
2023121005,1208,14,0.325,0.2857019872136421,0,dev
2023121005,1274,14,0.9092841956059532,0.9086594903361801,1,dev
2023121005,1345,14,0.9222585924713584,0.9241233817323811,1,dev
2023121005,1410,14,0.5,0.5149083951816427,0,dev
2023121005,1510,14,0.5533707865168538,0.5338209799256699,0,dev
2023121005,1749,14,0.8627204030226701,0.8739313887202913,1,dev
2023121005,1830,14,0.9222585924713584,0.9288358410133463,1,dev
2023121005,1862,14,0.5,0.5204378115522177,0,dev
2023121005,1892,14,0.9222585924713584,0.9209016853539929,1,dev
2023121005,1922,14,0.8757396449704142,0.8794572317559721,1,dev
2023121005,1999,14,0.03296703296703297,0.06973912740172429,0,dev
2023121005,2022,14,0.25874125874125875,0.2828026472911156,0,dev
2023121005,2045,14,0.004310344827586207,0.02216457236861921,0,dev
2023121005,2238,14,0.9222585924713584,0.9214780028337364,1,dev
2023121005,2263,14,0.9092841956059532,0.9024965932016841,1,dev
2023121005,2288,14,0.21666666666666667,0.23649570601326092,0,dev
2023121005,2368,14,0.9092841956059532,0.9058661241572491,1,dev
2023121005,2450,14,0.8348348348348347,0.8326245730855449,0,dev
2023121005,2473,14,0.8681318681318682,0.8778170746385916,1,dev
2023121005,2503,14,0.8348348348348347,0.8222813773841658,1,dev
2023121005,2836,14,0.8348348348348347,0.8176338507916675,1,dev
2023121005,2975,14,0.9395248380129589,0.9397025922569198,1,dev
2023121005,3029,14,0.7583333333333333,0.7220384304687645,0,dev
2023121005,3183,14,0.9395248380129589,0.9516610342552986,1,dev
2023121005,3248,14,0.9092841956059532,0.9082515628519763,1,dev
2023121005,3277,14,0.6589147286821706,0.6778471931606608,0,dev
2023121005,3300,14,0.7583333333333333,0.7155378366294224,1,dev
2023121005,3377,14,0.3465346534653465,0.30761178565222624,1,dev
2023121005,3402,14,0.3861788617886179,0.4131348028324721,1,dev
2023121005,3468,14,0.004310344827586207,0.01478147006637311,0,dev
2023121005,3537,14,0.005952380952380952,0.041815255424483215,0,dev
2023121005,3636,14,0.8288288288288288,0.8129328236149821,1,dev
2023121005,3722,14,0.07894736842105263,0.09913311809862894,0,dev
2023121005,3823,14,0.9222585924713584,0.9287327729437903,1,dev
2023121005,3876,14,0.8288288288288288,0.7974514685978563,1,dev
2023121005,3906,14,0.9222585924713584,0.9313225776472654,1,dev
2023121005,3931,14,0.13,0.2059625233549194,0,dev
2023121006,77,14,0.77728285077951,0.7579659363537964,1,dev
2023121006,127,14,0.8757396449704142,0.882068278230804,1,dev
2023121006,248,14,0.840531561461794,0.842737469729646,1,dev
2023121006,308,14,0.77728285077951,0.7472182646096982,1,dev
2023121006,555,14,0.9092841956059532,0.9149568840582337,1,dev
2023121006,580,14,0.3534675615212528,0.36539080758877124,0,dev
2023121006,751,14,0.9092841956059532,0.9123778347364551,1,dev
2023121006,1062,14,0.5533707865168538,0.5521324520289268,0,dev
2023121006,1162,14,0.9088785046728972,0.8909277611713736,1,dev
2023121006,1218,14,0.8627204030226701,0.8536400130849449,1,dev
2023121006,1270,14,0.753968253968254,0.7088668148093132,0,dev
2023121006,1400,14,0.13,0.18644814918192765,0,dev
2023121006,1495,14,0.11059907834101383,0.17582272623934198,0,dev
2023121006,1661,14,0.6589147286821706,0.6739768993926173,0,dev
2023121006,1756,14,0.8757396449704142,0.8806266098758894,0,dev
2023121006,1840,14,0.9222585924713584,0.923154942973343,1,dev
2023121006,1912,14,0.13,0.20443228679214623,0,dev
2023121006,2060,14,0.8288288288288288,0.8073049398074089,1,dev
2023121006,2085,14,0.5533707865168538,0.5529708380169743,1,dev
2023121006,2113,14,0.8627204030226701,0.86216483105305,1,dev
2023121006,2184,14,0.3465346534653465,0.30528612209749834,0,dev
2023121006,2207,14,0.6589147286821706,0.6644026620214387,1,dev
2023121006,2232,14,0.8627204030226701,0.8598734242176255,1,dev
2023121006,2296,14,0.3861788617886179,0.4038779177698344,0,dev
2023121006,2413,14,0.44370860927152306,0.47589992347811,1,dev
2023121006,2480,14,0.44370860927152306,0.4841658285079306,1,dev
2023121006,2583,14,0.8627204030226701,0.8524831852463147,1,dev
2023121006,2608,14,0.9222585924713584,0.9254849812876323,1,dev
2023121006,2716,14,0.3534675615212528,0.32919485882322785,0,dev
2023121006,2739,14,0.6589147286821706,0.6672227179471516,0,dev
2023121006,2811,14,0.9092841956059532,0.9075347350719657,1,dev
2023121006,2901,14,0.8288288288288288,0.7972370411108287,1,dev
2023121006,2931,14,0.9222585924713584,0.9302198415706322,1,dev
2023121006,3136,14,0.77728285077951,0.7892474716797298,1,dev
2023121006,3161,14,0.9222585924713584,0.922843792186576,1,dev
2023121006,3233,14,0.9092841956059532,0.9093591599854675,1,dev
2023121006,3258,14,0.840531561461794,0.850412599649075,1,dev
2023121006,3308,14,0.8627204030226701,0.8609918773676944,1,dev
2023121006,3394,14,0.77728285077951,0.7398655679911381,1,dev
2023121006,3419,14,0.5533707865168538,0.5238804521019654,0,dev
2023121006,3442,14,0.03296703296703297,0.07894731451001043,0,dev
2023121006,3485,14,0.9092841956059532,0.9046931141875083,1,dev
2023121006,3616,14,0.6589147286821706,0.6654802591190315,1,dev
2023121006,3644,14,0.11059907834101383,0.15556403038294117,0,dev
2023121006,3671,14,0.5533707865168538,0.5680757917328205,0,dev
2023121006,3839,14,0.6571428571428571,0.6208556822862243,0,dev
2023121006,3862,14,0.840531561461794,0.8475100884913654,1,dev
2023121006,3907,14,0.5,0.502001019259467,0,dev
2023121007,62,14,0.77728285077951,0.7430080810870933,1,dev
2023121007,109,14,0.9092841956059532,0.905355618915775,1,dev
2023121007,228,14,0.8288288288288288,0.8032218798541191,1,dev
2023121007,253,14,0.004310344827586207,0.02499259091525902,0,dev
2023121007,401,14,0.35714285714285715,0.3879178448615903,0,dev
2023121007,485,14,0.8627204030226701,0.8541488967538414,0,dev
2023121007,626,14,0.8627204030226701,0.8575395710925127,1,dev
2023121007,651,14,0.8627204030226701,0.855045431884483,1,dev
2023121007,837,14,0.3534675615212528,0.3355839840209206,0,dev
2023121007,1027,14,0.6571428571428571,0.6215461735546327,1,dev
2023121007,1103,14,0.8627204030226701,0.8567796207023485,1,dev
2023121007,1150,14,0.9395248380129589,0.9465004104106982,1,dev
2023121007,1197,14,0.8348348348348347,0.823051125705505,1,dev
2023121007,1247,14,0.5533707865168538,0.5252945810585213,0,dev
2023121007,1277,14,0.7583333333333333,0.7264049107757902,0,dev
2023121007,1367,14,0.8627204030226701,0.8626982689137352,1,dev
2023121007,1399,14,0.9092841956059532,0.9107853301019169,0,dev
2023121007,1442,14,0.8627204030226701,0.8655714585338076,1,dev
2023121007,1496,14,0.77728285077951,0.766868786845541,0,dev
2023121007,1633,14,0.6589147286821706,0.6678349341426,0,dev
2023121007,1761,14,0.9395248380129589,0.9365573363537115,1,dev
2023121007,1786,14,0.8348348348348347,0.8252924189751882,0,dev
2023121007,1816,14,0.9092841956059532,0.8990233390069124,1,dev
2023121007,1944,14,0.77728285077951,0.7495202271320592,0,dev
2023121007,1974,14,0.753968253968254,0.7052432299144799,1,dev
2023121007,2029,14,0.004310344827586207,0.024930742819091342,0,dev
2023121007,2173,14,0.8288288288288288,0.8079932265599614,1,dev
2023121007,2198,14,0.9395248380129589,0.9383233476776731,1,dev
2023121007,2321,14,0.9395248380129589,0.9370122872098503,1,dev
2023121007,2390,14,0.9092841956059532,0.91776620489681,1,dev
2023121007,2539,14,0.9395248380129589,0.9462750850969947,1,dev
2023121007,2564,14,0.77728285077951,0.7646816913980837,1,dev
2023121007,2611,14,0.9395248380129589,0.9439371413128708,1,dev
2023121007,2732,14,0.8288288288288288,0.7981964623761398,1,dev
2023121007,2885,14,0.8348348348348347,0.8362472809322277,0,dev
2023121007,2983,14,0.9395248380129589,0.9375991664605745,1,dev
2023121007,3008,14,0.6589147286821706,0.6748100940262701,0,dev
2023121007,3240,14,0.3465346534653465,0.30010838142205803,1,dev
2023121007,3318,14,0.3534675615212528,0.3266397678836371,0,dev
2023121007,3341,14,0.9092841956059532,0.9075153858039761,1,dev
2023121007,3442,14,0.9395248380129589,0.9456337410732618,1,dev
2023121007,3504,14,0.9395248380129589,0.9368655467818972,1,dev
2023121007,3529,14,0.3534675615212528,0.3606956847051115,0,dev
2023121007,3552,14,0.77728285077951,0.7645727378824935,1,dev
2023121007,3622,14,0.9395248380129589,0.9495137829572938,1,dev
2023121007,3707,14,0.5,0.4897333517275852,1,dev
2023121007,3732,14,0.9092841956059532,0.9014100741092246,1,dev
2023121007,3760,14,0.9222585924713584,0.9337657054972367,1,dev
2023121007,4041,14,0.9395248380129589,0.9441049589455729,1,dev
2023121008,174,14,0.3861788617886179,0.39625859161002996,0,dev
2023121008,204,14,0.8348348348348347,0.8366690091293354,1,dev
2023121008,326,14,0.9092841956059532,0.9171397984605629,1,dev
2023121008,356,14,0.21666666666666667,0.25101460623893007,1,dev
2023121008,459,14,0.21666666666666667,0.23244694269075084,0,dev
2023121008,652,14,0.4155844155844156,0.4301777314988562,0,dev
2023121008,675,14,0.9092841956059532,0.9078568527937348,1,dev
2023121008,826,14,0.9395248380129589,0.9408518563345858,0,dev
2023121008,978,14,0.9092841956059532,0.9129494478631545,1,dev
2023121008,1046,14,0.9222585924713584,0.9234409047299695,1,dev
2023121008,1134,14,0.9222585924713584,0.9324919525094163,1,dev
2023121008,1237,14,0.25874125874125875,0.2683761647958281,0,dev
2023121008,1279,14,0.9222585924713584,0.9297365478686251,1,dev
2023121008,1358,14,0.9092841956059532,0.9094167916321808,1,dev
2023121008,1383,14,0.5533707865168538,0.549870402667084,1,dev
2023121008,1442,14,0.8348348348348347,0.8198496118245577,1,dev
2023121008,1467,14,0.9222585924713584,0.928209162293432,1,dev
2023121008,1517,14,0.9222585924713584,0.9217929398933528,1,dev
2023121008,1642,14,0.9092841956059532,0.8988978445014051,1,dev
2023121008,1738,14,0.9092841956059532,0.9105610335745143,1,dev
2023121008,1770,14,0.8627204030226701,0.8706750298984214,0,dev
2023121008,1954,14,0.13,0.1924347546864716,0,dev
2023121008,1977,14,0.9222585924713584,0.9324223922589394,1,dev
2023121008,2082,14,0.6589147286821706,0.6614315387412937,1,dev
2023121008,2107,14,0.9222585924713584,0.9350340829630023,1,dev
2023121008,2278,14,0.8627204030226701,0.8712941077438134,1,dev
2023121008,2404,14,0.5533707865168538,0.5247778333087196,1,dev
2023121008,2436,14,0.3534675615212528,0.35536229712617196,0,dev
2023121008,2503,14,0.9092841956059532,0.9145577991088133,1,dev
2023121008,2528,14,0.8627204030226701,0.8693528190893464,1,dev
2023121008,2655,14,0.9092841956059532,0.9010244728057359,1,dev
2023121008,2690,14,0.9088785046728972,0.8966741870628259,1,dev
2023121008,2762,14,0.9222585924713584,0.9321066847170443,1,dev
2023121008,2829,14,0.44370860927152306,0.4809825702597815,1,dev
2023121008,2953,14,0.3534675615212528,0.31580490432775976,1,dev
2023121008,3027,14,0.7197452229299363,0.6846831527813846,1,dev
2023121008,3074,14,0.3861788617886179,0.41490542856681745,0,dev
2023121008,3206,14,0.9092841956059532,0.913093154208913,1,dev
2023121008,3286,14,0.7583333333333333,0.7174016449222077,0,dev
2023121008,3356,14,0.9092841956059532,0.8970510473465373,1,dev
2023121008,3381,14,0.8851674641148325,0.8848767415982649,1,dev
2023121008,3495,14,0.9222585924713584,0.9274952613739196,1,dev
2023121008,3520,14,0.8757396449704142,0.8810429598104408,1,dev
2023121008,3659,14,0.8288288288288288,0.8108608073539049,1,dev
2023121009,77,14,0.9222585924713584,0.9283275935964518,1,dev
2023121009,106,14,0.9395248380129589,0.9453799093967535,1,dev
2023121009,153,14,0.004310344827586207,0.031342483030244915,0,dev
2023121009,247,14,0.9092841956059532,0.9007886670371259,1,dev
2023121009,299,14,0.8627204030226701,0.8539724303848912,0,dev
2023121009,371,14,0.9222585924713584,0.9342910897786948,1,dev
2023121009,536,14,0.9222585924713584,0.926691851042804,1,dev
2023121009,644,14,0.8627204030226701,0.8736635629394869,1,dev
2023121009,771,14,0.9395248380129589,0.947515313147996,1,dev
2023121009,816,14,0.3465346534653465,0.30111700057379087,0,dev
2023121009,942,14,0.9092841956059532,0.8978431279168971,1,dev
2023121009,1072,14,0.9222585924713584,0.9287897190180542,1,dev
2023121009,1272,14,0.3534675615212528,0.3524109113608316,0,dev
2023121009,1295,14,0.5,0.4926905617287529,1,dev
2023121009,1320,14,0.8757396449704142,0.8823492637712347,1,dev
2023121009,1372,14,0.9222585924713584,0.9225388627477366,0,dev
2023121009,1395,14,0.8627204030226701,0.8625950401912805,0,dev
2023121009,1478,14,0.9088785046728972,0.8891410237536903,1,dev
2023121009,1527,14,0.9092841956059532,0.9164991301243975,1,dev
2023121009,1612,14,0.77728285077951,0.7673600489580708,1,dev
2023121009,1703,14,0.9222585924713584,0.9276525580808755,1,dev
2023121009,1728,14,0.9092841956059532,0.9161012319146665,1,dev
2023121009,1817,14,0.77728285077951,0.7315101291594016,1,dev
2023121009,1877,14,0.7197452229299363,0.6977944635830247,1,dev
2023121009,1914,14,0.6571428571428571,0.6162182308421555,0,dev
2023121009,1937,14,0.9092841956059532,0.9069670726536061,1,dev
2023121009,2031,14,0.77728285077951,0.7643548718177872,1,dev
2023121009,2056,14,0.21666666666666667,0.24304575306249385,0,dev
2023121009,2079,14,0.9092841956059532,0.9025918981782447,1,dev
2023121009,2109,14,0.9222585924713584,0.9293525804532798,1,dev
2023121009,2134,14,0.11059907834101383,0.14888879346135697,0,dev
2023121009,2331,14,0.9092841956059532,0.9062935479698715,1,dev
2023121009,2502,14,0.9222585924713584,0.926182960876538,1,dev
2023121009,2657,14,0.9222585924713584,0.9211664082689621,1,dev
2023121009,2682,14,0.9135802469135802,0.9195416508027281,1,dev
2023121009,2776,14,0.9092841956059532,0.9113042902865462,1,dev
2023121009,2830,14,0.9092841956059532,0.9128684624309541,1,dev
2023121009,2855,14,0.77728285077951,0.7612812326486093,1,dev
2023121009,2926,14,0.9395248380129589,0.9359318877534898,1,dev
2023121009,2973,14,0.44370860927152306,0.4736063016136663,0,dev
2023121009,3022,14,0.3534675615212528,0.37100684257041383,0,dev
2023121009,3057,14,0.7197452229299363,0.6884301104483475,1,dev
2023121009,3087,14,0.9088785046728972,0.8904283476565751,1,dev
2023121009,3152,14,0.8627204030226701,0.8584038519455446,0,dev
2023121009,3175,14,0.3465346534653465,0.2980440900920865,1,dev
2023121009,3234,14,0.07894736842105263,0.10161314821130507,0,dev
2023121009,3444,14,0.44370860927152306,0.46875865560525504,0,dev
2023121009,3571,14,0.3465346534653465,0.29542519051906524,0,dev
2023121009,3594,14,0.5,0.5042584980634425,1,dev
2023121009,4037,14,0.5,0.4918152484472735,1,dev
2023121009,4208,14,0.9092841956059532,0.9187411339083389,0,dev
2023121009,4231,14,0.3861788617886179,0.4080353362003415,0,dev
2023121009,4254,14,0.753968253968254,0.7131355089874523,1,dev
2023121009,4337,14,0.9088785046728972,0.891604385004468,1,dev
2023121009,4362,14,0.6589147286821706,0.6519609611188324,1,dev
2023121009,4427,14,0.8681318681318682,0.8764898033489524,0,dev
2023121010,99,14,0.6571428571428571,0.5888167964318093,0,dev
2023121010,297,14,0.8348348348348347,0.8244956406324809,1,dev
2023121010,322,14,0.5533707865168538,0.5250716183156434,0,dev
2023121010,390,14,0.9088785046728972,0.8887105266591084,1,dev
2023121010,437,14,0.8627204030226701,0.8608370065643757,1,dev
2023121010,462,14,0.9088785046728972,0.8933690336437645,1,dev
2023121010,487,14,0.8627204030226701,0.8678046937458271,1,dev
2023121010,534,14,0.8851674641148325,0.8832872525131277,0,dev
2023121010,599,14,0.7583333333333333,0.720735387600957,0,dev
2023121010,710,14,0.6571428571428571,0.6038821417294613,1,dev
2023121010,1051,14,0.77728285077951,0.7517275226611545,1,dev
2023121010,1104,14,0.6571428571428571,0.6266804883604513,0,dev
2023121010,1241,14,0.8681318681318682,0.8781844466600625,0,dev
2023121010,1362,14,0.77728285077951,0.7917141957163972,1,dev
2023121010,1409,14,0.9088785046728972,0.8915858810965219,1,dev
2023121010,1434,14,0.77728285077951,0.7537025948576216,1,dev
2023121010,1459,14,0.753968253968254,0.705342936911337,1,dev
2023121010,1536,14,0.8348348348348347,0.815514794921391,1,dev
2023121010,1595,14,0.44370860927152306,0.4655853883363086,0,dev
2023121010,1753,14,0.840531561461794,0.8469468978542437,1,dev
2023121010,1783,14,0.8348348348348347,0.8207383741493882,0,dev
2023121010,1911,14,0.9395248380129589,0.9462191277806956,1,dev
2023121010,1941,14,0.8851674641148325,0.8849696847809132,1,dev
2023121010,1966,14,0.9222585924713584,0.9217127930036594,1,dev
2023121010,1991,14,0.004310344827586207,0.027164511645851912,0,dev
2023121010,2036,14,0.9135802469135802,0.9206461713188359,1,dev
2023121010,2107,14,0.8348348348348347,0.8337488486389986,0,dev
2023121010,2456,14,0.21666666666666667,0.23060274913931178,1,dev
2023121010,2635,14,0.9092841956059532,0.9063700136074148,1,dev
2023121010,2665,14,0.5533707865168538,0.5433495245180626,1,dev
2023121010,2740,14,0.6571428571428571,0.6207861514261409,0,dev
2023121010,2797,14,0.7197452229299363,0.701102336249582,0,dev
2023121010,3062,14,0.8851674641148325,0.8828634618640226,1,dev
2023121010,3087,14,0.8288288288288288,0.7987052485066997,1,dev
2023121010,3112,14,0.9088785046728972,0.8951807089341426,1,dev
2023121010,3137,14,0.004310344827586207,0.017198412247090768,0,dev
2023121010,3160,14,0.9092841956059532,0.9016866603137279,1,dev
2023121010,3228,14,0.8288288288288288,0.804137290754167,1,dev
2023121010,3258,14,0.9222585924713584,0.9277853729749098,0,dev
2023121010,3281,14,0.9092841956059532,0.8989608099244216,1,dev
2023121010,3311,14,0.13,0.19150003784385738,0,dev
2023121010,3334,14,0.11059907834101383,0.14877331687906864,0,dev
2023121010,3486,14,0.3861788617886179,0.4152113465418595,1,dev
2023121010,3511,14,0.8348348348348347,0.8234728810670792,1,dev
2023121010,3582,14,0.77728285077951,0.7304303752139533,0,dev
2023121010,3726,14,0.9222585924713584,0.9232010666268249,1,dev
2023121010,3773,14,0.9092841956059532,0.9065190890388588,1,dev
2023121010,3945,14,0.9222585924713584,0.9279004849200024,1,dev
2023121010,4016,14,0.9092841956059532,0.9140710043417745,1,dev
2023121010,4046,14,0.5533707865168538,0.5411029271503659,1,dev
2023121010,4071,14,0.9092841956059532,0.9168901675507459,1,dev
2023121010,4141,14,0.0,0.011622269012931659,0,dev
2023121011,64,14,0.9088785046728972,0.8933854661434747,1,dev
2023121011,239,14,0.41818181818181815,0.4526243863446264,0,dev
2023121011,262,14,0.9395248380129589,0.9422878138617414,1,dev
2023121011,292,14,0.7197452229299363,0.6849626989855186,1,dev
2023121011,445,14,0.3333333333333333,0.2928135805123361,0,dev
2023121011,468,14,0.77728285077951,0.7551300527490159,1,dev
2023121011,539,14,0.6571428571428571,0.5842666771849249,0,dev
2023121011,598,14,0.6571428571428571,0.6433898259105967,1,dev
2023121011,728,14,0.8348348348348347,0.8165046241357397,1,dev
2023121011,753,14,0.4155844155844156,0.4299815002020063,0,dev
2023121011,776,14,0.8627204030226701,0.8700270713214924,1,dev
2023121011,845,14,0.8681318681318682,0.8792136401840259,0,dev
2023121011,1035,14,0.8627204030226701,0.8665384404122901,0,dev
2023121011,1058,14,0.25874125874125875,0.2687347181532238,0,dev
2023121011,1081,14,0.41818181818181815,0.4383301836338016,0,dev
2023121011,1214,14,0.6589147286821706,0.664930538061734,0,dev
2023121011,1290,14,0.8627204030226701,0.8565938634342022,1,dev
2023121011,1315,14,0.3534675615212528,0.3262903121806472,0,dev
2023121011,1403,14,0.9092841956059532,0.9141445495956552,1,dev
2023121011,1453,14,0.9092841956059532,0.9147308794322356,1,dev
2023121011,1637,14,0.3861788617886179,0.39190384034406595,0,dev
2023121011,1788,14,0.9092841956059532,0.904926424729034,1,dev
2023121011,1884,14,0.6571428571428571,0.5843363677543603,1,dev
2023121011,1909,14,0.6571428571428571,0.5795815991596835,1,dev
2023121011,2044,14,0.8348348348348347,0.8162686945918248,1,dev
2023121011,2074,14,0.840531561461794,0.8496489679183221,1,dev
2023121011,2124,14,0.9222585924713584,0.9269429011333509,1,dev
2023121011,2228,14,0.6589147286821706,0.6715522658476916,1,dev
2023121011,2275,14,0.44370860927152306,0.46619578232350906,0,dev
2023121011,2305,14,0.8245614035087719,0.7960658452319533,1,dev
2023121011,2395,14,0.5,0.49313765977742424,0,dev
2023121011,2658,14,0.77728285077951,0.7517311263732044,1,dev
2023121011,2721,14,0.5533707865168538,0.5369434339380977,0,dev
2023121011,2744,14,0.8627204030226701,0.8659069803232576,1,dev
2023121011,2805,14,0.005952380952380952,0.04559067641606705,0,dev
2023121011,2857,14,0.6571428571428571,0.5820238000162208,0,dev
2023121011,2922,14,0.9222585924713584,0.9221828206538328,0,dev
2023121011,3091,14,0.3465346534653465,0.30282206375568155,0,dev
2023121011,3139,14,0.3534675615212528,0.37163740293061864,1,dev
2023121011,3342,14,0.8348348348348347,0.8382102197359607,1,dev
2023121011,3433,14,0.9092841956059532,0.9120611321907469,1,dev
2023121011,3480,14,0.3465346534653465,0.31061035664675984,0,dev
2023121011,3503,14,0.77728285077951,0.7427163053353826,1,dev
2023121011,3528,14,0.9088785046728972,0.8874508823167047,1,dev
2023121011,3595,14,0.7197452229299363,0.7002778913444188,1,dev
2023121011,3654,14,0.840531561461794,0.8511663246917957,1,dev
2023121011,3701,14,0.9092841956059532,0.9173626063651987,0,dev
2023121011,3780,14,0.9092841956059532,0.9010180430585859,1,dev
2023121011,3918,14,0.9092841956059532,0.9095509513695347,1,dev
2023121011,3951,14,0.9092841956059532,0.9033361298723558,1,dev
2023121011,3976,14,0.9092841956059532,0.9005359589320278,1,dev
2023121011,4006,14,0.8627204030226701,0.8539619750862283,1,dev
2023121011,4111,14,0.8681318681318682,0.874985336296072,1,dev
2023121011,4203,14,0.5533707865168538,0.5700404824240357,1,dev
2023121100,103,14,0.13,0.2067805882972284,0,dev
2023121100,190,14,0.3534675615212528,0.3528554835643976,1,dev
2023121100,272,14,0.9092841956059532,0.8988265531199738,1,dev
2023121100,297,14,0.840531561461794,0.8499727695251638,1,dev
2023121100,474,14,0.3861788617886179,0.4061857418882254,0,dev
2023121100,578,14,0.25874125874125875,0.2618423167444479,1,dev
2023121100,738,14,0.9395248380129589,0.9490675054010543,1,dev
2023121100,791,14,0.8627204030226701,0.8676159800194436,1,dev
2023121100,945,14,0.07894736842105263,0.11667272214231789,0,dev
2023121100,994,14,0.6589147286821706,0.6678546884797896,1,dev
2023121100,1068,14,0.77728285077951,0.7684331064792673,1,dev
2023121100,1177,14,0.8757396449704142,0.8803604935487498,1,dev
2023121100,1560,14,0.13,0.20698646239626725,0,dev
2023121100,1785,14,0.9135802469135802,0.9189386732466411,1,dev
2023121100,1839,14,0.07894736842105263,0.11255429566409074,0,dev
2023121100,1862,14,0.07894736842105263,0.08508182846851772,0,dev
2023121100,1911,14,0.9092841956059532,0.9083655335854104,1,dev
2023121100,1936,14,0.4155844155844156,0.4315791139384673,1,dev
2023121100,2045,14,0.3534675615212528,0.33610920060215294,1,dev
2023121100,2100,14,0.5533707865168538,0.5479978308203883,0,dev
2023121100,2233,14,0.3534675615212528,0.3524945740898246,1,dev
2023121100,2263,14,0.9092841956059532,0.9160476166370521,1,dev
2023121100,2456,14,0.11059907834101383,0.17384332595009735,0,dev
2023121100,2573,14,0.8627204030226701,0.8748975109618051,1,dev
2023121100,2654,14,0.3534675615212528,0.36024219666447965,0,dev
2023121100,2697,14,0.9395248380129589,0.9480722717729724,1,dev
2023121100,2734,14,0.6571428571428571,0.5971378615236328,0,dev
2023121100,2757,14,0.15942028985507245,0.22385744192089682,0,dev
2023121100,2868,14,0.6589147286821706,0.6627412462564438,0,dev
2023121100,2915,14,0.9088785046728972,0.8883465102499556,1,dev
2023121100,3033,14,0.6589147286821706,0.6594615760221556,1,dev
2023121100,3163,14,0.21666666666666667,0.24674726639938757,0,dev
2023121100,3267,14,0.9088785046728972,0.888978944586135,1,dev
2023121100,3341,14,0.9395248380129589,0.9516076176407039,1,dev
2023121100,3366,14,0.3534675615212528,0.3207621452568263,1,dev
2023121100,3581,14,0.9395248380129589,0.9533875179141885,1,dev
2023121100,3680,14,0.840531561461794,0.8439766551318041,1,dev
2023121100,3705,14,0.3534675615212528,0.33822038271102073,1,dev
2023121100,3775,14,0.8757396449704142,0.8803228027131268,0,dev
2023121100,3798,14,0.8627204030226701,0.8528428853000246,1,dev
2023121100,4090,14,0.77728285077951,0.7694658558072796,1,dev
2023121100,4138,14,0.9088785046728972,0.8872101573420424,1,dev
2023121100,4269,14,0.9395248380129589,0.9404977996499924,1,dev
2023121100,4299,14,0.8348348348348347,0.8180688977565341,1,dev
2023121100,4334,14,0.9092841956059532,0.9124189677733543,1,dev
2023121100,4506,14,0.8851674641148325,0.8828780499403036,1,dev
2023121100,4697,14,0.8348348348348347,0.8372009603942908,1,dev
2023121100,4722,14,0.9395248380129589,0.9452040799848364,1,dev
2023121100,4752,14,0.8348348348348347,0.8352033705022368,0,dev
2023121100,4775,14,0.77728285077951,0.776025952657879,1,dev
2023121101,116,14,0.9222585924713584,0.9253747787048022,1,dev
2023121101,229,14,0.07894736842105263,0.08774417420175999,0,dev
2023121101,272,14,0.9222585924713584,0.9259858481078685,0,dev
2023121101,429,14,0.07894736842105263,0.10501021965247115,0,dev
2023121101,518,14,0.8288288288288288,0.7965469776551417,1,dev
2023121101,543,14,0.77728285077951,0.7442162510101273,0,dev
2023121101,686,14,0.8627204030226701,0.871021512343319,1,dev
2023121101,783,14,0.77728285077951,0.7870044396575183,1,dev
2023121101,815,14,0.8627204030226701,0.8538826931856016,1,dev
2023121101,845,14,0.9092841956059532,0.9030136953067825,1,dev
2023121101,1100,14,0.840531561461794,0.84224486774201,1,dev
2023121101,1237,14,0.9092841956059532,0.9053376947282781,1,dev
2023121101,1306,14,0.5533707865168538,0.5610494451463851,1,dev
2023121101,1520,14,0.9222585924713584,0.9292223720848994,1,dev
2023121101,1602,14,0.77728285077951,0.763984624559888,1,dev
2023121101,1768,14,0.9088785046728972,0.8930066317078759,0,dev
2023121101,1833,14,0.8627204030226701,0.8562499868241374,1,dev
2023121101,1956,14,0.8348348348348347,0.8391830480503829,1,dev
2023121101,2003,14,0.9222585924713584,0.9265658366316564,1,dev
2023121101,2028,14,0.6571428571428571,0.602971317988653,0,dev
2023121101,2357,14,0.8348348348348347,0.8314882500121408,1,dev
2023121101,2528,14,0.77728285077951,0.7782271325554736,1,dev
2023121101,2553,14,0.07894736842105263,0.12115347421753278,0,dev
2023121101,2659,14,0.005952380952380952,0.049632110333128,0,dev
2023121101,2725,14,0.9092841956059532,0.9148467876406182,1,dev
2023121101,2804,14,0.9395248380129589,0.9407522071187167,1,dev
2023121101,2907,14,0.7583333333333333,0.7231568701034323,1,dev
2023121101,2985,14,0.3534675615212528,0.34716513093733553,1,dev
2023121101,3107,14,0.9222585924713584,0.9267201380725931,1,dev
2023121101,3201,14,0.9092841956059532,0.9078554990723072,1,dev
2023121101,3248,14,0.9092841956059532,0.9092968656406314,1,dev
2023121101,3420,14,0.9222585924713584,0.9313500843299696,1,dev
2023121101,3499,14,0.77728285077951,0.7426129016040831,1,dev
2023121101,3531,14,0.9222585924713584,0.9357167912746711,1,dev
2023121101,3561,14,0.9088785046728972,0.8889246482893662,1,dev
2023121101,3586,14,0.9135802469135802,0.918981844973272,1,dev
2023121101,3636,14,0.325,0.29032045200657475,0,dev
2023121101,3843,14,0.5533707865168538,0.5316191839228429,1,dev
2023121101,3868,14,0.44370860927152306,0.48480479877693056,0,dev
2023121101,3898,14,0.9222585924713584,0.9222748755299405,1,dev
2023121101,3950,14,0.6589147286821706,0.6745227615804205,0,dev
2023121101,4028,14,0.4375,0.4626451795699945,1,dev
2023121101,4083,14,0.8288288288288288,0.8040096272842367,1,dev
2023121101,4108,14,0.9135802469135802,0.9202583708420384,1,dev
2023121101,4137,14,0.9395248380129589,0.9367603506606582,1,dev
2023121101,4167,14,0.8627204030226701,0.8630290695240707,1,dev
2023121400,110,15,0.6571428571428571,0.5790788236712762,0,dev
2023121400,192,15,0.13,0.19532160330453588,0,dev
2023121400,237,15,0.41818181818181815,0.4497153937465029,0,dev
2023121400,260,15,0.9395248380129589,0.9413289438279082,1,dev
2023121400,365,15,0.9092841956059532,0.9039661252689952,1,dev
2023121400,390,15,0.3861788617886179,0.42207461249115846,0,dev
2023121400,436,15,0.9222585924713584,0.9320997494520186,1,dev
2023121400,551,15,0.9092841956059532,0.8996931880310485,1,dev
2023121400,660,15,0.4155844155844156,0.4333362348299942,0,dev
2023121400,683,15,0.8627204030226701,0.8538335566584553,1,dev
2023121400,708,15,0.8681318681318682,0.8781128356162353,1,dev
2023121400,871,15,0.9222585924713584,0.9323159495739192,1,dev
2023121400,918,15,0.25874125874125875,0.261507665958347,1,dev
2023121400,1028,15,0.9092841956059532,0.9121375163096948,1,dev
2023121400,1093,15,0.9092841956059532,0.9084816466342717,1,dev
2023121400,1245,15,0.9088785046728972,0.8965815689783023,1,dev
2023121400,1354,15,0.77728285077951,0.7651377628861702,1,dev
2023121400,1408,15,0.3861788617886179,0.4260319985372012,0,dev
2023121400,1480,15,0.4155844155844156,0.43550291115504713,0,dev
2023121400,1622,15,0.9395248380129589,0.9432569272363178,1,dev
2023121400,1751,15,0.8627204030226701,0.8623476890022796,1,dev
2023121400,1854,15,0.9092841956059532,0.9144471827862088,1,dev
2023121400,1879,15,0.9092841956059532,0.9089409782497675,1,dev
2023121400,1904,15,0.77728285077951,0.7792930639432106,1,dev
2023121400,2007,15,0.9088785046728972,0.8930255097144264,0,dev
2023121400,2147,15,0.9092841956059532,0.9146108970640052,1,dev
2023121400,2172,15,0.77728285077951,0.7572994209734903,1,dev
2023121400,2197,15,0.840531561461794,0.8419928684500244,0,dev
2023121400,2274,15,0.7197452229299363,0.6882063297343226,1,dev
2023121400,2420,15,0.5533707865168538,0.5325452800636145,1,dev
2023121400,2467,15,0.25874125874125875,0.28414455457182963,0,dev
2023121400,2490,15,0.3534675615212528,0.356397637143568,0,dev
2023121400,2546,15,0.9092841956059532,0.9002102684793453,1,dev
2023121400,2571,15,0.8627204030226701,0.8548322130680365,1,dev
2023121400,2596,15,0.8627204030226701,0.8690290094403164,1,dev
2023121400,2664,15,0.5,0.5181008254221559,1,dev
2023121400,2806,15,0.9222585924713584,0.9252996047634443,1,dev
2023121400,2860,15,0.8288288288288288,0.8004539653445304,1,dev
2023121400,2967,15,0.77728285077951,0.7661373158965025,1,dev
2023121400,3037,15,0.840531561461794,0.8501213766446198,1,dev
2023121400,3115,15,0.6571428571428571,0.6043648404105791,1,dev
2023121400,3187,15,0.004310344827586207,0.01961249837273318,0,dev
2023121400,3210,15,0.9222585924713584,0.9309600314963878,1,dev
2023121400,3235,15,0.9092841956059532,0.91271828214368,1,dev
2023121400,3494,15,0.9222585924713584,0.9293807295853614,1,dev
2023121400,3585,15,0.8681318681318682,0.8770023543169961,0,dev
2023121400,3655,15,0.77728285077951,0.7448294540290826,1,dev
2023121400,3680,15,0.77728285077951,0.7722920348506861,1,dev
2023121400,3746,15,0.9222585924713584,0.9324457194842445,1,dev
2023121400,3771,15,0.41818181818181815,0.4494656269678825,0,dev
2023121400,3901,15,0.9222585924713584,0.9349541029582746,1,dev
2023121400,4092,15,0.8348348348348347,0.8299100544915128,1,dev
2023121600,130,15,0.95,0.9549242770468459,1,dev
2023121600,177,15,0.5533707865168538,0.5463025414594326,1,dev
2023121600,202,15,0.5,0.5153267436404481,1,dev
2023121600,266,15,0.9092841956059532,0.9076912537573479,1,dev
2023121600,439,15,0.8288288288288288,0.8043239196667911,1,dev
2023121600,508,15,0.9092841956059532,0.9124925555766407,1,dev
2023121600,599,15,0.9092841956059532,0.8988267327581755,1,dev
2023121600,690,15,0.005952380952380952,0.04524940588761054,0,dev
2023121600,821,15,0.6589147286821706,0.6833646315924748,0,dev
2023121600,962,15,0.840531561461794,0.8475738885511338,1,dev
2023121600,1049,15,0.753968253968254,0.7122782461878231,0,dev
2023121600,1148,15,0.25874125874125875,0.28038801432334437,0,dev
2023121600,1195,15,0.9395248380129589,0.9483118101149017,1,dev
2023121600,1245,15,0.9395248380129589,0.9524167006207088,1,dev
2023121600,1280,15,0.9395248380129589,0.9452746875662246,1,dev
2023121600,1327,15,0.5,0.4890819364987946,1,dev
2023121600,1352,15,0.6589147286821706,0.6743160140726829,0,dev
2023121600,1397,15,0.8627204030226701,0.8648620128067913,1,dev
2023121600,1544,15,0.41818181818181815,0.44566177956952935,1,dev
2023121600,1683,15,0.9092841956059532,0.9099907354037318,1,dev
2023121600,1713,15,0.9395248380129589,0.9452248491880225,1,dev
2023121600,1783,15,0.8757396449704142,0.8804971159732304,1,dev
2023121600,1910,15,0.3534675615212528,0.34572998394830023,0,dev
2023121600,2136,15,0.8627204030226701,0.8726020966694389,1,dev
2023121600,2188,15,0.77728285077951,0.7309057294625437,1,dev
2023121600,2258,15,0.11059907834101383,0.14295523602046853,1,dev
2023121600,2398,15,0.9222585924713584,0.9233653289979425,1,dev
2023121600,2477,15,0.3534675615212528,0.3702529939462088,1,dev
2023121600,2527,15,0.8851674641148325,0.8867315872140942,1,dev
2023121600,2603,15,0.9092841956059532,0.9006548347160163,1,dev
2023121600,2628,15,0.3861788617886179,0.41917345556647906,0,dev
2023121600,2723,15,0.77728285077951,0.7690519270261266,1,dev
2023121600,2748,15,0.77728285077951,0.7908594500463079,1,dev
2023121600,2773,15,0.7583333333333333,0.7215895034386246,1,dev
2023121600,2798,15,0.9395248380129589,0.940588434627516,1,dev
2023121600,2848,15,0.77728285077951,0.7908142149988977,1,dev
2023121600,2893,15,0.3465346534653465,0.2946437407696098,1,dev
2023121600,2972,15,0.3465346534653465,0.2990446771950431,0,dev
2023121600,3028,15,0.95,0.9544959648972315,1,dev
2023121600,3079,15,0.9743589743589743,0.9620042204693052,1,dev
2023121600,3138,15,0.77728285077951,0.7489223042971249,1,dev
2023121600,3220,15,0.77728285077951,0.7657232733388315,1,dev
2023121600,3245,15,0.9222585924713584,0.9210178261327788,1,dev
2023121600,3400,15,0.3861788617886179,0.41379905159998454,1,dev
2023121600,3508,15,0.9088785046728972,0.8920301777277121,1,dev
2023121600,3582,15,0.13,0.19795844915501112,1,dev
2023121600,3639,15,0.5,0.4945227827809223,1,dev
2023121600,3664,15,0.9395248380129589,0.9400405889439553,1,dev
2023121600,3689,15,0.9092841956059532,0.914215272045467,1,dev
2023121600,3741,15,0.77728285077951,0.7650490156639871,1,dev
2023121600,3821,15,0.9092841956059532,0.8970626677948336,1,dev
2023121600,4168,15,0.3534675615212528,0.3166080277853348,0,dev
2023121600,4217,15,0.7583333333333333,0.7259813631078456,1,dev
2023121600,4264,15,0.8348348348348347,0.8172897604964878,1,dev
2023121600,4362,15,0.753968253968254,0.7095714239197177,0,dev
2023121600,4385,15,0.13,0.1842578807119963,1,dev
2023121601,155,15,0.8348348348348347,0.8222640213582916,1,dev
2023121601,180,15,0.9395248380129589,0.940162114930558,1,dev
2023121601,210,15,0.77728285077951,0.7917402543131031,1,dev
2023121601,240,15,0.8627204030226701,0.8542901465541172,1,dev
2023121601,354,15,0.9092841956059532,0.905260710845845,1,dev
2023121601,400,15,0.9222585924713584,0.9236472183916368,1,dev
2023121601,454,15,0.9092841956059532,0.905750083311871,1,dev
2023121601,524,15,0.840531561461794,0.8449462778193659,1,dev
2023121601,571,15,0.8627204030226701,0.8625830788294806,1,dev
2023121601,823,15,0.9222585924713584,0.9326269431493589,0,dev
2023121601,969,15,0.8348348348348347,0.8278165007413512,1,dev
2023121601,1056,15,0.9135802469135802,0.9198964789139742,1,dev
2023121601,1202,15,0.8348348348348347,0.8362386957359017,1,dev
2023121601,1489,15,0.8348348348348347,0.8145515955599,0,dev
2023121601,1525,15,0.8627204030226701,0.8676513094966357,1,dev
2023121601,1722,15,0.9395248380129589,0.942296058409081,1,dev
2023121601,1753,15,0.07894736842105263,0.11195552597792291,0,dev
2023121601,1808,15,0.77728285077951,0.7736570624560748,0,dev
2023121601,1884,15,0.8288288288288288,0.8047651991992774,1,dev
2023121601,1954,15,0.9222585924713584,0.9207811555603168,1,dev
2023121601,1979,15,0.9395248380129589,0.9529464202431235,0,dev
2023121601,2028,15,0.9088785046728972,0.8893757943253895,1,dev
2023121601,2101,15,0.6571428571428571,0.6147783132016104,0,dev
2023121601,2124,15,0.9088785046728972,0.8917117236655602,1,dev
2023121601,2181,15,0.9092841956059532,0.9126604555562643,0,dev
2023121601,2204,15,0.005952380952380952,0.052267828497403315,0,dev
2023121601,2227,15,0.9222585924713584,0.935357644049642,1,dev
2023121601,2310,15,0.9092841956059532,0.9057341248968416,1,dev
2023121601,2335,15,0.8627204030226701,0.8620603567186775,0,dev
2023121601,2528,15,0.840531561461794,0.8416472013970646,1,dev
2023121601,2585,15,0.8348348348348347,0.828002952654297,1,dev
2023121601,2708,15,0.9092841956059532,0.9176432454453981,1,dev
2023121601,2733,15,0.8851674641148325,0.8871337035077117,0,dev
2023121601,2756,15,0.8627204030226701,0.8675614328683017,1,dev
2023121601,2940,15,0.8851674641148325,0.8871639420657492,1,dev
2023121601,2987,15,0.8627204030226701,0.8733323373693358,1,dev
2023121601,3449,15,0.07894736842105263,0.11456548123805482,0,dev
2023121601,3537,15,0.9395248380129589,0.9420559914800624,1,dev
2023121601,3562,15,0.8245614035087719,0.7948539709307589,1,dev
2023121601,3650,15,0.9222585924713584,0.9354101446738939,1,dev
2023121601,3680,15,0.6589147286821706,0.6480480072916448,1,dev
2023121601,3907,15,0.9222585924713584,0.9339942306650841,1,dev
2023121602,90,15,0.77728285077951,0.7317373963947467,1,dev
2023121602,115,15,0.41818181818181815,0.44115722878045516,0,dev
2023121602,138,15,0.9222585924713584,0.9295722271328841,1,dev
2023121602,163,15,0.004310344827586207,0.03318568118783185,0,dev
2023121602,205,15,0.8348348348348347,0.824133188960149,1,dev
2023121602,476,15,0.3861788617886179,0.39979167653165987,0,dev
2023121602,587,15,0.9088785046728972,0.896145971394306,1,dev
2023121602,612,15,0.8627204030226701,0.873967328256585,1,dev
2023121602,664,15,0.9092841956059532,0.9169097217884962,1,dev
2023121602,694,15,0.11059907834101383,0.14238289669770804,0,dev
2023121602,903,15,0.8348348348348347,0.8308255490339452,0,dev
2023121602,995,15,0.6571428571428571,0.5831233346793628,1,dev
2023121602,1064,15,0.77728285077951,0.7690347548746062,1,dev
2023121602,1089,15,0.9395248380129589,0.9386564367471084,1,dev
2023121602,1114,15,0.9088785046728972,0.8878894227761663,1,dev
2023121602,1139,15,0.9222585924713584,0.9302667975175055,1,dev
2023121602,1294,15,0.5533707865168538,0.5351435303552393,1,dev
2023121602,1378,15,0.9222585924713584,0.9276760658409358,1,dev
2023121602,1408,15,0.13,0.19733761317590473,0,dev
2023121602,1431,15,0.77728285077951,0.7782366787342309,1,dev
2023121602,1502,15,0.9395248380129589,0.9497569562920997,1,dev
2023121602,1628,15,0.9092841956059532,0.9072553457316417,1,dev
2023121602,1718,15,0.8348348348348347,0.8347715023295229,1,dev
2023121602,1743,15,0.6589147286821706,0.6650794100369293,0,dev
2023121602,1766,15,0.9088785046728972,0.890800572851067,1,dev
2023121602,1893,15,0.9135802469135802,0.9202110511596747,1,dev
2023121602,1918,15,0.11059907834101383,0.18324597338545273,0,dev
2023121602,1948,15,0.9222585924713584,0.9215296997751635,1,dev
2023121602,2187,15,0.9088785046728972,0.8923453613958967,1,dev
2023121602,2262,15,0.9135802469135802,0.9188510011001674,1,dev
2023121602,2314,15,0.41818181818181815,0.44587594311633605,0,dev
2023121602,2442,15,0.8757396449704142,0.8793608924374442,1,dev
2023121602,2467,15,0.6589147286821706,0.6656582952475567,0,dev
2023121602,2614,15,0.5533707865168538,0.5395689303517478,1,dev
2023121602,2678,15,0.9395248380129589,0.9445605804335303,1,dev
2023121602,2749,15,0.9395248380129589,0.9462519342528678,1,dev
2023121602,2774,15,0.77728285077951,0.7594490259574483,0,dev
2023121602,2826,15,0.9092841956059532,0.9047013180081194,1,dev
2023121602,2856,15,0.8348348348348347,0.827654205031384,1,dev
2023121602,2881,15,0.75,0.7019486576274521,0,dev
2023121602,2904,15,0.6571428571428571,0.6076787682986085,1,dev
2023121602,3084,15,0.5533707865168538,0.5610276943971301,1,dev
2023121602,3301,15,0.9222585924713584,0.9251570788163473,1,dev
2023121602,3372,15,0.3534675615212528,0.3801637904483036,0,dev
2023121602,3443,15,0.6571428571428571,0.6450936289517825,0,dev
2023121602,3542,15,0.9395248380129589,0.9392814874952041,1,dev
2023121602,3574,15,0.8627204030226701,0.8743013574067229,1,dev
2023121602,3602,15,0.840531561461794,0.8474685749005244,1,dev
2023121602,3627,15,0.9222585924713584,0.9303849334960795,0,dev
2023121602,3650,15,0.77728285077951,0.7398522297938068,1,dev
2023121602,3824,15,0.9092841956059532,0.9083391124761225,1,dev
2023121602,3978,15,0.8288288288288288,0.8129382426142512,1,dev
2023121700,56,15,0.9395248380129589,0.9477523624545648,1,dev
2023121700,108,15,0.77728285077951,0.7347771363878215,1,dev
2023121700,182,15,0.9395248380129589,0.9469184555486094,1,dev
2023121700,317,15,0.9135802469135802,0.9202784872151551,1,dev
2023121700,413,15,0.8627204030226701,0.8663682074666527,1,dev
2023121700,781,15,0.9092841956059532,0.9108353067631278,1,dev
2023121700,806,15,0.9135802469135802,0.9205326167436768,1,dev
2023121700,878,15,0.8348348348348347,0.8219768946063816,1,dev
2023121700,962,15,0.5533707865168538,0.5282858047173098,1,dev
2023121700,1036,15,0.8627204030226701,0.8737515625873059,1,dev
2023121700,1088,15,0.8627204030226701,0.874443305138813,1,dev
2023121700,1113,15,0.9088785046728972,0.8914958273741714,1,dev
2023121700,1341,15,0.6589147286821706,0.6623496143435282,0,dev
2023121700,1364,15,0.95,0.9569219503888132,1,dev
2023121700,1466,15,0.9092841956059532,0.8988472034751007,1,dev
2023121700,1566,15,0.9135802469135802,0.9189276450554622,1,dev
2023121700,1598,15,0.9092841956059532,0.9122996136385465,1,dev
2023121700,1623,15,0.9222585924713584,0.9239041523509467,1,dev
2023121700,1648,15,0.77728285077951,0.7559943905342753,1,dev
2023121700,1741,15,0.840531561461794,0.8436122120415523,1,dev
2023121700,1954,15,0.07894736842105263,0.09848626631317335,0,dev
2023121700,2039,15,0.004310344827586207,0.03641476081914795,0,dev
2023121700,2062,15,0.8348348348348347,0.8394357830520268,1,dev
2023121700,2109,15,0.44370860927152306,0.4793469951094042,0,dev
2023121700,2182,15,0.8757396449704142,0.8793188299014314,1,dev
2023121700,2268,15,0.9092841956059532,0.9181426041298336,1,dev
2023121700,2293,15,0.8681318681318682,0.8790769073217167,1,dev
2023121700,2318,15,0.6571428571428571,0.5885177161352972,1,dev
2023121700,2359,15,0.21666666666666667,0.22995734110138666,0,dev
2023121700,2382,15,0.9088785046728972,0.888282687049896,1,dev
2023121700,2443,15,0.21666666666666667,0.2382167059323156,1,dev
2023121700,2468,15,0.9222585924713584,0.9211733185578047,1,dev
2023121700,2498,15,0.840531561461794,0.8437423633897385,1,dev
2023121700,2523,15,0.840531561461794,0.8432763394701878,1,dev
2023121700,2553,15,0.11059907834101383,0.14652446245425263,1,dev
2023121700,2618,15,0.8627204030226701,0.8692830385283743,1,dev
2023121700,2663,15,0.9092841956059532,0.9139133338668588,1,dev
2023121700,2710,15,0.3465346534653465,0.311425788016678,0,dev
2023121700,2789,15,0.8348348348348347,0.8293543382125854,1,dev
2023121700,2814,15,0.004310344827586207,0.016477678360122067,0,dev
2023121700,2846,15,0.9222585924713584,0.9276034681413399,1,dev
2023121700,2910,15,0.9222585924713584,0.9320598291954835,1,dev
2023121700,2985,15,0.9222585924713584,0.9244874087598289,1,dev
2023121700,3128,15,0.9092841956059532,0.9101414834492842,1,dev
2023121700,3153,15,0.07894736842105263,0.11502186765812109,0,dev
2023121700,3261,15,0.8348348348348347,0.8290742520401053,1,dev
2023121700,3330,15,0.8288288288288288,0.8007597863904915,1,dev
2023121700,3430,15,0.840531561461794,0.8457363454938271,1,dev
2023121700,3455,15,0.9395248380129589,0.9479159466274336,1,dev
2023121700,3502,15,0.9222585924713584,0.9241698006055001,1,dev
2023121700,3527,15,0.9088785046728972,0.8908813362350776,1,dev
2023121700,3575,15,0.13,0.20800827735527125,0,dev
2023121700,3598,15,0.3534675615212528,0.35996672931212137,0,dev
2023121701,81,15,0.9395248380129589,0.9424427442781249,1,dev
2023121701,299,15,0.6589147286821706,0.670770370351881,1,dev
2023121701,509,15,0.6571428571428571,0.6357195914496248,1,dev
2023121701,545,15,0.5,0.5134294083428487,0,dev
2023121701,593,15,0.3465346534653465,0.3127479873892431,0,dev
2023121701,685,15,0.8627204030226701,0.8571717941338459,1,dev
2023121701,737,15,0.8627204030226701,0.8572034972680272,1,dev
2023121701,904,15,0.9088785046728972,0.8894195409340301,1,dev
2023121701,1144,15,0.77728285077951,0.7890433272945244,1,dev
2023121701,1300,15,0.6571428571428571,0.5947831886547911,1,dev
2023121701,1387,15,0.77728285077951,0.7425461112009961,1,dev
2023121701,1453,15,0.41818181818181815,0.43977268806688574,0,dev
2023121701,1594,15,0.9092841956059532,0.9011078528867137,1,dev
2023121701,1624,15,0.8348348348348347,0.8227047417445583,1,dev
2023121701,1687,15,0.6571428571428571,0.6096911700169247,0,dev
2023121701,1710,15,0.3861788617886179,0.3918063047764719,1,dev
2023121701,1742,15,0.5533707865168538,0.5299582927245456,0,dev
2023121701,1787,15,0.9092841956059532,0.9046622720562505,1,dev
2023121701,1907,15,0.8348348348348347,0.8236777619602874,1,dev
2023121701,1936,15,0.9222585924713584,0.920816904860212,1,dev
2023121701,1991,15,0.004310344827586207,0.02425142719891134,0,dev
2023121701,2172,15,0.840531561461794,0.8449875444984148,0,dev
2023121701,2195,15,0.15942028985507245,0.22867819856638624,0,dev
2023121701,2333,15,0.41818181818181815,0.44821707359328683,1,dev
2023121701,2538,15,0.4155844155844156,0.4293864008112295,1,dev
2023121701,2585,15,0.6571428571428571,0.5898851096324915,1,dev
2023121701,2639,15,0.8851674641148325,0.8848858054953149,1,dev
2023121701,2686,15,0.840531561461794,0.8430032538004254,1,dev
2023121701,2831,15,0.8627204030226701,0.8544012278229183,1,dev
2023121701,2888,15,0.8757396449704142,0.8794083927097089,1,dev
2023121701,2913,15,0.9395248380129589,0.9485937324089457,1,dev
2023121701,3148,15,0.9395248380129589,0.93854295160448,1,dev
2023121701,3198,15,0.8627204030226701,0.8720708849284805,0,dev
2023121701,3221,15,0.8288288288288288,0.8008988313386607,1,dev
2023121701,3246,15,0.9092841956059532,0.9066804457429274,1,dev
2023121701,3304,15,0.41818181818181815,0.4572351190114071,0,dev
2023121701,3563,15,0.9092841956059532,0.9178276936683962,1,dev
2023121701,3588,15,0.5,0.4896937460651313,1,dev
2023121701,3613,15,0.9395248380129589,0.9531362716066869,1,dev
2023121701,3638,15,0.6589147286821706,0.6640024064780187,0,dev
2023121701,3661,15,0.8348348348348347,0.8153658216049492,1,dev
2023121701,3686,15,0.77728285077951,0.7927323655726415,0,dev
2023121701,3732,15,0.07894736842105263,0.11062400507094669,0,dev
2023121702,55,15,0.6571428571428571,0.6453228965640826,0,dev
2023121702,178,15,0.44370860927152306,0.46874896595998894,1,dev
2023121702,208,15,0.840531561461794,0.8460518124989032,1,dev
2023121702,334,15,0.840531561461794,0.8444830296111203,1,dev
2023121702,359,15,0.3861788617886179,0.41833813996159563,0,dev
2023121702,382,15,0.8681318681318682,0.8783640582575742,1,dev
2023121702,557,15,0.9092841956059532,0.918030235648705,1,dev
2023121702,582,15,0.95,0.9568462905094572,1,dev
2023121702,651,15,0.3534675615212528,0.33077377831706706,1,dev
2023121702,704,15,0.6589147286821706,0.67442574461719,1,dev
2023121702,780,15,0.8348348348348347,0.8272005123310019,1,dev
2023121702,886,15,0.77728285077951,0.7521028753584241,0,dev
2023121702,949,15,0.9395248380129589,0.9413045122872626,1,dev
2023121702,1020,15,0.840531561461794,0.8492778486448185,1,dev
2023121702,1101,15,0.6571428571428571,0.6320061459182263,0,dev
2023121702,1209,15,0.840531561461794,0.8501665352872808,1,dev
2023121702,1261,15,0.9395248380129589,0.9399849411376363,1,dev
2023121702,1286,15,0.25874125874125875,0.2711843575639997,0,dev
2023121702,1378,15,0.9092841956059532,0.9001904856141962,1,dev
2023121702,1432,15,0.21666666666666667,0.2542363878923856,0,dev
2023121702,1574,15,0.21666666666666667,0.2407332936584714,0,dev
2023121702,1638,15,0.9088785046728972,0.8878389751146448,1,dev
2023121702,1730,15,0.9222585924713584,0.9221210505534376,1,dev
2023121702,1836,15,0.9092841956059532,0.9124099137333264,1,dev
2023121702,1871,15,0.8627204030226701,0.87044319634397,0,dev
2023121702,1901,15,0.9092841956059532,0.906396540620932,1,dev
2023121702,2010,15,0.9395248380129589,0.9523937418618394,0,dev
2023121702,2066,15,0.9222585924713584,0.923982783600115,1,dev
2023121702,2113,15,0.9395248380129589,0.9418475812026671,1,dev
2023121702,2267,15,0.8627204030226701,0.8698314808733557,1,dev
2023121702,2292,15,0.77728285077951,0.7730147595657539,1,dev
2023121702,2317,15,0.8627204030226701,0.8695701519467406,1,dev
2023121702,2542,15,0.8348348348348347,0.8292169672708978,1,dev
2023121702,2596,15,0.005952380952380952,0.06044051906395963,0,dev
2023121702,2908,15,0.13,0.19088814693787404,1,dev
2023121702,2975,15,0.6589147286821706,0.6772248232123055,1,dev
2023121702,3066,15,0.9092841956059532,0.9133993692140693,1,dev
2023121702,3125,15,0.8348348348348347,0.8299522671147616,1,dev
2023121702,3191,15,0.8348348348348347,0.8247806636158992,1,dev
2023121702,3243,15,0.005952380952380952,0.04988815681973808,0,dev
2023121702,3288,15,0.9092841956059532,0.9171498505096244,1,dev
2023121702,3333,15,0.9092841956059532,0.9129860058088664,1,dev
2023121702,3358,15,0.9222585924713584,0.9348919345929022,1,dev
2023121702,3383,15,0.15942028985507245,0.21475418497332052,0,dev
2023121702,3484,15,0.004310344827586207,0.0312472270010198,0,dev
2023121702,3563,15,0.9222585924713584,0.9331138021761319,1,dev
2023121702,3588,15,0.9222585924713584,0.9249402296119275,1,dev
2023121702,3613,15,0.9395248380129589,0.9481542507203958,1,dev
2023121702,3643,15,0.3861788617886179,0.4031294340911127,0,dev
2023121702,3666,15,0.9092841956059532,0.9143708227403976,1,dev
2023121702,3719,15,0.9395248380129589,0.9408881173529201,1,dev
2023121702,3747,15,0.8627204030226701,0.8543653634466549,1,dev
2023121702,3809,15,0.9222585924713584,0.9250857131437693,1,dev
2023121702,3834,15,0.3861788617886179,0.39179723142852524,0,dev
2023121703,55,15,0.9092841956059532,0.9104562014470571,1,dev
2023121703,150,15,0.9092841956059532,0.9094407373932616,1,dev
2023121703,263,15,0.6571428571428571,0.5823263992569999,1,dev
2023121703,310,15,0.8681318681318682,0.8784439834424264,1,dev
2023121703,338,15,0.6571428571428571,0.643534064284869,1,dev
2023121703,534,15,0.8348348348348347,0.835258600812231,1,dev
2023121703,564,15,0.9092841956059532,0.9024266143505023,1,dev
2023121703,652,15,0.3861788617886179,0.4053507005857792,0,dev
2023121703,756,15,0.8288288288288288,0.8028312461131004,1,dev
2023121703,803,15,0.11059907834101383,0.1697817011023,0,dev
2023121703,937,15,0.840531561461794,0.8435828766847961,1,dev
2023121703,1184,15,0.9092841956059532,0.9104848542335522,1,dev
2023121703,1390,15,0.9092841956059532,0.9121087157946286,1,dev
2023121703,1630,15,0.75,0.7019457995041679,1,dev
2023121703,1788,15,0.8348348348348347,0.8307687078459368,1,dev
2023121703,1813,15,0.11059907834101383,0.18131585850105944,0,dev
2023121703,1948,15,0.6571428571428571,0.5986271201447331,1,dev
2023121703,1973,15,0.8851674641148325,0.8855150565745791,1,dev
2023121703,2102,15,0.9092841956059532,0.8973624517257331,1,dev
2023121703,2182,15,0.6571428571428571,0.6456903271243457,1,dev
2023121703,2216,15,0.9222585924713584,0.9253035169534275,1,dev
2023121703,2410,15,0.840531561461794,0.8448798426111652,0,dev
2023121703,2562,15,0.8627204030226701,0.8652704819411485,1,dev
2023121703,2752,15,0.3861788617886179,0.41581854372235844,1,dev
2023121703,2780,15,0.8627204030226701,0.8658366460704138,1,dev
2023121703,2827,15,0.3534675615212528,0.36393003549637837,0,dev
2023121703,3034,15,0.9092841956059532,0.9173515742400736,1,dev
2023121703,3228,15,0.11059907834101383,0.17568745178237488,0,dev
2023121703,3251,15,0.8348348348348347,0.8291340660439832,1,dev
2023121703,3301,15,0.9395248380129589,0.9407368341067276,1,dev
2023121703,3326,15,0.9395248380129589,0.9362642846370987,1,dev
2023121703,3484,15,0.8627204030226701,0.8590194788940579,1,dev
2023121703,3571,15,0.3534675615212528,0.36870254625369625,0,dev
2023121703,3594,15,0.77728285077951,0.7508849033246984,1,dev
2023121703,3643,15,0.8348348348348347,0.8203400416240243,1,dev
2023121703,3680,15,0.8627204030226701,0.8709690276802795,0,dev
2023121703,3754,15,0.3861788617886179,0.3989018059891451,0,dev
2023121703,3801,15,0.21666666666666667,0.24828097845358416,0,dev
2023121703,3824,15,0.4155844155844156,0.42854974316948263,0,dev
2023121703,3878,15,0.3534675615212528,0.3469130313306146,0,dev
2023121703,3983,15,0.7727272727272727,0.7283718740407925,1,dev
2023121703,4008,15,0.9135802469135802,0.9204208681287838,0,dev
2023121703,4160,15,0.41818181818181815,0.4493687164267419,1,dev
2023121703,4227,15,0.325,0.28546372133730685,0,dev
2023121703,4421,15,0.004310344827586207,0.03261683643843158,0,dev
2023121703,4536,15,0.8627204030226701,0.8614857175916881,1,dev
2023121704,123,15,0.8348348348348347,0.824211347567434,1,dev
2023121704,153,15,0.77728285077951,0.7675176013488411,1,dev
2023121704,317,15,0.840531561461794,0.8461016308854149,1,dev
2023121704,386,15,0.77728285077951,0.7817684530937734,0,dev
2023121704,409,15,0.77728285077951,0.7469810570123798,1,dev
2023121704,488,15,0.9395248380129589,0.9458514227592533,1,dev
2023121704,582,15,0.11059907834101383,0.1522068549544104,1,dev
2023121704,942,15,0.77728285077951,0.7750768423961573,1,dev
2023121704,1010,15,0.11059907834101383,0.1439296306320154,0,dev
2023121704,1055,15,0.9092841956059532,0.9148175628566843,1,dev
2023121704,1351,15,0.8627204030226701,0.8531572441262757,1,dev
2023121704,1508,15,0.9395248380129589,0.9383197146868522,1,dev
2023121704,1547,15,0.9222585924713584,0.935700584478558,0,dev
2023121704,1666,15,0.3534675615212528,0.3211681950652713,1,dev
2023121704,1720,15,0.753968253968254,0.7099233399031393,1,dev
2023121704,1784,15,0.6571428571428571,0.5893808867237346,0,dev
2023121704,1944,15,0.9222585924713584,0.9288237093084407,1,dev
2023121704,1969,15,0.77728285077951,0.7866344831758908,1,dev
2023121704,1994,15,0.8627204030226701,0.8548268992726614,0,dev
2023121704,2024,15,0.8627204030226701,0.8644938603615008,1,dev
2023121704,2170,15,0.07894736842105263,0.09991288192360526,0,dev
2023121704,2193,15,0.9395248380129589,0.9422351700700673,1,dev
2023121704,2218,15,0.8627204030226701,0.859596040417294,1,dev
2023121704,2282,15,0.9222585924713584,0.9320728729241162,1,dev
2023121704,2537,15,0.8288288288288288,0.806920983051848,1,dev
2023121704,2562,15,0.8681318681318682,0.8757085202056996,1,dev
2023121704,2643,15,0.9092841956059532,0.9044487048834772,1,dev
2023121704,2668,15,0.9088785046728972,0.8884439261818821,1,dev
2023121704,2698,15,0.11059907834101383,0.13505110226649783,0,dev
2023121704,2762,15,0.77728285077951,0.7821514263669007,0,dev
2023121704,2835,15,0.77728285077951,0.7630417614419053,0,dev
2023121704,2858,15,0.9092841956059532,0.8999080820198934,1,dev
2023121704,3108,15,0.8245614035087719,0.7950572931916527,1,dev
2023121704,3138,15,0.840531561461794,0.842055353548968,1,dev
2023121704,3188,15,0.9395248380129589,0.9436746156054654,1,dev
2023121704,3213,15,0.3534675615212528,0.32915695146745755,1,dev
2023121704,3429,15,0.77728285077951,0.7643458394771057,1,dev
2023121704,3520,15,0.03296703296703297,0.08020811041810337,0,dev
2023121704,3543,15,0.004310344827586207,0.019780008040013033,0,dev
2023121704,3566,15,0.77728285077951,0.7295174067553462,1,dev
2023121704,3663,15,0.9395248380129589,0.9504164901494236,1,dev
2023121704,3800,15,0.6571428571428571,0.6402546016439034,0,dev
2023121704,3877,15,0.9222585924713584,0.9311710367907492,1,dev
2023121704,3907,15,0.004310344827586207,0.033688578444072616,0,dev
2023121704,3930,15,0.8627204030226701,0.8650917172333732,1,dev
2023121704,3955,15,0.9088785046728972,0.89665397607941,1,dev
2023121704,3980,15,0.9135802469135802,0.9192884878922307,1,dev
2023121704,4012,15,0.9222585924713584,0.9299842577731469,1,dev
2023121704,4042,15,0.8288288288288288,0.8067625101665924,1,dev
2023121705,107,15,0.3465346534653465,0.30243580711223866,0,dev
2023121705,174,15,0.9743589743589743,0.9604738837511577,1,dev
2023121705,221,15,0.77728285077951,0.7384109552077351,1,dev
2023121705,273,15,0.77728285077951,0.7919429381401639,1,dev
2023121705,462,15,0.9395248380129589,0.9388801296079644,1,dev
2023121705,492,15,0.77728285077951,0.730034805887355,1,dev
2023121705,624,15,0.6589147286821706,0.6563858272540665,1,dev
2023121705,699,15,0.25874125874125875,0.27069104890989387,1,dev
2023121705,751,15,0.77728285077951,0.7884013579534125,0,dev
2023121705,853,15,0.840531561461794,0.8431929774380399,1,dev
2023121705,903,15,0.8627204030226701,0.8705990602322743,1,dev
2023121705,975,15,0.5533707865168538,0.5532304825676863,1,dev
2023121705,1027,15,0.9092841956059532,0.8994247356780596,1,dev
2023121705,1074,15,0.8627204030226701,0.8607737336684346,1,dev
2023121705,1311,15,0.8757396449704142,0.8811235141823126,1,dev
2023121705,1407,15,0.8757396449704142,0.8795056980419487,1,dev
2023121705,1547,15,0.22727272727272727,0.2563835095552456,0,dev
2023121705,1570,15,0.9395248380129589,0.9492722688439634,1,dev
2023121705,1675,15,0.7197452229299363,0.6885253349497419,0,dev
2023121705,1737,15,0.95,0.9548897518142329,1,dev
2023121705,1796,15,0.9222585924713584,0.9216809531275362,1,dev
2023121705,1867,15,0.9222585924713584,0.9351960090683853,1,dev
2023121705,1892,15,0.9092841956059532,0.9108681118776484,0,dev
2023121705,2253,15,0.3534675615212528,0.3778855375744773,1,dev
2023121705,2378,15,0.8627204030226701,0.864182982901153,0,dev
2023121705,2445,15,0.9395248380129589,0.9533225231764408,1,dev
2023121705,2470,15,0.11059907834101383,0.18157406844705876,0,dev
2023121705,2573,15,0.0,0.011218843945983917,0,dev
2023121705,2622,15,0.9092841956059532,0.9124091947707904,1,dev
2023121705,2704,15,0.840531561461794,0.8435597200180838,1,dev
2023121705,2734,15,0.41818181818181815,0.43682256327707675,0,dev
2023121705,2779,15,0.8288288288288288,0.8073897171721252,1,dev
2023121705,2843,15,0.77728285077951,0.7696383057393054,1,dev
2023121705,2868,15,0.9222585924713584,0.9305841124446527,1,dev
2023121705,2994,15,0.11059907834101383,0.16851251181927535,0,dev
2023121705,3117,15,0.5,0.4927098706078069,0,dev
2023121705,3172,15,0.9395248380129589,0.9369292515535358,1,dev
2023121705,3217,15,0.77728285077951,0.7822961463691739,1,dev
2023121705,3269,15,0.44370860927152306,0.48094799424282964,0,dev
2023121705,3520,15,0.9222585924713584,0.9338392426734746,1,dev
2023121705,3550,15,0.6571428571428571,0.6178212889794014,0,dev
2023121705,3627,15,0.9092841956059532,0.897683728225269,1,dev
2023121705,3652,15,0.6571428571428571,0.5807899938736175,1,dev
2023121705,3677,15,0.77728285077951,0.737183577929156,1,dev
2023121705,3702,15,0.44370860927152306,0.48083266663886604,1,dev
2023121705,3843,15,0.8348348348348347,0.8207988079496492,1,dev
2023121705,3873,15,0.8288288288288288,0.8016135029737231,1,dev
2023121705,4048,15,0.8288288288288288,0.8129186043417136,1,dev
2023121705,4143,15,0.3534675615212528,0.34845714815448886,0,dev
2023121705,4196,15,0.8348348348348347,0.8211311262783935,1,dev
2023121706,81,15,0.8627204030226701,0.868455553017232,1,dev
2023121706,172,15,0.840531561461794,0.8429017196896579,1,dev
2023121706,433,15,0.005952380952380952,0.04118793629502164,0,dev
2023121706,489,15,0.840531561461794,0.845018795951098,1,dev
2023121706,667,15,0.3534675615212528,0.3291596019551659,0,dev
2023121706,690,15,0.41818181818181815,0.4518127204865171,0,dev
2023121706,749,15,0.3861788617886179,0.3983881662057269,0,dev
2023121706,783,15,0.5533707865168538,0.5665095672138966,0,dev
2023121706,942,15,0.6571428571428571,0.6054858736750973,0,dev
2023121706,1033,15,0.8681318681318682,0.8755710763345169,0,dev
2023121706,1056,15,0.9092841956059532,0.910916879647013,1,dev
2023121706,1179,15,0.8757396449704142,0.8797665781988694,1,dev
2023121706,1327,15,0.8348348348348347,0.8253048002691449,1,dev
2023121706,1352,15,0.8627204030226701,0.8524316588597517,1,dev
2023121706,1588,15,0.9222585924713584,0.9258939023697955,1,dev
2023121706,1931,15,0.9092841956059532,0.902943799921586,1,dev
2023121706,1956,15,0.004310344827586207,0.01645670661669479,0,dev
2023121706,1979,15,0.6571428571428571,0.6189917124159058,1,dev
2023121706,2004,15,0.13,0.2062886362485692,0,dev
2023121706,2118,15,0.9222585924713584,0.930621669868015,1,dev
2023121706,2187,15,0.9222585924713584,0.9250566251964336,1,dev
2023121706,2362,15,0.9092841956059532,0.9121351468240837,1,dev
2023121706,2609,15,0.9092841956059532,0.913230410753127,0,dev
2023121706,2881,15,0.44370860927152306,0.469159672943529,0,dev
2023121706,3027,15,0.9135802469135802,0.9196777604706243,1,dev
2023121706,3057,15,0.6571428571428571,0.5841320840589411,0,dev
2023121706,3084,15,0.8288288288288288,0.8048358159225755,1,dev
2023121706,3121,15,0.3534675615212528,0.32604719833787354,0,dev
2023121706,3160,15,0.9222585924713584,0.9317935461922775,1,dev
2023121706,3345,15,0.8288288288288288,0.8033201277016526,1,dev
2023121706,3377,15,0.6571428571428571,0.6454998856029149,1,dev
2023121706,3402,15,0.77728285077951,0.7759918905193699,1,dev
2023121706,3427,15,0.9088785046728972,0.8936658648102407,1,dev
2023121706,3452,15,0.8288288288288288,0.8055186839220064,1,dev
2023121706,3524,15,0.3465346534653465,0.299140822890683,0,dev
2023121706,3547,15,0.9092841956059532,0.9118780711264143,1,dev
2023121706,3584,15,0.9395248380129589,0.943656690019497,0,dev
2023121706,3629,15,0.5533707865168538,0.5279967954949426,1,dev
2023121708,96,15,0.3861788617886179,0.4184415708019487,0,dev
2023121708,119,15,0.9395248380129589,0.94320728908057,1,dev
2023121708,191,15,0.005952380952380952,0.042664149668154155,0,dev
2023121708,263,15,0.9088785046728972,0.8872847294576859,1,dev
2023121708,288,15,0.9395248380129589,0.9489107637107526,1,dev
2023121708,313,15,0.77728285077951,0.7626611733553985,1,dev
2023121708,439,15,0.9135802469135802,0.9190776128498624,0,dev
2023121708,590,15,0.6589147286821706,0.6591658629678737,1,dev
2023121708,649,15,0.8348348348348347,0.8347553210382245,0,dev
2023121708,889,15,0.3534675615212528,0.3245818541907945,1,dev
2023121708,1005,15,0.004310344827586207,0.021178674005305136,0,dev
2023121708,1049,15,0.8627204030226701,0.8722733652102488,1,dev
2023121708,1155,15,0.9092841956059532,0.9001459723409246,1,dev
2023121708,1180,15,0.77728285077951,0.74614849526997,1,dev
2023121708,1205,15,0.9092841956059532,0.8983574582934433,1,dev
2023121708,1257,15,0.3861788617886179,0.41650510082999864,1,dev
2023121708,1282,15,0.9222585924713584,0.9212077725595301,1,dev
2023121708,1353,15,0.77728285077951,0.7647189689766019,0,dev
2023121708,1449,15,0.95,0.9579523218124258,1,dev
2023121708,1479,15,0.8627204030226701,0.860683925261922,1,dev
2023121708,1584,15,0.8288288288288288,0.8088824098207452,1,dev
2023121708,1609,15,0.07894736842105263,0.09974086289219602,0,dev
2023121708,1692,15,0.8348348348348347,0.8390628819595872,1,dev
2023121708,1771,15,0.77728285077951,0.7379054027491475,1,dev
2023121708,1842,15,0.325,0.2906412177803511,0,dev
2023121708,1865,15,0.77728285077951,0.7821916848922973,1,dev
2023121708,1924,15,0.9088785046728972,0.8925911980409775,1,dev
2023121708,2003,15,0.77728285077951,0.7408307898752278,1,dev
2023121708,2135,15,0.3534675615212528,0.3835247058909818,0,dev
2023121708,2238,15,0.77728285077951,0.7906828712995176,1,dev
2023121708,2342,15,0.9395248380129589,0.948417355675664,1,dev
2023121708,2367,15,0.8348348348348347,0.8376603277464951,1,dev
2023121708,2419,15,0.8627204030226701,0.8633461651265167,1,dev
2023121708,2621,15,0.0,0.010245287138436386,0,dev
2023121708,2716,15,0.5,0.5190276773031492,1,dev
2023121708,2892,15,0.44370860927152306,0.4755966092149092,1,dev
2023121708,3037,15,0.9222585924713584,0.9269683047881753,1,dev
2023121708,3062,15,0.03296703296703297,0.06939377582529445,0,dev
2023121708,3175,15,0.95,0.9554668303429649,1,dev
2023121708,3370,15,0.13,0.1952803046542637,0,dev
2023121708,3436,15,0.0,0.005444195720337078,0,dev
2023121708,3459,15,0.11059907834101383,0.1669982531842222,0,dev
2023121708,3559,15,0.004310344827586207,0.02323634077518878,0,dev
2023121708,3657,15,0.9395248380129589,0.9476531928115005,1,dev
2023121708,3707,15,0.005952380952380952,0.04942081627697126,0,dev
2023121708,3730,15,0.41818181818181815,0.45362949906126504,0,dev
2023121708,3753,15,0.8627204030226701,0.8681189898990678,1,dev
2023121708,3805,15,0.6571428571428571,0.6075249041416624,0,dev
2023121708,3855,15,0.8348348348348347,0.8342698864183588,0,dev
2023121708,3878,15,0.77728285077951,0.7521561808969877,0,dev
2023121708,3913,15,0.77728285077951,0.7914069429397871,0,dev
2023121708,3972,15,0.21666666666666667,0.24013747427520543,0,dev
2023121709,84,15,0.9092841956059532,0.8993967342240637,1,dev
2023121709,175,15,0.77728285077951,0.7750106831311873,1,dev
2023121709,348,15,0.9088785046728972,0.8891559199694571,1,dev
2023121709,468,15,0.9092841956059532,0.9104279354497444,0,dev
2023121709,534,15,0.9395248380129589,0.9533935870435927,1,dev
2023121709,594,15,0.03296703296703297,0.0707133005705322,0,dev
2023121709,1093,15,0.9395248380129589,0.9449353334097907,1,dev
2023121709,1201,15,0.77728285077951,0.7393559395241063,1,dev
2023121709,1233,15,0.840531561461794,0.843968725870113,1,dev
2023121709,1263,15,0.5533707865168538,0.5547881667638719,0,dev
2023121709,1320,15,0.25874125874125875,0.26512190926340196,0,dev
2023121709,1440,15,0.9088785046728972,0.8926474363736362,1,dev
2023121709,1489,15,0.840531561461794,0.8470722586769212,1,dev
2023121709,1669,15,0.77728285077951,0.7675277615055449,1,dev
2023121709,1747,15,0.8851674641148325,0.8859818249344336,1,dev
2023121709,1777,15,0.6571428571428571,0.5811561136919401,1,dev
2023121709,1807,15,0.8288288288288288,0.8074284075349945,1,dev
2023121709,1832,15,0.8627204030226701,0.8717432629088011,0,dev
2023121709,2093,15,0.9743589743589743,0.9606775547722389,1,dev
2023121709,2118,15,0.8627204030226701,0.8715135587382491,1,dev
2023121709,2202,15,0.44370860927152306,0.47788981952139786,0,dev
2023121709,2225,15,0.9088785046728972,0.8898578718219686,1,dev
2023121709,2282,15,0.9092841956059532,0.9149947960649246,1,dev
2023121709,2616,15,0.11059907834101383,0.17980950012907873,0,dev
2023121709,2686,15,0.8851674641148325,0.8870870698762612,0,dev
2023121709,2769,15,0.9092841956059532,0.914472343992081,1,dev
2023121709,2868,15,0.5,0.5087057489018352,0,dev
2023121709,2997,15,0.11059907834101383,0.15363977812377003,0,dev
2023121709,3020,15,0.8348348348348347,0.8234021318848257,1,dev
2023121709,3072,15,0.8627204030226701,0.8600875239165752,1,dev
2023121709,3178,15,0.8245614035087719,0.7948612746918071,1,dev
2023121709,3281,15,0.8348348348348347,0.822005585603079,1,dev
2023121709,3395,15,0.7197452229299363,0.6839222147197735,1,dev
2023121709,3472,15,0.9395248380129589,0.9477037297191107,1,dev
2023121709,3546,15,0.8851674641148325,0.886692040207825,1,dev
2023121710,100,15,0.9222585924713584,0.9291783806184092,1,dev
2023121710,149,15,0.9092841956059532,0.9119045937222892,0,dev
2023121710,206,15,0.5533707865168538,0.5457435610889376,0,dev
2023121710,248,15,0.13,0.19067046434913124,0,dev
2023121710,300,15,0.9092841956059532,0.9048467171968343,1,dev
2023121710,374,15,0.004310344827586207,0.026883523701025033,0,dev
2023121710,584,15,0.9395248380129589,0.9407833918791525,1,dev
2023121710,721,15,0.9222585924713584,0.9265030803192297,1,dev
2023121710,774,15,0.44370860927152306,0.47370598391908836,1,dev
2023121710,935,15,0.9395248380129589,0.9372507152570289,1,dev
2023121710,998,15,0.5,0.520396618866721,0,dev
2023121710,1084,15,0.5533707865168538,0.5265408808415414,0,dev
2023121710,1430,15,0.004310344827586207,0.01682262886536032,0,dev
2023121710,1453,15,0.6571428571428571,0.6262011810458665,1,dev
2023121710,1549,15,0.6571428571428571,0.6202641427525557,1,dev
2023121710,1574,15,0.8851674641148325,0.8858856491910041,1,dev
2023121710,1599,15,0.44370860927152306,0.47569161876266974,0,dev
2023121710,1622,15,0.3534675615212528,0.36489981656264675,1,dev
2023121710,1657,15,0.9222585924713584,0.9293990554738193,1,dev
2023121710,1755,15,0.8627204030226701,0.8711533324314272,1,dev
2023121710,1806,15,0.07894736842105263,0.10533945897876648,1,dev
2023121710,1892,15,0.9092841956059532,0.9083016582193968,1,dev
2023121710,1917,15,0.3534675615212528,0.3496748407586265,0,dev
2023121710,1976,15,0.9092841956059532,0.8971022045745947,1,dev
2023121710,2001,15,0.8681318681318682,0.8751576558260242,1,dev
2023121710,2067,15,0.3861788617886179,0.4159779148400065,1,dev
2023121710,2190,15,0.9222585924713584,0.9355368703497982,1,dev
2023121710,2225,15,0.77728285077951,0.7360444383411097,1,dev
2023121710,2250,15,0.9092841956059532,0.911708901632004,1,dev
2023121710,2287,15,0.5533707865168538,0.5247905829107239,1,dev
2023121710,2317,15,0.9092841956059532,0.9021907730345443,1,dev
2023121710,2342,15,0.8348348348348347,0.8288571761141745,1,dev
2023121710,2420,15,0.3861788617886179,0.4213405061024805,0,dev
2023121710,2756,15,0.3534675615212528,0.33127715132721636,1,dev
2023121710,2856,15,0.8757396449704142,0.8812361415467089,1,dev
2023121710,2908,15,0.9222585924713584,0.9229181848861167,1,dev
2023121710,2970,15,0.8627204030226701,0.8697830095955318,1,dev
2023121710,2995,15,0.0,0.009656187510929408,0,dev
2023121710,3061,15,0.8348348348348347,0.8282341568770286,0,dev
2023121710,3084,15,0.07894736842105263,0.09866131823907429,0,dev
2023121710,3250,15,0.8348348348348347,0.8149647687522151,1,dev
2023121710,3275,15,0.9092841956059532,0.9029126287342211,0,dev
2023121710,3298,15,0.77728285077951,0.7654950042829716,1,dev
2023121710,3400,15,0.8627204030226701,0.8716120603425972,0,dev
2023121710,3504,15,0.3534675615212528,0.38340271075711646,0,dev
2023121710,3622,15,0.6589147286821706,0.6493482284896713,1,dev
2023121710,3647,15,0.8348348348348347,0.8257439229693686,1,dev
2023121710,3710,15,0.5533707865168538,0.5270604979771587,0,dev
2023121710,3733,15,0.9088785046728972,0.8961702695834604,1,dev
2023121710,3930,15,0.9092841956059532,0.8988324039215083,1,dev
2023121710,4179,15,0.9222585924713584,0.9253256161905455,1,dev
2023121710,4262,15,0.9092841956059532,0.904729534406419,1,dev
2023121710,4297,15,0.6571428571428571,0.5900293222662881,1,dev
2023121710,4399,15,0.9395248380129589,0.9441358990410514,1,dev
2023121710,4450,15,0.9092841956059532,0.9127924080707659,1,dev
2023121710,4514,15,0.3861788617886179,0.40476544083648647,0,dev
2023121710,4562,15,0.9135802469135802,0.9202121591330656,1,dev
2023121710,4748,15,0.9088785046728972,0.8926785114083441,1,dev
2023121711,100,15,0.8348348348348347,0.8270362393443144,1,dev
2023121711,125,15,0.5,0.5002992268045129,0,dev
2023121711,168,15,0.9092841956059532,0.9078673573859946,1,dev
2023121711,317,15,0.77728285077951,0.7327950059196899,1,dev
2023121711,363,15,0.8627204030226701,0.8662092814209383,1,dev
2023121711,400,15,0.8245614035087719,0.7933842131628346,1,dev
2023121711,425,15,0.7197452229299363,0.6915368424020066,1,dev
2023121711,450,15,0.8627204030226701,0.86283591001718,1,dev
2023121711,475,15,0.6589147286821706,0.6691152096241882,1,dev
2023121711,503,15,0.8348348348348347,0.8187022117826045,1,dev
2023121711,652,15,0.8245614035087719,0.7961663631846138,1,dev
2023121711,743,15,0.5533707865168538,0.5379476059149031,1,dev
2023121711,844,15,0.8348348348348347,0.8208944304479553,1,dev
2023121711,1089,15,0.8627204030226701,0.8717045516023522,1,dev
2023121711,1114,15,0.8348348348348347,0.8177480312617642,1,dev
2023121711,1150,15,0.9395248380129589,0.9452061281834849,1,dev
2023121711,1215,15,0.7583333333333333,0.7203225883312244,1,dev
2023121711,1262,15,0.9222585924713584,0.9281731477772528,1,dev
2023121711,1314,15,0.3465346534653465,0.2967592493905071,1,dev
2023121711,1643,15,0.4155844155844156,0.4328417499973552,1,dev
2023121711,1717,15,0.840531561461794,0.8502205360558285,1,dev
2023121711,1857,15,0.9222585924713584,0.9239629626450954,1,dev
2023121711,1986,15,0.9135802469135802,0.9195898039453512,1,dev
2023121711,2101,15,0.004310344827586207,0.018811352544048733,0,dev
2023121711,2151,15,0.9088785046728972,0.8926018275114354,1,dev
2023121711,2198,15,0.9092841956059532,0.9166353341625169,1,dev
2023121711,2228,15,0.77728285077951,0.733950679548635,0,dev
2023121711,2276,15,0.21666666666666667,0.23279454980271436,0,dev
2023121711,2381,15,0.9395248380129589,0.9415561582162374,1,dev
2023121711,2411,15,0.7583333333333333,0.7238707749346245,1,dev
2023121711,2504,15,0.3861788617886179,0.42489871225921005,1,dev
2023121711,2635,15,0.8288288288288288,0.8007891017304107,1,dev
2023121711,2743,15,0.9395248380129589,0.9517471169415809,1,dev
2023121711,2875,15,0.9092841956059532,0.9081535657785732,1,dev
2023121711,2926,15,0.753968253968254,0.7130430284476651,0,dev
2023121711,2984,15,0.77728285077951,0.757396913108735,0,dev
2023121711,3087,15,0.005952380952380952,0.04480086604203408,0,dev
2023121711,3110,15,0.9092841956059532,0.9037765553505155,0,dev
2023121711,3226,15,0.9395248380129589,0.9383658340096726,1,dev
2023121711,3256,15,0.9222585924713584,0.9226526351535322,1,dev
2023121711,3403,15,0.8348348348348347,0.8405592246175889,1,dev
2023121711,3626,15,0.8348348348348347,0.8279521525233521,1,dev
2023121711,3883,15,0.8348348348348347,0.822265587725226,0,dev
2023121711,3913,15,0.15942028985507245,0.21764984604784898,0,dev
2023121801,129,15,0.6571428571428571,0.6019692679240526,1,dev
2023121801,209,15,0.8627204030226701,0.8573125368923307,1,dev
2023121801,483,15,0.9222585924713584,0.9243562273766237,1,dev
2023121801,530,15,0.840531561461794,0.8458719643399077,1,dev
2023121801,604,15,0.0,0.0076674604439722835,0,dev
2023121801,651,15,0.9092841956059532,0.9142614334000563,0,dev
2023121801,723,15,0.8627204030226701,0.8558740861895542,1,dev
2023121801,748,15,0.6589147286821706,0.6474661589250646,1,dev
2023121801,773,15,0.9092841956059532,0.9076976891919244,1,dev
2023121801,849,15,0.3861788617886179,0.4207136558150085,0,dev
2023121801,977,15,0.6571428571428571,0.6269568883112717,1,dev
2023121801,1095,15,0.9092841956059532,0.9182086986588496,1,dev
2023121801,1208,15,0.9092841956059532,0.902692272881426,1,dev
2023121801,1469,15,0.9092841956059532,0.9117735517133267,1,dev
2023121801,1543,15,0.77728285077951,0.7915902521247926,0,dev
2023121801,1566,15,0.7197452229299363,0.6837037247892707,1,dev
2023121801,1627,15,0.77728285077951,0.7587660652548285,0,dev
2023121801,1650,15,0.41818181818181815,0.44694214398627397,1,dev
2023121801,1732,15,0.9092841956059532,0.9056897849944205,1,dev
2023121801,1814,15,0.11059907834101383,0.14373594296139572,0,dev
2023121801,1863,15,0.9222585924713584,0.9319953244604381,1,dev
2023121801,1999,15,0.004310344827586207,0.03823606558114526,0,dev
2023121801,2196,15,0.9222585924713584,0.9344503624580429,1,dev
2023121801,2295,15,0.8627204030226701,0.8551435063412568,1,dev
2023121801,2386,15,0.9222585924713584,0.9259094679927806,1,dev
2023121801,2416,15,0.8627204030226701,0.8727278418654577,0,dev
2023121801,2546,15,0.77728285077951,0.753218144132301,1,dev
2023121801,2596,15,0.5533707865168538,0.5336557402533743,1,dev
2023121801,2621,15,0.5533707865168538,0.5291257217071592,1,dev
2023121801,2733,15,0.004310344827586207,0.02002326343069303,0,dev
2023121801,2908,15,0.5,0.5112552965254153,0,dev
2023121801,3072,15,0.9395248380129589,0.9388539496030393,1,dev
2023121801,3097,15,0.9222585924713584,0.9343727542402341,1,dev
2023121801,3350,15,0.8681318681318682,0.8759217727702631,1,dev
2023121801,3397,15,0.9092841956059532,0.9141414033737336,1,dev
2023121801,3501,15,0.3465346534653465,0.3082794050535212,0,dev
2023121801,3737,15,0.77728285077951,0.7491876304626789,0,dev
2023121801,3760,15,0.77728285077951,0.7471989852422728,1,dev
2023121801,3785,15,0.6589147286821706,0.6487733130089459,1,dev
2023121801,3815,15,0.07894736842105263,0.08660865212309839,1,dev
2023121801,3870,15,0.13,0.20188988842737265,0,dev
2023121801,3893,15,0.8348348348348347,0.8292321956579772,0,dev
2023121801,3916,15,0.41818181818181815,0.4472957476780438,1,dev
2023121801,3974,15,0.6571428571428571,0.6296395926083459,0,dev
2023121801,3997,15,0.5533707865168538,0.5329759451848359,1,dev
2023121801,4054,15,0.3861788617886179,0.392574495588152,0,dev
2023122100,78,16,0.8627204030226701,0.8593277330982183,1,dev
2023122100,103,16,0.8288288288288288,0.8092761354474024,1,dev
2023122100,161,16,0.325,0.28906795829309595,1,dev
2023122100,208,16,0.5533707865168538,0.5279928873693898,0,dev
2023122100,300,16,0.95,0.9547070252370163,1,dev
2023122100,357,16,0.3861788617886179,0.3949516332574309,0,dev
2023122100,380,16,0.6571428571428571,0.6427961306652503,1,dev
2023122100,437,16,0.8851674641148325,0.8858065407026593,1,dev
2023122100,467,16,0.6589147286821706,0.6588806720093539,1,dev
2023122100,657,16,0.77728285077951,0.7907195093650052,0,dev
2023122100,680,16,0.3861788617886179,0.3952613694429773,1,dev
2023122100,773,16,0.9092841956059532,0.8980155938612444,1,dev
2023122100,820,16,0.77728285077951,0.7851398103887215,0,dev
2023122100,843,16,0.9222585924713584,0.9223216251520181,1,dev
2023122100,910,16,0.8348348348348347,0.825760521852024,1,dev
2023122100,935,16,0.25874125874125875,0.2697287749350045,0,dev
2023122100,978,16,0.8851674641148325,0.8856978046283643,1,dev
2023122100,1032,16,0.9092841956059532,0.9070037900757466,1,dev
2023122100,1101,16,0.7197452229299363,0.6997941517766824,0,dev
2023122100,1185,16,0.6571428571428571,0.6374764913134083,1,dev
2023122100,1210,16,0.6571428571428571,0.6122191220638028,0,dev
2023122100,1343,16,0.9395248380129589,0.9460891885774487,1,dev
2023122100,1402,16,0.21666666666666667,0.23555952273223346,1,dev
2023122100,1450,16,0.44370860927152306,0.4825766393584626,1,dev
2023122100,1497,16,0.9092841956059532,0.9069747617393995,1,dev
2023122100,1527,16,0.77728285077951,0.745058862693916,0,dev
2023122100,1571,16,0.8348348348348347,0.8219574516701779,1,dev
2023122100,1630,16,0.77728285077951,0.7523304616200179,1,dev
2023122100,1688,16,0.77728285077951,0.7693909814361927,1,dev
2023122100,1713,16,0.41818181818181815,0.4408446629994009,0,dev
2023122100,1789,16,0.8348348348348347,0.829495320278525,1,dev
2023122100,1814,16,0.9092841956059532,0.9000606117685463,1,dev
2023122100,1839,16,0.44370860927152306,0.4778677211022585,0,dev
2023122100,1874,16,0.9222585924713584,0.9232902263997402,0,dev
2023122100,1897,16,0.25874125874125875,0.2837701072788133,0,dev
2023122100,1920,16,0.45,0.485109768324053,1,dev
2023122100,1945,16,0.8348348348348347,0.8148024562641084,1,dev
2023122100,1982,16,0.8348348348348347,0.8312724360817594,1,dev
2023122100,2036,16,0.6571428571428571,0.6307782666092636,1,dev
2023122100,2100,16,0.004310344827586207,0.026275603052396675,0,dev
2023122100,2182,16,0.3861788617886179,0.42124131605746257,1,dev
2023122100,2207,16,0.9092841956059532,0.8974882035541932,1,dev
2023122100,2262,16,0.5533707865168538,0.5206460606734863,0,dev
2023122100,2292,16,0.44370860927152306,0.48198415568403896,0,dev
2023122100,2496,16,0.77728285077951,0.7913578578606804,1,dev
2023122100,2555,16,0.77728285077951,0.7422931840837479,0,dev
2023122100,2632,16,0.9222585924713584,0.9347485653211374,1,dev
2023122100,2762,16,0.9092841956059532,0.9087705220822078,1,dev
2023122100,2816,16,0.8851674641148325,0.8841131883786499,1,dev
2023122100,2868,16,0.004310344827586207,0.015579105663862874,0,dev
2023122100,2891,16,0.7583333333333333,0.7201181842435567,0,dev
2023122100,2926,16,0.8627204030226701,0.8575078261521902,1,dev
2023122100,3013,16,0.3861788617886179,0.39147949233817436,1,dev
2023122100,3107,16,0.8627204030226701,0.8517024155613971,1,dev
2023122100,3168,16,0.21666666666666667,0.2490287485749939,0,dev
2023122100,3191,16,0.8348348348348347,0.839318996177502,1,dev
2023122100,3266,16,0.9222585924713584,0.9347388494860516,1,dev
2023122100,3321,16,0.3534675615212528,0.31683364570573774,1,dev
2023122100,3346,16,0.753968253968254,0.712932991112095,1,dev
2023122100,3445,16,0.8348348348348347,0.8388618173148862,1,dev
2023122100,3470,16,0.9092841956059532,0.911871937533476,1,dev
2023122100,3532,16,0.77728285077951,0.7705338902488131,1,dev
2023122100,3562,16,0.5533707865168538,0.5560173057714408,1,dev
2023122100,3643,16,0.8348348348348347,0.8315297707229633,1,dev
2023122100,3852,16,0.3534675615212528,0.38335261764121903,1,dev
2023122300,102,16,0.8348348348348347,0.8249700247131493,1,dev
2023122300,127,16,0.9088785046728972,0.8889813857267241,1,dev
2023122300,157,16,0.6571428571428571,0.6030003862193533,0,dev
2023122300,254,16,0.8681318681318682,0.8788481506920238,1,dev
2023122300,333,16,0.5533707865168538,0.5668338356374558,1,dev
2023122300,358,16,0.9088785046728972,0.8947394198372813,1,dev
2023122300,405,16,0.5,0.493949163388995,1,dev
2023122300,430,16,0.9395248380129589,0.9469275749429578,1,dev
2023122300,509,16,0.8348348348348347,0.8214601134975493,0,dev
2023122300,601,16,0.9222585924713584,0.9302393756914457,1,dev
2023122300,670,16,0.9222585924713584,0.9230043845499903,1,dev
2023122300,717,16,0.77728285077951,0.753082242173441,1,dev
2023122300,796,16,0.8627204030226701,0.8628995969335583,1,dev
2023122300,1090,16,0.41818181818181815,0.44215972813297366,0,dev
2023122300,1158,16,0.9222585924713584,0.9246494565421289,1,dev
2023122300,1257,16,0.004310344827586207,0.03561240206067487,0,dev
2023122300,1407,16,0.8851674641148325,0.8854016181645873,1,dev
2023122300,1432,16,0.9222585924713584,0.9253299033260713,1,dev
2023122300,1462,16,0.9092841956059532,0.9117144385958272,1,dev
2023122300,1487,16,0.9092841956059532,0.8991551202949335,1,dev
2023122300,1512,16,0.9222585924713584,0.9249128196377508,1,dev
2023122300,1564,16,0.6571428571428571,0.6204736092014079,0,dev
2023122300,1616,16,0.8851674641148325,0.8869494970181179,1,dev
2023122300,1703,16,0.3534675615212528,0.336318483972806,0,dev
2023122300,1726,16,0.77728285077951,0.757176073654114,1,dev
2023122300,1790,16,0.8348348348348347,0.8367838326147276,0,dev
2023122300,1813,16,0.840531561461794,0.8508833879116193,1,dev
2023122300,1838,16,0.3861788617886179,0.4149850775679993,1,dev
2023122300,1919,16,0.77728285077951,0.7296278420676476,1,dev
2023122300,1949,16,0.8627204030226701,0.8679131415258694,0,dev
2023122300,1972,16,0.840531561461794,0.8414527250622713,1,dev
2023122300,2143,16,0.9092841956059532,0.9068894285625004,1,dev
2023122300,2195,16,0.004310344827586207,0.01657415305082429,0,dev
2023122300,2238,16,0.9092841956059532,0.9053526851210574,1,dev
2023122300,2300,16,0.840531561461794,0.8438475249321565,1,dev
2023122300,2352,16,0.5,0.4890918015155198,1,dev
2023122300,2439,16,0.8627204030226701,0.8650746065233381,1,dev
2023122300,2464,16,0.8348348348348347,0.8389402802162027,1,dev
2023122300,2489,16,0.9395248380129589,0.9492643848771466,1,dev
2023122300,2525,16,0.9222585924713584,0.9348961738760989,0,dev
2023122300,2557,16,0.3534675615212528,0.3161050093494387,0,dev
2023122300,2580,16,0.8288288288288288,0.8062303683705936,1,dev
2023122300,2605,16,0.5533707865168538,0.5505557955379995,0,dev
2023122300,2682,16,0.3534675615212528,0.355076294005572,0,dev
2023122300,2779,16,0.9092841956059532,0.9111346891038993,1,dev
2023122300,2804,16,0.22727272727272727,0.256576562907292,1,dev
2023122300,2839,16,0.3861788617886179,0.40201952389206685,0,dev
2023122300,2960,16,0.9088785046728972,0.896244813455672,1,dev
2023122300,2990,16,0.9222585924713584,0.9358481572918599,0,dev
2023122300,3025,16,0.5533707865168538,0.5421431390716583,1,dev
2023122300,3097,16,0.9222585924713584,0.9241017756286711,0,dev
2023122300,3297,16,0.15942028985507245,0.2253971115578266,0,dev
2023122300,3635,16,0.8348348348348347,0.8230976527354277,1,dev
2023122300,3752,16,0.8627204030226701,0.8549922587596805,1,dev
2023122301,159,16,0.7197452229299363,0.6985516549555055,0,dev
2023122301,182,16,0.3534675615212528,0.3859434699262638,0,dev
2023122301,225,16,0.9222585924713584,0.9308562063945557,1,dev
2023122301,294,16,0.9222585924713584,0.9219393768785669,1,dev
2023122301,371,16,0.8627204030226701,0.8555869973116695,1,dev
2023122301,423,16,0.77728285077951,0.7411612060907672,0,dev
2023122301,446,16,0.8288288288288288,0.7990726399960278,1,dev
2023122301,525,16,0.005952380952380952,0.04329665245223659,0,dev
2023122301,631,16,0.8288288288288288,0.8026894691055197,1,dev
2023122301,700,16,0.07894736842105263,0.11798787159616057,0,dev
2023122301,969,16,0.9222585924713584,0.9239526382480169,1,dev
2023122301,1049,16,0.5533707865168538,0.532816509611266,1,dev
2023122301,1234,16,0.9222585924713584,0.9280128827088404,1,dev
2023122301,1259,16,0.9395248380129589,0.9429271796234172,0,dev
2023122301,1330,16,0.7197452229299363,0.6875742665149822,0,dev
2023122301,1409,16,0.3534675615212528,0.3831440606233738,1,dev
2023122301,1579,16,0.3534675615212528,0.344412119688948,0,dev
2023122301,1716,16,0.8851674641148325,0.8870768474274864,1,dev
2023122301,1797,16,0.9222585924713584,0.9340446807683658,1,dev
2023122301,2027,16,0.95,0.9543687384258667,1,dev
2023122301,2113,16,0.005952380952380952,0.06055941673289502,0,dev
2023122301,2374,16,0.9222585924713584,0.9343880388137492,1,dev
2023122301,2399,16,0.9092841956059532,0.9093783295589092,1,dev
2023122301,2536,16,0.9092841956059532,0.8976603262252393,1,dev
2023122301,2590,16,0.11059907834101383,0.13404092695183195,1,dev
2023122301,2615,16,0.9092841956059532,0.9070306437026642,1,dev
2023122301,2640,16,0.3333333333333333,0.2922736600752481,1,dev
2023122301,2803,16,0.8348348348348347,0.8350453174660813,1,dev
2023122301,2832,16,0.77728285077951,0.7357003413102089,1,dev
2023122301,2899,16,0.8627204030226701,0.8588598012950273,1,dev
2023122301,2924,16,0.3534675615212528,0.35822533294237413,0,dev
2023122301,2947,16,0.3534675615212528,0.3530615184961773,1,dev
2023122301,3021,16,0.8627204030226701,0.8539753908482545,0,dev
2023122301,3289,16,0.9088785046728972,0.8931834084954752,0,dev
2023122301,3312,16,0.77728285077951,0.7769294821770255,1,dev
2023122301,3394,16,0.9092841956059532,0.9116560314309639,1,dev
2023122301,3419,16,0.9135802469135802,0.9195758367797795,1,dev
2023122301,3547,16,0.8757396449704142,0.880000927750065,1,dev
2023122301,3668,16,0.9395248380129589,0.9478718578505937,1,dev
2023122301,3715,16,0.9395248380129589,0.9380786104320934,1,dev
2023122301,3762,16,0.22727272727272727,0.2577640315263611,0,dev
2023122301,3785,16,0.6571428571428571,0.6107761697863295,1,dev
2023122301,3864,16,0.8627204030226701,0.8633690351962289,1,dev
2023122301,4088,16,0.21666666666666667,0.24668424138384504,0,dev
2023122301,4111,16,0.753968253968254,0.713746286349373,1,dev
2023122402,55,16,0.9395248380129589,0.9518016717608335,0,dev
2023122402,78,16,0.840531561461794,0.8489104639809196,1,dev
2023122402,150,16,0.9135802469135802,0.9195494928318552,1,dev
2023122402,175,16,0.77728285077951,0.7323337869997391,1,dev
2023122402,428,16,0.77728285077951,0.7732364874909654,1,dev
2023122402,453,16,0.6589147286821706,0.6540287006449503,0,dev
2023122402,476,16,0.9395248380129589,0.9406800044418763,1,dev
2023122402,636,16,0.8681318681318682,0.8758793444920273,1,dev
2023122402,671,16,0.9743589743589743,0.9592364733884873,1,dev
2023122402,729,16,0.8288288288288288,0.8052204266527886,1,dev
2023122402,847,16,0.9092841956059532,0.9023457084602069,1,dev
2023122402,1054,16,0.8288288288288288,0.8129933309133279,1,dev
2023122402,1310,16,0.7583333333333333,0.7177763861665349,0,dev
2023122402,1367,16,0.004310344827586207,0.03604087897565649,0,dev
2023122402,1413,16,0.840531561461794,0.8473835951892389,0,dev
2023122402,1532,16,0.9092841956059532,0.8995996003291047,1,dev
2023122402,1557,16,0.8851674641148325,0.8835780042948702,1,dev
2023122402,1587,16,0.8627204030226701,0.8735220855624796,1,dev
2023122402,1612,16,0.840531561461794,0.8503514863733547,0,dev
2023122402,1686,16,0.7197452229299363,0.6956487672526265,0,dev
2023122402,1770,16,0.9088785046728972,0.8950949063694781,1,dev
2023122402,1817,16,0.77728285077951,0.7495077845767777,1,dev
2023122402,1842,16,0.3534675615212528,0.324342213505551,0,dev
2023122402,2018,16,0.9395248380129589,0.9525377080250245,1,dev
2023122402,2043,16,0.3861788617886179,0.4228164555758228,0,dev
2023122402,2066,16,0.8348348348348347,0.8341844707388337,1,dev
2023122402,2091,16,0.9395248380129589,0.9395874968917862,1,dev
2023122402,2148,16,0.8757396449704142,0.8826123264973718,1,dev
2023122402,2326,16,0.8757396449704142,0.8799608996702181,1,dev
2023122402,2378,16,0.9092841956059532,0.8996747187717973,1,dev
2023122402,2568,16,0.9395248380129589,0.9492449007144886,1,dev
2023122402,2593,16,0.8627204030226701,0.8719316443350642,1,dev
2023122402,2735,16,0.9092841956059532,0.9007596079059489,1,dev
2023122402,2896,16,0.77728285077951,0.743337590443775,1,dev
2023122402,3081,16,0.7583333333333333,0.7173505110998165,1,dev
2023122402,3106,16,0.21666666666666667,0.23789741905691938,1,dev
2023122402,3222,16,0.03296703296703297,0.07863435236718316,0,dev
2023122402,3288,16,0.9135802469135802,0.9203495905112936,1,dev
2023122402,3318,16,0.753968253968254,0.702875925602748,0,dev
2023122402,3341,16,0.5533707865168538,0.5622241870653177,1,dev
2023122402,3388,16,0.9092841956059532,0.9110074546725133,1,dev
2023122402,3418,16,0.3534675615212528,0.36299172182283246,1,dev
2023122402,3487,16,0.3333333333333333,0.2934739740393373,0,dev
2023122402,3510,16,0.8757396449704142,0.8794819777191507,1,dev
2023122402,3564,16,0.9088785046728972,0.8939292846365413,0,dev
2023122402,3635,16,0.6571428571428571,0.623943886742465,0,dev
2023122402,3934,16,0.07894736842105263,0.10069712193882913,0,dev
2023122402,4155,16,0.8288288288288288,0.8063616378685513,1,dev
2023122402,4180,16,0.6589147286821706,0.6471956039527033,1,dev
2023122402,4205,16,0.77728285077951,0.7570932930232275,1,dev
2023122402,4230,16,0.9092841956059532,0.9167425515329715,0,dev
2023122403,73,16,0.9092841956059532,0.9116383865678663,1,dev
2023122403,118,16,0.004310344827586207,0.016145859864555665,0,dev
2023122403,232,16,0.004310344827586207,0.017881199634121464,0,dev
2023122403,394,16,0.9395248380129589,0.9478110850935241,1,dev
2023122403,601,16,0.840531561461794,0.8458026087198092,1,dev
2023122403,661,16,0.7583333333333333,0.7164135598852813,0,dev
2023122403,702,16,0.7197452229299363,0.7011682313990201,0,dev
2023122403,815,16,0.9092841956059532,0.9081436145567159,1,dev
2023122403,928,16,0.9395248380129589,0.9360831710362384,1,dev
2023122403,1123,16,0.5533707865168538,0.5344562488158934,0,dev
2023122403,1146,16,0.8348348348348347,0.828439826598543,1,dev
2023122403,1215,16,0.41818181818181815,0.4413735614746035,1,dev
2023122403,1323,16,0.3534675615212528,0.3355334657400718,1,dev
2023122403,1500,16,0.11059907834101383,0.1751128612815429,0,dev
2023122403,1566,16,0.9222585924713584,0.9267509891660554,1,dev
2023122403,1591,16,0.7583333333333333,0.7248631974469796,1,dev
2023122403,1734,16,0.9222585924713584,0.924992425420847,1,dev
2023122403,1781,16,0.840531561461794,0.8446375618015625,1,dev
2023122403,1828,16,0.9092841956059532,0.913517746699752,1,dev
2023122403,1860,16,0.77728285077951,0.7678976838198921,0,dev
2023122403,1890,16,0.753968253968254,0.7032376656257833,1,dev
2023122403,1977,16,0.840531561461794,0.8506999771920608,1,dev
2023122403,2041,16,0.004310344827586207,0.03722343135026875,0,dev
2023122403,2064,16,0.7197452229299363,0.6879702178530852,0,dev
2023122403,2087,16,0.6571428571428571,0.6039259853640139,1,dev
2023122403,2171,16,0.8348348348348347,0.8234083245954444,0,dev
2023122403,2194,16,0.9092841956059532,0.9050148242980205,1,dev
2023122403,2339,16,0.41818181818181815,0.44715237236852223,0,dev
2023122403,2414,16,0.9222585924713584,0.9296437050362029,1,dev
2023122403,2535,16,0.004310344827586207,0.032462579448264126,0,dev
2023122403,2569,16,0.8348348348348347,0.8321936774870192,1,dev
2023122403,2830,16,0.9092841956059532,0.9009392653042713,1,dev
2023122403,3055,16,0.5,0.4921695599169077,1,dev
2023122403,3154,16,0.9135802469135802,0.9190308243277945,1,dev
2023122403,3279,16,0.3861788617886179,0.4121383604392813,0,dev
2023122403,3331,16,0.5533707865168538,0.5772929760206144,0,dev
2023122403,3403,16,0.5533707865168538,0.5469632998088502,1,dev
2023122403,3428,16,0.9092841956059532,0.9097016593266058,1,dev
2023122403,3534,16,0.5533707865168538,0.5466262424724829,1,dev
2023122403,3559,16,0.77728285077951,0.7839505206599983,1,dev
2023122403,3607,16,0.5533707865168538,0.5419969426103742,1,dev
2023122403,3783,16,0.8288288288288288,0.8129036110313026,1,dev
2023122403,3873,16,0.9395248380129589,0.9367954287639644,1,dev
2023122403,3898,16,0.8681318681318682,0.8750467367877189,1,dev
2023122403,3941,16,0.9092841956059532,0.9136550345571394,1,dev
2023122403,4065,16,0.5533707865168538,0.5410423155708047,1,dev
2023122403,4186,16,0.77728285077951,0.7927496238692238,1,dev
2023122403,4341,16,0.6571428571428571,0.58041654836302,1,dev
2023122403,4371,16,0.8627204030226701,0.8662490641337847,1,dev
2023122404,68,16,0.44370860927152306,0.4730846384646264,1,dev
2023122404,124,16,0.325,0.29128832432194673,0,dev
2023122404,224,16,0.9092841956059532,0.9183325370790473,1,dev
2023122404,433,16,0.9395248380129589,0.9429171762735564,1,dev
2023122404,492,16,0.8348348348348347,0.8137682116109146,1,dev
2023122404,561,16,0.8681318681318682,0.877607563901639,0,dev
2023122404,691,16,0.9395248380129589,0.9363359705234814,1,dev
2023122404,716,16,0.11059907834101383,0.1390366655371005,0,dev
2023122404,778,16,0.6589147286821706,0.6557797825011819,1,dev
2023122404,868,16,0.9222585924713584,0.924436961175017,1,dev
2023122404,1101,16,0.9222585924713584,0.9280463933077783,1,dev
2023122404,1230,16,0.325,0.2921140621496453,1,dev
2023122404,1347,16,0.44370860927152306,0.4712009824447842,0,dev
2023122404,1503,16,0.21666666666666667,0.24996190093501505,0,dev
2023122404,1642,16,0.8627204030226701,0.874150897338091,0,dev
2023122404,1783,16,0.9395248380129589,0.9491996471193662,1,dev
2023122404,1808,16,0.9135802469135802,0.9192868865278325,1,dev
2023122404,1855,16,0.3465346534653465,0.30408050232751366,1,dev
2023122404,2069,16,0.8851674641148325,0.8846487826872634,1,dev
2023122404,2116,16,0.25874125874125875,0.27466790493070603,1,dev
2023122404,2144,16,0.9395248380129589,0.9404754667029701,1,dev
2023122404,2176,16,0.9092841956059532,0.9182049104804315,1,dev
2023122404,2235,16,0.8348348348348347,0.8319318795414523,1,dev
2023122404,2260,16,0.004310344827586207,0.018039601536616184,0,dev
2023122404,2433,16,0.77728285077951,0.7766021892722668,1,dev
2023122404,2463,16,0.77728285077951,0.7704586430113374,1,dev
2023122404,2513,16,0.9088785046728972,0.8958997358424324,1,dev
2023122404,2545,16,0.9222585924713584,0.9244149440235195,1,dev
2023122404,2570,16,0.6589147286821706,0.6662970846379417,1,dev
2023122404,2644,16,0.9222585924713584,0.925585127552081,1,dev
2023122404,2691,16,0.9222585924713584,0.932540362183868,1,dev
2023122404,2738,16,0.9092841956059532,0.9083675298056627,1,dev
2023122404,2830,16,0.3465346534653465,0.2947693251290818,1,dev
2023122404,2884,16,0.44370860927152306,0.47959982612644786,0,dev
2023122404,2953,16,0.6571428571428571,0.6009553438090264,1,dev
2023122404,3050,16,0.8288288288288288,0.7997595639197193,0,dev
2023122404,3100,16,0.3861788617886179,0.39537276348567124,1,dev
2023122404,3137,16,0.8348348348348347,0.8373880378637962,0,dev
2023122404,3224,16,0.9222585924713584,0.9209045473620312,1,dev
2023122404,3271,16,0.5533707865168538,0.5381184871668991,0,dev
2023122404,3319,16,0.8288288288288288,0.802867637419658,1,dev
2023122404,3460,16,0.8288288288288288,0.7972645843754946,1,dev
2023122404,3489,16,0.8627204030226701,0.8729749359032691,1,dev
2023122404,3536,16,0.25874125874125875,0.2714196796070756,0,dev
2023122404,3702,16,0.9092841956059532,0.9160503049691878,0,dev
2023122404,3732,16,0.3534675615212528,0.38037115354894513,0,dev
2023122404,3755,16,0.9395248380129589,0.936994805387171,1,dev
2023122404,3780,16,0.753968253968254,0.7059302106258242,1,dev
2023122404,3805,16,0.8348348348348347,0.8312179231610396,1,dev
2023122404,3830,16,0.15942028985507245,0.22109579534611204,0,dev
2023122404,3862,16,0.5533707865168538,0.5665638718263117,1,dev
2023122404,3888,16,0.5533707865168538,0.5657710220244446,0,dev
2023122404,3911,16,0.77728285077951,0.7835908358873541,0,dev
2023122404,3934,16,0.3861788617886179,0.40426417181312796,1,dev
2023122404,4043,16,0.25874125874125875,0.2695436117461786,0,dev
2023122404,4066,16,0.41818181818181815,0.44984119660831573,1,dev
2023122404,4094,16,0.9395248380129589,0.9410378075396387,0,dev
2023122404,4124,16,0.9222585924713584,0.9332745978945628,1,dev
2023122404,4149,16,0.5533707865168538,0.5365371421090093,1,dev
2023122404,4222,16,0.7583333333333333,0.7173775739172662,1,dev
2023122404,4342,16,0.07894736842105263,0.08719563063256067,0,dev
2023122404,4394,16,0.3534675615212528,0.3366640117100464,1,dev
2023122404,4536,16,0.9395248380129589,0.9419021635292384,0,dev
2023122404,4559,16,0.11059907834101383,0.16997223617385945,0,dev
2023122404,4582,16,0.8627204030226701,0.8738468526534297,1,dev
2023122404,4614,16,0.9222585924713584,0.9326574816747982,1,dev
2023122404,4662,16,0.9222585924713584,0.9241350861524732,1,dev
2023122404,4687,16,0.005952380952380952,0.05445781140796517,0,dev
2023122404,4720,16,0.3534675615212528,0.3414720476594605,0,dev
2023122404,4743,16,0.9222585924713584,0.935366987720651,0,dev
2023122405,55,16,0.9222585924713584,0.9250422594882655,1,dev
2023122405,124,16,0.8681318681318682,0.8785422772786696,1,dev
2023122405,176,16,0.9092841956059532,0.9102346053421253,1,dev
2023122405,259,16,0.9222585924713584,0.9252887118002289,1,dev
2023122405,329,16,0.9222585924713584,0.9338622901578904,1,dev
2023122405,475,16,0.9395248380129589,0.9456167884414123,1,dev
2023122405,505,16,0.9395248380129589,0.9448362304120491,1,dev
2023122405,535,16,0.9395248380129589,0.9364996616494493,1,dev
2023122405,582,16,0.3534675615212528,0.33323493958104644,1,dev
2023122405,686,16,0.21666666666666667,0.24497476933295392,0,dev
2023122405,770,16,0.07894736842105263,0.10380224270358059,0,dev
2023122405,795,16,0.7583333333333333,0.7246833729315441,1,dev
2023122405,924,16,0.9222585924713584,0.9352588933181749,1,dev
2023122405,976,16,0.9222585924713584,0.927392927767011,1,dev
2023122405,1048,16,0.8681318681318682,0.8786033776307999,0,dev
2023122405,1122,16,0.9395248380129589,0.9439060857111613,1,dev
2023122405,1216,16,0.9395248380129589,0.9456127522101222,1,dev
2023122405,1270,16,0.9395248380129589,0.9418975886274749,1,dev
2023122405,1339,16,0.9395248380129589,0.9520067817012053,1,dev
2023122405,1421,16,0.9395248380129589,0.943299840550627,1,dev
2023122405,1540,16,0.77728285077951,0.7401821124043154,0,dev
2023122405,1835,16,0.5533707865168538,0.5258200718261246,1,dev
2023122405,2045,16,0.9395248380129589,0.9378945472701821,1,dev
2023122405,2070,16,0.9092841956059532,0.8995581886269042,1,dev
2023122405,2095,16,0.21666666666666667,0.24613763882560127,0,dev
2023122405,2138,16,0.8348348348348347,0.8337192086160494,1,dev
2023122405,2211,16,0.3534675615212528,0.3252838173881463,1,dev
2023122405,2268,16,0.9395248380129589,0.9476817199810643,1,dev
2023122405,2293,16,0.8245614035087719,0.7946336505087105,0,dev
2023122405,2323,16,0.8288288288288288,0.8110979302595153,1,dev
2023122405,2413,16,0.8627204030226701,0.8576311880914687,1,dev
2023122405,2460,16,0.3861788617886179,0.41303987251768687,1,dev
2023122405,2485,16,0.8288288288288288,0.8005309917539443,1,dev
2023122405,2549,16,0.8627204030226701,0.8548374962915807,1,dev
2023122405,2604,16,0.9092841956059532,0.9112915468210968,1,dev
2023122405,2634,16,0.6571428571428571,0.6455212062933982,0,dev
2023122405,2710,16,0.77728285077951,0.7303569538601401,1,dev
2023122405,2757,16,0.9092841956059532,0.9185152584682711,1,dev
2023122405,2875,16,0.77728285077951,0.7730020107203901,1,dev
2023122405,2966,16,0.3861788617886179,0.4088379100628806,0,dev
2023122405,2989,16,0.8681318681318682,0.8767536985459712,1,dev
2023122405,3034,16,0.9222585924713584,0.9210440756086862,1,dev
2023122405,3093,16,0.9395248380129589,0.9445524128405338,1,dev
2023122405,3158,16,0.6571428571428571,0.5906980163764665,1,dev
2023122405,3225,16,0.8627204030226701,0.874626186459047,1,dev
2023122405,3302,16,0.5533707865168538,0.5570739057633575,1,dev
2023122405,3327,16,0.8348348348348347,0.8155923159291026,1,dev
2023122405,3352,16,0.77728285077951,0.7871001607134521,0,dev
2023122405,3375,16,0.840531561461794,0.8458524063050714,1,dev
2023122405,3493,16,0.77728285077951,0.7640415371127278,1,dev
2023122405,3561,16,0.9222585924713584,0.9292337441631341,1,dev
2023122405,3615,16,0.9222585924713584,0.9263274427775687,1,dev
2023122405,3696,16,0.7197452229299363,0.698876506865865,0,dev
2023122405,3743,16,0.840531561461794,0.8474927240946065,1,dev
2023122405,3779,16,0.8348348348348347,0.8300022487939923,1,dev
2023122405,3809,16,0.3534675615212528,0.3397315451512544,0,dev
2023122405,4249,16,0.5533707865168538,0.5710168157693464,0,dev
2023122405,4272,16,0.8627204030226701,0.8702473549002472,1,dev
2023122405,4357,16,0.4375,0.46169595277419395,1,dev
2023122405,4405,16,0.840531561461794,0.8507913337233645,1,dev
2023122406,106,16,0.9092841956059532,0.9066041698331122,1,dev
2023122406,161,16,0.8627204030226701,0.8567612586775991,1,dev
2023122406,186,16,0.11059907834101383,0.17794899059837357,0,dev
2023122406,252,16,0.004310344827586207,0.03001910869991303,0,dev
2023122406,422,16,0.6589147286821706,0.6497020316940436,1,dev
2023122406,608,16,0.6571428571428571,0.5789968894042465,1,dev
2023122406,790,16,0.8757396449704142,0.8805704310915825,0,dev
2023122406,813,16,0.004310344827586207,0.0350720207657683,0,dev
2023122406,923,16,0.9135802469135802,0.9197142752591821,1,dev
2023122406,948,16,0.15942028985507245,0.21955160198447365,0,dev
2023122406,1173,16,0.9395248380129589,0.9459353515789668,1,dev
2023122406,1198,16,0.11059907834101383,0.13132613823672545,0,dev
2023122406,1349,16,0.11059907834101383,0.16638725715204114,0,dev
2023122406,1372,16,0.3534675615212528,0.3243621969293436,0,dev
2023122406,1395,16,0.5,0.5055588403384844,1,dev
2023122406,1653,16,0.8627204030226701,0.8621358228613566,1,dev
2023122406,1732,16,0.6589147286821706,0.6804233186047546,0,dev
2023122406,1755,16,0.325,0.2881035920260295,0,dev
2023122406,1865,16,0.9395248380129589,0.9415395522354834,1,dev
2023122406,2080,16,0.6571428571428571,0.6189811258144287,0,dev
2023122406,2153,16,0.9092841956059532,0.9131367235451572,1,dev
2023122406,2178,16,0.8627204030226701,0.8726773130478269,1,dev
2023122406,2371,16,0.41818181818181815,0.43782893832073116,0,dev
2023122406,2394,16,0.005952380952380952,0.04598291038597591,0,dev
2023122406,2417,16,0.9222585924713584,0.9296821113121072,1,dev
2023122406,2505,16,0.8851674641148325,0.8828401587017786,1,dev
2023122406,2772,16,0.6589147286821706,0.6702307525942387,1,dev
2023122406,2866,16,0.8851674641148325,0.8841596560341187,1,dev
2023122406,2945,16,0.9092841956059532,0.9088381666822044,0,dev
2023122406,2997,16,0.0,0.013649873827855158,0,dev
2023122406,3124,16,0.15942028985507245,0.22450187423709708,0,dev
2023122406,3352,16,0.9092841956059532,0.9043575728637738,1,dev
2023122406,3377,16,0.5533707865168538,0.5509517333294518,0,dev
2023122406,3422,16,0.25874125874125875,0.26552057304661064,1,dev
2023122406,3609,16,0.77728285077951,0.7773312396079445,1,dev
2023122406,3634,16,0.9222585924713584,0.9295897931983863,1,dev
2023122406,3735,16,0.8851674641148325,0.8859943085025607,1,dev
2023122406,3832,16,0.3861788617886179,0.3958304935882121,0,dev
2023122406,3855,16,0.9395248380129589,0.9382608600858598,1,dev
2023122406,3880,16,0.9088785046728972,0.8961590415010112,1,dev
2023122406,3939,16,0.9222585924713584,0.9251637824576772,0,dev
2023122406,4092,16,0.4155844155844156,0.4349422761119495,0,dev
2023122406,4115,16,0.11059907834101383,0.14854732434787232,0,dev
2023122406,4269,16,0.77728285077951,0.7727674071071645,1,dev
2023122406,4342,16,0.5,0.5154206002147937,1,dev
2023122406,4432,16,0.6571428571428571,0.6045926020074631,1,dev
2023122406,4457,16,0.15942028985507245,0.21050954165984267,0,dev
2023122406,4480,16,0.77728285077951,0.7628653241171168,1,dev
2023122406,4527,16,0.8348348348348347,0.8269962423293641,1,dev
2023122406,4609,16,0.5,0.5197592979729035,0,dev
2023122406,4632,16,0.5533707865168538,0.5711161543120593,0,dev
2023122406,4799,16,0.9092841956059532,0.9017606819561369,1,dev
2023122406,4824,16,0.8627204030226701,0.8719423804587436,1,dev
2023122406,4881,16,0.8627204030226701,0.8608221319255496,1,dev
2023122406,4906,16,0.5533707865168538,0.5665806611419475,0,dev
2023122406,4951,16,0.41818181818181815,0.4464415949402139,0,dev
2023122406,5017,16,0.9092841956059532,0.9172677187671214,1,dev
2023122407,206,16,0.8627204030226701,0.8559072886193105,1,dev
2023122407,294,16,0.9092841956059532,0.9046260945519634,1,dev
2023122407,406,16,0.5533707865168538,0.5777277240737608,0,dev
2023122407,614,16,0.8348348348348347,0.8334029612963776,1,dev
2023122407,661,16,0.9092841956059532,0.9037875316545716,0,dev
2023122407,693,16,0.753968253968254,0.7151714461512315,0,dev
2023122407,1026,16,0.8681318681318682,0.8754996304061881,1,dev
2023122407,1051,16,0.9222585924713584,0.9238335775477813,1,dev
2023122407,1171,16,0.8681318681318682,0.8768311715662611,1,dev
2023122407,1225,16,0.9222585924713584,0.9254380094224307,1,dev
2023122407,1325,16,0.77728285077951,0.7759888381543107,1,dev
2023122407,1478,16,0.41818181818181815,0.45211393147693835,1,dev
2023122407,1722,16,0.13,0.19128421385023547,1,dev
2023122407,1790,16,0.5533707865168538,0.5772064826533487,0,dev
2023122407,1813,16,0.9395248380129589,0.9441120260528715,1,dev
2023122407,1838,16,0.21666666666666667,0.24855976732428264,0,dev
2023122407,1861,16,0.9222585924713584,0.9298241687957643,0,dev
2023122407,1884,16,0.77728285077951,0.7621340101446981,1,dev
2023122407,1958,16,0.77728285077951,0.777151706383598,1,dev
2023122407,2032,16,0.77728285077951,0.736859159292977,1,dev
2023122407,2239,16,0.5,0.5048216554345228,1,dev
2023122407,2286,16,0.77728285077951,0.7747130024693553,1,dev
2023122407,2338,16,0.41818181818181815,0.456683978426727,0,dev
2023122407,2361,16,0.4155844155844156,0.42723471512401073,0,dev
2023122407,2570,16,0.9092841956059532,0.9055216307380134,1,dev
2023122407,2644,16,0.13,0.19622405540527887,0,dev
2023122407,2698,16,0.9222585924713584,0.9272726761750861,1,dev
2023122407,2867,16,0.9092841956059532,0.8990564089960847,1,dev
2023122407,2959,16,0.7583333333333333,0.7239960797434265,1,dev
2023122407,3006,16,0.3534675615212528,0.37253348488131716,1,dev
2023122407,3170,16,0.8348348348348347,0.8246485871602576,1,dev
2023122407,3222,16,0.45,0.4880688246718595,1,dev
2023122407,3468,16,0.8681318681318682,0.8753466456810407,1,dev
2023122407,3684,16,0.7583333333333333,0.7264820552669307,0,dev
2023122407,3707,16,0.9092841956059532,0.9174828123652681,1,dev
2023122407,3779,16,0.77728285077951,0.7320395924844242,1,dev
2023122407,3845,16,0.77728285077951,0.7888025722468954,1,dev
2023122407,3927,16,0.9135802469135802,0.9197541657041831,1,dev
2023122407,3952,16,0.77728285077951,0.7675656418572538,1,dev
2023122407,3982,16,0.5,0.52037950067153,0,dev
2023122407,4090,16,0.3465346534653465,0.3011102582905038,1,dev
2023122407,4178,16,0.9088785046728972,0.8952509154493955,1,dev
2023122407,4233,16,0.9222585924713584,0.9281093097888412,1,dev
2023122407,4283,16,0.9395248380129589,0.9413005418883984,1,dev
2023122408,100,16,0.9395248380129589,0.9479318159776237,1,dev
2023122408,258,16,0.77728285077951,0.760994699496986,1,dev
2023122408,327,16,0.9222585924713584,0.9283502289038276,1,dev
2023122408,474,16,0.9092841956059532,0.9061891431252297,1,dev
2023122408,509,16,0.9222585924713584,0.9320282071819156,1,dev
2023122408,565,16,0.07894736842105263,0.09276699608718886,0,dev
2023122408,644,16,0.4155844155844156,0.43274816883461426,1,dev
2023122408,669,16,0.77728285077951,0.7644257301993665,1,dev
2023122408,837,16,0.3861788617886179,0.4029277016734183,0,dev
2023122408,882,16,0.8627204030226701,0.871580838038185,1,dev
2023122408,946,16,0.6589147286821706,0.660953306371966,1,dev
2023122408,1019,16,0.8627204030226701,0.8539720062490762,1,dev
2023122408,1100,16,0.9092841956059532,0.9101955821432848,1,dev
2023122408,1174,16,0.9395248380129589,0.9437896227227087,1,dev
2023122408,1220,16,0.9092841956059532,0.9083554463842042,1,dev
2023122408,1252,16,0.9092841956059532,0.8979496681322725,1,dev
2023122408,1327,16,0.3534675615212528,0.35448825617264607,0,dev
2023122408,1428,16,0.9395248380129589,0.9383991947205198,1,dev
2023122408,1503,16,0.4155844155844156,0.4354126813134967,0,dev
2023122408,1526,16,0.9222585924713584,0.9354780109088595,1,dev
2023122408,1551,16,0.8348348348348347,0.838749250460691,1,dev
2023122408,1610,16,0.9395248380129589,0.9430439463481279,1,dev
2023122408,1640,16,0.753968253968254,0.7081459225858779,1,dev
2023122408,1670,16,0.9092841956059532,0.898543646449346,1,dev
2023122408,1724,16,0.5533707865168538,0.5218985246206717,0,dev
2023122408,1747,16,0.8627204030226701,0.8718036153287102,1,dev
2023122408,1777,16,0.9092841956059532,0.9003143237026471,1,dev
2023122408,1802,16,0.4155844155844156,0.4323160127985561,1,dev
2023122408,1873,16,0.41818181818181815,0.4523421779172119,0,dev
2023122408,1896,16,0.9092841956059532,0.9083049826995517,1,dev
2023122408,2073,16,0.9222585924713584,0.9264781906456396,1,dev
2023122408,2150,16,0.840531561461794,0.8480399504496218,0,dev
2023122408,2173,16,0.9092841956059532,0.9028765409420866,1,dev
2023122408,2198,16,0.6571428571428571,0.6016266571704536,1,dev
2023122408,2289,16,0.8348348348348347,0.8259372290858381,1,dev
2023122408,2314,16,0.004310344827586207,0.01535606547093979,0,dev
2023122408,2337,16,0.9222585924713584,0.9224204775311992,1,dev
2023122408,2415,16,0.07894736842105263,0.09756701084041708,0,dev
2023122408,2462,16,0.7197452229299363,0.6907728864754991,0,dev
2023122408,2536,16,0.9092841956059532,0.8999547589675836,1,dev
2023122408,2605,16,0.9222585924713584,0.9219040438378517,1,dev
2023122408,2774,16,0.8288288288288288,0.8081555058657386,1,dev
2023122408,2832,16,0.9135802469135802,0.9194992979027188,0,dev
2023122408,2882,16,0.95,0.9571616921229814,1,dev
2023122408,2907,16,0.11059907834101383,0.16337506845246103,0,dev
2023122408,2957,16,0.8627204030226701,0.8690350800381194,1,dev
2023122408,2982,16,0.77728285077951,0.7878897216635111,1,dev
2023122408,3139,16,0.8245614035087719,0.7942346408481655,1,dev
2023122408,3190,16,0.9092841956059532,0.9068111422277966,1,dev
2023122408,3215,16,0.95,0.9558456283518005,1,dev
2023122408,3352,16,0.7583333333333333,0.7194020747265397,1,dev
2023122408,3377,16,0.07894736842105263,0.1103071674509322,0,dev
2023122408,3400,16,0.8627204030226701,0.8608580242430152,0,dev
2023122408,3466,16,0.9088785046728972,0.8882374908275575,1,dev
2023122408,3491,16,0.3534675615212528,0.3341993224931901,1,dev
2023122408,3516,16,0.9092841956059532,0.9142805702610318,1,dev
2023122408,3541,16,0.9092841956059532,0.9174496466737435,1,dev
2023122408,3571,16,0.9092841956059532,0.8968694049141814,1,dev
2023122408,3596,16,0.3534675615212528,0.3835724929463885,0,dev
2023122408,3669,16,0.25874125874125875,0.27722043019143594,0,dev
2023122408,3864,16,0.8627204030226701,0.8551662916500681,1,dev
2023122408,3894,16,0.8627204030226701,0.8578364472361831,1,dev
2023122408,3919,16,0.9092841956059532,0.9080621915354974,1,dev
2023122408,4039,16,0.3861788617886179,0.4153782247340649,1,dev
2023122408,4169,16,0.9092841956059532,0.9077759632737071,1,dev
2023122408,4245,16,0.6589147286821706,0.6794416485050877,1,dev
2023122409,84,16,0.9092841956059532,0.9076863679662915,1,dev
2023122409,148,16,0.5533707865168538,0.5757062631064093,0,dev
2023122409,286,16,0.7197452229299363,0.6924590010091942,1,dev
2023122409,360,16,0.6589147286821706,0.6471853526313589,1,dev
2023122409,589,16,0.3534675615212528,0.34701962549650656,0,dev
2023122409,639,16,0.8757396449704142,0.8812350698671128,1,dev
2023122409,671,16,0.77728285077951,0.7459881293798815,0,dev
2023122409,716,16,0.41818181818181815,0.43772961592731374,0,dev
2023122409,810,16,0.3861788617886179,0.4156509692963574,1,dev
2023122409,880,16,0.9088785046728972,0.8886384965782358,1,dev
2023122409,1148,16,0.004310344827586207,0.018827735183017006,0,dev
2023122409,1171,16,0.9222585924713584,0.9294414516073756,1,dev
2023122409,1223,16,0.840531561461794,0.8488094348857025,1,dev
2023122409,1319,16,0.77728285077951,0.7408745475119842,1,dev
2023122409,1393,16,0.9092841956059532,0.9111951824789478,1,dev
2023122409,1457,16,0.9395248380129589,0.9443185062541628,1,dev
2023122409,1504,16,0.07894736842105263,0.1049055955642243,0,dev
2023122409,1554,16,0.9395248380129589,0.9379132697340429,1,dev
2023122409,1654,16,0.8348348348348347,0.818097405742877,1,dev
2023122409,1718,16,0.44370860927152306,0.46459242083483565,0,dev
2023122409,1741,16,0.753968253968254,0.7109122351187669,0,dev
2023122409,1769,16,0.9088785046728972,0.8904792634976707,1,dev
2023122409,1862,16,0.9222585924713584,0.9344308613513659,1,dev
2023122409,1887,16,0.95,0.9540308347075538,1,dev
2023122409,2066,16,0.8627204030226701,0.8668315820471455,1,dev
2023122409,2091,16,0.840531561461794,0.8427478663688084,0,dev
2023122409,2168,16,0.77728285077951,0.7883987747684108,1,dev
2023122409,2405,16,0.9395248380129589,0.9429738210776044,1,dev
2023122409,2615,16,0.6571428571428571,0.5912718926098814,0,dev
2023122409,2650,16,0.25874125874125875,0.27459389215538704,0,dev
2023122409,2757,16,0.77728285077951,0.7909005491907285,1,dev
2023122409,2832,16,0.9092841956059532,0.9071736400197794,1,dev
2023122409,2923,16,0.9222585924713584,0.9348899316471231,1,dev
2023122409,2993,16,0.9092841956059532,0.9178486339233718,1,dev
2023122409,3081,16,0.6571428571428571,0.6372482511520022,0,dev
2023122409,3104,16,0.8348348348348347,0.821771575826122,1,dev
2023122409,3430,16,0.9395248380129589,0.9383844384870014,1,dev
2023122409,3487,16,0.9395248380129589,0.9469123386990428,1,dev
2023122409,3583,16,0.77728285077951,0.7314095037105905,1,dev
2023122409,3631,16,0.9395248380129589,0.9418616378036038,1,dev
2023122409,3713,16,0.9222585924713584,0.934861794206934,1,dev
2023122409,3782,16,0.77728285077951,0.7763165100656223,1,dev
2023122409,3807,16,0.5,0.49705086117097774,0,dev
2023122409,3852,16,0.8348348348348347,0.8229260527439897,1,dev
2023122409,3877,16,0.9092841956059532,0.9126998770346952,0,dev
2023122409,3900,16,0.3465346534653465,0.2962163587098318,0,dev
2023122409,3923,16,0.004310344827586207,0.031633699991796604,0,dev
2023122409,3997,16,0.8757396449704142,0.8818703716353113,1,dev
2023122409,4181,16,0.9222585924713584,0.9338131496972744,1,dev
2023122409,4229,16,0.9222585924713584,0.9324885228010137,1,dev
2023122409,4254,16,0.8851674641148325,0.8850375212142944,1,dev
2023122410,55,16,0.9092841956059532,0.9152967770200221,1,dev
2023122410,112,16,0.0,0.010931046560315997,0,dev
2023122410,203,16,0.9088785046728972,0.8926626623020508,1,dev
2023122410,295,16,0.95,0.9563496645019396,1,dev
2023122410,349,16,0.9222585924713584,0.9338350981801269,1,dev
2023122410,504,16,0.3534675615212528,0.3158316402655456,0,dev
2023122410,551,16,0.41818181818181815,0.45125110704796323,1,dev
2023122410,625,16,0.8348348348348347,0.832614433607019,1,dev
2023122410,655,16,0.3465346534653465,0.3049805287583891,0,dev
2023122410,773,16,0.5,0.500685794870749,1,dev
2023122410,820,16,0.8627204030226701,0.8728781543659603,1,dev
2023122410,884,16,0.753968253968254,0.7062093179083768,0,dev
2023122410,907,16,0.840531561461794,0.8430256317449626,1,dev
2023122410,932,16,0.21666666666666667,0.2526558571108533,1,dev
2023122410,1056,16,0.9395248380129589,0.9442106716297539,1,dev
2023122410,1191,16,0.3534675615212528,0.34702621257933797,0,dev
2023122410,1452,16,0.9092841956059532,0.9177191398034603,1,dev
2023122410,1477,16,0.9395248380129589,0.9394150060803519,1,dev
2023122410,1524,16,0.15942028985507245,0.22399438956460466,0,dev
2023122410,1709,16,0.9395248380129589,0.9470111865578276,1,dev
2023122410,1734,16,0.004310344827586207,0.036616713355927165,0,dev
2023122410,1757,16,0.9092841956059532,0.9166721703503643,1,dev
2023122410,1811,16,0.9395248380129589,0.9371048090406254,1,dev
2023122410,1836,16,0.9222585924713584,0.9264875805406844,1,dev
2023122410,1861,16,0.9395248380129589,0.9452849761183278,1,dev
2023122410,1939,16,0.8288288288288288,0.8123565251418087,1,dev
2023122410,2141,16,0.11059907834101383,0.17812080016184056,0,dev
2023122410,2213,16,0.005952380952380952,0.05487958749455437,0,dev
2023122410,2236,16,0.5533707865168538,0.5717814715563152,0,dev
2023122410,2278,16,0.9092841956059532,0.913403130721222,1,dev
2023122410,2332,16,0.9222585924713584,0.9303360117624869,1,dev
2023122410,2428,16,0.77728285077951,0.7328598089830408,1,dev
2023122410,2453,16,0.3534675615212528,0.3789366040064822,1,dev
2023122410,2568,16,0.6571428571428571,0.6152348906847539,1,dev
2023122410,2636,16,0.9092841956059532,0.8981204714240694,1,dev
2023122410,2661,16,0.9135802469135802,0.9187729651629379,1,dev
2023122410,2691,16,0.004310344827586207,0.026465361017167458,0,dev
2023122410,2744,16,0.9092841956059532,0.9041890028573334,1,dev
2023122410,2823,16,0.8851674641148325,0.8857787769914185,0,dev
2023122410,2904,16,0.3534675615212528,0.3142065337671402,1,dev
2023122410,2929,16,0.9222585924713584,0.9312498968235821,1,dev
2023122410,3092,16,0.9135802469135802,0.9198387277711801,1,dev
2023122410,3227,16,0.44370860927152306,0.48101233345379374,0,dev
2023122410,3385,16,0.7583333333333333,0.7185142027038797,1,dev
2023122410,3415,16,0.9395248380129589,0.9424293713948438,1,dev
2023122410,3474,16,0.325,0.2920012002050722,0,dev
2023122410,3497,16,0.6589147286821706,0.668407277726542,1,dev
2023122410,3522,16,0.9395248380129589,0.9366485458664108,1,dev
2023122410,3569,16,0.7727272727272727,0.7270917544087685,1,dev
2023122410,3638,16,0.0,0.013450133086021533,0,dev
2023122410,3661,16,0.77728285077951,0.7417618437566175,0,dev
2023122410,3738,16,0.5533707865168538,0.5543144140408914,0,dev
2023122410,3761,16,0.3534675615212528,0.3435619211895276,1,dev
2023122410,3861,16,0.77728285077951,0.7856971453476634,1,dev
2023122410,3893,16,0.9222585924713584,0.932439522420779,1,dev
2023122410,3922,16,0.11059907834101383,0.1335753481489172,0,dev
2023122410,3945,16,0.9395248380129589,0.9426019625586309,1,dev
2023122411,131,16,0.3534675615212528,0.3256814765929149,0,dev
2023122411,293,16,0.8348348348348347,0.831022335538728,0,dev
2023122411,393,16,0.3861788617886179,0.42042452714824347,0,dev
2023122411,548,16,0.9092841956059532,0.9117059942132106,1,dev
2023122411,622,16,0.77728285077951,0.7586342020177678,1,dev
2023122411,738,16,0.6589147286821706,0.6781720085327758,1,dev
2023122411,810,16,0.9092841956059532,0.905355482300518,1,dev
2023122411,860,16,0.8681318681318682,0.8779390204306425,1,dev
2023122411,999,16,0.6589147286821706,0.6675453617412481,1,dev
2023122411,1116,16,0.9222585924713584,0.9282292645155102,1,dev
2023122411,1141,16,0.8348348348348347,0.8197705818291443,1,dev
2023122411,1192,16,0.9092841956059532,0.9123986027892762,1,dev
2023122411,1310,16,0.9222585924713584,0.9325191629332147,1,dev
2023122411,1364,16,0.9395248380129589,0.9440091455235583,1,dev
2023122411,1576,16,0.753968253968254,0.705958558868745,1,dev
2023122411,1630,16,0.8627204030226701,0.8596907523656268,1,dev
2023122411,1662,16,0.8627204030226701,0.8539067515307489,1,dev
2023122411,1691,16,0.0,0.012237513091595348,0,dev
2023122411,1804,16,0.9088785046728972,0.8916435245707665,1,dev
2023122411,1829,16,0.840531561461794,0.8474123966296028,1,dev
2023122411,1866,16,0.9222585924713584,0.935613640186814,1,dev
2023122411,2025,16,0.9092841956059532,0.9079410562948785,1,dev
2023122411,2070,16,0.5533707865168538,0.5688219034435561,1,dev
2023122411,2124,16,0.8627204030226701,0.8578463346723315,1,dev
2023122411,2176,16,0.8348348348348347,0.816648252809621,1,dev
2023122411,2240,16,0.77728285077951,0.7396103068949686,1,dev
2023122411,2287,16,0.8348348348348347,0.8172782780082729,0,dev
2023122411,2368,16,0.8681318681318682,0.8777135154139825,1,dev
2023122411,2422,16,0.840531561461794,0.8462408134632757,0,dev
2023122411,2508,16,0.3534675615212528,0.3832659273957693,0,dev
2023122411,2602,16,0.41818181818181815,0.4451144180102049,1,dev
2023122411,2665,16,0.004310344827586207,0.03944163077629013,0,dev
2023122411,2713,16,0.9222585924713584,0.9263499398007112,1,dev
2023122411,3067,16,0.9088785046728972,0.8886000882210032,1,dev
2023122411,3099,16,0.9222585924713584,0.9342491541794488,1,dev
2023122411,3192,16,0.5533707865168538,0.5643033396388736,1,dev
2023122411,3305,16,0.3534675615212528,0.3483259895078333,1,dev
2023122411,3330,16,0.5,0.5136213692453938,1,dev
2023122411,3422,16,0.77728285077951,0.7559761705769215,1,dev
2023122411,3447,16,0.9092841956059532,0.9100312518137617,1,dev
2023122411,3491,16,0.8851674641148325,0.8854456600595553,1,dev
2023122411,3538,16,0.9088785046728972,0.8925726349412128,1,dev
2023122411,3568,16,0.9092841956059532,0.9095983205093865,0,dev
2023122411,3636,16,0.005952380952380952,0.0542867043332281,0,dev
2023122411,3669,16,0.3465346534653465,0.30616027677029733,0,dev
2023122411,3692,16,0.8627204030226701,0.8698555536848066,1,dev
2023122411,3720,16,0.005952380952380952,0.06147116609506748,0,dev
2023122411,3789,16,0.9088785046728972,0.8899663901706713,1,dev
2023122411,3814,16,0.6589147286821706,0.6763903636687112,1,dev
2023122411,3872,16,0.5,0.48960496432814343,0,dev
2023122411,4057,16,0.6571428571428571,0.6292161749507071,0,dev
2023122411,4151,16,0.3534675615212528,0.3157947901363001,1,dev
2023122411,4183,16,0.840531561461794,0.8480594219819194,1,dev
2023122411,4208,16,0.77728285077951,0.7602520296901016,1,dev
2023122500,285,16,0.9222585924713584,0.9340491542916902,0,dev
2023122500,470,16,0.9092841956059532,0.9038566924181517,1,dev
2023122500,495,16,0.9395248380129589,0.9363445558758089,1,dev
2023122500,520,16,0.9092841956059532,0.9168500958459848,1,dev
2023122500,572,16,0.9092841956059532,0.9028543916931745,1,dev
2023122500,602,16,0.325,0.29195732883964554,0,dev
2023122500,625,16,0.8627204030226701,0.8569829962526004,1,dev
2023122500,722,16,0.6571428571428571,0.6228807626191283,1,dev
2023122500,771,16,0.6571428571428571,0.6073141043081735,1,dev
2023122500,997,16,0.6571428571428571,0.5878804637431981,1,dev
2023122500,1047,16,0.21666666666666667,0.23468659751561324,0,dev
2023122500,1086,16,0.9092841956059532,0.9053532847249176,0,dev
2023122500,1109,16,0.005952380952380952,0.04122715995431591,0,dev
2023122500,1181,16,0.8757396449704142,0.8802060413011992,0,dev
2023122500,1211,16,0.8288288288288288,0.8044746943637172,1,dev
2023122500,1290,16,0.9092841956059532,0.9141354193892198,1,dev
2023122500,1340,16,0.9135802469135802,0.9205868761591701,1,dev
2023122500,1516,16,0.5533707865168538,0.5255673740851488,0,dev
2023122500,1771,16,0.9222585924713584,0.9318521100116317,1,dev
2023122500,1818,16,0.07894736842105263,0.09569640052996731,0,dev
2023122500,1959,16,0.8627204030226701,0.8616055188159807,1,dev
2023122500,1991,16,0.9092841956059532,0.9002582344268969,1,dev
2023122500,2016,16,0.6589147286821706,0.6605927529862534,1,dev
2023122500,2094,16,0.9222585924713584,0.935037302167699,1,dev
2023122500,2328,16,0.25874125874125875,0.26990812473215375,0,dev
2023122500,2463,16,0.8627204030226701,0.8599624834611624,1,dev
2023122500,2657,16,0.4155844155844156,0.43305844712775554,0,dev
2023122500,2680,16,0.44370860927152306,0.47923256768556044,0,dev
2023122500,2714,16,0.9222585924713584,0.9228741089578765,0,dev
2023122500,2850,16,0.840531561461794,0.8495568902318564,1,dev
2023122500,2875,16,0.25874125874125875,0.2769962593544839,0,dev
2023122500,3052,16,0.21666666666666667,0.2517025728198959,0,dev
2023122500,3118,16,0.8348348348348347,0.8172116825162369,1,dev
2023122500,3163,16,0.9395248380129589,0.9487846623406393,1,dev
2023122500,3210,16,0.9088785046728972,0.891317144510654,1,dev
2023122500,3235,16,0.07894736842105263,0.09832754310715515,0,dev
2023122500,3379,16,0.77728285077951,0.7476695635767264,1,dev
2023122500,3582,16,0.8757396449704142,0.8797951518852937,0,dev
2023122500,3612,16,0.3534675615212528,0.3728077918884615,0,dev
2023122500,3755,16,0.13,0.20459541726764777,0,dev
2023122500,3851,16,0.9395248380129589,0.9390561214201371,1,dev
2023122500,3920,16,0.9395248380129589,0.9358954935889976,1,dev
2023122500,3950,16,0.9092841956059532,0.8999448103013395,1,dev
2023122500,4009,16,0.5,0.49816460429547005,0,dev
2023122500,4032,16,0.7583333333333333,0.7253823828025995,1,dev
2023122501,311,16,0.9222585924713584,0.9346671971117192,1,dev
2023122501,336,16,0.8681318681318682,0.8757209556669897,1,dev
2023122501,503,16,0.77728285077951,0.7609355308237233,0,dev
2023122501,632,16,0.6571428571428571,0.6427657753780814,1,dev
2023122501,684,16,0.8348348348348347,0.8342991847607922,1,dev
2023122501,709,16,0.77728285077951,0.7460990304364085,0,dev
2023122501,868,16,0.8627204030226701,0.8670816329101345,1,dev
2023122501,893,16,0.840531561461794,0.8450659024083543,1,dev
2023122501,918,16,0.8627204030226701,0.8667819259669595,0,dev
2023122501,941,16,0.8348348348348347,0.8316063576368778,1,dev
2023122501,1078,16,0.6571428571428571,0.6237387909833108,0,dev
2023122501,1214,16,0.9395248380129589,0.9427749532355222,1,dev
2023122501,1299,16,0.8245614035087719,0.795087901150933,0,dev
2023122501,1322,16,0.9092841956059532,0.9169877653327732,1,dev
2023122501,1570,16,0.0,0.010917056539902863,0,dev
2023122501,1619,16,0.21666666666666667,0.2329739804090143,0,dev
2023122501,1863,16,0.44370860927152306,0.4782805435854845,1,dev
2023122501,1888,16,0.7197452229299363,0.6887285627027286,0,dev
2023122501,1911,16,0.9222585924713584,0.9228510798048513,1,dev
2023122501,1958,16,0.9222585924713584,0.9314944161759537,1,dev
2023122501,1995,16,0.9395248380129589,0.9365720692199906,1,dev
2023122501,2151,16,0.9222585924713584,0.930516363441797,1,dev
2023122501,2439,16,0.9395248380129589,0.9384010601133165,1,dev
2023122501,2686,16,0.77728285077951,0.7573836628229866,1,dev
2023122501,2755,16,0.9222585924713584,0.9323580759562151,0,dev
2023122501,2822,16,0.41818181818181815,0.4501871446763413,1,dev
2023122501,2882,16,0.9395248380129589,0.9440757288264109,1,dev
2023122501,2973,16,0.9222585924713584,0.9320781835686,1,dev
2023122501,3025,16,0.8627204030226701,0.8558754029920591,1,dev
2023122501,3050,16,0.7583333333333333,0.7245979792708869,0,dev
2023122501,3115,16,0.9088785046728972,0.8914990382104999,1,dev
2023122501,3176,16,0.13,0.20933240361230832,0,dev
2023122501,3275,16,0.9092841956059532,0.9019333412214421,1,dev
2023122501,3364,16,0.07894736842105263,0.11712396952577189,0,dev
2023122501,3436,16,0.8348348348348347,0.817038212892523,1,dev
2023122501,3510,16,0.9092841956059532,0.9119350847461644,1,dev
2023122501,3618,16,0.9222585924713584,0.9242663763450307,1,dev
2023122501,3687,16,0.77728285077951,0.7819738541963964,0,dev
2023122501,3710,16,0.21666666666666667,0.2520494607291845,0,dev
2023122501,3784,16,0.7197452229299363,0.7010760208229102,1,dev
2023122501,4343,16,0.77728285077951,0.7496461251419653,1,dev
2023122501,4391,16,0.9222585924713584,0.9247688863873977,1,dev
2023122501,4421,16,0.325,0.28615482602161696,0,dev
2023122502,91,16,0.8288288288288288,0.8035371556433354,0,dev
2023122502,114,16,0.03296703296703297,0.08309245567434322,0,dev
2023122502,157,16,0.9395248380129589,0.9443369129763208,1,dev
2023122502,186,16,0.77728285077951,0.7337152144974594,0,dev
2023122502,209,16,0.8627204030226701,0.8537538024485877,1,dev
2023122502,241,16,0.8627204030226701,0.8571039421921776,1,dev
2023122502,330,16,0.6589147286821706,0.6506010354982527,0,dev
2023122502,353,16,0.3861788617886179,0.40719870697261984,1,dev
2023122502,485,16,0.840531561461794,0.8442459809695246,1,dev
2023122502,515,16,0.3861788617886179,0.42464257841692693,0,dev
2023122502,685,16,0.5,0.4980403275338839,0,dev
2023122502,751,16,0.9395248380129589,0.9388165655905323,1,dev
2023122502,781,16,0.9395248380129589,0.9378435515037745,1,dev
2023122502,972,16,0.9222585924713584,0.9248494697545769,1,dev
2023122502,1040,16,0.9092841956059532,0.900787979180784,1,dev
2023122502,1113,16,0.6571428571428571,0.6155336273319075,1,dev
2023122502,1192,16,0.8627204030226701,0.8562662378096275,1,dev
2023122502,1267,16,0.9395248380129589,0.9459798815522693,0,dev
2023122502,1315,16,0.9092841956059532,0.9000831553928156,1,dev
2023122502,1363,16,0.07894736842105263,0.09153685084576725,0,dev
2023122502,1386,16,0.9222585924713584,0.9283438424641621,1,dev
2023122502,1506,16,0.9088785046728972,0.891280234653172,1,dev
2023122502,1602,16,0.9092841956059532,0.9112282202833792,0,dev
2023122502,1625,16,0.9395248380129589,0.9446253209843437,0,dev
2023122502,1779,16,0.9135802469135802,0.9187449412884969,1,dev
2023122502,1933,16,0.6589147286821706,0.6518284145083163,1,dev
2023122502,2044,16,0.9395248380129589,0.9529377331334062,1,dev
2023122502,2074,16,0.9222585924713584,0.9302552778872659,1,dev
2023122502,2104,16,0.6571428571428571,0.6293807612197888,1,dev
2023122502,2174,16,0.4155844155844156,0.436205365381728,1,dev
2023122502,2210,16,0.004310344827586207,0.014862570059744838,0,dev
2023122502,2260,16,0.3534675615212528,0.35299397593532783,0,dev
2023122502,2366,16,0.9092841956059532,0.9154626245213894,1,dev
2023122502,2391,16,0.07894736842105263,0.11639649641578642,0,dev
2023122502,2490,16,0.9092841956059532,0.9171997415294043,1,dev
2023122502,2549,16,0.753968253968254,0.706907766936304,1,dev
2023122502,2640,16,0.8627204030226701,0.8612823542260627,1,dev
2023122502,2718,16,0.9092841956059532,0.9166761694097734,0,dev
2023122502,2741,16,0.9092841956059532,0.9142730181062714,1,dev
2023122502,2766,16,0.9088785046728972,0.8952499863822604,1,dev
2023122502,2818,16,0.9135802469135802,0.9198338346577781,0,dev
2023122502,2956,16,0.9222585924713584,0.9356975433815593,1,dev
2023122502,2981,16,0.8627204030226701,0.8647699629742841,1,dev
2023122502,3028,16,0.9222585924713584,0.9215231006738763,1,dev
2023122502,3188,16,0.8627204030226701,0.8541456269800025,1,dev
2023122502,3340,16,0.004310344827586207,0.024062695560569603,0,dev
2023122502,3363,16,0.9395248380129589,0.943268776455147,1,dev
2023122502,3574,16,0.9222585924713584,0.9305613921926623,1,dev
2023122502,3610,16,0.4375,0.46284923873158024,0,dev
2023122502,3656,16,0.77728285077951,0.7772630905766579,1,dev
2023122502,3711,16,0.8851674641148325,0.8848640724877904,1,dev
2023122502,3764,16,0.8348348348348347,0.8176851193499631,1,dev
2023122502,3793,16,0.9222585924713584,0.9256112302655918,1,dev
2023122502,3823,16,0.9092841956059532,0.9093855856284181,1,dev
2023122502,3848,16,0.6589147286821706,0.6826834845276766,0,dev
2023122502,3871,16,0.9092841956059532,0.9150117670879474,1,dev
2023122502,4055,16,0.9743589743589743,0.9615169759200379,1,dev
2023122502,4085,16,0.03296703296703297,0.07503765648213145,0,dev
2023122502,4108,16,0.9222585924713584,0.9340083481576199,1,dev
2023122502,4190,16,0.8288288288288288,0.8055692112349399,0,dev
2023122502,4213,16,0.8627204030226701,0.8697328240086251,1,dev
2023122502,4238,16,0.753968253968254,0.704837463614914,1,dev
2023122502,4263,16,0.07894736842105263,0.11619920394264174,0,dev
2023122800,138,17,0.9395248380129589,0.944434234420093,1,test
2023122800,209,17,0.3861788617886179,0.4056253343090802,1,test
2023122800,234,17,0.8627204030226701,0.8631629128029452,1,test
2023122800,320,17,0.3534675615212528,0.3855137135197911,1,test
2023122800,432,17,0.8348348348348347,0.8373932146706178,1,test
2023122800,501,17,0.25874125874125875,0.2788302238040766,0,test
2023122800,613,17,0.9395248380129589,0.9418141144745888,1,test
2023122800,638,17,0.325,0.2882738497293114,1,test
2023122800,752,17,0.77728285077951,0.7391406965855144,1,test
2023122800,858,17,0.005952380952380952,0.04779795364308486,0,test
2023122800,1094,17,0.6589147286821706,0.6796917420163964,0,test
2023122800,1141,17,0.9395248380129589,0.9359582602540087,1,test
2023122800,1279,17,0.9222585924713584,0.9306439733997971,1,test
2023122800,1342,17,0.3465346534653465,0.3112574939280142,0,test
2023122800,1421,17,0.9092841956059532,0.9141314943073243,1,test
2023122800,1483,17,0.3534675615212528,0.337950786551279,1,test
2023122800,1508,17,0.8627204030226701,0.8637756926489996,1,test
2023122800,1555,17,0.4155844155844156,0.42870763013985896,1,test
2023122800,1602,17,0.6589147286821706,0.6598489175293362,0,test
2023122800,1649,17,0.77728285077951,0.7333188917967367,1,test
2023122800,1801,17,0.9395248380129589,0.9476075075365131,1,test
2023122800,1998,17,0.8851674641148325,0.885443026914309,1,test
2023122800,2033,17,0.8681318681318682,0.8775318316105909,1,test
2023122800,2129,17,0.9088785046728972,0.8945157541716314,1,test
2023122800,2154,17,0.9092841956059532,0.9114070205627693,1,test
2023122800,2179,17,0.8627204030226701,0.8650048126517997,1,test
2023122800,2211,17,0.5,0.5149595640873605,1,test
2023122800,2524,17,0.8348348348348347,0.8252018458042606,1,test
2023122800,2594,17,0.41818181818181815,0.4605831526195931,0,test
2023122800,2797,17,0.8627204030226701,0.8551106203823198,1,test
2023122800,2849,17,0.8288288288288288,0.8049459919316614,1,test
2023122800,2906,17,0.9222585924713584,0.9265556862382434,1,test
2023122800,2931,17,0.8681318681318682,0.8776288258688566,1,test
2023122800,3024,17,0.9395248380129589,0.9405493369021379,1,test
2023122800,3049,17,0.5533707865168538,0.5421557244370571,0,test
2023122800,3114,17,0.3534675615212528,0.3660667978165534,0,test
2023122800,3144,17,0.77728285077951,0.7301382264019842,0,test
2023122800,3391,17,0.6571428571428571,0.6102286276451094,1,test
2023122800,3463,17,0.11059907834101383,0.1751656453597379,0,test
2023122800,3689,17,0.5,0.5045917804050163,0,test
2023122800,3776,17,0.9222585924713584,0.9222704848126507,1,test
2023122800,3832,17,0.8627204030226701,0.8562874088432939,1,test
2023122800,3958,17,0.004310344827586207,0.017236885025898447,0,test
2023122800,4009,17,0.9395248380129589,0.9403897192523227,1,test
2023122800,4097,17,0.8851674641148325,0.8851218050430293,1,test
2023122800,4122,17,0.8627204030226701,0.8647895903847885,1,test
2023122800,4343,17,0.9743589743589743,0.9592900434024395,1,test
2023122800,4368,17,0.5533707865168538,0.523607572173694,0,test
2023122800,4415,17,0.9395248380129589,0.9360119917077079,1,test
2023122800,4440,17,0.9395248380129589,0.9520944022258983,0,test
2023122800,4463,17,0.8851674641148325,0.886508906313489,1,test
2023122800,4495,17,0.8627204030226701,0.8731386043651956,1,test
2023122800,4520,17,0.9395248380129589,0.9513715066310277,1,test
2023122800,4545,17,0.8851674641148325,0.8847944191598454,1,test
2023122800,4570,17,0.9088785046728972,0.8928138282603415,1,test
2023122800,4628,17,0.9222585924713584,0.9224549674060739,1,test
2023123000,78,17,0.03296703296703297,0.06971909322494214,0,test
2023123000,101,17,0.6589147286821706,0.6803439417398875,1,test
2023123000,126,17,0.8627204030226701,0.8730414131115283,1,test
2023123000,231,17,0.8348348348348347,0.8210052262701508,0,test
2023123000,356,17,0.9222585924713584,0.9330337852008289,1,test
2023123000,403,17,0.840531561461794,0.8449130430257012,1,test
2023123000,428,17,0.7197452229299363,0.6903356626169689,1,test
2023123000,458,17,0.07894736842105263,0.10585030710225528,0,test
2023123000,675,17,0.3534675615212528,0.37719896222769167,0,test
2023123000,698,17,0.7583333333333333,0.7210345619602704,1,test
2023123000,820,17,0.8288288288288288,0.8090257845842557,1,test
2023123000,916,17,0.8348348348348347,0.8312709663916781,1,test
2023123000,941,17,0.3534675615212528,0.3620300098526371,0,test
2023123000,1032,17,0.77728285077951,0.7532685681537332,1,test
2023123000,1089,17,0.9092841956059532,0.9134906407768376,1,test
2023123000,1143,17,0.9088785046728972,0.8962957076324058,1,test
2023123000,1246,17,0.840531561461794,0.8422412793024189,1,test
2023123000,1303,17,0.8288288288288288,0.8067220009355527,0,test
2023123000,1326,17,0.8348348348348347,0.8405514298173739,0,test
2023123000,1471,17,0.07894736842105263,0.09535369382560792,0,test
2023123000,1521,17,0.13,0.20135161922575734,0,test
2023123000,1549,17,0.9222585924713584,0.9347976771069091,1,test
2023123000,1603,17,0.9395248380129589,0.9475351496580955,1,test
2023123000,1633,17,0.8627204030226701,0.8605681121069957,1,test
2023123000,1731,17,0.9743589743589743,0.9625235063728065,1,test
2023123000,1813,17,0.9222585924713584,0.9347337077368896,1,test
2023123000,1916,17,0.9222585924713584,0.934470974724764,1,test
2023123000,2048,17,0.77728285077951,0.7479564368234892,1,test
2023123000,2073,17,0.8627204030226701,0.8720675966764114,1,test
2023123000,2120,17,0.77728285077951,0.7433571983440539,0,test
2023123000,2143,17,0.6571428571428571,0.5962331208087664,0,test
2023123000,2314,17,0.8627204030226701,0.8656081497933257,1,test
2023123000,2339,17,0.9222585924713584,0.932295006593071,1,test
2023123000,2408,17,0.9092841956059532,0.9106825488638004,1,test
2023123000,2655,17,0.8288288288288288,0.8000276827048286,1,test
2023123000,2687,17,0.840531561461794,0.8484612549816001,1,test
2023123000,2712,17,0.8627204030226701,0.8736939326929282,0,test
2023123000,2735,17,0.3534675615212528,0.37157454149339353,0,test
2023123000,2876,17,0.8288288288288288,0.8031685806482421,1,test
2023123000,2926,17,0.9222585924713584,0.9306471428674375,1,test
2023123000,2951,17,0.8288288288288288,0.8132342067107797,0,test
2023123000,3041,17,0.9222585924713584,0.9354957012666708,1,test
2023123000,3071,17,0.7727272727272727,0.7287060194484842,1,test
2023123000,3119,17,0.41818181818181815,0.4536738560196468,1,test
2023123000,3171,17,0.8627204030226701,0.8749572236763796,1,test
2023123000,3240,17,0.6589147286821706,0.6808695213890718,1,test
2023123000,3304,17,0.840531561461794,0.8480189859749117,1,test
2023123000,3479,17,0.3861788617886179,0.4085588663951992,0,test
2023123000,3502,17,0.9092841956059532,0.901916804487519,1,test
2023123000,3636,17,0.7197452229299363,0.6943587921948615,1,test
2023123000,3740,17,0.77728285077951,0.749029373055464,1,test
2023123000,3795,17,0.6589147286821706,0.6587344312659987,1,test
2023123000,3870,17,0.9395248380129589,0.9404534686478149,1,test
2023123000,3895,17,0.9092841956059532,0.9148417065659331,1,test
2023123000,3943,17,0.8851674641148325,0.8865614440440329,1,test
2023123000,3991,17,0.6571428571428571,0.5973739127417204,0,test
2023123000,4014,17,0.77728285077951,0.773889941520693,1,test
2023123000,4062,17,0.9088785046728972,0.8907302188079232,1,test
2023123101,106,17,0.77728285077951,0.7854989772420352,1,test
2023123101,135,17,0.9395248380129589,0.940101479001788,1,test
2023123101,214,17,0.03296703296703297,0.08034471126083068,0,test
2023123101,237,17,0.6589147286821706,0.656071866922892,1,test
2023123101,308,17,0.9092841956059532,0.9139547379616345,0,test
2023123101,428,17,0.8288288288288288,0.8103979956431632,1,test
2023123101,475,17,0.9395248380129589,0.9415765274020066,1,test
2023123101,500,17,0.9088785046728972,0.8925486088577356,1,test
2023123101,576,17,0.8348348348348347,0.8205994326545492,1,test
2023123101,672,17,0.8627204030226701,0.8730389521621967,0,test
2023123101,796,17,0.9092841956059532,0.9070984303678695,1,test
2023123101,903,17,0.77728285077951,0.7744235374834829,0,test
2023123101,968,17,0.9222585924713584,0.9227726098420529,1,test
2023123101,1038,17,0.5533707865168538,0.5500369206543622,0,test
2023123101,1132,17,0.9092841956059532,0.9155940149612657,1,test
2023123101,1282,17,0.3534675615212528,0.3762319545041923,1,test
2023123101,1486,17,0.5533707865168538,0.5533722898647937,1,test
2023123101,1556,17,0.21666666666666667,0.25523505157432924,0,test
2023123101,1579,17,0.6571428571428571,0.6089113729006782,1,test
2023123101,1654,17,0.11059907834101383,0.12785871282623895,0,test
2023123101,1724,17,0.9088785046728972,0.8922537490234408,1,test
2023123101,1830,17,0.9395248380129589,0.9396674564333617,1,test
2023123101,1941,17,0.44370860927152306,0.48151643622560236,0,test
2023123101,1976,17,0.3534675615212528,0.31524515738319714,1,test
2023123101,2040,17,0.8348348348348347,0.8354055282534265,1,test
2023123101,2065,17,0.8348348348348347,0.8211061036407687,1,test
2023123101,2090,17,0.77728285077951,0.7322274307089667,1,test
2023123101,2126,17,0.13,0.19942177297245273,0,test
2023123101,2149,17,0.6571428571428571,0.6378217745133836,1,test
2023123101,2400,17,0.9088785046728972,0.8967521134661229,1,test
2023123101,2568,17,0.95,0.9575114755249905,1,test
2023123101,2672,17,0.8288288288288288,0.8087639532479184,0,test
2023123101,2695,17,0.9092841956059532,0.9137525699390722,1,test
2023123101,2822,17,1.0,0.9691186417235547,1,test
2023123101,2946,17,0.9395248380129589,0.9389187522229538,1,test
2023123101,3102,17,0.8851674641148325,0.8859573924108817,1,test
2023123101,3150,17,0.03296703296703297,0.0785065997347549,0,test
2023123101,3173,17,0.9088785046728972,0.8904374811504164,1,test
2023123101,3198,17,0.9092841956059532,0.9110892182342648,1,test
2023123101,3380,17,0.8627204030226701,0.8569232004662732,1,test
2023123101,3405,17,0.8627204030226701,0.8563750578121999,1,test
2023123101,3518,17,0.9088785046728972,0.8938493599356979,1,test
2023123101,3984,17,0.753968253968254,0.7041993859813894,1,test
2023123102,158,17,0.03296703296703297,0.07391659163168462,0,test
2023123102,299,17,0.0,0.009835230983569133,0,test
2023123102,456,17,0.6571428571428571,0.6131465248682747,0,test
2023123102,610,17,0.9092841956059532,0.9150868998076174,0,test
2023123102,853,17,0.9395248380129589,0.9485299677995868,1,test
2023123102,1023,17,0.07894736842105263,0.08795220479102538,0,test
2023123102,1258,17,0.03296703296703297,0.07011421573233004,0,test
2023123102,1281,17,0.07894736842105263,0.08568526255752856,0,test
2023123102,1388,17,0.6571428571428571,0.5952013313885028,1,test
2023123102,1579,17,0.9088785046728972,0.8886086687087249,1,test
2023123102,1625,17,0.840531561461794,0.8492654348968119,0,test
2023123102,1821,17,0.9395248380129589,0.9453534628539908,1,test
2023123102,1870,17,0.004310344827586207,0.03997705183655517,0,test
2023123102,1893,17,0.8627204030226701,0.8628315367420397,1,test
2023123102,1940,17,0.9092841956059532,0.9120968136944678,1,test
2023123102,2089,17,0.9092841956059532,0.9097440214759177,1,test
2023123102,2155,17,0.9222585924713584,0.9228910749486097,1,test
2023123102,2185,17,0.77728285077951,0.7524211318519706,1,test
2023123102,2232,17,0.11059907834101383,0.13010986139957037,0,test
2023123102,2255,17,0.9222585924713584,0.9328985366366865,1,test
2023123102,2315,17,0.9092841956059532,0.9122833621621574,1,test
2023123102,2374,17,0.8851674641148325,0.8860382268747405,0,test
2023123102,2532,17,0.9088785046728972,0.8963440467353325,1,test
2023123102,2557,17,0.77728285077951,0.7823819074173353,1,test
2023123102,2759,17,0.9092841956059532,0.9031069378932968,1,test
2023123102,2806,17,0.5533707865168538,0.5716684395422156,1,test
2023123102,2962,17,0.9222585924713584,0.9326402479363821,1,test
2023123102,3037,17,0.13,0.19087820247177803,0,test
2023123102,3340,17,0.840531561461794,0.8477910300076416,1,test
2023123102,3365,17,0.6571428571428571,0.5978232233775806,0,test
2023123102,3542,17,0.8627204030226701,0.8524457139564977,1,test
2023123102,3589,17,0.9395248380129589,0.9377781423404695,1,test
2023123102,3636,17,0.07894736842105263,0.11594287546012491,0,test
2023123102,3773,17,0.5533707865168538,0.5455886860601096,1,test
2023123102,3880,17,0.9222585924713584,0.9248267043244902,1,test
2023123102,3927,17,0.9092841956059532,0.9139603736086599,1,test
2023123103,55,17,0.9088785046728972,0.8915228558823549,1,test
2023123103,112,17,0.11059907834101383,0.1416902529111093,0,test
2023123103,167,17,0.6571428571428571,0.581738484319456,1,test
2023123103,221,17,0.5533707865168538,0.549932032701194,1,test
2023123103,326,17,0.840531561461794,0.848633209849542,1,test
2023123103,380,17,0.9092841956059532,0.9062433994704246,1,test
2023123103,410,17,0.3534675615212528,0.3831485010391528,1,test
2023123103,599,17,0.8348348348348347,0.836354102446505,1,test
2023123103,668,17,0.07894736842105263,0.10722585873093703,0,test
2023123103,779,17,0.25874125874125875,0.27178758017238125,1,test
2023123103,910,17,0.9092841956059532,0.9007222751861605,1,test
2023123103,1109,17,0.95,0.954725535918188,1,test
2023123103,1202,17,0.6589147286821706,0.6718280906862841,0,test
2023123103,1319,17,0.8627204030226701,0.8569509888868363,1,test
2023123103,1371,17,0.9092841956059532,0.9051087197499946,1,test
2023123103,1401,17,0.07894736842105263,0.11331931810273134,0,test
2023123103,1424,17,0.9092841956059532,0.9136812154996684,1,test
2023123103,1655,17,0.77728285077951,0.75911199780181,0,test
2023123103,2053,17,0.753968253968254,0.7029455715760031,1,test
2023123103,2122,17,0.0,0.007535100041279978,0,test
2023123103,2174,17,0.8627204030226701,0.8543503436879207,0,test
2023123103,2258,17,0.9743589743589743,0.9623509083610978,1,test
2023123103,2315,17,0.9395248380129589,0.9525870098423118,1,test
2023123103,2367,17,0.8627204030226701,0.8601582680882134,1,test
2023123103,2455,17,0.840531561461794,0.8447732447445202,0,test
2023123103,2528,17,0.005952380952380952,0.05256578596128738,0,test
2023123103,2632,17,0.9092841956059532,0.9055926194410153,1,test
2023123103,2723,17,0.3534675615212528,0.3561218711346005,0,test
2023123103,2813,17,0.13,0.20159233850576075,0,test
2023123103,2968,17,0.9092841956059532,0.9156962178623417,1,test
2023123103,2998,17,0.5533707865168538,0.5559787033354299,0,test
2023123103,3046,17,0.8627204030226701,0.8558284331050995,1,test
2023123103,3195,17,0.07894736842105263,0.11139276937579291,0,test
2023123103,3262,17,0.03296703296703297,0.07984391511138876,0,test
2023123103,3285,17,0.9088785046728972,0.8932877430064777,1,test
2023123103,3321,17,0.8627204030226701,0.8713561885359976,1,test
2023123103,3346,17,0.11059907834101383,0.16900843790017223,0,test
2023123103,3430,17,0.9395248380129589,0.953381671515055,1,test
2023123103,3540,17,0.9395248380129589,0.9445217602079742,1,test
2023123103,3589,17,0.5533707865168538,0.5260808226528477,0,test
2023123103,3619,17,0.0,0.009859655913466069,0,test
2023123103,3779,17,0.0,0.011190023923915824,0,test
2023123103,3802,17,0.005952380952380952,0.04451233486895047,0,test
2023123103,3906,17,0.11059907834101383,0.1313362102304399,0,test
2023123103,4093,17,0.95,0.9549209880938064,1,test
2023123103,4118,17,0.8245614035087719,0.7935220528712468,1,test
2023123103,4143,17,0.9395248380129589,0.9533603309906107,1,test
2023123104,80,17,0.07894736842105263,0.0866557569771574,0,test
2023123104,103,17,0.6589147286821706,0.6512393700029073,0,test
2023123104,184,17,0.9092841956059532,0.9005829058500613,1,test
2023123104,209,17,0.9222585924713584,0.9209680645543682,1,test
2023123104,281,17,0.9222585924713584,0.9331804193240572,1,test
2023123104,428,17,0.004310344827586207,0.0391756721081213,0,test
2023123104,613,17,0.8348348348348347,0.8309050872470768,1,test
2023123104,638,17,0.25874125874125875,0.27957313521866345,0,test
2023123104,683,17,0.004310344827586207,0.03286121398402203,0,test
2023123104,755,17,0.9092841956059532,0.9055798410917015,1,test
2023123104,780,17,0.03296703296703297,0.06755509501987801,0,test
2023123104,862,17,0.9222585924713584,0.9262020088483072,1,test
2023123104,907,17,0.8681318681318682,0.8761658775335368,1,test
2023123104,1023,17,0.9222585924713584,0.9228840273058507,1,test
2023123104,1048,17,0.840531561461794,0.8451487465896221,1,test
2023123104,1073,17,0.9092841956059532,0.9063579923302924,1,test
2023123104,1229,17,0.8627204030226701,0.8663163681411231,1,test
2023123104,1290,17,0.9395248380129589,0.9503468419263922,1,test
2023123104,1341,17,0.77728285077951,0.7486110866049891,1,test
2023123104,1404,17,0.9222585924713584,0.9227199031948389,1,test
2023123104,1682,17,0.77728285077951,0.7560911635195167,1,test
2023123104,1769,17,0.44370860927152306,0.47986259818976107,1,test
2023123104,1801,17,0.9092841956059532,0.9037936863039826,1,test
2023123104,1878,17,0.8348348348348347,0.8396026242758559,1,test
2023123104,1964,17,0.9743589743589743,0.9630743196272001,1,test
2023123104,2011,17,0.8627204030226701,0.8744054026106896,1,test
2023123104,2036,17,0.9395248380129589,0.9403610879566253,1,test
2023123104,2083,17,0.15942028985507245,0.2150356756894917,0,test
2023123104,2131,17,0.9222585924713584,0.9270827470481281,1,test
2023123104,2192,17,0.13,0.20154289635499778,0,test
2023123104,2403,17,0.9222585924713584,0.9263818479912264,1,test
2023123104,2452,17,0.8348348348348347,0.8390359884805413,0,test
2023123104,2475,17,0.33368356061851107,0.2937115313005607,1,test
2023123104,2500,17,0.8681318681318682,0.8774137083363797,1,test
2023123104,2657,17,0.9395248380129589,0.9403751495350183,1,test
2023123104,2715,17,0.3861788617886179,0.3928041261965267,0,test
2023123104,2767,17,0.9092841956059532,0.9131895498452344,1,test
2023123104,2834,17,0.9092841956059532,0.9070359719556299,1,test
2023123104,2925,17,0.9092841956059532,0.9177440569121016,0,test
2023123104,2968,17,0.9088785046728972,0.8940160982537357,1,test
2023123104,3052,17,0.9222585924713584,0.9321982907344456,1,test
2023123104,3077,17,0.3861788617886179,0.41726759964255544,1,test
2023123105,100,17,0.3534675615212528,0.3797125000513513,1,test
2023123105,235,17,0.9092841956059532,0.9171560481985229,1,test
2023123105,265,17,0.9222585924713584,0.9276049242726642,1,test
2023123105,317,17,0.004310344827586207,0.01939695035835726,0,test
2023123105,415,17,0.9088785046728972,0.888372820529145,1,test
2023123105,511,17,0.5,0.4946171165064565,0,test
2023123105,600,17,0.9092841956059532,0.8970903546081781,0,test
2023123105,716,17,0.9222585924713584,0.920801114770105,1,test
2023123105,746,17,0.3534675615212528,0.3613971223036041,0,test
2023123105,789,17,0.8627204030226701,0.8722998397094196,0,test
2023123105,819,17,0.8348348348348347,0.8303772430393672,1,test
2023123105,892,17,0.13,0.19303810203918403,0,test
2023123105,922,17,0.9092841956059532,0.9102301017809601,1,test
2023123105,947,17,0.840531561461794,0.8463743715506279,1,test
2023123105,994,17,0.41818181818181815,0.45571430595068935,0,test
2023123105,1124,17,0.9222585924713584,0.9278626604593697,1,test
2023123105,1182,17,0.9395248380129589,0.9499037965055802,1,test
2023123105,1207,17,0.6571428571428571,0.6165904093580263,1,test
2023123105,1232,17,0.9222585924713584,0.9294541300713133,0,test
2023123105,1384,17,0.8288288288288288,0.8126085441482568,1,test
2023123105,1453,17,0.13,0.20560517745659773,0,test
2023123105,1604,17,0.9088785046728972,0.8872207516797742,1,test
2023123105,1629,17,0.8288288288288288,0.8083466887870334,1,test
2023123105,1654,17,0.8348348348348347,0.8356772026059179,1,test
2023123105,1767,17,0.9222585924713584,0.9287210107520544,1,test
2023123105,1819,17,0.11059907834101383,0.17765737239251775,0,test
2023123105,1842,17,0.9092841956059532,0.9085989165767945,1,test
2023123105,2051,17,0.77728285077951,0.7691783073462991,1,test
2023123105,2224,17,0.9092841956059532,0.9083540888980487,1,test
2023123105,2252,17,0.9395248380129589,0.9370051881500624,1,test
2023123105,2402,17,0.5791048688608307,0.5784259190067665,1,test
2023123105,2489,17,0.3534675615212528,0.3318304495507289,0,test
2023123105,2512,17,0.8627204030226701,0.8639195895646691,1,test
2023123105,2537,17,0.9395248380129589,0.9443677027264348,1,test
2023123105,2562,17,0.77728285077951,0.7642292425061007,1,test
2023123105,2636,17,0.03296703296703297,0.07218459601315534,1,test
2023123105,2672,17,0.004310344827586207,0.014938957434028264,0,test
2023123105,2926,17,0.5,0.5086243205116997,0,test
2023123105,2988,17,0.3534675615212528,0.3467394026715121,0,test
2023123105,3013,17,0.9222585924713584,0.9215763362021151,1,test
2023123105,3043,17,0.8348348348348347,0.8299713901887575,0,test
2023123105,3318,17,0.9088785046728972,0.8928047364426267,1,test
2023123105,3343,17,0.8627204030226701,0.8571613465825455,0,test
2023123105,3366,17,0.0,0.006803899366548005,0,test
2023123105,3389,17,0.3861788617886179,0.4025093381897445,0,test
2023123105,3412,17,0.77728285077951,0.7899060026645928,1,test
2023123105,3441,17,0.9222585924713584,0.934111002298846,1,test
2023123105,3471,17,0.9092841956059532,0.9114223578208388,1,test
2023123105,3501,17,0.9395248380129589,0.9383994699427225,1,test
2023123105,3531,17,0.25874125874125875,0.27214116372306824,0,test
2023123105,3554,17,0.3534675615212528,0.3292618292625373,0,test
2023123105,3889,17,0.6571428571428571,0.5994455085081528,1,test
2023123105,3936,17,0.9092841956059532,0.9071511298245942,1,test
2023123105,3961,17,0.8681318681318682,0.8784896032722695,1,test
2023123105,3991,17,0.9092841956059532,0.9080733055303207,1,test
2023123105,4023,17,0.9222585924713584,0.9281680217861608,0,test
2023123105,4052,17,0.9222585924713584,0.9271486282936803,1,test
2023123105,4099,17,0.3465346534653465,0.2978193014530178,1,test
2023123106,109,17,0.6589147286821706,0.6552259905701702,1,test
2023123106,134,17,0.8627204030226701,0.8589669304936579,1,test
2023123106,186,17,0.6571428571428571,0.6443093482493066,1,test
2023123106,233,17,0.8757396449704142,0.8811425022546888,1,test
2023123106,329,17,0.8627204030226701,0.8723741710055594,0,test
2023123106,415,17,0.9088785046728972,0.8925754091423063,1,test
2023123106,462,17,0.9222585924713584,0.9213838568261494,1,test
2023123106,487,17,0.7727272727272727,0.7274365930370605,1,test
2023123106,579,17,0.21666666666666667,0.23816551305806458,0,test
2023123106,602,17,0.9395248380129589,0.9436414115234838,1,test
2023123106,843,17,0.11059907834101383,0.16821055620590306,0,test
2023123106,921,17,0.005952380952380952,0.06193811088439148,0,test
2023123106,983,17,0.840531561461794,0.841986516512039,1,test
2023123106,1015,17,0.9092841956059532,0.9016956231102906,1,test
2023123106,1065,17,0.8348348348348347,0.8318466651141434,1,test
2023123106,1090,17,0.5533707865168538,0.5749563277316015,1,test
2023123106,1160,17,0.8681318681318682,0.8771135531449769,1,test
2023123106,1210,17,0.8348348348348347,0.8383220006974593,1,test
2023123106,1453,17,0.753968253968254,0.7046626628948331,1,test
2023123106,1478,17,0.8757396449704142,0.8815574397711984,1,test
2023123106,1536,17,0.005952380952380952,0.04553436837306205,0,test
2023123106,1699,17,0.44370860927152306,0.4644928232348813,0,test
2023123106,1722,17,0.8348348348348347,0.8247735813566864,1,test
2023123106,1811,17,0.9088785046728972,0.8961669915257764,1,test
2023123106,1841,17,0.8681318681318682,0.8791113553886802,1,test
2023123106,1871,17,0.9092841956059532,0.9086143146602197,0,test
2023123106,2187,17,0.95,0.9549697920317307,1,test
2023123106,2212,17,0.3861788617886179,0.41226640521085683,0,test
2023123106,2290,17,0.6589147286821706,0.6581542497069787,1,test
2023123106,2370,17,0.8348348348348347,0.8396182062773777,1,test
2023123106,2476,17,0.77728285077951,0.7310733693547715,1,test
2023123106,2647,17,0.9222585924713584,0.9299694070145594,1,test
2023123106,2743,17,0.7197452229299363,0.6891381386133598,1,test
2023123106,2773,17,0.77728285077951,0.7867282065239162,1,test
2023123106,2798,17,0.7583333333333333,0.7177770879439637,1,test
2023123106,2872,17,0.8627204030226701,0.8522429920638831,1,test
2023123106,2897,17,0.3534675615212528,0.3745035475135716,0,test
2023123106,2984,17,0.13,0.19466527665677733,0,test
2023123106,3128,17,0.03296703296703297,0.07758555319094938,0,test
2023123106,3151,17,0.11059907834101383,0.1676041090537231,0,test
2023123106,3174,17,0.8851674641148325,0.8841670842335649,1,test
2023123106,3418,17,0.9743589743589743,0.9595328973581143,1,test
2023123106,3443,17,0.9222585924713584,0.9212844793296276,1,test
2023123106,3468,17,0.9092841956059532,0.8978128644451144,1,test
2023123107,56,17,0.9395248380129589,0.9524632484836658,1,test
2023123107,86,17,0.9395248380129589,0.9402444888955351,1,test
2023123107,111,17,0.9222585924713584,0.9279574315174294,1,test
2023123107,141,17,0.9092841956059532,0.8984291630647618,1,test
2023123107,210,17,0.9092841956059532,0.9180381285668091,1,test
2023123107,262,17,0.9088785046728972,0.8920807847024173,0,test
2023123107,346,17,0.9092841956059532,0.8970919579608868,1,test
2023123107,371,17,0.6589147286821706,0.6618630856787382,0,test
2023123107,443,17,0.9395248380129589,0.9481082672459749,1,test
2023123107,500,17,0.3534675615212528,0.38428624559687796,0,test
2023123107,562,17,0.9222585924713584,0.9282551636616093,1,test
2023123107,587,17,0.9395248380129589,0.9394236059000132,1,test
2023123107,643,17,0.9135802469135802,0.9200978902190147,1,test
2023123107,823,17,0.8851674641148325,0.8838331599968918,1,test
2023123107,933,17,0.41818181818181815,0.43744004036853235,1,test
2023123107,1011,17,0.840531561461794,0.8416690488610636,1,test
2023123107,1041,17,0.9092841956059532,0.8992507246390102,1,test
2023123107,1070,17,0.5,0.4967648200605444,1,test
2023123107,1162,17,0.9222585924713584,0.9293660235853711,1,test
2023123107,1207,17,0.8348348348348347,0.8245933363852963,1,test
2023123107,1239,17,0.6571428571428571,0.6145435414140038,0,test
2023123107,1318,17,0.9222585924713584,0.9234948847944732,1,test
2023123107,1343,17,0.9092841956059532,0.9113883703025054,1,test
2023123107,1417,17,0.8757396449704142,0.8813042541434356,1,test
2023123107,1514,17,0.95,0.954714365868469,1,test
2023123107,1539,17,0.8348348348348347,0.8306195671735281,1,test
2023123107,1618,17,0.9222585924713584,0.9306545591188965,1,test
2023123107,1668,17,0.8348348348348347,0.8164753932275021,1,test
2023123107,1757,17,0.005952380952380952,0.057446376881623316,0,test
2023123107,1780,17,0.8348348348348347,0.8270437283764288,1,test
2023123107,1956,17,0.9395248380129589,0.9495676411080393,1,test
2023123107,1997,17,0.9222585924713584,0.9288037024244706,1,test
2023123107,2219,17,0.8627204030226701,0.8741038851616469,1,test
2023123107,2244,17,0.9092841956059532,0.9058413753738571,1,test
2023123107,2363,17,0.9092841956059532,0.9033824487736005,1,test
2023123107,2400,17,0.9395248380129589,0.9461769350719053,0,test
2023123107,2423,17,0.8288288288288288,0.8015011814352998,1,test
2023123107,2514,17,0.9395248380129589,0.9466452021697765,1,test
2023123107,2605,17,0.9092841956059532,0.9167221860382134,0,test
2023123107,2677,17,0.7583333333333333,0.7219850732190262,0,test
2023123107,2801,17,0.753968253968254,0.7091809557243263,1,test
2023123107,2826,17,0.5533707865168538,0.5657945225222825,1,test
2023123107,2909,17,0.8757396449704142,0.8821147995210918,1,test
2023123107,3023,17,0.8288288288288288,0.8052696609181417,1,test
2023123107,3112,17,0.41818181818181815,0.4545814147478185,0,test
2023123107,3213,17,0.753968253968254,0.7022325391248926,1,test
2023123107,3241,17,0.3534675615212528,0.33262390540098574,0,test
2023123107,3330,17,0.9222585924713584,0.9267262185936459,1,test
2023123107,3448,17,0.9395248380129589,0.9448352725773113,1,test
2023123107,3509,17,0.9222585924713584,0.9217633672985036,1,test
2023123107,3544,17,0.9222585924713584,0.9255833742402326,1,test
2023123107,3589,17,0.9092841956059532,0.9109206211461194,0,test
2023123107,3612,17,0.9092841956059532,0.9166761064962199,1,test
2023123107,3642,17,0.8627204030226701,0.8742876936501804,1,test
2023123107,3696,17,0.13,0.2051815131084538,0,test
2023123107,3719,17,0.005952380952380952,0.04733051844742118,0,test
2023123107,3773,17,0.9395248380129589,0.9491137611110761,1,test
2023123107,3887,17,0.9395248380129589,0.9384884862796492,1,test
2023123107,3912,17,0.6571428571428571,0.6035427917225884,0,test
2023123107,3935,17,0.77728285077951,0.7566293801767183,0,test
2023123107,4280,17,0.9088785046728972,0.8885259822687589,0,test
2023123107,4370,17,0.8348348348348347,0.8202439192346428,0,test
2023123108,100,17,0.9222585924713584,0.9235421319577436,1,test
2023123108,151,17,0.9088785046728972,0.8951698943194785,1,test
2023123108,225,17,0.9092841956059532,0.9177627983108526,1,test
2023123108,278,17,0.6571428571428571,0.6134740703743052,1,test
2023123108,303,17,0.8348348348348347,0.8274612269268752,1,test
2023123108,456,17,0.8627204030226701,0.8561837689150332,0,test
2023123108,522,17,0.9092841956059532,0.9076487312415009,1,test
2023123108,599,17,0.9092841956059532,0.89798531453324,1,test
2023123108,750,17,0.6571428571428571,0.5973445904786328,1,test
2023123108,898,17,0.8348348348348347,0.827565582947389,1,test
2023123108,944,17,0.9092841956059532,0.9126516089841886,1,test
2023123108,991,17,0.9092841956059532,0.9008778051798857,1,test
2023123108,1218,17,0.8627204030226701,0.8682953270616507,1,test
2023123108,1432,17,0.8348348348348347,0.8146325389756106,1,test
2023123108,1626,17,0.004310344827586207,0.016639507702516827,0,test
2023123108,1649,17,0.9222585924713584,0.9270455541206583,1,test
2023123108,1674,17,0.753968253968254,0.7104567832771617,1,test
2023123108,1702,17,0.77728285077951,0.7308270087036046,1,test
2023123108,1734,17,0.8627204030226701,0.8628789388462913,1,test
2023123108,1764,17,0.9222585924713584,0.9220112953025617,1,test
2023123108,1789,17,0.21666666666666667,0.24372770594745466,0,test
2023123108,1819,17,0.8681318681318682,0.8786319752650233,1,test
2023123108,1915,17,0.77728285077951,0.7418401393503264,0,test
2023123108,1938,17,0.9092841956059532,0.91656175085141,1,test
2023123108,2065,17,0.9395248380129589,0.938812787798547,1,test
2023123108,2117,17,0.753968253968254,0.7132611040245109,1,test
2023123108,2152,17,0.9092841956059532,0.9134944083234944,1,test
2023123108,2221,17,0.9222585924713584,0.9336691646329696,1,test
2023123108,2307,17,0.8348348348348347,0.8386106187070258,1,test
2023123108,2332,17,0.25874125874125875,0.26563071647432485,0,test
2023123108,2428,17,0.753968253968254,0.7095963136608198,1,test
2023123108,2508,17,0.8851674641148325,0.8850399059166876,1,test
2023123108,2545,17,0.9088785046728972,0.8907229817375765,1,test
2023123108,2624,17,0.6571428571428571,0.5933728356251085,1,test
2023123108,2828,17,0.6571428571428571,0.6187866948158196,1,test
2023123108,3209,17,0.9222585924713584,0.9263428470375386,1,test
2023123108,3256,17,0.11059907834101383,0.14011520951182535,0,test
2023123108,3279,17,0.5533707865168538,0.5353884030118328,1,test
2023123108,3381,17,0.9222585924713584,0.9211905089657678,1,test
2023123108,3621,17,0.9088785046728972,0.8928291119696847,1,test
2023123108,3675,17,0.6589147286821706,0.6725567135703723,1,test
2023123108,3705,17,0.77728285077951,0.7403602611185008,1,test
2023123108,3813,17,0.8288288288288288,0.7987127555197496,1,test
2023123108,3843,17,0.9088785046728972,0.8960051404194421,1,test
2023123108,3900,17,0.0,0.007235811017798257,0,test
2023123109,62,17,0.9395248380129589,0.9503319931174352,1,test
2023123109,117,17,0.8627204030226701,0.8650464226327105,0,test
2023123109,184,17,0.840531561461794,0.849078003165025,1,test
2023123109,209,17,0.9088785046728972,0.8964476421633285,1,test
2023123109,278,17,0.9088785046728972,0.8916550918228635,1,test
2023123109,374,17,0.3861788617886179,0.41480861353937293,1,test
2023123109,460,17,0.77728285077951,0.7755949029121092,1,test
2023123109,562,17,0.8288288288288288,0.7967768286790543,1,test
2023123109,631,17,0.6589147286821706,0.6644456693064652,0,test
2023123109,766,17,0.77728285077951,0.7783457627463698,1,test
2023123109,1086,17,0.3534675615212528,0.37347034723085654,1,test
2023123109,1234,17,0.8245614035087719,0.7959592976972568,1,test
2023123109,1314,17,0.9092841956059532,0.9169693984834103,0,test
2023123109,1369,17,0.9395248380129589,0.948282062881653,1,test
2023123109,1428,17,0.41818181818181815,0.44392334366586556,0,test
2023123109,1451,17,0.840531561461794,0.8467685823375573,1,test
2023123109,1520,17,0.8348348348348347,0.8194745530332287,1,test
2023123109,1552,17,0.44370860927152306,0.47671947378973784,1,test
2023123109,1616,17,0.41818181818181815,0.46053496087934853,0,test
2023123109,1639,17,0.005952380952380952,0.0420391732449582,0,test
2023123109,1740,17,0.8245614035087719,0.7947439992545252,0,test
2023123109,1768,17,0.9222585924713584,0.9230304105164737,1,test
2023123109,1828,17,0.77728285077951,0.7708884614094478,1,test
2023123109,1853,17,0.753968253968254,0.7088137559613775,0,test
2023123109,1970,17,0.11059907834101383,0.14065854817705573,0,test
2023123109,2015,17,0.11059907834101383,0.1684868721342366,0,test
2023123109,2097,17,0.9743589743589743,0.9616576611715809,1,test
2023123109,2144,17,0.9395248380129589,0.9363807546159003,1,test
2023123109,2235,17,0.9222585924713584,0.9312426856882876,1,test
2023123109,2282,17,0.5533707865168538,0.5211606819491233,1,test
2023123109,2416,17,0.840531561461794,0.8444064890837399,1,test
2023123109,2506,17,0.004310344827586207,0.01567858815911783,0,test
2023123109,2653,17,0.8288288288288288,0.7979866535126009,1,test
2023123109,2678,17,0.6589147286821706,0.6561108482826548,1,test
2023123109,2728,17,0.9092841956059532,0.9180416858322965,1,test
2023123109,2848,17,0.25874125874125875,0.27453016972385563,1,test
2023123109,2935,17,0.22727272727272727,0.2589027654809001,0,test
2023123109,2977,17,0.9222585924713584,0.9283498096420499,1,test
2023123109,3009,17,0.8627204030226701,0.8637967860764448,1,test
2023123109,3034,17,0.03296703296703297,0.07889233455495069,0,test
2023123109,3057,17,0.8627204030226701,0.8740094753216358,1,test
2023123109,3114,17,0.5533707865168538,0.5574437382218448,0,test
2023123109,3168,17,0.3534675615212528,0.3707285501951714,0,test
2023123109,3210,17,0.8681318681318682,0.877711068365227,1,test
2023123109,3240,17,0.9222585924713584,0.9355052451918577,0,test
2023123109,3364,17,0.8757396449704142,0.8825585534884677,1,test
2023123109,3389,17,0.5533707865168538,0.564220761071545,1,test
2023123109,3453,17,0.9395248380129589,0.9479203244518286,1,test
2023123109,3741,17,0.5533707865168538,0.527995895946717,1,test
2023123109,3883,17,0.9222585924713584,0.9283094476536993,1,test
2023123109,3920,17,0.77728285077951,0.7781042328898501,1,test
2023123110,121,17,0.9222585924713584,0.934055289738927,1,test
2023123110,168,17,0.8757396449704142,0.8819445646802563,1,test
2023123110,249,17,0.9092841956059532,0.9049095074553548,1,test
2023123110,387,17,0.8348348348348347,0.8372662757733071,1,test
2023123110,459,17,0.21666666666666667,0.24278008774837406,0,test
2023123110,559,17,0.8627204030226701,0.8713905723178257,1,test
2023123110,606,17,0.8288288288288288,0.7996405742431366,1,test
2023123110,631,17,0.75,0.7016309630340404,1,test
2023123110,815,17,0.9092841956059532,0.9133456728616081,1,test
2023123110,914,17,0.8681318681318682,0.8759412935021824,1,test
2023123110,1039,17,0.9092841956059532,0.9166761651094388,1,test
2023123110,1108,17,0.3534675615212528,0.32299312748871045,0,test
2023123110,1244,17,0.8627204030226701,0.8724988042717474,1,test
2023123110,1274,17,0.77728285077951,0.7761659602106005,1,test
2023123110,1370,17,0.07894736842105263,0.08475848722779604,0,test
2023123110,1393,17,0.5533707865168538,0.5235607778732617,1,test
2023123110,1457,17,0.8348348348348347,0.8207914878132508,1,test
2023123110,1487,17,0.9088785046728972,0.8944999735241761,1,test
2023123110,1662,17,0.004310344827586207,0.018507375117655527,0,test
2023123110,1812,17,0.77728285077951,0.7769729256282094,1,test
2023123110,1877,17,0.840531561461794,0.8486117519967954,0,test
2023123110,1928,17,0.9092841956059532,0.902831041018043,1,test
2023123110,2019,17,0.8851674641148325,0.8869830194040662,1,test
2023123110,2251,17,0.9092841956059532,0.8972623996591249,1,test
2023123110,2357,17,0.8627204030226701,0.8578617227266336,1,test
2023123110,2678,17,0.9222585924713584,0.9293239487479995,1,test
2023123110,2740,17,0.8627204030226701,0.8594425549035565,1,test
2023123110,2765,17,0.41818181818181815,0.4388169675633751,1,test
2023123110,2870,17,0.25874125874125875,0.2619227646664085,0,test
2023123110,2893,17,0.9092841956059532,0.9073822628070313,1,test
2023123110,2957,17,0.9092841956059532,0.904997383228506,1,test
2023123110,3098,17,0.77728285077951,0.7512009864889589,1,test
2023123110,3145,17,0.8627204030226701,0.8635737236319435,1,test
2023123110,3214,17,0.9092841956059532,0.9045623392340432,1,test
2023123110,3239,17,0.8288288288288288,0.8125598660134393,1,test
2023123110,3507,17,0.0,0.009314222354488574,0,test
2023123110,3530,17,0.9743589743589743,0.9608366545913815,1,test
2023123111,99,17,0.77728285077951,0.7613705054696157,1,test
2023123111,156,17,0.6571428571428571,0.614657880460467,1,test
2023123111,204,17,0.5,0.5168454810889747,0,test
2023123111,239,17,0.15942028985507245,0.21106452475824627,0,test
2023123111,321,17,0.9092841956059532,0.9005704693291041,1,test
2023123111,364,17,0.3534675615212528,0.3708548562072323,1,test
2023123111,679,17,0.9222585924713584,0.9243777958968173,1,test
2023123111,787,17,0.21666666666666667,0.23555343329421236,0,test
2023123111,810,17,0.9092841956059532,0.9031457535117965,1,test
2023123111,835,17,0.9222585924713584,0.9244293914793116,1,test
2023123111,902,17,0.77728285077951,0.7926504155202788,1,test
2023123111,1215,17,0.9088785046728972,0.890259079707299,1,test
2023123111,1308,17,0.8627204030226701,0.8697429839648161,1,test
2023123111,1333,17,0.004310344827586207,0.036658646557347366,0,test
2023123111,1405,17,0.5533707865168538,0.5421215303710802,1,test
2023123111,1518,17,0.9395248380129589,0.9436651716479919,1,test
2023123111,1668,17,0.9092841956059532,0.9135040815139736,1,test
2023123111,1802,17,0.5533707865168538,0.53243621180517,0,test
2023123111,1837,17,0.77728285077951,0.7874634478271676,1,test
2023123111,1909,17,0.9395248380129589,0.9382563493867073,1,test
2023123111,1934,17,0.77728285077951,0.7832076500430756,1,test
2023123111,2012,17,0.9395248380129589,0.939774293962795,1,test
2023123111,2157,17,0.9395248380129589,0.9374063507510397,1,test
2023123111,2182,17,0.8348348348348347,0.8279495513619254,1,test
2023123111,2207,17,0.3861788617886179,0.3935299405668689,0,test
2023123111,2307,17,0.9092841956059532,0.9184100831164248,1,test
2023123111,2403,17,0.8348348348348347,0.8145870152939273,1,test
2023123111,2552,17,0.8627204030226701,0.8743864288328442,1,test
2023123111,2701,17,0.77728285077951,0.7874078134710509,1,test
2023123111,2769,17,0.9092841956059532,0.9084010988657405,1,test
2023123111,2841,17,0.11059907834101383,0.1377327581477285,0,test
2023123111,2886,17,0.9395248380129589,0.9493242650022916,1,test
2023123111,3055,17,0.21666666666666667,0.2554202693539375,1,test
2023123111,3134,17,0.77728285077951,0.7384433427262266,1,test
2023123111,3525,17,0.9395248380129589,0.9359892539463621,1,test
2023123111,3550,17,0.9395248380129589,0.9508540524486154,1,test
2023123111,3575,17,0.9222585924713584,0.9350554222117252,1,test
2023123111,3651,17,0.77728285077951,0.7919968760513765,1,test
2023123111,3676,17,0.8627204030226701,0.8741781125919895,1,test
2023123111,3704,17,0.7583333333333333,0.7262035100454913,1,test
2023123111,3729,17,0.3534675615212528,0.35014908410170864,0,test
2023123111,3841,17,0.6571428571428571,0.5903138246769931,1,test
2023123112,99,17,0.6571428571428571,0.6016186743743566,0,test
2023123112,186,17,0.77728285077951,0.7443079180173164,1,test
2023123112,253,17,0.11059907834101383,0.1790639900477997,0,test
2023123112,288,17,0.3534675615212528,0.3353157218734704,0,test
2023123112,514,17,0.44370860927152306,0.4732116862644271,1,test
2023123112,630,17,0.77728285077951,0.7641925156705647,0,test
2023123112,779,17,0.9395248380129589,0.9413102959697663,1,test
2023123112,826,17,0.8288288288288288,0.7964240239559813,0,test
2023123112,849,17,0.11059907834101383,0.1473584709615128,0,test
2023123112,946,17,0.9222585924713584,0.9231464758461538,1,test
2023123112,979,17,0.3534675615212528,0.3180985728703788,0,test
2023123112,1046,17,0.5533707865168538,0.5710867423223847,0,test
2023123112,1170,17,0.9088785046728972,0.8943526576753282,1,test
2023123112,1239,17,0.5533707865168538,0.5512145103549585,1,test
2023123112,1291,17,0.0,0.007891114909967545,0,test
2023123112,1314,17,0.0,0.014088606840874955,0,test
2023123112,1402,17,0.9395248380129589,0.9500756679525263,1,test
2023123112,1454,17,0.005952380952380952,0.04476656207325521,0,test
2023123112,1509,17,0.77728285077951,0.7846632928763903,1,test
2023123112,1573,17,1.0,0.968921134174225,1,test
2023123112,1658,17,0.9222585924713584,0.9343021848385119,1,test
2023123112,1683,17,0.9395248380129589,0.9362350719924886,1,test
2023123112,1708,17,0.8348348348348347,0.8227400641407971,1,test
2023123112,1819,17,0.8627204030226701,0.8521930472906959,0,test
2023123112,1864,17,0.8348348348348347,0.8194370833347577,0,test
2023123112,1937,17,0.9222585924713584,0.924467876077625,0,test
2023123112,1972,17,0.8348348348348347,0.8249718019109881,1,test
2023123112,2091,17,0.9395248380129589,0.9456951968141102,1,test
2023123112,2169,17,0.9092841956059532,0.9182271156063319,1,test
2023123112,2194,17,0.44370860927152306,0.468176856899295,0,test
2023123112,2276,17,0.9743589743589743,0.965705878576757,1,test
2023123112,2313,17,0.9395248380129589,0.941407948967736,1,test
2023123112,2432,17,0.8627204030226701,0.8670177799778589,1,test
2023123112,2457,17,0.8627204030226701,0.8673893580691653,1,test
2023123112,2506,17,0.9395248380129589,0.9364265306950863,1,test
2023123112,2653,17,0.3534675615212528,0.35566842713485336,0,test
2023123112,2706,17,0.9395248380129589,0.9475355734084672,1,test
2023123112,2867,17,0.15942028985507245,0.22679430699448005,1,test
2023123112,2982,17,0.3534675615212528,0.34869107556938395,0,test
2023123112,3052,17,0.77728285077951,0.7313752683324526,1,test
2023123112,3077,17,0.9135802469135802,0.9189716593630464,1,test
2023123112,3275,17,0.9092841956059532,0.9018910161467526,1,test
2023123112,3445,17,0.77728285077951,0.746145757290546,1,test
2023123112,3544,17,0.9092841956059532,0.9054042668558231,1,test
2023123112,3574,17,0.005952380952380952,0.05256738257551465,0,test
2023123112,3597,17,0.6571428571428571,0.6166869546867174,0,test
2023123112,3620,17,0.9395248380129589,0.9434192690942044,1,test
2023123112,3645,17,0.44370860927152306,0.47676700963012425,1,test
2023123112,3744,17,0.840531561461794,0.8435577402719037,1,test
2023123112,3791,17,0.77728285077951,0.7705814639760573,1,test
2023123112,3866,17,0.9092841956059532,0.911705023325729,1,test
2023123112,4073,17,0.9743589743589743,0.9646493504355469,1,test
2023123112,4107,17,0.5533707865168538,0.5272705372082046,1,test
2023123112,4132,17,0.6571428571428571,0.6304706307619165,0,test
2023123112,4155,17,0.9088785046728972,0.8899888732447818,1,test
2023123112,4243,17,0.004310344827586207,0.021975676261221253,0,test
2023123112,4266,17,0.8627204030226701,0.8570182679280454,1,test
2023123113,55,17,0.005952380952380952,0.04035004276913351,0,test
2023123113,188,17,0.9222585924713584,0.9355909889634657,1,test
2023123113,240,17,0.9395248380129589,0.949928713614556,1,test
2023123113,328,17,0.840531561461794,0.8455420309657253,1,test
2023123113,398,17,0.6571428571428571,0.6411641679780242,1,test
2023123113,488,17,0.9222585924713584,0.9291091006309778,1,test
2023123113,513,17,0.9395248380129589,0.9534857226306226,1,test
2023123113,626,17,0.9088785046728972,0.8881920724949901,1,test
2023123113,712,17,0.9395248380129589,0.9417110911613027,1,test
2023123113,742,17,0.4155844155844156,0.4303584777291692,1,test
2023123113,855,17,0.9092841956059532,0.9106836112225686,1,test
2023123113,909,17,0.9222585924713584,0.9259285666603291,1,test
2023123113,956,17,0.8288288288288288,0.8126247555160655,1,test
2023123113,1020,17,1.0,0.9720048896711123,1,test
2023123113,1170,17,0.77728285077951,0.7638588054627677,1,test
2023123113,1405,17,0.9222585924713584,0.9348459706727457,1,test
2023123113,1460,17,0.9222585924713584,0.9346560500707118,1,test
2023123113,1512,17,0.77728285077951,0.7742430306588667,0,test
2023123113,1623,17,0.3534675615212528,0.33244765443750673,0,test
2023123113,1724,17,0.9395248380129589,0.946357220819922,1,test
2023123113,1749,17,0.8627204030226701,0.8550288273311576,1,test
2023123113,1774,17,0.9222585924713584,0.9217491161738908,0,test
2023123113,1925,17,0.6571428571428571,0.6457073980959176,0,test
2023123113,2060,17,0.3861788617886179,0.4231849293757857,0,test
2023123113,2138,17,0.5533707865168538,0.5571378523052991,0,test
2023123113,2161,17,0.9092841956059532,0.9130084253499423,1,test
2023123113,2208,17,0.8757396449704142,0.8816799275523964,1,test
2023123113,2255,17,0.3333333333333333,0.2924543969206856,0,test
2023123113,2407,17,0.07894736842105263,0.09105048794977293,0,test
2023123113,2437,17,0.9395248380129589,0.938560036321876,1,test
2023123113,2462,17,0.8627204030226701,0.8644661756568481,1,test
2023123113,2532,17,0.9092841956059532,0.9173769320388662,0,test
2023123113,2555,17,0.9092841956059532,0.8978251366006991,1,test
2023123113,2602,17,0.5533707865168538,0.547201508161796,0,test
2023123113,2625,17,0.9092841956059532,0.9040658836699196,1,test
2023123113,2741,17,0.9222585924713584,0.9250554657700304,1,test
2023123113,2766,17,0.21666666666666667,0.24887304422559042,0,test
2023123113,2849,17,0.8627204030226701,0.8718941626199932,1,test
2023123113,2885,17,0.8288288288288288,0.8022353643351082,1,test
2023123113,2974,17,0.8627204030226701,0.873118299030898,1,test
2023123113,3066,17,0.07894736842105263,0.11427527038018404,0,test
2023123113,3089,17,0.5533707865168538,0.5555982746696775,0,test
2023123113,3228,17,0.8333333333333334,0.8136758042326032,1,test
2023123113,3427,17,0.9222585924713584,0.9238316216712648,1,test
2023123113,3526,17,0.9222585924713584,0.9264039994457579,1,test
2023123113,3658,17,0.9222585924713584,0.9345310086039479,1,test
2023123113,3724,17,0.9092841956059532,0.9013134862098958,1,test
2023123113,3824,17,0.8627204030226701,0.8717825539117295,1,test
2023123113,3903,17,0.5533707865168538,0.5283878460279192,0,test
2023123113,3933,17,0.5,0.5197666092292367,0,test
2023123114,62,17,0.004310344827586207,0.025320814252821545,0,test
2023123114,107,17,0.840531561461794,0.8511211647908666,0,test
2023123114,199,17,0.13,0.18973427309180463,0,test
2023123114,240,17,0.8627204030226701,0.8531903144720262,1,test
2023123114,309,17,0.9222585924713584,0.9270994617884544,1,test
2023123114,334,17,0.9395248380129589,0.9447305847814672,1,test
2023123114,364,17,0.9092841956059532,0.9090476539857917,1,test
2023123114,417,17,0.77728285077951,0.7628363089892026,1,test
2023123114,514,17,0.77728285077951,0.7576267130050087,0,test
2023123114,629,17,0.9222585924713584,0.9322641998622784,1,test
2023123114,654,17,0.8391069507880196,0.8409754363876802,1,test
2023123114,815,17,0.3534675615212528,0.32542828529051576,0,test
2023123114,931,17,0.8627204030226701,0.8694587510163393,1,test
2023123114,1080,17,0.6589147286821706,0.6673591498651853,0,test
2023123114,1139,17,0.9222585924713584,0.9222966578149281,1,test
2023123114,1174,17,0.8348348348348347,0.8302250195617779,1,test
2023123114,1249,17,0.9222585924713584,0.9279178323032995,1,test
2023123114,1382,17,0.6571428571428571,0.6175228856764168,1,test
2023123114,1412,17,0.9222585924713584,0.9351229457291756,1,test
2023123114,1437,17,0.9092841956059532,0.9135689030793587,1,test
2023123114,1634,17,0.9395248380129589,0.9518563857042383,1,test
2023123114,1734,17,0.005952380952380952,0.042938994941054215,0,test
2023123114,1878,17,0.004310344827586207,0.0377919578165424,0,test
2023123114,1927,17,0.9743589743589743,0.9640562895153536,1,test
2023123114,1987,17,0.9135802469135802,0.9195158350535579,1,test
2023123114,2017,17,0.6571428571428571,0.6129772807697513,0,test
2023123114,2040,17,0.8288288288288288,0.8092435743984854,1,test
2023123114,2169,17,0.5,0.5196402865659883,1,test
2023123114,2340,17,0.9395248380129589,0.9381431104429266,1,test
2023123114,2368,17,0.77728285077951,0.7294259558386158,1,test
2023123114,2400,17,0.77728285077951,0.7821113952383238,0,test
2023123114,2445,17,0.7282190550614351,0.7012185640036763,1,test
2023123114,2544,17,0.11059907834101383,0.17842244279164468,0,test
2023123114,2567,17,0.9088785046728972,0.8953477746043619,1,test
2023123114,2592,17,0.9222585924713584,0.933855363871797,1,test
2023123114,2644,17,0.9092841956059532,0.9067741074474173,1,test
2023123114,2735,17,0.8627204030226701,0.874480793893382,1,test
2023123114,2782,17,0.8627204030226701,0.8623434412444995,1,test
2023123114,2922,17,0.8851674641148325,0.8833205091883135,1,test
2023123114,3021,17,0.8851674641148325,0.8842962399610554,1,test
2023123114,3114,17,0.9092841956059532,0.9049776344508007,1,test
2023123114,3161,17,0.8627204030226701,0.8566677025090225,1,test
2023123114,3186,17,0.9092841956059532,0.909339441753728,0,test
2023123114,3260,17,0.840531561461794,0.8469064323285654,1,test
2023123114,3285,17,0.9222585924713584,0.9352821096606159,1,test
2023123114,3359,17,0.77728285077951,0.7530775944951947,1,test
2023123114,3439,17,0.8627204030226701,0.8617446901575815,1,test
2023123114,3464,17,0.25874125874125875,0.2758406197671488,0,test
2023123114,3487,17,0.9222585924713584,0.9284307946847545,1,test
2023123114,3545,17,0.9092841956059532,0.9075667862950292,1,test
2023123114,3570,17,0.9092841956059532,0.9156904185555531,1,test
2023123114,3595,17,0.6589147286821706,0.6486375532135008,0,test
2023123114,3618,17,0.3534675615212528,0.3284729658572214,0,test
2023123114,3648,17,0.9395248380129589,0.9487710754430928,1,test
2023123114,3685,17,0.5533707865168538,0.5302662438292571,1,test
2023123114,3710,17,0.3861788617886179,0.39901676483034915,0,test
2023123114,3733,17,0.004310344827586207,0.017603470454413253,0,test
2023123114,3756,17,0.03296703296703297,0.07307412349601583,0,test
2023123114,3924,17,0.9092841956059532,0.9005647628804808,1,test
2024010600,77,18,0.9743589743589743,0.958608133811734,1,test
2024010600,106,18,0.9395248380129589,0.9465388586356607,1,test
2024010600,178,18,0.3534675615212528,0.3270553467643356,0,test
2024010600,250,18,0.8627204030226701,0.8660078799108951,1,test
2024010600,275,18,0.44370860927152306,0.4845338173759643,0,test
2024010600,448,18,0.9395248380129589,0.9383560901567902,1,test
2024010600,495,18,0.9222585924713584,0.9331086232234332,1,test
2024010600,682,18,0.9088785046728972,0.8942268034538153,0,test
2024010600,705,18,0.840531561461794,0.8504407541243774,0,test
2024010600,783,18,0.8627204030226701,0.8693073209296416,1,test
2024010600,808,18,0.07894736842105263,0.08912218993962541,0,test
2024010600,1089,18,0.9395248380129589,0.9368975128512848,1,test
2024010600,1137,18,0.11059907834101383,0.12425736116611949,0,test
2024010600,1189,18,0.8348348348348347,0.8377511279369776,1,test
2024010600,1371,18,0.9088785046728972,0.8927513466793942,1,test
2024010600,1467,18,0.8681318681318682,0.8785447543941876,0,test
2024010600,1502,18,0.8288288288288288,0.8127910159805557,1,test
2024010600,1571,18,0.8627204030226701,0.8693480216650348,1,test
2024010600,1679,18,0.9222585924713584,0.9265217819014534,1,test
2024010600,1709,18,0.9092841956059532,0.8969778490159899,1,test
2024010600,1810,18,0.8627204030226701,0.8683325075144425,1,test
2024010600,1989,18,0.7583333333333333,0.7251680743997028,0,test
2024010600,2428,18,0.0,0.005424114265060511,0,test
2024010600,2451,18,0.9395248380129589,0.9506354195803958,1,test
2024010600,2498,18,0.8348348348348347,0.8399795913663404,1,test
2024010600,2571,18,0.3534675615212528,0.32938948184492295,0,test
2024010600,2756,18,0.753968253968254,0.7064451501931698,1,test
2024010600,2875,18,0.9222585924713584,0.9330510676277054,1,test
2024010600,2922,18,0.95,0.9576235546556278,1,test
2024010600,3020,18,0.3534675615212528,0.3319674419520789,0,test
2024010600,3120,18,0.7583333333333333,0.7265807031732161,1,test
2024010600,3355,18,0.9092841956059532,0.9080695068955432,1,test
2024010600,3506,18,0.5533707865168538,0.5680312259943239,1,test
2024010600,3536,18,0.8348348348348347,0.840146840322366,1,test
2024010600,3565,18,0.9395248380129589,0.943948605314473,1,test
2024010600,3617,18,0.9088785046728972,0.8928418383069149,0,test
2024010600,3691,18,0.9222585924713584,0.9267024363860387,1,test
2024010601,112,18,0.9395248380129589,0.947643896254801,1,test
2024010601,142,18,0.8288288288288288,0.7994947878027435,1,test
2024010601,167,18,0.9222585924713584,0.9228682810696095,1,test
2024010601,302,18,0.004310344827586207,0.014711027937765339,0,test
2024010601,403,18,0.35714285714285715,0.3874269766053744,1,test
2024010601,474,18,0.6571428571428571,0.6077599531198675,0,test
2024010601,641,18,0.9222585924713584,0.9263321367570104,1,test
2024010601,759,18,0.9222585924713584,0.9242319429310937,0,test
2024010601,782,18,0.77728285077951,0.737271734513501,0,test
2024010601,875,18,0.004310344827586207,0.01879761653571881,0,test
2024010601,898,18,0.95,0.9547798532247735,1,test
2024010601,991,18,0.8348348348348347,0.8357924058087824,1,test
2024010601,1255,18,0.9395248380129589,0.9507693911703132,1,test
2024010601,1280,18,0.8627204030226701,0.871100729678244,1,test
2024010601,1305,18,0.5,0.5106713475108174,0,test
2024010601,1350,18,0.8348348348348347,0.8186810336729413,1,test
2024010601,1418,18,0.3534675615212528,0.31430065119739536,0,test
2024010601,1555,18,0.8288288288288288,0.7984138092493926,1,test
2024010601,1702,18,0.9088785046728972,0.8937298928786049,1,test
2024010601,1950,18,0.004310344827586207,0.03597472759087463,0,test
2024010601,2237,18,0.77728285077951,0.7537224522394711,1,test
2024010601,2437,18,0.7197452229299363,0.6900641051113732,1,test
2024010601,2566,18,0.004310344827586207,0.02491173770427096,0,test
2024010601,2866,18,0.3861788617886179,0.40526214565460245,0,test
2024010601,2950,18,0.9222585924713584,0.9213664067042244,1,test
2024010601,2997,18,0.840531561461794,0.8497441290658071,1,test
2024010601,3207,18,0.8348348348348347,0.836702283319445,1,test
2024010601,3282,18,0.9092841956059532,0.8981404783560131,1,test
2024010601,3349,18,0.9222585924713584,0.9327650790420858,1,test
2024010601,3374,18,0.9222585924713584,0.9324598311039819,1,test
2024010601,3432,18,0.9092841956059532,0.9091889066079294,1,test
2024010601,3457,18,0.6589147286821706,0.6621022147114688,1,test
2024010601,3576,18,0.77728285077951,0.7832768464579546,1,test
2024010601,3697,18,0.9092841956059532,0.9136041072560702,1,test
2024010601,3744,18,0.9092841956059532,0.915831577148823,1,test
2024010700,85,18,0.9222585924713584,0.9290323014899484,1,test
2024010700,212,18,0.9222585924713584,0.9343421962668376,1,test
2024010700,247,18,0.9088785046728972,0.895666160419281,1,test
2024010700,272,18,0.6589147286821706,0.6729480833978148,1,test
2024010700,476,18,0.9092841956059532,0.9062079943178437,1,test
2024010700,578,18,0.9092841956059532,0.8980530083122714,1,test
2024010700,603,18,0.3861788617886179,0.40272652189726316,1,test
2024010700,689,18,0.8627204030226701,0.8659587406740272,1,test
2024010700,814,18,0.8681318681318682,0.8784375530953427,1,test
2024010700,846,18,0.25874125874125875,0.27269312356188374,0,test
2024010700,869,18,0.840531561461794,0.8431946911814763,1,test
2024010700,916,18,0.9092841956059532,0.9061820789598221,1,test
2024010700,983,18,0.3861788617886179,0.39771479288484723,0,test
2024010700,1040,18,0.840531561461794,0.8416206375315733,1,test
2024010700,1066,18,0.9395248380129589,0.9416186024932232,1,test
2024010700,1320,18,0.9743589743589743,0.959562342956817,1,test
2024010700,1345,18,0.9395248380129589,0.9405352484543441,1,test
2024010700,1448,18,0.9088785046728972,0.8889185442918777,1,test
2024010700,1495,18,0.6589147286821706,0.6738300218919593,1,test
2024010700,1707,18,0.840531561461794,0.843393708653911,1,test
2024010700,1813,18,0.8627204030226701,0.8528171538013654,1,test
2024010700,1933,18,0.5149050389437385,0.5204846497101072,0,test
2024010700,1981,18,0.3861788617886179,0.4066182302814639,1,test
2024010700,2011,18,0.9092841956059532,0.909674952728504,1,test
2024010700,2041,18,0.5533707865168538,0.5324097982840703,0,test
2024010700,2073,18,0.9092841956059532,0.9085868425511802,1,test
2024010700,2110,18,0.8627204030226701,0.8690277304863185,1,test
2024010700,2140,18,0.8348348348348347,0.8216952785154542,1,test
2024010700,2165,18,0.9395248380129589,0.950776776599554,1,test
2024010700,2202,18,0.77728285077951,0.7621820338903461,1,test
2024010700,2396,18,0.3534675615212528,0.32215036435370903,1,test
2024010700,2516,18,0.3534675615212528,0.3678161079316343,0,test
2024010700,2608,18,0.9395248380129589,0.943886850555352,1,test
2024010700,2660,18,0.3534675615212528,0.38203667477534364,1,test
2024010700,2724,18,0.9395248380129589,0.9359845316024145,1,test
2024010700,2793,18,0.8627204030226701,0.8684733325395595,0,test
2024010700,2816,18,0.8627204030226701,0.8607736324971247,1,test
2024010700,2873,18,0.9222585924713584,0.929964826840745,1,test
2024010700,2929,18,0.9395248380129589,0.9435031650226259,1,test
2024010700,3073,18,0.753968253968254,0.7126034931994003,0,test
2024010700,3148,18,0.3861788617886179,0.42598967659434656,1,test
2024010700,3222,18,0.9092841956059532,0.9033164564181531,1,test
2024010700,3434,18,0.8627204030226701,0.8685941203202394,1,test
2024010700,3578,18,0.8348348348348347,0.8164711560851042,1,test
2024010700,3687,18,0.753968253968254,0.7050265134843919,0,test
2024010700,3770,18,0.5533707865168538,0.5425574228249264,1,test
2024010700,4124,18,0.9222585924713584,0.9318206317304176,1,test
2024010700,4183,18,0.9092841956059532,0.9041250394579017,1,test
2024010701,183,18,0.13,0.20163263311810806,0,test
2024010701,233,18,0.8348348348348347,0.838615761822323,1,test
2024010701,275,18,0.753968253968254,0.705890189015241,0,test
2024010701,395,18,0.3861788617886179,0.417786956199444,1,test
2024010701,420,18,0.9222585924713584,0.9283047926175031,1,test
2024010701,711,18,0.9395248380129589,0.9482511245834988,1,test
2024010701,765,18,0.3534675615212528,0.3604623696351321,1,test
2024010701,795,18,0.9092841956059532,0.8992051988855428,1,test
2024010701,926,18,0.3861788617886179,0.39719291446652616,0,test
2024010701,1000,18,0.9092841956059532,0.9098407963193563,1,test
2024010701,1078,18,0.9395248380129589,0.9390477173345658,1,test
2024010701,1215,18,0.9092841956059532,0.9170888231165315,1,test
2024010701,1280,18,0.9092841956059532,0.9027520505708527,1,test
2024010701,1354,18,0.21666666666666667,0.24375200245525036,0,test
2024010701,1397,18,0.8288288288288288,0.8040221643857256,0,test
2024010701,1548,18,0.9092841956059532,0.9171846544457563,1,test
2024010701,1678,18,0.8627204030226701,0.8646696577591594,0,test
2024010701,1726,18,0.9092841956059532,0.9187247838933649,1,test
2024010701,1925,18,0.3534675615212528,0.37317266902468565,0,test
2024010701,1955,18,0.5533707865168538,0.5591709085514414,1,test
2024010701,2023,18,0.9092841956059532,0.9091927544853169,1,test
2024010701,2171,18,0.77728285077951,0.7525798926482059,0,test
2024010701,2357,18,0.9222585924713584,0.9309395557843556,1,test
2024010701,2382,18,0.840531561461794,0.8503851581620079,0,test
2024010701,2476,18,0.9092841956059532,0.9143930862434098,1,test
2024010701,2533,18,0.15942028985507245,0.22432744911256916,1,test
2024010701,2580,18,0.44370860927152306,0.4701743303557223,1,test
2024010701,2667,18,0.8348348348348347,0.8145887353587997,1,test
2024010701,2692,18,0.15942028985507245,0.22821420349183355,0,test
2024010701,2876,18,0.8627204030226701,0.8722753946104326,1,test
2024010701,2921,18,0.9395248380129589,0.9390986951912345,0,test
2024010701,3033,18,0.9222585924713584,0.9312840539851899,1,test
2024010701,3112,18,0.9395248380129589,0.9366821640095905,1,test
2024010701,3177,18,0.8757396449704142,0.882625365261203,1,test
2024010701,3256,18,0.11059907834101383,0.18087575903282319,0,test
2024010701,3282,18,0.6571428571428571,0.5949149104055775,1,test
2024010701,3440,18,0.9135802469135802,0.920646727274282,1,test
2024010701,3487,18,0.5,0.49057760486706287,1,test
2024010701,3588,18,0.9395248380129589,0.9490822698879666,0,test
2024010701,3611,18,0.9222585924713584,0.9273138581471816,1,test
2024010701,3636,18,0.44370860927152306,0.4725227963007662,1,test
2024010702,77,18,0.9135802469135802,0.9188236671371846,1,test
2024010702,204,18,0.8627204030226701,0.8624766810645318,1,test
2024010702,372,18,0.9395248380129589,0.9410491118368033,1,test
2024010702,623,18,0.9222585924713584,0.9351872482034876,1,test
2024010702,648,18,0.8851674641148325,0.8829489227718935,1,test
2024010702,673,18,0.9092841956059532,0.9053487088690596,0,test
2024010702,767,18,0.9088785046728972,0.8961042656773452,0,test
2024010702,945,18,0.9088785046728972,0.8947887782170768,1,test
2024010702,1011,18,0.9395248380129589,0.9360696463536239,1,test
2024010702,1100,18,0.3861788617886179,0.40863728870922816,1,test
2024010702,1213,18,0.77728285077951,0.7789957348223466,1,test
2024010702,1260,18,0.07894736842105263,0.11698195020721451,0,test
2024010702,1327,18,0.005952380952380952,0.04819432979156792,0,test
2024010702,1350,18,0.8627204030226701,0.8705915262452547,1,test
2024010702,1679,18,0.9088785046728972,0.8894330312217996,1,test
2024010702,1704,18,0.9092841956059532,0.9095691216183989,1,test
2024010702,1832,18,0.9088785046728972,0.8951934338639492,1,test
2024010702,1942,18,0.9222585924713584,0.9310228845562636,1,test
2024010702,1999,18,0.6571428571428571,0.6405972946404247,0,test
2024010702,2027,18,0.9395248380129589,0.9460886372224515,1,test
2024010702,2052,18,0.5533707865168538,0.5533348331934463,1,test
2024010702,2102,18,0.5533707865168538,0.5425256419095507,0,test
2024010702,2159,18,0.9088785046728972,0.894735685341274,1,test
2024010702,2184,18,0.9088785046728972,0.8942274941978134,1,test
2024010702,2389,18,0.5533707865168538,0.5387899238832852,1,test
2024010702,2462,18,0.9222585924713584,0.9239928250893577,1,test
2024010702,2492,18,0.9222585924713584,0.924473465027728,1,test
2024010702,2522,18,0.41818181818181815,0.4601520240505641,1,test
2024010702,2623,18,0.95,0.9550837088128361,0,test
2024010702,2646,18,0.004310344827586207,0.038681610309701464,0,test
2024010702,2703,18,0.8627204030226701,0.8579376701737718,0,test
2024010702,2748,18,0.77728285077951,0.745265024103397,1,test
2024010702,2773,18,0.9092841956059532,0.9168116428834409,1,test
2024010702,2873,18,0.7583333333333333,0.7216930571958935,0,test
2024010702,2956,18,0.8851674641148325,0.884135004030757,1,test
2024010702,3058,18,0.9088785046728972,0.8942013673154275,1,test
2024010702,3083,18,0.8851674641148325,0.8839278495453612,1,test
2024010702,3185,18,0.840531561461794,0.8489505967009602,1,test
2024010702,3242,18,0.9743589743589743,0.9584885129024224,1,test
2024010702,3294,18,0.7197452229299363,0.6845178489060273,1,test
2024010702,3408,18,0.9092841956059532,0.9120850256309098,1,test
2024010702,3502,18,0.9092841956059532,0.9053346056909716,1,test
2024010702,3534,18,0.9092841956059532,0.9062908419130123,1,test
2024010702,3581,18,0.8288288288288288,0.8105742131998221,0,test
2024010702,3604,18,0.9092841956059532,0.9001646186687033,1,test
2024010702,3732,18,0.8348348348348347,0.8333919078928024,1,test
2024010702,3960,18,0.07894736842105263,0.11137494839763867,0,test
2024010702,3990,18,0.004310344827586207,0.033044728353009555,0,test
2024010702,4013,18,0.0,0.012804042687561764,0,test
2024010703,104,18,0.325,0.28653897469318623,0,test
2024010703,147,18,0.9395248380129589,0.9414900576741794,1,test
2024010703,267,18,0.9395248380129589,0.9408405358666211,1,test
2024010703,341,18,0.8348348348348347,0.8355995284125999,1,test
2024010703,427,18,0.9135802469135802,0.918986399520941,1,test
2024010703,544,18,0.9395248380129589,0.9361626942679033,1,test
2024010703,624,18,0.8681318681318682,0.8751591433750908,1,test
2024010703,654,18,0.9395248380129589,0.9456998710744337,1,test
2024010703,701,18,0.8627204030226701,0.8532802696855498,0,test
2024010703,937,18,0.25874125874125875,0.2831983418598032,1,test
2024010703,1052,18,0.9395248380129589,0.9496709550208677,1,test
2024010703,1110,18,0.07894736842105263,0.1146071400855721,0,test
2024010703,1186,18,0.8348348348348347,0.814173152701444,1,test
2024010703,1395,18,0.9092841956059532,0.9000707190821965,1,test
2024010703,1442,18,0.11059907834101383,0.17096818434607092,0,test
2024010703,1465,18,0.8681318681318682,0.8769396763821159,1,test
2024010703,1549,18,0.9395248380129589,0.9428868347430754,1,test
2024010703,1609,18,0.9222585924713584,0.9335831207079133,1,test
2024010703,1661,18,0.6571428571428571,0.593429784593844,0,test
2024010703,1684,18,0.840531561461794,0.8500954263301117,1,test
2024010703,1735,18,0.005952380952380952,0.04953554897717004,0,test
2024010703,1787,18,0.3534675615212528,0.3687243360678038,1,test
2024010703,1862,18,0.9222585924713584,0.9314501935820284,1,test
2024010703,1958,18,0.9395248380129589,0.9365162601033035,1,test
2024010703,1988,18,0.9092841956059532,0.8994030261793052,1,test
2024010703,2013,18,0.8288288288288288,0.8068434164855851,1,test
2024010703,2063,18,0.8288288288288288,0.8122451536452459,0,test
2024010703,2093,18,0.9222585924713584,0.9234924428050116,1,test
2024010703,2211,18,0.9395248380129589,0.9501996880956692,1,test
2024010703,2236,18,0.9395248380129589,0.9463004881595473,1,test
2024010703,2333,18,0.11059907834101383,0.15572919318895306,0,test
2024010703,2356,18,0.840531561461794,0.8488839261624136,1,test
2024010703,2381,18,0.9222585924713584,0.9222544564035721,1,test
2024010703,2415,18,0.004310344827586207,0.02574543160770191,0,test
2024010703,2460,18,0.9395248380129589,0.9484883261019892,1,test
2024010703,2515,18,0.9222585924713584,0.9278855147977111,1,test
2024010703,2601,18,0.03296703296703297,0.08142597913856506,0,test
2024010703,2856,18,0.22727272727272727,0.2578346476887514,0,test
2024010703,2897,18,0.8851674641148325,0.8839823442121543,1,test
2024010703,2973,18,0.9088785046728972,0.8887618834000003,1,test
2024010703,2998,18,0.5533707865168538,0.530213069832651,1,test
2024010703,3033,18,0.5533707865168538,0.5639301432569632,1,test
2024010703,3132,18,0.8348348348348347,0.8219762241956683,1,test
2024010703,3213,18,0.9222585924713584,0.9345283814367098,1,test
2024010703,3238,18,0.9088785046728972,0.8955065482460716,1,test
2024010703,3383,18,0.8627204030226701,0.855899009023922,1,test
2024010703,3454,18,0.8627204030226701,0.8746014154436047,1,test
2024010703,3479,18,0.25874125874125875,0.27864654440433795,0,test
2024010703,3664,18,0.9222585924713584,0.9354421350878259,1,test
2024010703,3733,18,0.9222585924713584,0.9214961206735475,0,test
2024010703,3778,18,0.9222585924713584,0.9221958976033541,1,test
2024010703,3868,18,0.77728285077951,0.7688306642555183,1,test
2024010703,3893,18,0.9092841956059532,0.9106333516238233,0,test
2024010703,3916,18,0.77728285077951,0.7676146030748199,0,test
2024010703,4084,18,0.840531561461794,0.8437136243699399,1,test
2024010703,4109,18,0.005952380952380952,0.05653118309518814,0,test
2024010704,100,18,0.6589147286821706,0.6643714765069084,0,test
2024010704,149,18,0.13,0.2051724071599014,0,test
2024010704,393,18,0.3534675615212528,0.3749921205994446,0,test
2024010704,487,18,0.13,0.20010292982311587,0,test
2024010704,710,18,0.5,0.5182705349524934,1,test
2024010704,742,18,0.0,0.0135390059157592,0,test
2024010704,808,18,0.6571428571428571,0.5940252292281626,1,test
2024010704,833,18,0.11059907834101383,0.14548861001572277,0,test
2024010704,965,18,0.11059907834101383,0.17927548898425452,0,test
2024010704,1079,18,0.9092841956059532,0.8987078305767618,1,test
2024010704,1104,18,0.5533707865168538,0.5537183663096306,1,test
2024010704,1212,18,0.9222585924713584,0.9334533348286073,1,test
2024010704,1242,18,0.3534675615212528,0.3316699663125441,0,test
2024010704,1354,18,0.3534675615212528,0.34786429015454673,1,test
2024010704,1455,18,0.41818181818181815,0.4583179345879502,0,test
2024010704,1478,18,0.45,0.48794514532895594,0,test
2024010704,1593,18,0.6571428571428571,0.610616273722881,0,test
2024010704,1678,18,0.9135802469135802,0.9193474257640784,1,test
2024010704,1711,18,0.9395248380129589,0.9443703537004342,1,test
2024010704,1870,18,0.41818181818181815,0.4453344668228472,0,test
2024010704,1921,18,0.6571428571428571,0.6307692097018669,0,test
2024010704,1944,18,0.004310344827586207,0.03598068614879645,0,test
2024010704,2224,18,0.004310344827586207,0.03595377004523025,0,test
2024010704,2385,18,0.9092841956059532,0.9037611391182137,0,test
2024010704,2427,18,0.8288288288288288,0.7964048021900634,1,test
2024010704,2481,18,0.5533707865168538,0.5458126699124914,0,test
2024010704,2504,18,0.5,0.509290029421847,0,test
2024010704,2821,18,0.25874125874125875,0.27707837528326046,0,test
2024010704,3009,18,0.5,0.4975977683630877,0,test
2024010704,3081,18,0.5,0.5145417304054498,0,test
2024010704,3155,18,0.9395248380129589,0.9390818550112506,1,test
2024010704,3185,18,0.9092841956059532,0.9183884959596461,1,test
2024010704,3374,18,0.77728285077951,0.7588114605896081,1,test
2024010704,3768,18,0.9088785046728972,0.8951224065434771,1,test
2024010704,3793,18,0.9395248380129589,0.9366288124254837,1,test
2024010704,3838,18,0.9395248380129589,0.9422196525289864,1,test
2024010704,3870,18,0.0,0.005858567740343914,0,test
2024010705,55,18,0.9222585924713584,0.9241371245250389,1,test
2024010705,80,18,0.77728285077951,0.7649710223498123,1,test
2024010705,130,18,0.6571428571428571,0.5999448501517859,0,test
2024010705,153,18,0.8348348348348347,0.830162375003677,1,test
2024010705,200,18,0.4155844155844156,0.435468976444401,0,test
2024010705,223,18,0.004310344827586207,0.032838489653216126,0,test
2024010705,328,18,0.9092841956059532,0.8975306791083931,0,test
2024010705,418,18,0.9395248380129589,0.9386747096489404,1,test
2024010705,494,18,0.8627204030226701,0.8703601422963629,1,test
2024010705,519,18,0.3861788617886179,0.42396048299242206,0,test
2024010705,560,18,1.0,0.968233037404087,1,test
2024010705,789,18,0.004310344827586207,0.021326766977680732,0,test
2024010705,812,18,0.8627204030226701,0.8696323428983309,1,test
2024010705,995,18,0.9092841956059532,0.9124105395682728,1,test
2024010705,1042,18,0.8757396449704142,0.8805185828158798,1,test
2024010705,1115,18,0.9222585924713584,0.9274908277179459,1,test
2024010705,1215,18,0.9092841956059532,0.9124262338114038,0,test
2024010705,1385,18,0.9222585924713584,0.9267305436653039,1,test
2024010705,1462,18,0.840531561461794,0.8510201391279772,1,test
2024010705,1561,18,0.8627204030226701,0.8596186555454889,0,test
2024010705,1596,18,0.9743589743589743,0.960806938591399,1,test
2024010705,1683,18,0.25874125874125875,0.2808215611824032,0,test
2024010705,1715,18,0.840531561461794,0.8417309304704054,0,test
2024010705,1816,18,0.25874125874125875,0.27632557372237976,0,test
2024010705,1859,18,0.8348348348348347,0.8175139450119335,1,test
2024010705,1884,18,0.9743589743589743,0.9594437555976346,1,test
2024010705,1936,18,0.95,0.956825925514639,1,test
2024010705,1973,18,0.5,0.5175982474255886,1,test
2024010705,2027,18,0.6571428571428571,0.5974444545518854,0,test
2024010705,2346,18,0.3534675615212528,0.3741226645064326,0,test
2024010705,2440,18,0.8757396449704142,0.8798076410772532,1,test
2024010705,2587,18,0.9092841956059532,0.8981939763867794,1,test
2024010705,2612,18,0.9395248380129589,0.9382586408117425,1,test
2024010705,2709,18,0.8627204030226701,0.8708654348250762,1,test
2024010705,2874,18,0.9092841956059532,0.9084593370325694,1,test
2024010705,2975,18,0.44370860927152306,0.48142006616849664,1,test
2024010705,3000,18,0.8627204030226701,0.8570747365040033,0,test
2024010705,3130,18,0.77728285077951,0.7539420722894525,1,test
2024010705,3199,18,0.9395248380129589,0.9460117143817812,1,test
2024010705,3462,18,0.5,0.5070488552538339,1,test
2024010706,84,18,0.9222585924713584,0.9231142250896053,1,test
2024010706,153,18,0.5533707865168538,0.5697514935424044,1,test
2024010706,178,18,0.9088785046728972,0.8883450905694765,1,test
2024010706,338,18,0.11059907834101383,0.14424144131541078,0,test
2024010706,361,18,0.840531561461794,0.8508872029757619,1,test
2024010706,408,18,0.45,0.488197030799787,1,test
2024010706,455,18,0.9395248380129589,0.941672908475079,1,test
2024010706,524,18,0.15942028985507245,0.22764088774321908,0,test
2024010706,588,18,0.9092841956059532,0.908211477422424,1,test
2024010706,625,18,0.9395248380129589,0.9411836588268402,1,test
2024010706,783,18,0.8627204030226701,0.8631402702694064,1,test
2024010706,902,18,0.840531561461794,0.8486559302996095,1,test
2024010706,956,18,0.8627204030226701,0.8647707500625884,1,test
2024010706,1103,18,0.03296703296703297,0.07382418793073478,0,test
2024010706,1214,18,0.6571428571428571,0.6029057698369371,1,test
2024010706,1261,18,0.9092841956059532,0.9140265713739923,1,test
2024010706,1356,18,0.9222585924713584,0.9283650853311977,1,test
2024010706,1381,18,0.9092841956059532,0.9177935893512502,1,test
2024010706,1406,18,0.9092841956059532,0.9137490618547994,1,test
2024010706,1438,18,0.0,0.010737395183359543,0,test
2024010706,1461,18,0.9222585924713584,0.926867991402484,1,test
2024010706,1486,18,0.41818181818181815,0.45387586369265587,0,test
2024010706,1516,18,0.8627204030226701,0.8739491434754328,1,test
2024010706,1629,18,0.3534675615212528,0.3813533795279039,1,test
2024010706,1713,18,0.9222585924713584,0.9341504218886528,1,test
2024010706,1782,18,0.9092841956059532,0.9022018533536645,1,test
2024010706,2062,18,0.9395248380129589,0.943905302752808,1,test
2024010706,2141,18,0.8681318681318682,0.8759180497159592,1,test
2024010706,2285,18,0.3534675615212528,0.3358466054551507,1,test
2024010706,2310,18,0.77728285077951,0.7842806074174699,1,test
2024010706,2375,18,0.3534675615212528,0.3568321245154607,0,test
2024010706,2420,18,0.15942028985507245,0.22049493809248547,0,test
2024010706,2504,18,0.44370860927152306,0.4703557506696114,1,test
2024010706,2586,18,0.21666666666666667,0.24198771435501734,0,test
2024010706,2724,18,0.9222585924713584,0.9254546446366256,1,test
2024010706,2992,18,0.9092841956059532,0.9006476700601421,1,test
2024010706,3017,18,0.5533707865168538,0.5570610026715515,1,test
2024010706,3086,18,0.840531561461794,0.8475043952207187,1,test
2024010706,3147,18,0.9088785046728972,0.8934576605555151,1,test
2024010707,121,18,0.22727272727272727,0.25731702042141213,0,test
2024010707,155,18,0.9135802469135802,0.9192664710255959,1,test
2024010707,185,18,0.9222585924713584,0.9342117555092819,1,test
2024010707,215,18,0.8627204030226701,0.8749373554424221,1,test
2024010707,287,18,0.840531561461794,0.8497986954298987,1,test
2024010707,341,18,0.9092841956059532,0.908398306885311,1,test
2024010707,371,18,0.8348348348348347,0.8332885090699698,1,test
2024010707,443,18,0.3534675615212528,0.368292395098844,1,test
2024010707,468,18,0.77728285077951,0.7754807460388006,1,test
2024010707,643,18,0.8348348348348347,0.8298875285613343,1,test
2024010707,690,18,0.004310344827586207,0.036996191116829155,0,test
2024010707,800,18,0.3534675615212528,0.3829192786489091,0,test
2024010707,968,18,0.6571428571428571,0.6442621633441403,1,test
2024010707,1098,18,0.8348348348348347,0.8355053687354299,1,test
2024010707,1123,18,0.9222585924713584,0.9313543613557066,1,test
2024010707,1153,18,0.840531561461794,0.8435275355177556,1,test
2024010707,1205,18,0.03296703296703297,0.08354810763229467,0,test
2024010707,1240,18,0.8348348348348347,0.8255969015048438,1,test
2024010707,1336,18,0.9092841956059532,0.9043531650011017,1,test
2024010707,1361,18,0.8288288288288288,0.8001690012195596,0,test
2024010707,1544,18,0.95,0.9564213396662096,1,test
2024010707,1584,18,0.9395248380129589,0.9469147860929701,1,test
2024010707,1773,18,0.9395248380129589,0.9408641549646115,1,test
2024010707,1827,18,0.7197452229299363,0.6837579961026948,1,test
2024010707,1876,18,0.3861788617886179,0.4232161061445717,1,test
2024010707,1916,18,0.3465346534653465,0.3019186105401957,0,test
2024010707,1996,18,0.9395248380129589,0.9493188637725555,0,test
2024010707,2026,18,0.9743589743589743,0.9602036033093827,1,test
2024010707,2051,18,0.9222585924713584,0.9330573674779904,1,test
2024010707,2081,18,0.9092841956059532,0.9051832156929233,1,test
2024010707,2106,18,0.8627204030226701,0.8522675264744323,1,test
2024010707,2131,18,0.9092841956059532,0.9126958602189998,1,test
2024010707,2271,18,0.8627204030226701,0.8607754446841526,1,test
2024010707,2323,18,0.9092841956059532,0.9056435637313308,1,test
2024010707,2395,18,0.8348348348348347,0.8165378366502141,1,test
2024010707,2464,18,0.840531561461794,0.8418246503620108,1,test
2024010707,2511,18,0.77728285077951,0.7790001393325467,1,test
2024010707,2536,18,0.41818181818181815,0.4431450747352971,1,test
2024010707,2737,18,0.9395248380129589,0.9365747798796896,1,test
2024010707,2832,18,0.8245614035087719,0.7949938793973945,1,test
2024010707,2908,18,0.9092841956059532,0.9113856247194433,1,test
2024010707,2933,18,0.9395248380129589,0.9454640724344314,1,test
2024010707,2985,18,0.77728285077951,0.7832225792127121,1,test
2024010707,3108,18,0.8757396449704142,0.8807893739844251,1,test
2024010707,3155,18,0.753968253968254,0.7023788603865758,1,test
2024010707,3236,18,0.8288288288288288,0.8121343273400838,1,test
2024010707,3283,18,0.840531561461794,0.846376554949925,1,test
2024010707,3313,18,0.8627204030226701,0.8673777334472336,1,test
2024010707,3360,18,0.3465346534653465,0.3028949741543894,0,test
2024010707,3597,18,0.5533707865168538,0.5754306543268445,1,test
2024010707,3622,18,0.9395248380129589,0.9497132961380492,1,test
2024010707,3669,18,0.9092841956059532,0.9180122310119919,1,test
2024010707,3701,18,0.004310344827586207,0.034330162689217285,0,test
2024010708,63,18,0.8851674641148325,0.8849580346817434,0,test
2024010708,110,18,0.004310344827586207,0.02558041429451691,0,test
2024010708,174,18,0.5,0.5006704448512738,0,test
2024010708,197,18,0.8757396449704142,0.8793625185156227,1,test
2024010708,292,18,0.8627204030226701,0.8520803246632832,1,test
2024010708,317,18,0.8288288288288288,0.8082697846161149,0,test
2024010708,340,18,0.9222585924713584,0.92527218392627,0,test
2024010708,440,18,0.9092841956059532,0.8998860699858664,1,test
2024010708,578,18,0.9088785046728972,0.8947175564465083,1,test
2024010708,603,18,0.9222585924713584,0.9313016220221109,1,test
2024010708,672,18,0.753968253968254,0.7072557328624131,1,test
2024010708,782,18,0.8627204030226701,0.8562897549917726,1,test
2024010708,835,18,0.8851674641148325,0.8858977933489115,1,test
2024010708,902,18,0.8851674641148325,0.886147291799825,1,test
2024010708,949,18,0.9222585924713584,0.920879492631649,1,test
2024010708,974,18,0.8627204030226701,0.8617270451454883,1,test
2024010708,1019,18,0.8681318681318682,0.8779167479824074,1,test
2024010708,1085,18,0.9958194950876562,0.9665713652410948,1,test
2024010708,1154,18,0.77728285077951,0.7473673734997979,1,test
2024010708,1179,18,0.0,0.012605489010634047,0,test
2024010708,1479,18,0.8348348348348347,0.8212568118874867,0,test
2024010708,1602,18,0.3861788617886179,0.4174247233387317,0,test
2024010708,1717,18,0.21666666666666667,0.2358078163103269,0,test
2024010708,1765,18,0.8348348348348347,0.8324199738315574,0,test
2024010708,1893,18,0.6571428571428571,0.6289736596992871,1,test
2024010708,1925,18,0.9222585924713584,0.9240071421970462,1,test
2024010708,1950,18,0.0,0.01270816797955381,0,test
2024010708,1973,18,0.44370860927152306,0.484640804241184,1,test
2024010708,1998,18,0.8627204030226701,0.8631771687145039,0,test
2024010708,2028,18,0.7583333333333333,0.7186749729400054,1,test
2024010708,2053,18,0.7197452229299363,0.694009719026478,1,test
2024010708,2108,18,0.21666666666666667,0.24582460495715555,1,test
2024010708,2326,18,0.8627204030226701,0.8571633782061325,1,test
2024010708,2499,18,0.7583333333333333,0.7241766243736116,0,test
2024010708,2659,18,0.9222585924713584,0.9326120079980892,1,test
2024010708,2684,18,0.9092841956059532,0.9071124643185139,1,test
2024010708,2731,18,0.840531561461794,0.8469406344442753,1,test
2024010708,2756,18,0.5,0.49399660101526754,0,test
2024010708,2785,18,0.8627204030226701,0.8615326699817848,1,test
2024010708,2810,18,0.004310344827586207,0.01836753155896736,0,test
2024010708,2951,18,0.5533707865168538,0.5612344712370424,1,test
2024010708,2996,18,0.8627204030226701,0.8541746486522174,1,test
2024010708,3055,18,0.9088785046728972,0.8934244996885807,1,test
2024010708,3126,18,0.5,0.515840065950756,1,test
2024010708,3151,18,0.9092841956059532,0.9156356188772394,1,test
2024010708,3324,18,0.9395248380129589,0.9405021313437625,1,test
2024010708,3349,18,0.6571428571428571,0.621841312344488,1,test
2024010708,3418,18,0.7727272727272727,0.7289052316246742,1,test
2024010708,3465,18,0.9395248380129589,0.9482817948325184,1,test
2024010708,3619,18,0.8348348348348347,0.8323911447617951,0,test
2024010708,3687,18,0.95,0.954210760678926,1,test
2024010708,3717,18,0.0,0.011530969849948922,0,test
2024010708,3765,18,0.6571428571428571,0.5943956304401684,1,test
2024010708,3797,18,0.9395248380129589,0.9497326049364526,1,test
2024010709,100,18,0.41818181818181815,0.44286286569146277,0,test
2024010709,143,18,0.753968253968254,0.7105582500767487,1,test
2024010709,242,18,0.004310344827586207,0.027146484413957665,0,test
2024010709,265,18,0.77728285077951,0.7649710799176918,1,test
2024010709,412,18,0.9395248380129589,0.9421280068784913,1,test
2024010709,437,18,0.9395248380129589,0.9436476484506804,1,test
2024010709,484,18,0.325,0.2919889116569653,0,test
2024010709,507,18,0.7197452229299363,0.6884053051797847,1,test
2024010709,701,18,0.8288288288288288,0.8049725319837471,1,test
2024010709,726,18,0.0,0.004737512731470739,0,test
2024010709,804,18,0.9222585924713584,0.9277027361992357,1,test
2024010709,1085,18,0.8348348348348347,0.8213512153065133,1,test
2024010709,1168,18,0.8627204030226701,0.873693648343249,1,test
2024010709,1236,18,0.8851674641148325,0.8868388347807991,0,test
2024010709,1334,18,0.9395248380129589,0.9426297930202071,1,test
2024010709,1366,18,0.9088785046728972,0.8946102510813577,1,test
2024010709,1418,18,0.004310344827586207,0.016272408677582426,0,test
2024010709,1463,18,0.5533707865168538,0.5576259667931089,0,test
2024010709,1523,18,0.7727272727272727,0.7280978668351996,1,test
2024010709,1592,18,0.9395248380129589,0.9368681785935015,0,test
2024010709,1729,18,0.9222585924713584,0.9229401441201325,0,test
2024010709,1752,18,0.005952380952380952,0.05160185863426434,0,test
2024010709,1775,18,0.77728285077951,0.7891997477745959,1,test
2024010709,1877,18,0.9395248380129589,0.9477034678619296,1,test
2024010709,1914,18,0.5533707865168538,0.5717517935463841,1,test
2024010709,1944,18,0.9222585924713584,0.9241213829071475,0,test
2024010709,1970,18,0.3534675615212528,0.3243762643283,0,test
2024010709,2027,18,0.9222585924713584,0.9355774640133233,1,test
2024010709,2052,18,0.5,0.4960944975304532,0,test
2024010709,2075,18,0.9743589743589743,0.9623108456199431,1,test
2024010709,2156,18,0.8348348348348347,0.8197327452444758,1,test
2024010709,2188,18,0.8757396449704142,0.8821423968824889,1,test
2024010709,2220,18,0.9092841956059532,0.9021846522176982,1,test
2024010709,2255,18,0.3465346534653465,0.296512205195131,0,test
2024010709,2500,18,0.9222585924713584,0.9239745103663806,1,test
2024010709,2603,18,0.77728285077951,0.7350264602958498,1,test
2024010709,2704,18,0.9092841956059532,0.9158151451621488,1,test
2024010709,2729,18,0.9092841956059532,0.9046876053638253,1,test
2024010709,2826,18,0.5,0.5202609166727331,1,test
2024010709,3149,18,0.9395248380129589,0.9411811805250566,1,test
2024010709,3245,18,0.9222585924713584,0.9220766371600165,0,test
2024010709,3443,18,0.6571428571428571,0.6336098672010422,0,test
2024010709,3466,18,0.95,0.9566653618747466,1,test
2024010709,3516,18,0.95,0.9574543855153916,1,test
2024010709,3573,18,0.9088785046728972,0.8965337643765378,1,test
2024010709,3598,18,0.35714285714285715,0.3877438928474821,0,test
2024010709,3621,18,0.9222585924713584,0.9334582115212559,1,test
2024010709,3646,18,0.8851674641148325,0.8833003483653925,1,test
2024010709,3719,18,0.5533707865168538,0.527022249420026,0,test
2024010709,3757,18,0.13,0.2080485155379404,1,test
2024010709,3789,18,0.8627204030226701,0.8662092026975504,1,test
2024010709,3902,18,0.25874125874125875,0.273085091718476,0,test
2024010709,4262,18,0.9395248380129589,0.9465860988488906,1,test
2024010709,4330,18,0.3465346534653465,0.2977074166020961,0,test
2024010710,55,18,0.8757396449704142,0.8796920728636359,1,test
2024010710,85,18,0.9092841956059532,0.9103514108196936,1,test
2024010710,154,18,0.7583333333333333,0.7250860504462674,1,test
2024010710,201,18,0.8245614035087719,0.7961749980558778,1,test
2024010710,248,18,0.8627204030226701,0.8526501703879024,1,test
2024010710,401,18,0.9395248380129589,0.9396047026692962,1,test
2024010710,431,18,0.8348348348348347,0.8382163968693447,1,test
2024010710,544,18,0.3534675615212528,0.32761498793718685,1,test
2024010710,569,18,0.9395248380129589,0.9428205532083598,0,test
2024010710,614,18,0.6571428571428571,0.6003161442739751,1,test
2024010710,725,18,0.9222585924713584,0.9268356998427872,1,test
2024010710,796,18,0.004310344827586207,0.0337918444194348,0,test
2024010710,841,18,0.004310344827586207,0.029136404090182626,0,test
2024010710,908,18,0.6589147286821706,0.6520995616140867,1,test
2024010710,1319,18,0.3534675615212528,0.3277262114211649,0,test
2024010710,1342,18,0.6571428571428571,0.6426591272861604,1,test
2024010710,1370,18,0.6571428571428571,0.6448685730403593,0,test
2024010710,1426,18,0.9395248380129589,0.9486773700843905,1,test
2024010710,1507,18,0.9395248380129589,0.9397629751423839,1,test
2024010710,1532,18,0.41818181818181815,0.4460520279902158,0,test
2024010710,1596,18,0.0,0.008501199358753464,0,test
2024010710,1674,18,0.9135802469135802,0.9201150924892706,1,test
2024010710,1733,18,0.9088785046728972,0.8895573328638401,1,test
2024010710,1765,18,0.77728285077951,0.7487938916904133,1,test
2024010710,1800,18,0.77728285077951,0.7627081151404644,1,test
2024010710,1882,18,0.25874125874125875,0.2726089832365351,1,test
2024010710,1963,18,0.840531561461794,0.8438150524158764,1,test
2024010710,2182,18,0.77728285077951,0.7496524899187663,1,test
2024010710,2342,18,0.77728285077951,0.7919676765869514,1,test
2024010710,2387,18,0.6571428571428571,0.6196987509979964,1,test
2024010710,2496,18,0.3534675615212528,0.3799128711234387,1,test
2024010710,2653,18,0.9092841956059532,0.9060370070298877,1,test
2024010710,2678,18,0.0,0.012715575953820042,0,test
2024010710,2749,18,0.8757396449704142,0.8814771936817343,0,test
2024010710,2772,18,0.753968253968254,0.7064007623010681,1,test
2024010710,2817,18,0.9395248380129589,0.9462393596381846,1,test
2024010710,2981,18,0.9395248380129589,0.939301822951102,0,test
2024010710,3273,18,0.5533707865168538,0.557337165277733,1,test
2024010710,3357,18,0.8627204030226701,0.8543236180736925,0,test
2024010710,3653,18,0.9092841956059532,0.9175268840114824,0,test
2024010710,3688,18,0.77728285077951,0.7392792766824818,1,test
2024010711,55,18,0.8681318681318682,0.8783915322207175,1,test
2024010711,124,18,0.005952380952380952,0.054775388692654116,0,test
2024010711,167,18,0.9395248380129589,0.9510648339535003,1,test
2024010711,315,18,0.9222585924713584,0.9248040570640937,1,test
2024010711,347,18,0.8627204030226701,0.8734329808355369,1,test
2024010711,372,18,0.8348348348348347,0.8388992516519277,1,test
2024010711,397,18,0.5533707865168538,0.5758731826238002,0,test
2024010711,559,18,0.8757396449704142,0.882566179739952,1,test
2024010711,606,18,0.21666666666666667,0.2374916160777858,0,test
2024010711,629,18,0.9092841956059532,0.9058887890887027,1,test
2024010711,698,18,0.8627204030226701,0.8579333856462672,1,test
2024010711,790,18,0.8348348348348347,0.8374041620367663,1,test
2024010711,839,18,0.8288288288288288,0.8014254105365045,1,test
2024010711,994,18,0.5533707865168538,0.552961290980331,0,test
2024010711,1041,18,0.5533707865168538,0.5344870363969157,1,test
2024010711,1089,18,0.9088785046728972,0.8958049352061349,1,test
2024010711,1191,18,0.9395248380129589,0.94447959863307,1,test
2024010711,1245,18,0.8348348348348347,0.8334589044519672,1,test
2024010711,1275,18,0.8627204030226701,0.870088309409491,1,test
2024010711,1468,18,0.9135802469135802,0.9205898255617257,1,test
2024010711,1537,18,0.5533707865168538,0.5669567188888368,1,test
2024010711,1562,18,0.9395248380129589,0.9454349835075495,1,test
2024010711,1691,18,0.77728285077951,0.7808679105912342,1,test
2024010711,1742,18,0.9743589743589743,0.958710441887397,1,test
2024010711,1789,18,0.7583333333333333,0.7233867010894516,1,test
2024010711,1821,18,0.9395248380129589,0.9451511219545365,1,test
2024010711,1874,18,0.8288288288288288,0.808748531256483,0,test
2024010711,1997,18,0.004310344827586207,0.03678374310695916,0,test
2024010711,2020,18,0.9222585924713584,0.9250219388842302,1,test
2024010711,2045,18,0.0,0.012841324898453695,0,test
2024010711,2251,18,0.9395248380129589,0.9470405541162197,1,test
2024010711,2276,18,0.8288288288288288,0.8070914644781658,1,test
2024010711,2396,18,0.753968253968254,0.7022708079660352,0,test
2024010711,2580,18,0.8348348348348347,0.8279762430146345,1,test
2024010711,2697,18,0.9222585924713584,0.931571422882392,1,test
2024010711,2829,18,0.11059907834101383,0.1527962589113588,0,test
2024010711,2852,18,0.3465346534653465,0.30992310398023415,0,test
2024010711,2875,18,0.8348348348348347,0.8341472839276791,1,test
2024010711,2905,18,0.9092841956059532,0.9136461550999646,1,test
2024010711,3022,18,0.44370860927152306,0.4679709316295569,0,test
2024010711,3088,18,0.9092841956059532,0.8969945005991398,1,test
2024010711,3159,18,0.6571428571428571,0.6204190744683917,0,test
2024010711,3182,18,0.9088785046728972,0.8947107468811885,1,test
2024010711,3277,18,0.9395248380129589,0.9480448997156954,1,test
2024010711,3302,18,0.9743589743589743,0.9596764264825077,1,test
2024010711,3327,18,0.9092841956059532,0.9159666309331255,1,test
2024010711,3352,18,0.03296703296703297,0.08161808107726895,0,test
2024010711,3375,18,0.9088785046728972,0.8880889215468839,1,test
2024010711,3422,18,0.840531561461794,0.8482005615295323,1,test
2024010711,3447,18,0.13,0.19205198680253063,1,test
2024010711,3507,18,0.9222585924713584,0.9229793032697688,1,test
2024010711,3554,18,0.9222585924713584,0.9240810929871401,1,test
2024010711,3579,18,0.9395248380129589,0.9515371598546356,1,test
2024010711,3626,18,0.11059907834101383,0.15500119466985007,1,test
2024010711,3806,18,0.8681318681318682,0.8781052178691987,1,test
2024010711,3981,18,0.8348348348348347,0.8386452252624225,1,test
2024010712,185,18,0.5533707865168538,0.5779104113000787,0,test
2024010712,273,18,0.8348348348348347,0.8392416868299081,0,test
2024010712,345,18,0.8627204030226701,0.8605918409156854,1,test
2024010712,402,18,0.9222585924713584,0.9357329172106202,1,test
2024010712,471,18,0.9092841956059532,0.9072439344729477,1,test
2024010712,545,18,0.22727272727272727,0.25975933275065294,0,test
2024010712,655,18,0.9222585924713584,0.9278341367181057,1,test
2024010712,763,18,0.8348348348348347,0.8250945639769848,1,test
2024010712,834,18,0.95,0.9542843557802738,0,test
2024010712,857,18,0.41818181818181815,0.4483161463345413,0,test
2024010712,920,18,0.9395248380129589,0.9387450340230712,1,test
2024010712,1271,18,0.9088785046728972,0.8907729637551491,1,test
2024010712,1318,18,0.9088785046728972,0.8943571610623168,1,test
2024010712,1382,18,0.9222585924713584,0.922839731748291,1,test
2024010712,1407,18,0.9395248380129589,0.9489792223143276,1,test
2024010712,1487,18,0.9092841956059532,0.9039296064102984,1,test
2024010712,1534,18,0.8288288288288288,0.8119076964702441,1,test
2024010712,1589,18,0.004310344827586207,0.021441116016981603,0,test
2024010712,1824,18,0.8348348348348347,0.8184351019803282,1,test
2024010712,1890,18,0.3861788617886179,0.40472145271417287,1,test
2024010712,2140,18,0.9088785046728972,0.8943674463956283,0,test
2024010712,2256,18,0.8627204030226701,0.8677130032794409,1,test
2024010712,2281,18,0.8851674641148325,0.8868997834728153,1,test
2024010712,2480,18,0.8681318681318682,0.8752555670743919,1,test
2024010712,2628,18,0.11059907834101383,0.12364773561849401,0,test
2024010712,2707,18,0.7197452229299363,0.6965306346957176,1,test
2024010712,2874,18,0.9222585924713584,0.9263945676859574,1,test
2024010712,3068,18,0.8288288288288288,0.8001356438106292,1,test
2024010712,3093,18,0.3534675615212528,0.37173961083293156,1,test
2024010712,3210,18,0.8627204030226701,0.8583712041685351,0,test
2024010712,3300,18,0.9222585924713584,0.925034441058747,1,test
2024010712,3392,18,0.7197452229299363,0.6935793573401747,1,test
2024010712,3629,18,0.9222585924713584,0.9358045168122441,1,test
2024010712,3654,18,0.9222585924713584,0.9313684497207679,1,test
2024010712,3679,18,0.9395248380129589,0.9442011663936569,1,test
2024010712,3704,18,0.15942028985507245,0.22184255131204306,1,test
2024010712,3785,18,0.6589147286821706,0.6509366889329681,0,test
2024010712,3808,18,0.8627204030226701,0.8541081183825857,1,test
2024010712,3833,18,0.9092841956059532,0.8987476765325505,1,test
2024010712,3858,18,0.9088785046728972,0.8924506878570051,1,test
2024010712,3883,18,0.8681318681318682,0.8755272512199489,1,test
2024010713,55,18,0.3465346534653465,0.31033333966384463,0,test
2024010713,133,18,0.9088785046728972,0.8876000290905752,1,test
2024010713,195,18,0.9222585924713584,0.925499611869361,1,test
2024010713,266,18,0.9395248380129589,0.9484912865574191,1,test
2024010713,291,18,0.9092841956059532,0.9155020502839808,1,test
2024010713,345,18,0.9092841956059532,0.9043694812657646,1,test
2024010713,436,18,0.5,0.49412218119273893,0,test
2024010713,574,18,0.9088785046728972,0.8901193822677782,1,test
2024010713,599,18,0.9092841956059532,0.9072120596065213,1,test
2024010713,696,18,0.11059907834101383,0.17498041743749684,0,test
2024010713,746,18,0.13,0.2055933449919971,0,test
2024010713,821,18,0.8348348348348347,0.8138323535990349,0,test
2024010713,965,18,0.8851674641148325,0.8844715490491472,1,test
2024010713,1037,18,0.77728285077951,0.7894514353866535,1,test
2024010713,1211,18,0.8627204030226701,0.873248321612093,1,test
2024010713,1344,18,0.41818181818181815,0.4410554368668943,1,test
2024010713,1533,18,0.6571428571428571,0.5835223365596912,1,test
2024010713,1609,18,0.77728285077951,0.7600020418492334,1,test
2024010713,1722,18,0.77728285077951,0.7317014272914034,1,test
2024010713,1786,18,0.8288288288288288,0.8121612755527212,1,test
2024010713,1811,18,0.6571428571428571,0.5793659009235266,1,test
2024010713,1864,18,0.8627204030226701,0.8694734181286737,1,test
2024010713,1918,18,0.9395248380129589,0.9462372547441874,1,test
2024010713,1943,18,0.6589147286821706,0.6798214175946301,1,test
2024010713,1973,18,0.7197452229299363,0.69401606218829,0,test
2024010713,2085,18,0.5533707865168538,0.5771060564452035,1,test
2024010713,2298,18,0.8627204030226701,0.8686252525309299,1,test
2024010713,2395,18,0.9222585924713584,0.9295102882419151,1,test
2024010713,2420,18,0.9092841956059532,0.9116963318794686,1,test
2024010713,2498,18,0.3465346534653465,0.29963020880950336,1,test
2024010713,2586,18,0.8851674641148325,0.8847239277818034,1,test
2024010713,2611,18,0.9092841956059532,0.9066813505051288,1,test
2024010713,2658,18,0.9088785046728972,0.8958407978725621,1,test
2024010713,2727,18,0.9395248380129589,0.9406738510199799,1,test
2024010713,2774,18,0.004310344827586207,0.029679536902579476,0,test
2024010713,2827,18,0.8851674641148325,0.8830403297083438,1,test
2024010713,2905,18,0.9092841956059532,0.9165290777716454,0,test
2024010713,3026,18,0.9743589743589743,0.9631354180680964,1,test
2024010713,3175,18,0.3861788617886179,0.3950742627137326,0,test
2024010713,3227,18,0.9092841956059532,0.9081570668425354,1,test
2024010713,3296,18,0.7197452229299363,0.695904155136127,1,test
2024010713,3326,18,0.8348348348348347,0.8256150870830298,1,test
2024010713,3351,18,0.7583333333333333,0.7167384384534023,1,test
2024010713,3403,18,0.9222585924713584,0.9306471252990685,1,test
2024010713,3467,18,0.3861788617886179,0.4159769536085163,0,test
2024010713,3490,18,0.3534675615212528,0.3537148475462174,1,test
2024010713,3515,18,0.8627204030226701,0.8541107205292546,0,test
2024010713,3570,18,0.9395248380129589,0.9412939838559646,1,test
2024010713,3836,18,0.8348348348348347,0.819526427354531,1,test
2024010713,3906,18,0.9092841956059532,0.8994638947853754,1,test
2024010713,3936,18,0.8288288288288288,0.8126668113627931,1,test
2024010713,3995,18,0.5533707865168538,0.5705125619944084,0,test
