game_id,play_id,crp,n_defenders_in_radius,ball_land_x,ball_land_y,num_frames_output,min_def_dist_arrival,rec_dist_to_ball,rec_closing_v,sep_at_throw,crp_at_release,week
2023122100,78,0.0,0,80.7099990844727,10.8699998855591,10,8.384921158321573,6.105513217795926,-0.6133251300744362,5.695656239626828,0.0,16
2023122100,103,0.0,0,72.3499984741211,34.8699989318848,8,11.22248185640488,7.5604033038633895,0.16562384912476286,1.2624579200908057,0.0,16
2023122100,161,0.0,0,50.8199996948242,32.939998626709,10,5.763209906882479,8.132219905726501,-0.1912818751711065,2.785677655436822,0.0,16
2023122100,208,0.0,0,42.2000007629395,30.9200000762939,7,6.783185848398035,6.139463273860156,-0.06682729263888057,1.5380832227158543,0.0,16
2023122100,300,0.0,0,23.1200008392334,43.6399993896484,11,8.870946079104495,1.5380829905729472,-0.5795011603058623,5.344529913846497,0.0,16
2023122100,357,0.6508,1,61.0299987792969,22.8799991607666,10,1.1410961342390906,0.8759554345290734,0.5251819220687136,0.7818567643756734,0.0,16
2023122100,380,0.8236,1,51.1100006103516,19.9200000762939,7,1.445163941372838,0.5571352407756005,0.7131205833788901,1.1194641575325188,0.5531,16
2023122100,437,0.0,0,72.1500015258789,32.8300018310547,7,3.6093497031386095,0.7256709878271584,0.04725708131432636,1.8552627846210958,0.0,16
2023122100,467,0.2796,1,94.9700012207031,6.92000007629395,15,2.161225297035813,2.0333460354438246,-0.6953624902369427,1.4497241116846982,0.0,16
2023122100,657,0.235,1,108.349998474121,5.76999998092651,10,2.452041259310149,1.3917629263636246,-0.45073970838066035,1.6900887550658379,0.0,16
2023122100,680,0.3116,1,108.910003662109,18.3400001525879,7,2.080621247318995,2.615202878593994,-0.2687224796964881,3.1385665517876147,0.1959,16
2023122100,773,0.0,0,66.3099975585938,37.939998626709,11,4.655511284929393,2.86818570147537,-0.44989850862720293,2.956568957423451,0.0,16
2023122100,820,0.7216,1,55.8199996948242,39.2900009155273,7,1.1761809380881454,0.6815431789235317,0.17771804798363594,1.9904019694523967,0.4162,16
2023122100,843,0.0,0,53.689998626709,16.1900005340576,9,3.8204698103958172,1.614464389573209,-0.29732662276004873,2.7418242102658534,0.0,16
2023122100,910,0.0,0,69.5999984741211,38.3400001525879,7,3.4733428556152823,0.5000015075684378,-0.22265129166039763,5.673737745084808,0.0,16
2023122100,935,0.5217,1,74.9199981689453,22.2000007629395,8,1.7295676327253278,1.3242370942697548,0.19827176987991846,0.9090654541890844,0.0,16
2023122100,978,0.0,0,45.75,21.0100002288818,12,8.623235870752344,0.8052329424165251,-0.4881984297643043,6.37942003633559,0.0,16
2023122100,1032,0.0,0,26.25,45.1199989318848,10,7.081193421854191,2.231614723123578,-0.57173485708529,3.4687894141904896,0.0,16
2023122100,1101,0.4619,1,4.03999996185303,2.3199999332428,19,2.017622438329307,0.35171016267439204,0.27516385547939964,0.9651942809610913,0.0,16
2023122100,1185,0.0,0,48.5200004577637,42.0299987792969,12,3.4945236636754715,1.752826198634301,-0.26447244076338394,0.9693812459502178,0.0,16
2023122100,1210,0.6048,1,53.6399993896484,3.47000002861023,10,1.790251360618627,0.5859183388797414,0.49193684308486346,3.456848275524975,0.0,16
2023122100,1343,0.0,0,79.6999969482422,39.2700004577637,6,7.535599880425655,1.129465879620673,-0.44186189462246406,6.044766331298498,0.0,16
2023122100,1402,0.6976,1,63.7799987792969,15.4399995803833,6,1.6523917818637224,1.1125193037444776,0.5712422184892767,0.7280109889280519,0.6965,16
2023122100,1450,0.8487,2,45.6300010681152,47.9000015258789,55,0.5239278428609454,0.2000017700203393,-0.19461454895062036,1.1300442469213274,0.0,16
2023122100,1497,0.0,0,43.0,7.61999988555908,8,6.732495896614038,1.5720686243526665,-0.6077791488294607,5.4753264742844365,0.0,16
2023122100,1527,0.1561,1,32.3199996948242,32.6100006103516,9,2.5317984624749488,0.7499998779299865,0.30195670852878687,1.4375326083258084,0.0,16
2023122100,1571,0.8398,1,59.3300018310547,2.41000008583069,19,1.3346168805572496,0.14764988348752067,-0.12889704819114725,3.1241638881467133,0.0,16
2023122100,1630,0.116,1,108.279998779297,19.9500007629395,28,2.7460688626854233,0.6053109471795001,-0.8758133403443099,2.5852079220055018,0.0,16
2023122100,1688,0.1459,1,82.2200012207031,33.0400009155273,7,2.650020389118958,2.09401571454143,-0.24513292503847164,4.313351365237933,0.0,16
2023122100,1713,0.7284,1,63.0299987792969,7.21999979019165,16,1.0511894186853439,0.6489983302784372,-0.29418134099204496,3.734514694039901,0.0,16
2023122100,1789,0.0473,1,55.5699996948242,20.6700000762939,10,2.87605613084962,2.048048165410649,-0.5528035886072694,2.0152667317256046,0.0,16
2023122100,1814,0.0,0,66.8199996948242,29.5200004577637,7,4.091320012860406,1.5371725894324375,0.0763493018626009,4.436361121459795,0.0,16
2023122100,1839,0.6463,2,73.0,20.3400001525879,8,1.7799156288982005,2.0365658311288444,-0.2291703361269622,4.152685877838588,0.0,16
2023122100,1874,0.0,0,71.75,32.7999992370605,7,3.0313368146598156,0.17888509700436397,-0.5289126055445722,3.3500149253398943,0.0,16
2023122100,1897,0.0,0,84.5999984741211,50.8300018310547,18,9.210050196806288,6.237051802378485,0.24717023826819542,0.9604686356149281,0.0,16
2023122100,1920,0.8408,1,42.4199981689453,2.05999994277954,16,1.0741519476758756,1.288097701212737,-0.5297665931443336,3.6204143409283973,0.0,16
2023122100,1945,0.0175,1,32.8600006103516,49.9300003051758,13,2.947626701912706,2.386063770602809,-0.7728631491279071,6.184084410808125,0.0,16
2023122100,1982,0.4055,1,22.7199993133545,32.1100006103516,9,1.9120660426654816,0.34828058844409077,0.031195913554693595,3.258297101247828,0.0,16
2023122100,2036,0.5449,1,2.75999999046326,20.9200000762939,11,1.7181967247471899,0.5502726936565357,0.5587258376479279,1.0117806086301515,0.0,16
2023122100,2100,0.0,0,79.6100006103516,47.310001373291,29,5.121914767806519,4.834977907053657,0.8019665543964196,1.3446189051177293,0.0,16
2023122100,2182,0.9194,2,73.129997253418,2.76999998092651,29,0.7060436364593272,0.5015976481809046,-0.5303139518624893,1.5929846201391897,0.0,16
2023122100,2207,0.0,0,76.5899963378906,8.28999996185303,10,4.252485035776825,0.4159363031567444,-0.09943469590289686,5.787754314066902,0.0,16
2023122100,2262,0.0,0,109.73999786377,10.460000038147,20,7.880024215158088,3.220929463508032,0.4876814004384465,2.633723599772762,0.0,16
2023122100,2292,0.7169,1,111.870002746582,3.22000002861023,21,0.849291146180806,1.2121034481071473,-0.8548174575463868,1.4358621103713323,0.0601,16
2023122100,2496,0.561,1,71.9100036621094,12.3500003814697,11,1.3168558619988495,0.5872848155736708,-0.4211452634696235,3.1184932259025318,0.0,16
2023122100,2555,0.0,0,64.9100036621094,12.8500003814697,10,5.755704973196426,2.46497478727836,0.4787946288670507,10.524656763999488,0.0,16
2023122100,2578,0.6567,1,50.7900009155273,38.9099998474121,13,1.030049459510981,3.58498337107365,-0.3541330076317291,1.5418495387034388,0.393,16
2023122100,2632,0.0,0,73.6100006103516,8.9399995803833,9,12.412541814297613,1.1977472684732091,-0.659803653199121,10.504289599968198,0.0,16
2023122100,2762,0.0,0,70.0899963378906,22.2000007629395,10,7.675061475676187,1.4439145477504232,0.18117361838027587,5.1269191528636355,0.0,16
2023122100,2816,0.0,0,47.2700004577637,50.6599998474121,13,4.4434675893416635,2.4398775263833175,-0.16913862744971914,3.8816104905051954,0.0,16
2023122100,2868,0.0,0,25.9899997711182,-1.50999999046326,17,4.9006224794287645,3.6329603254533778,0.7295021706334395,1.6430459518832703,0.0,16
2023122100,2891,0.0,0,38.9000015258789,18.2700004577637,10,3.259694603967563,2.488093154807443,-0.19486261447433884,3.0305940011819477,0.0,16
2023122100,2926,0.0,0,43.4099998474121,23.8099994659424,7,4.87954907600906,1.7461382951009268,-0.3937916966345181,5.414065016233187,0.0,16
2023122100,3013,0.7158,1,50.5299987792969,2.58999991416931,15,1.1986665319958694,0.7452528138013359,-0.4700809068633336,0.7874642849043997,0.0,16
2023122100,3107,0.0277,1,51.4700012207031,15.5600004196167,14,2.942329387791056,1.6935773434637706,-0.3782096695902912,2.5569122002915923,0.0,16
2023122100,3168,0.9461,1,28.1700000762939,5.36999988555908,9,1.1496522573392156,0.9126883923174512,0.7516042610420969,2.6161995336747546,0.2408,16
2023122100,3191,0.0,0,25.1299991607666,46.8800010681152,12,5.556085864085547,2.458392441723652,-0.4911252615404409,4.835876342505046,0.0,16
2023122100,3266,0.0,0,28.9200000762939,15.2299995422363,8,12.686811807844288,4.331800548269774,-0.5046591742505109,12.35615636029263,0.0,16
2023122100,3321,0.0,0,49.1100006103516,21.2999992370605,9,6.051660973159235,8.854026457280645,-0.5288590988415995,2.7197426348829414,0.0,16
2023122100,3346,0.0,0,59.7999992370605,34.4199981689453,10,7.134319944419408,6.884600613935992,-0.4255410329727733,3.8625380257027886,0.0,16
2023122100,3445,0.0,0,72.6100006103516,20.9899997711182,7,5.202652703261745,2.572002484523659,0.05386245891822829,4.658937647146612,0.0,16
2023122100,3470,0.0798,1,85.4100036621094,18.2399997711182,9,2.7605223656207807,0.6113064742681791,-0.28194058601954614,2.5390155572583595,0.0,16
2023122100,3532,0.3175,1,100.949996948242,36.5699996948242,8,2.3301956959043766,0.8438039334672027,0.0234823833630834,2.825544195371924,0.0261,16
2023122100,3562,1.0481,1,114.209999084473,48.2799987792969,15,0.4565070979419278,0.9783674756870561,-0.5788714929298866,1.5454772725601689,0.0,16
2023122100,3643,0.0,0,83.9300003051758,17.2700004577637,12,4.156549218626028,2.824464946478735,-0.4217397780682397,1.4338758663147948,0.0,16
2023122100,3852,1.0404,1,108.800003051758,48.6199989318848,26,0.7234666845057164,0.919346147475118,-0.727739915064509,1.2778106275970607,0.4101,16
2023122300,102,0.5321,1,68.0599975585938,13.5100002288818,12,1.403564433252824,0.19416244220011694,-0.29138860247184967,2.8931816396486343,0.0,16
2023122300,127,0.0195,1,73.120002746582,6.8899998664856,10,2.9578735678658847,0.4188092286175206,-0.5601846991231666,8.48592363859115,0.0,16
2023122300,157,1.1787,2,67.3000030517578,43.1300010681152,12,0.6688803469900932,0.5860052226577377,-0.40757012864094005,5.539214745792041,0.0,16
2023122300,254,0.0942,1,33.25,37.0400009155273,11,2.7189143123391855,0.20999908447269888,0.3041926252180711,1.6772000476985445,0.0,16
2023122300,333,0.9037,1,79.0999984741211,33.3800010681152,8,0.6594696688583435,0.31112730741530553,0.191009351975565,1.3782960494755825,0.4321,16
2023122300,358,0.0,0,66.5199966430664,25.9300003051758,12,7.3457751604259345,1.390895646068951,0.026012035656341963,7.3966005705323825,0.0,16
2023122300,405,0.6333,2,39.1800003051758,4.78999996185303,22,1.449172368066782,1.2536349474069415,-0.4488349519198745,8.693865653436337,0.0,16
2023122300,430,0.0,0,38.1800003051758,46.8499984741211,12,7.909147014321038,1.3736099374481576,-0.6007512410252268,10.43805537444595,0.0,16
2023122300,509,0.0,0,25.1599998474121,16.1900005340576,6,6.435721082382282,0.3394109852300785,0.49397726274349824,5.438317754600224,0.0,16
2023122300,601,0.0,0,42.5400009155273,35.7099990844727,8,4.019973848931843,0.9818341588228884,-0.27710360593179173,2.1100947846009186,0.0,16
2023122300,670,0.0,0,53.1399993896484,23.4799995422363,7,9.223286507113992,0.6844711021642115,-0.2957811852873678,6.621978556292675,0.0,16
2023122300,717,0.0,0,89.6900024414062,52.2999992370605,17,3.0241171928596406,0.4580372441974156,0.16413152655357327,7.407327453272197,0.0,16
2023122300,796,0.0639,1,18.4200000762939,34.8300018310547,6,2.8351015950729925,0.6395319765188676,0.25006634783753584,3.784507894033253,0.0,16
2023122300,1090,0.6506,1,24.5799999237061,49.4799995422363,24,1.048093668151642,1.4968302222068162,-0.8227443753494127,1.6015305179733557,0.0,16
2023122300,1158,0.0,0,21.9400005340576,30.3600006103516,9,3.9460606064780523,0.48104056896731057,0.15208262784418386,5.390371044742654,0.0,16
2023122300,1230,0.647,2,44.2000007629395,39.1699981689453,14,1.8085333666361314,5.0662213466768335,-0.7746219786899626,2.217791694456445,0.0,16
2023122300,1257,0.0,0,6.21999979019165,-0.389999985694885,19,6.9340103929960035,6.242827857142277,0.11844454081976574,0.6594694837519017,0.0,16
2023122300,1407,0.4099,1,50.7700004577637,24.2700004577637,12,2.1233930792355946,0.34828156106344477,-0.011401579835241048,2.6522820362849817,0.0,16
2023122300,1432,0.0,0,81.0999984741211,51.2799987792969,17,4.535812596508878,0.6338783414132492,-0.3142635793823802,2.8600699292150176,0.0,16
2023122300,1462,0.0,0,86.0500030517578,23.7900009155273,8,4.905933472200027,0.541200081380553,0.12046641930446186,3.7558753972942265,0.0,16
2023122300,1487,0.1901,1,99.25,17.1000003814697,9,2.452936996428451,0.5807753635342374,-0.1759000197171682,5.272731739810022,0.0,16
2023122300,1512,0.0,0,103.400001525879,47.2400016784668,11,4.44814459912896,0.25961317778628706,-0.2800411776020362,6.9757293525480195,0.0,16
2023122300,1564,0.3741,1,116.639999389648,48.3800010681152,19,1.877684497531056,1.7223523860411243,-0.520966389760993,0.9730878685915308,0.0,16
2023122300,1616,0.0,0,111.199996948242,12.1400003433228,10,5.562883175115056,0.28071393684767293,-0.7329006676046076,9.941559233842552,0.0,16
2023122300,1703,0.6464,1,83.1600036621094,4.92000007629395,12,1.0606638078728576,1.9535896517639895,-0.6380457976967336,1.892511558749374,0.0,16
2023122300,1726,0.5792,1,83.8199996948242,3.74000000953674,13,1.2624576563769019,0.2441309294951636,-0.037035998894099746,2.6169638897011858,0.0,16
2023122300,1790,0.7781,1,91.9300003051758,19.7600002288818,7,1.3555812554625217,0.5885578984096933,-0.3999545060692167,5.031709451071276,0.6019,16
2023122300,1813,0.0,0,92.0699996948242,18.2199993133545,6,8.385522976638732,1.6843401627203964,0.6463512194789522,7.633223434434507,0.0,16
2023122300,1838,0.2609,1,45.5299987792969,0.759999990463257,28,2.4758845257249544,0.1700010726040874,0.4592162390842865,1.6226213359869353,0.0,16
2023122300,1919,0.7266,1,44.7200012207031,10.3299999237061,9,1.5844561850313317,0.29068882920372635,0.617159375453825,2.5597265478952975,0.2119,16
2023122300,1949,0.0,0,29.1499996185303,51.7299995422363,15,3.6359999702966146,1.0259137980815698,-0.5183475386414613,3.110401903291599,0.0,16
2023122300,1972,0.0,0,37.1599998474121,8.19999980926514,9,3.37249143696936,2.464020859970633,-0.3139172825925708,4.123930164297164,0.0,16
2023122300,2143,0.0,0,68.75,4.6399998664856,10,3.3009242424648555,1.3461797016176085,-0.5642781615911177,3.9486706623875336,0.0,16
2023122300,2195,0.0,0,36.7999992370605,-1.88999998569489,24,5.979707921942544,4.418156310648023,0.40190033761835176,1.2244998979175146,0.0,16
2023122300,2238,0.0,0,38.4799995422363,20.7700004577637,8,4.311531246984776,0.9962435809497108,0.013281623359419554,2.83536593758195,0.0,16
2023122300,2300,0.0,0,84.0299987792969,46.4700012207031,13,7.26463409069462,0.36055546611249595,0.3704610140626826,8.949201081660863,0.0,16
2023122300,2352,0.6184,1,52.1599998474121,1.89999997615814,22,1.8287701966115124,0.4560703235241485,0.7143054766840209,1.4230249470757668,0.0,16
2023122300,2439,0.3308,2,39.8400001525879,37.5200004577637,7,2.0965919909903006,0.6041518238569906,0.0655777289646129,1.9600255100380672,0.0,16
2023122300,2464,0.1574,1,56.5200004577637,36.560001373291,12,2.527943113218523,0.812525480370991,0.2283317638261058,6.102606000718055,0.0,16
2023122300,2489,0.0,0,56.0400009155273,45.4000015258789,8,9.317220960184542,1.0394692959580738,-0.4148911452087278,6.19025847602505,0.0,16
2023122300,2525,0.0,0,76.6600036621094,30.3400001525879,6,6.560026826106854,1.5986270392615185,-0.04227274685162231,7.4302422571542035,0.0,16
2023122300,2557,0.7567,1,74.5100021362305,26.6100006103516,10,1.074660667625827,1.639327025620151,-0.12087933181750567,3.806638937435496,0.0519,16
2023122300,2580,0.3416,1,77.1399993896484,23.0,7,2.2917245666218906,0.5280148969921833,0.3006357113913371,6.843778196288945,0.0,16
2023122300,2605,1.129,2,96.25,52.4300003051758,19,1.587104252545291,0.7877180571428446,-0.6856522174933054,4.818599381563062,0.043,16
2023122300,2682,0.6177,1,70.9100036621094,50.8600006103516,13,1.3240114928199755,0.9394182328573365,-0.21094254162852025,2.0717142660125716,0.0,16
2023122300,2779,0.0,0,69.3300018310547,50.2599983215332,14,3.7197423968806698,0.7840893559857941,-0.35234550954149946,4.805798580881216,0.0,16
2023122300,2804,0.5583,1,75.0899963378906,0.0399999991059303,9,1.8645398730200535,0.6536850735563201,0.30373786077456577,2.226229997102723,0.0,16
2023122300,2839,0.0,0,96.7799987792969,52.7400016784668,19,3.8820745227393756,0.6726814178504767,0.6825167038681198,2.4110163831878006,0.0,16
2023122300,2960,0.0,0,79.9400024414062,7.73000001907349,8,4.476659289122956,0.6987106948240994,-0.3767507199125205,7.687086574249057,0.0,16
2023122300,2990,0.0,0,92.7799987792969,41.060001373291,11,3.8415766054359706,0.23409561473743856,-0.23031157966575724,5.605283222103939,0.0,16
2023122300,3025,0.6208,1,98.5299987792969,1.66999995708466,17,1.1374545035439854,0.28231144816104625,0.5360644401525789,5.010997904609411,0.0,16
2023122300,3097,0.0,0,94.0800018310547,15.1800003051758,9,7.808615249392201,0.8041125638766529,-0.30076160329476764,7.206670521121385,0.0,16
2023122300,3297,0.0,0,69.2799987792969,2.74000000953674,24,6.60049150977604,2.4342958881811994,0.6338989987345821,0.8430895563343208,0.0,16
2023122300,3443,0.7708,1,70.1399993896484,25.5599994659424,10,0.6876764388745225,1.4612317248427913,-0.07598094971475074,2.893734611190176,0.1332,16
2023122300,3635,0.0,0,96.870002746582,1.51999998092651,14,3.1956358523749637,0.8209722858216205,-0.5110445166205128,4.797103292613151,0.0,16
2023122300,3752,0.0,0,68.5699996948242,19.0,10,7.490827861103066,1.763774067844964,-0.47053340266090765,4.540275322048206,0.0,16
2023122301,159,0.0665,1,51.1500015258789,15.3400001525879,17,2.8004475404842406,2.5967686817797677,-0.5608045581915566,1.8157092278225617,0.0,16
2023122301,182,0.0,0,64.1800003051758,25.1599998474121,9,4.257147252359461,3.8474930041511954,0.07142242330699976,3.9003717771515025,0.0,16
2023122301,225,0.0,0,12.4099998474121,9.77000045776367,9,12.20256106338902,1.6407320203190499,-0.6104586167046917,12.170345106035407,0.0,16
2023122301,294,0.0,0,50.5800018310547,15.3999996185303,12,6.849998168945309,0.8193274033024232,-0.5488822441227051,5.142528560931863,0.0,16
2023122301,371,0.0,0,71.7699966430664,44.2799987792969,15,3.8011599133717815,2.100217844974803,-0.6469327934689655,1.611365880239492,0.0,16
2023122301,423,0.5695,1,111.120002746582,10.5200004577637,23,1.9413940336971902,0.47518503220020686,0.2414612529488632,1.1920570456148463,0.0,16
2023122301,446,0.0,0,94.5699996948242,32.6399993896484,13,4.020447868336595,3.023243887130983,-0.5736881375414189,1.910392629801526,0.0,16
2023122301,525,0.0,0,117.51000213623,54.0200004577637,18,4.4360580971221895,3.421419320758612,0.06732935724799746,1.1910079764636388,0.0,16
2023122301,631,0.0,0,75.879997253418,33.0400009155273,11,4.0016967928228215,3.0439583506010965,-0.44868395182489684,2.2610174700784675,0.0,16
2023122301,700,0.7345,1,47.9500007629395,37.2099990844727,16,0.7964925437918278,6.420411769223055,0.21342701295619437,2.6342740935597395,0.0,16
2023122301,969,0.0,0,83.6999969482422,35.8400001525879,8,9.345974891882427,2.8578690145936823,-0.39707596260544553,5.8586431876331275,0.0,16
2023122301,1049,0.0,0,14.6899995803833,41.7900009155273,6,3.5857491201882707,2.9842421483694355,-0.0784164120040588,4.445953216128121,0.0,16
2023122301,1234,0.0,0,44.2900009155273,15.039999961853,7,6.065153727772901,3.8015777880091757,-0.3244573180165925,4.935433111693436,0.0,16
2023122301,1259,0.0,0,47.0099983215332,37.8300018310547,9,11.130414580843858,2.6035360300224855,-0.47863592674955174,7.983545578250303,0.0,16
2023122301,1330,0.0,0,98.7099990844727,22.7600002288818,8,3.5859996877694265,3.20062449703514,-0.14903879501857728,4.871242141384478,0.0,16
2023122301,1409,0.6417,1,85.0599975585938,8.0,20,1.0748958661436985,1.7088321664378403,-0.7872533881227141,1.9200260414900607,0.0,16
2023122301,1579,0.0,0,56.7200012207031,46.6199989318848,20,4.99015925977009,5.034620247908685,-0.49408115015519816,0.8614522621712701,0.0,16
2023122301,1716,0.0,0,48.0499992370605,26.1800003051758,7,4.666916065600013,3.2285142487143155,-0.24384362897780226,5.2654059672545666,0.0,16
2023122301,1797,0.0,0,70.6100006103516,7.71000003814697,12,5.192465084364425,2.626518351422727,-0.33017045345993146,7.789274677400972,0.0,16
2023122301,2027,0.0,0,83.2300033569336,28.8400001525879,7,5.746245372639393,0.896439919247169,-0.2773729043519704,8.55346713327409,0.0,16
2023122301,2113,0.124,1,46.189998626709,3.45000004768372,13,2.7093358981120343,6.5505795092442725,0.20274407514333015,3.331381094981477,0.0,16
2023122301,2221,0.4968,1,60.8499984741211,28.0300006866455,23,1.509604035560329,3.202250708616178,-0.7936031453716813,2.7682846674429986,0.0,16
2023122301,2374,0.0,0,36.2000007629395,35.1699981689453,8,10.41756348779415,0.5869428198583208,-0.503796408690868,12.154509451228382,0.0,16
2023122301,2399,0.0,0,29.5400009155273,48.7000007629395,10,7.273858367799758,0.3848381435485431,-0.36358614770517267,8.38455723339044,0.0,16
2023122301,2536,0.0,0,43.3699989318848,24.7199993133545,5,3.682418932362499,1.565408101360544,0.0676748291891374,4.310510410612646,0.0,16
2023122301,2590,0.1009,1,47.9099998474121,34.9099998474121,8,2.7771390236385916,2.621545558233101,0.35848522540572125,0.7930952023559326,0.0,16
2023122301,2615,0.0,0,53.2099990844727,21.7800006866455,7,5.86072628624088,3.4159197530233807,-0.30410366954738716,3.3955853692699325,0.0,16
2023122301,2640,1.4734,1,98.6399993896484,51.8199996948242,23,0.5308477854699152,1.1204470014930887,-0.775198915819417,1.521906698848518,0.5922,16
2023122301,2803,0.102,1,81.9300003051758,36.3199996948242,7,2.7212128728770675,1.9686547565008012,-0.2225011365004102,3.6037341744362914,0.0,16
2023122301,2832,0.5667,1,73.9499969482422,39.8199996948242,8,1.3000354069545952,0.5622246450691138,-0.13897689291286155,1.2419742348374163,0.0,16
2023122301,2899,0.0,0,60.1300010681152,4.82000017166138,16,3.32567178493648,1.912301456692531,-0.5484892467705551,2.3300214591286523,0.0,16
2023122301,2924,0.0993,1,62.1100006103516,20.25,6,2.7459057101338313,2.6518857736973773,0.10668789676414796,1.081896483033382,0.0,16
2023122301,2947,0.2702,1,72.4400024414062,39.7099990844727,14,2.1892898244201824,3.118491394942314,-0.6786458297565062,2.6966646065093047,0.0,16
2023122301,3021,0.3558,1,87.8499984741211,18.7800006866455,9,1.932590605079404,0.6806628239338537,-0.37099362775732136,4.7000425529988465,0.0,16
2023122301,3289,0.0,0,70.4199981689453,45.3499984741211,12,3.7636440872100683,2.1747896837309915,-0.2227582227075862,2.972036338943384,0.0,16
2023122301,3312,0.0,0,79.4800033569336,35.4199981689453,14,5.8420875089660464,1.908950611660443,-0.5601155274002525,2.8935963782117224,0.0,16
2023122301,3394,0.0,0,74.25,26.1200008392334,7,9.320134518106949,2.400104056010067,-0.34627745955035033,7.339080323855298,0.0,16
2023122301,3419,0.0,0,78.4499969482422,33.9500007629395,7,9.142354524377133,1.595056929098596,-0.3044416725364772,9.123266958716055,0.0,16
2023122301,3547,0.0,0,81.0500030517578,19.6000003814697,7,4.163565625954284,1.4649203417508732,-0.21461272159229994,5.514870805377042,0.0,16
2023122301,3668,0.0,0,79.1399993896484,26.75,7,5.592969107941092,1.0139027585085436,-0.46816674797618274,3.276736181019162,0.0,16
2023122301,3715,0.0,0,62.0499992370605,11.1000003814697,10,4.965449936562643,1.6137530839036864,-0.2865136646068939,6.423931817819989,0.0,16
2023122301,3762,0.195,1,31.4400005340576,16.1900005340576,17,2.415140337924104,4.10878321119819,-0.32362297538825374,3.3802366781040605,1.0348,16
2023122301,3785,0.097,1,46.0699996948242,46.1100006103516,13,2.7089662174950817,2.7527434823622356,-0.718480095168817,2.2402008838494765,0.0,16
2023122301,3864,0.0,0,23.6200008392334,49.2400016784668,19,5.814371740067278,0.3443816307297561,-0.3016539934157194,8.953234052564468,0.0,16
2023122301,4088,0.5137,1,57.7400016784668,43.5800018310547,19,1.458901290307082,1.9175486866581517,-0.8347521052315905,2.1365392577717826,0.0,16
2023122301,4111,0.073,1,38.6300010681152,19.3199996948242,8,2.822940911318408,1.4380879678152914,0.11031921829631922,1.5686937240902077,0.0,16
2023122402,55,0.0,0,85.2300033569336,34.2900009155273,6,7.074520978152815,0.3601354810475858,0.09325095838106721,4.773468340735069,0.0,16
2023122402,78,0.3236,1,86.7600021362305,13.3900003433228,6,2.2786200573701354,0.44418629606435883,0.26315095804798283,4.077180398265446,0.1759,16
2023122402,150,0.0,0,59.6699981689453,12.0200004577637,8,3.7196360083905677,0.4110964187468858,0.22807530905918197,5.026658930144357,0.0,16
2023122402,175,0.7691,1,47.810001373291,26.6100006103516,8,0.6926022891316939,0.14000061035833813,0.5580272002531071,2.895047495292604,0.6434,16
2023122402,428,0.4431,1,37.4599990844727,28.9400005340576,7,2.011095277324889,0.7169389845512748,-0.4618351635380396,6.404787272033316,0.0567,16
2023122402,453,0.6433,1,46.0099983215332,47.8800010681152,10,1.0700480541259554,0.7574302052011583,-0.42250492926170374,1.1833004690272018,0.0,16
2023122402,476,0.0,0,48.8499984741211,19.6599998474121,10,3.6255892747405376,0.224722736343889,-0.07495170732790486,5.6672127187886625,0.0,16
2023122402,636,0.0,0,79.8499984741211,39.8800010681152,10,3.366436057574799,1.4427732635258206,-0.4605586864699559,3.3504775778984186,0.0,16
2023122402,671,0.0,0,75.1800003051758,18.7600002288818,7,8.465506622962598,0.694622347750086,0.16633985279684793,6.132307885290818,0.0,16
2023122402,729,0.0,0,45.3400001525879,9.22999954223633,13,5.914025968193418,0.7402706826519483,0.2268963520329053,4.900377536476146,0.0,16
2023122402,847,0.2535,1,28.3600006103516,15.6899995803833,13,2.3584948094311433,0.24758763621048235,-0.7869664654495566,5.299669801034777,0.0,16
2023122402,1054,0.7623,1,38.5699996948242,34.9300003051758,34,0.9542539100797928,0.15652516786134957,-0.11515240570138185,1.6487874332369263,0.0891,16
2023122402,1310,0.5778,1,42.8600006103516,36.060001373291,9,1.2666872158065563,0.08062168796078656,0.3821763084229013,0.9908582138732053,0.0,16
2023122402,1367,0.0,0,56.1599998474121,1.69000005722046,14,9.401148703696,9.407895457288634,0.2555835678996705,1.6930741271426952,0.0,16
2023122402,1413,0.5341,1,57.5099983215332,20.4599990844727,11,1.6707483746002467,0.25553871247427656,0.36117962734181974,1.3813037319865618,0.0,16
2023122402,1532,0.0,0,60.9799995422363,12.0100002288818,6,6.04003269793014,0.19235368593036997,0.43562687203938943,8.551473557229777,0.0,16
2023122402,1557,0.0,0,60.8899993896484,7.25,9,12.809573978960442,0.32140311662968807,-0.6349746906489115,14.25769967421112,0.0,16
2023122402,1587,0.0,0,46.4199981689453,3.5699999332428,13,4.85800194630984,0.762167296822448,-0.5763669436006386,8.813444275650694,0.0,16
2023122402,1612,0.4252,1,39.7299995422363,29.0100002288818,9,1.8659311010596684,0.9508415229395165,-0.524942419104276,5.612815692680457,0.0,16
2023122402,1686,0.0,0,43.3300018310547,37.6300010681152,5,4.057709415130239,2.956569242826353,-0.3536388865216923,3.064000652741447,0.0,16
2023122402,1770,0.1918,1,22.0400009155273,15.7600002288818,11,2.4352622036298537,0.6529938167268339,-0.258768044900718,4.836496665976314,0.0,16
2023122402,1817,0.0,0,14.4899997711182,28.7800006866455,7,3.5274066837548563,1.265068491412408,0.265914548500701,4.61202775360253,0.0,16
2023122402,1842,0.676,1,7.40000009536743,1.19000005722046,16,1.217949098322062,0.7947955896789968,-0.49466607392830997,4.113125332396279,0.0,16
2023122402,2018,0.0,0,80.0800018310547,33.1199989318848,8,4.403829354690547,0.9972482601698134,-0.24485759065248372,3.529999999999999,0.0,16
2023122402,2043,1.0446,2,64.4599990844727,21.6800003051758,7,0.6652810511010173,1.433909776560396,-0.35381364088993095,2.608639492149114,0.2331,16
2023122402,2066,0.5213,1,65.8499984741211,20.5599994659424,8,1.6478462445844737,0.6521487381627022,-0.19226909213474272,4.043092875510038,0.0,16
2023122402,2091,0.0,0,62.4300003051758,15.789999961853,10,7.752806251182346,1.2606349628832456,-0.5176281895655644,9.344099742618331,0.0,16
2023122402,2148,0.0,0,45.6500015258789,41.0299987792969,8,4.37649549774708,0.3605570742786701,-0.17399349446218,1.920104163841119,0.0,16
2023122402,2326,0.0,0,24.5,11.3000001907349,9,18.01329782868356,0.40607865978120483,0.5102396027431455,20.392863947959835,0.0,16
2023122402,2378,0.0,0,53.060001373291,4.86999988555908,11,4.510087314615013,2.178484819024887,-0.603426518871632,4.797384704190398,0.0,16
2023122402,2568,0.0,0,80.7900009155273,38.310001373291,8,3.6006813798972233,0.5824961676105638,-0.23680821519104348,7.660979049703771,0.0,16
2023122402,2593,0.3894,1,75.5,39.9300003051758,9,2.270682977450224,0.5807753595932247,-0.19684211095087287,3.2520301351617253,0.104,16
2023122402,2735,0.2745,1,52.4599990844727,37.5299987792969,12,2.1763516294011547,0.5578539791146322,-0.7348349262100411,5.536180994151112,0.0,16
2023122402,2896,0.5249,1,25.0799999237061,16.2399997711182,11,1.5102982111640937,0.6220130836116713,0.05027818575156527,2.256213642366345,0.0,16
2023122402,3081,0.5825,1,58.5299987792969,24.6900005340576,6,1.3729543515462959,0.8184144288995135,-0.12447220945296292,2.319762918920812,0.1632,16
2023122402,3106,0.6014,1,70.3300018310547,19.5599994659424,10,1.195699263410029,2.5167619146388707,-0.32916352619017086,6.132030658762227,0.0,16
2023122402,3222,0.0,0,2.16000008583069,1.87000000476837,26,4.718103353622774,2.9696631973365664,0.6589740742104806,2.6468282906150153,0.0,16
2023122402,3288,0.0,0,39.3699989318848,5.40999984741211,11,4.6505275021856365,0.703492371475873,-0.25211004235967394,2.8223748865095892,0.0,16
2023122402,3318,0.7884,2,60.2999992370605,12.2700004577637,12,1.8620686428641848,0.857262426447452,0.8441927036123001,3.1824833071046887,0.0,16
2023122402,3341,0.6995,1,54.5999984741211,15.3699998855591,9,0.9013890605430401,0.9575504825533014,-0.37146611795752926,2.3853092042752033,0.0,16
2023122402,3388,0.0,0,54.1599998474121,34.9799995422363,6,4.143862711896827,1.6268993163371763,-0.5995856655306191,2.6016148831062598,0.0,16
2023122402,3418,0.2381,1,72.5,46.5299987792969,10,2.285804913277572,1.906856973038724,-0.34824230277009693,0.8558621384311922,0.0,16
2023122402,3487,1.6769,2,84.2699966430664,21.6100006103516,14,0.4669081130659517,0.4049716214400454,0.07444581887082276,4.878626855991352,0.0,16
2023122402,3510,0.0,0,72.370002746582,43.9000015258789,10,12.43206249775182,0.4004970209370132,0.22373571576975637,13.601415367527018,0.0,16
2023122402,3564,0.0,0,65.2900009155273,43.6800003051758,9,6.550489450585863,1.9166904583769309,-0.652838741462507,8.507737654629462,0.0,16
2023122402,3635,1.0409,1,50.9500007629395,46.5099983215332,22,0.8543989779539868,0.5730617968434948,0.7826773254570978,1.2371337841963579,0.0,16
2023122402,3658,0.4828,1,55.4500007629395,27.8600006103516,19,1.5515790503352613,2.7118250708414826,-0.8197961659767168,1.573848785620783,0.0,16
2023122402,3934,0.0,0,71.2099990844727,3.80999994277954,26,3.6204962870740114,1.7949366078568731,0.7671994951889826,5.086934243726768,0.0,16
2023122402,4155,0.1374,1,55.1399993896484,38.2299995422363,8,2.5879145063757876,0.5590175539381331,0.3460417694219839,2.1214381914163756,0.0,16
2023122402,4180,0.3862,1,59.1199989318848,33.1100006103516,6,2.010100120973963,1.55463923939744,-0.1931802430834152,3.2572994949804643,0.1857,16
2023122402,4205,0.5553,1,81.870002746582,2.5699999332428,13,1.334163745178479,0.7653730850307606,-0.3885401173971961,3.5989442896493937,0.0,16
2023122402,4230,0.0,0,79.1999969482422,27.0699996948242,7,5.670713984026373,0.7117582959372882,0.40110679511714115,2.6209349476856545,0.0,16
2023122403,73,0.1491,1,95.2399978637695,42.4199981689453,10,2.6495446823810194,0.2459647479507264,0.11627800083141582,5.449192600743704,0.0,16
2023122403,118,0.0,0,77.6399993896484,-1.91999995708466,23,3.2947384059837956,3.403086948584952,0.585858959373766,0.860000000000003,0.0,16
2023122403,232,0.0,0,59.7000007629395,54.7900009155273,20,3.947303836869858,4.47643840735245,0.7293084597317832,3.2781244637749856,0.0,16
2023122403,394,0.0,0,66.3499984741211,11.3699998855591,13,16.084825374662163,0.5315082093108789,-0.5689727724410857,9.191409032351894,0.0,16
2023122403,601,0.0,0,57.8199996948242,15.5500001907349,14,5.945486012477115,0.9556675619923483,-0.26646347309471996,1.1536463929645064,0.0,16
2023122403,661,0.0,0,39.310001373291,40.0,13,8.23519414324313,1.8129804934569018,0.5469798895571032,7.19900687595171,0.0,16
2023122403,702,0.2618,1,34.4199981689453,2.79999995231628,13,2.214495946568111,0.9362141239455944,-0.20958934830058665,3.149936507296616,0.0,16
2023122403,815,0.0,0,85.8600006103516,19.5499992370605,11,3.610123674805087,0.5217271409421134,-0.3941291828848279,4.817073800555683,0.0,16
2023122403,928,0.0,0,104.190002441406,31.1599998474121,7,4.924111777828106,1.3505908345696327,-0.3063653214219549,7.205504840051108,0.0,16
2023122403,1123,0.393,2,44.4799995422363,28.0900001525879,9,2.1819481885092866,1.8523771818274986,-0.303112759939179,3.383740533788014,0.0,16
2023122403,1146,0.3642,1,51.8499984741211,33.1100006103516,13,2.040613225883173,0.442944877831986,-0.09101019279154522,5.61400035625222,0.0,16
2023122403,1215,0.0797,1,68.0199966430664,24.5799999237061,9,2.7780001512607067,2.987794768920411,-0.31667086729897687,1.1494781424629188,0.0,16
2023122403,1323,0.448,1,70.5800018310547,23.1200008392334,11,1.6559298233065363,1.0874741439395041,0.46355146094065325,2.734702908909844,0.0,16
2023122403,1500,0.3204,1,35.6399993896484,52.2599983215332,13,2.3664729744902053,1.4515150418618696,0.566242733359333,0.8486459803710824,0.0,16
2023122403,1566,0.0,0,36.4500007629395,11.1800003051758,12,7.724253189480837,0.9689677127465607,0.1710303828525154,7.974239775677676,0.0,16
2023122403,1591,0.5972,1,53.7599983215332,30.1200008392334,9,1.5529320933483777,0.5714010654127207,0.33829379046090274,1.6619265928433806,0.0,16
2023122403,1734,0.0,0,61.4500007629395,14.6800003051758,10,4.558870450377578,0.6239399212996153,-0.343989083978806,3.3559648389099683,0.0,16
2023122403,1781,0.0671,1,49.9099998474121,44.1699981689453,14,2.7986598715133866,1.4356190001025786,-0.38413890892532404,3.9510125284539437,0.0,16
2023122403,1828,0.0,0,44.5,48.1300010681152,10,3.6577176487296463,0.9433970489378093,-0.682664671029113,6.136195889963098,0.0,16
2023122403,1860,0.0713,1,39.75,36.3499984741211,7,2.7860368195108762,1.030777368613074,-0.3754919767089021,5.806616915209748,0.0,16
2023122403,1890,0.1334,1,33.689998626709,40.2099990844727,13,2.69417748803581,1.945171963266389,-0.07531976591162243,5.037003077227567,0.0,16
2023122403,1977,0.0,0,10.9399995803833,40.2799987792969,13,4.093165889156738,0.5375859285038793,0.2907347753244819,2.7900716836669246,0.0,16
2023122403,2041,0.0,0,56.5999984741211,6.65999984741211,20,5.1406800294478066,5.965852105799218,0.424908914437994,0.7632168761236854,0.0,16
2023122403,2064,0.5574,1,44.8600006103516,23.4699993133545,10,1.3277415364393164,0.7029215525983447,-0.08826132341299102,2.979748311518947,0.0,16
2023122403,2087,0.1274,1,42.7299995422363,3.65000009536743,15,2.61767098911268,0.5629387222063644,0.27106744696868584,0.8514693182963214,0.0,16
2023122403,2171,0.0,0,53.2999992370605,23.1299991607666,14,8.512589891583696,6.372729896538001,-0.23688748911706353,8.94114645892796,0.0,16
2023122403,2194,0.0,0,67.879997253418,33.2799987792969,8,5.905114331540408,0.36235207112218765,-0.37198622915505786,7.972709702478826,0.0,16
2023122403,2339,0.0,0,32.7299995422363,50.7900009155273,12,11.319739937777403,2.6634006360288383,0.5036329447220633,12.814901482258843,0.0,16
2023122403,2414,0.0,0,77.5999984741211,45.4900016784668,9,7.5460248738723275,3.225923962146513,-0.2927384202438458,6.011397508067487,0.0,16
2023122403,2535,0.0,0,33.5400009155273,-0.119999997317791,25,4.23834796460936,1.5805055280624627,0.5629508719259906,0.5474486277268389,0.0,16
2023122403,2569,0.3836,1,50.2599983215332,31.1700000762939,8,1.9608655773825505,1.1962009183100393,-0.5402531376680401,2.2650386310171413,0.0701,16
2023122403,2830,0.4678,1,49.5699996948242,20.3799991607666,8,2.0131824302122387,0.3801324171954531,-0.329662522759267,6.686179776224988,0.0068,16
2023122403,3055,0.0,0,10.2799997329712,3.58999991416931,13,3.418493984783448,0.8296987524617051,0.4498540432038619,1.2021647141718983,0.0,16
2023122403,3154,0.0,0,49.8499984741211,35.2700004577637,8,4.120219995125265,1.5164773125020772,-0.07276880298128288,2.063031749634506,0.0,16
2023122403,3279,0.3869,2,87.870002746582,13.8900003433228,13,2.539387333940296,1.1583162281443653,0.7995423583781297,1.1806777714516423,0.3333,16
2023122403,3331,0.316,1,89.1900024414062,17.0300006866455,10,2.0520501290323954,1.7223555439270368,-0.44528143545832255,2.66810794384335,0.0,16
2023122403,3403,0.889,1,56.1199989318848,14.9200000762939,7,1.3595582121063414,1.6602720474324242,-0.2045886331780759,2.2871160880025276,0.7191,16
2023122403,3428,0.0,0,65.3000030517578,35.6500015258789,8,4.383204830787032,1.9458897000768591,-0.3074912458255973,2.2230834442278593,0.0,16
2023122403,3534,0.0,0,63.6699981689453,50.7999992370605,13,9.82052091735774,0.0670821758329031,0.35828736071551737,13.946619662126015,0.0,16
2023122403,3559,0.3937,1,81.5999984741211,32.2400016784668,11,1.8569868542903316,1.0088121178114555,-0.42869955564370077,4.615463140357641,0.0,16
2023122403,3607,0.6218,1,111.120002746582,19.8099994659424,11,1.507216759134737,0.8782359657676984,0.05150496036753194,1.393125981381437,0.0,16
2023122403,3783,0.0,0,85.3399963378906,10.5500001907349,7,12.479711960745785,0.4992963256871624,0.2828422850478078,11.614409154149845,0.0,16
2023122403,3873,0.0,0,36.0900001525879,31.7299995422363,8,12.201048976640127,1.0568822245743994,-0.27694784064739764,12.999792306033198,0.0,16
2023122403,3898,0.0,0,65.0100021362305,47.6100006103516,15,3.534121602737362,0.7851731691305045,-0.6592763967796077,4.304149160984087,0.0,16
2023122403,3941,0.0,0,94.3000030517578,32.6300010681152,11,6.04007434799302,1.3096914006558582,-0.30993244824719784,3.4414095949189263,0.0,16
2023122403,4065,0.8804,1,48.8199996948242,3.55999994277954,27,0.6684312001378663,0.4949744905777605,-0.8372063273093007,1.1172287142747401,0.0,16
2023122403,4186,1.0913,2,36.9500007629395,32.4099998474121,8,1.0221548438974335,0.5481791453227993,-0.2876857864657348,3.0338424481175688,0.2256,16
2023122403,4341,0.6208,1,57.2099990844727,1.44000005722046,19,1.9320447070083313,0.4414745379812813,0.40674453726739396,1.2342204017111378,0.0,16
2023122403,4371,0.0,0,75.1900024414062,31.5400009155273,15,3.2598300472974047,0.49648572114002026,-0.34127409040300444,2.905580836941211,0.0,16
2023122404,68,1.198,1,24.1900005340576,24.2800006866455,28,0.9079641369030811,0.29068921239261963,0.5814029376465596,1.9557607215607933,0.0,16
2023122404,124,1.49,2,1.62999999523163,27.5699996948242,10,1.4091132356939184,1.2673202364977951,0.47902337606079864,1.0846197490364982,0.4787,16
2023122404,224,0.0,0,37.5099983215332,24.0599994659424,5,8.197470311619975,1.3473692079964312,-0.1627442028134022,7.434870543593883,0.0,16
2023122404,433,0.0,0,97.5699996948242,32.2999992370605,7,6.889913075954925,2.6899999007329094,-0.20870702235774005,3.7703713344974377,0.0,16
2023122404,492,0.0,0,90.9700012207031,47.5400009155273,12,6.229030142495308,4.022997392495011,-0.32931825929010605,1.0770329614269003,0.0,16
2023122404,561,0.0,0,92.6699981689453,46.0499992370605,10,6.26077296594497,2.8427092376710936,-0.5064225641497876,5.669303308167587,0.0,16
2023122404,691,0.0,0,35.3899993896484,37.8800010681152,7,14.92855728680463,2.465196734580683,-0.4607541335458997,16.59597842852298,0.0,16
2023122404,716,0.0,0,54.4199981689453,46.4099998474121,18,3.323433153904289,1.650756223375249,0.4955614321463633,4.381244115545263,0.0,16
2023122404,778,0.2245,1,70.9400024414062,5.55999994277954,18,2.326480263164123,2.08557166717672,-0.4117200416500855,1.3138112497615448,0.0,16
2023122404,868,0.0,0,68.6800003051758,38.7799987792969,6,10.585202155041156,3.28257643576537,-0.5327448103433478,10.499661899318468,0.0,16
2023122404,1101,0.0,0,73.7799987792969,27.8999996185303,7,9.38899760809972,4.217415341000943,-0.3372826118834102,5.320939766620186,0.0,16
2023122404,1230,1.5964,1,74.7300033569336,51.3699989318848,31,0.02236320476698069,0.9982466944723908,-0.6114727639131385,1.3423859355639867,0.0,16
2023122404,1347,0.1771,1,45.8400001525879,37.7900009155273,12,2.468622356891264,3.3541011910504004,-0.6189011849163814,1.4190489773083923,0.0,16
2023122404,1503,0.4625,1,72.9800033569336,16.4300003051758,8,1.6641226936770348,2.8725098261672617,-0.07342700185499411,1.3023056476879828,0.0,16
2023122404,1642,0.0,0,66.7200012207031,22.3600006103516,10,3.493666769329783,2.0435269015277617,0.2495670537136738,5.961249868945273,0.0,16
2023122404,1783,0.0,0,61.0499992370605,41.2400016784668,9,13.771348764578535,3.7047264758011176,-0.46966743085773155,9.15379702637108,0.0,16
2023122404,1808,0.0,0,89.4000015258789,46.2599983215332,16,4.966134490891423,2.1417039536781157,-0.4760866372953708,3.0688760157425787,0.0,16
2023122404,1855,0.6195,1,109.089996337891,23.8299999237061,16,1.1414018651584183,2.0445317377245087,-0.549088083645385,0.9291393867445377,0.0,16
2023122404,2042,0.5763,1,86.0500030517578,46.3899993896484,29,1.2712167753194052,1.8726688079757208,-0.9042283753425095,4.031897816165484,0.0,16
2023122404,2069,0.0,0,92.5100021362305,42.0499992370605,10,6.998287127382692,2.255395776228031,-0.5129732177202897,8.718491842056164,0.0,16
2023122404,2116,0.0,0,83.1399993896484,17.9200000762939,7,4.497654402384795,4.184925071929711,0.2119333097572635,0.7963039620647443,0.0,16
2023122404,2144,0.0,0,79.4599990844727,23.7600002288818,6,5.864886101334782,3.637360807816761,-0.34170636827990414,4.004996878900157,0.0,16
2023122404,2176,0.0,0,78.129997253418,39.2099990844727,9,11.2784813300945,2.9300150650224266,-0.5112143107084525,11.547073222249875,0.0,16
2023122404,2235,0.0,0,88.7300033569336,5.01000022888184,18,5.805141048246648,3.2692783828737637,-0.8649728778828593,4.756153908359149,0.0,16
2023122404,2260,0.0,0,123.290000915527,-0.170000001788139,26,8.430006810299947,6.486448111021745,0.7581120512785894,3.3691690370178824,0.0,16
2023122404,2313,0.1506,1,111.930000305176,5.8600001335144,21,2.596709566541554,3.5399009551183482,-0.7678846109473632,8.954697091471049,0.4129,16
2023122404,2433,0.0,0,69.4499969482422,43.7999992370605,9,4.7378659768182985,3.517099786155062,-0.7001801117191024,3.5911279565061482,0.0,16
2023122404,2463,0.0,0,57.0900001525879,9.31999969482422,13,3.755808927362083,2.9486436473624646,-0.7077263060385055,3.2575143898377465,0.0,16
2023122404,2513,0.0,0,16.4400005340576,31.2399997711182,7,5.07278964280329,3.0235241597218447,-0.21794331985379234,4.434974633523851,0.0,16
2023122404,2545,0.0,0,19.6800003051758,24.0300006866455,6,8.307033496653705,4.947656063106974,-0.25215385983543304,5.40178674144028,0.0,16
2023122404,2570,0.0,0,27.1599998474121,36.9099998474121,9,6.280541571815517,3.161850928965053,0.2361889041688082,1.6300306745579984,0.0,16
2023122404,2644,0.0,0,44.1500015258789,45.9199981689453,11,9.220914888812526,3.4577024586754677,-0.45640242446344936,8.209360511026425,0.0,16
2023122404,2691,0.0,0,52.060001373291,44.1100006103516,9,8.858001697360269,3.448157643531638,-0.6260891052185259,8.220973178401687,0.0,16
2023122404,2738,0.0,0,70.879997253418,34.7999992370605,13,6.0899362860799595,2.7720057362873614,-0.587596056422202,3.7586832800862595,0.0,16
2023122404,2830,0.1555,1,90.8600006103516,51.310001373291,18,2.5335538253536267,2.8096428423579756,-0.26392431832963303,5.092278468426491,0.0,16
2023122404,2884,0.4333,1,111.309997558594,22.2800006866455,12,1.753284524063445,1.7630106400798473,-0.12987546067986055,1.9160375779195977,0.0,16
2023122404,2953,0.0,0,110.970001220703,18.7199993133545,10,3.2829241636772166,3.2590935711888327,-0.41368826882263243,2.2325769863545606,0.0,16
2023122404,3050,0.0,0,69.3300018310547,22.0300006866455,14,3.7830825399444,2.801894025532355,-0.5669574995184328,3.6477116114079062,0.0,16
2023122404,3100,0.399,1,72.0100021362305,49.0,15,1.8031343560211628,2.4258798037557603,-0.6345382716668244,1.3132021931142184,0.8809,16
2023122404,3137,0.0,0,96.2300033569336,37.0299987792969,13,6.712053320545409,2.49551350356937,-0.6181974280407186,4.351942095203017,0.0,16
2023122404,3224,0.0,0,33.6500015258789,18.1299991607666,7,6.769255716271433,3.439085173612722,-0.18154800125138604,2.5490782647851358,0.0,16
2023122404,3271,0.0,0,23.6800003051758,34.1199989318848,7,4.0635949823905335,4.037078963208053,-0.13739258020600661,3.958004547748774,0.0,16
2023122404,3319,0.0,0,17.1700000762939,46.8400001525879,13,3.0025657401403723,1.719592937383782,-0.6709871448292969,1.592890454488318,0.0,16
2023122404,3460,0.0,0,42.1100006103516,26.2199993133545,6,4.127528982909905,3.553265340296562,-0.24256449957732232,2.7436107595648496,0.0,16
2023122404,3489,0.0,0,46.560001373291,17.1399993896484,10,4.452459679602829,2.4855567919321904,-0.4218366508458028,3.3900147492304518,0.0,16
2023122404,3536,0.0,0,60.0499992370605,4.55999994277954,13,6.477977367465226,4.890735409440375,0.16572616374758406,0.756637297521078,0.0,16
2023122404,3702,0.0,0,59.6100006103516,3.60999989509583,15,5.254673626180679,1.4515158356064275,-0.6730715034188,2.2880559433720173,0.0,16
2023122404,3732,0.0,0,50.7999992370605,20.5,7,4.620173771220136,6.350787820079481,-0.34771373386103305,7.1385222560415125,0.0,16
2023122404,3755,0.0,0,52.5099983215332,12.2799997329712,10,7.062040900022231,3.2209485028905958,-0.13379547736162525,6.7613755996838405,0.0,16
2023122404,3780,0.3779,1,72.1699981689453,7.80000019073486,14,2.0195528054724123,1.799029356026118,-0.6911352952234904,3.952429632517191,0.0,16
2023122404,3805,0.0,0,90.6399993896484,43.6399993896484,16,3.5417513654089126,2.951695249546003,-0.7393002460289516,2.660920893224745,0.0,16
2023122404,3830,0.1775,1,112.519996643066,6.69999980926514,23,2.467385959948791,3.384270376574574,0.012746801161247859,2.7394159961568496,0.0,16
2023122404,3862,0.0,0,92.8099975585938,25.2399997711182,6,5.480193990629543,5.015118820745894,-0.11403144583158946,7.273300488773981,0.0,16
2023122404,3888,0.2381,1,108.75,12.8699998855591,10,2.2856071323346296,2.1034495091382515,-0.5517532853571765,1.9795201438732501,0.0,16
2023122404,3911,0.0,0,108.610000610352,20.5200004577637,8,3.3891743309948645,2.4884735097917208,-0.1977048214762971,2.1213674834879566,0.0,16
2023122404,3934,0.2515,1,109.720001220703,8.5,15,2.2454386599042646,2.739141377037771,-0.6991830791769624,2.8647163908491824,0.0,16
2023122404,4043,0.2998,1,59.2700004577637,34.2700004577637,7,2.1005945108931883,5.62153828783168,-0.15292523577224404,5.937617367261046,0.2896,16
2023122404,4066,0.0,0,62.7099990844727,32.8800010681152,8,3.318462171469486,3.4685015109302015,-0.49102205809209654,2.922190958852619,0.0,16
2023122404,4094,0.0,0,68.0500030517578,28.5100002288818,7,14.029199155000773,2.6896252594486665,-0.32373953453332716,13.934740758263148,0.0,16
2023122404,4124,0.0,0,72.1399993896484,24.2900009155273,8,9.43793516723592,2.1378503487781475,-0.4910101670896126,9.56036087184998,0.0,16
2023122404,4149,0.0,0,90.9300003051758,20.8600006103516,10,3.419488760231325,3.909782449665377,-0.5995234084524512,1.5373353570382735,0.0,16
2023122404,4222,0.0,0,107.669998168945,18.5300006866455,7,4.071561568335014,3.072476519254511,-0.578382991282326,2.905529211692769,0.0,16
2023122404,4342,0.3868,1,15.460000038147,5.1399998664856,26,2.0000249485366925,9.062918921086794,0.23710850035228737,1.7756407294269831,0.0,16
2023122404,4394,0.0,0,25.3799991607666,49.7900009155273,16,3.01280528061075,3.254242305669695,-0.7091526786224702,2.8060826787534277,0.0,16
2023122404,4536,0.0,0,22.5,19.4099998474121,8,13.81710900129128,1.9673584833109226,-0.19195364289234165,14.983674449213051,0.0,16
2023122404,4559,0.0,0,28.4400005340576,15.6599998474121,8,4.255748539852987,3.594731863789942,0.14316066659180474,4.9438648848851,0.0,16
2023122404,4582,0.0,0,30.2700004577637,36.0200004577637,9,9.364512464192494,3.748972545605691,0.15546578531181565,9.312883549148461,0.0,16
2023122404,4614,0.0,0,40.9300003051758,27.75,7,6.251095703271147,2.974356814828049,-0.17540711296109063,5.572162955262525,0.0,16
2023122404,4662,0.0,0,39.9900016784668,22.9200000762939,7,14.826208322928238,2.963307288291529,-0.26207351147616553,13.356066037572585,0.0,16
2023122404,4687,0.453,1,91.5,50.8300018310547,23,2.0237110306198884,1.3509266522752406,0.8847575662181469,3.388244383157747,0.0,16
2023122404,4720,0.0,0,63.1100006103516,18.9699993133545,9,4.374950654193031,12.2981657353858,-0.21327518700575046,2.97659201100856,0.0,16
2023122404,4743,0.0,0,53.1699981689453,29.7999992370605,7,8.66125475508598,1.5222698379718327,-0.11199686307941364,9.603259863192294,0.0,16
2023122405,55,0.0,0,71.4800033569336,33.3199996948242,10,3.0259247178276927,0.4785403756473037,0.1952121564674301,4.041905491225643,0.0,16
2023122405,124,0.0,0,62.9000015258789,13.3999996185303,9,13.503016018767454,0.3395585256963746,-0.7192996957635948,14.493105257328398,0.0,16
2023122405,176,0.0,0,43.5099983215332,34.8199996948242,10,5.326237218842176,0.8796581696808952,0.29333921739357455,8.699712638932393,0.0,16
2023122405,259,0.0,0,30.1299991607666,46.1500015258789,13,4.83820075285911,0.6444381324804002,-0.14095429837260642,4.1440197875975455,0.0,16
2023122405,329,0.0,0,21.7600002288818,10.8400001525879,11,7.698422151977992,0.5203847078274549,-0.3821179775098175,7.030476513011048,0.0,16
2023122405,475,0.0,0,35.2000007629395,15.8400001525879,11,17.7828252273995,0.5333848333930439,-0.3280377089033218,9.771571009822322,0.0,16
2023122405,505,0.0,0,69.0199966430664,36.0,9,12.176968471805338,1.8527033042834093,-0.5568159618447384,7.240994406847721,0.0,16
2023122405,535,0.0,0,83.620002746582,17.3500003814697,8,4.117595125361645,1.3179514316791061,-0.23474859185162925,5.9751569017055965,0.0,16
2023122405,582,0.784,2,99.9400024414062,26.4400005340576,9,1.4766533464550615,2.2859983874952747,-0.4598963300812745,3.026301372963377,0.1373,16
2023122405,686,0.8716,1,110.639999389648,5.0,12,0.8672952143132244,1.7235134559416396,-0.36694396909947447,9.004559955933438,0.0188,16
2023122405,770,0.0,0,65.1600036621094,4.17999982833862,17,3.10412343845735,3.3675181473203986,0.24202585843631214,0.899611027055583,0.0,16
2023122405,795,0.6771,1,73.1900024414062,26.3899993896484,9,0.9687634071684894,0.4079192867929111,0.29159024487443025,3.571358285022672,0.0,16
2023122405,924,0.0,0,61.7599983215332,18.1399993896484,9,9.595271051742067,1.8369825242267996,-0.41809313657513936,10.691772537797467,0.0,16
2023122405,949,0.5677,1,86.0400009155273,14.4899997711182,14,1.2969184880702038,2.837779893153455,-0.6273365032678873,1.3505924625881727,0.3528,16
2023122405,976,0.0,0,95.2900009155273,43.0099983215332,11,14.449722863202837,3.060083470422151,-0.7545683009695366,14.80006081068588,0.0,16
2023122405,1048,0.0,0,38.4199981689453,3.85999989509583,13,3.705484150825437,0.8709186724127619,-0.00809436883667177,7.091861532771209,0.0,16
2023122405,1122,0.0,0,77.0,8.69999980926514,9,3.9812811648887245,1.2529962411688786,-0.14766715579066808,5.113531069623028,0.0,16
2023122405,1216,0.0,0,42.7700004577637,28.1499996185303,10,4.669068944125038,0.8305415480280303,-0.3036802341585448,5.164261805911858,0.0,16
2023122405,1270,0.0,0,53.1500015258789,30.6399993896484,7,6.583653887526697,0.6519186723242156,-0.28331505323163514,7.978953565474613,0.0,16
2023122405,1339,0.0,0,45.5699996948242,8.23999977111816,11,9.461189507749584,0.15297083977011935,-0.41115000588443057,12.619338334476966,0.0,16
2023122405,1421,0.0,0,82.6900024414062,8.15999984741211,12,5.1056904552098175,0.5994151074800759,-0.22628085375726237,7.725399666036702,0.0,16
2023122405,1540,0.5807,1,100.830001831055,4.90999984741211,15,1.2578137640725993,0.5280137872948258,-0.08775079958682543,2.09121973976912,0.0,16
2023122405,1835,0.328,1,101.069999694824,43.8800010681152,11,2.1716586883625597,2.000324252737387,-0.5425951559581162,3.011444835955001,0.0,16
2023122405,1865,0.4898,1,58.310001373291,11.9399995803833,23,1.5305241702899888,1.9332884323348334,-0.9232575292418618,5.492585911936204,0.0,16
2023122405,2045,0.0,0,78.8000030517578,19.25,8,4.348163429257083,0.2088052532825194,0.1480632132814368,5.842781871677222,0.0,16
2023122405,2070,0.0,0,60.3199996948242,18.5200004577637,13,3.292612934883958,0.7397977707302844,0.13445699201948472,3.2015621187164163,0.0,16
2023122405,2095,0.1177,1,43.4700012207031,53.3699989318848,17,2.646828754692614,1.9639000187621478,-0.5112278772316003,0.9677293009927919,0.0,16
2023122405,2138,0.0,0,42.9300003051758,31.1800003051758,16,4.245138598584473,0.3189043456738103,-0.39020960699439494,1.4217243052012631,0.0,16
2023122405,2211,0.1089,1,3.04999995231628,52.7299995422363,24,2.7614665777907725,0.9732415611515425,0.524432820852078,3.19056421342684,0.0,16
2023122405,2268,0.0,0,38.3300018310547,31.8999996185303,7,9.372431240608142,1.6814558873385443,-0.10447722990902818,8.830594543970408,0.0,16
2023122405,2293,0.0,0,46.2400016784668,33.7700004577637,8,6.350762302569163,2.4787882878001937,-0.31341152253682647,5.450990735636962,0.0,16
2023122405,2323,0.0,0,45.5800018310547,10.8400001525879,8,4.103655129857764,0.7045584346908487,0.2748706737391916,11.4640394277061,0.0,16
2023122405,2413,0.5077,1,47.4199981689453,35.939998626709,16,1.7084768969758752,0.3178067145189322,-0.22163522645364894,2.314584195919429,0.0,16
2023122405,2460,0.6111,1,97.5899963378906,21.0200004577637,27,1.1667505156462443,1.0088148071262453,-0.8294328989257738,1.9888187448835062,0.0,16
2023122405,2485,0.4925,1,115.51000213623,8.10999965667725,16,1.9147082906915753,1.132826212204027,-0.4888988750737185,2.7101660465735384,0.0,16
2023122405,2549,0.0,0,67.3600006103516,51.7999992370605,17,6.555981911122897,0.7409450146747947,-0.16561542841244903,1.1216059914247951,0.0,16
2023122405,2604,0.0,0,55.1699981689453,5.53000020980835,10,3.5242712360014052,0.9464124673647857,-0.2956185135788153,4.904497935568939,0.0,16
2023122405,2634,0.0,0,53.5900001525879,3.73000001907349,10,17.912878147241273,0.9091753585171566,0.6065447451510071,19.156878660157552,0.0,16
2023122405,2710,0.2274,1,48.9099998474121,21.2900009155273,7,2.5238257646833446,0.8373761495999641,0.4056658655157161,2.3293775992741033,0.0,16
2023122405,2757,0.0,0,20.4500007629395,31.0499992370605,8,3.877577518989543,0.2459685011159631,-0.3246485833764569,6.75562728397593,0.0,16
2023122405,2875,0.4221,1,1.9099999666214,23.6599998474121,10,1.772343007278992,0.5234500424832653,-0.2617422922848144,3.6541072781186923,0.0,16
2023122405,2966,1.3745,1,57.3400001525879,45.6100006103516,19,0.6870959594877486,0.5003997120568369,-0.3480933583413704,0.9304837451562491,1.1373,16
2023122405,2989,0.0,0,38.4500007629395,30.2900009155273,7,6.364314390117019,1.203535350070178,-0.3995181006576178,5.196585417367836,0.0,16
2023122405,3034,0.014,1,90.4599990844727,48.0,12,2.9581404572130654,0.21400990172872364,-0.3684818373927769,6.289777420545175,0.0,16
2023122405,3093,0.0,0,69.9199981689453,13.6700000762939,14,6.955057164827523,0.6640765956709089,-0.5921633773092582,4.646396453166686,0.0,16
2023122405,3158,0.088,1,58.6800003051758,45.9799995422363,11,2.7917733707210193,0.8820426469039262,0.5542146390634805,1.5892765649816871,0.0,16
2023122405,3225,0.0,0,74.7300033569336,47.3800010681152,10,14.604023636175723,0.7200659679372335,-0.3657979565617157,11.194967619426144,0.0,16
2023122405,3302,0.0,0,87.25,35.7799987792969,7,3.5855970630885787,3.1487146512632,0.09324493981625448,1.4176741515595137,0.0,16
2023122405,3327,0.0,0,89.6900024414062,14.5,8,11.790794821779574,0.16401070612836008,0.4964141272783595,13.491938333686521,0.0,16
2023122405,3352,0.3534,1,106.440002441406,2.75999999046326,10,1.939817507607646,0.33241568709101427,-0.5296362927719663,1.3188252348207437,0.0,16
2023122405,3375,0.0,0,97.1999969482422,38.5900001525879,9,13.909226447288413,0.17464534901948298,-0.18085802504686388,15.083186002963696,0.0,16
2023122405,3493,0.0,0,82.2900009155273,17.4099998474121,9,6.720744924128981,1.0538033823272397,0.50553691693122,8.07758627313878,0.0,16
2023122405,3529,1.9496,2,53.1800003051758,7.96000003814697,29,0.2823115883493675,1.7449639547828024,0.20883323389633712,2.0894257584322036,0.0,16
2023122405,3561,0.0,0,36.5099983215332,45.7900009155273,12,20.401974847684468,0.35170879335192723,-0.45478814028383474,22.69206909913682,0.0,16
2023122405,3615,0.0,0,50.2599983215332,23.8999996185303,7,4.437083233069968,1.215937486197329,-0.2492456200981703,2.822941728056034,0.0,16
2023122405,3696,0.5268,1,63.439998626709,2.86999988555908,18,1.4194705209717964,0.4393168321657235,-0.10136234298907405,4.275511665286389,0.0,16
2023122405,3743,0.0,0,62.8400001525879,15.75,17,3.4197366807188683,1.2592458920619247,-0.6184109620163645,3.6845623892125867,0.0,16
2023122405,3779,0.5181,1,23.7900009155273,49.2700004577637,20,1.816480218588323,0.5277318161263116,-0.7115415930960971,2.3702320561497823,0.0,16
2023122405,3809,0.919,1,5.28000020980835,28.3700008392334,12,1.0084650089474492,0.6168476810615391,0.45301256648957333,0.96005208192056,0.3355,16
2023122405,4249,1.3684,1,78.4300003051758,12.8800001144409,17,0.7826235532871407,0.5707016003306755,-0.4192252409582699,1.2030793822520598,0.0,16
2023122405,4272,0.0548,1,79.8300018310547,29.4799995422363,14,2.8355794297671,1.7270224403298957,-0.6627035479197461,3.976455708290999,0.0,16
2023122405,4357,1.2537,2,66.9599990844727,10.5900001525879,20,0.943397213915542,0.1843913691114679,0.6468575474708016,3.162672920173696,0.0,16
2023122405,4405,0.0,0,49.8499984741211,44.6300010681152,17,3.2616564047190293,0.8178613546549723,-0.48916466535651826,1.900026315607232,0.0,16
2023122405,4435,1.1626,1,12.7799997329712,33.0099983215332,18,0.34481746433816485,0.3748342681907203,-0.7242908324917895,6.531722590557563,0.0,16
2023122406,79,0.7483,1,36.6100006103516,41.9599990844727,5,1.0538021834050104,0.7085893398438502,0.6542079588776237,3.8690825785966347,0.5248,16
2023122406,106,0.0,0,38.2599983215332,41.8400001525879,7,9.034980341895894,0.3982470899225009,-0.4368070873345379,10.530075973135236,0.0,16
2023122406,161,0.5034,1,17.4300003051758,6.78999996185303,8,1.732801485018078,0.10440334643313184,-0.10075722051347079,1.8725650856512306,0.0993,16
2023122406,186,0.74,1,3.27999997138977,50.1800003051758,18,0.7798715721675494,0.9060902088173364,-0.2859728658259425,0.8041144197189839,0.0,16
2023122406,252,0.0,0,56.8400001525879,33.189998626709,13,4.737108655402362,7.068047287986413,0.6418968837943223,1.455815922429758,0.0,16
2023122406,422,0.0,0,16.0699996948242,16.7299995422363,9,4.121467636697723,1.5700313910001287,0.48034335706358067,6.174301579935985,0.0,16
2023122406,608,0.1172,1,45.4599990844727,16.5400009155273,7,2.6732003497427854,1.3875530610812563,0.5675982642098327,4.593092640041124,0.0,16
2023122406,790,0.0,0,65.25,47.8400001525879,11,13.652710456783762,1.400142958835211,0.29872204361634136,9.944666912471229,0.0,16
2023122406,813,0.0,0,91.8600006103516,4.01000022888184,20,4.518240892362222,4.933254483924598,0.42030405451684705,0.6212889826803564,0.0,16
2023122406,923,0.0,0,83.1699981689453,21.6100006103516,7,3.7015794688170947,0.6789689808502827,-0.2711715386016422,3.2867308986286066,0.0,16
2023122406,948,0.7611,1,70.6100006103516,18.9899997711182,8,1.363084667506594,1.3261223578984882,0.13543384465710875,0.9404786015641183,0.2034,16
2023122406,1173,0.0,0,54.9300003051758,43.2999992370605,8,6.800889001964458,0.7066117064983052,-0.4278096343495676,7.2180399001390985,0.0,16
2023122406,1198,0.9579,1,65.9499969482422,37.4799995422363,7,0.7500697212936265,0.7178445383643206,0.7436322972259005,3.069364755124419,0.9264,16
2023122406,1349,0.0,0,32.1500015258789,11.25,13,3.07902655341,1.8853389186395864,0.6140532919107016,1.1113955191559863,0.0,16
2023122406,1372,0.8957,1,30.8999996185303,36.439998626709,9,0.5643590549333818,0.6306346215852319,-0.2643465091168584,1.0041912168506542,0.3499,16
2023122406,1395,0.8593,1,31.2800006866455,36.0200004577637,9,0.9100552477156386,0.8452806988447689,0.005755732901252014,6.849007227328646,0.1744,16
2023122406,1653,0.0,0,101.339996337891,15.8199996948242,7,6.007340699940847,0.8682198071674558,0.4316997563773482,2.679253627411932,0.0,16
2023122406,1732,0.761,1,105.139999389648,33.1199989318848,7,1.0850353407499025,0.7150536470374443,-0.18562703086446533,3.05772791464513,0.568,16
2023122406,1755,0.9102,1,115.680000305176,31.5200004577637,12,0.26925812701764196,0.705761506600807,-0.12180498835626546,1.7618172436436195,0.7241,16
2023122406,1865,0.0,0,75.5899963378906,43.5099983215332,9,5.402375588528415,0.866483152874543,-0.12795184675813945,6.503422176054703,0.0,16
2023122406,2080,0.0,0,42.2700004577637,23.7199993133545,5,6.538408961750477,5.212772005810208,-0.29601691463267343,2.2284748147555953,0.0,16
2023122406,2153,0.0,0,54.75,30.9899997711182,7,3.531416031166651,1.4536162859233734,-0.16098428511904164,3.253013987058771,0.0,16
2023122406,2178,0.0,0,74.8899993896484,46.9700012207031,11,3.4998431570608526,2.3176706814595978,-0.3547573564274342,4.118701251608318,0.0,16
2023122406,2371,0.5812,1,79.25,24.1700000762939,8,1.522957692370799,1.0560303343837356,0.38880729332557207,1.4052757736472956,0.091,16
2023122406,2394,0.0,0,78.9599990844727,49.810001373291,13,3.424151176466856,3.065698884375411,0.5914968637666125,1.4340153416194759,0.0,16
2023122406,2417,0.0,0,82.7799987792969,9.30000019073486,8,11.663295906539702,1.3788756309681591,-0.4374706330683271,10.787052424086944,0.0,16
2023122406,2505,0.0,0,28.6499996185303,33.9700012207031,7,4.20672056162607,1.123610174627094,-0.29455476107043627,4.061773011875482,0.0,16
2023122406,2772,0.0,0,50.8800010681152,44.0499992370605,7,3.6046762185057077,0.5162357917675441,0.5935281492304477,5.32827364162165,0.0,16
2023122406,2866,0.4896,2,95.4700012207031,35.5800018310547,7,1.8873282659365942,0.240834020427886,-0.12241617739719655,4.244148913504334,0.0416,16
2023122406,2945,0.0,0,52.4199981689453,44.9799995422363,8,4.596564639155749,2.47164089725415,-0.2660494730934476,4.3632671245295045,0.0,16
2023122406,2997,0.0,0,60.5800018310547,-1.98000001907349,11,6.135087758799372,5.697245720867522,0.6628810833192171,2.246174525721456,0.0,16
2023122406,3124,0.3614,1,74.4100036621094,20.1599998474121,8,1.915880863797746,2.360275900928685,-0.4897366936827126,0.543783044972905,0.6129,16
2023122406,3147,0.8288,1,76.4499969482422,33.9799995422363,6,0.5135203673994972,0.8062228034171299,-0.2603485323373636,1.3473306943731296,0.7915,16
2023122406,3228,1.0225,1,105.900001525879,33.9900016784668,7,0.3551043977562897,1.5992788234488329,-0.10422922444944079,3.7190321321548185,0.7107,16
2023122406,3352,0.0,0,27.1299991607666,46.0200004577637,11,6.889303525540004,0.6841051011574597,0.18986569991611985,3.8907068766485073,0.0,16
2023122406,3377,0.6465,1,8.10000038146973,4.51000022888184,22,1.0604248843571995,1.214331481122487,-0.6361698572340284,1.7596590578859304,0.0,16
2023122406,3422,0.7899,1,11.0,15.5500001907349,12,0.6303175710116379,0.2801784056005542,-0.40312556757297735,0.6628725367670621,0.0,16
2023122406,3609,0.2012,1,37.25,6.57999992370605,10,2.4565219203313373,0.962600600496727,-0.12164710478221903,5.023325591677289,0.0,16
2023122406,3634,0.0,0,35.6800003051758,9.52000045776367,11,7.440389305306974,0.5243096191970342,-0.33041667808956704,13.780308414545734,0.0,16
2023122406,3735,0.4059,1,35.6199989318848,31.9599990844727,7,2.0529979834906897,0.49729394067258703,-0.19870911784843245,4.570918944807486,0.0355,16
2023122406,3832,1.0423,1,51.2099990844727,33.0900001525879,9,1.1365302786197942,0.7963039984731235,0.6736693312297884,0.9590099061010801,0.5719,16
2023122406,3855,0.0685,1,54.5999984741211,18.1599998474121,7,2.7960314015606333,0.41976336034588524,-0.4205554538753475,2.3911712611186995,0.0,16
2023122406,3880,0.0,0,80.3199996948242,23.4899997711182,7,3.7571269251015775,2.033248764947715,-0.3457366981414924,5.2178252174636865,0.0,16
2023122406,3939,0.0,0,110.400001525879,37.2200012207031,8,4.254246090219292,0.7749175312118495,-0.2577328498273002,4.270550315825817,0.0,16
2023122406,4092,0.3215,1,72.3499984741211,47.1699981689453,10,2.0354097670807114,2.3719185962326303,-0.31384641786424694,2.8500175438056456,0.0,16
2023122406,4115,0.0,0,50.0499992370605,48.310001373291,21,3.1107891011429514,1.3700014668487002,0.681963982662375,1.1080162453682734,0.0,16
2023122406,4269,0.5683,1,85.4899978637695,7.82000017166138,13,2.0849222814599386,0.28653275564000125,0.4302147747959319,3.3300150149811616,0.0,16
2023122406,4342,0.8733,1,108.400001525879,8.61999988555908,11,1.3086242038208962,0.7323921525234323,0.2885350468494559,3.568669219751259,0.0,16
2023122406,4432,0.4892,1,83.9700012207031,29.6700000762939,6,1.800000671387028,0.5140048187282061,0.20211235029834157,0.9972462083156773,0.2567,16
2023122406,4457,0.7212,1,73.5199966430664,8.10000038146973,10,0.8364838706272407,6.1760962699106505,-0.566885900056328,1.9809088823063055,0.0321,16
2023122406,4480,0.5519,1,79.5800018310547,16.9099998474121,10,1.5741044865877896,1.081573342020041,-0.43293885474508936,6.386055120338375,0.0,16
2023122406,4527,0.0472,1,71.7399978637695,39.310001373291,9,2.893475695798939,0.9436627423737177,0.3196270503820428,2.4700202428320286,0.0,16
2023122406,4609,0.2285,1,49.9700012207031,5.57000017166138,24,2.314498637145132,1.8369820096421827,-0.5957581248738515,2.8373403038761533,0.0,16
2023122406,4632,0.0,0,69.370002746582,37.6599998474121,9,3.9115364302906364,1.002446273927979,0.48356675338062594,5.3903339414177305,0.0,16
2023122406,4799,0.0,0,77.5899963378906,27.1399993896484,7,8.748921936936398,1.6348663294143373,-0.2824322484654991,9.173919554912176,0.0,16
2023122406,4824,0.0,0,69.0400009155273,25.1200008392334,7,7.216204158677739,0.4527696191944313,0.022738542742760832,5.866856057549058,0.0,16
2023122406,4881,0.0,0,61.1399993896484,30.5200004577637,8,9.72432540475881,0.8302413718156055,0.44216201287346796,6.192786125807994,0.0,16
2023122406,4906,0.935,1,44.0400009155273,35.4199981689453,7,1.10072889558089,0.8302428807108221,0.5011641399448555,2.0928927349484456,0.6614,16
2023122406,4951,0.4713,1,42.939998626709,1.12000000476837,14,1.5861890363595317,1.0111862143648636,-0.4239582956952543,2.4429695045169892,0.0,16
2023122406,5017,0.0906,1,39.6100006103516,23.9699993133545,8,2.8120449745847838,0.17804488244374322,-0.15468536000853506,4.126851099809637,0.0,16
2023122407,206,0.0,0,55.7400016784668,47.0800018310547,10,3.495855672324035,2.008180776963345,-0.35023337450888486,5.893767894988739,0.0,16
2023122407,294,0.0,0,67.3099975585938,47.3499984741211,10,3.6249278944550465,1.820030351325057,-0.5055547771240315,2.8293108701590204,0.0,16
2023122407,406,0.0273,1,75.9199981689453,19.1399993896484,10,2.918099781613515,2.77272565688766,-0.3075437337725484,2.16946998135489,0.0,16
2023122407,614,0.1025,1,75.1100006103516,25.2900009155273,9,2.6925277881376983,1.4534449769518976,-0.2900012725818197,2.289825320848732,0.0,16
2023122407,661,0.0,0,49.0,39.2799987792969,8,4.579476112487672,2.1769699457118774,0.18405099942745773,5.42943827665441,0.0,16
2023122407,693,0.0,0,50.7099990844727,4.34999990463257,11,3.6181353810225496,2.5895357186404047,-0.5720323662080133,4.276189892883618,0.0,16
2023122407,1026,0.0,0,93.4599990844727,33.0800018310547,9,3.6782189014675657,1.7913395341654774,0.12883433728105828,1.6659531806146204,0.0,16
2023122407,1051,0.0,0,113.209999084473,10.3500003814697,17,5.918690280633305,0.8746437655492709,-0.7076056782504592,6.2967928344515185,0.0,16
2023122407,1171,0.3551,1,41.2000007629395,4.59999990463257,13,2.3067075889280844,0.7600664804899926,-0.4565404467469237,6.299841267841596,0.0,16
2023122407,1225,0.0,0,22.2600002288818,49.0200004577637,11,7.372632318643642,1.0720075736846664,-0.36628915634204234,5.058319879169371,0.0,16
2023122407,1325,0.0336,1,44.2999992370605,32.439998626709,9,2.906889549716394,0.8953759913556285,0.32615374823973375,4.004047951760818,0.0,16
2023122407,1478,0.8406,1,72.8300018310547,31.7700004577637,7,0.9454088261245754,0.5594627446270145,0.2731821471914806,1.1704699910719725,0.3824,16
2023122407,1722,0.7826,1,77.3300018310547,47.6599998474121,15,0.6521516886082254,0.600331731011463,0.48491789947540526,4.490545623863538,0.0,16
2023122407,1790,0.4748,1,38.1199989318848,51.7999992370605,14,1.6602697507162225,1.6901179571581266,-0.5915405267667534,3.7438616427426914,0.0,16
2023122407,1813,0.0,0,54.310001373291,18.5400009155273,11,4.750000091553045,0.09999862671318618,0.1729084382749095,6.332850858815487,0.0,16
2023122407,1838,0.8181,1,39.9599990844727,0.800000011920929,13,0.9095600903059929,0.9761652399997058,-0.19915611332267677,3.790118731649445,0.0,16
2023122407,1861,0.0,0,55.75,39.810001373291,9,15.18452211423759,0.9762173436924297,0.06694202698707903,16.954719107080482,0.0,16
2023122407,1884,0.5203,1,54.25,4.65000009536743,11,1.9524343124456973,0.3023243827826911,-0.23406244998230138,8.000781211856754,0.0,16
2023122407,1958,0.4979,1,22.3999996185303,3.04999995231628,12,1.5061544129998858,0.7443119163912132,-0.48275131099073054,5.246150969996957,0.0,16
2023122407,2032,0.8345,1,38.4599990844727,43.0900001525879,10,1.1905050228677863,0.22022795918038038,0.18184489458779185,6.776201000560716,0.1676,16
2023122407,2239,0.5174,1,44.8400001525879,18.0799999237061,9,1.6936646337639525,0.8676403431230836,0.47691298946211774,1.5500322577288497,0.0,16
2023122407,2286,0.0,0,23.6499996185303,49.1599998474121,15,4.321260984548655,3.206773810893324,-0.6198350705224545,2.376930794112443,0.0,16
2023122407,2338,1.1857,1,1.98000001907349,2.23000001907349,16,0.7621679487297538,1.2495199305489293,-0.534354750998898,0.7621679604916487,0.557,16
2023122407,2361,0.4148,1,12.3500003814697,31.3600006103516,9,1.7557051365273753,1.3483322998597649,-0.23029535119817676,0.7858753081755396,0.3649,16
2023122407,2570,0.0,0,65.75,3.9300000667572,13,3.655051315119599,0.3471311491551144,-0.617913138577058,3.1508728949292757,0.0,16
2023122407,2644,1.5087,1,71.0999984741211,12.7200002670288,9,0.5852351832630793,3.0081571270459406,-0.28133492371466307,1.7242969581832397,1.2049,16
2023122407,2698,0.0,0,93.8000030517578,37.5699996948242,10,5.498745444076304,0.5456206988658582,-0.3612994826853542,5.6859475903318035,0.0,16
2023122407,2867,0.0,0,45.6100006103516,39.4300003051758,12,3.45117433149329,0.4052164963769815,-0.4362354750680886,3.3930811956096765,0.0,16
2023122407,2959,0.8167,1,91.3099975585938,15.4200000762939,8,1.072986744512672,0.33615574080148286,0.21994634058465592,1.5243359209832976,0.0781,16
2023122407,3006,0.6766,1,116.98999786377,51.8199996948242,18,1.0638117907452833,0.5860023818287003,0.100110861421967,1.5115885683611208,0.0,16
2023122407,3170,0.0,0,78.9599990844727,45.689998626709,8,6.795658877150052,0.14866028717907437,0.4986764873692703,7.530803409995511,0.0,16
2023122407,3222,0.4541,1,59.189998626709,51.2599983215332,9,1.6376796832341158,1.7993881355500418,-0.6483585248771703,1.5695222202950823,0.0568,16
2023122407,3468,0.0,0,41.2000007629395,37.7700004577637,7,4.728890805670439,0.6723099791083379,-0.30737834355448457,7.425072390219498,0.0,16
2023122407,3684,0.2057,1,45.4700012207031,43.8800010681152,10,2.3830433020911275,2.0884926919301683,-0.4483639178444609,5.501099890021995,0.0,16
2023122407,3707,0.1855,1,44.75,49.7700004577637,12,2.5369277191511785,0.17000021541869154,-0.028202620351311325,1.5539626765144656,0.0,16
2023122407,3779,0.689,1,55.4000015258789,22.7399997711182,9,1.6487873629030814,0.7742082008867543,0.10451047652921383,1.1646887996370523,0.0,16
2023122407,3845,0.0,0,71.3399963378906,51.9000015258789,13,3.8834689130152378,0.5993331764247768,-0.17481413933503878,7.920227269466439,0.0,16
2023122407,3927,0.1907,1,74.7900009155273,20.7399997711182,6,2.5228546213912004,0.2088070728630278,-0.18052222250850852,5.096596903817287,0.0,16
2023122407,3952,0.3716,1,82.8600006103516,5.40000009536743,12,2.2051301530240464,1.2209008044628613,-0.46657332140458285,5.956282397603389,0.0,16
2023122407,3982,1.6184,2,97.5100021362305,49.4300003051758,16,0.8910689340447038,0.5375862371815047,-0.6578113893168465,4.770744176750616,0.1169,16
2023122407,4090,0.7213,1,111.73999786377,45.060001373291,11,0.8360043489659829,0.7441109102538827,-0.4779093719170028,0.6774215821775987,0.3418,16
2023122407,4178,0.0,0,80.1600036621094,24.9099998474121,8,5.975367735205622,1.4449936683853049,-0.07955014167054529,5.452063829413587,0.0,16
2023122407,4233,0.0,0,70.370002746582,22.2999992370605,6,8.368664311854639,1.628897983157443,-0.05924494529891707,6.70255175287741,0.0,16
2023122407,4283,0.0,0,67.3000030517578,3.91000008583069,11,3.6131180522437747,0.29068871275095703,-0.4349710667527283,10.575689102843363,0.0,16
2023122408,100,0.0,0,76.8899993896484,29.9400005340576,7,4.7061653985149405,0.23021672859966275,0.09377525344999967,4.863620050949701,0.0,16
2023122408,258,0.6632,1,33.75,46.9300003051758,17,1.4916436938572133,0.640781054735185,0.03840723019004611,1.6875129629131724,0.0,16
2023122408,327,0.0,0,27.25,43.4900016784668,8,14.036481760353734,1.703171852854076,-0.5193063119648568,13.71409858503285,0.0,16
2023122408,474,0.0,0,54.0900001525879,47.8699989318848,12,3.492448222405443,0.8793174558904153,-0.37773580630225845,4.408378386663288,0.0,16
2023122408,509,0.0,0,55.9000015258789,23.3700008392334,6,8.27799958735666,1.355911682967384,-0.30917882665219165,9.037698822156003,0.0,16
2023122408,565,0.4943,1,90.2799987792969,52.7799987792969,23,2.070602055223764,1.2897269310376103,0.6623681210865819,0.9502105029939449,0.0,16
2023122408,588,0.5865,1,74.7399978637695,18.2600002288818,11,1.240364980206774,3.7513885588391878,-0.7363529675686665,4.784401738984717,0.0,16
2023122408,644,0.4504,1,58.7200012207031,25.5200004577637,6,1.9079058350177152,1.2442681461831868,0.1315689936277943,0.7224956747275374,0.1579,16
2023122408,669,0.147,1,37.4099998474121,23.2199993133545,12,2.6351843159615767,0.560891503108917,0.5740251993829909,3.4033072150483292,0.0,16
2023122408,837,0.0455,1,99.4599990844727,40.8300018310547,8,2.8801571421674517,1.6524545009439118,0.4505232720105544,6.038915465545122,0.0,16
2023122408,882,0.0512,1,110.699996948242,46.9799995422363,10,2.854646586176294,1.0463769483447998,-0.3323097198731194,2.4977790134437385,0.0,16
2023122408,946,0.3211,1,72.7699966430664,51.4500007629395,15,2.0367839302926742,1.0501870168677432,-0.6019488305904923,2.0724140512938054,0.0,16
2023122408,1019,0.0,0,56.0999984741211,25.4699993133545,14,7.091383632918634,1.0770313095046047,-0.22829478872921044,3.0131047110912013,0.0,16
2023122408,1100,0.0,0,37.2599983215332,4.34999990463257,16,4.523550636977353,0.7629531149420348,-0.5166166866714177,3.8326231226145886,0.0,16
2023122408,1174,0.0,0,48.2900009155273,15.0900001525879,9,12.844957128254995,1.919427566231048,-0.501677807467578,12.554302051488163,0.0,16
2023122408,1220,0.0,0,52.3400001525879,23.9400005340576,6,4.938116716175917,2.122003461182455,0.09529002623097722,3.6401785670485984,0.0,16
2023122408,1252,0.0,0,58.4599990844727,43.5,9,7.7518840837660274,0.9257433503586295,0.02538776434787945,7.357288902850013,0.0,16
2023122408,1327,1.1893,2,83.8600006103516,26.4300003051758,8,0.7632164202895696,0.8955444930126584,0.18739581946577324,2.3220680437919996,0.299,16
2023122408,1428,0.0,0,92.3199996948242,9.17000007629395,10,7.628276658228613,0.44777251230779247,0.06068675229723898,7.186459489901825,0.0,16
2023122408,1503,0.1884,1,75.7399978637695,12.4300003051758,11,2.5150946536756713,1.5284638236349863,0.19422253405178302,1.040432602334243,0.0,16
2023122408,1526,0.0,0,83.4199981689453,27.8199996948242,6,5.009600364599111,1.1449006389848504,0.05262370327773702,3.0799512983162556,0.0,16
2023122408,1551,0.6531,1,70.6100006103516,13.1400003433228,8,1.4131524148043817,0.3758992940088357,-0.08802832472326867,2.1931712199461333,0.0,16
2023122408,1583,0.4846,1,46.5999984741211,28.7700004577637,15,1.5462520516096285,7.008032660761127,0.4331575301102343,0.8319254774317226,0.0,16
2023122408,1610,0.0,0,40.9300003051758,12.3599996566772,9,6.16023501616672,0.5700876289069547,-0.4686598524913896,10.634853078439772,0.0,16
2023122408,1640,0.0997,1,53.7400016784668,4.38000011444092,10,2.8102666338747313,2.5338693456113823,-0.562475879007996,4.674237905798118,0.0,16
2023122408,1670,0.0,0,64.8399963378906,45.7200012207031,12,4.3057325155114246,0.4429475028141214,0.19225258722922456,5.467010151810592,0.0,16
2023122408,1724,0.643,1,65.370002746582,25.4300003051758,7,1.466490948875147,0.7158891817623174,0.18962542781083083,0.8228000972289746,0.2787,16
2023122408,1747,0.0,0,69.5100021362305,49.4700012207031,12,4.601312864621444,2.31501375198528,-0.6047478009126993,4.542158077390078,0.0,16
2023122408,1777,0.0,0,78.129997253418,35.2700004577637,8,5.06622300681848,1.2465168866736394,-0.25389237714264623,6.207358536446893,0.0,16
2023122408,1802,0.9227,2,110.150001525879,36.7599983215332,15,0.8766421689119437,0.912139309602519,-0.7002350257574784,1.0022474744293404,0.0,16
2023122408,1873,0.4116,1,79.2300033569336,29.75,9,1.9842633073294498,1.8380711554564548,-0.09995321304288957,0.8811923740024058,0.0,16
2023122408,1896,0.0,0,83.5999984741211,50.3499984741211,11,3.3723562344850633,1.1400420251448922,-0.19214526156002557,4.338029506584756,0.0,16
2023122408,2073,0.0,0,53.2400016784668,39.810001373291,14,5.446475378263003,0.3275660650651086,-0.5461725402910009,5.881292374980186,0.0,16
2023122408,2150,0.0,0,46.9500007629395,44.7900009155273,11,4.981817964613492,1.1759263459067228,0.2819892943498476,7.113543420827627,0.0,16
2023122408,2173,0.0799,1,37.3600006103516,48.810001373291,13,2.78887222795081,0.7566387938815742,0.12978151332363405,3.7107950630558886,0.0,16
2023122408,2198,0.2698,1,16.2299995422363,50.2700004577637,22,2.4773581005922294,0.33241605000104496,0.6678146861470058,1.2165936051122366,0.0,16
2023122408,2289,0.0,0,51.3199996948242,27.3600006103516,10,3.880748026208443,1.817966257183126,-0.1194323262931858,4.416876724564544,0.0,16
2023122408,2314,0.0,0,77.879997253418,-0.519999980926514,21,3.773020797841022,6.274932201430198,0.4785460102937951,0.9946356116689136,0.0,16
2023122408,2337,0.0598,1,63.939998626709,7.6399998664856,11,2.820728158956005,0.7800004049458986,-0.25229650913702006,7.065479460022514,0.0,16
2023122408,2415,0.3927,1,90.5699996948242,49.1399993896484,15,2.2366039063034173,1.636825514865169,0.6762312200893364,1.1800423721205986,0.0,16
2023122408,2462,0.3939,1,84.3399963378906,50.9700012207031,15,1.8183815066497862,0.4957837368115453,-0.5256659773991542,3.4832312584725016,0.0,16
2023122408,2536,0.0,0,55.3800010681152,37.5,11,7.097295394909845,2.1708303678742307,-0.40629451548790735,4.056007889538682,0.0,16
2023122408,2605,0.0,0,48.689998626709,47.25,10,6.080475624705186,0.714491827650425,-0.5030699598672025,7.696401756665254,0.0,16
2023122408,2774,0.4317,1,60.0900001525879,46.7900009155273,13,1.7048460394743479,0.7700647678636856,-0.42814119458059574,3.8741837850055636,0.0,16
2023122408,2832,0.0,0,62.4099998474121,38.3600006103516,7,4.540671748068386,1.9014202431446803,-0.004002216432516177,4.708800271831464,0.0,16
2023122408,2882,0.0,0,64.0,17.8799991607666,7,5.022448854618049,0.38587519265605025,-0.10819919722039584,5.116737241641393,0.0,16
2023122408,2907,0.2446,1,76.6100006103516,11.4499998092651,8,2.414953313340799,1.6317475199061795,0.30424922475895827,0.9689685237405714,0.0,16
2023122408,2957,0.0,0,88.7699966430664,33.3800010681152,7,6.575784823032963,0.9904556104624366,0.6544761299375803,6.713575798335787,0.0,16
2023122408,2982,0.0,0,112.569999694824,16.3600006103516,13,3.0641481982615386,0.1236926506573479,0.6225998911835072,5.467622883849982,0.0,16
2023122408,3139,0.3593,1,36.8400001525879,28.1100006103516,8,1.922133635893626,0.5456192725934682,0.06926808785732036,2.325725693197712,0.0,16
2023122408,3190,0.0,0,89.5500030517578,24.6100006103516,6,3.4165642560805702,1.4475525968052174,-0.1616801898848168,5.400675883627892,0.0,16
2023122408,3215,0.0,0,87.4199981689453,34.75,8,11.513855132394564,0.5015975941805626,-0.224987035960502,11.006965976144377,0.0,16
2023122408,3352,0.7844,1,81.8899993896484,17.7800006866455,9,1.2541937906539857,0.5600899542366156,0.4636544291647717,4.973047355495429,0.1346,16
2023122408,3377,0.0,0,114.540000915527,51.6399993896484,29,9.213565668506423,6.120162894879805,0.37489277162372325,0.6888396039717803,0.7629,16
2023122408,3400,0.2585,1,77.2799987792969,7.94000005722046,11,2.2246337109933756,0.7433025726099314,-0.302487852839502,5.427227653231437,0.0,16
2023122408,3466,0.0,0,61.8300018310547,47.25,14,8.866532900535184,1.3330428297839978,-0.44167067993234604,5.687046685231273,0.0,16
2023122408,3491,0.0,0,50.5099983215332,37.0499992370605,8,4.240624473577805,2.198931109770444,0.3164925536331436,0.6942621983083911,0.0,16
2023122408,3516,0.0,0,38.1500015258789,34.2200012207031,9,6.41950296444753,1.8564762412774491,-0.48278324809714923,4.753830034824554,0.0,16
2023122408,3541,0.0,0,34.4199981689453,43.5400009155273,10,3.759000763922257,1.2937525357592816,-0.6816435570793155,6.358372433256798,0.0,16
2023122408,3571,0.0,0,22.1700000762939,50.6800003051758,13,6.632443152743718,1.163486193330328,-0.42995941470378307,2.3591523901604994,0.0,16
2023122408,3596,1.0095,1,17.2000007629395,38.2999992370605,6,0.8348650575439003,0.9457810773719019,-0.19808763178730088,1.8919038030513076,0.6848,16
2023122408,3669,0.3277,1,10.2399997711182,49.7999992370605,20,2.0169532876534477,3.0194371526312533,-0.7802874171797523,5.637038229425092,0.0,16
2023122408,3864,0.0,0,53.3499984741211,10.0,12,3.4995418157130556,1.1985392899048846,0.0021652002581196536,2.2905457864884506,0.0,16
2023122408,3894,0.0,0,41.3499984741211,50.5,15,6.028895586641992,0.5980788334475335,0.1073105764712265,4.957459026557859,0.0,16
2023122408,3919,0.0,0,35.75,44.3300018310547,9,3.4205277206446865,0.8309644642951588,0.19357366562828512,2.5296047122030747,0.0,16
2023122408,4039,0.6927,1,6.32000017166138,50.3899993896484,14,0.9219548536987784,1.0927494429478033,-0.42979564794126757,1.5474172029546511,0.3795,16
2023122408,4169,0.0,0,76.8300018310547,32.4599990844727,9,5.680009399191781,0.5232577758192668,-0.2819807314311348,2.069806754264753,0.0,16
2023122408,4245,0.1783,1,93.3499984741211,5.59000015258789,13,2.5566584498523777,0.7971211993312197,-0.24998664132766937,1.0104454463255281,0.0,16
2023122409,84,0.134,1,53.9900016784668,18.9899997711182,7,2.657534915268219,0.5522666514353026,-0.023542830109004115,3.4034394368050633,0.0,16
2023122409,148,0.597,1,60.25,5.11999988555908,10,1.2090491725239414,1.714059414077529,-0.6210014669359608,2.433125561905922,0.0979,16
2023122409,286,0.0,0,93.1800003051758,28.6900005340576,6,4.151204862225789,0.4623846407155084,0.49285293840849725,7.74623134175581,0.0,16
2023122409,360,0.0,0,87.1999969482422,44.7200012207031,31,3.4918505447772987,2.268747352790072,-0.6769725467943191,1.115033631779773,0.0,16
2023122409,589,1.0259,1,69.1699981689453,45.2099990844727,15,0.6090135546683899,1.4066262018505908,-0.749359799152886,3.434646997873286,0.0,16
2023122409,639,0.0,0,71.4300003051758,4.61999988555908,10,4.158088750848963,1.3194699139159551,0.03847208303634007,3.23066556610244,0.0,16
2023122409,671,0.6479,2,60.3400001525879,9.98999977111816,9,1.5980301661694005,1.011187537755145,-0.3981321236006841,3.1144823004794886,0.0,16
2023122409,716,0.7824,1,42.6100006103516,5.07000017166138,20,0.6527639803610826,1.1482600309308286,-0.6905301767153669,1.5089400253157863,0.0066,16
2023122409,810,0.6113,2,52.8199996948242,44.4099998474121,13,1.3732081164215464,1.7380739263653107,-0.196654885888586,4.3550086107836785,0.0,16
2023122409,880,0.0,0,69.7799987792969,49.689998626709,13,3.775764096569435,0.6389053687313831,0.048885661348614745,3.010813843464916,0.0,16
2023122409,1148,0.0,0,38.0099983215332,54.6800003051758,10,11.177344628203308,10.044704466859212,0.3537399675546824,6.983638020401686,0.0,16
2023122409,1171,0.0,0,23.6700000762939,40.0,8,20.588251433231132,0.8705170903420767,-0.3664220205025761,22.976827457244834,0.0,16
2023122409,1223,0.606,1,59.2000007629395,48.1800003051758,10,1.4746194091134912,0.44102201542726205,-0.4772746483187301,4.011508444463253,0.0,16
2023122409,1319,0.0,0,22.8700008392334,6.48000001907349,21,5.544483517773972,0.5243083699655088,0.7898112346976235,5.614712815451919,0.0,16
2023122409,1393,0.0,0,2.00999999046326,41.0499992370605,9,17.351290332881117,0.36124732336694215,-0.02506207589087476,15.147293487616857,0.0,16
2023122409,1457,0.0,0,36.7799987792969,31.9200000762939,7,9.5764984829992,1.423377391363107,-0.27715127371577686,7.26911961656981,0.0,16
2023122409,1504,0.5419,1,65.5500030517578,19.0900001525879,9,1.3744120180626418,2.459535467437996,0.32320401214272376,5.698912176898324,1.0394,16
2023122409,1554,0.0,0,66.2200012207031,38.3300018310547,7,5.906505074684256,0.5635581843548206,-0.3375592275441182,6.845100437539255,0.0,16
2023122409,1654,0.0,0,94.2300033569336,42.2700004577637,12,15.8847886961136,0.2906920443278588,0.534463913401552,9.11425257495095,0.0,16
2023122409,1718,0.8369,1,77.5999984741211,4.51999998092651,13,0.8489983097967438,0.9183124637033582,-0.6268537947038622,1.789860329746433,0.0,16
2023122409,1741,0.9383,1,60.0099983215332,3.51999998092651,14,0.6578748248174225,0.27892607392960206,-0.5593852302850604,1.6560495161679258,0.73,16
2023122409,1769,0.0,0,86.9499969482422,6.71000003814697,8,15.117801798777542,0.5024958740461255,-0.26631686311316166,15.144140781173428,0.0,16
2023122409,1862,0.0,0,47.2000007629395,15.8599996566772,7,3.510056571069934,0.049999816901200984,-0.11426720071556837,3.91081832868774,0.0,16
2023122409,1887,0.0,0,48.1800003051758,11.0900001525879,9,7.063851300999793,0.3832754694072383,-0.54702553458539,10.200181370936498,0.0,16
2023122409,2066,0.0,0,97.3000030517578,28.7999992370605,5,6.580010708508169,1.7353126943304937,-0.3058092409118888,5.754754556017134,0.0,16
2023122409,2091,0.0603,1,72.0400009155273,16.0300006866455,13,2.886467375039426,0.8200004689293057,-0.4019454201693224,9.021734866421204,0.0,16
2023122409,2168,0.327,1,50.0999984741211,39.810001373291,14,2.3434369061716485,1.4120924877981553,-0.38373247017846907,2.916504757410829,0.0,16
2023122409,2405,0.0,0,55.6399993896484,15.4499998092651,8,12.526491292683746,1.4418388096931964,-0.5537744683922,14.06600511872507,0.0,16
2023122409,2615,0.7077,1,52.5699996948242,4.98999977111816,13,1.2442270347495497,0.7280106326155473,0.08163637561928143,8.476042708717323,0.0,16
2023122409,2650,0.6531,1,58.8800010681152,3.51999998092651,15,1.7592329155856041,2.999548905981554,-0.6068959800047002,2.5989613309935944,0.0,16
2023122409,2757,0.0,0,88.6900024414062,45.2000007629395,10,7.0798044994543385,2.518730514717266,-0.192700237078941,10.688629472481493,0.0,16
2023122409,2832,0.0,0,32.25,34.6399993896484,8,13.063199713055129,1.0307768801069046,-0.15753014349163993,14.695972237317271,0.0,16
2023122409,2923,0.0979,1,74.4199981689453,38.7799987792969,10,2.7681241290542657,0.8360031297280233,-0.16481478407187192,7.595393340703298,0.0,16
2023122409,2993,0.0,0,76.2099990844727,44.1399993896484,7,5.1721766310032296,0.4104883997380895,-0.07272514764897708,5.844527354713977,0.0,16
2023122409,3081,0.9048,2,78.120002746582,50.0800018310547,15,1.6531517564916158,0.47010358603470687,-0.20567195618941922,0.9656603957914016,0.0,16
2023122409,3104,0.0,0,90.1699981689453,27.0300006866455,8,5.8500750880193975,2.0235845302828523,-0.3067704045387384,11.935547746123751,0.0,16
2023122409,3370,0.7907,1,10.0500001907349,4.05000019073486,19,0.6280129573968032,2.7803958158218123,-0.475001151404209,2.4298971171636037,0.0,16
2023122409,3430,0.0,0,33.5200004577637,32.2200012207031,5,10.52102557009688,0.3231099167655219,-0.3168422563921663,11.67246760543802,0.0,16
2023122409,3487,0.0,0,49.1800003051758,35.0499992370605,6,14.021572371289386,0.3354110018497387,-0.4047697529885661,13.472137914971025,0.0,16
2023122409,3583,0.0,0,71.9300003051758,32.4500007629395,9,3.5948845135174605,0.600000762939579,0.4353689747257919,8.802232671316974,0.0,16
2023122409,3631,0.0,0,73.0800018310547,21.3799991607666,8,9.608536031243272,0.8668318061019366,0.1567348153518524,5.973156619409871,0.0,16
2023122409,3713,0.0,0,77.1100006103516,40.6300010681152,8,4.512406352162617,0.8514704168255494,-0.16928760238968937,5.04080350737856,0.0,16
2023122409,3782,0.0,0,19.8500003814697,31.5,6,7.7570673830234425,0.5315073193453905,0.27484740626995846,10.86037292177391,0.0,16
2023122409,3807,0.8163,1,35.1300010681152,49.5900001525879,12,0.6435053649071558,0.5292436983215836,-0.5822103333282871,3.6769552621700545,0.0,16
2023122409,3852,0.0495,1,35.8300018310547,23.8899993896484,7,2.8963751507143223,0.5470831858235021,0.05765520871030692,8.611457484073181,0.0,16
2023122409,3877,0.0,0,39.9799995422363,25.4599990844727,6,4.260752063684805,0.4263811105589272,-0.0577887247534088,7.046367858691454,0.0,16
2023122409,3900,0.3535,1,48.0999984741211,0.28999999165535,17,2.0497809306772368,1.062309402941788,0.16600545007493056,1.2643575443678894,0.0,16
2023122409,3923,0.1212,1,66.2900009155273,3.6800000667572,23,2.756556739987178,5.501128059601185,0.4984240105049012,0.7334848328356902,0.0,16
2023122409,3997,0.1771,1,26.6000003814697,47.4900016784668,10,2.4686852382235354,0.6527638909510786,-0.2577858198004899,3.878272811445838,0.0,16
2023122409,4181,0.0,0,55.0200004577637,22.4899997711182,7,10.251775109710747,0.6594692859223351,-0.004314606391603785,9.9200050403213,0.0,16
2023122409,4229,0.0,0,64.3300018310547,8.32999992370605,10,6.617581075958053,0.05098841460338776,-0.11585518054017747,12.148390839942543,0.0,16
2023122409,4254,0.0,0,64.879997253418,45.6500015258789,13,22.551049372513074,1.136004900966352,-0.28918724592246015,25.352918964095636,0.0,16
2023122410,55,0.0,0,38.5499992370605,8.13000011444092,12,3.3735001366982424,0.8746435339574609,-0.4062920474218897,5.051277066247704,0.0,16
2023122410,112,0.0,0,47.7799987792969,-1.04999995231628,14,8.709541000771717,9.570046703649261,0.5173181986241516,10.77066386069123,0.0,16
2023122410,203,0.0,0,59.8199996948242,18.9699993133545,7,3.25213742580236,0.7924642156474002,-0.07042737673537555,1.352811886405501,0.0,16
2023122410,295,0.0,0,71.0400009155273,14.3500003814697,7,11.160644178769862,1.2083039773119781,-0.42862752522727443,9.046104133824683,0.0,16
2023122410,349,0.0,0,77.629997253418,18.4699993133545,6,8.453079118406428,0.6020822835625184,-0.19787212317294783,4.349252809391515,0.0,16
2023122410,504,1.3489,1,70.7799987792969,10.6800003051758,23,0.346699130178885,0.8798286479245108,-0.8768997765734725,5.9435511270620065,0.0,16
2023122410,551,0.6556,1,64.7099990844727,50.3499984741211,28,1.766040598557974,0.1886812077226683,0.5991982612001547,2.258428657274783,0.0,16
2023122410,625,0.0,0,49.5499992370605,6.78000020980835,10,4.265219028836956,1.5664606717139546,-0.660569856998061,3.44061041095908,0.0,16
2023122410,655,0.0,0,27.2700004577637,31.7900009155273,15,3.831293230569071,4.683855197886794,0.07780803087049487,7.107467903550461,0.0,16
2023122410,773,1.0399,1,50.5800018310547,17.1599998474121,11,0.9571304237535636,1.4271982556194422,-0.6177682385873176,1.9087692369692042,0.6689,16
2023122410,820,0.0,0,67.8399963378906,27.7999992370605,7,5.57202250636301,2.632302825878613,-0.13787443250735487,4.094801582494574,0.0,16
2023122410,884,0.0,0,79.6399993896484,9.13000011444092,12,5.19215717151842,2.1023083847854536,0.4246767637034077,4.674056054434937,0.0,16
2023122410,907,0.0,0,71.7600021362305,18.9200000762939,10,4.579572690828557,2.1249255918164978,0.05007340464783505,4.208301320010244,0.0,16
2023122410,932,0.7749,1,50.7900009155273,35.3699989318848,14,1.2253965323025227,2.1094323993930635,-0.4950748789897442,2.511772282672142,0.0,16
2023122410,1056,0.0,0,94.0,16.7199993133545,6,8.76986347653338,1.4789857074494854,-0.5057985931925993,7.007481715994702,0.0,16
2023122410,1191,0.8448,1,114.809997558594,51.5900001525879,15,0.4657276391760305,0.4827011432373877,-0.6037496511952727,0.6493843238021717,0.8141,16
2023122410,1452,0.0,0,65.75,18.0200004577637,13,4.697659207783281,1.485193907539827,-0.4820768023668287,3.1331294259892943,0.0,16
2023122410,1477,0.0,0,71.3899993896484,39.3600006103516,6,4.488129641423457,0.43174139802249134,-0.10898807127198332,4.876269065586922,0.0,16
2023122410,1524,0.0,0,80.5299987792969,1.01999998092651,19,4.007044363505203,1.7907817117181948,0.5141869962882257,2.84290344542336,0.0,16
2023122410,1709,0.0,0,44.4700012207031,34.3899993896484,7,5.2367342735766895,0.7780100316685697,-0.16306153394541376,4.674237905798118,0.0,16
2023122410,1734,0.0,0,69.629997253418,54.189998626709,24,3.4323750788120546,1.930413033363485,0.5578962925115863,2.7049029557453577,0.0,16
2023122410,1757,0.0,0,55.8199996948242,26.4799995422363,8,4.889795493001646,1.8319936505004561,-0.2945400906236027,4.806766064621826,0.0,16
2023122410,1811,0.0,0,77.8300018310547,16.7800006866455,7,4.190582741976343,1.9089513550330932,-0.19197461722258496,5.447972099781721,0.0,16
2023122410,1836,0.0,0,87.0400009155273,20.3400001525879,7,3.6069368320706787,0.6440492705465405,-0.17451704245832708,3.5420050818710016,0.0,16
2023122410,1861,0.0,0,95.870002746582,9.31999969482422,10,4.324624422028973,0.7829415983292587,-0.2202943319435511,6.536704062446145,0.0,16
2023122410,1939,0.0,0,107.809997558594,39.9000015258789,14,6.797685880599769,0.8448089275284423,0.6446297313825198,6.697223305221353,0.0,16
2023122410,2141,0.0,0,61.810001373291,6.6399998664856,12,6.804250033448698,7.927736742351822,-0.1711677174935326,1.0104454463255281,0.0,16
2023122410,2213,0.0,0,22.4699993133545,35.5099983215332,12,3.793258970456225,7.185094390652866,0.39158095273041427,3.752892218009998,0.0,16
2023122410,2236,0.441,1,15.789999961853,12.460000038147,13,1.8004443506032184,0.22022719529527524,0.07860496129339836,0.621288982680362,0.134,16
2023122410,2278,0.0,0,56.25,32.8199996948242,10,4.860010404850395,1.2727924219276816,-0.3886047687447228,5.464000366032197,0.0,16
2023122410,2332,0.0,0,47.4599990844727,40.6399993896484,7,3.828157734235225,0.7359337098504058,-0.04429306797211252,3.028530997034697,0.0,16
2023122410,2428,0.9516,1,40.8400001525879,4.59999990463257,13,1.0400000293438363,0.2657066431573089,0.4776967925295142,1.5703502793962885,0.0,16
2023122410,2453,1.2778,1,82.9700012207031,4.23999977111816,31,0.3124107782812411,0.08062133781704307,-0.8654415264839476,1.486606874731851,0.0046,16
2023122410,2568,0.5983,1,81.5299987792969,24.6900005340576,6,1.3819202867371614,1.0700479436105832,-0.2921337711908563,1.6867127793432992,0.59,16
2023122410,2636,0.0107,1,66.2399978637695,15.5799999237061,13,2.967893284589309,0.5575822326541321,-0.5987114343090346,3.2649655434628992,0.0,16
2023122410,2661,0.0,0,57.1199989318848,15.9799995422363,9,4.596575913523613,2.178071424310051,-0.5787280835045147,3.900833244321014,0.0,16
2023122410,2691,0.0428,1,16.1000003814697,-0.439999997615814,23,2.8716721347558414,5.232590232368205,0.2481765732808552,0.915478017212865,0.0,16
2023122410,2744,0.0,0,32.810001373291,14.4200000762939,14,3.733739448075487,1.8157104875466044,-0.6919952306357005,3.372017200430627,0.0,16
2023122410,2823,0.0,0,16.4599990844727,51.6500015258789,15,3.6208427628434507,0.8900560682848729,-0.3330471064813443,3.022730553655087,0.0,16
2023122410,2904,0.8126,1,44.560001373291,33.189998626709,8,0.830058319618954,0.8827782228571712,-0.1356234535098419,0.8499999999999993,0.25,16
2023122410,2929,0.0,0,46.1399993896484,22.8600006103516,6,7.169631138974077,1.777217478344414,-0.10775875851329511,6.26134969475432,0.0,16
2023122410,3092,0.4943,2,26.6599998474121,22.2199993133545,7,1.8693579072213502,0.39204661430883053,-0.03357294903973419,3.2070235421649143,0.0,16
2023122410,3227,0.0722,1,47.9199981689453,12.2799997329712,11,2.8117789981601216,1.6445058415505898,0.2540686612930484,1.1500000000000021,0.0,16
2023122410,3385,0.5151,1,63.9000015258789,48.7599983215332,17,1.8313370778092282,1.094168321233383,-0.5374444285258964,1.1412712210513347,0.0,16
2023122410,3415,0.0,0,60.6800003051758,16.8799991607666,7,11.315286201704236,1.7132711606059394,-0.6112285114796407,11.490004351609276,0.0,16
2023122410,3474,0.9557,2,42.2900009155273,32.8699989318848,9,1.7201158564388521,2.865746687008198,-0.24270265082454298,2.4350154003619764,0.0,16
2023122410,3497,0.3965,1,49.2599983215332,50.5499992370605,8,1.8104124933283672,0.6224129416042067,0.1443064963028348,1.9572429588581948,0.0,16
2023122410,3522,0.0,0,38.8400001525879,19.1000003814697,7,3.1154616323357827,0.8720090692732135,-0.03303617283775578,4.959939515760248,0.0,16
2023122410,3569,0.8571,1,22.8999996185303,12.5799999237061,10,1.0971323128177735,0.5108814924150138,0.049866521250827994,3.0459973736035955,0.3662,16
2023122410,3638,0.0,0,1.20000004768372,53.1199989318848,17,5.64503232066508,5.517099735068761,0.5771902055606545,0.8209750300709509,0.0,16
2023122410,3661,0.3721,1,11.3199996948242,35.4199981689453,6,2.044823538109186,1.453821993462493,-0.019781941317570988,4.150771012715588,0.2325,16
2023122410,3738,0.9541,1,4.25,51.8800010681152,15,0.8089509929442338,0.23430680648794958,-0.6879024956366212,1.726788927460446,0.0,16
2023122410,3761,1.297,2,5.40999984741211,4.6399998664856,18,0.36069376641908335,0.08944266792067636,-0.3516007038944342,0.7441102068914272,0.0,16
2023122410,3861,0.0,0,60.7999992370605,14.5900001525879,8,3.1766813189665988,1.9209639759887926,-0.146338075260025,1.3688316185711078,0.0,16
2023122410,3893,0.0,0,68.25,10.8599996566772,9,4.871180464845639,2.0135786168996503,-0.19105576701407453,5.727966480348851,0.0,16
2023122410,3922,0.469,1,84.4899978637695,37.9099998474121,13,1.5928919344922479,3.754742894622265,0.1663466191325014,1.9777006851391892,0.0,16
2023122410,3945,0.0,0,68.9599990844727,11.1700000762939,5,9.003921749834205,1.0867391270390465,-0.004177379228518951,5.766012486979195,0.0,16
2023122411,131,0.4333,3,4.78999996185303,42.5099983215332,11,1.9541226910799616,2.826393726985291,0.08764089355671782,1.2484390253432498,0.0,16
2023122411,293,0.0,0,26.9799995422363,3.6800000667572,14,6.4102808912211655,3.153363175287942,0.23132256301928644,3.818193290026055,0.0,16
2023122411,393,1.1173,1,18.2900009155273,2.58999991416931,28,0.5807753822544544,0.24166046248793344,0.005833890998643774,1.5620499351813317,0.0419,16
2023122411,548,0.0,0,38.3499984741211,4.48000001907349,9,7.555268284788797,0.7641979026735052,-0.06093382022641164,8.401720061987309,0.0,16
2023122411,622,0.0188,1,14.9200000762939,44.0999984741211,13,2.9539284951890217,0.2158688293937001,0.6629976493558175,2.68302068571974,0.0,16
2023122411,738,0.5459,1,44.0299987792969,22.8999996185303,8,1.509040650040022,0.49244385065359414,-0.14672017952378352,3.332941643653544,0.0,16
2023122411,810,0.0,0,51.6100006103516,12.3699998855591,10,4.834262686590522,0.7335525096154455,0.22163988351370104,4.1154951099472825,0.0,16
2023122411,860,0.1387,1,69.6800003051758,50.689998626709,16,2.6795881319271264,0.1403553404185795,0.23694819064455214,2.54448423064479,0.0,16
2023122411,999,1.1352,1,23.6800003051758,30.6599998474121,7,0.9790812471399368,0.18439057468675718,0.6592370762993597,1.608632960000509,0.8106,16
2023122411,1116,0.0,0,61.0900001525879,27.9099998474121,6,9.952009634295392,1.221842691838297,-0.4453075599805284,10.983829022704247,0.0,16
2023122411,1141,0.0,0,66.4599990844727,43.0499992370605,6,8.84778548850149,0.42449873141744776,0.5728401520386616,8.033890713720222,0.0,16
2023122411,1192,0.0,0,68.3099975585938,34.7299995422363,6,3.4876901681122274,1.8560692983730063,-0.15155197465736525,3.6482461539758995,0.0,16
2023122411,1310,0.0,0,19.6499996185303,8.28999996185303,9,9.200136195542992,0.627694354715754,-0.013595566034395866,9.428987220269205,0.0,16
2023122411,1364,0.0,0,27.0100002288818,37.5800018310547,9,11.372040292199722,1.5546363783220196,-0.6111528776645493,11.85546709328654,0.0,16
2023122411,1576,1.1476,1,57.2000007629395,14.6300001144409,13,0.7940395306567802,0.19416415539140155,0.6208255152528812,1.3908630414242755,0.0,16
2023122411,1630,0.3049,1,41.9000015258789,21.2399997711182,8,2.234032172263112,0.7778183764216338,-0.10993752849779229,1.5462535367784933,0.0,16
2023122411,1662,0.0,0,32.8600006103516,18.7399997711182,7,3.5546032124279523,0.050990299877259594,0.5987686082638676,3.837629476643102,0.0,16
2023122411,1691,0.0,0,9.90999984741211,-1.87000000476837,19,4.523825901814575,3.8635865203127038,0.6526906205276836,0.9433981132056602,0.0,16
2023122411,1804,0.0,0,47.8899993896484,23.2399997711182,6,7.53448125439491,0.6940467356578324,-0.25459498995959773,8.551257217509015,0.0,16
2023122411,1829,0.0,0,52.8699989318848,21.3600006103516,10,19.318212043768256,0.732462717612233,-0.2007794659107039,18.847867253352568,0.0,16
2023122411,1866,0.0,0,60.8199996948242,12.0,8,11.70649848090154,0.8723532689399313,-0.4896679745786807,12.966703513229563,0.0,16
2023122411,2025,0.0,0,32.4799995422363,12.8299999237061,10,17.784960397542758,0.6717890376968311,0.21718145208451312,20.78005293544749,0.0,16
2023122411,2070,0.4878,1,40.7200012207031,11.8699998855591,21,1.8902898669110122,0.5594629048599947,0.39730320306104283,1.8701069488133562,0.0,16
2023122411,2124,0.0,0,35.25,11.6899995803833,10,3.9892358923051585,1.0643775632585222,-0.12312640148394378,1.7270784579746223,0.0,16
2023122411,2176,0.0,0,26.25,40.9099998474121,11,7.949201174926824,0.3577707399212051,0.6013064744117986,11.697200519782502,0.0,16
2023122411,2240,0.0,0,47.3199996948242,15.75,10,4.005221894364401,0.46400449448097386,0.5415757679821698,4.766235411726952,0.0,16
2023122411,2287,0.0,0,66.5,30.9699993133545,12,3.689119247730422,0.2607686755047326,0.32463878126674806,5.460375444967136,0.0,16
2023122411,2368,0.0,0,79.3499984741211,48.6699981689453,12,9.015473220261896,0.49578213023460765,-0.015013100356583228,12.898251819529657,0.0,16
2023122411,2422,0.0,0,68.9400024414062,31.0,8,4.457647172057521,0.6378071410894974,0.5340644912208032,4.192290543366473,0.0,16
2023122411,2508,0.6924,1,29.0100002288818,3.73000001907349,11,0.9226589735800699,1.6171887416964306,-0.6655994470973239,1.1065260954898448,0.5511,16
2023122411,2602,1.094,1,26.5300006866455,3.59999990463257,23,0.6670831417330895,0.38418695083277127,0.20871543904614245,1.9825236442474006,0.0,16
2023122411,2665,0.0,0,26.7399997711182,43.4300003051758,13,3.7403878248548894,5.913544157901116,0.3662068476113969,9.366771055171574,0.0,16
2023122411,2713,0.0,0,1.36000001430511,38.8600006103516,13,3.280564138960298,0.5682423755524869,-0.7896177661383519,2.1805045287731004,0.0,16
2023122411,3067,0.0,0,90.0699996948242,28.3299999237061,7,3.972366934408777,0.5185555511410489,-0.03421211938499306,6.571795797192729,0.0,16
2023122411,3099,0.0,0,72.3099975585938,48.6100006103516,11,3.0717583308539576,0.1711721067903229,0.0016531256758715817,6.854166616008106,0.0,16
2023122411,3192,0.6225,1,23.2700004577637,46.2700004577637,25,1.8999995422363567,0.6307134022298343,0.6760711430010855,2.410186714758835,0.0,16
2023122411,3305,0.5517,1,14.6999998092651,5.67000007629395,14,1.3449533535267268,1.26621474553067,-0.6294746573284437,2.8619049599873145,0.0,16
2023122411,3330,0.7618,1,4.51000022888184,47.7999992370605,15,0.7144935393423244,0.5807761175731757,-0.7709847686347077,2.171474153656911,0.2234,16
2023122411,3422,0.9244,2,37.4900016784668,14.5100002288818,7,1.0917858983137514,0.31015959784944885,-0.2654463142377466,3.639917581484504,0.3491,16
2023122411,3447,0.0,0,39.9000015258789,17.0400009155273,8,4.029899648927128,2.0530210402840083,-0.18591491177357194,6.421121397388467,0.0,16
2023122411,3491,0.0,0,84.7600021362305,20.1200008392334,7,3.610223726647802,2.2743153290088545,-0.30187414956173003,2.99841624862192,0.0,16
2023122411,3538,0.0,0,74.0100021362305,39.1599998474121,9,10.89598554336909,0.7343041771066899,0.4206842523200541,3.1481423093627785,0.0,16
2023122411,3568,0.0,0,62.4300003051758,6.98999977111816,10,5.509564690953507,1.1211152736392642,-0.10816645561081326,9.711791801722278,0.0,16
2023122411,3636,1.3601,1,8.30000019073486,2.58999991416931,28,0.7373600080136543,1.5305552886752056,0.899832034637007,2.1205895406702364,0.6228,16
2023122411,3669,1.0112,1,11.8699998855591,50.7299995422363,27,0.22803551661661287,0.91082423767236,-0.3544021784958755,1.4252368224263612,0.0,16
2023122411,3692,0.0,0,46.2700004577637,36.7400016784668,8,10.365391004357782,1.0062322958594527,0.6033297429903334,4.67367093407313,0.0,16
2023122411,3720,0.5478,1,7.28999996185303,10.5799999237061,24,1.7489711368070326,2.214429982466667,0.7071109265589925,2.981979208512359,0.0,16
2023122411,3789,0.0,0,33.3400001525879,23.6000003814697,14,3.4056574693386206,1.4190492961297503,0.07085078772557687,6.009009901805789,0.0,16
2023122411,3814,0.4698,1,22.5599994659424,8.77999973297119,11,1.5906282155543434,0.9270378367945695,-0.26688689432335405,4.26823148388182,0.0,16
2023122411,3872,0.9635,1,41.2000007629395,27.8400001525879,6,1.2625370242291585,0.6747591552570003,0.6587638410190778,1.1308846094982439,0.8171,16
2023122411,4057,0.746,2,59.9700012207031,2.53999996185303,17,1.7240943554775625,0.7000722520879965,-0.04192884893880493,2.739069184960468,0.0,16
2023122411,4151,0.822,1,55.7700004577637,49.2200012207031,18,0.5341335717655816,0.390511401453035,0.1388478743729795,1.7010584939971964,0.902,16
2023122411,4183,0.1282,1,66.0999984741211,29.8199996948242,7,2.698760085624204,0.895601907714597,-0.1293620363123902,2.0530221625691194,0.0,16
2023122411,4208,0.4335,1,72.0800018310547,26.2399997711182,7,1.956346795853926,0.752396090106316,0.33370575357813537,6.675822046759487,0.1027,16
2023122500,285,0.0,0,68.75,46.6300010681152,11,5.291673121234729,0.9291392373004123,-0.4658924148040438,2.519781736579573,0.0,16
2023122500,470,0.0,0,91.9899978637695,41.4900016784668,8,5.17880271536814,0.3106447271269062,0.45439779424974797,5.745963800790946,0.0,16
2023122500,495,0.0,0,82.6100006103516,21.7700004577637,7,3.1216981897700005,0.5608926552196337,-0.1651815540116798,4.533982796614922,0.0,16
2023122500,520,0.0,0,79.9100036621094,46.9799995422363,12,3.6323713954329326,0.6350625411453644,-0.4750651473524212,4.327551270637945,0.0,16
2023122500,572,0.1451,1,54.4099998474121,2.30999994277954,15,2.6612965635541608,0.3099998474121061,-0.17568523842916542,3.7250503352303856,0.0,16
2023122500,602,0.6914,1,49.5999984741211,28.75,9,0.9257432250906055,2.2200004948801135,-0.15489174593724772,2.3730571000294125,0.3522,16
2023122500,625,0.215,1,48.5699996948242,22.7000007629395,6,2.38801197126972,0.9304843502710703,0.19457876209161917,2.661822683801463,0.0,16
2023122500,722,0.6272,1,22.7099990844727,35.9300003051758,7,1.2003324429648026,0.9920173482305644,-0.44695006711640345,2.3621176939348323,0.4013,16
2023122500,771,0.2112,1,15.3800001144409,44.4799995422363,8,2.3943686235622623,0.9541489888738709,0.10219254276870364,7.554985109184531,0.0,16
2023122500,997,0.1251,1,76.6900024414062,1.35000002384186,14,2.624807169708283,1.4855660945803049,-0.16927539450928417,4.060701909768799,0.0,16
2023122500,1047,0.0,0,52.7799987792969,10.8299999237061,14,4.210105961895691,3.3496406282709805,0.22754463186968668,1.875233318816626,0.0,16
2023122500,1086,0.0,0,36.560001373291,19.7000007629395,6,4.021902224148815,1.698498091613429,0.06900676109882284,1.7996110690924298,0.0,16
2023122500,1109,0.0,0,61.3899993896484,5.84999990463257,19,4.716661596347176,4.482643752423225,0.7426850189896574,4.86483298788355,0.0,16
2023122500,1181,0.0,0,73.2900009155273,47.7400016784668,12,3.2528160050783774,1.5152874110590269,-0.44493381020698486,2.553135327396498,0.0,16
2023122500,1211,0.3036,1,72.7300033569336,34.0900001525879,11,2.1396522046861177,0.6664112392739419,-0.6320562151871151,1.971319355152784,0.0,16
2023122500,1290,0.0,0,59.9599990844727,42.4000015258789,10,5.7669586014842995,0.9082385275375822,-0.42630742391937376,4.4777226354476225,0.0,16
2023122500,1340,0.0,0,37.3199996948242,42.4000015258789,9,6.5103764841469935,1.1244539310566952,-0.09131271488716487,9.350614953039186,0.0,16
2023122500,1516,0.5333,1,62.5900001525879,6.26000022888184,15,1.4001426231760925,1.320037777678024,-0.7515605936026836,1.6843396332094072,0.5334,16
2023122500,1642,0.19,1,78.0199966430664,46.0900001525879,12,2.4298528461899185,2.8669297855502016,-0.6018392660981057,4.02140522703196,0.0,16
2023122500,1771,0.0,0,72.25,19.2199993133545,7,6.18612123063616,2.2348599871788357,-0.17195442345790435,5.156937075435382,0.0,16
2023122500,1818,0.8698,1,38.1100006103516,13.4200000762939,16,0.3905126987013731,2.693120252030116,0.30387519525544937,4.3530793698254575,0.0,16
2023122500,1959,0.0,0,55.1500015258789,8.34000015258789,9,11.487176868032597,0.6551326518395068,0.5444503640993704,12.473752442629284,0.0,16
2023122500,1991,0.0,0,51.1199989318848,40.2400016784668,8,5.77541226534705,1.7017618254476377,-0.38899542941970144,7.319726770856958,0.0,16
2023122500,2016,0.0179,1,38.2700004577637,32.7000007629395,9,2.9462526879282014,1.8543198309685902,0.16760888662683004,3.5075490017959847,0.0,16
2023122500,2094,0.0,0,33.310001373291,14.8999996185303,7,10.625677848968635,1.0526157589145073,-0.5677615240441337,11.405809923017308,0.0,16
2023122500,2328,0.9492,1,18.0200004577637,48.8800010681152,29,0.15231546212175126,0.7134412513941529,0.04311236080123504,0.8868483523128359,0.1977,16
2023122500,2463,0.0,0,29.5900001525879,8.86999988555908,10,6.100032710878807,1.0000498450254443,0.31178140491501716,4.278340799889603,0.0,16
2023122500,2657,0.0,0,73.120002746582,31.1299991607666,8,3.3324161488669755,3.6828545489181392,0.15786528838768918,5.030755410472664,0.0,16
2023122500,2680,0.6311,1,89.370002746582,43.0299987792969,22,1.1067941894022864,1.4035639146853232,-0.5113152270569458,2.5794766911139195,0.0,16
2023122500,2714,0.0,0,63.2900009155273,41.6599998474121,13,4.365776823119524,0.6600758919293604,-0.5854171054883235,7.92369232113413,0.0,16
2023122500,2850,0.0,0,27.5300006866455,25.9699993133545,7,4.824987298504112,1.5147599682908865,-0.3102260376138359,5.442655601817922,0.0,16
2023122500,2875,0.1763,1,49.7999992370605,35.9300003051758,14,2.471113500998134,3.3362410932918682,-0.7488897327311673,2.1169789795838785,0.0,16
2023122500,3052,0.0,0,19.1900005340576,10.2200002670288,9,4.45188671782635,4.776494049170839,-0.10167483056835867,1.113283432015403,0.0,16
2023122500,3118,0.0,0,36.6800003051758,7.86999988555908,8,5.058141634447214,0.8280095687166402,0.38426352252340373,4.587853528612265,0.0,16
2023122500,3163,0.0,0,80.2399978637695,12.7200002670288,9,11.465816716493892,0.5323511644611989,-0.206763951637568,9.43017497186557,0.0,16
2023122500,3210,0.0,0,60.7999992370605,23.0599994659424,6,3.4311797252470786,1.783394706644676,-0.2983202138476615,4.213039282987997,0.0,16
2023122500,3235,0.8898,1,50.6300010681152,51.2799987792969,14,0.3306066589499769,1.1936931087668967,0.35113730903667506,1.9932385707686844,0.857,16
2023122500,3379,0.0,0,59.9300003051758,42.1800003051758,8,5.050564747873393,1.610124645265483,0.3819000341950627,5.622970745077727,0.0,16
2023122500,3582,0.1271,1,14.8800001144409,33.5699996948242,7,2.685312110051177,1.0720543059358385,-0.12545326812612384,4.62449997297005,0.0,16
2023122500,3612,0.7147,1,9.23999977111816,43.8300018310547,16,0.855862125061752,0.6455997653424541,-0.3156862916817111,0.9604686356149281,0.0,16
2023122500,3755,0.0,0,40.0800018310547,18.9200000762939,7,4.806037135139475,4.577651537018086,-0.5569288081866464,0.5261178575186366,0.0,16
2023122500,3851,0.0,0,77.1800003051758,37.939998626709,8,13.906947480753079,0.7507341174409646,-0.37049076117865837,14.326548781894399,0.0,16
2023122500,3920,0.0,0,67.870002746582,9.36999988555908,9,7.183685640970262,1.1717514430338536,-0.09174627433981818,8.699040176939066,0.0,16
2023122500,3950,0.0,0,45.6100006103516,32.9599990844727,13,10.936298434836702,0.7184020514792337,0.13190865057714793,6.1952885324252644,0.0,16
2023122500,4009,0.7087,1,1.82000005245209,12.6099996566772,13,1.3914024795918947,0.7831350732325696,0.777983007813829,2.426623168108305,0.0,16
2023122500,4032,0.6765,1,8.65999984741211,29.3799991607666,8,1.327404298942974,0.26476484121443705,0.4240564108517847,1.8925643978475344,0.0,16
2023122501,311,0.0,0,47.7400016784668,49.3899993896484,8,13.186476171935052,0.8723513606142124,0.1347224352373846,12.851229513163322,0.0,16
2023122501,336,0.0,0,62.4300003051758,5.01000022888184,12,6.570920486533383,0.08944234378340914,-0.26604014485918814,13.532497921669888,0.0,16
2023122501,503,0.8318,1,80.0100021362305,28.9899997711182,6,1.2382258354634121,0.31827522373973344,0.12516233821161799,0.9211405973031467,0.4891,16
2023122501,632,0.6341,1,80.870002746582,3.83999991416931,16,1.7791013828206137,0.6228968100957385,0.6031529570114109,1.1161541112230013,0.0,16
2023122501,684,0.4703,1,68.2600021362305,45.9000015258789,12,1.8970790551944117,0.8028100101272047,-0.07776912663748523,1.6727522231340763,0.0,16
2023122501,709,0.5809,1,48.6800003051758,48.7700004577637,10,1.605273100533158,0.8646969655813052,0.18734094733407686,2.48072570027401,0.0,16
2023122501,868,0.0,0,34.3199996948242,11.9300003051758,8,3.2249027586478327,0.193132252974127,0.08171872041152321,4.83182160266705,0.0,16
2023122501,893,0.0,0,27.7399997711182,4.6100001335144,13,3.9412305832520174,2.661766205369422,-0.4054638522017561,3.676805678846788,0.0,16
2023122501,918,0.0,0,27.5499992370605,40.2400016784668,8,4.852637750399224,1.2778114252805637,0.34231092533198143,6.1581896690504765,0.0,16
2023122501,941,0.0,0,29.4099998474121,4.55000019073486,16,3.184273636661845,1.5480633007778977,-0.2986623196120359,8.181399635759153,0.0,16
2023122501,1078,0.5359,1,110.269996643066,6.78000020980835,10,1.4534468890995236,0.7023560522526808,-0.0544899083433489,0.8417244204607583,0.0,16
2023122501,1214,0.0,0,86.1900024414062,36.4300003051758,5,13.274854008391062,1.0239142854131753,-0.5369492711918978,14.794215085633972,0.0,16
2023122501,1299,0.2919,1,80.0400009155273,6.44999980926514,9,2.1243815357259463,0.841546059557121,-0.0413531329261395,2.986854532781943,0.0,16
2023122501,1322,0.0,0,84.1800003051758,23.8600006103516,9,3.6465056021745132,1.2300406373298864,-0.18363490187114587,2.17267116701999,0.0,16
2023122501,1570,0.0,0,45.5,53.8600006103516,19,6.78144575430309,8.627450837819081,0.5897619258530481,3.000283319954967,0.0,16
2023122501,1619,0.0,0,66.8099975585938,49.5499992370605,9,3.1146419416113855,1.8216472272676185,0.5239349712042701,1.849999999999996,0.0,16
2023122501,1863,0.7931,1,38.5800018310547,6.48000001907349,10,0.9087370496682609,0.750001453400497,0.19449044109428135,6.513447627792827,0.0883,16
2023122501,1888,0.5042,1,34.4599990844727,50.7700004577637,8,1.5411998236320512,0.4341650234406403,0.22541609024946788,1.9334166648707678,0.0,16
2023122501,1911,0.0,0,33.0,19.0100002288818,8,4.942317208675955,0.2531800040306338,-0.10371281882615976,7.504831776928779,0.0,16
2023122501,1958,0.0,0,32.8800010681152,42.2099990844727,10,14.1681496314835,0.4657264007163382,-0.3059764911585414,13.865110890288616,0.0,16
2023122501,1995,0.0,0,51.2999992370605,40.9099998474121,9,12.320199625825557,2.1681334228001887,-0.6184763988864278,11.642048788765663,0.0,16
2023122501,2151,0.0,0,91.8899993896484,5.82000017166138,14,6.510122849320519,0.8367801747578549,-0.45287634144717004,5.927174706384153,0.0,16
2023122501,2439,0.0,0,36.5099983215332,13.1199998855591,10,5.006497422865888,0.4263813387014406,-0.5747854927090981,9.55471087997957,0.0,16
2023122501,2686,0.7889,1,62.4900016784668,17.9400005340576,10,1.0120261364920522,0.440455790180666,-0.21252963122871868,2.716210595664484,0.0,16
2023122501,2755,0.0,0,52.1699981689453,35.2999992370605,9,10.98597230479369,1.708566113103569,-0.588335163854316,9.5927316234741,0.0,16
2023122501,2822,0.0639,1,21.3299999237061,17.3700008392334,9,2.8241815966177337,1.1723915391550157,0.4220693449858303,5.569703762319857,0.0,16
2023122501,2882,0.0,0,15.5100002288818,13.8900003433228,8,12.417769146915658,1.5814236837301063,-0.5049781210918568,13.628536238349298,0.0,16
2023122501,2973,0.0,0,40.4199981689453,47.4099998474121,10,12.515930473068826,1.126056835957288,-0.34792151696097207,8.371815812594061,0.0,16
2023122501,3025,0.2239,1,72.370002746582,22.1299991607666,8,2.5028168274049714,0.5685041589716305,0.20539761258082315,1.6717057157287003,0.0,16
2023122501,3050,0.2239,1,93.5299987792969,43.7799987792969,16,2.32819833672305,0.5510888768595453,0.7416086068548043,4.656618945114572,0.0,16
2023122501,3115,0.0,0,86.4700012207031,41.75,8,3.4047162401267603,2.02427670821156,-0.3852557492318582,3.4792240514229524,0.0,16
2023122501,3176,0.8146,2,88.6699981689453,33.8199996948242,7,1.0846668150233045,2.278817301733789,-0.03941983665078052,0.8736704184073132,0.3859,16
2023122501,3206,0.9756,1,88.7300033569336,46.3499984741211,10,0.5852324143221875,1.4491726091926778,0.5171316164122891,4.728477556254232,0.0,16
2023122501,3275,0.0848,1,45.6699981689453,4.8899998664856,15,2.8144259312292665,0.5200979782411638,-0.49345105686896884,2.9699831649354516,0.0,16
2023122501,3364,0.0,0,73.1999969482422,50.6300010681152,12,4.467529498976909,5.1809291333293075,0.2981102503959112,3.6557078657901427,0.0,16
2023122501,3436,0.0,0,57.5200004577637,51.189998626709,18,4.418607247945739,2.5932616433614877,-0.5800223264756185,7.989849810853771,0.0,16
2023122501,3510,0.0,0,23.2000007629395,33.2000007629395,7,3.1486510425025727,1.2291866174839858,0.05299285229586222,4.986070597173689,0.0,16
2023122501,3618,0.0,0,54.1800003051758,38.5499992370605,11,4.738142345836023,0.4492223675134113,0.14961325294033487,3.6843995440234214,0.0,16
2023122501,3687,0.3897,1,82.7699966430664,43.2000007629395,14,2.1602280538782903,1.0904155799954858,-0.2238359450782385,6.688931155274357,0.0,16
2023122501,3710,0.0114,1,67.870002746582,6.42999982833862,9,2.9761881805638986,1.733261883157764,0.502417627906688,1.3803260484392883,0.0,16
2023122501,3784,0.3353,1,58.5999984741211,38.5299987792969,6,2.407092966945321,0.8236486031604949,0.48310663600771603,1.5216109883935545,0.0389,16
2023122501,4343,0.215,1,55.8400001525879,22.1700000762939,7,2.3549097815724327,0.7465252474419941,-0.025553690885486362,1.129291813483124,0.0,16
2023122501,4391,0.0,0,62.439998626709,4.05999994277954,12,6.747563884442701,0.4964887652878503,-0.5804279117418379,9.343928510000483,0.0,16
2023122501,4421,0.255,1,96.0299987792969,50.4000015258789,25,2.234858220530568,1.9100242589249063,-0.06867372296546434,1.8402445489662542,0.0,16
2023122502,91,0.2567,1,48.7299995422363,35.310001373291,8,2.3593425643211843,1.5487082088279418,0.1123432257345796,3.690054200143947,0.0,16
2023122502,114,0.0,0,54.9700012207031,0.939999997615814,16,5.1940066238014655,3.2054493185000865,0.6223187105953852,1.872671887971837,0.0,16
2023122502,157,0.0,0,104.800003051758,41.4199981689453,11,7.242192174857969,1.7601154289576848,-0.636460618004156,9.210043430950794,0.0,16
2023122502,186,0.5247,1,92.6999969482422,24.2800006866455,8,1.995844126930137,1.221473098418937,0.365727531631259,3.175169286825507,0.5106,16
2023122502,209,0.0,0,86.5699996948242,28.2199993133545,10,3.0870204962769754,1.9833803498068718,-0.3068854105720002,3.027110833781952,0.0,16
2023122502,241,0.0,0,25.8400001525879,32.2900009155273,12,4.467807620258665,1.98640415061634,-0.3604290038281128,5.958137292812241,0.0,16
2023122502,274,1.0013,1,8.14999961853027,33.5699996948242,12,0.4045990548714719,0.9192383466101905,-0.3856130714632749,3.611675511448945,0.0,16
2023122502,330,0.0,0,41.9099998474121,25.8199996948242,13,4.743437293158406,4.036731070506892,-0.40911988870934096,8.009019915070757,0.0,16
2023122502,353,0.2825,1,27.7600002288818,43.8699989318848,12,2.1524404027048343,1.9349942304345875,-0.6844061138993012,2.6123169792351035,0.0,16
2023122502,485,0.0,0,54.2000007629395,4.23999977111816,16,3.4539840008179303,1.9985001227118666,-0.4679789183220364,2.0456050449683634,0.0,16
2023122502,515,1.1909,1,34.4099998474121,3.15000009536743,19,0.5375871337526397,0.5913542025402051,-0.03922614583393463,4.254703279900958,0.1654,16
2023122502,685,0.0,0,33.4099998474121,12.6300001144409,10,5.43798657729417,4.063409720764988,-0.3132403134621495,1.0358571330062858,0.0,16
2023122502,751,0.0,0,39.4199981689453,12.1899995803833,9,7.042707314058751,1.2330870935860758,-0.4295187158169592,3.577541054970577,0.0,16
2023122502,781,0.0,0,43.4099998474121,42.6300010681152,10,9.061594609777561,1.7181375151591889,-0.20347831810890307,10.707273228978515,0.0,16
2023122502,972,0.0,0,97.8600006103516,39.7000007629395,7,9.353485131893278,2.2688313262908846,-0.34087357001806995,9.094597297296886,0.0,16
2023122502,1040,0.0,0,71.0599975585938,34.7799987792969,11,6.365854877799415,0.4275519088637806,-0.2579133401612277,2.596247291765557,0.0,16
2023122502,1113,0.3289,1,71.3199996948242,49.560001373291,15,2.0132560524839813,1.5239743945763353,-0.7788666571158328,1.469863939281462,0.0,16
2023122502,1192,0.1174,1,52.8300018310547,18.1700000762939,8,2.6992045416147827,1.0962223118222512,-0.0743396590451701,1.6378339354159202,0.0,16
2023122502,1267,0.0,0,21.8799991607666,3.52999997138977,13,4.890009385648035,0.934076402292453,-0.11360554119428552,3.5454336829223037,0.0,16
2023122502,1315,0.0,0,21.8600006103516,33.4700012207031,7,3.8847922172608964,1.2081398125393326,-0.13144679155574115,3.669509504007316,0.0,16
2023122502,1363,0.0,0,-5.26000022888184,18.2800006866455,16,6.44263935925741,6.252911369887711,0.22621179307906453,0.6350590523722961,0.1955,16
2023122502,1386,0.0,0,17.7199993133545,27.9300003051758,6,3.8281587905078465,0.7271859325466553,-0.10439289361907578,4.759464255564906,0.0,16
2023122502,1506,0.0,0,31.8799991607666,7.76999998092651,12,8.626993354969951,0.3061039111422775,0.19869024769273513,12.951822265611893,0.0,16
2023122502,1531,1.1235,1,45.6699981689453,15.9499998092651,11,0.7242254089270276,0.4830123908343054,0.29940634318025344,2.216055053467762,0.0166,16
2023122502,1602,0.0,0,32.25,19.75,6,5.984062165452494,1.6994116628998404,-0.3259738157633143,4.28337483767181,0.0,16
2023122502,1625,0.0,0,29.8099994659424,16.3999996185303,6,3.352923830054075,0.19924879139408952,-0.2002912045645192,4.0035609149855595,0.0,16
2023122502,1779,0.0,0,53.5499992370605,27.8199996948242,6,8.887592528300194,0.4101222195712404,-0.009111242331583495,9.515718575073562,0.0,16
2023122502,1933,0.2862,1,83.7200012207031,10.1599998474121,10,2.224073965695426,1.8265001493051274,-0.29720272695613376,7.805088084064143,0.0,16
2023122502,2044,0.0,0,73.8499984741211,41.5800018310547,7,11.69357440507175,1.3160903599125966,-0.6776750225989085,11.280514172678476,0.0,16
2023122502,2074,0.0,0,65.7799987792969,47.1500015258789,10,5.190644639393555,1.864884283245612,-0.5141483395311196,6.01466541047796,0.0,16
2023122502,2104,0.3735,1,44.9599990844727,43.310001373291,13,1.9192706900518972,1.2432610251622145,-0.1579378698604347,1.0420172743289808,0.0,16
2023122502,2174,0.3382,1,50.2299995422363,51.189998626709,11,2.1392520816855845,1.7613918982070287,0.10076450674273696,2.7211762162711906,0.0,16
2023122502,2210,0.0634,1,30.3999996185303,54.189998626709,19,2.865134074750859,3.2380541595682724,0.6541774659528894,3.7740429250341037,0.0,16
2023122502,2260,0.0,0,-1.05999994277954,47.3600006103516,19,3.1992503236957766,1.3440241266311908,0.489464890654991,1.2660568707605515,0.0,16
2023122502,2366,0.0,0,38.5499992370605,15.8500003814697,9,6.181812380117979,0.7793588135243532,0.0691049442358071,6.301317322592163,0.0,16
2023122502,2391,0.8026,1,46.75,21.8899993896484,10,0.592283839459389,1.0163662139023089,0.3433789462763261,0.7343023900274347,0.5979,16
2023122502,2490,0.0,0,47.4300003051758,34.0499992370605,8,9.961847567495141,1.5955246122992708,-0.038728943496315824,7.1309045709503085,0.0,16
2023122502,2549,0.0,0,7.96999979019165,2.14000010490417,10,3.727425165941108,2.3764889151011563,-0.22199742862012595,1.3430189872075522,0.0,16
2023122502,2640,0.0,0,7.05000019073486,34.6500015258789,11,4.191479149347402,2.1304691999641214,-0.5878534740066446,2.2992390045404147,0.0,16
2023122502,2718,0.0,0,30.3199996948242,36.6199989318848,9,3.595553474106248,1.1029056361658633,-0.3438317518520304,5.4372235561911575,0.0,16
2023122502,2741,0.0,0,43.0,19.25,14,5.077341824222589,1.59003144622992,-0.3322551867355198,4.403237445334962,0.0,16
2023122502,2766,0.0,0,50.2799987792969,47.9000015258789,10,3.6433508923930553,1.984363353497775,-0.5211148131449697,5.341834890746807,0.0,16
2023122502,2818,0.0,0,51.5499992370605,30.9500007629395,7,4.975792285190185,0.8324064533274845,0.11559777803193302,5.790198614900871,0.0,16
2023122502,2956,0.0,0,72.5100021362305,11.3699998855591,14,5.810371488424875,0.6824971522490583,-0.06720707933499337,3.3136083051561833,0.0,16
2023122502,2981,0.0,0,52.189998626709,20.6599998474121,7,4.6679426708871015,1.5505146663584872,-0.2864076324288292,3.620220987729897,0.0,16
2023122502,3028,0.0,0,28.9799995422363,19.7600002288818,6,7.770102502841485,1.1544691865889634,-0.15823180446364812,4.841260166526893,0.0,16
2023122502,3188,0.0,0,51.6599998474121,20.8199996948242,13,3.159905391677229,0.9192387906435122,-0.4821534955413774,3.6003472054789407,0.0,16
2023122502,3340,0.0,0,50.7400016784668,6.71999979019165,13,4.695743691041233,5.181891801609531,0.34585995382217194,0.5703507692639682,0.0,16
2023122502,3363,0.0,0,59.310001373291,42.0699996948242,8,10.484437471433976,0.48795417795850476,-0.2361760580999771,12.511214968978832,0.0,16
2023122502,3574,0.0,0,96.629997253418,22.7999992370605,6,6.131392149418437,0.9873683886205231,-0.18440677943414585,7.410330626901875,0.0,16
2023122502,3610,0.7951,1,80.9499969482422,27.0699996948242,8,1.2831606799523823,1.1512153612034488,0.1476181065654363,0.9936800289831789,0.4468,16
2023122502,3656,0.0088,1,76.3399963378906,33.5299987792969,9,2.977327538662117,2.190635815998424,-0.08540353049790457,2.22643212337587,0.0,16
2023122502,3711,0.0,0,61.7999992370605,15.3800001144409,10,3.1241792451231714,1.4731251973221084,-0.34719018044371736,3.8556452118938442,0.0,16
2023122502,3764,0.0,0,35.7099990844727,17.2399997711182,8,3.502799073002309,2.4835854395285386,0.1655148978286847,2.0223748416156693,0.0,16
2023122502,3793,0.0,0,28.6200008392334,48.2400016784668,10,4.733393605256313,1.658463017491441,-0.6012340003935184,4.321504367694196,0.0,16
2023122502,3823,0.0,0,22.3700008392334,8.21000003814697,13,3.4439663126558364,1.4866075213747996,-0.6044333542542233,2.516445906432323,0.0,16
2023122502,3848,0.0784,1,19.5100002288818,21.5400009155273,6,2.7985180232627562,1.724094691125748,0.03617638069622413,2.9759368272864943,0.0,16
2023122502,3871,0.0,0,8.35999965667725,22.25,11,4.141207293040671,1.0874738250739975,-0.4797662684121631,3.9981620777552265,0.0,16
2023122502,4055,0.0,0,85.1399993896484,45.7299995422363,10,14.020430905825735,0.22803507163825373,-0.4527563443632637,13.60419053086218,0.0,16
2023122502,4085,0.0,0,60.4300003051758,50.5699996948242,16,3.7756187382585935,2.7994638180296336,0.4211650498851552,3.9869411834136717,0.0,16
2023122502,4108,0.0,0,70.1800003051758,15.0900001525879,9,4.682328685553365,1.4204225067409915,-0.057681304706210836,2.741331793125374,0.0,16
2023122502,4190,0.0,0,51.9300003051758,7.8600001335144,11,3.1501430971249755,1.4610273674889886,-0.5015303089108829,2.8115654002708172,0.0,16
2023122502,4213,0.3177,1,46.9099998474121,17.7399997711182,10,2.3254464676936446,0.25079848375869485,0.36602986539657834,1.3619471355379398,0.0,16
2023122502,4238,0.0344,1,26.1599998474121,17.2600002288818,9,2.903962917658574,2.011889780351097,0.14969739496438517,0.936002136749697,0.0,16
2023122502,4263,0.4988,1,5.0,4.32000017166138,19,1.7100290678576526,8.603725766468294,0.12854462971599928,1.060424443324464,0.0,16
2023122502,4419,1.3632,3,9.11999988555908,28.1000003814697,14,0.424499348778311,1.343502533592691,-0.515124459563209,1.5861904047118696,0.2636,16
