game_id,play_id,crp,n_defenders_in_radius,ball_land_x,ball_land_y,num_frames_output,min_def_dist_arrival,rec_dist_to_ball,rec_closing_v,sep_at_throw,crp_at_release,week
2023092100,78,0.0,0,77.1699981689453,18.5200004577637,9,5.688627940985052,5.057132334448423,-0.24527658419540976,1.8852055590836787,0.0,3
2023092100,101,0.0,0,77.870002746582,18.2900009155273,9,4.872946690479046,6.24375947284519,-0.17289274134426952,3.113069225057475,0.0,3
2023092100,126,0.0,0,51.8199996948242,39.1800003051758,17,5.608279166985505,4.150433411544162,-0.5682040072413578,7.479919785666158,0.0,3
2023092100,213,0.0861,1,46.3400001525879,27.4599990844727,9,2.741697471685336,1.6542071385787995,-0.5363808277149585,1.8000555546982449,0.0,3
2023092100,307,0.0,0,23.8500003814697,42.8499984741211,9,6.717001488391844,1.4648560744281687,-0.3792364027484456,12.760940404217864,0.0,3
2023092100,330,0.3945,1,15.9200000762939,33.5099983215332,8,2.083313332464863,2.9620447027532593,0.1793158108333505,3.135123602029112,0.1232,3
2023092100,353,0.5572,1,7.42999982833862,6.53999996185303,18,1.3285328511234902,1.7392525381771935,-0.6741617396159235,2.1961101975993818,0.0,3
2023092100,423,0.0,0,60.2000007629395,50.3899993896484,24,3.459090356489942,2.809128904161678,0.4426598647154882,0.9757561170702441,0.0,3
2023092100,473,0.0,0,44.1800003051758,29.3799991607666,7,3.7194898766258935,1.8040514491458646,0.07880590604924831,1.6323296235748457,0.0,3
2023092100,498,0.0,0,47.9199981689453,43.0200004577637,9,8.0913923254158,2.0721255121703193,-0.47830281395936775,8.422030633997952,0.0,3
2023092100,572,0.0,0,60.4900016784668,42.8699989318848,8,3.074343545950829,2.578410245821205,-0.42080376082670096,4.669014885390711,0.0,3
2023092100,627,0.0,0,79.9800033569336,41.4000015258789,10,10.361391790568485,1.8630053353139309,-0.7004884486223101,8.000862453510878,0.0,3
2023092100,672,0.0,0,83.2399978637695,40.4500007629395,9,3.5061675708900997,3.0828888753495525,-0.4572793812549315,1.0607544484940896,0.0,3
2023092100,771,0.6635,2,70.620002746582,6.32999992370605,16,2.087220733055431,1.3445100883340306,-0.49461136324271676,5.40126836955913,0.0,3
2023092100,851,0.0,0,64.4000015258789,19.4500007629395,7,4.434975553873417,1.8944673193151658,0.05581940575336158,3.2408949381305163,0.0,3
2023092100,971,0.0,0,103.379997253418,35.5499992370605,8,3.1612790505748913,2.334308325454188,-0.26333993174732745,8.15456927127362,0.0,3
2023092100,1087,0.0066,1,36.7599983215332,18.5599994659424,8,2.984242505904742,2.386001416663056,0.25517726651060507,2.5920841035738,0.0,3
2023092100,1209,0.0,0,75.4300003051758,14.5200004577637,8,4.370823554470226,2.5501769258045055,-0.6720025538585115,7.678079186880019,0.0,3
2023092100,1336,0.3894,1,109.860000610352,48.1399993896484,16,1.831747216121444,1.5297055667981692,-0.670320048823511,1.8927493230747758,0.0,3
2023092100,1441,0.0773,1,83.5500030517578,21.7999992370605,8,2.8398974402825568,2.2119931687725445,-0.009896476466907436,3.0705862632402887,0.0,3
2023092100,1506,0.0,0,33.689998626709,36.3800010681152,7,8.811386374637195,1.091789241365546,0.14694165589643973,5.866148651372553,0.0,3
2023092100,1536,0.0,0,36.5999984741211,22.75,7,7.200556814067885,2.0920100702519333,-0.4659900650653297,7.594609930733768,0.0,3
2023092100,1632,0.0,0,80.5400009155273,20.3500003814697,8,3.6964033296407863,7.181398681482706,-0.6851747612131521,3.991252936109156,0.0,3
2023092100,1744,0.0,0,94.0299987792969,7.51999998092651,11,6.5742308350804795,1.350592987797344,-0.5564341290422876,6.898296891262364,0.0,3
2023092100,1856,0.0,0,84.2099990844727,12.710000038147,9,5.233067020945797,1.642588920799394,-0.48916725268531874,6.972840167392336,0.0,3
2023092100,1881,0.0,0,79.6900024414062,25.9200000762939,6,3.573375915611294,1.5003023468500731,-0.31107859823969397,3.6598633854284754,0.0,3
2023092100,1906,0.0,0,77.7399978637695,18.0200004577637,6,4.322612885324871,2.6207042987970275,-0.06504586791580272,2.3810081898221216,0.0,3
2023092100,1931,0.1248,1,60.5200004577637,3.72000002861023,15,2.6254527614138903,2.6958489389179676,-0.5434755923565378,1.1604309544302966,0.3988,3
2023092100,1961,0.0,0,50.0200004577637,8.44999980926514,9,6.823562512216358,1.7664090287306988,-0.5338003017741552,7.357723832816775,0.0,3
2023092100,1986,0.1276,1,41.7900009155273,17.4200000762939,8,2.721065905069121,1.0247431028407654,0.5300539055226152,1.9250974001333028,0.0,3
2023092100,2016,0.0,0,32.7999992370605,45.4500007629395,16,3.8769570859552775,4.065920409182331,0.5630675298150293,0.3640054944640245,0.0,3
2023092100,2200,0.0,0,34.5099983215332,47.2200012207031,10,12.78330356984043,2.0044191046959337,-0.7593283679899857,13.00455689364309,0.0,3
2023092100,2397,0.3353,1,98.5999984741211,8.30000019073486,13,1.994240200325774,1.7883221512469576,-0.5670103309161629,1.2525174649480912,0.0,3
2023092100,2463,0.0,0,75.75,17.2000007629395,7,5.848530169385537,2.099952754624718,-0.18916424165455414,5.056649088081952,0.0,3
2023092100,2588,0.0,0,68.5199966430664,20.9300003051758,13,8.443053915002094,1.039419857491694,-0.21138215460970286,5.310753242243514,0.0,3
2023092100,2633,0.067,1,42.5800018310547,31.2299995422363,9,2.8259174314242133,1.073547263142087,-0.20352332453143643,3.8212563379077302,0.0,3
2023092100,2718,0.0,0,33.5499992370605,10.7799997329712,11,9.385775830937373,0.592284517016435,0.286755740548095,13.736382347619767,0.0,3
2023092100,2993,0.0604,1,28.5799999237061,43.5400009155273,11,2.8188648531029745,1.8631686782198227,-0.5305568549923524,4.749484182519191,0.0,3
2023092100,3052,0.0503,1,53.2799987792969,1.29999995231628,24,2.9000690039616206,1.8000278184652656,0.4986706748266247,1.6534206966165654,0.0,3
2023092100,3095,0.0,0,80.5100021362305,14.4399995803833,10,6.181983752757628,1.8471887541592404,-0.20887943740779547,5.287239355277951,0.0,3
2023092100,3208,0.0,0,59.3800010681152,12.6199998855591,9,4.651076216246157,1.8617203888050455,-0.39011242050445866,4.683897949357987,0.0,3
2023092100,3339,0.0,0,88.0699996948242,44.2400016784668,10,4.337788644119023,2.3728661485971423,-0.5180759735169223,6.440031055825738,0.0,3
2023092100,3445,0.0,0,90.4499969482422,16.9200000762939,8,4.282252076072434,0.9330050518770461,0.32325631746424605,4.8245725199234,0.0,3
2023092100,3470,0.0,0,88.629997253418,39.1100006103516,8,11.018390899709777,2.699034359658523,0.12693706686744205,7.862932023106899,0.0,3
2023092100,3495,0.0,0,75.6999969482422,22.3099994659424,11,3.620664085469578,0.5200030517580714,0.3264577660359528,2.839753510430085,0.0,3
2023092100,3544,0.0,0,42.3499984741211,29.7999992370605,6,3.3497760959788185,1.4940230070137475,0.09840833435743797,7.280830996527802,0.0,3
2023092100,3579,0.0,0,62.5099983215332,11.9399995803833,10,3.284023654485941,1.4727196231400914,-0.6150846398573663,4.433057635537807,0.0,3
2023092100,3677,0.0,0,80.1800003051758,41.7200012207031,9,6.556249887355601,1.5711450723534497,-0.42744742043157175,6.7545910312912385,0.0,3
2023092100,3724,0.6633,1,107.529998779297,3.91000008583069,24,1.0101991048344972,1.068317476434219,-0.5905629412083704,2.370590643700426,0.0,3
2023092100,3788,0.2985,1,79.8499984741211,46.0200004577637,10,2.1247337027254916,1.2408451424263,-0.2638419796961385,5.193919521902503,0.0,3
2023092100,3823,0.0,0,82.7600021362305,44.9700012207031,9,4.213610227717962,2.3743846139427585,-0.27125008123559113,5.703796980959265,0.0,3
2023092100,3879,0.3309,1,55.7900009155273,36.3300018310547,9,2.0072127539338727,1.035858237802099,0.04736329353099871,1.7066048165876029,0.0,3
2023092100,3907,0.0,0,57.9500007629395,41.6300010681152,9,11.658358794534783,1.1261444347168068,-0.1573533389943448,8.588067302950064,0.0,3
2023092100,3957,0.7412,1,54.1100006103516,36.0099983215332,7,1.4354458042662852,0.9158620007124018,0.23294256177679434,3.0708467887538817,0.4358,3
2023092100,4138,0.0,0,90.5699996948242,39.0699996948242,12,3.533907352772391,1.6728719264121583,0.42369311131772197,1.2791403363196707,0.4086,3
2023092400,109,1.0755,1,78.8000030517578,41.4000015258789,14,0.6579503919547162,0.46173294712938107,-0.2725681176367372,0.8927485648266269,0.2476,3
2023092400,221,0.035,1,75.4700012207031,18.7299995422363,7,2.895100592412498,1.205529914298763,-0.3529744677446255,3.9698866482558426,0.0,3
2023092400,268,0.1098,1,69.620002746582,49.5,12,2.7283894130182316,0.7134400109171781,0.47180362533020254,2.8357186038110322,0.0,3
2023092400,293,0.2417,1,59.5999984741211,40.2099990844727,10,2.2748178772189234,0.5656837849315037,-0.08118781617946079,2.305211487044085,0.0,3
2023092400,362,0.0,0,46.7099990844727,6.0,11,3.4811052492139134,2.1922128375787584,-0.6124406544638173,4.03183581014902,0.0,3
2023092400,419,0.0,0,25.5900001525879,44.060001373291,15,4.334017561626765,0.5069503077263791,-0.233858939764295,3.7956290651221476,0.0,3
2023092400,527,0.3141,1,37.1199989318848,45.439998626709,11,2.0575964340292914,1.3569467052780042,-0.413641911804896,1.2379418403139946,0.0,3
2023092400,601,0.0,0,47.5900001525879,34.4700012207031,6,3.9205091332651363,1.221883470589459,-0.13869058632981518,4.921229521166435,0.0,3
2023092400,626,0.0,0,52.0200004577637,39.3699989318848,9,3.3171680192920476,1.9369313736845377,0.08848253837042823,1.0700467279516352,0.0,3
2023092400,724,0.0,0,59.4099998474121,37.0299987792969,12,4.80505036771273,1.2519592299486566,0.495474496403236,2.4956962956257303,0.0,3
2023092400,834,0.7321,1,55.0499992370605,18.2600002288818,11,0.8036174896316284,1.3555818497936545,-0.46249280678192445,0.9481033698917032,0.0,3
2023092400,857,0.0,0,42.9000015258789,41.7999992370605,8,10.491413866588562,0.7988099268269097,0.050789340217031895,10.410422661928767,0.0,3
2023092400,882,0.0,0,51.7299995422363,19.0499992370605,9,5.543734989322322,1.641585312326905,0.3193982512738864,2.196588263648885,0.0,3
2023092400,1134,1.2083,1,64.1699981689453,22.3500003814697,13,0.766943818903051,0.2701855707069352,0.22945507840350907,0.9899494936611565,0.0885,3
2023092400,1189,0.1011,1,52.9599990844727,31.25,8,2.7308963732118783,0.18110679283508216,-0.3026521290397798,5.092209736450378,0.0,3
2023092400,1236,0.0,0,49.8800010681152,42.2799987792969,8,5.2950736557808185,0.8032440406079122,0.14103315523353302,2.784115658517077,0.0,3
2023092400,1308,1.019,1,27.2600002288818,32.0699996948242,8,1.1646886489735855,0.6203221843742809,0.7524827803429716,1.808922331113197,0.5945,3
2023092400,1338,1.0975,1,16.3999996185303,50.2700004577637,18,0.8300606919127704,0.732461065618374,-0.6323502778682665,1.0570241246064331,0.0,3
2023092400,1460,0.1295,1,24.3400001525879,22.6100006103516,7,2.637821640868427,1.4431221652593391,0.02956014860909379,2.063055985667865,0.0,3
2023092400,1552,0.7768,1,8.6899995803833,13.5500001907349,16,1.4052757731044245,2.0912192848262303,0.1996868731583289,0.7355270219373324,0.0,3
2023092400,1878,0.3804,1,43.2000007629395,48.5299987792969,12,1.8588439901230396,1.6703601864472377,-0.5538147612879474,1.645144370564481,0.0,3
2023092400,1925,0.1665,1,55.0999984741211,9.23999977111816,10,2.5004985007149316,1.9333119290368057,-0.4952101442590231,1.9031815467789717,0.0,3
2023092400,2105,0.0,0,39.5999984741211,34.9000015258789,7,5.708801261282871,1.5877350707954843,-0.3261945388029131,5.791312459192649,0.0,3
2023092400,2312,0.0,0,59.8499984741211,25.2999992370605,7,4.270548997379173,0.7244981215152031,-0.2700040547748803,3.6140282234647834,0.0,3
2023092400,2386,0.0,0,26.0900001525879,49.1599998474121,25,4.038539135882024,0.699714018032569,0.5751685044660492,1.2253978945632258,0.0,3
2023092400,2452,0.0,0,37.7200012207031,8.96000003814697,10,4.577388917251397,2.4016861275975985,-0.24446224952361623,5.901931887102731,0.0,3
2023092400,2505,0.7195,1,46.810001373291,23.2000007629395,8,0.8415450065500221,0.8910662386996974,-0.582335213397604,1.1853269591129691,0.6911,3
2023092400,2614,0.0,0,93.9700012207031,9.22999954223633,10,3.7052003505144917,0.4623864243746839,-0.09204797686512546,6.625918804211228,0.0,3
2023092400,2639,0.0,0,86.9000015258789,14.6300001144409,8,5.327438740371606,1.722615559194483,-0.38972059287823935,5.0760713154958745,0.0,3
2023092400,2688,0.0,0,43.3499984741211,2.09999990463257,26,3.5032570687685136,2.8145529689853905,0.7558575245468485,2.221103329428868,0.0,3
2023092400,2711,0.0,0,58.8400001525879,0.219999998807907,18,5.2533417581229065,12.00120395815663,-0.10670045413154317,3.419195811883254,0.0,3
2023092400,2814,0.0,0,48.5699996948242,36.7900009155273,7,3.2709942907170197,0.9489469614758975,-0.3059107470761026,3.8733060813728644,0.0,3
2023092400,2910,0.0,0,80.7399978637695,40.1500015258789,11,14.19931460658009,1.5147599194368502,-0.5090879102806933,13.450446089256667,0.0,3
2023092400,2962,0.2188,1,93.2300033569336,18.7800006866455,8,2.5124083693790573,0.23323693748177535,-0.25934224060771416,7.701538807277413,0.0,3
2023092400,3110,0.0602,1,62.4799995422363,39.9099998474121,7,2.819397542462189,1.850000464362105,-0.23592276202227905,3.326153935102823,0.0,3
2023092400,3317,0.0,0,71.4700012207031,17.1000003814697,7,5.182558016197125,1.6287431142085018,-0.1910168117112182,2.283199509460356,0.0,3
2023092400,3386,0.0,0,47.7000007629395,10.9499998092651,9,7.105153566401598,4.867289061440444,-0.20114459780362612,2.720900586203031,0.0,3
2023092400,3409,0.0,0,45.8899993896484,25.4799995422363,7,5.113530658129108,1.7810102240619854,0.3454719290168674,4.722933410498182,0.0,3
2023092400,3477,0.0,0,39.4300003051758,46.4000015258789,11,6.164584165287255,2.2634473802081487,-0.6442529228530881,3.7682489302061777,0.0,3
2023092400,3578,0.1422,1,53.5900001525879,8.42000007629395,9,2.6122211157776882,2.1219093973015104,-0.2363266477191355,2.1087674124947937,0.0,3
2023092400,3798,0.2173,1,18.3500003814697,20.0,8,2.347977900503445,1.2986916052547783,-0.3161041887245626,1.290348790056395,0.1294,3
2023092400,4066,1.0278,1,57.7099990844727,4.44999980926514,14,0.6640026127644255,1.7998062504234311,-0.6755747674265697,2.13841062473979,0.0,3
2023092400,4091,0.0,0,68.5100021362305,46.5099983215332,17,3.842197337098188,1.5279393909301395,-0.5813298710839818,2.7760583567353083,0.0,3
2023092400,4126,0.0902,1,75.120002746582,39.8499984741211,9,2.729466319478982,0.9167880072590544,0.042504233527390814,5.429300139060278,0.0,3
2023092400,4215,0.7079,1,102.319999694824,50.689998626709,23,0.8764138288178385,1.7647673681049105,-0.7669678783583741,1.2748725426488723,0.3035,3
2023092400,4274,0.0,0,54.7099990844727,-1.38999998569489,25,4.555052974667208,7.06147369124996,0.7599143895593917,1.5080119362922892,0.0,3
2023092400,4297,0.0,0,82.25,8.68000030517578,9,6.790891070543139,2.0001002294221295,-0.2249171182944811,5.033140172894047,0.0,3
2023092400,4322,0.0,0,75.9599990844727,5.71999979019165,11,7.680734709599507,1.8111039548642913,-0.5927946253681609,6.877855770514529,0.0,3
2023092400,4352,0.0,0,71.0699996948242,19.2900009155273,7,3.893429522262514,1.5163765936052145,0.07040263953358725,3.376536687198887,0.0,3
2023092400,4419,1.1267,1,50.2900009155273,22.5499992370605,14,0.9521033955700515,1.2525186563962,-0.14282959107171986,3.7284044844946753,0.0,3
2023092400,4448,0.0,0,59.0800018310547,21.4699993133545,9,3.2995148453561427,2.654149250574964,-0.3385031067125769,3.054832237619606,0.0,3
2023092400,4590,0.0,0,88.8499984741211,31.9500007629395,7,10.192373091595707,1.99060127567616,-0.390352546465929,10.479666025212824,0.0,3
2023092400,4615,0.0,0,44.8899993896484,54.7000007629395,27,5.022271324713024,4.385260313826414,0.5024431583161958,0.866833317310772,0.0,3
2023092400,4708,0.0,0,69.1699981689453,20.0499992370605,7,4.641778908450982,0.3981225662566118,-0.44199089763949684,7.091318636191727,0.0,3
2023092400,4773,0.0,0,61.4599990844727,4.78000020980835,22,9.865110606150159,9.47354268585204,0.5830820176152336,1.9657314160383184,0.0,3
2023092400,4834,0.0,0,62.1199989318848,42.9700012207031,9,3.2965584322989536,2.0623515083271586,-0.32245362585707227,2.602498799231232,0.0,3
2023092400,4903,0.0,0,54.7900009155273,36.5900001525879,5,4.230425848120509,0.9982475963160438,-0.32808400392626164,5.510716831774251,0.0,3
2023092400,4926,0.0,0,60.3899993896484,22.1200008392334,7,3.7010952568753113,0.9270391893720091,-0.37925353374799753,5.102509186664931,0.0,3
2023092400,4951,0.589,2,69.7900009155273,12.75,9,2.027634306009604,1.6102785634799175,-0.4012616150668877,3.694996617048519,0.0,3
2023092400,4974,0.1305,1,67.9199981689453,26.3299999237061,7,2.64357546572523,1.8515380936065287,0.23748456690682646,0.6774215821775972,0.0,3
2023092401,112,0.0,0,41.3800010681152,45.7099990844727,9,9.081342714155529,0.3911517347109885,-0.49286854265078067,8.603487664894978,0.0,3
2023092401,189,0.4374,1,56.9599990844727,5.26999998092651,12,1.696497281518608,0.7523962262358052,-0.5640990986978567,5.2727601879850345,0.0504,3
2023092401,408,0.0,0,87.4199981689453,40.2200012207031,7,8.699286680246917,1.0300467234287083,-0.16460314333654058,3.9601136347332355,0.0,3
2023092401,518,0.0,0,32.5200004577637,20.0300006866455,8,4.608253895374464,2.7718946349471967,-0.26643774396379416,2.9891804896994754,0.0,3
2023092401,572,0.0,0,34.5099983215332,24.7900009155273,6,9.06527620394501,1.483949313962516,-0.38374666086864917,9.304504285559762,0.0,3
2023092401,626,0.9438,3,59.689998626709,31.9200000762939,8,1.5420128145396246,1.3461785121635512,-0.23440472716638347,2.897464408754658,0.4204,3
2023092401,768,0.0881,1,34.4799995422363,48.0400009155273,13,2.7357815511846098,1.3368615727693256,-0.19867353018752706,2.8694424545545387,0.0,3
2023092401,793,0.0,0,37.25,11.7399997711182,9,4.338490317796063,0.47381446902985475,0.1014558144898061,5.421042335197172,0.0,3
2023092401,818,0.0,0,40.2000007629395,6.82999992370605,10,5.365229899377008,2.13845690664783,-0.2341406542889703,6.070296533119285,0.0,3
2023092401,1016,0.0,0,88.629997253418,14.3100004196167,8,10.200413929862037,1.1101791962361527,-0.24309748201905587,9.548429190186217,0.0,3
2023092401,1063,0.6833,1,68.8899993896484,47.5999984741211,10,0.9501584147847245,0.5769759802114387,-0.36478898188309167,0.73498299300052,0.0,3
2023092401,1241,0.0,0,33.1199989318848,29.6200008392334,9,3.7913848446476894,0.21470855121477928,0.3688622858831379,2.6049952015310853,0.0,3
2023092401,1288,0.0,0,10.1999998092651,5.26000022888184,20,4.6608689260985425,0.3600002288818906,-0.04362399111828304,2.7405291459862275,0.0,3
2023092401,1382,0.0,0,38.1699981689453,12.7600002288818,12,5.4243627351480015,1.711725394713657,-0.5360842407492947,7.629685445678611,0.0,3
2023092401,1429,0.0271,1,53.5400009155273,17.1800003051758,7,2.933836148025005,1.5678003654295138,-0.47234599712670633,4.630615509843161,0.0,3
2023092401,1746,0.5235,1,52.439998626709,0.239999994635582,23,1.7424413655298732,1.2831605198406417,0.4335104788658091,2.355949914577981,0.0,3
2023092401,1781,0.0,0,13.1300001144409,49.6399993896484,23,3.235799723950193,2.140840858970027,0.5927054664047193,0.7783315488915976,0.0,3
2023092401,1840,0.5735,1,43.3300018310547,49.6399993896484,9,1.2795330817256563,0.7981238681985127,-0.29833864898012047,2.277827912727384,0.0,3
2023092401,1915,1.2997,1,61.5499992370605,51.9599990844727,21,0.7000706489887776,0.49254524759074453,-0.12693566078099083,2.7109039082933215,0.0,3
2023092401,1938,0.5438,1,53.2900009155273,21.9400005340576,13,1.3685753965452656,1.080739591754996,-0.6252334731960986,2.883903604491665,0.0,3
2023092401,2005,0.8056,1,57.7400016784668,51.939998626709,19,1.5274175713473308,0.5830970945600489,0.06294502550970012,0.8814193099768087,0.9337,3
2023092401,2053,0.0,0,60.3499984741211,37.2400016784668,7,9.177086344234548,0.4825988320495264,-0.3334303271108729,10.110400585535675,0.0,3
2023092401,2083,0.0,0,63.5,44.5800018310547,8,4.515418424935771,0.6334820628314082,-0.2886988112996876,5.26307894677631,0.0,3
2023092401,2113,1.7681,2,90.6100006103516,2.70000004768372,22,0.47010662797014985,0.22090721257384774,-0.5397641957121874,1.325631924781536,0.0,3
2023092401,2138,0.7633,1,106.860000610352,18.5599994659424,7,0.7560421674161023,4.425572598236699,-0.23058951986327683,1.1686744627996353,0.6753,3
2023092401,2168,0.0,0,98.0999984741211,31.6900005340576,7,5.527478176231105,0.8798305504402376,-0.46358545342039137,6.5192024052026545,0.0,3
2023092401,2308,0.0,0,74.0699996948242,13.1199998855591,8,3.68972869857802,0.6637015367765183,-0.2005246960652642,4.684154139223009,0.0,3
2023092401,2414,0.0,0,31.7700004577637,51.2299995422363,23,4.442881300517531,1.7203772348530046,0.7291073956853198,2.160023148024113,0.0,3
2023092401,2493,1.1352,1,59.810001373291,2.14000010490417,23,0.54009250519815,0.38600567321608414,-0.23593198372253085,1.2096693763173454,0.2678,3
2023092401,2662,0.2615,1,76.8399963378906,36.8499984741211,8,2.215426020247065,1.6211455112267046,-0.2797300464136824,4.033174928018869,0.0,3
2023092401,2687,0.0,0,89.5599975585938,31.4400005340576,9,3.479222386397286,1.3405993382437076,-0.2788824708408,3.669386869764489,0.0,3
2023092401,2829,0.0,0,62.7299995422363,15.3400001525879,15,4.611951451213956,13.678337353841798,0.14334139446754596,3.978467041462068,0.0,3
2023092401,2874,0.0,0,80.4800033569336,43.9900016784668,9,8.462543665178227,1.537012028370588,-0.44080926370338647,6.601189286787642,0.0,3
2023092401,2943,0.0,0,22.5,24.8899993896484,7,10.80467500281727,1.4748897767345142,-0.19515470500684937,10.046815415841976,0.0,3
2023092401,3015,0.2468,1,53.2700004577637,50.6300010681152,14,2.5118132551721764,1.5570796912548552,-0.3332491379811555,2.6925824035672514,0.0,3
2023092401,3045,0.0,0,53.2400016784668,44.5699996948242,12,6.289998313285205,0.6220143923574417,-0.30091761241149123,11.897466116783013,0.0,3
2023092401,3075,0.0,0,57.3300018310547,15.6499996185303,7,7.51004782121797,0.4535399349546823,0.1045779436268818,2.924414471308744,0.0,3
2023092401,3100,0.3828,1,72.7900009155273,6.03000020980835,13,2.091937825240151,4.95429053673354,-0.7985366988744032,1.0878419002777941,0.0,3
2023092401,3452,0.0488,1,52.2200012207031,21.0100002288818,6,2.853507856605419,0.7596058084252441,0.17586813148385608,4.638156961552721,0.0,3
2023092401,3521,0.0,0,13.6000003814697,14.9099998474121,27,5.551251771544827,0.519711235270675,0.11255206115666457,3.824264635194589,0.0,3
2023092401,3612,0.0,0,45.4300003051758,17.1000003814697,8,4.0402225370774945,1.5467385178900614,-0.13662461689547706,5.96795609903424,0.0,3
2023092401,3710,1.301,1,77.2099990844727,4.8899998664856,19,0.7488651259733584,0.6846894711742725,-0.16271341227266456,2.031772625073978,0.4907,3
2023092402,121,0.8661,1,81.6699981689453,9.88000011444092,7,1.2345833867207063,0.09486662890592805,-0.4882047300135467,3.981808634276639,0.6626,3
2023092402,215,0.0,0,25.2800006866455,33.560001373291,8,3.3281375822737376,1.4454400450487443,-0.3064370372884685,2.899275771636773,0.0,3
2023092402,306,0.0,0,54.0200004577637,15.9899997711182,26,3.765115933805366,2.6127567176079354,0.8307424322082899,2.573285837212804,0.0,3
2023092402,347,0.5945,1,72.9300003051758,3.28999996185303,19,1.2165526126721875,2.1164595181284187,-0.6846135681842783,0.7223572523343265,0.3067,3
2023092402,470,0.0,0,50.8800010681152,30.1700000762939,7,5.338212044384438,1.9612740416360235,-0.27925379915544296,4.921544473028765,0.0,3
2023092402,540,0.0,0,46.8300018310547,30.0200004577637,8,7.029685890701481,2.34307305067603,-0.3174371085040871,4.8036756759797985,0.0,3
2023092402,565,0.0,0,58.1199989318848,37.5200004577637,7,5.327974179672218,2.698759197380428,0.1275892584439097,4.573893308768801,0.0,3
2023092402,612,0.1087,1,70.2900009155273,28.1399993896484,8,2.731831531340544,1.9900242130209342,-0.14075102537054057,3.430014577228502,0.0,3
2023092402,728,0.0,0,88.1600036621094,14.3599996566772,8,5.438534799894771,1.1588322361995629,-0.3506390850686426,2.7459060435492035,0.0,3
2023092402,845,0.4401,1,66.3399963378906,21.0200004577637,7,1.813421124038589,0.5887265625634236,0.19057859086275594,1.8582787734890516,0.0,3
2023092402,912,0.0,0,68.5899963378906,25.4799995422363,9,4.05745350433411,1.653877771222106,-0.6070529823238635,4.26825491272487,0.0,3
2023092402,937,0.0599,1,83.2600021362305,46.4900016784668,14,2.82024580242851,1.0623061001875223,-0.6029984878907089,5.183454446602179,0.0,3
2023092402,1009,0.0,0,81.370002746582,34.189998626709,6,3.63727811932482,3.858612267274334,-0.0956352276135941,0.510881590977796,0.0,3
2023092402,1078,0.1599,1,42.8199996948242,13.0600004196167,24,2.5909453620465217,0.5600003051759623,0.7997112391970685,4.481037826218391,0.0,3
2023092402,1123,0.0,0,73.8600006103516,42.5900001525879,15,4.390900059500347,2.8758652151090285,-0.6508973839406476,2.816025568065742,0.0,3
2023092402,1200,0.0,0,20.2600002288818,37.0499992370605,26,11.606454368817435,1.4991335301593856,-0.7839979209273281,4.631857078969512,0.0,3
2023092402,1271,1.1501,1,42.6500015258789,7.19000005722046,12,0.8414878273254294,0.6762384421458786,-0.43535117946843066,1.112205017071943,0.564,3
2023092402,1316,0.269,1,58.9199981689453,52.2299995422363,22,2.509121504772429,2.279691096344956,0.6834454003997852,1.4490341610880058,0.0,3
2023092402,1418,0.3793,1,61.0900001525879,33.8899993896484,10,1.8619611700580814,0.8705164724652462,0.5854449408525748,4.414702707997454,0.0,3
2023092402,1443,0.0,0,60.8499984741211,24.9400005340576,6,4.242097721663391,0.7300668816450941,-0.16946911084402408,6.72580850158552,0.0,3
2023092402,1468,0.161,1,54.2299995422363,30.3799991607666,6,2.6091000764486227,0.7169385269612206,0.32874268467035483,2.027140843651472,0.0,3
2023092402,1515,0.0,0,21.2900009155273,8.97000026702881,16,4.901123045931326,0.6403133054616775,-0.5177538167408477,1.1443775600735944,0.0,3
2023092402,1713,0.493,1,11.1700000762939,12.1899995803833,7,1.7441618579422216,1.5320901299599967,-0.05890533501487221,1.3209466302617987,0.0913,3
2023092402,1909,0.6607,1,74.2699966430664,3.02999997138977,15,1.0178871869061006,1.255743450926084,-0.5885008494757309,1.192686044187654,0.0,3
2023092402,1964,0.6547,1,69.5699996948242,30.4099998474121,8,1.3479241615492248,0.7433030986482213,0.27188008010902837,5.179198779734182,0.1294,3
2023092402,1987,0.0,0,70.2300033569336,11.1000003814697,8,9.547699144179454,0.7470628175762316,-0.5557816873654949,10.676422621833586,0.0,3
2023092402,2036,0.0,0,30.0799999237061,8.61999988555908,10,11.965120214391556,0.44294481323799884,-0.075295894410579,14.194787775799961,0.0,3
2023092402,2066,0.0,0,37.1800003051758,26.5200004577637,7,13.04862017402777,0.8747568928464097,-0.2827495426541495,14.344772567036399,0.0,3
2023092402,2091,0.0,0,53.0900001525879,44.9099998474121,10,8.082233394304732,1.0316005086151454,0.13622604619869227,5.831243435151716,0.0,3
2023092402,2184,0.0,0,83.1900024414062,18.4599990844727,6,3.7804785870540742,3.0432243734908497,-0.29943161787323513,1.5684705926474973,0.0,3
2023092402,2209,0.4789,1,75.7300033569336,20.2600002288818,6,1.7940206681605158,0.2686983649962174,-0.04702890081563707,4.22452364178495,0.0905,3
2023092402,2376,0.0,0,54.6699981689453,11.3699998855591,8,12.655032349767229,0.5035872370195955,-0.5880269966224119,13.590824110406254,0.0,3
2023092402,2423,0.5998,1,77.9700012207031,42.7599983215332,8,1.2379403525746677,1.5069508194029027,-0.5424777218938102,2.0219297712828683,0.4844,3
2023092402,2545,0.0,0,66.3000030517578,41.7000007629395,8,5.816668182694352,0.5936338856529196,-0.6470883859647293,6.0124038453849815,0.0,3
2023092402,2634,0.0649,1,60.0200004577637,10.5699996948242,10,2.834396410540603,2.041666236015933,-0.46314051818981083,2.59077208569183,0.0,3
2023092402,2793,0.247,1,48.6500015258789,26.7099990844727,7,2.321313350801768,1.2126409314251774,0.4148253554711423,3.4150256221586384,0.0,3
2023092402,2819,0.2839,1,51.6500015258789,34.1800003051758,10,2.3891838665833913,1.2728694860503276,0.12555208706674956,5.1883137915897075,0.0,3
2023092402,2901,0.1405,1,90.4000015258789,36.5699996948242,9,2.652792251982851,2.0181686318212755,0.18141379063581015,1.8270194306574918,0.0,3
2023092402,2926,0.7265,1,84.9700012207031,37.2700004577637,7,1.6825287842241978,0.7026391876380177,0.22886357276553274,1.0737783756436934,0.4198,3
2023092402,2951,0.0,0,64.8899993896484,5.01999998092651,16,3.127746572311407,7.142003019732362,0.6358577179596214,2.496497546563988,0.45,3
2023092402,3058,0.0,0,62.1699981689453,51.9099998474121,18,4.879055879911615,5.08701297312803,0.0647826871216438,2.4014162487998547,0.0,3
2023092402,3188,0.0,0,88.0999984741211,14.5799999237061,7,7.075880902018672,1.8595166064288582,0.25249877197905257,3.4339044832377046,0.0,3
2023092402,3211,0.6039,1,67.25,30.1900005340576,16,1.1882756936611232,3.9529737372246356,0.516747404102736,5.25950568019467,0.0,3
2023092402,3336,0.3505,1,43.6800003051758,3.76999998092651,9,1.9485895074378468,1.124500121893965,-0.042933519241727,1.7713271860387674,0.0,3
2023092402,3360,0.52,1,39.0,41.1599998474121,10,1.440138880072509,0.7083783803939762,-0.31450305118081506,0.9560334722173707,0.0,3
2023092402,3383,0.0,0,56.3600006103516,14.5100002288818,9,4.430913512029606,0.5660383503464548,0.6555229054897178,4.445672052682248,0.0,3
2023092402,3509,0.4347,1,107.029998779297,47.3699989318848,11,1.6957900303122737,0.9708255676058545,-0.059583405655175385,1.1638728452885219,0.0,3
2023092402,3657,0.6598,2,76.5199966430664,37.4700012207031,14,2.1213707102244608,0.528106265859549,-0.6340792045401273,2.7148664792213957,0.0,3
2023092402,3686,0.0,0,69.6900024414062,33.7000007629395,6,5.490913098388884,0.5126422427953766,-0.3057683058030545,6.3818649311937055,0.0,3
2023092402,3714,0.4247,1,62.2299995422363,24.2800006866455,8,1.9102350088411078,3.169384611307525,0.3984126226346968,5.668483042225668,0.2075,3
2023092402,3793,0.0,0,53.0499992370605,18.0499992370605,6,3.1286583152199414,0.47010598144482596,0.2361543143464273,2.157452201092762,0.0,3
2023092402,3818,0.0,0,47.5099983215332,36.7099990844727,9,5.941345782175325,1.304184805618337,-0.5575043567124938,10.626349326085606,0.0,3
2023092402,3841,0.0,0,43.939998626709,38.9599990844727,7,4.738870276210739,0.07070944811360273,-0.2385029655978129,5.7623779813545735,0.0,3
2023092402,3908,0.0,0,35.25,34.8800010681152,7,3.764943723220145,0.8102459004466741,0.35884306107632513,3.1374671313019364,0.0,3
2023092402,3933,0.0,0,24.1200008392334,16.3600006103516,8,3.693996049615717,1.8656108287487105,-0.013902066420903181,2.288252608432906,0.0,3
2023092402,3958,0.0,0,4.46000003814697,0.439999997615814,16,4.22963353484288,3.2467214120587498,0.27835944336400736,1.1717081547894097,0.0,3
2023092402,4005,0.5958,1,19.0900001525879,6.63000011444092,8,1.2126419342969683,0.6161170627286671,-0.389852488824136,0.9415412895885142,0.1192,3
2023092402,4030,0.0,0,17.7600002288818,32.1300010681152,7,4.536166244999329,1.3668210440806285,-0.22977736954601916,3.5105127830560594,0.0,3
2023092402,4300,0.0,0,99.4100036621094,12.4700002670288,6,3.578061348563247,0.4492202335383744,0.6593161874455054,6.90122452902382,0.0,3
2023092402,4336,0.8877,1,75.1399993896484,30.6800003051758,8,0.5115658705318642,2.893526619052648,-0.39915064666148153,2.0334207631476566,0.8584,3
2023092403,77,0.0935,1,78.4899978637695,39.25,8,2.7195567611387,0.9400510538748595,-0.5038718272556341,5.530144663568939,0.0,3
2023092403,203,0.0,0,44.2799987792969,8.97999954223633,9,12.580895350241242,1.7240948013124895,-0.3558593569453917,8.931785935634599,0.0,3
2023092403,250,0.3766,2,64.0800018310547,19.1200008392334,7,2.4751748798901323,1.8200276022704982,0.29960364692782676,1.0965856099730633,0.291,3
2023092403,393,0.0,0,49.2200012207031,13.3900003433228,8,5.915438667728233,1.0323282123856952,0.31544642033906156,7.643984563040409,0.0,3
2023092403,474,0.0,0,30.3999996185303,9.47000026702881,12,8.21151588630826,0.730068112161479,-0.3485388441428993,6.335818810540593,0.0,3
2023092403,526,0.6432,1,-0.28999999165535,5.48999977111816,17,1.5631060346393393,0.7648531299207206,0.31961514394623725,1.608011193990888,0.0,3
2023092403,549,0.5893,3,10.4700002670288,18.2800006866455,7,2.0961385882257804,2.02632741753154,-0.24599138304621845,2.3736048533822975,0.1852,3
2023092403,620,0.0,0,40.6699981689453,19.5599994659424,12,6.30012884728839,0.9338103697455414,-0.5309701997952505,4.469015551550471,0.0,3
2023092403,673,0.0,0,87.7399978637695,26.1499996185303,23,6.343853878700747,3.44419586740348,0.908436644543096,2.241093483101495,0.0,3
2023092403,863,0.0,0,100.900001525879,15.539999961853,7,10.082684676117742,2.0597339939854065,-0.4337520623152905,9.821837913547538,0.0,3
2023092403,893,0.0,0,92.2699966430664,15.5299997329712,6,3.9258724342269833,3.43633243688262,-0.2211176636398596,3.18209050782658,0.0,3
2023092403,918,0.0,0,87.3099975585938,19.1100006103516,7,8.980671180841973,1.438921070685525,-0.40956529017267984,8.253350834661036,0.0,3
2023092403,978,0.0,0,97.2600021362305,37.8699989318848,8,12.081474613602344,0.44045639643889817,-0.20271011442889378,11.545128842936302,0.0,3
2023092403,1129,0.0,0,74.0500030517578,14.6099996566772,8,3.4083449216129647,2.6690282157604406,-0.28222500351983404,7.2799587910921595,0.0,3
2023092403,1214,0.0123,1,65.0599975585938,16.5799999237061,10,2.962986596172548,2.130092489895495,-0.2706190708466164,3.054734030975522,0.0,3
2023092403,1237,0.0,0,56.8499984741211,11.1099996566772,13,3.201560672698415,2.6873950261400235,-0.06962033642003995,0.6688796603276267,0.0,3
2023092403,1362,0.0,0,72.7099990844727,8.9399995803833,11,3.5195024044368006,2.989313295538477,-0.551411965743569,5.825160941982632,0.0,3
2023092403,1409,1.938,3,12.3900003433228,24.6399993896484,28,0.5315075870526504,1.3245756951172438,-0.8930064452498523,6.496745339013992,0.4245,3
2023092403,1490,0.524,1,41.6500015258789,46.9900016784668,10,1.4280058095281516,1.7463093442138888,-0.5593206799729452,1.5839191898578728,0.0,3
2023092403,1546,0.0,0,40.5,4.17999982833862,14,5.137353443663467,2.1523242157369875,-0.7219115007219304,4.487939393530176,0.0,3
2023092403,1598,0.7701,1,16.3500003814697,49.0200004577637,21,0.6896372585208485,1.2473969221627799,-0.4075261818381925,1.6834488409215183,0.0,3
2023092403,1704,0.7717,1,102.290000915527,15.8199996948242,36,0.6847620775017819,0.5941376201857446,-0.339926505873279,11.062196888502763,0.6058,3
2023092403,1749,0.0,0,49.2000007629395,38.4599990844727,9,6.120162743293294,1.0049877200165729,-0.4626059423022391,7.801775438962594,0.0,3
2023092403,1835,0.0,0,71.7300033569336,21.4899997711182,7,3.968901750875778,1.15156375018978,0.24735137816018946,5.168287917676408,0.0,3
2023092403,1867,0.0,0,67.3000030517578,11.9700002670288,8,14.161649751734641,1.6055517145658593,-0.550363886124882,12.52589717345628,0.0,3
2023092403,1919,1.0164,1,101.379997253418,1.5,20,1.0288330104000434,0.30675463646044554,0.4789252055456431,1.4615402833996742,0.0,3
2023092403,1989,0.975,2,109.800003051758,1.61000001430511,9,1.5868539683964564,1.4903671270024776,-0.3516803319831698,1.1747765745025776,0.584,3
2023092403,2171,0.0,0,88.5199966430664,37.2299995422363,7,6.8875578940955755,2.6100740596180887,-0.3163894272237461,6.581162511289328,0.0,3
2023092403,2220,0.8966,1,49.0299987792969,43.2799987792969,28,0.3101605399625562,3.8033817606684592,0.4320683610657418,0.6109828148156116,0.0,3
2023092403,2269,0.0,0,57.5499992370605,47.3699989318848,12,3.02839943689998,0.2334510629777196,-0.011373465097402863,4.02613959022784,0.0,3
2023092403,2437,0.0,0,106.580001831055,35.8499984741211,6,6.088228366775146,2.433107390205457,-0.47322036490553004,5.898584575980909,0.0,3
2023092403,2462,0.8672,1,97.3000030517578,33.939998626709,5,1.068927312770491,0.7738888400660326,0.42494421459957327,0.5608029957124004,0.7009,3
2023092403,2485,0.4734,1,93.6800003051758,38.1199989318848,8,1.783396697633221,1.6032790020301362,0.2949645764804605,0.7443117626371446,0.3081,3
2023092403,2528,0.0,0,56.6500015258789,8.80000019073486,10,3.835099538732635,2.030959173141164,-0.32606096842990906,4.5269084373333675,0.0,3
2023092403,2611,0.5476,1,75.1600036621094,10.8699998855591,11,1.357125711569975,1.1667449306633941,-0.4145887438690303,3.3424093106620063,0.0,3
2023092403,2781,0.4736,1,90.4599990844727,9.39000034332275,14,1.579271167501892,1.7147881155112028,-0.7198322307437601,2.366600938054406,0.0,3
2023092403,2855,0.0,0,81.8499984741211,48.1399993896484,11,5.2711468966170205,0.5053700698235046,-0.5737721315832662,5.756127170242157,0.0,3
2023092403,2880,0.0,0,67.7399978637695,5.78000020980835,12,9.69626588525805,0.9773949660849117,-0.5891024756300425,9.69639623777824,0.0,3
2023092403,2905,0.4726,1,31.1299991607666,1.05999994277954,27,2.0334213358905364,0.21954568162662158,0.09379870743428842,1.4927156460625721,0.0,3
2023092403,2993,0.0,0,27.1399993896484,15.9899997711182,8,4.160768545023144,1.318824724005953,-0.4952259390099265,2.979009902635436,0.0,3
2023092403,3038,0.0,0,103.360000610352,6.19999980926514,14,3.5973602945374785,2.9584461164730627,0.2916189697657516,7.374564393915078,0.0,3
2023092403,3114,0.0,0,91.5599975585938,19.7700004577637,8,3.9318292079408557,3.296603413725917,0.06117593905843627,5.546827922335431,0.0,3
2023092403,3198,0.0,0,59.8499984741211,45.7799987792969,16,3.4223105075677576,2.73503393622966,-0.6278183875680878,1.45825237870542,0.0,3
2023092403,3228,0.0,0,84.7200012207031,30.1700000762939,11,5.733621353160008,1.1510423345004206,0.06122367181152911,4.4650755872661305,0.0,3
2023092403,3275,0.9294,1,111.540000915527,49.7299995422363,20,1.104535728723296,0.276586581977531,0.786344681310272,1.5715279189374944,0.0249,3
2023092403,3310,0.6849,1,109.709999084473,4.53999996185303,20,0.9453040490652388,1.126987799374613,-0.7467047727701449,0.9879271228182772,0.0,3
2023092403,3383,0.5956,1,83.0100021362305,20.2600002288818,8,1.414285957073811,1.284135937944791,-0.2888383681771946,2.3491700662148727,0.0,3
2023092403,3466,0.0494,1,78.3300018310547,30.3700008392334,9,2.851751894128518,1.435445318475492,-0.31476552150340786,3.715534954754164,0.0,3
2023092403,3491,0.4698,1,51.5800018310547,50.0699996948242,18,1.993236903449991,1.5743555985038942,0.34030850498103676,1.4120906486483134,0.0,3
2023092403,3620,1.2063,1,112.300003051758,3.27999997138977,18,0.28862034749539495,0.6900724755867,-0.35507969681924817,1.0934349546269333,0.0,3
2023092403,3643,0.2582,1,107.800003051758,24.1200008392334,10,2.250375420003159,1.0478534359012477,0.35725360682811275,1.4948244044034091,0.0,3
2023092403,3666,0.0,0,104.900001525879,25.6399993896484,11,4.893106185949225,1.8821515275240015,-0.008912785142545088,3.752132726863496,0.0,3
2023092403,3691,0.0,0,112.889999389648,51.3899993896484,15,3.6067156565427054,0.8393445536762838,0.4878828204790839,1.68620876524824,0.0,3
2023092403,3714,0.0,0,108.470001220703,44.3400001525879,9,3.0124065468886516,0.7762085677201436,0.6688811928488848,4.0,0.0,3
2023092403,3824,0.0,0,89.8099975585938,32.9500007629395,7,3.593895075197701,0.9433955609036796,-0.23928233770433324,6.022640616872309,0.0,3
2023092403,3873,0.0,0,92.9800033569336,32.7999992370605,5,7.007840876432777,1.35004043292937,0.057110691984441145,3.9194387353293325,0.0,3
2023092403,3958,0.0,0,34.0999984741211,16.0200004577637,6,5.066755194710645,0.6720870146065183,-0.23052386130717556,5.077341824222592,0.0,3
2023092403,3983,0.0,0,58.6399993896484,51.7900009155273,18,4.111448122506633,2.3324029043255914,0.4696920834581914,1.4131525041551531,0.0,3
2023092403,4055,0.4374,1,82.5299987792969,18.2399997711182,13,1.7085676518715889,1.7107320514674222,-0.1652812062806223,1.3346160496562283,0.0,3
2023092403,4078,1.1496,1,90.5,9.43000030517578,19,0.9669023269510624,0.9492104970063501,-0.4288279309758409,1.5432433379088348,0.0,3
2023092403,4103,0.0072,1,99.4899978637695,15.1700000762939,7,2.9784912824320293,1.4207764359151493,-0.11577768298895304,1.5405193929321275,0.0,3
2023092403,4128,0.9478,1,113.559997558594,3.32999992370605,15,0.15652359837041113,0.9794396180152017,-0.5661282390929795,0.9411163583744476,0.5448,3
2023092403,4151,0.7924,1,110.620002746582,4.8600001335144,12,0.6228943417627276,0.44776980232649033,-0.5140077125490197,1.1108555261599056,0.1385,3
2023092403,4208,0.5215,1,80.8199996948242,37.8400001525879,9,1.4356180626482267,1.3360011612207823,-0.10528300533019147,5.378336173948229,0.0,3
2023092403,4233,0.8656,1,57.1800003051758,50.9199981689453,19,0.4031144166531676,1.1754592141019415,-0.32987061740044055,1.4312581877495059,0.0,3
2023092403,4263,0.4863,1,44.7000007629395,47.189998626709,11,1.541169096842143,1.533885503005571,-0.5347417759248084,1.5498387012847492,0.0,3
2023092403,4286,0.7004,1,48.2599983215332,23.0100002288818,8,1.7870920943503485,0.452767694864752,0.2874289717864453,1.499666629621399,0.4043,3
2023092403,4340,0.1157,1,29.4500007629395,32.439998626709,9,2.662274868182715,1.040048455797926,0.42972455092942224,0.8041144197189839,0.0,3
2023092403,4363,0.0693,1,38.5499992370605,11.5100002288818,10,2.79205944660383,0.9481027221077427,0.3809074935516905,2.934927597062663,0.0,3
2023092404,62,0.3089,1,26.7600002288818,11.5699996948242,11,2.1620592064528097,0.7000714750585343,0.015760694551424276,2.1365392577717826,0.0,3
2023092404,185,0.0,0,42.1500015258789,46.9000015258789,12,3.528868303738684,3.3092899448325013,-0.48173308880030546,4.10650703152935,0.0,3
2023092404,255,0.77,1,29.2600002288818,50.810001373291,14,1.0095556267380414,1.5652475637786274,-0.5505086078962007,1.919426997830342,0.0,3
2023092404,299,0.0,0,48.3499984741211,37.2400016784668,10,4.080013531307771,2.58311806977681,-0.4818533825205775,5.4595237887566705,0.0,3
2023092404,397,1.0073,2,101.599998474121,23.5400009155273,28,1.2946820455712404,1.8679685882615698,-0.6864672262408983,1.6446884203398502,0.0,3
2023092404,561,0.0,0,82.8000030517578,38.6100006103516,9,3.407010582015656,2.942874921770422,-0.47193123796343295,2.983286778035252,0.0,3
2023092404,733,0.0401,1,39.5099983215332,28.3600006103516,8,2.8862440355194137,2.615206399799611,-0.36875093744079246,2.993008519867597,0.0,3
2023092404,758,0.0,0,40.8699989318848,46.25,13,10.552559807921318,2.8110143064871598,-0.5289443734217514,12.968905119554234,0.0,3
2023092404,810,0.0,0,58.5499992370605,14.2200002670288,13,15.808495286783993,1.593895322390211,-0.1282697156339478,11.811528266909406,0.0,3
2023092404,1027,0.0,0,59.9099998474121,4.21000003814697,12,3.2202020029714733,1.5383433757769778,-0.43885426308887193,7.382411530116694,0.0,3
2023092404,1096,0.0,0,76.2099990844727,21.1000003814697,8,5.107103107434222,3.694320788075358,-0.24720009609491714,2.1272047386182655,0.0,3
2023092404,1200,0.0,0,35.2799987792969,48.4700012207031,16,4.409998779297071,3.539673508928177,-0.7464924256608363,2.709335711941213,0.0,3
2023092404,1269,0.0,0,25.4500007629395,37.8400001525879,8,7.145264942764276,2.532430112878157,-0.07259946731002241,7.1826735969275415,0.0,3
2023092404,1367,0.1482,1,7.8899998664856,13.0799999237061,10,2.555484181715841,2.666720679793151,-0.5877479490609439,2.848613697923955,0.0,3
2023092404,1478,0.1501,1,68.4199981689453,6.84999990463257,11,2.5496096047404646,1.7353115728774817,-0.6325763088622589,4.286000466635542,0.0,3
2023092404,1505,0.0,0,62.5999984741211,14.039999961853,8,3.7884178914678874,2.0858583746263317,-0.3651505496272688,5.186029309597087,0.0,3
2023092404,1677,0.4664,1,83.2600021362305,34.310001373291,11,1.6007827846676168,1.61892069525837,-0.5522188750807875,3.051638903933423,0.0,3
2023092404,1725,0.3322,1,87.9100036621094,28.0699996948242,6,2.003250680111485,7.958256955256172,-0.38053253969549744,5.9084092613833,0.1515,3
2023092404,1845,0.0,0,40.5400009155273,9.52000045776367,8,9.89012543647925,0.41400583707346583,-0.30597833362055155,11.954936218985024,0.0,3
2023092404,1870,0.0,0,55.2299995422363,43.939998626709,10,3.653121409940944,0.491936388076963,0.05091314016076808,8.539847773818924,0.0,3
2023092404,1924,0.8333,1,66.1500015258789,40.8800010681152,11,0.89693823274673,0.750598278223465,-0.10483324822112874,2.6484901359076343,0.0,3
2023092404,1947,1.3421,1,90.7099990844727,51.7700004577637,21,0.5813767292971812,0.6505372676283223,0.36208201333082923,1.1001818031580068,0.0578,3
2023092404,1970,0.0,0,76.2300033569336,33.3699989318848,10,5.442066646596597,1.2912365272952862,-0.40568500701964794,5.607040217440934,0.0,3
2023092404,2033,0.0717,1,73.4199981689453,47.1699981689453,8,2.844009848191143,1.4546488817399732,-0.4336383470716309,6.414125037758474,0.1943,3
2023092404,2063,0.1625,1,66.8600006103516,50.189998626709,11,2.512409751979825,2.0435522357793503,-0.4270361562760758,3.836274234201717,0.0,3
2023092404,2110,0.0,0,31.0599994659424,50.5999984741211,27,8.290837268583816,6.954494516746847,0.5203205147069546,0.4499999999999972,0.0,3
2023092404,2178,0.0,0,60.0999984741211,22.1100006103516,9,4.2258248287643685,1.6138460875618714,-0.12964716111718264,2.255349196909428,0.0,3
2023092404,2203,0.2747,2,51.689998626709,35.2700004577637,8,2.3430735547275074,1.53560920579966,-0.14037211492610624,1.066208234820942,0.0368,3
2023092404,2235,0.0,0,41.2700004577637,0.860000014305115,14,4.302057884205116,1.3309394862923836,0.6219288132321483,2.0840585404445795,0.0,3
2023092404,2265,0.0,0,46.4599990844727,30.6499996185303,6,7.359489578087414,0.7632161643828365,0.07891026909320342,7.156318886131334,0.0,3
2023092404,2519,0.102,1,90.0599975585938,40.2200012207031,7,2.7457084589251903,0.31384729101548886,0.22101329382386664,4.436935879635856,0.0,3
2023092404,2744,0.584,1,69.0599975585938,19.6700000762939,10,1.8509751598452466,0.4016240472271118,0.6900202515026179,0.676830850360705,0.1807,3
2023092404,2816,0.0,0,45.8499984741211,10.4799995422363,10,6.851898991122703,1.151217183693326,-0.44012598104954254,8.99193527556777,0.0,3
2023092404,2841,1.2884,2,57.6599998474121,28.7199993133545,7,1.2291860228659877,0.702140270728238,0.08575347810417641,1.1595257651298672,0.4537,3
2023092404,2866,0.0,0,61.2299995422363,18.5400009155273,8,3.9761532516727245,2.0271416836922813,-0.46238752794809074,2.3938462774372113,0.0,3
2023092404,2918,0.6334,1,90.4300003051758,6.07999992370605,9,1.7442763787454452,0.9483140163320595,-0.2418473507551264,2.2155134844997044,0.0,3
2023092404,3072,0.0,0,35.3400001525879,9.77999973297119,7,8.14518249419677,0.20615498521690107,-0.6032974385703935,7.862277023865286,0.0,3
2023092404,3122,0.5013,1,46.5999984741211,11.25,7,1.908010657515248,0.9276324121612834,0.34000747521155217,2.581181899828062,0.0503,3
2023092404,3159,0.0,0,49.5999984741211,43.2900009155273,10,3.9537974099267146,0.8945404134373678,-0.2805278261890341,3.6346801785026397,0.0,3
2023092404,3183,0.9961,2,57.7799987792969,20.3500003814697,12,0.18439197320353917,2.4174585995687545,-0.33444696341875646,4.132904547651689,0.3675,3
2023092404,3232,0.0,0,58.8400001525879,32.6300010681152,6,5.553421789856351,0.6800733077990033,-0.20344311508339963,4.942974812802508,0.0,3
2023092404,3257,0.0,0,38.6500015258789,45.5499992370605,13,6.632020591897308,1.3805084187593892,-0.005247859586876687,4.450044943593266,0.0,3
2023092404,3343,0.3463,1,113.23999786377,-0.0299999993294477,11,2.1729707394039646,0.9144395082577947,0.43758679421949254,1.4480331487918368,0.0,3
2023092404,3516,0.2316,1,72.2600021362305,7.03000020980835,10,2.467328634370752,2.0453382721549818,0.07654275517179093,3.1740510392871673,0.0,3
2023092404,3541,0.0478,1,67.8099975585938,25.1700000762939,6,2.856604890308524,0.32062194942681327,-0.05357545563936212,2.4856588663772805,0.0,3
2023092404,3566,0.0,0,49.0,5.51000022888184,15,6.330908234630906,1.0532330697865717,-0.5093360117877177,4.932433476490076,0.0,3
2023092404,3591,0.0,0,27.3999996185303,31.5,11,3.183080563986886,2.376973060593287,0.10983534565053864,4.33010392484984,0.1557,3
2023092404,3614,0.0,0,38.7999992370605,24.4899997711182,6,4.858198787669183,1.9403085317770319,0.0389783632366789,3.552492083031288,0.0,3
2023092404,3639,0.0,0,11.2700004577637,43.6199989318848,20,5.385052651490789,1.1713676701314966,-0.8084930300094527,5.956122900008026,0.0,3
2023092404,3740,0.0,0,68.2600021362305,8.21000003814697,20,9.503838201894258,0.26248649199974833,-0.7899808255903593,5.148368673667418,0.0,3
2023092404,3804,0.113,1,69.4899978637695,48.0,17,2.660862441827942,2.2694693085360815,-0.5829672397094163,1.5028306624500292,0.0,3
2023092404,3829,0.0,0,66.2099990844727,23.1200008392334,6,3.71214104866221,0.29681764197395516,0.03340796888579749,6.547136778775889,0.0,3
2023092404,3882,0.0,0,56.4599990844727,29.1200008392334,7,3.2731948385316683,1.8993155292570405,-0.012554041506867421,0.9394147114027942,0.0,3
2023092404,3996,0.1711,1,51.2099990844727,24.7399997711182,12,2.4867039379911557,2.4109947554392277,-0.6674378748913271,3.7706895921038104,0.0,3
2023092404,4223,0.0,0,91.7600021362305,36.9099998474121,6,3.1060119680168263,0.4295366887384358,-0.23493038245119566,3.6213809520678657,0.0,3
2023092404,4255,0.377,1,86.9499969482422,39.2900009155273,8,2.0429892610729974,0.4695764589407782,0.2875159612719787,4.457016939613314,0.0,3
2023092405,77,0.0,0,51.4799995422363,16.9899997711182,10,4.102742911800528,0.49040849746415155,-0.29573059862022133,2.6605450569385236,0.0,3
2023092405,102,0.0,0,77.8499984741211,19.7800006866455,14,9.807026639158405,0.4468785272237031,0.03133638610362749,3.0884624006129737,0.0,3
2023092405,210,0.6679,1,55.4199981689453,2.17000007629395,22,0.9962414090940812,0.9222779897471207,-0.6761169556273966,1.218400590938791,0.0,3
2023092405,297,0.1012,1,46.2200012207031,18.5499992370605,9,2.7359079899183474,0.3440915739051711,0.05685158356726184,5.652556943543344,0.0,3
2023092405,344,0.0,0,77.1100006103516,15.6899995803833,8,5.556661971551158,0.6399993896485324,-0.2880296930247291,7.689323767406343,0.0,3
2023092405,416,0.0,0,89.7900009155273,15.0699996948242,7,4.3382017033047235,0.5412937856684751,-0.5558607186501286,4.2378532301154515,0.0,3
2023092405,529,0.0,0,70.3300018310547,35.2799987792969,11,3.8395983199800954,2.6401722938505103,-0.3756214203651343,1.9210674116230244,0.0,3
2023092405,554,0.0,0,63.6100006103516,31.1399993896484,6,3.881044531158225,1.26874031611948,0.3885354717134791,2.872350953487408,0.0,3
2023092405,648,0.3882,1,30.1800003051758,6.94999980926514,11,1.8974723622919532,0.35846928476374385,0.15490520382038878,4.27435375232327,0.0,3
2023092405,717,0.8625,2,9.06999969482422,23.9799995422363,8,1.420035670732508,1.0801856213461005,0.6006147491997812,0.693541635375987,0.569,3
2023092405,752,0.0,0,1.87000000476837,48.1800003051758,17,3.162056561995665,0.5854915483942388,0.5906572547329489,2.4440335513245297,0.0,3
2023092405,838,0.0,0,41.7099990844727,20.8299999237061,12,7.115060592682976,2.202044987869681,-0.3185475241322075,2.680335799857917,0.0,3
2023092405,1036,0.0,0,39.2099990844727,47.8199996948242,13,5.7636524853537905,0.940318160086506,0.07858965829298718,3.7225394558016442,0.0,3
2023092405,1103,0.4192,1,37.4199981689453,23.5900001525879,10,2.0819446921508673,0.3383768854832444,0.37440583388452936,1.405275773647294,0.0,3
2023092405,1241,0.0,0,35.560001373291,42.2700004577637,8,5.8327771199726826,0.5456178826830064,0.06976355163481392,6.421370570213191,0.0,3
2023092405,1321,0.8604,2,98.3199996948242,22.5499992370605,24,1.6107459488067943,0.3111277389938214,-0.38694237551254823,6.165095295289439,0.0,3
2023092405,1640,0.0,0,72.9199981689453,48.6599998474121,11,4.088277140709938,0.6113119057380982,0.04162001049022805,3.657895569859801,0.0,3
2023092405,1692,0.0,0,112.230003356934,25.5499992370605,28,9.884662458709766,13.287533548164523,0.26522862786132373,3.8199607327824836,0.0,3
2023092405,1741,0.0,0,80.5800018310547,21.0699996948242,13,5.340232243434893,0.5805187510038965,-0.69394476926953,4.630561521025297,0.0,3
2023092405,1773,0.0,0,78.1100006103516,49.75,12,3.346416213959529,0.4494446171305096,-0.00907797282057991,2.848859420891098,0.0,3
2023092405,1798,0.03,1,59.6500015258789,28.8400001525879,12,2.9323203804705544,1.9181769927371572,-0.023806302851715734,2.8342547521350303,0.0,3
2023092405,1828,0.7382,1,48.310001373291,21.4500007629395,10,0.8130204387893541,0.25495199313070366,0.21101971574300782,1.2461540835707283,0.0,3
2023092405,1997,0.0,0,38.939998626709,30.2900009155273,6,8.950553503556222,0.19313046741553258,-0.2952917813559776,7.526200900852969,0.0,3
2023092405,2098,0.0,0,37.0999984741211,39.3600006103516,8,4.723263224797601,0.43011665359066614,-0.3504832998648776,7.5048317769287785,0.0,3
2023092405,2123,0.0019,1,59.9500007629395,34.2700004577637,13,2.994293843927114,1.661925753664694,-0.22950266419672108,1.5787653403846982,0.0,3
2023092405,2201,0.0,0,66.3499984741211,18.1200008392334,7,9.64801087239999,0.2184045332958232,0.1705412737142697,7.484470589159918,0.0,3
2023092405,2226,1.2371,2,107.730003356934,51.1300010681152,23,0.7392540837587689,1.4727497866969594,-0.7073455247729968,1.4389232085139214,0.4043,3
2023092405,2250,0.0,0,80.9700012207031,33.6599998474121,11,9.401041275464657,0.7638052732764605,0.3897201838706527,1.414390328021221,0.0,3
2023092405,2312,0.0,0,97.2900009155273,16.2199993133545,8,9.062206336500218,0.9976470303515784,0.3050399929858434,8.520451865951712,0.0,3
2023092405,2337,0.0,0,118.680000305176,18.5,8,4.596574785855529,1.1733710606606695,0.3055640984906722,2.521150531007623,0.0,3
2023092405,2505,0.4703,1,41.2599983215332,22.7000007629395,7,1.8755531044562264,0.3889723281280104,0.445962016744094,1.135341358358798,0.0378,3
2023092405,2672,0.0,0,84.6699981689453,17.8299999237061,10,3.5209804346423255,0.69462248614459,0.6248791026788078,3.2289317118824283,0.0,3
2023092405,2719,0.3834,1,56.439998626709,6.07000017166138,16,1.8496743266097386,1.762383612287247,-0.8207370599256588,1.5402921800749354,0.0,3
2023092405,2742,0.0,0,64.6399993896484,24.2600002288818,13,4.46831109435664,0.626258743438581,-0.028036316461072297,6.303173803727776,0.0,3
2023092405,2789,0.0,0,5.71999979019165,0.189999997615814,14,5.438281089231418,5.204046630977207,0.6143737439062342,1.060660171779821,0.0,3
2023092405,2844,0.4637,1,8.47000026702881,48.8800010681152,13,1.8872477470748228,1.2808211485155832,0.3952639619339001,1.87384631173424,0.0,3
2023092405,2928,0.2881,1,44.7799987792969,48.9099998474121,12,2.1356038924850074,1.8542124998911056,-0.6197602140866448,2.2228135324403615,0.0,3
2023092405,2953,0.3959,1,49.7599983215332,37.2200012207031,6,2.079280095597203,0.5608040949515941,-0.0864518440485291,4.047764815302391,0.1751,3
2023092405,3003,0.4648,1,55.2200012207031,38.5999984741211,6,2.1330007242960995,0.41036375703731276,0.6050204427794371,2.368142732184869,0.4388,3
2023092405,3028,2.211,2,102.730003356934,33.9199981689453,26,0.5756772665310143,1.2379449686383315,0.8667582736340289,1.2041594578792312,1.1458,3
2023092405,3073,0.0,0,64.6900024414062,16.7800006866455,8,11.133790948025512,0.7905670014510997,-0.111677353994843,5.403702434442517,0.0,3
2023092405,3143,0.0,0,82.2099990844727,45.2099990844727,13,15.746300095940923,0.2213605942731585,-0.05655997812907199,19.090565732843015,0.0,3
2023092405,3234,0.0,0,53.3499984741211,23.5300006866455,6,3.034006148230079,0.9426035776079928,0.4813636692455019,3.3443235489408054,0.0,3
2023092405,3259,0.8436,1,33.1100006103516,29.0300006866455,12,0.8962694901782092,0.2195446955699565,0.05311999311332953,0.7102112361825905,0.0,3
2023092405,3559,0.2465,1,75.3899993896484,20.7600002288818,8,2.260353348377579,1.6886087589228636,-0.1964641833748799,6.386250856331899,0.0,3
2023092405,3582,1.0573,1,63.7999992370605,3.14000010490417,16,0.6382012778792868,0.519711708152459,0.14084073764286392,1.095901455423794,0.0,3
2023092405,3804,0.0,0,81.4800033569336,22.4599990844727,11,7.125120862719575,0.085442073432769,0.3511513796057366,5.74815622613026,0.0,3
2023092405,3916,0.0,0,82.8000030517578,13.1199998855591,26,3.1844647845053022,0.38275411306595447,0.188956859529002,2.7848518811599283,0.0,3
2023092405,4121,0.9354,1,78.6699981689453,45.4000015258789,12,0.6420275091578488,0.48269930029741787,-0.33759167209908925,4.429051817262924,0.0,3
2023092405,4180,0.23,1,35.9199981689453,51.1100006103516,26,2.572179947083715,0.3000018310553385,0.7880017764573827,1.011187420807829,0.0,3
2023092406,115,0.0,0,88.25,33.9700012207031,8,3.3004853528616818,1.2888746643456643,-0.25556682794692603,6.536489883721999,0.0,3
2023092406,295,0.0,0,83.6399993896484,42.25,9,4.188962275295441,1.6164470980219527,-0.39056778375874834,5.6524154129009325,0.0,3
2023092406,320,0.7264,2,92.3099975585938,26.4500007629395,8,1.512384060035852,0.5375897369055894,-0.3751492068037715,4.674237905798118,0.1845,3
2023092406,361,0.0,0,86.0899963378906,17.9300003051758,8,8.435471042218989,2.2938152691058167,-0.32578673049945095,8.807774974418912,0.0,3
2023092406,415,0.2175,1,74.9100036621094,11.1499996185303,9,2.533083321066186,0.1860126104239064,-0.5020765291752755,4.728477556254244,0.0,3
2023092406,438,0.0,0,79.3399963378906,42.8600006103516,10,7.089460612065816,1.9991980203629152,-0.11286034879702303,7.077697365669147,0.0,3
2023092406,463,0.0597,1,66.7200012207031,8.15999984741211,11,2.820816627922773,2.355950637378284,-0.6109474473251598,1.2621014222319915,0.0,3
2023092406,535,0.1537,1,44.0999984741211,39.6100006103516,8,2.562362735701083,2.0573024472297963,-0.441500255980646,1.0547511554864537,0.0,3
2023092406,597,0.0982,1,32.3300018310547,43.8499984741211,10,2.7089689606186993,2.139651352478231,0.0043761509047222065,6.111178282459119,0.0,3
2023092406,620,0.2238,1,20.2600002288818,48.1500015258789,16,2.5397055859288686,1.7203773009309433,-0.6778456280524,6.0533131424039155,0.0,3
2023092406,650,0.0,0,13.6000003814697,43.4099998474121,7,4.448932822003456,1.3806162107990438,-0.32506100652478026,3.857525113333677,0.0,3
2023092406,714,0.0,0,35.939998626709,35.2599983215332,8,12.44775646710914,2.2173203408671482,-0.5730502091900103,11.16458687099527,0.0,3
2023092406,817,0.0,0,62.0999984741211,28.6200008392334,6,4.698788651056296,1.185328697620178,-0.14553818367504637,6.1647789903612935,0.0,3
2023092406,949,0.0,0,31.1800003051758,21.2199993133545,6,4.652417999151742,3.3148899717181664,0.004697201537485035,1.3595955280891459,0.0,3
2023092406,1004,0.0123,1,76.0100021362305,-0.109999999403954,24,2.973214467395127,1.584930475724281,0.7578749235166617,1.7177310616042278,0.0,3
2023092406,1027,0.0,0,35.1800003051758,12.1499996185303,9,14.193131758884675,1.880956831587388,-0.6845976504476399,14.795110678869559,0.0,3
2023092406,1052,0.0,0,49.1699981689453,40.1599998474121,9,3.0952380195762768,1.9275130516638521,-0.37490904787245216,2.6580067720004044,0.0,3
2023092406,1115,0.0,0,64.1399993896484,15.6400003433228,10,5.456967323299043,5.823829662910497,0.00695017825000481,4.305275833207442,0.0,3
2023092406,1183,0.0,0,84.0599975585938,27.25,6,5.620006468420186,1.6386556930834788,-0.32218623709912986,6.401663846219973,0.0,3
2023092406,1215,0.6298,1,60.5299987792969,41.560001373291,14,1.850675967055708,1.4539928545047036,-0.6520916622524074,4.217309568907646,0.1558,3
2023092406,1240,0.0945,1,27.1200008392334,40.9000015258789,17,2.716617197846763,0.6500784571344213,0.5233112768293214,3.6508766070630236,0.0,3
2023092406,1323,0.1258,1,11.3100004196167,16.4200000762939,8,2.622460962228621,1.820357472033677,-0.5165634371036757,4.059876845422777,0.0,3
2023092406,1417,0.0,0,38.9500007629395,10.3599996566772,10,3.084444009026331,1.7624123238475522,-0.27287086326905735,4.017822793503961,0.0,3
2023092406,1467,0.0,0,49.4700012207031,38.310001373291,6,7.6373415616799845,1.6555950033347246,0.30096424800348315,8.779322297307466,0.0,3
2023092406,1537,0.0,0,46.2400016784668,32.1199989318848,7,6.867504935691853,1.4340159438789184,0.08942342883162707,7.46243927948496,0.0,3
2023092406,1663,0.6529,2,23.5300006866455,5.34000015258789,18,1.625054477189452,1.4978990276008894,-0.6873427421255446,3.0945758998609145,0.0,3
2023092406,1693,0.0,0,-1.05999994277954,4.15999984741211,14,9.419771712223847,6.604642262903341,0.35359893825071065,0.44384682042344303,0.0,3
2023092406,1740,0.0,0,23.3500003814697,19.6700000762939,7,8.569072666806948,1.1387716347809547,-0.36365039292266393,9.21295826539988,0.0,3
2023092406,1863,0.82,1,4.17999982833862,8.22000026702881,15,0.540092417967876,1.3430189826629653,-0.5761585083303254,2.250088887133128,0.4685,3
2023092406,1977,0.0,0,46.060001373291,4.69999980926514,10,4.9129407129981155,0.5758465461317558,-0.47599320011289753,6.941411960113019,0.0,3
2023092406,2019,0.0,0,51.8499984741211,19.2199993133545,7,6.437709900036023,0.8915727798628365,0.2384311343512338,4.94064773081425,0.0,3
2023092406,2074,0.7729,1,74.2900009155273,45.1500015258789,9,1.0301932114811068,0.1964675844049515,-0.31761945915128376,4.891022388008463,0.2172,3
2023092406,2099,1.0129,1,100.959999084473,51.9099998474121,25,0.8981082090171421,0.6224151602544394,-0.5076998089943379,2.8698606237934254,0.0,3
2023092406,2162,0.0,0,107.300003051758,42.5900001525879,8,3.3724163468662103,2.294556632506428,-0.4192614805601979,4.174685616905777,0.0,3
2023092406,2230,1.151,1,112.199996948242,20.2399997711182,6,0.5119561502128933,0.8184154655284784,-0.03121352719649854,2.8400704216621144,0.7876,3
2023092406,2301,0.0,0,81.4300003051758,6.90999984741211,12,10.258752656185424,0.23769762028999736,-0.11382425046924963,11.716082963175015,0.0,3
2023092406,2331,0.0,0,73.0999984741211,32.2599983215332,8,10.062329458898143,2.2917238435409226,-0.38673335239807805,10.843454246687253,0.0,3
2023092406,2356,0.0,0,63.9799995422363,8.68000030517578,12,7.409507148198126,0.2745900542194978,-0.060633348413699245,12.336259562768618,0.0,3
2023092406,2489,0.3906,1,74.0199966430664,40.1399993896484,15,2.1172894059912113,2.0566466168031847,0.7629643943693569,5.773534446073741,0.0,3
2023092406,2512,0.0,0,87.5299987792969,0.219999998807907,24,5.530143905169891,5.009679935067373,0.6575308098644069,1.118033988749895,0.0,3
2023092406,2607,0.6433,1,73.8899993896484,49.7099990844727,23,1.070187803525892,1.4244303467510078,-0.5656511521027899,1.7996944185055421,0.0,3
2023092406,2691,0.0,0,59.4599990844727,11.039999961853,12,6.249808619384389,1.5562126619696177,-0.24858515943262,7.49176881650789,0.0,3
2023092406,2741,0.0,0,30.8400001525879,1.57000005245209,17,8.659867065468774,8.746427700139694,0.1381625074507523,2.7916482586457785,0.0,3
2023092406,2764,1.0613,1,35.9500007629395,8.13000011444092,13,0.38209989877285083,0.7299995004316268,-0.027246073330703457,6.778215104288149,0.2318,3
2023092406,2830,0.0,0,55.0900001525879,15.4200000762939,8,3.8724925691891716,1.2272325299702478,-0.21795304711911065,4.839111488692942,0.0,3
2023092406,2855,0.3036,1,64.5699996948242,6.71000003814697,10,2.2401785673765,0.6576475666803312,-0.4249571173176889,6.12829503206234,0.0,3
2023092406,2904,0.0,0,63.6500015258789,14.5,8,4.021590457410008,1.7557037090347505,-0.3188528222299691,5.922001350894814,0.0,3
2023092406,3018,0.0,0,68.0999984741211,11.5600004196167,13,11.954282169912103,0.6670829693226097,-0.7906623519300492,11.175061521083453,0.0,3
2023092406,3048,0.0,0,67.1600036621094,34.7700004577637,8,16.196685424614234,15.191345089392629,-0.24446511700781745,8.27481117609339,0.0,3
2023092406,3112,0.0,0,49.189998626709,20.9599990844727,11,3.115203049411931,1.2742460958526343,-0.6308873514864536,1.354843164355199,0.0,3
2023092406,3167,0.0,0,52.7799987792969,18.9699993133545,6,4.762531536328471,2.1508146550602114,-0.12890953127827423,5.611996079827574,0.0,3
2023092406,3225,0.0,0,71.2600021362305,19.1800003051758,9,7.150501387082885,1.5008320019251633,-0.6117338138171715,8.590768300914652,0.0,3
2023092406,3250,0.2955,1,72.2699966430664,46.0299987792969,7,2.196660031826252,0.7200725476573354,0.05045026856350138,3.9667240892202247,0.0,3
2023092406,3273,0.0,0,100.919998168945,49.8300018310547,25,5.031602501239214,5.782181749241181,-0.2536008344101995,1.3958868148958248,0.0,3
2023092406,3307,0.2157,1,85.2699966430664,36.1399993896484,11,2.5678400663227894,2.4780872339614946,-0.3814613888126961,1.1772000679578687,0.0,3
2023092406,3364,0.0,0,81.1500015258789,28.1900005340576,7,4.847525715123086,3.178003415883538,-0.04683930770804028,1.617559890699566,0.0,3
2023092406,3617,0.0,0,85.75,10.6099996566772,10,6.045047522863698,1.7536815964402228,-0.21422918421190273,6.903245613477764,0.0,3
2023092406,3642,0.0545,1,75.1500015258789,9.5,8,2.8364780325954984,1.51743303682323,-0.5908148556236986,4.922052417437262,0.0,3
2023092406,3667,0.2279,1,68.9000015258789,6.19000005722046,10,2.339851932976726,1.5268936258531338,-0.5843520904164453,5.67212482232187,0.0,3
2023092406,3692,0.0188,1,50.0699996948242,44.060001373291,16,2.9436364309513428,2.034943621180643,-0.5519393555143576,3.714040925999603,0.0,3
2023092406,3757,0.0,0,52.0400009155273,25.1200008392334,9,3.131933117451045,1.9565791452431744,-0.21335300288239345,2.517717220022934,0.0,3
2023092406,3832,0.6443,1,39.3199996948242,12.0600004196167,10,1.1741378884256675,1.4491726557802949,-0.3952092211097113,1.2389108119634744,0.0,3
2023092406,3873,0.0,0,53.0800018310547,35.310001373291,7,11.785287049349966,1.5880783137862307,-0.4731156069977481,10.45903437225445,0.0,3
2023092406,3898,0.0,0,59.8300018310547,43.060001373291,8,3.3222259385497472,1.850646427525332,-0.17839061836841744,4.685648300929125,0.0,3
2023092406,4004,0.4663,1,77.7099990844727,24.0499992370605,16,1.6011256397330265,1.6979989695195619,0.26580561920980106,6.984618815654857,0.0,3
2023092406,4029,1.0315,1,106.120002746582,48.5499992370605,26,0.7040625000057456,0.37107810000985475,0.019693748232737774,2.7511815643464885,0.0,3
2023092406,4134,0.0,0,70.7200012207031,6.0,15,4.821492460927735,9.189874574886757,0.3742317123109904,4.133775513982344,0.0,3
2023092406,4157,0.0,0,71.3000030517578,17.0900001525879,10,3.63473770853525,2.160026199042795,-0.31347299023036507,2.648641161048438,0.0,3
2023092406,4193,0.0,0,42.0499992370605,49.8800010681152,17,6.262028058389207,2.0262514541502474,-0.5918157965508127,4.7362960211540885,0.0,3
2023092406,4223,0.0,0,42.8199996948242,30.5300006866455,5,9.575489154800977,1.79120033466849,-0.3438053726546883,9.29419711432892,0.0,3
2023092406,4414,0.4691,1,11.710000038147,6.46000003814697,9,1.5926079773040902,1.1510430573099975,-0.04282262251242262,0.4924428900898055,0.5856,3
2023092406,4448,0.724,1,19.1900005340576,14.210000038147,8,1.0307763138845811,0.5200956102655013,-0.48911179068009675,1.0508092119885526,0.3788,3
2023092406,4524,0.0,0,27.3099994659424,21.1800003051758,8,7.576028578518043,2.163007773700716,-0.24074161583634082,9.215042050907854,0.0,3
2023092406,4611,0.7427,1,16.9099998474121,47.0699996948242,18,1.5147605449928647,0.21095052043177778,-0.5369382041866276,1.0656922632730312,0.0,3
2023092406,4690,0.2986,1,21.7999992370605,18.8999996185303,9,2.2399992370605344,1.1825811275213391,-0.1587935467807466,2.474550464225774,0.0,3
2023092406,4724,0.0,0,30.5400009155273,50.2099990844727,13,4.158858326727258,1.1900419391333297,0.1483781040198198,6.567746950058293,0.0,3
2023092406,4761,0.0,0,28.5900001525879,10.9899997711182,9,3.4458381992907166,2.2871160199519696,-0.6042452298643026,3.8426032842332294,0.0,3
2023092406,4791,0.0,0,21.4400005340576,25.1800003051758,7,4.992674787324181,2.6877875377044966,-0.0022631596279666425,1.8203571078225285,0.0,3
2023092406,4823,0.6137,1,9.85999965667725,31.8400001525879,8,1.2400001525879474,0.6100000881759112,0.0210959297458034,0.5510898293381951,0.1233,3
2023092407,191,0.0,0,51.5999984741211,6.71999979019165,15,3.26332609336276,0.8820424285004599,0.18513132452657383,1.4413882197381793,0.0,3
2023092407,243,0.9641,2,41.9300003051758,16.2099990844727,8,1.2103727513731082,0.5292453734177943,-0.10208668502007494,2.7731570456791648,0.5405,3
2023092407,268,0.6334,1,11.8699998855591,47.1699981689453,22,1.6824073321607442,1.4149544782033885,0.6297935439444328,4.160432669807312,0.0,3
2023092407,356,0.6986,1,45.0099983215332,36.75,9,0.9042690701734497,10.73851617192002,-0.641461334606155,7.591765275612781,0.5863,3
2023092407,391,0.7534,1,49.3499984741211,50.0,14,1.336450876780451,0.35355490113638566,-0.3163939218333243,2.741167634421506,0.0,3
2023092407,573,1.0906,2,54.0900001525879,39.439998626709,10,1.5331017621754657,0.48877523449976173,-0.06863735922765596,3.6216294675187295,0.0,3
2023092407,620,0.0,0,56.5200004577637,44.1699981689453,9,8.185285923460933,0.5063597187756019,-0.10298959110199193,4.821161685735091,0.0,3
2023092407,742,0.0,0,20.0100002288818,30.6200008392334,5,8.696694146762765,0.27459022648529463,-0.37822489853130065,10.68056646437819,0.0,3
2023092407,849,0.0168,1,49.9500007629395,34.2200012207031,9,2.9494586010708885,0.5600900632116023,-0.45054283597066486,6.587541271217964,0.0,3
2023092407,872,0.4932,1,43.2799987792969,27.0100002288818,10,1.5205274389593908,1.6150530005110133,-0.29333057260350975,2.1220744567521637,0.0,3
2023092407,1190,0.0,0,51.4900016784668,6.30000019073486,18,3.8793051747402285,0.5217262979076193,-0.5909572375078548,4.6027817675836005,0.0,3
2023092407,1215,0.0,0,71.0100021362305,15.2200002670288,16,5.456420277878644,0.25000212554957857,0.543001175753341,3.1297284227229687,0.0,3
2023092407,1308,0.0,0,78.8600006103516,14.8199996948242,8,4.462690451610485,0.49203725385401315,0.15665744292166492,4.81274350033325,0.0,3
2023092407,1405,0.4399,1,24.9400005340576,35.3600006103516,9,1.9912299648123764,1.110719676364617,0.34794920326193873,1.8952572384771411,0.0,3
2023092407,1430,0.6495,1,29.1399993896484,17.3799991607666,9,1.610590972482082,0.2912052129947515,-0.08350675573776145,3.630385654444993,0.1095,3
2023092407,1500,0.0,0,59.0699996948242,-0.639999985694885,24,7.110175794387853,4.14001212295657,-0.1397800849986154,0.6888396039717813,0.0,3
2023092407,1732,0.5796,1,44.4700012207031,47.1300010681152,10,1.2611512740402424,0.9042675768081732,-0.5585093877294511,1.9080094339389395,0.0,3
2023092407,1836,0.8422,1,54.25,17.0900001525879,7,1.0656922790230614,1.4800338741240764,-0.271604114737737,1.0335376142163406,1.088,3
2023092407,1881,0.0,0,56.1699981689453,6.92000007629395,13,4.453584167322789,0.4838405806274124,-0.4908960160976045,4.784485343273614,0.0,3
2023092407,1933,0.9424,1,100.080001831055,50.8800010681152,27,0.38013169265943797,0.4999985412618229,-0.6222837793465856,1.2491997438360252,0.0,3
2023092407,2129,0.0,0,73.1900024414062,28.2399997711182,7,7.701124193736731,1.5096050054052883,-0.2583728120636391,5.179285665031426,0.0,3
2023092407,2220,0.0,0,46.8199996948242,46.4000015258789,9,6.410242083139705,0.3858761575142327,0.12200675366794335,7.407840441046233,0.0,3
2023092407,2250,0.5592,1,21.6299991607666,11.8999996185303,18,1.3224211596119935,1.5865992283850694,-0.7355825379032256,1.5373353570382762,0.0,3
2023092407,2345,0.0,0,45.5999984741211,37.3899993896484,10,3.532434346641501,0.20025139840033898,-0.17200081876687534,4.196629600048114,0.0,3
2023092407,2527,0.0,0,99.7900009155273,45.7700004577637,10,5.2759464263163425,0.6640793219384298,-0.1444560657703057,7.11966291336886,0.0,3
2023092407,2687,1.0231,2,65.2399978637695,39.6100006103516,9,0.8928624649701739,0.32015843284864137,-0.34193780005864427,0.5186520991956,0.0,3
2023092407,2710,0.0,0,52.2999992370605,14.3599996566772,9,12.99432644380196,0.8670070569064723,-0.2440341284998303,10.860248615938778,0.0,3
2023092407,2811,0.0,0,89.0299987792969,39.2700004577637,10,3.4753571475257377,2.348042746497944,0.46065309408790756,0.7823042886243227,0.0,3
2023092407,2834,0.0,0,79.0800018310547,1.41999995708466,17,4.282348223712215,0.05656980691590742,-0.6712362241545055,2.0444314613114334,0.0,3
2023092407,2972,0.0,0,37.7799987792969,46.6100006103516,11,5.6103132876470045,0.2906880182045127,0.35542449793993686,8.676802406416781,0.0,3
2023092407,3022,0.6192,1,75.7300033569336,34.4599990844727,7,1.3290988502268384,0.3982481934011544,-0.09963889323527785,4.144007722000518,0.0,3
2023092407,3257,0.0,0,97.0,48.4599990844727,12,7.255211584054293,0.54451722767177,0.2613735728991158,10.259244611568636,0.0,3
2023092407,3289,0.6605,1,75.9800033569336,7.55000019073486,14,1.0186288338959526,0.5728024093079307,-0.1079516457559698,1.6507574019219244,0.0,3
2023092407,3312,0.0,0,75.2600021362305,16.6599998474121,12,3.839190653307144,0.6224162389365548,0.23269783102024064,2.6583641586509508,0.0,3
2023092407,3337,0.0,0,74.3499984741211,24.1800003051758,6,11.486899690336468,2.0421541695832293,-0.42843329758767207,11.718024577547197,0.0,3
2023092407,3446,0.0,0,35.1399993896484,49.6800003051758,14,3.9999631651136984,0.35355300216833757,-0.40241959734575866,3.54611054537221,0.0,3
2023092407,3471,0.64,1,25.6399993896484,46.5099983215332,10,1.079999389649704,1.2495196745619288,-0.5886562837719026,3.519204455555261,0.0,3
2023092407,3496,0.0,0,25.0200004577637,9.23999977111816,10,3.6748473709486955,1.1132384078928854,-0.5507631423761667,5.448302487931447,0.0,3
2023092407,3568,0.2603,1,12.6300001144409,18.1900005340576,7,2.4319956117954717,1.3256324692318306,0.41617591112390107,1.5554099138169326,0.0,3
2023092407,3712,0.0,0,41.7099990844727,15.4799995422363,10,4.683642227321637,2.6746966038427993,-0.24363464778639454,1.2628935030318267,0.0,3
2023092407,3766,0.0,0,60.7299995422363,22.2800006866455,7,4.917083282423377,0.5060628662868755,0.5788601095106263,4.963637778887585,0.0,3
2023092407,3791,0.0579,1,82.5400009155273,47.2799987792969,21,2.826392097933749,2.010620281106662,-0.07413332069641201,1.133181362359978,0.3339,3
2023092407,3857,0.0,0,102.019996643066,43.8899993896484,9,6.120078770249591,0.8400601719763895,-0.5356085133943254,10.816810990305793,0.0,3
2023092407,4027,0.0,0,45.8899993896484,1.41999995708466,20,3.996999062409007,2.7945840556611388,0.6755591686425507,1.1414026458704265,0.0,3
2023092407,4111,0.0,0,46.9700012207031,1.51999998092651,15,5.451833707353017,4.362899557490811,0.6044326963308476,0.7787810988975007,0.0,3
2023092407,4134,0.0,0,61.6500015258789,2.69000005722046,19,3.217715478364478,4.174037552736657,0.37161186810062863,6.852882605152378,0.0,3
2023092407,4157,0.4632,1,64.0500030517578,41.6100006103516,10,1.9991278035951927,0.3689184764887966,-0.46060645123455596,6.347385288447516,0.0,3
2023092407,4288,0.0,0,69.379997253418,17.6900005340576,13,4.7288998049743585,0.4904084150185404,0.4238798512296312,4.440833255144805,0.0,3
2023092408,146,0.3332,1,70.9199981689453,37.6100006103516,7,2.0003982879793205,0.5772328631704995,-0.043010002908509044,3.155265440497833,0.0,3
2023092408,171,1.5689,2,44.0699996948242,46.6100006103516,22,0.20248515510424653,0.5307535421551028,-0.5951765206997323,1.4741099009232692,0.0,3
2023092408,196,0.0,0,39.4199981689453,37.5299987792969,11,9.021361980591875,1.1364836204433788,0.27297206725482365,3.8544000830219987,0.0,3
2023092408,232,0.3923,2,6.28000020980835,29.25,13,2.3306007142974297,1.1384637962485666,0.49820263332413994,1.0068763578513502,0.3925,3
2023092408,372,0.6628,1,48.310001373291,19.2700004577637,7,1.2747142073527322,0.2807139313988684,-0.282628029214414,3.7340594531956794,0.2279,3
2023092408,419,0.5608,1,63.3400001525879,3.5699999332428,12,1.3174595179844177,0.746726027950343,-0.48774083700439463,0.8275868534480232,0.0,3
2023092408,449,0.0,0,83.1900024414062,13.9099998474121,12,5.397677098558987,0.5954014656342075,0.6254055828308857,4.268254912724876,0.0,3
2023092408,514,1.08,1,91.4300003051758,21.2199993133545,11,0.18439067399102668,3.6480264088528753,-0.23372730979428197,3.7879413934220225,0.5449,3
2023092408,546,0.66,1,76.8600006103516,3.79999995231628,15,1.0200005161061951,0.5643583037993054,-0.37019776697572365,0.9377632963600123,0.0,3
2023092408,598,0.188,1,81.7600021362305,36.2599983215332,7,2.592682493992652,0.19026141204828623,0.5215317478561615,4.216776019662416,0.0,3
2023092408,668,0.7528,1,62.9700012207031,27.1700000762939,13,0.9222785919720975,0.38275284133537074,0.5442210967621346,5.1722045589864285,0.4736,3
2023092408,759,0.0,0,39.6399993896484,48.4700012207031,10,3.9261317551864914,3.6026806324262823,0.08256848401879704,3.5456452163181797,0.0,3
2023092408,840,0.713,1,12.9700002670288,3.34999990463257,19,1.4484474544245105,0.3679676412578858,-0.3587151731997508,2.9929416967258122,0.0,3
2023092408,911,0.8474,1,62.7999992370605,48.3800010681152,24,1.49053655705146,0.4738136880804687,0.762370197369853,1.8552897347853798,0.0,3
2023092408,990,0.0,0,33.4300003051758,51.4500007629395,11,4.000050728285641,0.23000076293970648,0.26920691297596655,4.627882885294316,0.0,3
2023092408,1042,0.5907,1,-0.740000009536743,30.4099998474121,14,1.7978040838550144,2.1276277835900173,0.3336534422205976,0.7300684899377561,0.0,3
2023092408,1065,0.5914,1,12.0200004577637,40.3499984741211,9,1.225765299998812,0.49930054531155593,0.056461554144814304,1.9201041638411174,0.0,3
2023092408,1121,0.3815,1,6.42000007629395,33.6599998474121,9,1.8555863219329327,2.3992083480445605,-0.6086649153670263,2.087223035518723,0.0153,3
2023092408,1197,0.328,1,20.7999992370605,6.67000007629395,12,2.1523248648645734,0.9484730272256975,-0.5131378184783767,2.694011878221772,0.0,3
2023092408,1338,0.3321,1,67.25,6.5,20,2.0035967658189087,1.8939112967612814,-0.1171188108627474,2.9051161766786535,0.0,3
2023092408,1368,0.0,0,59.9000015258789,18.5200004577637,12,8.546957596614604,0.7286274692146294,-0.06859440857566886,3.670095366608339,0.0,3
2023092408,1442,0.1782,1,70.3300018310547,31.4699993133545,7,2.5341070407465547,0.6307137179498731,0.23753345729566255,2.3477648945326703,0.0,3
2023092408,1525,0.0,0,68.4199981689453,39.3400001525879,7,3.8419402728071943,0.5178804629965964,0.3210556306189144,1.4301048912579726,0.0,3
2023092408,1574,0.2426,1,75.2900009155273,23.4300003051758,7,2.4313167906858513,0.5510903111167882,0.4898142635350014,1.8902909828912577,0.0,3
2023092408,1674,0.0,0,81.5400009155273,33.5499992370605,6,3.1281476076818633,0.4775992756659388,-0.09789379295744456,4.477700302610715,0.0,3
2023092408,1699,0.0,0,77.5100021362305,20.1900005340576,8,3.1516366655882133,0.4919363880797518,-0.21932863159163252,5.889550067704661,0.0,3
2023092408,1724,0.8836,1,75.0299987792969,5.67999982833862,11,0.349286171092822,0.6001662510391684,-0.6178067917640417,3.506907469552055,0.3446,3
2023092408,1803,0.608,1,91.7300033569336,27.8199996948242,6,1.4300010094311817,1.653029886725528,0.23137044241421856,1.091650127101177,0.2999,3
2023092408,1826,1.1084,1,110.419998168945,51.2299995422363,23,0.08602394446980821,0.6789716888982057,-0.4894913322282731,0.7922752047110896,0.0,3
2023092408,1849,0.2992,1,95.2200012207031,3.08999991416931,12,2.1023783889239827,1.023033704093231,-0.6032549130094446,6.548014966384845,0.0,3
2023092408,2043,0.7309,2,43.1399993896484,25.6000003814697,10,1.6709281434568375,0.6268180150371634,0.16142138195480568,3.709123885771411,0.0,3
2023092408,2100,0.434,1,36.9500007629395,33.0499992370605,7,1.8891530596640487,0.06082674732084177,0.2087135261909181,5.956676925937813,0.2781,3
2023092408,2147,0.0,0,38.939998626709,13.9300003051758,9,11.916351507185393,0.5640046174439365,-0.6411011175689868,9.34783932253866,0.0,3
2023092408,2177,0.7107,1,56.5200004577637,13.1400003433228,7,1.281600103712689,0.6606817885492234,-0.20475952696366514,2.965569085352759,0.346,3
2023092408,2268,0.8656,1,111.160003662109,9.86999988555908,15,0.4031102614132345,0.9960887128467033,-0.7190588994159514,2.4665765749313384,0.0,3
2023092408,2295,0.565,1,84.4700012207031,35.7900009155273,18,1.6838644377093934,0.8682180848292205,-0.4635653803500752,2.6303041649208496,0.0,3
2023092408,2376,0.3038,1,45.5099983215332,22.4200000762939,11,2.0885634045269525,0.5412944777213791,-0.08955541267899521,1.0456098698845568,0.0,3
2023092408,2449,0.5117,1,69.879997253418,36.689998626709,9,1.9657285726724,1.0704177711162117,0.08087665700442541,4.357212411622826,0.2839,3
2023092408,2629,0.0,0,32.9199981689453,43.1199989318848,10,7.1714592486984055,1.07042045674969,0.40330354297632187,11.229425630903833,0.0,3
2023092408,2709,0.0,0,57.9599990844727,14.1700000762939,13,6.008161890949798,0.619111444502369,-0.4029757353823863,8.132312094355454,0.0,3
2023092408,2893,0.0,0,80.3399963378906,23.3199996948242,6,8.577648979279397,0.7810925505491129,-0.16857537650897242,8.999805553455039,0.0,3
2023092408,2918,0.8526,1,92.0299987792969,45.2700004577637,10,1.2963036768666256,0.6484610147292998,0.2601366619759554,1.7593180496999374,0.2306,3
2023092408,2965,0.0,0,96.6800003051758,5.1399998664856,9,3.757778409236198,0.8300600712651158,0.15085888193402602,4.237570058417918,0.0,3
2023092408,3073,0.2954,1,80.7900009155273,35.689998626709,7,2.2013189204716643,1.339329574036331,-0.15204798251408808,2.4499999999999944,0.0,3
2023092408,3187,0.4903,1,81.7099990844727,18.0,7,1.8243894158659277,1.1526051001303967,0.13331034437282316,2.9432295187429682,0.0269,3
2023092408,3518,0.5345,1,72.370002746582,5.80999994277954,15,1.3964623874224618,0.4827025432204884,0.07804775060959404,2.179931191574639,0.0,3
2023092408,3543,0.0,0,69.6999969482422,32.2900009155273,7,8.907998841798824,1.5606378043785745,-0.18343528923943608,8.244276802728065,0.0,3
2023092408,3575,1.0661,1,59.0800018310547,36.0499992370605,7,0.9119767586295143,1.2980004058993893,0.09894885492207711,0.7782030583337497,0.5814,3
2023092408,3600,1.0076,1,34.4199981689453,2.3199999332428,16,0.9704646778053954,0.38600414389959514,0.16523954220457804,0.848999411071648,0.0,3
2023092408,3762,0.0,0,40.4199981689453,46.3199996948242,9,14.964121920605276,0.8203676283580228,0.034572495506598494,17.337442141215643,0.0,3
2023092409,100,0.0,0,86.4199981689453,12.6700000762939,8,3.043811590492468,1.5164743623221797,-0.04233752816332606,3.574758733117522,0.0,3
2023092409,173,0.4369,1,41.2099990844727,15.3699998855591,9,1.689290217714993,1.2224969719539107,0.3715936624335463,2.59416653281936,0.0,3
2023092409,196,0.0,0,55.1100006103516,46.5699996948242,14,7.150279038326239,0.6040688554538494,-0.04209173707190127,6.701708737329603,0.0,3
2023092409,259,0.1216,1,76.4100036621094,6.38000011444092,9,2.63531453942855,0.47042167578986394,-0.21545558947990218,3.2423448305200346,0.0,3
2023092409,289,0.499,1,81.6900024414062,13.2600002288818,7,1.613069226951783,1.0244985315836048,-0.4145076991229186,3.0958843647655865,0.0971,3
2023092409,570,0.0,0,50.8899993896484,12.3400001525879,13,6.078831724809455,1.2980749848842152,-0.4269045607178081,9.543086502804007,0.0,3
2023092409,595,0.0,0,42.560001373291,48.6599998474121,9,3.1092936198720476,1.0066294064067016,-0.26781058133173363,2.4043502240730197,0.0,3
2023092409,697,0.7959,1,6.1100001335144,0.419999986886978,25,0.6122092077545572,0.900944083352178,-0.7824736860666919,1.7366634676873913,0.0,3
2023092409,752,0.0766,1,27.2099990844727,45.3600006103516,9,2.7950844259599203,1.8592463880155985,0.10241711178982758,1.0312128781197423,0.0,3
2023092409,818,0.0,0,42.8499984741211,6.48000001907349,12,4.589173562648908,2.349490301495447,-0.507660854093047,3.6807743750466395,0.0,3
2023092409,865,0.5393,1,58.5800018310547,13.6000003814697,9,1.3822427327472164,0.582149326060823,-0.41870655276655416,3.5202982828163822,0.0,3
2023092409,930,0.0,0,91.4199981689453,49.560001373291,10,14.382923306582084,0.34175822103626374,-0.6016534673336354,15.756630350427079,0.0,3
2023092409,967,0.0,0,66.8300018310547,1.96000003814697,12,3.78936804381842,1.5543821128997044,-0.071483410112163,4.610390438997547,0.0,3
2023092409,1100,0.0,0,91.3399963378906,17.9899997711182,10,6.554031886257331,0.446880994224757,0.3902716763241341,4.57403541744049,0.0,3
2023092409,1390,0.7927,1,115.720001220703,48.8300018310547,19,0.6217697284524337,0.596152182182785,-0.37584583435735397,1.05683489722851,0.0,3
2023092409,1413,0.3745,1,100.849998474121,45.4700012207031,12,1.876407050182057,1.609968534364771,-0.6345109251531287,5.3029237218726895,0.0,3
2023092409,1479,0.4931,1,61.9599990844727,48.5299987792969,19,2.0944211304865186,0.9315035505828372,0.5355098708197903,0.948472456110349,0.0,3
2023092409,1502,0.0,0,80.1800003051758,13.8199996948242,9,3.535095892958557,2.2300671841889064,-0.026339099987680793,4.050580205353314,0.0,3
2023092409,1530,0.0,0,75.1800003051758,9.22000026702881,11,4.416616131926497,1.180720512763482,-0.19338434271438587,1.8110770276274855,0.0,3
2023092409,1555,0.4149,1,68.9300003051758,14.0299997329712,7,1.7695480321362644,1.5323513109471207,-0.1768014051968611,0.6352952069707427,0.3514,3
2023092409,1659,0.0941,1,55.9900016784668,45.8300018310547,12,2.8027332768954993,1.5029643712514538,-0.3662484371003887,3.575765652276442,0.0,3
2023092409,1713,0.0,0,31.6800003051758,7.82999992370605,20,8.98999464652272,1.033924859421291,-0.7821209448452334,3.264735823922054,0.0,3
2023092409,1770,0.5487,1,68.5199966430664,35.7900009155273,22,1.3538498234643572,0.876640687668392,0.6378610448176505,4.919064951797241,0.0,3
2023092409,1824,0.8952,1,37.0999984741211,31.6399993896484,8,0.9476282070266939,0.6747608037939711,-0.5311510899804659,5.864000341064111,0.2082,3
2023092409,1875,0.7572,1,40.9799995422363,41.7799987792969,8,1.4904018469550164,0.26999877929729343,0.23880665787110134,5.224566967701729,0.2983,3
2023092409,1922,0.7639,1,21.4599990844727,47.1500015258789,20,0.7083770685816217,1.021418843501834,-0.5890984813430356,0.9415412895885134,0.0,3
2023092409,2015,0.0,0,54.4500007629395,7.6399998664856,13,4.010599015746163,2.175683035225876,-0.606729579600665,5.4536684901082895,0.0,3
2023092409,2040,0.0,0,61.25,10.3400001525879,10,4.404020776753349,0.8102470002511888,-0.5426317591283586,6.6331968160156345,0.0,3
2023092409,2070,0.03,1,66.0899963378906,3.07999992370605,12,2.9099177314190228,2.2111112733335796,-0.5194135992806902,3.5003571246374263,0.0,3
2023092409,2117,0.0,0,74.8199996948242,5.6399998664856,11,4.137692854152432,2.495796578477912,0.5040359330932288,5.530144663568939,0.0,3
2023092409,2270,0.7317,1,75.9300003051758,20.7800006866455,9,0.8049849495757788,1.8370904861119968,-0.09148128782590906,3.8140005243838084,0.0914,3
2023092409,2302,0.0,0,70.870002746582,29.9200000762939,10,3.1418629041624584,1.0729881680201343,-0.44383058474024084,2.0930838492521104,0.0,3
2023092409,2361,0.0,0,38.7799987792969,54.7599983215332,18,5.150582593834634,6.263808871426619,0.5495887325787526,2.2621449997734446,0.0,3
2023092409,2384,0.0,0,48.1199989318848,-1.41999995708466,17,4.4288264440970435,2.7513820215118234,0.665654438583958,1.3870832707519716,0.0,3
2023092409,2519,0.7006,1,52.2799987792969,5.3600001335144,17,0.8981101715634604,1.4057743755405394,-0.6522527227634622,1.2101652779682628,0.0,3
2023092409,2659,0.1959,1,75.6500015258789,42.4199981689453,8,2.568908905090272,0.5643584587621411,-0.008146249657661336,4.060209354208227,0.0,3
2023092409,2684,0.0,0,72.9199981689453,7.73999977111816,11,7.452958986928014,1.4481009497898223,0.24630515929511493,4.849412335530978,0.0,3
2023092409,2714,0.445,1,57.2900009155273,35.939998626709,15,1.6650841750677892,1.365613948263234,0.11478823927613883,8.103585626128716,0.0,3
2023092409,2739,0.0,0,56.8400001525879,13.0,9,6.26198865168082,0.7340982066467581,0.22475417963980462,8.55247917273114,0.0,3
2023092409,3023,0.0,0,76.379997253418,16.7000007629395,8,3.705349979319967,2.4147274392703832,0.1125374436540005,4.006045431594605,0.0,3
2023092409,3046,0.0,0,79.9400024414062,17.5,11,5.02001090363975,3.484209195887754,0.5964804710056708,3.849844152689813,0.0,3
2023092409,3090,0.0,0,59.5699996948242,40.75,8,4.22234516155774,0.5255470492047382,-0.3557616011459683,6.111317370256593,0.0,3
2023092409,3241,0.0,0,21.6299991607666,17.6200008392334,9,9.331263625506208,2.2380569044557324,-0.42966523307108123,7.871016452784226,0.0,3
2023092409,3478,0.0,0,50.5,30.1900005340576,8,5.145133693726397,1.6484233370060424,-0.29125782019797075,4.120291251841307,0.0,3
2023092409,3503,0.4063,1,78.3300018310547,46.0099983215332,19,2.202269491200247,0.5239295291310043,-0.6766676992857787,3.984532594922519,0.0,3
2023092409,3576,0.0,0,62.6199989318848,15.5799999237061,9,14.940851075418985,0.2884431709917957,-0.28726677547490936,15.530003219574676,0.0,3
2023092409,3611,0.0,0,82.2099990844727,17.8700008392334,12,5.050792875838673,1.4227099213135825,-0.5759861905044719,4.758655272238158,0.0,3
2023092409,3639,0.0,0,85.75,16.8799991607666,7,3.9966494275491846,0.735731647705048,0.6267317351467185,0.8681589716175313,0.0,3
2023092409,3745,0.0,0,42.9799995422363,9.17000007629395,8,8.05501118484567,0.8515871932344488,-0.22011961119952297,10.696041323779562,0.0,3
2023092409,3770,0.0,0,62.5499992370605,32.9500007629395,8,3.397323328495743,0.14035587312013084,-0.1805968162017347,6.739925815615484,0.0,3
2023092409,3984,0.0,0,77.870002746582,31.9599990844727,9,4.493653743727259,3.628459866417899,-0.5730606685086151,4.052505397898924,0.0,3
2023092409,4009,0.0,0,67.3000030517578,16.3899993896484,10,5.997677031397953,3.6452315997117064,-0.21164049348455466,3.7680764323458185,0.0,3
2023092409,4034,0.0,0,73.879997253418,33.939998626709,8,13.634237682601801,1.696733990568521,-0.4965161453620795,14.781664317660585,0.0,3
2023092409,4081,0.4179,1,26.1399993896484,50.7599983215332,25,2.088493725016199,1.089313307574507,0.31111098094100936,1.1200446419674557,0.0,3
2023092409,4104,0.0,0,53.9000015258789,47.1199989318848,10,4.424670913097651,1.3370134556062478,-0.697394439172818,5.419344978869677,0.0,3
2023092409,4182,0.0,0,45.9000015258789,19.1399993896484,12,4.624823356925823,4.7917001695786094,0.41053648230415124,4.9623583103198,0.4001,3
2023092409,4309,0.0,0,29.1299991607666,39.9000015258789,10,7.302281183283709,1.730460821088816,-0.6729996955907304,11.170138763685973,0.0,3
2023092409,4360,0.1375,1,75.3300018310547,21.6299991607666,6,2.6704321933667186,1.578355254707478,-0.17106708946614063,2.477458375028739,0.0,3
2023092409,4383,0.2469,1,74.5299987792969,12.8599996566772,9,2.306012826028968,1.8694640006485348,0.07872158150540828,0.7917701686726927,0.0,3
2023092409,4406,0.0,0,81.5699996948242,35.1500015258789,8,11.636962173047808,2.8540833934214263,-0.36710705553130063,11.08058662706989,0.0,3
2023092409,4611,0.7666,1,115.139999389648,31.2900009155273,13,1.0456091110388455,1.6080111370562638,-0.15146453647422115,1.2539936203984505,0.0,3
2023092409,4673,0.0,0,81.6900024414062,46.9199981689453,11,4.518685986753644,2.5462944698822345,-0.6205923394614447,3.552492083031295,0.0,3
2023092409,4703,0.2044,1,70.1600036621094,48.1199989318848,13,2.3868007491570755,2.6220831357372645,-0.7125668002653618,3.567211796347398,0.0,3
2023092409,4726,0.0,0,74.9899978637695,43.3600006103516,10,5.230342013844954,2.583058103540162,-0.5422842721126393,5.871669268615186,0.0,3
2023092409,4751,0.0,0,70.8300018310547,36.5499992370605,7,4.653785375337627,4.340566204423094,0.2197509106680192,5.862465351709975,0.0,3
2023092409,4776,0.0,0,61.1500015258789,16.8899993896484,10,3.8190319100823253,2.400104735314911,-0.21057254961069782,2.3856236081997517,0.0,3
2023092409,4801,0.0,0,59.3300018310547,26.6000003814697,6,5.865988435829732,2.7803975225872866,-0.25615273234208613,3.2379777639755343,0.0,3
2023092409,4826,0.0,0,46.0200004577637,24.5400009155273,8,4.108236029926856,0.6800739966137667,-0.3617334264088134,4.569660818922995,0.0,3
2023092409,4938,0.0,0,29.9099998474121,6.86999988555908,12,5.053355477384372,2.9173273595415177,-0.6503795929224448,2.5234302050978146,0.0,3
2023092409,4968,0.0,0,12.75,32.3800010681152,12,4.836795552852553,3.0494745836303263,-0.43478269458966745,1.3305637902783884,0.0,3
2023092410,55,0.7148,1,84.620002746582,8.43000030517578,10,1.2944907747737624,0.5700904640621863,-0.19774661491192783,2.304647478466072,0.4996,3
2023092410,152,0.0,0,32.6399993896484,19.2000007629395,8,4.455703290748389,2.538523297915268,-0.45114905128531313,3.582764295903373,0.0,3
2023092410,374,0.0,0,79.4599990844727,7.61999988555908,16,8.709792747002716,2.102307366290821,-0.5763111129425756,5.3894712171047,0.0,3
2023092410,533,0.0,0,28.6399993896484,38.8899993896484,7,6.762639660533682,3.7618349151327433,-0.6069400631328153,6.80800998824179,0.0,3
2023092410,661,0.0,0,35.7299995422363,6.84999990463257,8,6.179846638038941,0.490917959425603,-0.16815752421443247,4.825442984846054,0.0,3
2023092410,686,0.0,0,39.4700012207031,16.25,7,8.439768005364654,3.3587189075891684,-0.336907457328323,6.076619125796844,0.0,3
2023092410,765,0.0,0,50.6599998474121,40.0400009155273,8,9.523597572229413,1.6058950962187826,-0.5069776525533203,8.259213037572042,0.0,3
2023092410,810,0.0,0,57.5200004577637,44.8199996948242,10,5.201787717894317,2.2879028939401906,-0.2888417904444762,6.495429162110849,0.0,3
2023092410,840,0.7209,1,77.379997253418,38.3199996948242,7,1.1901284079665297,1.0707487164261582,-0.06867879582858474,2.947626163542448,0.4424,3
2023092410,995,0.1634,1,68.6100006103516,6.51999998092651,14,2.5096619380637835,1.8449124734686,-0.6692268204160375,2.5157503850740093,0.0,3
2023092410,1178,0.0,0,50.0699996948242,36.2000007629395,9,13.742886045549662,3.090581712502622,-0.6822693986709633,14.233397345679627,0.0,3
2023092410,1352,0.0,0,60.0999984741211,10.6499996185303,7,9.390019774167438,1.1386393481375239,-0.03895083296362977,9.561072115615485,0.0,3
2023092410,1382,0.0,0,55.0,31.7600002288818,7,5.707766606056306,2.2926403382921308,-0.31349770647090947,7.38457852554904,0.0,3
2023092410,1405,0.0,0,48.3199996948242,47.9199981689453,10,3.8640000105520524,0.4522149266081075,0.3558901197133981,5.771455622284556,0.0,3
2023092410,1488,0.0,0,47.0800018310547,14.7600002288818,6,3.1691026619742653,1.4930858363267756,-0.30600605011574095,2.042669821581548,0.0,3
2023092410,1603,0.809,1,5.1100001335144,51.5,21,0.6132698698312355,1.4698639701652019,-0.40811627020180435,1.5388307249337065,0.0,3
2023092410,1736,0.0,0,27.2199993133545,28.9200000762939,7,5.930236329359737,5.968400545797344,-0.2469950830956085,5.919814186273079,0.0,3
2023092410,1912,1.0025,1,99.5400009155273,8.11999988555908,15,0.9340766165964588,0.2863561415153809,0.6339080659472817,2.5071098898931434,0.0225,3
2023092410,1969,0.0,0,75.3199996948242,34.2099990844727,7,11.508414582964068,1.1521293974369087,-0.5771708471292266,10.30553734649485,0.0,3
2023092410,1999,0.0,0,81.870002746582,16.7600002288818,8,6.511725140711515,1.3120960641471866,-0.5919697280798906,7.571908610119373,0.0,3
2023092410,2079,0.5412,1,79.2300033569336,39.2200012207031,8,1.5250598553068857,0.8188379716354739,0.4713073009574045,6.057433449902686,0.0,3
2023092410,2104,0.0,0,81.6500015258789,14.5600004196167,8,12.402408372678696,1.3324041699282911,-0.6007564887417285,14.040512811147611,0.0,3
2023092410,2257,0.0,0,77.3499984741211,33.7099990844727,7,9.556049905103098,1.4042775055177628,-0.27368178454221226,8.7108438167608,0.0,3
2023092410,2320,0.0,0,51.7700004577637,45.3800010681152,14,4.224038216634866,0.48010475605177066,-0.37470769052130637,3.9024223246593897,0.0,3
2023092410,2402,0.0,0,87.4499969482422,-0.569999992847443,26,3.5568795766765535,3.1666529725688584,0.7393973304331344,0.6888396039717801,0.0,3
2023092410,2550,0.0,0,88.2300033569336,35.9300003051758,7,12.040954180703396,2.3375444997564,-0.14115652849628502,8.83883476483184,0.0,3
2023092410,2619,0.0,0,69.4700012207031,12.0699996948242,10,6.774438362743907,2.372551121055766,-0.0574685969641455,10.044366580327509,0.0,3
2023092410,2644,0.0,0,67.5199966430664,41.9799995422363,9,6.605525176014679,0.28792519617184664,-0.5218524804941683,14.056759939616237,0.0,3
2023092410,2672,0.6295,1,37.2099990844727,50.7299995422363,24,1.3736443967905125,0.762166945465285,-0.676573045717674,0.9608329719571462,0.0,3
2023092410,2727,0.0,0,31.9200000762939,15.8800001144409,6,3.6821326516585557,2.3819321215588114,-0.358793499915724,2.0355343278854336,0.0,3
2023092410,3039,0.1977,1,73.0899963378906,50.310001373291,18,2.4068404967452732,2.2909348677722416,-0.7422985667020814,1.7029973576021749,0.845,3
2023092410,3098,0.0,0,58.1699981689453,47.560001373291,10,4.459258752304039,1.3060231946976293,-0.43486342695850194,5.98642631291825,0.0,3
2023092410,3247,0.0,0,20.7900009155273,35.6300010681152,7,4.494998324079024,0.7518654940834238,-0.26721544203099346,2.24955551165114,0.0,3
2023092410,3367,0.4319,1,36.8699989318848,2.61999988555908,19,1.7042604438830757,1.6642422885109016,-0.7070174548208238,1.0153324578678666,0.5649,3
2023092410,3526,0.6699,1,51.0400009155273,16.3099994659424,6,1.1896632280576716,1.6329410708392955,-0.29916167912138597,3.129680494874834,0.4441,3
2023092410,3671,0.0,0,85.6699981689453,16.3600006103516,9,6.468824919365685,1.1315936600341931,-0.4686548610774776,0.9213576938409985,0.0,3
2023092410,3696,0.2316,1,95.879997253418,13.539999961853,8,2.3052133900815073,0.9928266995574525,-0.22242004631562295,1.3601470508735518,0.0,3
2023092410,3775,0.8072,1,115.419998168945,1.96000003814697,19,1.0662074784717526,0.9176038769549805,0.3091461529704275,2.0778113485107386,0.0,3
2023092410,3860,0.0,0,59.0800018310547,38.7000007629395,19,11.189608295938395,1.5796534146078534,-0.7763914245271092,7.462392377783412,0.0,3
2023092410,3937,0.5895,1,10.6499996185303,41.1599998474121,13,1.7318483152506086,2.153903124785274,-0.361655220552966,2.2605530296810112,0.0,3
2023092410,4023,0.637,1,51.9099998474121,13.210000038147,9,1.3384319391342512,0.4909176629792241,-0.4978535384851499,1.1261438629233824,0.0,3
2023092410,4048,0.6258,1,73.9700012207031,8.03999996185303,10,1.3146852738911705,0.8509395213537645,-0.2672385791412354,3.0402138082707237,0.0,3
2023092410,4071,0.0,0,70.0199966430664,15.7700004577637,8,4.1465318164398415,2.1433643569428757,-0.1268896298420361,5.544438655084927,0.0,3
2023092410,4187,0.6877,1,113.879997253418,4.67999982833862,21,0.9368036716621748,1.6520608120432576,-0.4825635368164975,1.4365583872575443,0.0,3
2023092410,4358,0.46,1,110.209999084473,27.0699996948242,7,1.6200317812968763,5.153795682457838,-0.5089545484451471,2.9300170647967176,0.6943,3
2023092411,77,0.0,0,39.4500007629395,9.65999984741211,11,3.6221536441024607,3.2435315648733205,-0.2609209862450181,7.550662222613322,0.0,3
2023092411,195,0.039,1,64.7399978637695,23.2600002288818,10,2.894305541396769,0.8602309214180283,0.5933728308296767,1.5211837495845129,0.0,3
2023092411,369,0.0,0,62.0800018310547,5.65999984741211,12,6.18580763703819,0.5608013495792324,-0.6423342592215947,6.415052610852071,0.0,3
2023092411,401,0.0,0,90.0800018310547,24.1800003051758,11,4.0034496294508655,2.4960950973203384,-0.4410080914388307,5.606424885789526,0.0,3
2023092411,522,0.2835,1,114.430000305176,26.9200000762939,9,2.45967479572152,1.4149556970567645,0.23605521878009533,2.683654225119175,0.0,3
2023092411,631,0.0,0,45.7599983215332,2.64000010490417,24,5.798656215546865,4.843687723323327,0.7892665003325894,1.148564321228899,0.0,3
2023092411,780,0.0,0,25.1700000762939,41.8499984741211,10,7.785403527769959,4.136582226523119,-0.5459415637649385,7.68110018161461,0.0,3
2023092411,856,0.0,0,37.310001373291,20.5499992370605,7,10.719550795751566,9.89588141680695,-0.212909031403231,3.312717917360306,0.0,3
2023092411,901,0.0,0,57.439998626709,14.9499998092651,13,4.176600981609826,0.09219648312017384,0.4862487193781484,2.9060110116790696,0.0,3
2023092411,1002,0.0,0,39.2999992370605,38.9799995422363,9,14.24113673162837,0.15652469018811258,0.4835840381919671,15.846823025452133,0.0,3
2023092411,1030,0.0,0,19.7299995422363,26.3899993896484,8,5.420229871879398,0.5813769917562103,-0.18106945698174573,3.7623529871610937,0.0,3
2023092411,1319,0.2894,1,94.1800003051758,16.7600002288818,10,2.2144979117119985,0.17000030517594442,0.16451417735615237,2.5328442510347937,0.0,3
2023092411,1351,0.6296,1,59.8800010681152,51.7400016784668,23,1.9258778658583722,0.7300701536175688,0.5485794127754707,2.2405802819805336,0.2345,3
2023092411,1376,0.0,0,67.9899978637695,19.8099994659424,12,17.089681914680273,17.24999861145025,-0.011049369317701146,4.137934267240118,0.0,3
2023092411,1474,0.0,0,0.550000011920929,3.17000007629395,20,4.426759482872892,3.8885601049572456,0.7577186963630735,5.63169601452351,0.0,3
2023092411,1554,0.0,0,11.3400001525879,50.1300010681152,19,5.430746459234958,5.314151621133273,0.6775241996090482,2.690167281044061,0.0,3
2023092411,1577,0.0,0,13.4399995803833,10.8999996185303,8,3.548309293862345,0.5217274370641756,-0.6117327611126246,5.408326913195984,0.0,3
2023092411,1730,0.0,0,43.5200004577637,45.939998626709,11,14.450165832096056,1.536393202959034,-0.14427064460256145,17.017088470123202,0.0,3
2023092411,1760,0.8044,1,19.1700000762939,9.40999984741211,16,1.3121738974767396,0.824621295360311,0.13466246987046016,1.0198039027185568,0.0,3
2023092411,1837,0.4679,1,67.3399963378906,2.1800000667572,23,2.175888165190692,0.6103247423904495,0.8164460826568374,1.3633048081775396,0.0,3
2023092411,1860,0.9073,1,42.6699981689453,33.6399993896484,8,0.2780305975739692,6.8379913798456915,-0.23933972820353036,3.157784033147297,0.4019,3
2023092411,1897,0.0,0,31.2800006866455,19.6200008392334,8,5.049831755300076,0.8570308378324523,-0.008752314088529953,3.841926600027645,0.0,3
2023092411,1922,0.0,0,19.2299995422363,27.1299991607666,7,3.443080342228857,0.5420337089959545,0.18735074587021994,4.239080088887212,0.0,3
2023092411,2013,0.0,0,35.8199996948242,38.5400009155273,10,7.7337256565331005,0.7999990844727605,-0.5984959227462345,5.962700730373779,0.0,3
2023092411,2043,0.7753,1,81.4800033569336,33.7999992370605,24,0.6741656695408769,0.3623525174960308,-0.3290594456663399,1.9053870997778901,0.0,3
2023092411,2208,0.0,0,50.8499984741211,33.4500007629395,11,5.339708026805038,0.7627566626672493,0.22048212500395428,5.4522105608642795,0.0,3
2023092411,2244,0.734,1,29.6499996185303,38.1800003051758,8,1.2692119556411707,1.3862179201231166,0.46172088940473843,5.240343500191565,0.1103,3
2023092411,2267,0.0,0,32.7299995422363,32.4300003051758,7,6.326017454313219,0.44654176208766644,0.13749565677827472,8.895757415757249,0.0,3
2023092411,2395,0.0,0,84.3000030517578,39.6100006103516,9,3.487365510050972,0.5315064523562897,-0.4665530515847175,9.497394379512732,0.0,3
2023092411,2469,0.1926,1,48.560001373291,34.0699996948242,8,2.4221670438841705,1.4294747205482923,-0.4468125178728518,3.128322234041759,0.0,3
2023092411,2494,0.0,0,73.8300018310547,13.75,19,7.9725767756942405,0.6795571444705726,-0.3980867673261324,2.1300234740490542,0.0,3
2023092411,2563,0.0,0,97.0899963378906,44.6699981689453,8,5.420150491238531,0.7723351677509522,0.5073349522572085,4.658336612998248,0.0,3
2023092411,2666,0.0,0,122.26000213623,54.2000007629395,17,4.1000142941112605,1.5084120266176857,0.4850679634875602,1.2007497657713724,0.0,3
2023092411,2689,0.0,0,118.529998779297,21.5499992370605,12,3.693899510180493,0.2267160915313309,-0.13952586040661072,2.3765521244020698,0.0,3
2023092411,2863,1.3605,2,37.6199989318848,50.7999992370605,23,1.6514830962616422,1.0651303880426939,0.666199425858245,1.8024705268048058,0.0,3
2023092411,2886,0.0081,1,44.75,2.47000002861023,21,2.98605088874317,3.580502749523637,0.7264034890646259,1.064377752492035,0.0,3
2023092411,2966,0.7437,1,78.9899978637695,27.8299999237061,7,1.0230363993675036,5.558167277649436,-0.1443974312280153,1.50880747612146,0.4831,3
2023092411,3350,0.0,0,71.5299987792969,2.49000000953674,13,3.7047260599372196,0.6519190949472258,-0.041167626177619064,3.3702373803635894,0.0,3
2023092411,3515,0.3451,1,45.189998626709,35.8899993896484,12,2.0833875939391415,0.2009989396308424,0.5443233933231852,2.127087210247857,0.0,3
2023092411,3587,0.7814,1,35.2599983215332,16.5799999237061,7,1.4187331552733538,0.8500015528064053,0.3427056703963568,1.4065560778013764,1.0152,3
2023092411,3643,0.1396,1,43.6699981689453,10.789999961853,8,2.602327451089253,1.8396211099293893,-0.29056748854819403,1.5791770008456936,0.0,3
2023092411,3717,0.0,0,62.310001373291,25.2199993133545,7,4.102340185945471,0.7220108139639458,0.11475133859762951,5.069487153549163,0.0,3
2023092411,3742,0.8649,1,89.25,51.3499984741211,21,1.1610756536877074,0.3757665342783704,0.4954890148420935,1.2844454056128645,0.0,3
2023092411,3797,0.0,0,115.23999786377,55.3300018310547,19,4.057746783618971,3.399677632028932,0.5704807007064774,0.8676981041814079,0.0,3
2023092411,3820,0.2985,2,108.900001525879,34.8400001525879,9,2.544424741592325,1.5882688270011183,0.30103384983530673,2.7644167558456103,0.0,3
2023092412,148,0.3801,1,95.1399993896484,46.0699996948242,10,1.9548906425467036,2.1555737588820376,-0.39462321988537524,4.30029068784891,0.0,3
2023092412,195,0.0,0,81.4499969482422,52.7799987792969,15,3.1567355656062337,2.680015384005665,-0.6752821655366309,1.951435369157795,0.0,3
2023092412,307,0.6616,1,48.2099990844727,52.4900016784668,13,1.0151368703796375,0.6212898864866242,0.5125364771842359,2.1062288574606503,0.0,3
2023092412,356,0.0,0,75.8300018310547,31.5300006866455,9,7.464181844101253,2.744322437260674,-0.3110393475721003,4.31903924501734,0.0,3
2023092412,410,0.0,0,53.6699981689453,4.23999977111816,17,4.433653813091602,1.2726339429361988,-0.5455765588950694,4.483770734549211,0.0,3
2023092412,545,0.0,0,44.810001373291,20.7900009155273,9,3.687507434281783,1.9260598001522042,-0.08751711669660188,4.20743389728228,0.0,3
2023092412,592,0.9235,1,13.0200004577637,33.5900001525879,22,1.3319529703447164,0.5147818627449792,-0.15727966949837197,3.2005780727862247,0.0,3
2023092412,658,0.6139,1,37.2299995422363,3.75,10,1.3103436725383826,0.8377354623962794,-0.17255781787984112,0.9487360012142511,0.0,3
2023092412,703,0.0,0,73.379997253418,27.7399997711182,24,5.118563863237517,0.7877195312699478,-0.5374128221505237,2.248999777678955,0.0,3
2023092412,792,0.3613,1,83.3899993896484,26.9699993133545,9,2.0035227074934228,3.3786679587669854,-0.0310830164793974,2.6865033035527857,0.0,3
2023092412,817,0.0,0,64.3499984741211,4.3899998664856,20,5.462242461429697,1.6800294536331695,0.1272474403725034,1.4851935900750444,0.0,3
2023092412,866,0.0357,1,38.6300010681152,8.46000003814697,10,2.8929215369189727,3.8810812743244045,-0.4026328860369374,6.8308857405171155,0.0,3
2023092412,918,0.0593,1,45.939998626709,32.1199989318848,9,2.8467715955901474,0.9245556398110842,0.18583037949008696,0.9757561170702441,0.0,3
2023092412,965,0.0,0,50.6699981689453,5.80000019073486,12,5.598590946787463,1.1513477601217088,-0.4554942271336374,9.754409259406746,0.0,3
2023092412,1052,0.0,0,89.9599990844727,9.44999980926514,9,3.634073927501754,3.0805835361830387,-0.597328211826088,3.4932220084042838,0.0,3
2023092412,1097,0.1873,1,35.189998626709,12.0299997329712,11,2.443932636587925,1.5859709204555088,-0.3027780621945106,1.7734147850968243,0.0,3
2023092412,1175,0.0,0,65.9800033569336,31.1399993896484,12,4.078677189628866,0.27312717884201676,-0.1602005646375038,6.4338635360100715,0.0,3
2023092412,1200,0.488,1,97.9100036621094,14.539999961853,24,1.9380689714395278,2.4041035497420022,0.5931313211109025,2.8217724926010628,0.0,3
2023092412,1234,0.6816,1,78.5199966430664,29.7099990844727,11,0.955252125004982,1.7729103360244887,-0.54703761179854,1.194026800369245,0.0,3
2023092412,1261,0.2392,1,76.5699996948242,9.27000045776367,8,2.433186685959529,2.216055050713591,-0.538992180358762,2.6856098003991598,0.0,3
2023092412,1424,0.3731,1,21.7299995422363,3.8199999332428,15,1.8806377687588427,1.535219492177036,-0.8742778954444628,0.9426027795418386,0.0,3
2023092412,1512,0.473,1,57.9000015258789,50.5200004577637,22,1.5809475001313202,2.2898892544955274,-0.6999743678757453,2.0436242316042352,0.3741,3
2023092412,1559,0.0,0,32.6599998474121,28.7299995422363,9,11.902310721822003,2.200841081926594,-0.5218450710049835,10.630268105744086,0.0,3
2023092412,1604,0.0,0,74.879997253418,1.96000003814697,10,3.9418280395216794,1.0000479362480357,-0.16147193820169387,6.36605058101175,0.0,3
2023092412,1658,0.3796,1,63.8800010681152,5.34999990463257,12,1.8613176680667216,1.8466463233619643,-0.6189741905145209,1.1670903992407782,0.0,3
2023092412,1737,0.0,0,43.4700012207031,45.7999992370605,10,3.142389066038846,2.52071553925392,-0.24099768814621916,4.293774563248517,0.0,3
2023092412,1979,0.0,0,48.2099990844727,14.2200002670288,10,5.2731106150858045,1.6113668248195967,-0.445271405201784,2.681510768205117,0.0,3
2023092412,2008,0.5733,1,54.7200012207031,21.3299999237061,6,1.280038124947786,0.44181323190493055,-0.04272036339267842,0.9706183596038122,0.3528,3
2023092412,2164,0.8788,1,77.9700012207031,47.4199981689453,13,0.36359410252584956,1.8947577667431952,-0.535239274926093,1.876086351957182,0.0608,3
2023092412,2187,0.0376,1,64.8099975585938,22.8500003814697,15,2.9101542787860617,1.5262028157477059,-0.09958363405347867,3.143024021543576,0.0,3
2023092412,2210,0.0,0,80.4400024414062,19.7099990844727,8,3.7882605506055143,1.7204665079243822,-0.13463016014099388,6.17417200926569,0.0,3
2023092412,2254,0.7881,1,27.0400009155273,1.61000001430511,8,1.3507396719578457,0.8499991854500787,0.1595931786161421,3.247183394882399,0.3784,3
2023092412,2301,0.0,0,54.4599990844727,7.76000022888184,16,3.4343114044439726,2.340298184363892,0.7418626134776523,1.6011246047700332,0.0,3
2023092412,2346,0.7151,1,36.3800010681152,21.2099990844727,8,1.684398835928869,2.495053808821234,-0.2977302515289422,1.8070971196922396,0.8185,3
2023092412,2371,0.0,0,67.1100006103516,36.6599998474121,7,8.46537004900129,0.7170071621889323,0.29582199543993415,8.445259025038833,0.0,3
2023092412,2528,0.0,0,73.0299987792969,18.0400009155273,7,4.2484116725552985,1.1327840405918044,-0.14737758688371078,2.3688815926508413,0.0,3
2023092412,2553,0.2214,1,58.1199989318848,16.7900009155273,8,2.3356571986408294,1.3121729654422045,-0.41444390027954026,1.6347782724271762,0.0968,3
2023092412,2576,1.1981,2,34.310001373291,47.4799995422363,23,0.6107386535032278,1.4534427838430422,0.37421312779248567,1.498065419132289,0.0,3
2023092412,2603,0.0,0,38.4500007629395,34.1699981689453,8,5.592897849667482,1.6063935463745742,-0.2142164057353947,4.2182579342662265,0.0,3
2023092412,2682,0.0,0,74.3300018310547,26.5300006866455,9,3.0357866261410567,2.657308760156689,-0.3042398177414539,4.683641745479685,0.0,3
2023092412,2737,0.2442,1,113.620002746582,46.8300018310547,14,2.5674336176170653,0.2823100682233761,-0.3595505913540167,3.3969692374232654,0.0,3
2023092412,2818,0.0,0,61.4500007629395,20.0300006866455,12,3.6433496401447667,0.2500005401627057,-0.20642971151983558,3.3294594155808497,0.0,3
2023092412,2866,0.0,0,50.4199981689453,23.8700008392334,9,3.142291654905132,1.5882363342161396,-0.43184630194606183,1.7762882648939595,0.0,3
2023092412,2901,0.0,0,46.3400001525879,44.4700012207031,10,6.555158475099485,0.46840202253344837,-0.12041493727194565,8.416204607778964,0.0,3
2023092412,3099,1.0078,1,87.1500015258789,2.07999992370605,15,1.1182572511669664,1.4629067192881022,-0.6543949627728235,5.89868629442183,0.0,3
2023092412,3129,0.8744,1,88.5199966430664,27.1499996185303,7,1.077080504152737,0.926339499085024,0.1649885797211528,1.2366486970841755,0.3285,3
2023092412,3255,0.0,0,47.0900001525879,33.7000007629395,13,5.259505070946201,1.9054653562522372,-0.46300264642345984,4.95996975797232,0.0,3
2023092412,3292,0.0,0,51.3499984741211,42.0200004577637,8,14.601535620210084,1.2809760770933545,-0.5941353464761265,16.28835473582277,0.0,3
2023092412,3317,0.0,0,65.5800018310547,26.1700000762939,7,8.980655738066083,1.931966302961728,-0.11762684372189472,7.312195292796822,0.0,3
2023092412,3464,0.0,0,94.8199996948242,33.1699981689453,8,7.8521669916557055,2.1770638611826723,0.22386671673189548,1.010791768862419,0.0,3
2023092412,3572,0.4315,1,110.809997558594,38.1599998474121,6,1.73441688698884,1.2824978679342727,0.08802273701586528,0.8947066558375335,0.0879,3
2023092412,3653,0.8675,1,81.629997253418,9.80000019073486,8,1.3148370103697995,1.408116659319381,-0.2509018579331881,1.5277761616153083,0.4804,3
2023092412,3698,0.5566,1,68.1500015258789,24.8700008392334,13,1.330151880527786,1.8792036078214196,-0.6801275184148945,0.9035485598461228,0.2499,3
2023092412,3765,0.0,0,59.8699989318848,21.6000003814697,7,3.8835558322368358,1.6760975904256274,-0.04965840955019661,3.0064098190366524,0.0,3
2023092412,3790,0.0,0,75.0999984741211,46.9700012207031,14,4.55281422468627,1.450656177297158,-0.6067693301168724,5.134403568088508,0.0,3
2023092412,3815,0.0,0,78.3499984741211,26.4899997711182,9,3.6257151556226463,1.2884500178465013,0.060818629421730275,4.095424275945051,0.0,3
2023092412,3940,0.031,1,97.629997253418,26.5900001525879,6,2.912389789904086,1.0439375986362267,-0.19987596590796403,2.697035409482038,0.0,3
2023092412,3965,0.4894,1,101.73999786377,43.0299987792969,7,1.6410993733850519,1.2124770128123121,-0.35598671672580845,3.828837943815324,0.2689,3
2023092412,4098,0.0,0,74.0400009155273,9.60000038146973,9,6.705259955001629,2.291397790216419,-0.6052931745855998,5.040099205372838,0.0,3
2023092500,100,0.0,0,46.0900001525879,48.2000007629395,11,5.372755444943284,0.9305909443014208,-0.4817981631451925,6.0440135671588315,0.0,3
2023092500,135,0.0,0,75.9899978637695,8.88000011444092,22,3.527844469647811,1.5163752826921855,0.6820976715476533,2.202294258267957,0.0,3
2023092500,180,0.5512,1,69.0,3.82999992370605,15,1.3462912301184897,0.9044335682324635,0.6369659994487777,1.3406341782902562,0.0,3
2023092500,258,0.0,0,75.9599990844727,36.25,8,3.0143981565710463,2.343607414933877,-0.18342566211075573,2.280350850198271,0.0,3
2023092500,288,0.0,0,34.4300003051758,22.2900009155273,12,3.946847411819778,2.0280047393083525,-0.07566753045352055,3.9872923143406505,0.0,3
2023092500,373,0.853,1,4.73999977111816,45.8499984741211,14,0.44102120927867783,1.1360019707740234,-0.6588137789700732,3.1346610662079577,0.0924,3
2023092500,418,0.6389,1,40.2000007629395,23.9899997711182,10,1.620123285382726,0.6964198422067388,0.49318380763881053,5.572880763124219,0.0,3
2023092500,450,0.0,0,43.4599990844727,10.289999961853,7,4.229102408135528,1.802360098352705,-0.180948574089898,5.114498997946918,0.0,3
2023092500,651,0.2305,1,17.6100006103516,32.0,8,2.3083546513240827,0.8249245496987697,-0.1846893965154544,4.23760545591493,0.0,3
2023092500,730,0.0,0,25.4400005340576,40.3800010681152,8,4.18010818049438,1.2701580213628272,-0.10972647732466413,5.472147658826464,0.0,3
2023092500,861,0.1645,1,48.689998626709,50.1199989318848,16,2.549607143284276,2.1193630190050845,-0.2598488134534461,2.6100766272276377,0.0,3
2023092500,943,0.0,0,68.0999984741211,51.3499984741211,15,3.9327579673171917,0.7057611131140293,-0.35884081962456116,1.7523127574722497,0.0,3
2023092500,1081,0.0,0,97.5999984741211,14.2600002288818,7,9.726338984630742,2.106228247827871,-0.5974974969879502,9.412247340566434,0.0,3
2023092500,1155,0.2368,1,64.9700012207031,15.9799995422363,8,2.3031292520846853,0.4373783278094745,0.26142757600931466,5.525233026760046,0.0,3
2023092500,1180,0.0,0,66.6800003051758,39.2999992370605,7,11.080812737579059,0.4011236696642823,-0.1030369136707012,13.083439914640186,0.0,3
2023092500,1235,0.0952,1,48.6500015258789,34.060001373291,10,2.714477938484656,0.2999998169015046,-0.28980309739940424,1.2709838708654024,0.0,3
2023092500,1384,0.4651,1,10.1099996566772,48.5200004577637,18,1.6046180765054194,1.7112562822849797,-0.6969189998566216,0.8953770155638384,0.0,3
2023092500,1463,0.0,0,26.7399997711182,29.3500003814697,6,5.894607262183906,1.6046186266180886,-0.17346531999979495,8.236437336615873,0.0,3
2023092500,1488,0.0,0,36.4000015258789,11.9700002670288,11,3.7079907992353887,1.301767097503911,-0.09827566778311643,1.7492855684535893,0.0,3
2023092500,1511,0.2292,1,40.8300018310547,33.1500015258789,9,2.3125070893062354,0.7283519378815679,-0.15996086942937424,3.75768545783172,0.0,3
2023092500,1558,0.2462,1,64.0400009155273,51.3800010681152,19,2.482439717678158,1.897075344812062,-0.36194023508371526,9.2872385562125,0.0,3
2023092500,1605,0.6634,1,79.3399963378906,16.5599994659424,8,1.760116902721017,0.626102548029067,0.22799699600691442,2.53160028440511,0.4632,3
2023092500,1654,0.4012,1,102.029998779297,16.5100002288818,18,1.963286816748628,1.792345773614452,0.274216472992458,1.227721466783076,0.0,3
2023092500,1943,0.7763,1,92.1900024414062,38.4700012207031,10,0.6711908398974183,3.4541861880459037,-0.23520721827328459,2.4707286374670923,0.0778,3
2023092500,2007,0.0,0,76.6699981689453,21.1299991607666,6,8.25679081817974,1.3781878501086706,0.4549059361197065,5.086472254913021,0.0,3
2023092500,2077,0.0,0,78.5500030517578,7.3600001335144,9,12.574801118783782,0.9664871542688197,-0.1530483144333598,12.258813156256199,0.0,3
2023092500,2285,0.0,0,79.7699966430664,5.80000019073486,12,5.980210412321119,2.9677068540232026,-0.6004379840246862,5.752373423205416,0.0,3
2023092500,2381,0.0,0,64.7900009155273,8.48999977111816,11,5.111184736149136,0.8814202110462198,-0.4858948413671028,5.681769090697018,0.0,3
2023092500,2407,0.0,0,56.3899993896484,4.44999980926514,12,6.138020230498271,2.0500970702101595,-0.40654530564529945,7.1825970233614,0.0,3
2023092500,2530,0.0538,1,9.3100004196167,18.3600006103516,7,2.8801568517094287,1.900026928158905,0.45721714574246425,0.9976472322419371,0.0,3
2023092500,2658,0.4296,1,45.5200004577637,42.3300018310547,8,2.11286516886554,1.286311238929769,-0.11358804250615151,4.65800386431785,0.2238,3
2023092500,2705,0.8437,1,57.5699996948242,2.84999990463257,12,1.3652837733597294,1.0551305943153833,-0.18577696104558244,2.364254639415985,0.0571,3
2023092500,2728,0.0,0,106.779998779297,30.7299995422363,33,3.8329350094602215,5.879624584436442,0.8290171040846506,2.9129023327258996,0.0,3
2023092500,2844,0.0463,1,81.6600036621094,51.0400009155273,10,2.906891740725718,0.840063194449444,-0.12062433526210564,3.640329655402104,0.0,3
2023092500,2896,1.899,2,11.1700000762939,49.3699989318848,28,0.41109503612220477,0.6107373880536665,-0.7982862789764282,2.2968238939892625,0.0,3
2023092500,3064,0.0,0,53.8300018310547,9.85000038146973,11,5.429523014314195,1.8272673798815655,-0.45737393371554047,6.603673220261586,0.0,3
2023092500,3094,0.0,0,32.3400001525879,7.69999980926514,11,3.1515870375503257,1.9190883590131522,-0.3307963625295651,1.4800000000000006,0.0,3
2023092500,3119,0.0,0,27.1599998474121,15.6199998855591,8,6.2103540669122586,2.9372774607671657,0.03786832198067666,4.515584126112588,0.0,3
2023092500,3164,0.8606,1,113.669998168945,1.72000002861023,17,1.3928372612658038,0.5385180596745835,-0.5390191941813149,1.046518036156095,0.0,3
2023092500,3272,0.0,0,70.879997253418,6.44999980926514,13,3.648179953604853,1.0508065194343374,-0.6946625572196097,1.834121042897659,0.0,3
2023092500,3307,0.5463,1,44.3499984741211,18.3700008392334,12,1.3612488202117747,1.079998474121424,-0.7338859512346376,1.579525245129055,0.0,3
2023092500,3359,0.1865,1,22.6800003051758,46.9500007629395,10,2.440491882523442,1.794936805399159,-0.2842950566900818,4.8794466899434425,0.0,3
2023092500,3406,0.0,0,14.2399997711182,46.9300003051758,10,3.96063105689433,2.008232676958136,-0.5228121460014638,4.802343178074637,0.0,3
2023092500,3436,0.0,0,0.769999980926514,0.0199999995529652,19,4.864123777411601,4.966326623666252,0.5129239838290132,0.9193475947648956,0.0,3
2023092500,3481,0.1931,1,5.69999980926514,14.460000038147,10,2.42074373024484,2.2989780094311607,-0.11165498374955579,0.7602631123499289,0.0,3
2023092500,3576,0.0,0,40.0699996948242,31.3999996185303,7,3.0752240501595076,1.500833578807013,-0.036417859728021994,1.608228839437975,0.0,3
2023092500,3696,0.2719,1,84.2200012207031,6.53999996185303,26,2.1843532736469378,1.487345694352733,-0.7584935619066029,2.2434125790857076,0.0,3
2023092500,3719,0.0,0,63.7200012207031,43.7700004577637,12,3.9624852906928107,1.0056826923110516,-0.3942428218257733,6.110400968839933,0.0,3
2023092500,3793,0.1656,1,83.1900024414062,18.0300006866455,8,2.503056331841699,1.995646127267403,-0.3601195178782438,3.156358661495871,0.0,3
2023092500,3891,0.0,0,101.190002441406,18.0100002288818,7,3.055877962462988,1.6446872601753881,0.20061145852078802,4.3013137527969185,0.0,3
2023092501,79,0.0,0,35.2700004577637,39.9900016784668,9,4.087211699698488,2.2004527884888136,-0.6432884107311352,4.203867267171981,0.0,3
2023092501,109,0.0,0,49.4099998474121,25.9799995422363,7,3.2667104020078024,0.12529931206022696,0.16143823430844817,2.104661492972209,0.0,3
2023092501,156,0.0,0,57.6300010681152,36.2900009155273,5,7.614262046198645,1.1825805262441627,-0.646600321054896,7.570997292299086,0.0,3
2023092501,181,0.2003,1,71.6699981689453,19.4500007629395,8,2.399084392099208,0.8781815136975436,-0.15173142633498163,4.192684104484858,0.0,3
2023092501,238,0.3059,1,80.8199996948242,32.9500007629395,7,2.3121631511423617,2.7895873898816492,0.39464264007242944,0.974063652950873,0.3208,3
2023092501,282,0.9645,2,53.2700004577637,32.810001373291,9,1.4541650931604018,0.48270149411825536,-0.5530716453136507,0.6806614430096667,0.0,3
2023092501,336,0.5903,2,35.4099998474121,21.3600006103516,9,2.134900626878442,1.5339492899684677,-0.18173111678346737,2.4894376875109723,0.0,3
2023092501,459,0.0,0,14.5900001525879,23.8899993896484,7,3.2922937966718298,1.2567416892354153,-0.32932993860239707,3.405950674921762,0.0,3
2023092501,547,0.2601,1,42.3699989318848,44.4599990844727,9,2.38838910453267,0.7685054572476093,-0.01874820047999186,4.272996606598234,0.0,3
2023092501,625,0.0,0,37.939998626709,19.9300003051758,8,3.759682104592055,0.5940549253010593,-0.06977047926896096,5.83211796862855,0.0,3
2023092501,699,0.0,0,79.7799987792969,24.1900005340576,7,4.335573171278811,0.2617257170281765,-0.5300624676799396,6.559977134106493,0.0,3
2023092501,724,0.0921,1,78.3000030517578,13.4300003051758,6,2.753945674586521,1.3025006654154927,-0.27618356578178954,4.174937125275053,0.0,3
2023092501,773,0.7814,1,34.0499992370605,40.6699981689453,7,1.20420000421461,0.7117570246493758,0.26424473354348704,2.491947029934624,0.2254,3
2023092501,845,0.0,0,33.2099990844727,24.2199993133545,5,17.73185341418133,1.7664090829363457,-0.046003327598190764,15.624218380450264,0.0,3
2023092501,870,0.0,0,52.9099998474121,34.0900001525879,8,4.511873373297399,0.8287341472784197,-0.43894770878545875,6.296824596572469,0.0,3
2023092501,895,0.0,0,64.4899978637695,1.28999996185303,15,4.47281978506693,0.7184723738857779,-0.037393304762465565,4.378310176312318,0.0,3
2023092501,967,0.0,0,48.9799995422363,13.8299999237061,6,9.655101858398835,0.6661076354608381,-0.20180155154723045,9.172567797514503,0.0,3
2023092501,1056,0.2831,1,38.6300010681152,12.4399995803833,8,2.1900924257260432,1.708450348259929,-0.406213656091748,1.6858528998699729,0.2156,3
2023092501,1110,0.0,0,37.1500015258789,-0.879999995231628,13,6.195256407560233,3.8895883369328073,0.4885077439604506,4.330288673980062,0.0,3
2023092501,1176,0.0,0,41.689998626709,7.05000019073486,7,3.317107776490898,1.8085366368552154,-0.044936486476731756,1.723513852569803,0.0,3
2023092501,1210,0.5419,1,55.0400009155273,23.0100002288818,9,1.3743721977649175,0.5385156561692553,-0.453107507855466,1.9416487838947614,0.0,3
2023092501,1235,0.0,0,84.9100036621094,40.9199981689453,18,3.473684804443561,0.7521262666036548,-0.000886198101406466,3.749093223700899,0.0,3
2023092501,1265,0.0,0,100.019996643066,3.41000008583069,15,8.958953046578424,5.3356615829518335,0.6450917906123179,9.205270229602172,0.0,3
2023092501,1310,0.4538,1,119.279998779297,28.4799995422363,11,1.9123025039729222,0.6484588263638376,0.5992594730696534,1.1734564329364776,0.0,3
2023092501,1398,0.2096,1,77.1100006103516,23.1499996185303,8,2.4911034531277405,2.5907713753977686,0.27113177169518704,0.937443331620638,0.0,3
2023092501,1421,0.4062,1,74.2300033569336,1.3400000333786,14,1.7938797213369713,1.2163090136646793,-0.6170861142136481,2.7647965567108153,0.0,3
2023092501,1451,0.824,1,66.370002746582,4.67000007629395,11,0.5281107934320026,0.6711917253824923,-0.011208650405587672,0.9143850392476889,0.0,3
2023092501,1494,0.0,0,76.4499969482422,13.9700002670288,9,6.084864004178754,1.1886964890662801,0.178399744300094,6.14239367022336,0.0,3
2023092501,1601,1.2446,1,50.9300003051758,20.7800006866455,9,0.8895498135856097,0.6762388511208227,0.6618251132865239,1.2845621822239646,0.6573,3
2023092501,1659,0.0,0,95.7799987792969,21.6299991607666,6,8.080840463078328,1.3206044402654158,-0.12927214473353552,3.3407933189588364,0.0,3
2023092501,1684,0.3051,1,73.6500015258789,28.4300003051758,10,2.1126538102179944,1.2101659260638211,0.26286717594278786,3.7407619544686277,0.0,3
2023092501,1707,0.8104,1,82.1399993896484,6.26999998092651,11,1.0960378995386264,0.8509400886668951,-0.0029492850711222377,2.547861848688025,0.0,3
2023092501,1730,0.0,0,49.6800003051758,-3.13000011444092,31,5.426011407330481,5.747364683744453,0.46196420222626483,2.650924367084061,0.0,3
2023092501,1773,0.5856,1,51.189998626709,31.9599990844727,11,1.2432623175292918,1.6200013732912624,-0.3834173910710794,5.034361925805497,0.0,3
2023092501,1916,0.0,0,34.6500015258789,53.7000007629395,20,5.466936534423503,4.818142122750001,0.5960032925808962,1.018331969448077,0.0,3
2023092501,1939,0.0,0,39.6300010681152,54.2999992370605,17,3.8690820753711486,2.4661091139665525,0.4116931849451315,2.5150944316267707,0.0,3
2023092501,2042,0.4926,1,35.4000015258789,14.1599998474121,7,1.90275999039738,0.5507255374104931,-0.5009319633581826,4.1703357179008975,0.0126,3
2023092501,2147,0.0,0,60.75,51.1800003051758,16,3.792584881772498,2.247220396783282,-0.6113997096102446,3.8813528569301696,0.0,3
2023092501,2177,0.0,0,44.9900016784668,36.2700004577637,11,3.823413038767526,1.58776703854947,-0.47405664588673774,2.9920227271864115,0.0,3
2023092501,2202,1.1422,1,24.6499996185303,2.97000002861023,16,0.6103277396914529,0.30413774553202283,-0.3124003124774088,1.2457929201917952,0.0,3
2023092501,2335,0.0,0,67.7300033569336,15.3500003814697,13,4.55773135319556,0.6226576051872464,-0.3863119437102788,2.7902867236182023,0.0,3
2023092501,2529,0.0,0,21.2299995422363,14.789999961853,7,5.613563936590633,0.3940814460964048,0.05951069514242185,9.358472097516772,0.0,3
2023092501,2669,0.0,0,58.8199996948242,14.5299997329712,11,3.6658016506339863,2.2774767720182743,-0.5737202372547946,3.648698398059234,0.0,3
2023092501,2745,0.3833,1,72.4300003051758,32.4099998474121,8,1.8499997608081775,1.576863696722723,-0.5496484309670908,5.264389803196557,0.0,3
2023092501,2792,0.0,0,82.9700012207031,15.6099996566772,8,7.291041334630301,0.6109815523713075,0.011368109982243062,4.3638171364070635,0.0,3
2023092501,2817,0.0,0,88.6699981689453,46.189998626709,8,10.055512576172402,1.5088092267075959,-0.23372917572038707,10.399312477274641,0.0,3
2023092501,2910,0.7117,1,43.7000007629395,34.1300010681152,22,1.588363996745949,0.5412031799238433,0.6547889635745655,4.289673647260359,0.0,3
2023092501,2962,0.5879,1,49.5400009155273,19.3700008392334,13,1.7395412436630562,1.0660687745837907,0.6926495226818362,2.124617612654099,0.0,3
2023092501,3026,0.0,0,57.5200004577637,4.86999988555908,16,5.7780965640831745,0.8297587280734996,-0.26985526215984446,6.833103248158921,0.0,3
2023092501,3086,0.267,1,91.1600036621094,15.9799995422363,12,2.1989284090403487,0.6046462205418351,-0.12073253194069482,3.810642990362645,0.0,3
2023092501,3109,0.05,1,77.5899963378906,43.4000015258789,11,2.8792051585440395,2.059761174259415,0.018849509290241123,5.632983223834415,0.0,3
2023092501,3175,0.0,0,84.8000030517578,6.76999998092651,12,7.115513165989199,0.4569491988748031,-0.2021280214408035,8.393169842199073,0.0,3
2023092501,3417,0.0,0,72.6800003051758,48.9500007629395,9,4.26568936499928,0.8702306244452933,0.4766884973726146,6.082976245227327,0.0,3
2023092501,3440,0.0,0,66.6100006103516,24.5200004577637,7,5.504471645241061,0.5707018897579353,0.46551191754284715,2.4987396823198793,0.0,3
2023092501,3522,0.0,0,60.1300010681152,16.8099994659424,8,10.100318009006317,0.18357460838105777,-0.41257635517475144,10.188660363364754,0.0,3
2023092501,3569,1.2356,1,30.3600006103516,35.2000007629395,13,0.4512196876731693,0.7142127359227534,-0.007160948933251986,1.1244554237496454,0.0,3
2023092501,3596,0.0,0,59.9799995422363,54.4500007629395,23,4.860329874405472,4.091760761699374,0.38039506885285546,1.0186756107809742,0.0,3
2023092501,3759,0.0,0,49.689998626709,7.26999998092651,10,6.568689542250958,0.3538351747692556,-0.5647751824474421,6.224146527838174,0.0,3
2023092501,3848,0.7754,1,62.7799987792969,42.5,23,1.2980750565897872,0.48846651485471826,0.40210656360213276,1.2384264209067943,0.0,3
2023092501,3871,0.0,0,50.4199981689453,18.9300003051758,13,3.10202974184492,2.7940632864058133,0.6109214991255141,0.45705579528105655,0.0,3
2023092501,4092,0.0,0,51.5999984741211,8.39000034332275,11,9.284531052661238,0.3962330436117803,0.22842841812064618,4.937256323100915,0.0,3
2023092501,4117,0.0,0,66.0599975585938,46.060001373291,10,9.66122379993895,0.4140076061878982,0.18268608992581736,11.372937175593654,0.0,3
2023092501,4153,0.1675,1,105.110000610352,46.6199989318848,24,2.540116958328623,2.056501651288186,0.7109451932171519,1.0735455276791972,0.0,3
2023092501,4176,1.0309,1,74.1800003051758,23.1900005340576,8,0.6476105737722316,0.7002851308765394,0.61440461098951,4.645621594576985,0.6893,3
2023092501,4241,0.0,0,104.300003051758,3.25999999046326,20,5.134607356938954,0.6824196469927419,-0.8732244862486329,5.437214360313565,0.0,3
2023092501,4318,0.0,0,111.269996643066,47.6300010681152,12,4.518077668083372,0.8836321278212096,-0.428238409333786,5.704121317082938,0.0,3
