game_id,play_id,crp,n_defenders_in_radius,ball_land_x,ball_land_y,num_frames_output,min_def_dist_arrival,rec_dist_to_ball,rec_closing_v,sep_at_throw,crp_at_release,week
2023100500,56,1.004,2,56.3199996948242,43.7799987792969,21,0.7220115620973904,2.6866337925469717,-0.7287526244845671,1.6183942659315191,0.0,5
2023100500,101,0.0,0,52.6199989318848,7.76999998092651,21,4.663100755621185,0.46097727334483934,-0.1754863376693287,3.667056039931758,0.0,5
2023100500,180,0.8172,2,4.19999980926514,4.76999998092651,19,1.6319622008022852,1.0751742132211308,-0.7694581307467155,4.845296688542404,0.0,5
2023100500,266,0.0,0,40.9099998474121,7.6399998664856,8,3.7771154904028643,0.6400782748874035,-0.17946157783718383,3.5180960760047517,0.0,5
2023100500,381,0.4258,1,75.0999984741211,34.6599998474121,5,2.083385587886893,2.5314804715201618,-0.04369725162202028,3.122178726466507,0.3661,5
2023100500,406,0.0,0,47.560001373291,5.55000019073486,17,4.883369347076274,0.7621686571970991,0.2548796947193941,1.935071058126807,0.0,5
2023100500,476,0.0,0,57.7000007629395,1.63999998569489,11,5.239580876354353,0.8220104865316542,-0.0362600833617476,7.152796655854266,0.0,5
2023100500,592,0.0833,1,16.5100002288818,17.0900001525879,9,2.7500001770019247,1.6925722822928804,-0.4578775875284904,2.9954131601500324,0.0,5
2023100500,818,0.0,0,73.3099975585938,47.810001373291,10,3.272870801839068,1.0448417259019138,-0.19391899071473892,2.2222511109233345,0.0,5
2023100500,964,0.6794,1,117.410003662109,50.4500007629395,20,1.2316692791776336,0.6649094277663942,0.367115184238006,2.2967150454507923,0.0,5
2023100500,1064,0.0,0,80.3099975585938,44.2400016784668,10,3.8667401232714633,1.5201288429694497,-0.1555170859641281,6.737121046856735,0.0,5
2023100500,1089,0.0,0,77.3600006103516,4.65999984741211,6,6.945250800748937,1.3885246867321237,-0.4018085328496225,5.620533782480103,0.0,5
2023100500,1119,0.0,0,68.7699966430664,48.9199981689453,11,7.824125520928895,1.4173886102359876,0.340773921927156,5.65884263785449,0.0,5
2023100500,1171,0.0,0,60.4099998474121,6.55999994277954,11,3.497570459502764,0.38999984741210336,-0.2655988246695167,6.632721914870244,0.0,5
2023100500,1201,0.0,0,55.6399993896484,31.8500003814697,7,7.644768768266558,1.4453366124468294,-0.1513453057837779,7.663661005028859,0.0,5
2023100500,1226,0.0,0,10.1400003433228,31.7399997711182,22,3.6177337735452983,0.48846664527261907,0.5410969228778041,6.275109560796532,0.0,5
2023100500,1421,0.0,0,55.6100006103516,31.7800006866455,10,3.3529249982675244,2.301759559290954,-0.2156149322211057,7.430975709824381,0.0,5
2023100500,1535,0.0,0,72.6399993896484,50.5800018310547,10,4.119625107088423,0.9995987232012186,0.06433885222001384,11.159507157576458,0.0,5
2023100500,1631,0.1292,1,89.8899993896484,7.28000020980835,10,2.6123750346107544,2.1709220460227883,-0.3744386625184878,4.06784955474019,0.0,5
2023100500,1656,0.898,1,114.150001525879,49.7099990844727,25,0.30594236781627066,0.7782020857920604,-0.7623180573677836,1.7042593699316964,0.0,5
2023100500,1722,0.8553,1,74.5100021362305,24.3999996185303,8,0.43416656631360506,0.6113120305428232,-0.3099679588971436,1.5829403020960744,0.5432,5
2023100500,1872,0.6063,1,109.169998168945,34.689998626709,6,1.7677664583729742,0.7502678334468988,0.23637662490233471,0.9689685237405813,0.3383,5
2023100500,1963,0.0,0,87.4100036621094,45.6599998474121,9,15.754587117423705,0.855865381447891,-0.5254238235244981,16.062459338469942,0.0,5
2023100500,1993,0.0,0,83.7099990844727,43.7599983215332,8,15.041186173008224,0.6216900194054298,-0.0440572380237847,14.41511706508137,0.0,5
2023100500,2131,0.0,0,62.5,23.9699993133545,7,6.129616682380152,1.8824718851167102,-0.26560691001396086,6.805622675405978,0.0,5
2023100500,2156,0.292,1,70.5400009155273,6.96000003814697,9,2.1707593366298674,0.3101603345639942,-0.3143333290296593,4.2523052571517015,0.0,5
2023100500,2186,0.0,0,69.2799987792969,38.5299987792969,8,13.580298828972152,1.641768991035193,-0.6878845046427853,13.759018860369373,0.0,5
2023100500,2255,0.2715,1,114.349998474121,12.3999996185303,8,2.18563619504489,2.8769617500300275,-0.02546973126156155,2.9167276184107456,0.0,5
2023100500,2400,0.6261,1,65.620002746582,15.8999996185303,7,1.4317146718386031,0.5448870662676027,-0.005923278876236003,3.723439270352082,0.129,5
2023100500,2425,0.0,0,54.1399993896484,3.97000002861023,11,14.50123152087262,0.82200925929961,-0.5817437497992355,8.813001758765278,0.0,5
2023100500,2501,0.0,0,37.6100006103516,31.4400005340576,6,8.793775407940165,7.232543704141191,-0.020912420857969332,2.444994887520214,0.0,5
2023100500,2531,0.0,0,46.5099983215332,21.75,8,8.68990905801944,10.719273650485695,-0.3504658073424701,3.5303540898895664,0.0,5
2023100500,2693,0.0,0,25.1100006103516,10.8800001144409,8,3.540352477828577,2.171542924042648,-0.6561503085704573,5.41400036941262,0.0,5
2023100500,2730,0.9056,1,59.2400016784668,2.55999994277954,20,1.1925199650158633,0.2973224616683666,0.2058363165516128,0.7692203845452875,0.0,5
2023100500,2755,0.4129,1,84.0899963378906,16.1499996185303,9,2.0754742316266492,0.5220139077754865,0.4651921395619417,2.4382370680473247,0.0561,5
2023100500,2800,0.0,0,82.6100006103516,11.5100002288818,8,4.917366530406341,0.9353602615944783,0.03803081166686589,4.412708918566915,0.0,5
2023100500,2964,0.0,0,69.379997253418,45.3499984741211,11,5.551547782555107,5.40948157176399,-0.2996274443384337,1.4940214188558294,0.0,5
2023100500,3075,0.4694,1,113.900001525879,51.3800010681152,24,1.9815668453219994,0.5442443957302922,0.5821365421864472,1.0791200118615183,0.0,5
2023100500,3163,0.0,0,70.629997253418,45.7700004577637,14,6.49425285053468,6.100817124466976,-0.44866037717040214,3.867453942841462,0.0,5
2023100500,3199,0.0,0,64.5899963378906,37.4799995422363,10,6.078919573958763,7.130108541597008,-0.06539742080184818,2.692953768633985,0.0,5
2023100500,3224,0.0,0,54.4300003051758,36.1599998474121,10,7.3275920302756115,6.057986804704759,-0.3280364176840516,2.596247291765557,0.0,5
2023100500,3247,0.0,0,55.7700004577637,29.2399997711182,8,9.435534396985139,7.541094492392285,0.15067221940219433,3.4017789463749692,0.0,5
2023100500,3302,0.4064,1,19.1499996185303,47.9099998474121,27,1.7807022505365984,2.0873428263628155,-0.6465599372616571,0.8026207074328471,0.0,5
2023100500,3325,0.0,0,50.5499992370605,35.3400001525879,8,5.1273576423751255,6.214884588960732,-0.2039080753268768,8.038538424365465,0.0,5
2023100500,3350,0.0,0,21.9300003051758,17.2199993133545,14,3.88665658065077,4.299267150528906,-0.5868842079722381,1.35340311806941,0.0,5
2023100500,3375,0.1206,1,16.4099998474121,41.189998626709,6,2.7870580041914352,7.512316942875974,-0.3449211896722018,1.307363759632338,0.0563,5
2023100500,3398,0.0,0,12.539999961853,30.0599994659424,7,5.265016141107813,4.730380943152476,-0.3979849912448401,3.326093805051204,0.0,5
2023100500,3421,0.246,1,7.82999992370605,43.9199981689453,15,2.468114859705002,3.9969626266267326,-0.6291486219192535,2.906974372092059,0.0,5
2023100500,3532,0.0,0,43.7999992370605,45.8499984741211,11,4.039667331105286,4.236899054212199,-0.6106834394819465,0.9013878188659973,0.0,5
2023100500,3575,0.0,0,94.6999969482422,10.210000038147,10,6.511871074277359,3.3815066282026023,-0.6014697980430717,6.5625680948848055,0.0,5
2023100500,3605,0.0,0,80.9000015258789,19.25,12,4.822653358121445,4.022040793676564,-0.4566952873081505,5.8021806245583285,0.0,5
2023100500,3672,0.0,0,78.5199966430664,29.6499996185303,7,14.060907384100233,6.467098724103327,-0.059924692545838106,8.190543327521075,0.0,5
2023100500,3697,0.0,0,27.9400005340576,48.2000007629395,29,3.334381436199719,3.4724773231024835,-0.8163088169619567,1.3710215169719286,0.0,5
2023100500,3745,1.4361,2,50.6800003051758,13.75,17,0.6242597373903515,2.486202224571655,-0.5081759699544994,1.7387639287723906,0.6961,5
2023100500,3770,0.0975,1,13.8100004196167,1.02999997138977,21,2.771948399927759,2.69675771906904,-0.6152588086343651,5.261862788024791,0.0,5
2023100500,3793,0.0,0,41.8699989318848,16.1399993896484,7,11.274860583879324,2.6736670650910384,-0.469784448296571,9.675913393576856,0.0,5
2023100500,3827,0.0,0,42.0999984741211,33.3400001525879,8,7.210610751924826,4.229467120863709,-0.5908072961779857,6.483532987499948,0.0,5
2023100500,3918,0.0,0,58.2000007629395,42.5200004577637,11,5.444308069295286,5.600302700581009,-0.3512863141104966,4.087248463208475,0.0,5
2023100500,4002,0.0,0,91.1600036621094,35.5099983215332,10,7.478807384253432,5.684342059309347,-0.3058527581205171,5.070000000000007,0.0,5
2023100500,4047,0.0,0,91.0,35.5499992370605,8,14.659072016011299,5.192119408490834,-0.4477093902280554,12.437061550060765,0.0,5
2023100500,4195,0.0,0,80.0199966430664,26.8799991607666,8,5.665929849511219,0.5032887644238387,0.14949857458459245,6.562202374203344,0.0,5
2023100500,4220,0.0,0,72.6600036621094,22.0100002288818,6,5.777277215932907,1.3309427972556493,-0.17447960225965747,4.765259699113998,0.0,5
2023100500,4268,0.0,0,64.0400009155273,31.6399993896484,8,9.808573870574277,1.082405779044513,-0.29743601144432424,8.270217651307613,0.0,5
2023100500,4293,0.0,0,57.2099990844727,14.1999998092651,10,3.4498106905097226,0.7373592322545685,-0.31672273681646806,5.232064602047648,0.0,5
2023100500,4318,0.0,0,48.7099990844727,29.8500003814697,7,9.045357015300311,2.0885631247114613,-0.23503130411459558,8.022468448052633,0.0,5
2023100800,62,0.0,0,24.6800003051758,13.4499998092651,7,5.50310812273099,1.8630348101326226,-0.31569462754160105,5.142071566985431,0.0,5
2023100800,220,0.0,0,82.8099975585938,14.6099996566772,9,3.3551433557629333,1.2486770483350984,-0.26467967798176195,4.968470589628155,0.0,5
2023100800,245,0.0,0,81.9300003051758,39.6199989318848,9,3.1172419452092854,1.0941669713006434,-0.33254900692364564,2.176809592040608,0.0,5
2023100800,317,0.0,0,64.8499984741211,36.4000015258789,11,3.783399117277982,1.7534553533734945,-0.26424132353905616,2.7765626231007308,0.0,5
2023100800,657,0.0,0,85.8600006103516,38.9000015258789,6,5.404036862985576,1.8337115112516966,-0.4062363903741952,6.69223430552158,0.0,5
2023100800,682,0.0,0,80.9499969482422,3.55999994277954,13,6.197884545162869,0.6503045709611772,-0.049659456950621635,5.3069011673480375,0.0,5
2023100800,783,0.0,0,63.0699996948242,48.7000007629395,18,3.1969044986382733,1.0607541147659165,-0.7407105629060485,4.762740807560284,0.0,5
2023100800,835,0.2816,1,78.5599975585938,15.7600002288818,12,2.155227976555181,0.5780156450152939,-0.5586179524459911,3.1681066901226633,0.0,5
2023100800,860,1.3948,1,106.540000915527,45.2200012207031,23,0.3140077202728479,0.9992992631524029,-0.36864633008233955,2.3122499864850274,0.0,5
2023100800,883,0.0,0,77.6800003051758,11.5100002288818,8,6.038708137141268,1.581518289716571,-0.6806257020007299,7.782216907796907,0.0,5
2023100800,1006,0.0,0,80.0199966430664,13.9899997711182,10,5.499317611810358,1.210164993643438,0.17853512825244217,8.166272099311911,0.0,5
2023100800,1053,0.1595,1,73.0,5.59999990463257,9,2.6172504816932096,0.22999990463257003,-0.559720595241214,5.705523639421724,0.0,5
2023100800,1120,0.5944,1,64.4899978637695,15.8199996948242,10,1.8816229725933706,1.0163672167778033,0.5125266469548097,2.9347061181658294,0.0,5
2023100800,1186,0.0,0,89.4300003051758,4.32999992370605,12,4.915811538833376,0.8586619893691738,-0.3757539956392824,6.869621532515459,0.0,5
2023100800,1238,0.0481,1,78.4400024414062,26.3500003814697,7,2.8555929601714434,1.6966462113239604,-0.16707133636796456,4.0512343797909285,0.0,5
2023100800,1393,0.3705,1,59.1599998474121,28.5599994659424,8,1.8885449208398666,1.568693403097058,-0.15476533059367092,1.9730686759461775,0.0,5
2023100800,1418,0.3501,1,53.9799995422363,51.2999992370605,15,2.2214633407712134,1.7661821680348717,-0.6862178818882653,1.1552056094046663,0.0,5
2023100800,1479,0.0,0,33.5499992370605,3.42000007629395,16,3.7938113586392066,0.9261216022907967,-0.2816617905502485,3.437920883324689,0.0,5
2023100800,1516,0.0,0,39.1800003051758,46.5200004577637,14,3.544925452821896,2.8296990947012106,-0.4197468466439331,4.534192320579269,0.0,5
2023100800,1563,0.0,0,32.810001373291,10.9300003051758,11,10.576316657163549,1.2034115108841215,-0.5662451061847396,8.451869615653095,0.0,5
2023100800,1676,0.2919,1,82.8899993896484,14.3599996566772,10,2.146927485328401,0.9824974036731362,0.31015640241335085,2.1319005605327854,0.0,5
2023100800,1699,0.0,0,88.9499969482422,43.060001373291,9,8.855334027462018,1.9834533438852786,-0.42657098204527877,9.864709828474428,0.0,5
2023100800,1744,0.813,1,35.7099990844727,2.24000000953674,13,0.5608930423733072,0.6126993592913194,-0.5786920712612916,1.2340583454602139,0.3647,5
2023100800,1796,0.0,0,42.3499984741211,45.439998626709,15,3.7572865089589103,2.248401315999292,-0.5485093786805728,0.9716995420396171,0.0,5
2023100800,1821,0.0,0,49.25,30.1800003051758,7,7.775120690099004,2.00092471145913,-0.2298353877421363,5.782499459576284,0.0,5
2023100800,1933,0.0,0,82.0800018310547,17.3299999237061,8,4.442993480299288,4.141617077311628,0.08161545924228561,3.8808504222657225,0.0,5
2023100800,1990,0.0,0,94.2699966430664,50.1100006103516,15,4.1105993564325365,1.7617346157162141,-0.6129349604337729,3.6317626574433612,0.0,5
2023100800,2020,0.9769,1,112.419998168945,4.86999988555908,15,1.1344143355525949,1.6323302131921704,-0.4662033703915909,3.5855961847369326,0.0,5
2023100800,2077,0.0,0,84.9800033569336,26.8199996948242,6,9.703223800259948,2.225761624060456,-0.33197758254545834,9.170479812965075,0.0,5
2023100800,2102,0.0,0,71.5299987792969,45.8400001525879,10,5.971975032940881,3.3712450280188824,-0.3239331915184314,4.540495567666594,0.0,5
2023100800,2132,0.0,0,66.3099975585938,30.9300003051758,6,8.77945089652198,0.18027976443035573,0.40521144695790545,11.097373563145466,0.0,5
2023100800,2157,0.6834,1,32.939998626709,2.88000011444092,14,1.247797716657238,0.4004997336116406,-0.3012599589573309,1.3301503674397117,1.0691,5
2023100800,2199,0.0,0,26.3999996185303,31.8600006103516,7,3.4899996185303515,1.0667701903017983,-0.3829790396495077,3.3308407347094806,0.0,5
2023100800,2342,0.0,0,79.7300033569336,48.2400016784668,12,8.548552698614015,1.4803040455098273,-0.3989738750996914,6.478371709002184,0.0,5
2023100800,2389,0.0267,1,67.75,14.4700002670288,9,2.9361540496855962,2.230022635751299,-0.029119586612428437,6.48950691501288,0.0,5
2023100800,2782,0.0,0,57.5499992370605,39.1399993896484,6,9.962393350410851,1.5134402020292084,-0.5350849140713637,9.676466297156212,0.0,5
2023100800,2812,0.1606,1,41.4199981689453,50.560001373291,12,2.518131984873413,1.3600346370120266,-0.4597202237038615,2.2005453869438814,0.0,5
2023100800,2835,0.5889,1,28.9899997711182,7.26999998092651,15,1.8006944678324874,0.5092153043768095,0.6546357681679701,2.151882896442092,0.0,5
2023100800,2934,0.0,0,29.75,47.2299995422363,13,3.562611480146539,1.9954199480418207,-0.47548113303572515,1.8483776670366898,0.0,5
2023100800,2981,0.0,0,48.7200012207031,-2.17000007629395,15,4.649010613140486,6.450938013401473,0.22408535596030235,1.890661259982867,0.0,5
2023100800,3004,0.0,0,45.6300010681152,49.1599998474121,16,3.603400897987534,1.3122876816277014,-0.472087403285259,7.4418277324861535,0.0,5
2023100800,3066,0.0,0,49.9700012207031,27.0400009155273,6,8.34266636806896,2.150370857368837,-0.08916057176606608,6.339124545234932,0.0,5
2023100800,3098,0.0,0,60.5499992370605,19.9699993133545,8,4.6596254291537065,0.8452804885422133,-0.10984813271214096,4.246056994436132,0.0,5
2023100800,3123,0.1024,1,66.879997253418,45.2999992370605,11,2.692677792318495,3.2267188918678995,-0.7127211372649419,3.0985480470697913,0.0,5
2023100800,3234,0.0,0,84.3300018310547,4.25,14,3.2422822425921423,1.0560288461171201,-0.13102854431782426,1.2495199078045938,0.0,5
2023100800,3359,0.0,0,50.9000015258789,27.9699993133545,9,8.5349925064744,1.6102779404419625,-0.19195485409816482,8.27798284608032,0.0,5
2023100800,3443,0.5025,1,66.6900024414062,14.3699998855591,10,1.492513444544848,1.220163997823867,-0.0234529843418744,0.9708243919473788,0.0,5
2023100800,3466,0.732,1,97.2900009155273,18.9699993133545,29,0.8041133181685136,1.5634886662168828,-0.8256073297124801,2.0044949488586905,0.0,5
2023100800,3504,0.0,0,85.7600021362305,48.7799987792969,16,6.97389651084325,2.5966926196685707,-0.6512807191761556,1.5962455951387997,0.0,5
2023100800,3604,0.5488,1,73.629997253418,50.0499992370605,7,2.1031879263972684,1.302494775102123,-0.1852519129527086,2.0278560106674193,0.5466,5
2023100800,3708,0.6512,2,37.5900001525879,13.2700004577637,8,1.5117205719062563,1.1386396342456395,-0.353109164130486,2.6240617370786046,0.0,5
2023100800,3917,0.0,0,47.4199981689453,18.0900001525879,16,5.420038730722583,0.843147965919989,0.42218902235872574,7.893693685468169,0.0,5
2023100800,3975,0.0,0,41.6599998474121,36.4300003051758,8,12.250494089181771,2.6340081321689333,-0.2144745697356593,13.388861041925855,0.0,5
2023100800,4000,0.0,0,49.5800018310547,9.52000045776367,12,4.888607516181792,0.9763690449027763,0.40292855404763767,3.6496575181789344,0.0,5
2023100800,4030,0.0304,1,60.3600006103516,12.2700004577637,8,2.9221905327623743,0.6174136007927898,-0.06646861295601826,5.120087889870632,0.0,5
2023100800,4055,0.3585,1,67.7300033569336,39.1199989318848,12,1.9246281022372862,0.718397480645619,0.22507617692002108,6.391509993733874,0.0,5
2023100800,4113,0.0,0,84.1399993896484,10.3299999237061,10,3.2486309165603235,1.1521290789187775,-0.20605186832131456,1.7967192323788388,0.0,5
2023100800,4174,0.0,0,106.379997253418,-1.00999999046326,13,5.426721052328337,5.018723965550757,0.53103735272667,2.3336237914453974,0.0,5
2023100800,4235,0.2534,1,111.73999786377,46.4799995422363,14,2.2398678147967277,2.0747309388523485,-0.7999685995041534,1.1896217886370457,0.0,5
2023100800,4350,0.9471,1,51.7700004577637,48.7999992370605,25,1.2006655919822915,0.42544146419212975,-0.06688364407576182,1.5088074761214523,0.0,5
2023100800,4478,0.0,0,76.0800018310547,49.1500015258789,27,6.5946201953748504,0.8343883755106691,0.849560477288094,3.4468826495835314,0.0,5
2023100800,4503,0.2108,1,104.669998168945,1.69000005722046,17,2.36755328995671,2.103807769182765,-0.685754049466625,3.0623520372419595,0.0,5
2023100800,4731,0.6852,1,31.8500003814697,16.4899997711182,13,0.944298315564067,0.18027747490119217,0.4438213299872676,1.2734991166074656,0.0,5
2023100801,128,0.0,0,84.6699981689453,53.7799987792969,14,3.918621720887504,2.9249954802657996,0.4512664942313442,0.9200000000000017,0.0,5
2023100801,199,0.4973,1,71.6699981689453,28.0,7,1.7901119227031987,0.594138246834026,0.31516948095239017,1.5654072952430016,0.0,5
2023100801,224,0.0,0,84.370002746582,5.53999996185303,10,4.317125971353465,0.8683290865417539,-0.028411417970954537,5.055422830980613,0.0,5
2023100801,341,0.0,0,88.2300033569336,40.7599983215332,7,8.692297319842858,1.6568055202329697,0.16426499806888156,6.611542936410539,0.0,5
2023100801,391,0.0,0,59.4799995422363,16.1100006103516,13,8.391096570961913,1.0042410236441872,-0.5813322227210199,5.989432360416137,0.0,5
2023100801,460,0.0,0,19.8799991607666,13.4799995422363,13,3.3792298959884848,1.6936637337315312,-0.6461208664720661,3.0375812746328283,0.0,5
2023100801,590,0.0,0,46.5200004577637,33.0699996948242,8,4.573947496427272,3.2144204574002724,-0.11799942382339496,2.7051986988019934,0.0,5
2023100801,615,0.0,0,44.7799987792969,39.8600006103516,7,13.131467384917569,0.4143683422375882,0.19077167415124588,11.960221569853964,0.0,5
2023100801,674,0.7406,1,67.3199996948242,36.4799995422363,11,1.4263594300719802,1.4558162672633728,0.2649944236722418,4.642251608863962,0.9444,5
2023100801,779,0.6823,1,57.939998626709,31.9799995422363,8,1.1822440595060637,3.824263198797129,-0.276807340881043,1.7866449003649334,0.1623,5
2023100801,868,0.0,0,49.5400009155273,26.0100002288818,12,4.008890176670978,1.5393497749027492,-0.4204699890857232,1.1851160280748911,0.0,5
2023100801,915,0.0,0,70.4300003051758,35.7999992370605,11,4.665126712954958,3.5764370169836583,-0.5112958766022406,1.8835339126227533,0.0,5
2023100801,982,0.0,0,26.6800003051758,-0.419999986886978,18,3.263694296478033,2.1592824367000896,0.011219606925171266,5.466305882403582,0.0,5
2023100801,1005,0.0,0,37.75,24.5400009155273,8,4.285464520019304,3.3451016507292475,-0.026611909844735406,1.045609869884558,0.0,5
2023100801,1119,0.0,0,40.4599990844727,17.9200000762939,8,3.6150803916086582,2.2726422286141625,-0.49530748158859716,2.5725668115716607,0.0,5
2023100801,1148,0.0,0,49.7900009155273,21.5699996948242,10,3.263815900472781,3.9922415129053115,-0.4908666805794111,2.548921340488949,0.0,5
2023100801,1191,0.0,0,72.0500030517578,30.3600006103516,11,7.463844907991863,4.846578960929197,0.1271586975007012,7.10178146664624,0.0,5
2023100801,1245,0.0,0,44.0900001525879,44.0200004577637,13,6.222740954726022,2.1910047502906598,-0.11343626811248791,3.019552947043649,0.0,5
2023100801,1268,0.5114,1,46.9099998474121,41.0999984741211,18,1.7288720509997206,2.9099831880172955,-0.532186763052991,1.0700000000000003,0.0,5
2023100801,1311,0.0588,1,35.9900016784668,11.1000003814697,13,2.838627465584337,1.7740901895547183,-0.8036008332542766,3.814734591029893,0.0,5
2023100801,1365,0.0,0,51.7700004577637,30.7199993133545,8,4.262979521596455,3.6698911699587655,-0.24823497699696126,3.8137121024010208,0.0,5
2023100801,1467,0.3927,1,71.379997253418,37.3899993896484,9,2.160024788327518,0.8256511915721876,0.045598857167851115,6.690239158654939,0.9204,5
2023100801,1521,0.0,0,80.1800003051758,41.6599998474121,13,3.6177341480837253,7.8206138666488885,-0.01560616726089517,2.751381471188607,0.1427,5
2023100801,1591,0.0,0,73.4499969482422,25.3999996185303,11,5.675384629445651,3.4383692313654803,-0.615924205279077,1.114136436887333,0.0,5
2023100801,1614,0.0,0,87.5,11.5100002288818,9,3.858341706389743,2.718915418481483,-0.2057087448558724,5.158420300828547,0.0,5
2023100801,1680,0.0,0,42.6699981689453,17.1100006103516,7,8.308322928414425,2.128498966202465,-0.3413681721169574,6.718400107168376,0.0,5
2023100801,1782,0.0,0,68.2099990844727,35.0499992370605,12,3.625520474657283,2.5539196290805655,-0.6781446688787516,4.272762572388034,0.0,5
2023100801,1831,0.7616,1,91.9599990844727,2.79999995231628,18,0.7151232415809724,1.3823176523435978,-0.7083512769247085,1.959311103423855,0.0,5
2023100801,1876,0.0,0,79.0800018310547,33.1300010681152,7,4.098486111898898,1.9296093599765354,-0.37968465598975926,5.598080028009606,0.0,5
2023100801,1967,0.0,0,84.5,22.0100002288818,8,7.398986250954217,1.711870467927511,-0.4297276850334699,8.5000058823509,0.0,5
2023100801,1999,0.2067,1,74.6600036621094,36.75,9,2.3800036621094023,2.194017606321671,-0.3527893735623379,2.3032585612562,0.0,5
2023100801,2058,0.2427,2,62.2099990844727,19.2800006866455,9,2.3600847539395207,1.9379368608741614,-0.3633974914262722,1.4996666296213976,0.0,5
2023100801,2081,0.8844,2,57.3499984741211,26.3700008392334,10,1.5902845667866992,2.2114238277798326,-0.4100869302759448,1.282263623440984,0.0,5
2023100801,2104,0.0,0,42.9700012207031,33.439998626709,14,5.3471947875452095,2.777229320889607,-0.09330957053858788,4.560975772792484,0.0,5
2023100801,2132,0.0,0,39.439998626709,27.9500007629395,6,7.272804216229475,3.2829850407198724,-0.054309784778292965,3.3643572937486934,0.0,5
2023100801,2171,0.0,0,31.0599994659424,22.6000003814697,6,7.922486337666267,2.30755258353557,0.3226012673117695,8.035004667080162,0.0,5
2023100801,2346,0.0,0,73.9000015258789,43.3400001525879,12,3.5339079058858713,0.837437023927964,0.7462838902884404,2.3131147831441496,0.0,5
2023100801,2393,0.1191,1,68.5400009155273,32.9700012207031,8,2.6943085811523213,0.7736939481744137,0.5149843813583673,6.179482178953187,0.0,5
2023100801,2418,0.0,0,57.7200012207031,32.2200012207031,8,4.3360136479803,0.6688800618289833,-0.39858071811632667,4.577248081544187,0.0,5
2023100801,2493,0.0,0,48.6500015258789,11.25,12,4.295357764090849,3.8606338644646914,0.12771366855657712,5.638661188615608,0.0,5
2023100801,2675,0.5284,1,23.8700008392334,32.3600006103516,9,1.414850835048758,0.6239399763248804,-0.42977174684226016,2.9110994486619624,0.1116,5
2023100801,2741,0.0,0,48.1199989318848,13.0799999237061,8,4.91564950867777,0.3801326259275515,-0.09289520129909398,10.138293742045551,0.0,5
2023100801,2793,0.0,0,71.4499969482422,43.2900009155273,14,3.8410575721687867,2.127630750359037,-0.6160703663202696,3.743180465860555,0.0,5
2023100801,2917,0.0,0,81.9199981689453,15.4799995422363,7,3.7955382830578963,1.101682279615334,-0.2668107035079393,2.6468282906150153,0.0,5
2023100801,2942,0.5188,1,94.2399978637695,32.5699996948242,7,1.4436065100518496,0.40311118405922514,-0.1417678418944641,3.7242583154233517,0.037,5
2023100801,3107,0.1246,1,48.0299987792969,25.9200000762939,8,2.6442568540138227,2.806083785608382,-0.3757064092979044,2.50347758128568,0.0,5
2023100801,3190,0.0,0,57.5900001525879,6.53999996185303,12,7.435388231896634,2.585072406072029,-0.5792136278835894,5.637534922286513,0.0,5
2023100801,3358,0.0,0,38.4500007629395,36.439998626709,9,7.168039542395864,1.8584146884970383,-0.2973259040208302,6.963346896428468,0.0,5
2023100801,3481,0.0,0,48.4500007629395,40.4199981689453,14,4.341658166644382,3.505708762433861,-0.5277128104780473,2.2299103120977772,0.0,5
2023100801,3586,0.1376,1,57.5400009155273,6.36999988555908,22,2.5871227784810857,2.4437683295224883,-0.7387946381431749,1.0855873986004074,0.6164,5
2023100801,3667,0.0,0,43.310001373291,35.8199996948242,6,12.544083672662952,3.9307137060144006,-0.15012485208764192,9.20978284217386,0.0,5
2023100801,3692,0.0,0,28.9699993133545,33.8899993896484,8,3.918634402965784,4.263859352626504,-0.44937018163279574,1.3980700983856285,0.0,5
2023100801,3739,0.0,0,24.3700008392334,40.7099990844727,7,3.441585067139043,2.36224592927677,-0.5474740010884752,5.00300909453501,0.0,5
2023100801,3774,0.0,0,7.55999994277954,53.4099998474121,19,7.502806072735229,8.192002109627897,0.3808611812188325,1.2022063050907732,0.0,5
2023100801,3889,0.0,0,52.2400016784668,34.439998626709,9,7.887025479656633,4.632202320365187,0.2133031606821019,4.99768946614333,0.0,5
2023100801,4012,0.0812,1,86.1600036621094,36.4799995422363,11,2.7563164215066998,2.540232634218966,-0.4583645546133891,1.8558555978308207,0.0,5
2023100801,4088,0.7747,2,111.209999084473,20.6499996185303,16,1.6208631895536572,1.8867172517948219,-0.4318208939770257,2.908143737850663,0.0,5
2023100801,4145,0.0,0,87.3300018310547,11.289999961853,9,11.779721415873707,1.7001175833045692,-0.5803007877347557,11.626770832866706,0.0,5
2023100801,4175,0.0,0,75.0899963378906,8.77000045776367,10,4.924405555132975,2.969980926968461,-0.4310585841054782,5.037241308494165,0.0,5
2023100801,4222,0.0,0,64.5599975585938,5.26999998092651,11,3.3651427498032724,2.651488768507285,-0.4794347981642624,5.846605852971442,0.0,5
2023100801,4252,0.0,0,61.1800003051758,11.4099998474121,8,5.410813490651432,3.067262767021793,-0.4804707846482324,5.2560156011945,0.0,5
2023100801,4277,0.0,0,42.3699989318848,16.1499996185303,13,4.510278287536031,2.1741193896013895,-0.572612048392763,4.29847647428714,0.0,5
2023100802,56,0.26,1,79.3499984741211,34.2799987792969,8,2.220000659840266,0.4271991871617033,-0.23208710728052387,3.061404906248101,0.0,5
2023100802,152,0.0,0,57.2200012207031,43.6199989318848,14,3.414101790660339,2.2687677939487036,-0.49898459003002793,1.7762882648939586,0.0,5
2023100802,361,0.0,0,46.0900001525879,20.2700004577637,13,6.652435957734088,1.4589037837514809,-0.4670423276839593,5.309934086219903,0.0,5
2023100802,393,0.0,0,62.6800003051758,20.0599994659424,10,4.707142984929035,1.5246306175260318,-0.4562128046053931,5.319191667913466,0.0,5
2023100802,535,0.0,0,85.6900024414062,16.6599998474121,9,3.3739760685449594,2.084828552224097,-0.15604986899097287,4.127783909072759,0.0,5
2023100802,653,0.0874,1,100.470001220703,20.0599994659424,7,2.737917785536391,1.2419730461754759,-0.1056857467530735,1.8696791168540183,0.0,5
2023100802,700,0.0,0,104.199996948242,41.1100006103516,11,3.1438383456322803,5.046030037627189,-0.6621494487246185,3.270978446887104,0.3687,5
2023100802,789,0.0,0,81.1600036621094,6.80000019073486,12,3.711943372723863,1.152132108814863,-0.1750542274942173,2.8991895419237386,0.0,5
2023100802,829,0.0,0,74.9400024414062,8.0600004196167,10,4.969559187961223,1.6198788161947109,-0.4921589238031865,5.013631418443123,0.0,5
2023100802,854,0.0,0,67.8499984741211,38.0099983215332,9,4.691149510304746,0.9521019708240006,-0.2233504737386039,3.2221886971435985,0.0,5
2023100802,901,0.0,0,50.5900001525879,48.5200004577637,12,9.293976862813583,0.6987131814010097,-0.4486285030817149,7.311210570076615,0.0,5
2023100802,1052,0.0,0,35.5499992370605,5.67000007629395,13,6.1943595898817305,2.1503486400307703,-0.5309836368574594,8.514111815098508,0.0,5
2023100802,1148,0.5733,1,113.470001220703,35.9500007629395,11,1.280154981768174,1.9006563478479555,-0.541417133970984,1.4582523787054105,0.0,5
2023100802,1193,0.5857,2,112.190002441406,32.8499984741211,8,2.150813705827573,1.4921460154602868,0.0002842436813949649,1.2007081243999351,0.0,5
2023100802,1264,0.3839,1,86.9300003051758,27.7099990844727,7,1.9024722075471399,0.18384862627644824,-0.009610041435945092,4.28360829208274,0.0,5
2023100802,1311,0.7874,1,67.3399963378906,4.65999984741211,14,0.6378060932307209,0.39811888303992327,-0.4522681072352122,1.2701181047445949,0.9314,5
2023100802,1334,0.6298,1,58.2799987792969,47.1399993896484,17,1.7102637264942115,0.07615684949185456,-0.6798957231786359,1.6876018487783184,0.0,5
2023100802,1370,0.0,0,44.7000007629395,19.1900005340576,9,8.200109745965989,1.6155485354248096,-0.09984738528050924,3.249999999999999,0.0,5
2023100802,1393,0.1505,1,49.7700004577637,14.8199996948242,9,2.5484901559934943,0.43046541443279035,-0.30571418870577316,2.9213866570517504,0.0,5
2023100802,1418,0.2332,1,28.7900009155273,47.6699981689453,17,2.4932889525744133,0.6519183446416771,0.567167181928961,6.055617227005023,0.0,5
2023100802,1441,0.0,0,48.6399993896484,43.6599998474121,9,3.1565323328628176,0.5015975515890824,-0.654199984021881,9.727656449525757,0.0,5
2023100802,1729,0.332,1,1.85000002384186,25.6800003051758,12,2.2143619086481277,0.9013876407506015,-0.0026497589587717407,1.5052574530624319,0.0,5
2023100802,1793,0.3639,1,44.1199989318848,47.5499992370605,13,1.9082202956307432,4.421098431768443,-0.7048169936310471,5.480337580842987,0.4097,5
2023100802,1820,0.0,0,26.9300003051758,44.939998626709,14,4.041880304118877,1.1321674550896854,-0.43832120430314814,3.07148172711478,0.0,5
2023100802,1884,0.0,0,44.8899993896484,30.2099990844727,7,3.7240443470546247,0.7440429602913438,-0.3558518600746967,3.891336531321858,0.0,5
2023100802,1931,0.0,0,70.4400024414062,26.6900005340576,11,3.426148225428103,0.5738452401880342,0.17707117598411862,3.5578785814021203,0.0,5
2023100802,1956,0.0,0,87.1999969482422,14.1400003433228,8,3.92011784853338,2.6881250170308575,-0.21953023663308707,3.220636583037578,0.0,5
2023100802,2051,0.0,0,113.900001525879,49.6500015258789,21,3.1834118515911483,2.454650770781692,0.6858867083116094,0.6000000000000071,0.0,5
2023100802,2074,0.5437,1,106.389999389648,31.4699993133545,10,1.6211113939177768,0.9047104244724296,0.3262777702901803,1.1395174417269793,0.0,5
2023100802,2283,0.0,0,41.25,33.4300003051758,8,4.030334713195737,2.44658924711358,-0.268363787843946,3.3324165405903248,0.0,5
2023100802,2308,0.0,0,51.3300018310547,28.6299991607666,8,9.981906769186043,1.6359994699727392,-0.46795208553454226,10.685228121102517,0.0,5
2023100802,2355,0.8463,1,67.4499969482422,31.8600006103516,10,0.6815451715113493,0.4070650627868873,-0.011986675114210307,1.675470083290054,0.268,5
2023100802,2557,0.0,0,94.8600006103516,31.0400009155273,8,4.831284345063158,0.45541236384603806,-0.07593613584371418,2.057984450864483,0.0,5
2023100802,2644,0.4467,1,82.1100006103516,6.6399998664856,11,2.07292113890313,0.7940408722187936,-0.04225486513291277,4.623429463071752,0.0,5
2023100802,2743,0.0,0,37.7999992370605,20.8099994659424,7,8.931854034392892,0.651460173039372,0.4685060251557394,9.315240200875126,0.0,5
2023100802,2921,0.0,0,106.180000305176,42.6300010681152,11,6.358969731165099,6.0243834009242585,-0.4426363800641066,1.606393476082365,0.0,5
2023100802,3001,0.0,0,62.6300010681152,34.2200012207031,13,4.516857928704231,0.8160875686348882,0.09087515628026535,1.964204673652925,0.0,5
2023100802,3033,0.0,0,74.5500030517578,45.689998626709,10,15.667724715576066,1.1214740412866058,-0.4177050586403252,16.457475505070637,0.0,5
2023100802,3103,0.0,0,90.8600006103516,36.6500015258789,10,3.6045099111004886,1.5634881972756285,-0.20347427174589686,1.1947384651043869,0.0,5
2023100802,3270,0.0,0,42.8899993896484,7.51999998092651,10,5.449853755423728,3.1188784710372333,-0.22200471607949362,1.1221853679316953,0.0,5
2023100802,3322,0.0,0,58.5699996948242,34.6599998474121,9,3.0771743589732945,2.2282956392024533,0.26116438227792754,1.5541557193537638,0.0,5
2023100802,3380,0.0,0,71.1900024414062,45.7700004577637,10,6.3770580341682255,2.1646228079369836,-0.6239906522254534,4.884802964296518,0.0,5
2023100802,3444,0.3622,1,110.129997253418,23.4899997711182,12,1.9487952285245584,0.5821511909829855,0.2468435832958966,2.5866000850537336,0.0,5
2023100802,3530,1.0208,1,67.4800033569336,6.8899998664856,20,1.024742382524644,0.2817771393463916,0.6300636085546718,1.4035668847618148,0.0,5
2023100802,3769,0.0,0,64.2099990844727,17.25,13,5.604070227325283,1.462908845013618,-0.691397127198042,3.0686316168611696,0.0,5
2023100802,3816,0.3653,1,80.1800003051758,45.0400009155273,10,2.1403277023251834,0.8521146468279988,-0.233005374964158,1.5920113064925139,0.0,5
2023100802,3841,0.5943,1,84.4100036621094,45.1399993896484,9,1.5616942101980122,0.4669016161402382,0.3973048318066341,2.0690335908341373,0.0322,5
2023100802,3866,0.124,1,89.8399963378906,33.060001373291,7,2.6947317048635555,1.127297970426041,0.18062584854964964,3.1400636936215096,0.014,5
2023100802,3891,0.3449,1,94.0,7.28000020980835,10,2.290938555022961,0.6389051791597816,0.1848316202002379,4.6824993326214175,0.1267,5
2023100802,4044,0.0,0,104.75,50.5800018310547,11,5.651310143272316,0.4810398917395071,-0.13923308808203402,4.016590594023741,0.0,5
2023100802,4069,0.5351,1,108.889999389648,46.9300003051758,10,1.6347789537992647,0.43011686644407043,-0.2128951503144755,2.462925090212849,0.0,5
2023100803,84,0.121,1,80.5500030517578,43.0800018310547,8,2.63697065926511,0.4104890168114262,-0.4453472222213979,4.447133908485336,0.0,5
2023100803,109,0.0,0,80.8499984741211,8.07999992370605,10,12.24374385853458,0.7043424269464846,-0.49565194815894636,13.994356005190093,0.0,5
2023100803,134,0.0,0,42.9900016784668,39.1399993896484,15,4.434409868443662,7.438499410309571,0.4585830949850403,0.8626702730475858,0.3789,5
2023100803,157,0.0,0,28.5699996948242,53.4500007629395,27,3.2962105979489866,11.238243548989676,0.5870374748193425,2.1199292441022592,0.0,5
2023100803,180,0.0,0,64.7699966430664,7.09000015258789,9,9.999996820068416,1.5772422229310394,-0.597332255385084,9.775479527879956,0.0,5
2023100803,255,0.0,0,30.5499992370605,2.55999994277954,10,6.052983496576277,3.541765700471931,-0.37422616692489546,2.2370739817896066,0.0,5
2023100803,314,0.0,0,42.6300010681152,38.9000015258789,6,3.6449539499819275,1.26241772555581,-0.13400893446314013,2.962853354454121,0.0,5
2023100803,339,0.0,0,85.3300018310547,53.6199989318848,22,3.927035692768791,2.9508317107281536,0.7202036344472976,0.8646964785403024,0.0,5
2023100803,442,0.0,0,74.0100021362305,30.3500003814697,9,3.005609608034655,1.3224580293009305,-0.5738433363461404,3.2207452553718126,0.0,5
2023100803,489,0.5903,1,80.8499984741211,26.8500003814697,6,1.3453631419230663,0.457057230834755,-0.3044305094519995,3.2289317118824266,0.2333,5
2023100803,558,0.3625,1,91.8899993896484,24.4500007629395,8,2.014448778658108,1.5199022452395288,-0.24957252933865273,2.3756472802164903,0.0,5
2023100803,606,0.0,0,98.2099990844727,38.3899993896484,7,3.6156614567429295,0.9950385372813222,-0.33900899991806477,5.110244612540572,0.0,5
2023100803,631,0.6757,1,106.099998474121,23.6800003051758,9,0.9729337392842252,0.17720200145275458,0.007679202718011138,1.2522779244241387,0.0,5
2023100803,730,0.0,0,78.6399993896484,36.4599990844727,8,5.802930422576022,2.3690717799665215,0.08008661427183905,3.8967935536797422,0.0,5
2023100803,925,0.0,0,63.060001373291,48.1399993896484,19,3.732089699782646,3.068940050879256,0.5007156444927172,4.757415264615865,0.0,5
2023100803,974,0.0,0,47.9900016784668,40.9700012207031,9,4.249233205758238,2.059123968127621,-0.4885337960716062,4.996048438516183,0.0,5
2023100803,1028,0.0947,1,58.7999992370605,35.8199996948242,9,2.715769568419943,1.6686829258160534,-0.41330733659456526,1.45261832564511,0.0,5
2023100803,1135,0.944,2,91.6100006103516,46.060001373291,25,0.7083093355804597,0.6332445405003557,-0.8022651680942753,4.384632253678748,0.0,5
2023100803,1395,0.0,0,67.629997253418,37.5400009155273,6,6.4361841063505,1.3237796515759064,-0.2758972656234561,5.818264346005598,0.0,5
2023100803,1418,0.0,0,66.2699966430664,38.75,8,13.133149602957529,0.45705520771772956,-0.3888090254862858,15.19660817419466,0.0,5
2023100803,1476,0.0,0,56.9599990844727,44.2299995422363,11,3.263141638555205,1.156243673441808,-0.6830471119063539,4.740675057415348,0.0,5
2023100803,1528,0.0,0,44.4300003051758,26.5799999237061,5,3.9008975601260794,2.737243294163087,-0.05966306526235038,3.9194514922371475,0.0,5
2023100803,1655,0.1489,1,44.5400009155273,24.3999996185303,7,2.55331158863651,1.101134977710182,-0.09480090776539632,1.5469324484281772,0.0,5
2023100803,1702,0.4625,1,57.9500007629395,44.810001373291,9,1.6124502058997856,1.7053136945311036,-0.5206605483351308,3.398602654032979,0.0,5
2023100803,1725,0.7635,1,56.2799987792969,37.2200012207031,7,1.3908647177525233,1.641494181962571,-0.13248275551496286,0.9884331034521258,0.7987,5
2023100803,1750,0.0,0,80.5,32.6199989318848,7,5.027385666892652,1.9304151217070662,-0.4907490825213031,7.3119696388866355,0.0,5
2023100803,1884,0.0,0,105.790000915527,12.039999961853,13,8.520450955263774,1.5061531424510108,-0.15290495735983778,6.057491229873957,0.0,5
2023100803,2011,0.0,0,48.689998626709,14.7299995422363,10,3.945479591913673,3.853687804614757,-0.4142732395715957,5.811110048863299,0.0,5
2023100803,2036,0.9827,1,81.9499969482422,40.4599990844727,18,1.0242038489383456,1.335218524553519,-0.6284080617475324,8.898011013704126,0.0,5
2023100803,2144,0.5163,1,68.6999969482422,10.5,13,1.4511348981694057,0.9861511134527156,-0.5550870487631279,1.6183942659315065,0.0,5
2023100803,2421,0.0,0,47.7200012207031,37.0099983215332,9,3.6915311400010173,2.8922831340135677,-0.1488932018108332,1.570000000000001,0.0,5
2023100803,2504,0.0,0,73.6399993896484,24.8500003814697,11,9.853430509341926,2.1028081806404875,-0.0670920719407159,2.0302709178826372,0.0,5
2023100803,2551,0.0,0,88.9199981689453,34.9099998474121,8,3.447100989783737,0.5215380063746379,-0.17093774065580514,2.5192459189209737,0.0,5
2023100803,2644,0.654,1,109.26000213623,47.310001373291,16,1.0378803102174015,3.231297710016098,-0.43710527275660094,4.038378387422352,1.0374,5
2023100803,2735,0.0,0,69.870002746582,5.8899998664856,14,5.482928781263572,1.2480803015714648,-0.05560919501191072,1.869438418349214,0.0,5
2023100803,2898,0.0,0,82.6900024414062,19.2099990844727,5,11.354454667213355,1.4707801959410938,0.1820193844468769,10.055093236763145,0.0,5
2023100803,2923,0.518,1,98.129997253418,2.66000008583069,13,1.4458928558626416,0.9876242434449178,-0.2822516040904321,1.0062305898749104,0.0,5
2023100803,3029,0.0,0,76.9100036621094,24.1700000762939,7,3.2827395330997833,0.1923543364426689,0.4402068709217705,3.9003717771515087,0.0,5
2023100803,3098,1.0911,2,41.7099990844727,5.1399998664856,18,1.0912370657841384,2.258693673340044,-0.4643579894514545,2.6754065111679775,0.269,5
2023100803,3145,0.0,0,25.1900005340576,16.1499996185303,7,3.9770598657527727,0.8193288177583798,-0.7513150267775051,4.042190000482413,0.0,5
2023100803,3192,0.0,0,19.2399997711182,33.439998626709,6,4.7192042814753465,1.4727192537714848,-0.282257048000966,6.527633568147038,0.0,5
2023100803,3276,0.0,0,18.3999996185303,17.3600006103516,7,4.280047107330374,2.3295712494837604,-0.06252268764591332,1.554155719353757,0.0,5
2023100803,3301,0.0,0,16.9099998474121,15.3000001907349,6,4.758424217509724,1.5638736315552526,-0.551026018670894,6.265564619409811,0.0,5
2023100803,3494,0.0,0,71.9300003051758,17.2999992370605,11,4.96170262369941,4.027964007537906,-0.361286287162172,3.604691387622525,0.0,5
2023100803,3700,0.0,0,70.1600036621094,53.9300003051758,16,5.834596576621897,5.736903870175823,0.4653660356819998,2.9255426846997143,0.0,5
2023100803,3723,0.0,0,80.2799987792969,18.6000003814697,10,4.322266715502232,0.1341628162216681,0.0013041956065333235,10.471680858391357,0.0,5
2023100803,3776,0.9168,2,71.620002746582,32.25,8,1.4746196564236584,0.6907991861840191,0.07588841693171872,1.7602556632489492,0.0817,5
2023100803,3855,0.8633,2,51.4000015258789,4.82999992370605,17,1.7557062224648845,3.4129905349241403,-0.5595106365434758,1.931269012851394,0.0,5
2023100804,79,0.0,0,72.2200012207031,25.1299991607666,7,7.733077101978957,0.7433043046894297,-0.1427758492693864,4.30202278004197,0.0,5
2023100804,148,0.0332,1,59.2599983215332,32.5499992370605,8,2.936458647076364,0.38012989836031297,-0.09307324955441991,2.388828164602889,0.0,5
2023100804,272,0.0,0,77.4599990844727,6.57999992370605,12,6.2777782107208475,1.4408681059498336,-0.8247512339942763,5.6677332329600665,0.0,5
2023100804,366,0.7431,1,113.160003662109,13.9499998092651,9,0.8329502100435014,4.2301855316255805,-0.5053901000228523,4.655878005274625,0.3642,5
2023100804,389,0.6962,1,111.5,46.4000015258789,10,1.4591103317458212,1.653662703121681,-0.08032387352781706,1.2277621919573916,0.5938,5
2023100804,513,0.2472,1,80.8899993896484,31.1599998474121,7,2.270352083705231,0.7060449331538291,-0.07757523875635929,2.2526872841120227,0.0,5
2023100804,695,0.0615,1,40.8199996948242,36.2900009155273,6,2.846225000405023,1.432933492795912,-0.1559175141860264,2.664000750750648,0.0,5
2023100804,851,0.0,0,59.5299987792969,23.6200008392334,6,3.820273580291587,1.119865021747447,-0.08150330912291197,2.421569738826452,0.0,5
2023100804,946,0.1268,1,48.5099983215332,43.7900009155273,8,2.6196388036428937,1.7618462285859302,-0.3602324055155923,4.090305612053949,0.0,5
2023100804,1100,0.0,0,95.8199996948242,22.5799999237061,7,5.057133869489507,2.837463400180375,-0.03735309684549939,1.3662357044082831,0.0,5
2023100804,1209,0.5167,1,51.7900009155273,49.5299987792969,18,1.4499992991487036,2.1246172391958953,-0.6443577355307282,1.4061649974309576,0.6572,5
2023100804,1232,0.1843,1,42.3199996948242,37.9799995422363,8,2.580000457763721,1.2175800950418747,0.21562908718493587,3.3945397331597116,0.0,5
2023100804,1393,0.0,0,68.7799987792969,15.8299999237061,9,5.7937995100324375,1.2453523227739287,-0.5744578535162198,4.8708212859845235,0.0,5
2023100804,1488,0.0,0,75.8300018310547,36.310001373291,8,5.6600772159557495,2.029702140868187,0.07849510671660243,5.028011535388518,0.0,5
2023100804,1513,0.8102,1,104.360000610352,7.46000003814697,20,0.5693859775131195,1.198206960375211,-0.4864829948824417,0.9347726996441401,0.0,5
2023100804,1725,0.5054,1,3.02999997138977,7.8899998664856,16,1.483947330969443,1.8804519750197988,-0.6571033157448846,1.4080127840328729,0.0,5
2023100804,1755,1.4273,2,10.6999998092651,20.2600002288818,7,0.5280148608689148,1.7685303633231804,-0.4484751813812635,2.40149953154274,0.8886,5
2023100804,1828,0.0,0,76.6800003051758,33.3800010681152,8,4.048827985181631,1.3997854896788837,-0.4467056753935523,3.238054971738433,0.0,5
2023100804,1857,0.0,0,58.25,36.0099983215332,10,6.003541818599967,2.043845623988073,-0.42249069425122665,3.485426803133299,0.0,5
2023100804,1914,0.0,0,46.3199996948242,19.3799991607666,9,3.2698921398142136,2.866931332221367,-0.3454603099163119,3.632478492709904,0.0,5
2023100804,1939,0.0,0,38.9099998474121,37.3300018310547,9,3.502284157179462,2.198930031420817,-0.1904422883063548,6.8877427361944985,0.0,5
2023100804,2119,1.2478,2,58.0999984741211,39.5400009155273,17,1.3853862722339374,0.8089513098344361,0.3536273086577107,1.7314156057977428,1.4056,5
2023100804,2142,0.0,0,80.0500030517578,42.2099990844727,8,3.1384738999106245,0.5056702711311554,-0.15781693971294505,4.44014639398298,0.0,5
2023100804,2167,0.0,0,47.4199981689453,50.5699996948242,23,3.6654754405235854,0.39013002233823413,0.844469413689758,2.146182657650559,0.0,5
2023100804,2271,0.0,0,40.0099983215332,10.25,7,3.9152280532072457,0.29614219797055674,0.5036873445538721,4.550010988997717,0.0,5
2023100804,2296,0.647,1,48.7799987792969,22.9599990844727,5,1.524632620163637,0.11180408127707517,0.20029208414107189,3.980276372313864,0.4469,5
2023100804,2430,0.096,1,69.5500030517578,11.5799999237061,10,2.7995873073545816,0.660075783287124,0.5454743451324894,5.208781047423666,0.0,5
2023100804,2560,0.0,0,85.4899978637695,13.5500001907349,5,6.9817815404596155,0.6511512397410141,0.5041027016494208,5.9887310842948915,0.0,5
2023100804,2585,1.0248,1,80.5699996948242,12.7299995422363,13,0.39408172487964305,1.7728229386702359,-0.07218451683816723,3.7254261501202666,0.3879,5
2023100804,2689,0.0,0,90.4000015258789,31.5200004577637,8,3.1460594709421157,0.7550489154674588,0.3091258877317943,4.420961433896483,0.0,5
2023100804,2986,0.0,0,83.0199966430664,47.2200012207031,9,5.623092547683821,0.7138596795607698,-0.12271041129802823,4.952191434102683,0.0,5
2023100804,3128,0.5922,1,50.1599998474121,35.1300010681152,8,1.425797573751165,0.2816014893513396,0.5088778702697909,0.772010362624753,0.2442,5
2023100804,3205,0.2334,1,63.9900016784668,22.0200004577637,6,2.372004010820107,0.9102208517191663,0.013967343818435266,2.0263267258761575,0.0,5
2023100804,3309,0.0,0,42.2000007629395,20.0300006866455,6,3.674630253467164,2.2649072054621184,0.007752850362703977,3.4998571399415654,0.0,5
2023100804,3337,0.6477,1,19.8199996948242,25.9099998474121,14,1.4179564597866672,1.3072873434575847,-0.1556683851428795,1.4996666296213992,0.0,5
2023100804,3467,0.0,0,43.2299995422363,32.3499984741211,11,4.700235365473462,1.370036942479108,-0.10401919263054744,5.143277165387846,0.0,5
2023100804,3492,0.0,0,44.8400001525879,13.0,9,3.055650354265747,0.5800860768604962,0.6193871777257328,3.0224824234393832,0.0,5
2023100804,3578,0.0,0,94.8399963378906,9.22000026702881,7,5.362470809467076,0.8988860208639716,0.5588776295864248,7.607634323493736,0.0,5
2023100804,3603,0.0,0,81.7900009155273,14.6000003814697,7,5.607469149133535,1.4383680691437768,-0.19406139787469295,4.082597212559664,0.0,5
2023100804,3677,0.0,0,69.3000030517578,16.6599998474121,12,6.042000631232764,2.1414038928547505,-0.6866978153691892,4.726192971092066,0.0,5
2023100804,3702,0.7915,2,60.6199989318848,29.2000007629395,9,0.787145579193252,0.4909163956036258,-0.12152564330528942,1.1806777714516352,0.1243,5
2023100804,3727,0.0,0,57.9099998474121,13.8800001144409,9,4.5783947276158345,2.3072277301090023,0.06679819778009005,5.781323377912703,0.0,5
2023100804,3825,0.0,0,49.5400009155273,30.5300006866455,8,4.217226373268029,1.5973099998234361,0.5287530583612043,3.2810059433045837,0.0,5
2023100804,3850,0.7795,1,32.5400009155273,11.1899995803833,8,1.180170387639335,0.4301161400743067,0.2622414321467496,4.332631994527116,0.3586,5
2023100804,4007,0.0,0,29.7700004577637,10.2200002670288,8,4.426341208181027,2.363260306434866,-0.362042427845286,5.988397114420517,0.0,5
2023100805,84,0.6394,1,82.6800003051758,21.2199993133545,7,1.6812204727928384,0.20396094513225116,-0.36150556126418776,4.9105702316533435,0.3042,5
2023100805,109,0.5657,1,72.4499969482422,45.9300003051758,12,1.788853290172085,0.6661058040192374,0.10684544548276204,2.817605366264056,0.0,5
2023100805,180,0.0,0,37.7099990844727,11.0799999237061,15,4.898407176628279,0.76609446504395,0.039998840541029985,3.971347378409497,0.0,5
2023100805,247,0.3432,1,30.2299995422363,17.0799999237061,16,2.032461375189835,1.6285574018501539,-0.4996018139220108,5.022917478916011,0.0,5
2023100805,377,0.0,0,41.060001373291,10.7600002288818,14,5.521567973506196,4.581092783063674,0.5382554202603856,1.108602724153247,0.0,5
2023100805,400,0.5372,1,50.3800010681152,40.6500015258789,20,1.5792732353933687,3.190753754920515,0.7788865650188164,1.395600229292042,0.0,5
2023100805,471,0.0,0,50.4700012207031,42.1599998474121,6,7.559558076809216,1.225764687538124,-0.5163847383579916,9.16105889076148,0.0,5
2023100805,525,0.0,0,43.2599983215332,24.7399997711182,7,7.403571770046304,0.9002778654328262,-0.4761866803026294,7.1772209106310765,0.0,5
2023100805,600,0.1398,1,38.9900016784668,27.2000007629395,8,2.5805633751910926,2.960576029222736,-0.19095529670970987,3.1797012438277874,0.4676,5
2023100805,748,0.422,1,56.6300010681152,44.4000015258789,20,1.734011434304997,0.5852364608355484,0.7448619315470713,3.237838785362851,0.0,5
2023100805,901,0.1136,1,73.5199966430664,44.1399993896484,9,2.670321099909694,1.3917644449673896,-0.48517057957280013,1.8280043763623735,0.0,5
2023100805,997,0.0,0,73.6500015258789,49.8499984741211,8,3.663988715275848,1.7613936524472897,-0.07352660167797462,4.890480548984949,0.0,5
2023100805,1052,0.1677,1,50.3699989318848,30.0100002288818,15,2.4968970092264597,0.03999977113246126,-0.6768407071506068,7.82951467205982,0.0,5
2023100805,1099,0.0,0,21.7999992370605,14.0200004577637,18,3.756167441376473,2.4318300691767507,-0.839805539805368,2.0640009689920213,0.0,5
2023100805,1266,0.0389,1,87.120002746582,40.6300010681152,9,2.8832094762892053,1.9250982656810238,0.010597405663316196,1.465127980757998,0.0,5
2023100805,1311,0.4556,1,73.5299987792969,49.7299995422363,18,1.6330633573002749,1.4080117436705857,-0.7379055133462011,1.0278618584226191,0.1839,5
2023100805,1353,0.0,0,47.5800018310547,11.3100004196167,9,21.0626309223578,1.1054865536623366,-0.5311366490108799,24.3009073904659,0.0,5
2023100805,1476,0.3938,1,118.180000305176,30.75,11,2.0974509385092968,0.6419500587504396,0.013220460088984426,3.7129503093900955,0.0,5
2023100805,1584,0.2811,1,75.4400024414062,44.3600006103516,9,2.4420096879259514,0.7071092843721758,-0.25607242452048534,5.886875232243342,0.0,5
2023100805,1721,0.5751,1,47.439998626709,51.8400001525879,22,1.2747535617005972,1.808782741037304,-0.7889795657420196,0.784091831356501,0.0,5
2023100805,1845,0.0,0,47.6100006103516,4.51999998092651,11,5.110791900062933,2.41014475043478,-0.28110552027480196,1.4358969322343438,0.0,5
2023100805,1948,0.4589,1,67.5199966430664,3.02999997138977,10,1.9312707236481892,0.9867149173963837,-0.1618110432323896,3.624155073944822,0.0,5
2023100805,2053,0.0,0,78.8499984741211,51.810001373291,16,4.329803649820651,0.7454512019649933,-0.5459780968572234,2.545682619652346,0.0,5
2023100805,2095,0.0,0,67.6500015258789,33.0200004577637,10,3.5997346856582766,0.9616659776862356,-0.05184058925712076,4.701116888570201,0.0,5
2023100805,2226,0.0,0,57.0200004577637,21.6100006103516,8,5.421375008747746,1.8915609205270691,-0.31554281533797424,8.227812589017809,0.0,5
2023100805,2379,0.1397,1,84.3899993896484,7.55000019073486,11,2.581026635358862,2.289650762322432,-0.5669157680189945,5.475216890681127,0.0,5
2023100805,2452,0.0,0,80.2799987792969,14.710000038147,8,4.557028682107136,1.9301825335271598,-0.03817817244523227,5.481505267716151,0.0,5
2023100805,2586,0.0,0,69.0199966430664,12.75,15,5.649635207562249,0.7080227207561696,0.19429060613642152,4.3077720459652875,0.0,5
2023100805,2633,0.2003,1,50.9099998474121,4.42000007629395,14,2.3992081165432135,1.7944914987468528,-0.44631243184470676,1.0220078277586722,0.0,5
2023100805,2735,0.2503,1,29.3099994659424,3.22000002861023,14,2.4368013034350464,0.7863846561372462,-0.2516744904959392,4.9403643590326425,0.0,5
2023100805,2836,0.1933,1,79.2300033569336,20.25,6,2.588167772897572,0.8935900377291841,0.6018398844031823,1.1428035701729276,0.0595,5
2023100805,2864,0.4103,1,65.4499969482422,27.5699996948242,11,1.8386140081476037,1.0107915846973194,-0.383036536827734,4.70159547387905,0.0,5
2023100805,3057,0.6877,1,40.6199989318848,19.7900009155273,9,1.1783476261501145,0.8600594806073316,-0.45081383700952,3.3134423187977804,0.0,5
2023100805,3179,0.8892,1,76.879997253418,19.9300003051758,14,0.33241812939694537,10.437592868926691,0.1752138363997307,2.0227209397245116,0.0,5
2023100805,3222,0.0479,1,83.9599990844727,37.8800010681152,13,2.8961367605808945,1.2589670494569358,-0.4038562754728501,3.8951251584512665,0.0,5
2023100805,3271,0.0,0,83.1999969482422,43.6699981689453,8,6.541202613314346,0.39925281167431026,-0.4875729384799267,8.560338778342832,0.0,5
2023100805,3338,0.0,0,32.7200012207031,44.0200004577637,6,9.629341868790998,0.24698050183736475,-0.2143677535364489,9.63954874462493,0.0,5
2023100805,3510,0.0,0,62.0200004577637,50.75,18,6.257316101761504,3.5107980200272335,0.7023085794851486,2.997665758552812,0.0,5
2023100805,3646,0.0,0,91.4499969482422,45.6599998474121,10,6.383178079867546,0.9650876383985207,-0.0181109669491656,10.15657422559398,0.0,5
2023100805,3691,0.8577,1,38.4900016784668,46.1300010681152,11,1.0259137281784685,0.22671512909333294,0.27162160148944325,3.062760193028507,0.0,5
2023100805,3749,0.0,0,37.4900016784668,19.1200008392334,7,5.582902660343603,0.3612462343906615,-0.28757158757327517,4.993125273813987,0.0,5
2023100805,3774,0.0,0,68.879997253418,12.3500003814697,20,5.311795434954727,5.206032264800767,0.1087723777315649,3.807637062536291,0.0,5
2023100805,3863,0.359,1,12.1499996185303,1.76999998092651,25,2.3336240777572814,0.7049116766504642,0.7549986271451384,1.6323296235748443,0.0,5
2023100805,3974,1.2334,2,51.4500007629395,25.1100006103516,13,1.3418275367224695,2.0158611303367278,-0.24496095208072938,3.191755003129156,0.0,5
2023100805,4019,0.0,0,33.5200004577637,11.0600004196167,7,14.44651454896206,0.9935787674312425,0.08312670309494515,13.888945244330108,0.0,5
2023100805,4226,0.4156,1,65.0800018310547,20.2700004577637,26,2.2125339835630884,3.9094774034541855,0.6906454091411242,0.9394147114027962,0.0,5
2023100805,4271,0.4429,1,33.6500015258789,50.1300010681152,11,1.671405552521453,0.37536467457594574,-0.5742317388918952,2.2610838109190063,0.0,5
2023100805,4313,0.4767,1,34.9799995422363,11.0299997329712,7,1.570000023325648,1.4120905146563225,-0.07191351549278585,0.6906518659932809,0.1013,5
2023100806,54,0.0,0,41.6599998474121,7.36999988555908,7,3.019751834651876,0.9646244610998623,0.43239782642279523,2.5015395259719586,0.0,5
2023100806,133,0.0921,1,91.1500015258789,28.3099994659424,12,2.723562334939305,1.3104594308812039,-0.11106219513018822,3.282742755684644,0.0,5
2023100806,156,0.1384,1,81.7699966430664,34.9799995422363,8,2.680015405641238,1.708358404112292,0.429138016084824,1.5829403020960715,0.0,5
2023100806,179,0.0,0,82.3000030517578,25.1299991607666,9,4.384200681869667,3.121952272363528,-0.3078373753805717,1.7768792868397008,0.0,5
2023100806,273,0.0,0,98.8300018310547,5.3899998664856,9,3.5341211240273998,0.6640045540001043,0.2721749140104599,2.318210516756399,0.0,5
2023100806,425,0.0103,1,63.5099983215332,22.9799995422363,8,2.9743558944860062,0.5557875178677952,0.18292278922449282,1.698499337650739,0.0,5
2023100806,450,0.0,0,72.629997253418,40.6300010681152,10,3.740123073981525,2.8712386666248224,0.03360401328672794,1.4434680460612879,0.0,5
2023100806,655,0.0,0,70.4000015258789,0.28999999165535,14,3.86215089415051,3.6391769934499876,-0.41819657341671707,0.9419129471453295,0.0,5
2023100806,713,0.0,0,44.189998626709,31.2099990844727,6,5.274126471197143,0.6800751072432742,-0.12254952285101935,5.476093498106106,0.0,5
2023100806,745,0.0,0,44.5900001525879,17.0499992370605,7,5.356155017914267,0.44721358185276094,-0.09356236613560712,8.493444530930898,0.0,5
2023100806,814,0.5569,1,74.9499969482422,33.7000007629395,9,2.040833608064606,0.5408350189384253,0.5697092337886694,1.8621492958407007,0.0743,5
2023100806,930,0.0,0,30.0400009155273,4.44999980926514,11,3.463019844445636,0.3894875950544373,0.08396392880785303,7.550821147398474,0.0,5
2023100806,960,0.6847,1,20.7999992370605,17.9899997711182,8,1.5339488686966174,0.68883949986051,0.5068681755499097,1.7840403582878934,0.071,5
2023100806,1036,0.5511,1,6.61999988555908,31.3099994659424,8,1.3465879518021806,1.8580904268448708,-0.46992017075543363,1.9630843079195543,0.0771,5
2023100806,1059,0.415,1,3.5,17.5499992370605,10,2.1684318607278223,0.36496499925902715,0.4796262873135794,2.0642189806316575,0.0,5
2023100806,1143,0.7804,1,24.75,24.7199993133545,7,0.9235805635863834,0.9308602527996129,0.31297940653372053,2.095709903588756,0.7727,5
2023100806,1166,0.8944,1,38.9099998474121,1.46000003814697,16,0.7424284220401701,0.1941649334002733,-0.25419167016155525,1.142322196230118,1.0666,5
2023100806,1203,0.0,0,48.5400009155273,50.5999984741211,11,3.535942601597289,1.779465273570712e-06,-0.43801396207886695,4.343731115066861,0.0,5
2023100806,1255,0.2582,1,71.3099975585938,53.5800018310547,15,2.2874026698704406,1.7777538537878999,-0.044199164393676646,0.7224956747275368,0.725,5
2023100806,1300,0.0,0,62.7700004577637,39.9300003051758,7,9.834977931127321,0.8335463977297562,0.005476834842709747,9.751481938659374,0.0,5
2023100806,1348,0.09,1,70.8000030517578,7.21000003814697,11,2.729979339076,0.8695385970058503,-0.4406708737566247,6.916559838532447,0.0,5
2023100806,1464,0.3616,1,79.2799987792969,45.2599983215332,15,1.915096098479299,0.5457097602759111,-0.3511535631875854,2.049780476051031,0.0,5
2023100806,1582,0.6509,1,68.9499969482422,20.4599990844727,8,1.4358975464587505,0.6003324274497445,0.45825018908042264,1.0542295765154797,0.0,5
2023100806,1629,0.8037,1,90.7699966430664,50.8199996948242,8,0.5889845719024589,0.43909138585097857,0.33130383103012895,0.6596969000988254,0.2505,5
2023100806,1743,0.0457,1,74.7300033569336,16.9400005340576,10,2.890849793573391,0.15297045078321167,-0.6958692905220115,3.272002444986867,0.0,5
2023100806,1768,0.2372,1,66.6500015258789,37.5099983215332,10,2.338481377039805,2.033348971115196,-0.2199140494657361,3.811154680670938,0.0,5
2023100806,1813,0.4383,1,67.6399993896484,14.1300001144409,11,2.2231507159514385,0.7119687007499286,0.6104970651732785,1.448447444679998,0.0,5
2023100806,1892,0.0,0,45.25,14.6099996566772,16,3.3090480075050026,0.42426402015889025,0.1369974334005651,9.711488042519536,0.0,5
2023100806,1924,0.1579,1,38.1699981689453,31.9200000762939,9,2.722737080153848,1.7961067319909974,0.6268041883202345,2.940017006753533,0.0,5
2023100806,1977,0.5258,1,34.6599998474121,28.4200000762939,8,1.4227085136353756,0.37947315033636936,-0.26114346595653365,3.066202863477887,0.0138,5
2023100806,2009,0.0,0,10.3599996566772,50.9900016784668,22,7.068134411950732,8.923284635666464,0.44614651906843755,2.447611080216788,0.0,5
2023100806,2112,0.5189,1,77.120002746582,34.9099998474121,8,1.522007730514456,0.6312707516180086,-0.28000042203911923,3.9245127086047202,0.0,5
2023100806,2208,0.0,0,52.5099983215332,8.60999965667725,15,5.3207997322587595,0.8469373323948779,-0.16087541705059466,1.6191355718407294,0.0,5
2023100806,2238,1.353,1,86.9300003051758,48.7400016784668,24,0.6660344938698068,0.09219373987345851,-0.5239010327182154,1.2083045973594584,0.0,5
2023100806,2324,0.4286,1,94.5400009155273,30.8999996185303,6,1.9424986135512257,1.1704705490328533,0.11817070383210762,1.3998928530426935,0.0198,5
2023100806,2431,0.0,0,79.9499969482422,8.4399995803833,9,6.581486133190902,2.432322109419959,-0.7202214313968905,6.317349127600912,0.0,5
2023100806,2503,0.268,1,71.4400024414062,9.96000003814697,8,2.44075983333083,1.5060225782507217,0.25022786718464585,3.7604919890886634,0.0,5
2023100806,2551,1.0704,1,52.0099983215332,5.63000011444092,20,0.8798285538398944,0.23323957394784064,-0.7894975600188263,1.5838244852255554,0.0,5
2023100806,2718,0.2571,1,93.6800003051758,5.15000009536743,23,2.533081373191551,1.2800393766069107,0.6060584469832635,2.4254690268069843,0.0,5
2023100806,2831,0.0,0,65.629997253418,7.76000022888184,15,3.476738548694978,2.0972341550437177,-0.7104213574567675,8.292653375126685,0.0,5
2023100806,2887,0.2231,1,47.9099998474121,1.86000001430511,15,2.3307722519922534,1.4601368649881359,-0.7020136093033391,0.9948869282486347,0.0,5
2023100806,3198,0.0072,1,52.0099983215332,40.8699989318848,7,2.984292256911568,0.6356898343970364,0.1485381001131075,1.4499655168313494,0.0,5
2023100806,3254,0.0,0,55.5999984741211,6.94999980926514,9,7.845930417760089,0.3733645806437231,-0.3067030520383911,8.51936617360705,0.0,5
2023100806,3356,0.5828,1,116.959999084473,48.2099990844727,19,1.2517199153897844,1.5519355099054157,-0.7299007334727162,1.1723907198540906,0.565,5
2023100806,3379,0.0,0,118.650001525879,39.3300018310547,12,3.883105140978675,7.799470305235049,0.2832666245893734,1.5368148880070107,0.0,5
2023100806,3445,0.3719,1,44.2999992370605,30.25,25,2.340769867064564,1.1646895005498734,0.9139607458674364,4.562455479234837,0.1347,5
2023100806,3468,0.0,0,80.7300033569336,24.8799991607666,7,5.164749163495354,0.912854335607207,0.2334158876914052,6.332969287782787,0.0,5
2023100806,3672,0.5957,1,34.2599983215332,20.1700000762939,7,1.4848921642269974,0.4837362314113035,-0.122014616105728,4.240106130747196,0.0957,5
2023100806,3707,0.067,1,40.5499992370605,10.8299999237061,11,2.7989287926768642,0.3623539618623521,-0.168642576128054,5.647530433738273,0.0,5
2023100806,3732,0.7736,1,42.810001373291,21.4699993133545,5,1.1292903177245848,1.0667692963193909,0.10997049881463267,0.5939696961966998,0.7874,5
2023100806,3755,0.0,0,37.3899993896484,11.5600004196167,8,13.794854703264594,1.0113857462042257,-0.5800248115482605,15.6804751203527,0.0,5
2023100806,3780,0.7439,1,66.0599975585938,51.689998626709,17,0.7684418685113503,0.4500024414082937,-0.7879189284083911,1.180720119249269,0.1244,5
2023100806,3844,0.5226,1,97.25,1.53999996185303,22,2.0902870738530046,0.5948109116344172,0.8000209388371031,1.287361643051398,0.0,5
2023100806,3899,0.0,0,66.0599975585938,1.14999997615814,19,6.685961414449099,0.9625990131063691,-0.26742888594476494,2.630475242232865,0.0,5
2023100806,4088,0.0,0,80.0899963378906,47.5699996948242,11,8.013191950731677,1.8166461854336713,-0.2870547078486929,16.4300760801647,0.0,5
2023100806,4149,0.0,0,91.9000015258789,35.9500007629395,9,14.834016634058182,0.7378355384102554,-0.11805762910600487,14.128793295961254,0.0,5
2023100806,4174,0.486,2,61.4599990844727,28.3500003814697,15,1.7253982486710588,1.9286515971886975,-0.35839473364422064,2.4988397307550505,0.0,5
2023100807,97,0.507,1,75.0800018310547,29.25,11,1.578766697353146,1.7318505522858028,-0.5157829913123484,4.397203656871034,0.0,5
2023100807,162,0.0,0,48.7400016784668,38.0400009155273,7,4.262874783772461,1.7240920745276394,-0.3830196123606825,3.6508903023783073,0.0,5
2023100807,187,0.0,0,62.0299987792969,50.1100006103516,11,3.4658634368357144,0.2816035538221725,-0.4889668311098491,3.5350388965328285,0.0,5
2023100807,234,0.0,0,74.7600021362305,29.75,8,4.134648404839929,2.112484613307168,-0.04486529351518484,5.59914279153514,0.0,5
2023100807,286,0.0,0,83.9700012207031,21.7199993133545,8,4.532902266783061,1.7281769066966086,-0.17683456817642385,4.3318010111268865,0.0,5
2023100807,380,0.0,0,101.040000915527,36.1199989318848,8,4.651719122964694,0.5203855053906733,-0.6899489123582963,5.632166545832967,0.0,5
2023100807,405,0.4983,2,117.069999694824,40.939998626709,14,1.7980550939759936,0.5700874903962617,0.10064545288069457,2.6764155133312193,0.0,5
2023100807,491,0.0,0,49.8199996948242,3.46000003814697,26,3.7454241243804045,1.7000002602970175,0.7872448894916391,1.1280514172678455,0.0,5
2023100807,594,0.0,0,68.8499984741211,14.710000038147,8,4.085891837699244,0.4100014802887851,-0.4439347542986708,6.340764938081213,0.0,5
2023100807,644,0.0,0,90.2799987792969,17.3600006103516,7,10.432762134585312,0.5100992382977998,-0.08187650855029502,8.06013027190008,0.0,5
2023100807,674,0.5105,1,109.690002441406,47.1199989318848,12,1.4683978477877575,1.762326649036233,-0.6436770794663415,2.3119256043393683,0.0,5
2023100807,709,0.6404,1,105.569999694824,45.0299987792969,10,1.5811380001411415,0.6899987792969675,0.49682234911550904,1.0688779163216013,0.0,5
2023100807,810,0.0,0,81.5299987792969,50.5200004577637,7,10.101563396655145,0.39559950904839153,-0.2651513655643035,9.832400520727376,0.0,5
2023100807,904,0.0,0,52.4700012207031,35.0400009155273,6,6.945450223606583,1.1264530898901814,-0.4989031798818076,5.445071165742463,0.0,5
2023100807,956,0.0,0,77.0,20.3899993896484,6,6.581527517816369,1.1738823016825313,-0.26074432921100704,6.448953403460133,0.0,5
2023100807,1026,0.849,1,104.199996948242,7.36999988555908,20,1.246512941654191,0.6239401181736443,-0.5355277479525788,1.390575420464495,0.0,5
2023100807,1197,0.0,0,86.1399993896484,3.02999997138977,22,3.193633765806054,3.5507880585356686,0.5504254075430512,1.1229425630903858,0.0,5
2023100807,1249,0.0,0,100.069999694824,28.1200008392334,7,7.013252278332423,0.8600584329676976,-0.08780412039634265,5.69723617203991,0.0,5
2023100807,1296,0.0738,1,109.870002746582,34.8400001525879,7,2.7958885333731796,0.4271977905819446,-0.0693870191008387,3.1190543438677008,0.0,5
2023100807,1382,0.0,0,69.7600021362305,25.8799991607666,10,4.392325124196589,1.0837441710237337,-0.5313649291855183,4.659839053014599,0.0,5
2023100807,1459,0.3546,1,63.1199989318848,45.1199989318848,17,2.078580686793549,1.3148388805251063,-0.21555281663723375,1.2215563842901354,0.0,5
2023100807,1561,0.0,0,77.7399978637695,37.2700004577637,7,4.55974684932843,1.6046473349190102,-0.1886680407461499,2.4495101551126477,0.0,5
2023100807,1640,0.4629,1,46.5299987792969,10.1000003814697,11,1.6112404999854122,0.43680552441992176,-0.5612515439411615,5.354642845232539,0.0,5
2023100807,1665,0.1062,1,44.4199981689453,26.1599998474121,8,2.7485433953099165,1.1243208399196318,-0.006659419776902204,5.019770911107397,0.0,5
2023100807,1690,0.0,0,49.2700004577637,36.8199996948242,8,10.703107565707795,1.1649894746625642,-0.4758769176257648,12.889840961004913,0.0,5
2023100807,1715,0.9493,1,34.2200012207031,30.6700000762939,11,0.7543200663602844,3.216163494253109,-0.193210003996117,5.2096928892210155,0.3923,5
2023100807,1933,0.5765,1,19.1599998474121,16.4799995422363,11,1.5045594127482738,4.090195679775334,0.23078638404146137,3.040148022712052,0.0,5
2023100807,2044,0.933,1,45.560001373291,27.8700008392334,6,0.5326334367961915,3.4260310845513673,0.03146494210064226,2.1582400237230357,0.8195,5
2023100807,2100,0.0,0,71.4300003051758,2.44000005722046,15,3.787241995909106,0.8845904860804672,-0.343507119416102,3.2700152904841246,0.0,5
2023100807,2125,0.6394,1,60.1599998474121,47.8499984741211,14,1.0816640283909085,1.4996666082551338,0.5096297997740169,1.1463420083029365,0.0,5
2023100807,2165,0.0,0,67.1900024414062,24.7000007629395,6,5.793964312000647,0.5375884482837648,0.18414579144404,4.788068504104758,0.0,5
2023100807,2309,0.0,0,80.5400009155273,33.2200012207031,7,4.187793273312562,1.4727185269498795,-0.16275161539148048,2.801303268123613,0.0,5
2023100807,2356,0.3656,1,23.2600002288818,38.560001373291,29,2.3667704498034023,0.32449834518429976,0.03863454863715792,6.72339943778443,0.0,5
2023100807,2442,0.3207,2,43.8600006103516,30.2299995422363,7,2.2856064246750836,0.4604339874375698,-0.21343752323654747,3.1261797773000866,0.0,5
2023100807,2536,0.0,0,62.4700012207031,1.62999999523163,11,4.545876194740097,0.6328496541748821,0.25731848659933865,4.137692593704863,0.0,5
2023100807,2588,0.0,0,68.5400009155273,12.5500001907349,9,13.601470019609508,0.24738717946933372,0.24557335898123547,10.496461308460109,0.0,5
2023100807,2723,0.0,0,91.4499969482422,18.4400005340576,7,11.089252963691226,1.5239758183552032,-0.632253537498114,12.28667977933827,0.0,5
2023100807,2748,0.0,0,78.2900009155273,38.1399993896484,9,4.059409898991268,0.9704648978304605,-0.11061956112538965,4.648117898676832,0.0,5
2023100807,2847,0.4688,1,58.3300018310547,18.3199996948242,6,1.965631514546938,2.0588355615814353,-0.42172633232253876,1.1618089343777662,0.3793,5
2023100807,2882,0.0,0,47.8800010681152,38.7700004577637,10,3.7548098450730363,0.6020807806937887,-0.49663206568432744,2.290087334579185,0.0,5
2023100807,2905,0.6267,1,42.25,15.8299999237061,11,1.1200446426486215,1.969771485993091,-0.22933780289886088,2.0518284528683255,0.0,5
2023100807,3008,0.0,0,89.2200012207031,10.6899995803833,10,6.439913306452567,2.6925814104305537,-0.5808008280906962,7.570660473168772,0.0,5
2023100807,3272,0.0,0,70.8099975585938,52.2599983215332,16,4.983543932051671,0.4805225897262705,-0.4169810161706503,3.0900647242412274,0.0,5
2023100807,3344,0.0,0,85.879997253418,49.4599990844727,14,3.471976128563227,1.612454161475542,-0.6444621967327667,4.738280278750934,0.0,5
2023100807,3412,0.0,0,81.0,39.189998626709,8,3.940076765290709,0.9617686176535767,-0.3784641017008533,3.9634959316240113,0.0,5
2023100807,3437,0.8582,1,90.1999969482422,39.5400009155273,8,1.091102233185329,1.7473428837324672,-0.1982800382062221,1.3513326755466264,0.4099,5
2023100807,3845,0.0962,1,85.4100036621094,3.75999999046326,8,2.745363364048924,0.9904074733976234,0.04399892797735215,3.6913412196652966,0.0,5
2023100807,3875,0.0,0,82.6600036621094,33.6399993896484,7,8.843040432279407,0.7560448617784497,0.42401087923025743,9.978877692406098,0.0,5
2023100807,3900,1.0146,1,66.0100021362305,47.0999984741211,13,1.0012465954398577,0.40050110519297105,-0.41994968160953017,1.479898645178105,0.0,5
2023100807,3959,0.0,0,61.2400016784668,45.9900016784668,11,11.263035454049051,0.9454086146931951,-0.06919806758503083,8.10255515254293,0.0,5
2023100807,4033,0.4545,1,97.7200012207031,22.6599998474121,7,1.9361036574621069,0.527730572827319,-0.07605564995567664,3.1405891167104247,0.1486,5
2023100807,4056,0.7519,1,88.0699996948242,47.7299995422363,14,0.7443121849482588,1.4832732702089981,-0.5851269142091933,5.3815704027727795,0.0,5
2023100807,4081,0.0,0,83.3000030517578,28.8299999237061,6,11.895636094392753,1.55158288524247,-0.4128388794679948,11.832856797916557,0.0,5
2023100807,4129,0.6633,1,64.4700012207031,37.3800010681152,9,1.041009615368529,1.4903031817757608,-0.17847529310201182,1.666883319251832,0.0,5
2023100807,4152,0.5581,1,61.2099990844727,7.01999998092651,16,1.3257441720451384,1.1604302708341907,-0.31118276220967994,4.47004474250538,0.0,5
2023100807,4175,0.5276,1,52.9799995422363,15.3299999237061,11,1.5533193611096276,0.9581749384358893,-0.14895096642754957,5.556725654555927,0.0,5
2023100807,4264,0.0,0,74.5599975585938,12.1800003051758,9,6.941731284596387,0.25297999319948666,-0.10009020256358607,9.605664995199444,0.0,5
2023100808,80,0.0,0,78.620002746582,39.2700004577637,8,8.181255221885152,1.4270625578274387,-0.26153295752027284,4.485398533017999,0.0,5
2023100808,157,0.3641,1,37.2700004577637,38.5499992370605,12,1.9078004732872342,1.3822090413925623,-0.18401319898344246,1.5697452022541771,0.0,5
2023100808,182,0.0,0,33.8699989318848,49.2700004577637,6,3.058120421050343,0.5462592180477904,-0.015675412276462804,3.8612044752900636,0.0,5
2023100808,328,0.0,0,6.73999977111816,34.8800010681152,9,3.33865315607153,1.9160370993002114,-0.4577150988328493,2.2517770760001974,0.0,5
2023100808,392,0.3869,1,36.7999992370605,8.31999969482422,9,2.24662031735284,0.9786727715009826,0.6184901218965471,4.2261211530196325,0.0,5
2023100808,415,0.9565,1,40.560001373291,12.8199996948242,10,0.5069530798534202,0.3006663234203311,-0.21852828636755187,0.6293647591023804,0.1724,5
2023100808,440,0.0,0,46.75,34.3699989318848,8,4.7742860855151585,1.262458486951356,-0.3438429105297205,4.203724539024888,0.0,5
2023100808,465,0.3227,1,63.4900016784668,28.6499996185303,8,2.203360048826296,0.8335449973314077,0.00459378013991571,1.457154761856127,0.0,5
2023100808,490,0.8389,1,75.9700012207031,32.3499984741211,10,0.4833235816449482,0.9234733363413625,0.3989774300742587,3.6405082062811016,0.0,5
2023100808,546,0.5684,1,76.4499969482422,22.1900005340576,8,1.5563115874241407,0.3052888047112857,0.03959306878053046,2.412902816111748,0.0,5
2023100808,620,0.2567,1,99.1900024414062,27.2099990844727,9,2.449692135523356,1.6096249995471528,0.2528479559961449,0.7316419889536144,0.0,5
2023100808,643,0.5325,1,94.5500030517578,20.7000007629395,9,1.571558904641219,0.1513245353541079,-0.3319005349676719,2.05353354002315,0.0,5
2023100808,715,0.5713,1,110.080001831055,48.310001373291,13,1.476109137990937,1.9372380745345594,-0.6365055692641284,2.7009072549793296,0.0,5
2023100808,801,0.5702,1,83.1900024414062,18.7299995422363,9,1.6065506685645932,0.8429140915036966,-0.08322653266582895,1.8004999305748381,0.0,5
2023100808,826,0.0,0,75.8499984741211,16.6800003051758,8,3.2561320756002066,0.9276304612869976,0.13084116690735137,1.6536021286875489,0.0,5
2023100808,893,0.2178,1,58.6500015258789,42.4700012207031,11,2.3467442384102055,4.354964342990021,-0.2694307596325086,3.7283910739084214,0.407,5
2023100808,938,1.259,1,88.3099975585938,1.5,23,0.4949723299618857,0.27313224033251404,-0.2892173708094872,1.441006592628917,0.0,5
2023100808,984,0.0,0,77.0800018310547,12.4300003051758,14,6.338085150616744,1.9670553718543269,0.382071468730134,5.123846211587538,0.0,5
2023100808,1125,0.0,0,77.25,-1.13999998569489,13,6.188190351286961,3.6721247136300708,0.5453086914410197,2.48243831746129,0.0,5
2023100808,1148,0.2931,1,74.7099990844727,33.8600006103516,9,2.229282566867739,1.0195107606902722,-0.003996487900267479,1.9602295783912587,0.0,5
2023100808,1229,0.0,0,44.0900001525879,5.6399998664856,11,5.818221184651264,1.242336574222356,0.28442562537352073,8.891996401258833,0.0,5
2023100808,1252,0.0,0,41.6800003051758,8.05000019073486,10,13.112512762218026,0.3373423059601482,0.30910860965606385,16.959834904856827,0.0,5
2023100808,1304,0.0,0,62.6599998474121,2.28999996185303,16,3.0340238881186075,1.1954916647282015,-0.35139156518226694,3.751612986436634,0.0,5
2023100808,1354,0.4235,1,60.7599983215332,31.9200000762939,9,1.9126945518329361,1.1387726732306258,-0.19840549057081402,1.2287391912037333,0.0,5
2023100808,1401,0.5454,1,78.2399978637695,48.939998626709,10,1.768672436636281,0.5393533069821407,-0.11536857253525763,2.996681497923991,0.0,5
2023100808,1652,0.9116,1,48.0499992370605,6.65999984741211,19,1.1356942279483548,0.7057613401245535,-0.5248062012785168,1.0089598604503593,0.0,5
2023100808,1741,0.6098,1,11.1000003814697,50.9199981689453,21,1.1706849217610287,1.945586342187944,-0.6860663762950845,1.1682465493208136,0.0,5
2023100808,1867,0.6968,1,58.6100006103516,32.8199996948242,12,1.6620776564983577,0.4242644571376839,0.4576796900573478,0.7561084578286373,0.0517,5
2023100808,2079,0.0,0,89.9599990844727,16.7000007629395,9,4.512780692799082,5.71945728288268,-0.089363260778559,1.2781236246936396,0.0,5
2023100808,2138,0.2535,1,59.8600006103516,13.7200002670288,13,2.469088497857935,0.457930505536449,-0.1681639019114118,1.3694524453225843,0.0,5
2023100808,2303,0.0,0,14.1800003051758,43.3899993896484,10,4.3436962037192846,1.588080967604769,-0.676979352511108,7.879086241436885,0.0,5
2023100808,2333,0.0,0,26.6000003814697,49.9300003051758,12,4.565719756159498,0.41436662990607626,-0.619959418729702,4.086783576359286,0.0,5
2023100808,2370,0.3921,1,55.1800003051758,50.0900001525879,20,2.291724581269901,0.5977457117480627,-0.1950926924421698,3.0172835465033745,0.0,5
2023100808,2417,1.1006,1,87.4899978637695,7.80999994277954,16,0.7300000572235847,1.669013179758113,-0.4103401115262384,5.165365427537533,0.0,5
2023100808,2442,0.4948,1,108.080001831055,2.1800000667572,20,1.5156829716566025,3.1171764122024674,-0.7726741766126866,1.406022759417503,0.035,5
2023100808,2499,0.1754,1,73.6800003051758,24.3299999237061,8,2.4738635641114426,0.6500002523569562,-0.1963790617307625,1.7365770930194855,0.0,5
2023100808,2542,0.7683,1,40.0200004577637,25.4799995422363,11,0.8450444371205783,0.7571000799143465,-0.33248324022813763,2.7080066469637813,0.0,5
2023100808,2805,0.0,0,42.1300010681152,46.310001373291,11,3.300013639942567,2.1967231899901916,-0.42357874189044703,3.5511406618155847,0.0,5
2023100808,2919,0.0,0,62.1800003051758,38.3600006103516,8,3.4179665937493464,0.4070630460835401,0.4363550312639755,5.975156901705602,0.0112,5
2023100808,2942,0.0,0,78.0899963378906,24.2099990844727,11,5.537602155101796,2.0424532123223917,-0.10988549272716505,4.704657267006812,0.0,5
2023100808,3015,0.0,0,25.4799995422363,7.32999992370605,11,4.3747682512211,0.23086799370591732,-0.41352020156407926,4.902509561438917,0.0,5
2023100808,3107,0.4526,1,5.5,51.9599990844727,16,1.642224213136488,1.7341573413537412,-0.40525915699265186,2.3447814397081874,0.0,5
2023100808,3173,0.376,1,40.1199989318848,44.9900016784668,11,1.8721126433832846,0.5500920000327352,-0.3960924985270026,5.237804883727533,0.0,5
2023100808,3242,0.0894,1,67.3899993896484,25.3099994659424,14,2.809786380236747,0.930053221297842,0.10572321298052373,1.5717506163510826,0.0,5
2023100808,3265,0.4106,1,51.1500015258789,20.9699993133545,8,1.8200258416665114,0.48083151003531965,-0.061088928140464724,4.335862082677445,0.0,5
2023100808,3290,0.0,0,76.4400024414062,48.2200012207031,24,4.384623046819677,2.005718363168436,0.49912609783378065,1.1420157617125972,0.0,5
2023100808,3368,0.0,0,55.2700004577637,45.2599983215332,23,4.042090454494158,0.7559096761383782,-0.07030546208016554,6.827276177217383,0.0,5
2023100808,3425,0.0,0,46.5299987792969,34.4500007629395,8,4.50608454005056,1.0822653853191389,-0.37226165993261784,6.471050919286604,0.0,5
2023100808,3652,0.0,0,49.2299995422363,28.3299999237061,11,4.2583683763071,1.190378155929397,0.27538183714894693,3.6977425545865144,0.0,5
2023100808,3687,0.0,0,40.9700012207031,33.4300003051758,9,3.921491631847985,0.9666428949357128,0.13462181355121414,1.9165072397463077,0.0,5
2023100808,3712,0.0,0,85.6800003051758,46.5099983215332,24,3.756620859737711,2.4382163354219437,0.728300753345351,0.7294518489934766,0.0,5
2023100808,4040,0.2055,1,48.2400016784668,-1.20000004768372,28,2.56499506959255,2.018960017898817,0.47128193244366956,1.4317122615944866,0.0,5
2023100808,4063,0.0,0,34.9599990844727,50.1300010681152,20,4.0077555037524855,3.6368398631319114,0.5157615457166155,1.2586500705120514,0.0,5
2023100808,4108,0.3185,1,28.5,24.0499992370605,7,2.2343227164174593,1.7069853478169212,0.013779787528022489,1.988064385275284,0.2091,5
2023100808,4133,0.8618,1,50.0499992370605,1.37000000476837,14,0.7723346248016906,0.3848373065622432,0.26127476480464035,3.401293871455393,0.0,5
2023100809,97,0.0,0,27.5,41.9799995422363,8,12.006106880506598,1.9821455726477986,-0.3515354756053151,11.756138821909174,0.0,5
2023100809,168,0.0,0,95.25,33.2099990844727,7,3.5870888640449436,1.0508100919604777,0.41202410019095975,1.7530829986056002,0.0,5
2023100809,262,0.0,0,103.639999389648,5.67000007629395,12,7.055302614768505,6.792760553567929,0.1922572545410677,1.9112822920751364,0.0,5
2023100809,328,0.0,0,87.1800003051758,6.78000020980835,9,4.836621056798911,1.2559063490559426,-0.032903319264108465,6.997006502783884,0.0,5
2023100809,353,0.0,0,84.1600036621094,4.71999979019165,10,4.212366212255744,0.6706748174660674,-0.025137575370158177,4.431173659427027,0.0,5
2023100809,660,0.0,0,50.6599998474121,39.0900001525879,9,11.623321584249451,1.5001331727992844,-0.6126235853805967,13.825223325501835,0.0,5
2023100809,709,0.0,0,41.4599990844727,20.6200008392334,8,18.447005717382265,1.1260552573059968,-0.42395076349775074,18.940245510552394,0.0,5
2023100809,884,0.018,1,41.0900001525879,16.7600002288818,10,2.9459293900241788,1.402640404838546,-0.1699215711239395,0.9580187889598017,0.0,5
2023100809,994,0.2513,1,21.7700004577637,3.44000005722046,16,2.427199609558555,1.614465473518288,0.27737300028466144,0.7736924453553882,0.0,5
2023100809,1398,0.0,0,-1.9099999666214,8.8100004196167,17,4.868644421765932,4.277873125964122,0.6361934025383368,1.0526157893552612,0.0,5
2023100809,1554,0.0,0,63.1300010681152,7.8899998664856,12,6.9102594202150565,1.9375233389159614,-0.6119071264356478,6.841907628724611,0.0,5
2023100809,1584,0.0,0,62.6800003051758,-1.0,9,20.85655742704242,1.618950245140449,0.5819739136897386,18.055395315528262,0.0,5
2023100809,1629,0.0,0,86.620002746582,9.43000030517578,6,5.827398030859626,2.7202916202185476,-0.3712212588308197,3.0634947364080687,0.0,5
2023100809,1681,0.0,0,100.389999389648,8.26000022888184,9,4.271686453553779,0.7910126311678896,-0.23096604393768322,6.450713138870774,0.0,5
2023100809,1817,0.0,0,80.6999969482422,30.6200008392334,8,3.052209787282215,1.3829285686891069,-0.30573510746395116,2.951135374732917,0.0,5
2023100809,1842,0.2355,2,66.8899993896484,7.5,14,2.651886724248004,0.6013312461351388,-0.2452777616768504,0.9843271813782265,0.0,5
2023100809,1895,0.0552,1,57.439998626709,40.2599983215332,11,2.8342539305825056,1.7645955136135008,0.12569927360492325,2.0366639388961585,0.0,5
2023100809,1920,0.0,0,54.2999992370605,28.4699993133545,6,7.838041846130316,2.4581488943795256,-0.408031142948826,6.861661606345797,0.0,5
2023100809,1999,0.0,0,25.0400009155273,52.2099990844727,15,5.507749377408818,1.5125155220186097,-0.5273706538605671,4.874884614019086,0.0,5
2023100809,2036,0.0,0,18.4599990844727,10.539999961853,11,3.2938873635302346,0.8572627833261566,-0.6665737651747881,6.897137087226844,0.0,5
2023100809,2119,0.0901,1,78.9800033569336,5.21999979019165,11,2.729765094811398,1.3013863519076425,0.05354810959894583,7.503225972873268,0.0,5
2023100809,2344,0.6811,1,70.6900024414062,51.3699989318848,10,1.3803285124835682,1.3074046661483603,0.17201414380748614,3.7359068510871585,0.0,5
2023100809,2460,0.0,0,71.5,29.7099990844727,7,5.140436825132188,0.934718386421797,0.23275195383692418,2.2737853900489338,0.0,5
2023100809,2529,0.0,0,94.6699981689453,45.6599998474121,11,5.315206390421905,1.8721124167972591,-0.8116615905230885,4.043167075449646,0.0,5
2023100809,2840,0.4031,2,62.5900001525879,25.7000007629395,6,2.2407590152348225,0.284254009290109,0.23314845607498066,4.6833428232406815,0.0227,5
2023100809,3128,0.841,1,14.3800001144409,19.8299999237061,7,0.8009992938664219,0.4110959631274866,0.20919895028463054,3.845022756759703,0.4005,5
2023100809,3216,1.0001,1,31.8099994659424,42.5999984741211,9,1.1067967516125221,0.0921968430920755,-0.24726939653288066,2.675256997000471,0.3518,5
2023100809,3324,0.2292,1,56.5099983215332,9.27999973297119,20,2.5164476034899,1.0004482290908547,-0.34627567414297566,1.9795201438732564,0.0,5
2023100809,3517,0.0,0,50.2599983215332,43.9799995422363,15,6.454038142396479,0.506951662188779,0.4013590402094348,4.4481456810675555,0.0,5
2023100809,3580,0.0,0,75.7699966430664,12.7600002288818,9,3.247801929797225,0.5131303526399562,0.3466558741325919,4.3001046498893505,0.0,5
2023100809,3627,0.0,0,110.050003051758,8.34000015258789,13,3.5396737201576647,0.30414034406235246,-0.13388678241450777,5.965852830903562,0.0,5
2023100809,3764,0.0,0,65.7600021362305,36.0499992370605,12,4.69938221446577,0.47707662457731714,-0.5066390872769745,2.5428330656966023,0.0,5
2023100809,3840,0.8397,1,20.2600002288818,46.560001373291,16,0.4809352013625828,0.3573507272110903,0.4619888534434911,1.5326447729333788,0.4112,5
2023100809,3874,0.0,0,10.8299999237061,6.71000003814697,11,13.336326401906643,2.354676262700233,-0.06529555070554807,11.383430941504411,0.0,5
2023100809,3904,0.0,0,30.6200008392334,21.0400009155273,8,5.458691543884671,3.6187563263571314,-0.3618723792398393,3.341496670655234,0.0,5
2023100809,3929,0.0,0,33.7099990844727,30.4799995422363,7,10.737784630374673,1.4832744223797276,-0.3471185217343547,10.601207478396029,0.0,5
2023100809,3981,0.0,0,42.2700004577637,17.6499996185303,10,3.0842335881337384,2.322627227879101,-0.5300310808294683,1.777301325043113,0.0,5
2023100809,4095,0.0,0,45.4300003051758,31.5499992370605,9,6.484081256995144,1.2210233405006754,0.37849843498918,3.895754099016,0.0,5
2023100809,4120,0.0,0,78.0199966430664,35.8300018310547,14,5.782605644479424,6.2841117101278625,0.3938532704328358,1.3781872151489398,0.0,5
2023100809,4157,0.0,0,49.6300010681152,32.2900009155273,5,11.408000809416777,0.36796755158646227,0.42400317752298067,12.939629051870076,0.0,5
2023100810,55,0.0,0,32.7299995422363,11.8000001907349,9,3.9195028644741012,0.9368030180964133,0.43852826382972404,5.9160882346361285,0.0,5
2023100810,165,0.0,0,39.25,33.4799995422363,7,5.367532183369031,1.167604514432968,-0.04213420573467594,4.887504475701273,0.0,5
2023100810,190,0.0403,1,36.9799995422363,14.6899995803833,9,2.879027249778735,1.137188913586239,-0.31198813944124765,1.39230025497376,0.0,5
2023100810,215,0.7216,1,10.6499996185303,48.0400009155273,19,0.8352835761883403,1.021811124993154,-0.764997022673331,2.055650748546554,0.0,5
2023100810,238,0.0,0,23.3700008392334,37.3199996948242,8,4.00655754101557,2.1965886926006872,0.41930490482640603,4.2511763077999944,0.0,5
2023100810,411,0.0,0,43.5099983215332,20.1299991607666,9,4.024922359500059,3.0715632565905135,0.31063472782931173,1.5825612152457118,0.0,5
2023100810,467,0.392,1,59.5800018310547,14.7700004577637,11,1.9425761612708163,1.0822679386338852,0.4682535229795519,2.418780684559891,0.0,5
2023100810,539,0.7267,1,71.0500030517578,14.039999961853,9,1.1986645668341402,0.663701380448454,0.22732083595237892,1.857444481000719,0.0,5
2023100810,575,0.0,0,67.6399993896484,19.5900001525879,9,4.325009266044175,1.5976551258784415,-0.016624359548263013,4.978373228274482,0.0,5
2023100810,678,0.5566,2,97.8399963378906,36.9500007629395,11,2.334205828932136,0.708023865129646,0.42586108790397526,3.731005226477174,0.0,5
2023100810,791,0.0,0,72.1999969482422,15.3400001525879,9,3.074703254090919,0.17804724353997436,0.44374735373309143,7.13148652105576,0.0,5
2023100810,846,0.8722,1,60.1100006103516,5.28999996185303,15,1.3591536673824343,0.4701057615396876,0.6296867236311561,1.1543396380615207,0.0,5
2023100810,985,0.0,0,89.2799987792969,46.7799987792969,9,4.712389188642746,0.3962308379671272,-0.13400145789918252,6.473090452017489,0.0,5
2023100810,1076,0.0171,1,71.7200012207031,18.7700004577637,10,2.9487803269948003,0.8417246688155058,0.1964469784197581,4.160697056984561,0.0,5
2023100810,1192,0.0,0,46.6300010681152,15.5200004577637,8,5.448248534820089,1.4142144773307885,-0.6296649294332569,8.511850562598008,0.0,5
2023100810,1343,0.0,0,29.4699993133545,42.2400016784668,8,3.143502681158168,1.1021793208794999,-0.11334816848259514,2.7215069355046673,0.0,5
2023100810,1368,0.2885,1,7.32000017166138,29.0,11,2.252043585817942,0.6911586191987578,-0.4714532735987439,0.8868483523128394,0.2476,5
2023100810,1434,0.0,0,33.060001373291,7.78000020980835,13,9.61353618768471,2.30078264951851,-0.5513936832983793,14.131114605720242,0.0,5
2023100810,1479,1.3858,1,69.370002746582,13.2200002670288,21,0.5608057240771778,0.8770959364028468,-0.4587858663200904,4.820010373432821,0.6163,5
2023100810,1584,0.0,0,64.6399993896484,32.8600006103516,8,5.580223214665203,1.816396676722231,0.11971345443593,6.014815042875382,0.0,5
2023100810,1637,0.0,0,33.0299987792969,31.8899993896484,8,4.743079016796222,0.9180957026586205,0.09807458480399754,2.2428999086004695,0.0,5
2023100810,1753,0.0,0,27.7299995422363,17.2700004577637,9,11.80919127199384,1.9194271838524615,0.25137379952263744,6.077910825275411,0.0,5
2023100810,1817,0.2046,1,2.09999990463257,14.8599996566772,13,2.5276870457595026,0.9563472541770915,-0.26778423676213414,1.0912378292562996,0.0,5
2023100810,1890,0.4486,1,38.5900001525879,32.2599983215332,6,1.869546695376775,1.3509265461015303,-0.0940989220909375,1.6192899678562818,0.1517,5
2023100810,1915,0.0,0,39.6300010681152,18.25,7,10.89381828282337,1.5438257024948836,-0.3068514421540186,10.742001675665477,0.0,5
2023100810,1962,0.0,0,59.2200012207031,48.3800010681152,18,3.4785766124114317,3.287915810168925,-0.4024987353660491,2.2027482833950893,0.0,5
2023100810,2049,0.0,0,78.4700012207031,36.5200004577637,11,13.415459973002534,2.5868311693380446,0.08132704417696597,11.45253247103015,0.0,5
2023100810,2151,0.0,0,83.5699996948242,45.5900001525879,9,9.349438783826015,0.6847629264957775,-0.31048104705964036,11.989299395711159,0.0,5
2023100810,2294,1.2711,1,55.5900001525879,35.9500007629395,25,0.36221547292838546,0.6382011285971256,-0.03148065013497842,5.443987509170094,0.0,5
2023100810,2351,0.0,0,72.0800018310547,25.3600006103516,8,4.910653595785091,1.8401068548615227,-0.27837884170026644,2.3777720664521285,0.0,5
2023100810,2376,0.0,0,80.6999969482422,45.25,10,5.263347912689137,1.289691588923703,-0.3549683267100754,6.310261484280981,0.0,5
2023100810,2423,0.0,0,96.5800018310547,4.26000022888184,13,5.187675890043636,0.4825957508679916,-0.583791542205298,5.771455622284562,0.0,5
2023100810,2453,0.3943,1,115.849998474121,36.7299995422363,13,2.0308113656513385,1.2298371146683498,0.3195362764764495,2.659793225045895,0.0,5
2023100810,2476,0.7514,1,106.930000305176,14.960000038147,8,0.9992494524546479,0.444072145254094,0.4276713045126923,4.390410003632919,0.1621,5
2023100810,2499,0.4984,1,105.5,28.7299995422363,7,1.8768328866925341,1.5239754108438621,0.1495644485772358,0.9044888059008777,0.0477,5
2023100810,2563,0.8093,1,70.2200012207031,25.6900005340576,11,0.9767288045904179,0.6609848615856495,0.13698369907563934,2.7126739575555305,0.0,5
2023100810,2608,1.7793,2,58.8499984741211,4.28000020980835,22,0.958591996246196,0.35510679492588987,0.7568162947639498,1.1739250401963477,0.081,5
2023100810,2707,0.1827,1,49.560001373291,39.2299995422363,10,2.4520410965036064,1.5905018073386954,-0.4211018746250475,4.633724204136457,0.0,5
2023100810,2730,0.6585,1,48.5200004577637,14.4300003051758,12,1.0245971945164665,2.0397302127537795,-0.5479358413123148,2.2743790361327223,0.6091,5
2023100810,2822,0.0,0,58.0900001525879,7.15999984741211,10,3.8903084479185286,1.0084641243677206,0.03137657193214723,4.051234379790929,0.0,5
2023100810,2940,0.0,0,81.2399978637695,34.560001373291,7,8.402011842766488,1.08078924798781,0.037576229295348915,7.242720483354299,0.0,5
2023100810,2995,0.0,0,98.0299987792969,36.310001373291,7,5.675253764793519,1.2482381259971291,0.35948119445367926,6.854166616008102,0.0,5
2023100810,3042,0.0,0,106.73999786377,17.25,6,6.9266528247233765,1.4928175903015657,-0.260934466744688,6.5091090020063405,0.0,5
2023100810,3121,0.0,0,74.5,37.5400009155273,10,4.335032170406312,1.5660457132619945,0.13950615855447987,4.1434285320251405,0.0,5
2023100810,3146,0.6817,1,57.1300010681152,46.9500007629395,18,1.640274360782254,0.6592425629749168,0.3824829020051324,1.780702108720042,0.0,5
2023100810,3171,0.9175,1,50.3400001525879,30.3199996948242,7,0.7085902528856127,0.11661922107752504,-0.06680774918546542,3.2046996739164237,0.5404,5
2023100810,3283,0.0,0,84.0400009155273,26.2700004577637,8,3.0101485018678074,1.6968490003982337,0.1736181094410568,1.9228364465029337,0.0,5
2023100810,3330,0.9009,1,102.839996337891,2.86999988555908,15,0.29732486220068083,0.8002499380770437,-0.5635142936631495,0.9109335870413366,0.0,5
2023100810,3353,0.2897,1,90.2200012207031,14.5,9,2.2417838269030517,1.4152374348751091,-0.17299927806586213,3.9706170805052587,0.0,5
2023100810,3378,0.6955,1,92.3199996948242,36.7999992370605,10,0.9135100861462621,1.2406452739608906,-0.20546334511774575,0.9472592042308232,0.0,5
2023100810,3401,0.5813,1,101.819999694824,50.4199981689453,14,1.2560246124787044,0.09055334588336433,0.25236086378057754,1.1208925015361724,0.0,5
2023100810,3524,0.0,0,75.75,40.8600006103516,9,4.387175034707062,0.29154815998430433,0.12265267383132719,6.006163500938014,0.0,5
2023100810,3707,0.5771,2,37.4900016784668,23.2900009155273,10,1.4484461236439943,0.9669007914499634,-0.4094167513454411,3.4226597844366595,0.0,5
2023100810,3733,0.0,0,29.0699996948242,34.8699989318848,10,3.4197671447365887,2.5073702004823217,0.10780055736894133,1.4702720836634318,0.0,5
2023100810,3758,0.0,0,37.0800018310547,13.6300001144409,11,3.328722812772676,1.1458609413488297,0.1750082145853771,0.6942621983083911,0.0,5
2023100810,3783,0.0,0,46.1300010681152,13.9399995803833,7,5.21069952129192,2.571107773619117,-0.056216239771186505,6.092101443672778,0.0,5
2023100810,3830,0.0,0,73.0100021362305,38.6199989318848,9,5.111417864671835,2.283526447382243,0.11250060501680027,6.302578837269708,0.0,5
2023100810,3855,0.0,0,85.4800033569336,13.0600004196167,7,5.772215528191339,1.2809764785259867,-0.14596012059378752,7.307762995609534,0.0,5
2023100810,4075,0.0,0,75.2799987792969,39.060001373291,9,11.24655325007257,0.416171215040162,-0.5802120808946614,7.8830070404636805,0.0,5
2023100810,4133,0.8246,1,40.2099990844727,37.9599990844727,10,0.5263091819283408,0.17720158812406153,-0.07180819156109985,1.246314567033535,0.0,5
2023100810,4156,0.0675,1,31.4099998474121,21.0300006866455,7,2.809644763525292,1.0404331229706814,0.14886321538976946,1.796023385148425,0.0,5
2023100810,4181,1.1567,1,60.0699996948242,45.7999992370605,14,0.6356885670077006,1.7042307262119463,-0.7609976798469372,7.087242058798332,0.2907,5
2023100810,4204,0.0,0,39.0699996948242,12.8000001907349,11,3.4990287714950714,1.6507577335328143,-0.42143635556058173,1.7776670104381171,0.0,5
2023100810,4252,0.0,0,63.4599990844727,4.30000019073486,15,3.559902538830043,1.5890257514900255,-0.685657732937556,6.518235957680575,0.0,5
2023100811,88,0.0,0,58.25,22.4300003051758,8,7.34635966306254,1.6400002977324897,0.007402622971812132,3.5164328516267758,0.0,5
2023100811,135,0.0,0,74.1800003051758,8.26000022888184,14,4.64698790176422,0.37696163567160046,-0.55665734870775,6.100073770045737,0.0,5
2023100811,211,0.0,0,86.2600021362305,4.1399998664856,12,4.059271324989839,0.7877161711464793,-0.4771425047239705,4.595182259715062,0.0,5
2023100811,263,0.0,0,114.430000305176,8.73999977111816,17,3.5027135710096937,1.1356492471913011,-0.5055897314543083,3.6013886210738297,0.0,5
2023100811,360,0.1175,1,67.0400009155273,36.8199996948242,12,2.6476403321853277,0.8600590565835544,-0.6552138172732876,3.212382293563455,0.0,5
2023100811,383,0.0,0,62.939998626709,0.610000014305115,19,3.550127922936922,2.9971332308485037,0.6459931738599343,1.2121056059601376,0.0,5
2023100811,533,0.0,0,92.3000030517578,9.1899995803833,9,6.040532835138164,0.5161374007730694,-0.47670563133417165,8.382225241545349,0.0,5
2023100811,570,0.0,0,83.8199996948242,34.6199989318848,9,3.4311813548854113,1.021813014772936,0.16720858989510182,3.484594667963556,0.0,5
2023100811,839,0.0,0,67.0999984741211,17.7600002288818,7,4.566060831040135,1.348482003584619,-0.5246946788104077,3.65568051120444,0.0,5
2023100811,898,0.5518,1,92.0999984741211,17.9599990844727,12,1.3446567094478108,1.1375868705037877,-0.779607732163155,2.3025420734483797,0.0,5
2023100811,921,0.4801,1,83.5999984741211,25.6000003814697,8,1.847404622054407,0.8612794886013517,-0.2111802695207789,3.1185252925060563,0.0,5
2023100811,1168,0.5072,1,48.689998626709,2.72000002861023,29,1.478514040698048,2.2713883117152034,-0.8265084366670816,0.9021086409075126,0.0,5
2023100811,1191,0.0,0,17.9799995422363,44.8300018310547,11,4.460515791486723,2.3345224863473506,-0.42311948510629693,6.327353317146118,0.0,5
2023100811,1267,0.4823,1,34.0099983215332,48.7000007629395,16,1.8508392343975788,1.7745967697118286,-0.8257398411339746,1.9304144632694824,0.0,5
2023100811,1439,0.8381,1,54.3499984741211,2.24000000953674,10,1.5092053220170927,0.710635004033505,-0.3638352152117196,2.140864311440593,0.2124,5
2023100811,1469,0.0,0,56.810001373291,25.2900009155273,6,3.538247002656742,1.464136671014361,-0.3698769720480809,5.009111697696507,0.0,5
2023100811,1530,0.0,0,59.9300003051758,16.6000003814697,9,3.4393599185270243,1.1204013983917782,-0.02154319643310703,2.061698329048166,0.0,5
2023100811,1561,0.0,0,78.3199996948242,24.2999992370605,6,4.037734497819119,1.2800393611103946,-0.30542350214249897,6.972668068967583,0.0,5
2023100811,1596,0.0,0,81.4800033569336,37.4900016784668,9,4.130722675414203,1.6585498625300517,-0.010987332480601682,2.0506096654409895,0.0,5
2023100811,1621,0.1897,1,109.470001220703,2.55999994277954,25,2.658195858389408,0.5300944114676562,0.46301726125648424,1.1161093136427083,0.0,5
2023100811,1685,0.0,0,72.2200012207031,18.0699996948242,12,4.615127814311638,0.3544002657186066,0.2211927832932489,2.530019762768673,0.0,5
2023100811,1880,0.7229,1,13.3800001144409,30.0499992370605,8,1.1405703369422884,0.35777111523858185,0.5825524560786404,2.173039346169323,0.0748,5
2023100811,1993,0.0,0,43.2900009155273,13.0500001907349,10,8.775219949775215,0.524689452104383,0.025074222003732913,8.791188770581595,0.0,5
2023100811,2018,0.0,0,49.1500015258789,7.1100001335144,10,5.658841227105335,0.7611836815135086,-0.5856068260023937,8.836928199323562,0.0,5
2023100811,2041,0.0,0,50.0099983215332,27.4099998474121,6,4.037735817462444,1.5437957069960304,-0.232348653855423,4.627882885294313,0.0,5
2023100811,2155,0.719,1,76.4899978637695,31.0799999237061,9,0.8431477324641075,0.4477731921503842,0.30545135213987673,0.9060905032059431,0.0,5
2023100811,2352,0.484,1,57.3899993896484,23.2299995422363,9,1.9382976204406053,0.46097759028581914,0.10946965203426894,1.7280335644888403,0.0,5
2023100811,2399,0.0,0,76.3099975585938,23.1299991607666,6,3.35626538264361,0.26172756807773534,-0.3700633968682895,5.340383881332878,0.0,5
2023100811,2513,0.3275,2,72.870002746582,21.1499996185303,12,2.227196411955985,1.090415387582139,-0.6721464691380874,2.303258561256202,0.0,5
2023100811,2626,0.0,0,50.9500007629395,26.1000003814697,14,3.4198529469514445,1.6531493626552412,-0.548567584431095,4.733212439770687,0.0,5
2023100811,2651,0.0,0,23.9099998474121,23.0599994659424,7,4.367905172366723,3.177057864134437,-0.073519241202533,3.9167460984853246,0.0,5
2023100811,2698,0.099,1,5.69000005722046,17.75,16,2.714866449503236,0.15297057418593696,0.12580731782709534,1.689644933114647,0.0,5
2023100811,2769,0.0,0,33.7299995422363,38.6300010681152,6,3.6516993837504543,2.610210037842159,0.14404275947394135,5.49758128634766,0.0,5
2023100811,2816,1.3406,1,89.6699981689453,35.9799995422363,30,0.23999816894572804,3.8391910412163166,0.8386101383256054,1.1016351483136344,0.0,5
2023100811,2894,0.0,0,57.4000015258789,10.8800001144409,9,3.0625002538568027,4.154275118030712,0.21008204749463585,3.5503520952153433,0.0,5
2023100811,2917,0.0,0,58.7400016784668,31.9899997711182,8,8.283479201733396,0.9141132030557935,-0.16865322867192245,5.997074286683468,0.0,5
2023100811,2942,0.0,0,34.5400009155273,7.75,17,6.367936104861298,0.6449815283213818,-0.5930629823206741,7.588524230705205,0.0,5
2023100811,3122,0.0,0,108.620002746582,7.82999992370605,11,6.155485915612783,0.9700498139518902,-0.6793353172085064,7.468667886577901,0.0,5
2023100811,3190,0.5572,1,72.9000015258789,25.3500003814697,10,1.3283447112623181,2.6220806369098497,-0.3102566786458837,3.66400054585149,0.0,5
2023100811,3213,0.7721,1,79.5,13.0500001907349,8,0.8141254661649454,0.8229825713860967,0.25566978015625125,0.7605918747922477,0.2335,5
2023100811,3351,1.4436,2,46.8400001525879,38.3699989318848,7,0.7433024622697431,1.6822018771594167,-0.03839401807203592,0.9823441352194278,0.6206,5
2023100811,3576,0.0,0,104.129997253418,45.4700012207031,11,4.793096353105769,1.1268071775118922,-0.2432262737839528,6.502314972377141,0.0,5
2023100811,3628,0.0,0,99.6800003051758,44.5,8,10.939268973577255,0.4957824133792162,-0.4700336673769374,10.284357053311595,0.0,5
2023100900,181,0.0,0,60.4599990844727,6.61999988555908,10,3.074834222434351,1.612080059874988,-0.5906517116769786,4.782823433914319,0.0,5
2023100900,228,0.2559,1,94.879997253418,30.8099994659424,19,2.4044107361611804,5.903505638375797,0.343666415894023,0.3900000000000017,0.0,5
2023100900,295,0.0,0,98.5500030517578,41.3899993896484,8,13.033977444732448,0.7595422510710008,-0.004891476688066166,9.63912859131986,0.0,5
2023100900,349,0.0,0,80.4899978637695,8.89000034332275,11,7.93776220188382,0.3640044768824413,-0.5679390748502938,11.485686744814167,0.0,5
2023100900,403,0.0,0,65.9100036621094,42.75,10,4.205773407599168,0.8600617994316395,-0.13406394936328686,5.614775151330637,0.0,5
2023100900,551,0.0,0,74.4300003051758,5.6399998664856,16,3.9214922194476176,0.8832325040983593,0.17608263070772442,2.7632770400377904,0.0,5
2023100900,710,0.0,0,72.379997253418,38.5200004577637,11,4.0696095321027945,0.7354600486512418,0.6227559905895141,4.0105984590831385,0.0,5
2023100900,803,1.3289,1,35.1100006103516,6.05999994277954,17,0.4816633649846318,0.636552837974814,0.7048495031357238,3.3169413621588184,0.0,5
2023100900,886,0.0,0,100.419998168945,36.5299987792969,10,4.703284925125853,0.5381428296305376,0.1438742825857593,9.505167015891928,0.0,5
2023100900,933,0.0,0,92.7900009155273,22.4899997711182,6,5.65475109507085,2.196475316899722,-0.18210623427475897,4.842282519638862,0.0,5
2023100900,1207,0.0,0,80.0,20.4400005340576,10,5.080354795606631,0.27658685505892766,0.5924594596249851,3.181477644114444,0.0,5
2023100900,1366,0.0,0,106.440002441406,30.8400001525879,6,3.225520848998186,0.7507312353309513,-0.013261561282417856,4.488262470043387,0.0,5
2023100900,1425,0.6827,1,81.1699981689453,21.9300003051758,6,0.9518910910253013,7.560580631140959,-0.1837255284908395,4.364962771891642,0.7292,5
2023100900,1487,0.0555,1,102.220001220703,42.4300003051758,10,2.858197702050407,0.17204568939646456,0.1489055650590631,4.979899597381451,0.0,5
2023100900,1600,0.7015,1,86.4400024414062,50.8400001525879,7,0.8955431946765077,0.6363153438374003,0.09684511452596058,2.302086010556513,0.519,5
2023100900,1630,0.0,0,82.4100036621094,40.3600006103516,12,3.528175943500439,0.2418653856174049,-0.08430634138958074,11.060818233747455,0.0,5
2023100900,1710,0.0,0,41.0999984741211,47.2400016784668,12,3.269895232969989,1.420424706790679,0.21238789825034868,2.6342740935597453,0.0,5
2023100900,1740,0.0,0,52.1699981689453,30.7000007629395,12,3.0565997541204113,0.2983306367559195,0.1107872440131097,1.9856736892047462,0.0,5
2023100900,1765,1.3281,2,66.0500030517578,21.4899997711182,11,0.46227474027378274,0.46097434804740456,0.10758630962135297,2.0056919005669855,0.0,5
2023100900,1797,1.1137,1,73.0599975585938,27.5499992370605,7,0.8452806356672311,0.592030479373815,0.5893938382981796,1.3041855696180655,0.6188,5
2023100900,1968,0.0,0,33.6100006103516,11.6300001144409,8,7.278144809484661,1.5484182864325053,-0.4802473753124697,8.578746994753955,0.0,5
2023100900,1993,0.2513,1,48.810001373291,29.1299991607666,8,2.2865023088847654,0.6500002464900835,0.1507234035038006,4.585771472718629,0.0,5
2023100900,2040,0.3739,1,54.8300018310547,38.3800010681152,9,1.9556313309497542,4.55949361800373,-0.3665922726091201,1.650242406436099,0.0585,5
2023100900,2305,0.0,0,50.1599998474121,4.28999996185303,11,14.279933482290328,0.5953988740192309,0.2028812196297474,10.694194686838275,0.0,5
2023100900,2328,0.0,0,33.1699981689453,34.5699996948242,6,4.468301286612513,1.2773801313639919,-0.2327571781747006,5.875542528141548,0.0,5
2023100900,2399,0.0,0,60.2099990844727,6.51000022888184,19,12.477841301394466,0.6395301369618859,-0.5820874193882017,8.99387013470842,0.0,5
2023100900,2656,1.0425,2,84.0800018310547,41.439998626709,11,1.1011366793906805,0.5197117314614875,-0.7485075988233849,2.325446193744324,0.0985,5
2023100900,2681,0.0,0,79.3899993896484,32.2900009155273,8,3.949201400957375,0.9042668664034567,0.3170724291317874,2.120377324911769,0.0,5
2023100900,2753,0.3258,1,104.449996948242,37.4700012207031,7,2.0225003832643513,1.3389921127253674,0.20989823598907906,4.737531002537074,0.0084,5
2023100900,2892,0.9817,1,86.7399978637695,34.4700012207031,29,1.349701211150463,1.489729257860204,0.9694930288647892,1.4312232530251845,0.0,5
2023100900,2915,0.1188,1,47.7999992370605,4.90000009536743,14,2.643672417478713,0.26000009536854957,-0.40851162751030984,6.096433383544845,0.0,5
2023100900,2962,0.0,0,52.7200012207031,40.5400009155273,7,3.2950873522839856,1.6223737435385153,-0.271802802089018,3.781335742829505,0.0,5
2023100900,3031,0.6451,1,68.5599975585938,9.07999992370605,11,1.5700325888410784,0.5909336681079802,-0.27091150199395936,2.1102606474082792,0.0,5
2023100900,3076,0.2436,1,74.9400024414062,18.5900001525879,9,2.286589452406957,2.41032971481346,-0.25883047195126735,1.0510946674776769,0.0,5
2023100900,3103,0.0,0,63.3300018310547,7.32999992370605,9,3.5803509769273205,1.3096963778121125,-0.4491191102931222,4.3777277210900225,0.0,5
2023100900,3330,0.0032,1,69.9899978637695,22.1900005340576,29,2.990418907853979,2.044163885829926,-0.4262147184436455,3.509073951913811,0.0,5
2023100900,3400,0.0,0,72.8000030517578,27.6000003814697,6,8.95448729205548,0.9932298481824103,-0.036560182518963896,7.331855154052074,0.0,5
2023100900,3498,0.0,0,55.3300018310547,20.6599998474121,6,9.71453723176369,1.7477139260441168,-0.18476707161629025,9.458720843750493,0.0,5
2023100900,3605,0.0,0,58.5999984741211,6.80000019073486,9,3.6660211741811493,0.4245012287199289,-0.48411160783366813,8.693934667341356,0.0,5
2023100900,3630,0.0,0,59.3699989318848,36.689998626709,8,12.702399020109985,0.8438025518952889,-0.3351491574770458,15.26967255706552,0.0,5
2023100900,3685,0.0,0,72.5599975585938,54.9599990844727,14,5.597211857578799,6.341488449152932,-0.035699043471826696,0.5246903848938064,0.0,5
2023100900,3730,0.545,1,82.8300018310547,2.67000007629395,14,1.5776234878604938,0.2499988403360488,0.0849341923160691,6.630897375167254,0.0,5
2023100900,3753,0.15,1,83.9400024414062,31.4300003051758,8,2.583812631293029,0.796995380004324,-0.22257051243775638,6.817631553552902,0.0,5
2023100900,3776,0.786,1,113.110000610352,50.5800018310547,20,0.64194900338921,1.6381074955553194,-0.79256808417939,2.032166331775031,0.0,5
