game_id,play_id,crp,n_defenders_in_radius,ball_land_x,ball_land_y,num_frames_output,min_def_dist_arrival,rec_dist_to_ball,rec_closing_v,sep_at_throw,crp_at_release,week
2023092800,78,0.0,0,89.2200012207031,9.02000045776367,10,6.683211588422249,0.300000457766153,-0.5635727820061761,9.182401646628195,0.0,4
2023092800,103,0.8551,1,73.7799987792969,19.7199993133545,12,0.4346251668351801,2.3362566100103406,-0.3208471620550795,2.5357050301641926,0.0,4
2023092800,188,0.0,0,89.0299987792969,36.3400001525879,7,5.740078621302734,1.1364868132155261,-0.20139883070287184,3.6600683053735423,0.0,4
2023092800,322,0.8548,1,71.370002746582,36.7999992370605,7,0.9800537733041185,0.5923678171081721,0.13929468084538726,5.947982851353893,0.5202,4
2023092800,369,0.6372,1,59.0999984741211,20.4400005340576,9,1.0885297501260074,1.2322321367425062,-0.4782301937024243,0.836002392341076,0.0981,4
2023092800,394,0.0,0,16.2000007629395,6.78000020980835,17,7.583151666249608,0.3860054674115622,0.06975131745513467,2.853296339324043,0.0,4
2023092800,485,0.0,0,26.7900009155273,37.2299995422363,8,4.87643251063342,5.434151023386473,-0.15058143835218116,0.6800735254367717,0.0,4
2023092800,508,0.0,0,26.2199993133545,42.9300003051758,9,4.795884113448412,3.6360007174988005,-0.32235090511601283,10.22154587134451,0.0,4
2023092800,596,0.0,0,47.5800018310547,52.3499984741211,16,3.7248466191819767,2.4080050950119074,0.4230819116880813,2.503537497222682,0.0,4
2023092800,648,0.0,0,48.0,25.7900009155273,9,4.783514053670238,0.725327752055039,-0.38773315586159257,2.6959599403551966,0.0,4
2023092800,873,0.4764,1,57.6300010681152,26.2199993133545,17,1.5707947268549411,5.423652789072809,0.40693140868185235,4.88635856236523,0.0,4
2023092800,916,0.6637,1,69.9700012207031,44.7700004577637,18,1.0088111210386765,1.5938001169744629,-0.4300190965979689,1.2264175471673548,0.0,4
2023092800,1015,0.2396,1,110.839996337891,45.6800003051758,9,2.374743984199423,1.1661920432969695,0.14262997415695372,2.5793216162394423,0.0,4
2023092800,1072,0.0,0,103.25,17.5499992370605,10,5.302923668640292,0.9091750729947677,0.2146169740690819,7.8416133544061,0.0,4
2023092800,1156,0.5482,1,92.4400024414062,20.25,6,1.6909739560170653,4.725592266121833,-0.2951438000084714,4.25553756886249,0.358,4
2023092800,1310,0.7381,1,78.3000030517578,48.2099990844727,10,1.275619191333862,0.9108817052543975,-0.2886242125501149,2.1716583525039064,0.0,4
2023092800,1359,0.0,0,45.9700012207031,11.4099998474121,13,4.998899599676245,0.5154604347962914,-0.5327009667560364,5.619572937510466,0.0,4
2023092800,1446,0.0,0,49.8899993896484,25.1399993896484,9,4.54802147675536,4.1143902143499504,-0.05179816224529912,2.863564212655275,0.0,4
2023092800,1493,0.0,0,45.5299987792969,19.6700000762939,8,4.537896951089792,1.0272770920634973,0.5088297155734597,8.231628028525098,0.0,4
2023092800,1548,0.0,0,108.110000610352,17.7999992370605,7,14.875487247161635,1.6055530610091946,-0.26102966719434295,14.10042907148574,0.0,4
2023092800,1573,0.4841,1,96.1500015258789,4.6399998664856,10,1.6924848617266757,0.7710397425713793,-0.3794155633425152,3.9268944472700125,0.0,4
2023092800,1669,0.0,0,89.7200012207031,49.1699981689453,15,4.3862619363666235,0.6621949751118688,-0.5528737787670333,6.538333120910865,0.0,4
2023092800,1748,0.0,0,40.6199989318848,28.2399997711182,5,3.749907663861708,2.3355523923513193,-0.20047446969357138,3.5940228157316967,0.0,4
2023092800,1818,0.0024,1,60.5800018310547,32.5200004577637,8,2.9929427245350464,1.537076183926512,0.651449002535853,2.798856909525744,0.0,4
2023092800,1841,0.0,0,56.1500015258789,33.8600006103516,8,5.408289357497165,0.8409502884820396,-0.47386246583392616,2.8208154849263045,0.0,4
2023092800,1866,0.6519,1,73.9100036621094,42.6100006103516,12,1.5966499199294264,1.0746590347777054,0.08252008597507432,2.2779815626997406,0.0,4
2023092800,2035,0.658,1,79.8099975585938,37.9000015258789,9,1.0259114004964263,0.28319321104805756,-0.305676737458562,3.1126194756185668,0.0,4
2023092800,2083,0.0,0,68.5599975585938,4.78999996185303,13,7.922042748836877,0.7424262948533807,0.07572546517425627,4.530397333567988,0.0,4
2023092800,2228,0.0,0,23.5499992370605,38.5200004577637,10,4.723823414434337,0.6280128359127015,-0.46842972208075423,6.547526250424657,0.0,4
2023092800,2275,0.8353,1,38.9700012207031,34.7799987792969,8,0.4939619798152646,0.4308125045370562,0.05594812742024566,4.424409565128435,0.0683,4
2023092800,2300,0.0,0,56.0699996948242,21.0499992370605,13,8.28966154357824,0.6328509247598919,-0.27632046308128605,7.379566382925221,0.0,4
2023092800,2425,0.0,0,89.25,15.9300003051758,8,4.53260414975961,1.5932672426783654,-0.23304899760573478,5.0048976013501,0.0,4
2023092800,2511,0.0,0,106.720001220703,23.7099990844727,12,5.52535918878061,0.22022618544636474,0.4625464306589653,2.344013651837369,0.0,4
2023092800,2561,0.0,0,110.110000610352,48.9500007629395,13,8.324854816075721,2.718123409632988,-0.6087909764156401,5.970535989339656,0.0,4
2023092800,2652,0.0,0,86.0999984741211,42.8300018310547,7,8.92287444257045,0.12806243711038803,0.42667173895250154,7.998931178601305,0.0,4
2023092800,2677,0.0,0,80.5400009155273,19.4599990844727,8,4.2711356674938825,0.559465272919756,0.31089691824613747,5.87579781816904,0.0,4
2023092800,2748,0.0,0,55.6699981689453,28.7299995422363,18,3.1706447463099994,2.8908805049668973,0.662173632225823,4.624824320987772,0.0,4
2023092800,2771,0.3318,1,44.1399993896484,52.0999984741211,16,2.004495225946596,0.761578937491093,-0.6601485233192198,5.509301226108444,0.0,4
2023092800,2889,0.1746,1,90.5500030517578,10.4300003051758,7,2.6027892764938776,0.28861843003166965,-0.5236287801922904,3.430932817762531,0.0,4
2023092800,3032,0.5166,1,50.9799995422363,36.5800018310547,7,1.7121056772942853,1.7748511290119422,-0.24722494907272238,5.951890455981195,0.0,4
2023092800,3057,1.0844,1,95.5599975585938,10.9499998092651,29,0.6325328923944127,0.6280140641257981,-0.5932562165416186,2.034821859524808,0.0,4
2023092800,3102,0.3284,1,7.55999994277954,4.09999990463257,17,2.0146710787589583,2.734684514220743,-0.586260657889941,0.9829038610159182,1.1327,4
2023092800,3234,0.0,0,44.7400016784668,15.6000003814697,8,6.5871678392322055,0.5375854835871364,-0.09855066880005757,4.7175523314532475,0.0,4
2023092800,3325,0.1647,1,90.379997253418,48.5,14,2.5128492862987186,1.295224660587572,-0.4496318832062985,4.930770730829011,0.0,4
2023092800,3618,0.0,0,88.5400009155273,16.7099990844727,7,3.4020300874362603,0.16278893708964423,-0.2942251688301609,3.5457157246457247,0.0,4
2023092800,3643,0.0,0,78.5999984741211,21.6800003051758,10,5.103918979827089,1.3984275444836016,0.49600517718910875,4.427640455140862,0.0,4
2023092800,3691,0.0,0,75.3000030517578,35.0400009155273,9,5.410012410656473,0.5295266164322641,-0.13257729611487074,6.340354879657767,0.0,4
2023092800,3763,0.0,0,25.5699996948242,12.789999961853,8,4.129890847599458,0.5643578578504844,-0.4398337389900085,4.303916820757575,0.0,4
2023092800,3791,0.5742,1,14.8199996948242,19.6100006103516,9,1.5969971287081313,3.9670264650755453,-0.03184436764627953,3.814354467010113,0.1612,4
2023092800,3987,0.0,0,45.7099990844727,2.28999996185303,13,4.390044850965497,0.7621676241520312,-0.3849222160152016,6.194069744521769,0.0,4
2023092800,4178,0.0,0,89.6399993896484,40.3699989318848,8,3.184790807348879,1.844913035258735,-0.26620152543971604,4.338502045637414,0.0,4
2023100100,146,0.0,0,50.3499984741211,16.6700000762939,6,4.436058308148756,2.0083835520611295,-0.27272278339907485,7.461527993648488,0.0,4
2023100100,171,0.1514,1,56.3199996948242,4.80999994277954,11,2.545781133646271,1.5885845642635246,-0.37757787438223417,1.0912378292562965,0.0,4
2023100100,275,0.0,0,103.150001525879,46.9900016784668,8,5.567568652480136,0.16124687725689743,-0.2815441641749706,7.9147583664948415,0.0,4
2023100100,334,0.0,0,38.6300010681152,42.189998626709,8,5.300763051219541,1.9079049592737143,-0.5735148167232141,5.041358943776962,0.0,4
2023100100,465,0.0583,1,78.1900024414062,29.5799999237061,8,2.8626193932044623,2.288774592270396,-0.1846902870317714,3.8282371922335274,0.0601,4
2023100100,522,0.9422,1,114.470001220703,9.28999996185303,22,1.344954743599297,0.1208293642353915,-0.6834901691661955,8.789294624712507,0.0,4
2023100100,762,0.0,0,61.0,42.689998626709,17,6.676023439049792,2.2203603558578413,-0.6376402306518116,6.034633377430649,0.0,4
2023100100,846,0.1315,1,71.0999984741211,28.7800006866455,6,2.6301726307078397,1.577150780765403,0.0033438845442389925,1.9220041623263906,0.0,4
2023100100,891,0.1593,1,28.3999996185303,51.2099990844727,22,2.6268801049913812,3.9016027105457907,0.217274954615971,1.8100276240985889,0.0,4
2023100100,972,0.3337,1,51.5299987792969,27.5699996948242,8,2.047877851002933,1.8744872150370613,0.03384593140533857,1.4660491124106316,0.0,4
2023100100,995,0.0,0,48.6599998474121,39.3899993896484,9,3.238054413327107,1.4152389303078359,-0.5019923659309873,4.293483434229135,0.0,4
2023100100,1042,0.8565,1,90.7200012207031,11.7799997329712,26,0.4304639522351951,1.2873605555608105,-0.7467603143935687,1.045466403094801,0.0,4
2023100100,1111,0.0,0,88.0100021362305,29.2600002288818,7,4.421404257325321,0.21260467465528746,-0.12496839519971441,3.2977113275725016,0.0,4
2023100100,1283,0.0,0,24.2999992370605,39.8199996948242,7,6.895288996736254,0.5220146823738923,-0.03394637589238083,9.154550780895809,0.0,4
2023100100,1313,0.0,0,32.7299995422363,19.9500007629395,7,5.103273514277307,0.969381061783808,0.3773080810180022,4.982539513139862,0.0,4
2023100100,1360,0.1333,1,55.7099990844727,40.2900009155273,13,2.600077830397114,0.3847080620033981,-0.5018988244991568,4.872832851637735,0.0,4
2023100100,1429,0.8891,1,71.4199981689453,17.3199996948242,8,0.8958808221595211,1.3232168015336125,-0.007646634277022452,0.88684835231285,0.4142,4
2023100100,1495,0.8555,1,51.3600006103516,30.4799995422363,12,0.4825968906983345,1.5201313062472472,-0.6213533072063337,4.9190751163201405,0.0,4
2023100100,1560,0.0,0,20.3600006103516,25.1000003814697,7,4.112031845207032,0.8988889219174208,0.09858591896761988,1.6868906307167637,0.0,4
2023100100,1686,0.0,0,24.7900009155273,44.9199981689453,9,4.670768789525905,1.9623715420623464,-0.5436202781015885,4.637208211844705,0.0,4
2023100100,1718,0.0,0,24.1700000762939,37.3400001525879,6,9.747050791797452,1.7530828284429172,-0.4669156469960898,10.082286447031745,0.0,4
2023100100,1748,0.6064,1,67.0599975585938,19.3600006103516,26,1.1806800563717947,3.3543578941922996,-0.8317744878461086,2.3086792761230353,0.0,4
2023100100,1771,0.0,0,38.4000015258789,21.6399993896484,7,3.077172702271052,0.9277914883750242,-0.3782412616588537,3.63088143568473,0.0,4
2023100100,1870,0.4388,2,82.4499969482422,19.0200004577637,8,2.253750500334604,0.3981176297330324,0.3018376048324806,1.3237824594698397,0.0829,4
2023100100,1893,0.0,0,73.7699966430664,47.5299987792969,15,4.018081142551531,1.0378789017794312,-0.2196407998117451,2.6376125568399953,0.0,4
2023100100,1923,0.3347,1,65.3300018310547,10.1599998474121,10,2.28372578825821,1.2806254527754686,0.42010058078666507,1.611986352299555,0.0,4
2023100100,2091,0.6373,1,30.2000007629395,17.8600006103516,6,1.0881175958253289,1.2495207662887522,-0.30687890818811747,2.7829840100151473,0.2839,4
2023100100,2161,0.6487,1,10.539999961853,2.79999995231628,19,1.053802643588825,0.5295280633392991,-0.5124384174194799,1.472480899706342,0.5907,4
2023100100,2220,0.1609,1,42.1500015258789,6.32000017166138,10,2.5171794284196234,0.46754590589631595,-0.6620647503078414,4.91294209206663,0.0,4
2023100100,2245,0.0,0,44.3199996948242,20.1800003051758,5,3.4600147568934245,1.3263863412741397,-0.3257261547542303,4.799354123212834,0.0,4
2023100100,2304,0.5247,1,53.7000007629395,35.0,7,1.5754675548413797,0.6360025328583935,-0.3896403732603466,3.522782990761705,0.1564,4
2023100100,2616,0.1288,1,61.5999984741211,36.6100006103516,9,2.6135400154495816,1.6967305435325368,-0.5697479554697497,3.2845852097334856,0.0,4
2023100100,2676,0.4032,1,48.2599983215332,1.54999995231628,13,1.7904733878463959,0.7021382525196331,-0.34005917194053864,2.97069015550259,0.0,4
2023100100,2735,0.0,0,67.6100006103516,7.09999990463257,9,12.94324981372865,3.059150403328688,-0.21745951679640516,13.245576620140024,0.0,4
2023100100,2814,0.0,0,25.3799991607666,44.7700004577637,11,3.480417597477785,0.5315070164711017,-0.7583251501488902,4.65107514452304,0.0,4
2023100100,2892,0.0,0,27.5400009155273,34.9500007629395,7,4.266812635865512,1.147692147584193,-0.167496460321527,6.16020291873571,0.0,4
2023100100,2939,0.5198,1,46.4599990844727,3.83999991416931,14,1.9581877052650496,0.8561539180342018,0.6029023123410224,1.0340696301506989,0.0,4
2023100100,2989,0.0,0,68.9199981689453,14.9899997711182,12,6.728595829075902,0.7808951528140149,-0.025756265566234955,5.299905659537721,0.0,4
2023100100,3109,0.1638,1,35.25,10.0699996948242,9,2.540314744086539,1.6608729776390474,0.04268581399890567,4.511108511219833,0.0,4
2023100100,3134,0.148,1,2.63000011444092,48.2900009155273,17,2.7483815683267028,1.274245250733029,0.7859125149534276,1.1130588483993107,0.0911,4
2023100100,3200,0.2474,1,44.3600006103516,22.2000007629395,8,2.2578750369801512,9.035955903025526,-0.5505158013764514,2.653469426995534,0.0,4
2023100100,3245,0.3947,2,43.5,35.0099983215332,8,1.990225131082035,2.2282964650403243,-0.38705361362360313,3.7447830377740186,0.1663,4
2023100100,3314,0.2284,1,75.1999969482422,22.0599994659424,8,2.4481832826623835,0.4188100889109052,-0.34185450407040735,1.808009955724799,0.0,4
2023100100,3392,1.0085,1,100.419998168945,47.1399993896484,11,0.740943414545239,3.5578799966842287,-0.6056408054497195,4.831749165674893,0.2548,4
2023100100,3417,1.0701,1,116.76000213623,6.88000011444092,14,0.23853535536254364,0.9243895769321261,-0.4856443845794222,2.030369424513671,0.1673,4
2023100100,3469,0.2217,1,92.8399963378906,46.9900016784668,11,2.448120647602223,0.8275855480683967,0.13470900827629423,2.322068043792001,0.0,4
2023100100,3776,0.1639,1,41.2400016784668,5.38000011444092,14,2.637592341393536,2.1892914025428873,-0.5816481803101623,9.069123441656313,0.0,4
2023100100,3806,0.1233,1,56.6300010681152,20.3400001525879,7,2.6730122419850884,0.7023528203503795,-0.07419349253508863,3.431457416317445,0.0,4
2023100101,81,0.0,0,81.2699966430664,8.80000019073486,9,6.8021213074205455,1.6735885843162086,-0.4963397186397137,10.096499393354108,0.0,4
2023100101,128,0.0,0,69.0899963378906,30.6000003814697,7,6.005361515189052,2.410846854248506,-0.4092241614402292,5.092190098572518,0.0,4
2023100101,197,0.0799,1,43.0,2.84999990463257,18,2.760308004967488,0.8459314280286132,-0.6316188282054005,1.0662082348209454,0.0,4
2023100101,238,0.0,0,8.64000034332275,50.3400001525879,16,3.7952730413830373,0.7907588173022452,-0.1833812769757438,1.529705854077833,0.0,4
2023100101,302,0.0,0,33.9199981689453,45.5499992370605,10,5.421374996082468,1.2516009608553256,-0.4530119214620217,7.034912934784622,0.0,4
2023100101,327,0.0,0,50.6300010681152,38.8300018310547,10,3.1286119872754,0.7155399785770415,-0.549465085990919,4.043389667098634,0.0,4
2023100101,374,0.7033,1,70.6800003051758,27.0900001525879,8,0.8902249924089445,3.7061162772797287,0.2386270675494738,0.7278049189171576,1.3308,4
2023100101,403,0.0,0,90.1800003051758,38.5,12,4.339700529955653,0.12529937294902868,0.13094601792601818,3.634969050762329,0.0,4
2023100101,589,0.4319,1,84.6399993896484,49.7200012207031,11,2.108459425140206,0.586940339731538,-0.26936516350753736,4.201297418655343,0.0,4
2023100101,614,0.0,0,81.7600021362305,14.1199998855591,9,7.737146040306741,1.7936006194872731,-0.6177752761016893,6.257171885125102,0.0,4
2023100101,639,0.0,0,69.370002746582,8.10000038146973,10,3.5626140424722244,0.6041539517235367,-0.533556100287057,8.026736572231583,0.0,4
2023100101,671,0.0132,1,58.0400009155273,31.2700004577637,6,2.9621961256543536,1.0689257082701222,-0.08742589635998978,3.1292970456637743,0.0,4
2023100101,892,0.0,0,55.689998626709,19.2099990844727,14,3.713813541758899,1.1484347682802483,-0.4691890001373158,1.2529964086141687,0.0,4
2023100101,974,1.9918,2,40.7599983215332,49.8199996948242,18,0.6865873269990326,0.2915485106470969,-0.16813778858018058,1.1764352935882199,0.0,4
2023100101,1009,0.7851,1,25.1100006103516,1.82000005245209,17,1.4718691062729239,1.4003575579242977,-0.6579430566464436,4.11691632171459,0.3175,4
2023100101,1066,0.674,1,21.2299995422363,34.3300018310547,11,1.0214186971015693,0.5440587193863422,0.6957497424854776,3.7443290453698093,0.0,4
2023100101,1198,0.0,0,39.6199989318848,29.3400001525879,10,5.813304309218458,3.4147481500968433,-0.323328204998687,4.230413691354544,0.0,4
2023100101,1304,0.9922,1,112.589996337891,49.2099990844727,14,0.5688547401109546,0.9762153414267518,0.09586469374524637,1.5052574530624383,0.0,4
2023100101,1507,0.0,0,91.9400024414062,42.6699981689453,11,4.73241258059954,1.543116772966071,-0.5298820222521308,6.099713108007617,0.0,4
2023100101,1617,0.0,0,34.5800018310547,41.3600006103516,8,5.845218611415489,2.761339016503772,-0.6899062302989829,8.208836701993773,0.0,4
2023100101,1676,0.0,0,59.2299995422363,16.6800003051758,8,5.721993157509081,4.659142052254525,-0.3603911139288876,0.8660831368869829,0.0,4
2023100101,1795,0.0,0,97.1399993896484,18.3299999237061,6,7.579504687550098,2.879027066134405,-0.33987597584475826,5.184669709827226,0.0,4
2023100101,1878,0.0,0,67.1399993896484,50.6699981689453,16,3.884045566280285,2.041202250738982,-0.6710211742064885,0.8732124598286507,0.0,4
2023100101,1960,0.0,0,88.2200012207031,7.05000019073486,14,9.929552950673711,2.932866025360287,-0.5718962371504693,14.65701879646745,0.0,4
2023100101,1990,0.468,1,73.2200012207031,14.0600004196167,10,1.9982254784852973,2.947271189524494,-0.03292287255689297,3.6119939091864435,0.0,4
2023100101,2100,0.517,1,97.2200012207031,6.13000011444092,19,1.449033706968538,2.4351585455633873,-0.7801237032402265,1.4101418368376994,0.0,4
2023100101,2190,0.0,0,86.8499984741211,15.6199998855591,9,7.4015185862539195,4.930404620251099,-0.08223914881649136,3.399955882066708,0.0,4
2023100101,2352,0.0,0,30.7800006866455,45.2200012207031,11,13.490014659401456,1.400320185968914,-0.6574269529045902,15.277450703569624,0.0,4
2023100101,2493,0.0545,1,88.5400009155273,43.060001373291,13,2.836476749050357,2.3820986725356934,-0.366636716174505,1.4120906486483171,0.0,4
2023100101,2590,0.4812,2,114.080001831055,10.1300001144409,15,2.0246716961763527,2.4788088605228293,-0.736137077592659,2.89084762656215,0.0,4
2023100101,2682,0.0,0,80.0999984741211,39.6800003051758,7,8.220467296599686,3.652066423294975,-0.35778164795229184,7.311504633110749,0.0,4
2023100101,2707,0.0,0,67.5199966430664,50.3400001525879,12,4.09003820872611,2.1662166730717156,-0.3030155530148652,5.961610520656303,0.0,4
2023100101,2892,0.4171,2,54.939998626709,33.4300003051758,17,2.322454991885344,1.3113726557274072,0.46345077780178806,1.5799999999999983,0.0,4
2023100101,2941,0.0,0,37.2200012207031,23.8999996185303,6,8.450427263823002,2.4030202105909977,-0.03142802151034549,6.144949145436438,0.0,4
2023100101,2966,0.0,0,27.7199993133545,5.42999982833862,11,6.877652190981384,3.774823994455628,-0.2855107768275027,10.674160388527053,0.0,4
2023100101,2996,0.465,1,10.6300001144409,4.73999977111816,15,1.6051482106641357,1.9720293819490264,-0.4886251945518247,2.7439023306233032,0.0,4
2023100101,3066,0.0,0,47.8899993896484,31.5100002288818,13,3.861721942644852,3.098709659413974,-0.391160978288645,2.6448440407706393,0.0,4
2023100101,3135,0.0,0,61.7999992370605,5.6100001335144,14,6.116870837079228,2.1071788418245916,-0.6690461421186383,2.2079175709251526,0.0,4
2023100101,3216,0.3351,1,28.3999996185303,38.1300010681152,23,1.994616779052382,1.628649056528143,-0.7875802084315772,4.1449366702037755,0.0,4
2023100101,3441,0.0,0,19.0,22.0400009155273,7,3.8114166701755896,1.0465653926509457,-0.43327849987110534,4.5617978911828185,0.0,4
2023100101,3567,0.0,0,22.8600006103516,14.6700000762939,7,5.553250687309724,3.3743141519564857,-0.152397830653472,3.821544190507287,0.0,4
2023100101,3653,0.0,0,86.629997253418,24.8700008392334,6,10.603322180540964,4.372193596270664,0.2783666350256923,9.166242414424792,0.0,4
2023100101,3730,0.1234,1,47.2799987792969,4.03999996185303,17,2.6882160723901665,2.045531091536672,-0.6937589468301903,4.226038333948236,0.0,4
2023100101,3919,0.0,0,60.2999992370605,19.2600002288818,8,21.611331902888814,1.9670275683971477,-0.31693313548788976,22.31474176413431,0.0,4
2023100101,3990,0.0,0,40.2599983215332,9.65999984741211,12,9.46414128409779,3.738460642982456,-0.6233390199725839,8.8915971568667,0.0,4
2023100102,313,0.52,1,108.669998168945,48.1500015258789,12,1.4400341686878537,2.975314493948016,-0.7799864625489045,3.0220853727186516,0.0,4
2023100102,430,0.0666,1,37.9599990844727,34.2099990844727,8,2.825403802420085,1.3101539416540333,-0.34397841003858987,5.9003813436082275,0.0,4
2023100102,628,0.0,0,39.5999984741211,17.0,9,5.820309285863407,2.2931407782577575,-0.29310256958435993,1.420211251891778,0.0,4
2023100102,722,1.2577,1,3.45000004768372,18.7399997711182,11,0.3901281305278012,0.5080354382177,-0.6317998907784814,0.6,0.0,4
2023100102,945,0.0,0,77.6399993896484,35.6399993896484,9,7.387692234901071,2.074536136852333,-0.4791558752435019,8.811832953477964,0.0,4
2023100102,992,0.7184,1,60.4700012207031,3.95000004768372,15,1.236002567320038,1.0031960348018583,-0.5438530399552038,1.3782960494755825,0.1549,4
2023100102,1015,0.0101,1,62.0499992370605,43.6699981689453,9,2.969780895230743,2.1780733214376653,-0.2729935852520802,4.011284083681929,0.0,4
2023100102,1062,0.0,0,53.4799995422363,37.4599990844727,10,13.162494961961377,1.095536034775756,-0.01702980579685765,8.197932666227501,0.0,4
2023100102,1092,0.0779,1,29.4300003051758,22.1700000762939,11,2.7663155029374322,1.6360015368093321,-0.3404010129920337,1.1896638180595391,0.0,4
2023100102,1166,0.0,0,7.78000020980835,37.6599998474121,7,4.386992194586828,0.17888569409766422,-0.0683795795488579,3.160015822745196,0.0,4
2023100102,1237,0.0,0,49.4700012207031,23.2000007629395,8,3.173089399125286,1.3401480134672437,-0.37566555537644153,5.099666655772713,0.0,4
2023100102,1336,0.0,0,49.7200012207031,26.7800006866455,7,5.060631376236535,0.36715046771638327,-0.3493192081023914,3.921033027149862,0.0,4
2023100102,1390,0.122,1,65.7699966430664,43.060001373291,11,2.6531879702826835,8.018227493496566,0.267300409634104,7.748457911094308,0.0,4
2023100102,1700,0.0,0,37.8199996948242,19.3700008392334,9,5.377081080620957,1.7613922936687556,0.2148770473322985,4.918739675973916,0.0,4
2023100102,1830,0.0,0,66.9300003051758,21.6100006103516,10,3.5544905972252034,0.9804593625051081,-0.46053410870298445,3.714862043198921,0.0,4
2023100102,1855,0.3166,1,49.0,5.69000005722046,15,2.1567568430652178,2.5253910869223315,-0.5199775076782538,1.4294054708164503,0.0,4
2023100102,1944,0.0,0,62.4900016784668,29.4200000762939,10,3.276704294086784,2.1219078371999807,-0.43442074038524514,1.3514806694880963,0.0,4
2023100102,2105,0.0,0,83.6900024414062,13.6599998474121,9,5.292005784462419,0.24331288431549036,-0.2785023545155801,8.069522910308885,0.0,4
2023100102,2260,0.5383,1,46.8499984741211,27.2000007629395,12,1.4798990988497291,1.688343656659198,-0.15637098907003766,0.7144928271158507,0.0,4
2023100102,2320,0.0,0,103.669998168945,35.7000007629395,8,13.249847133459845,2.680670753919924,-0.6199645751583734,14.01760678575341,0.0,4
2023100102,2374,0.0,0,76.9599990844727,27.5499992370605,8,5.683519094226346,2.1611564062627986,-0.08479511641169281,5.308267137211532,0.0,4
2023100102,2437,0.0,0,65.8499984741211,7.67000007629395,10,12.542510275301545,0.11401654549395933,0.3077758787439113,13.061887306205026,0.0,4
2023100102,2474,0.0,0,51.2799987792969,21.8199996948242,7,3.4691775461457,2.236514046584135,0.029809072621466405,2.2408034273447566,0.0,4
2023100102,2857,0.0,0,71.5199966430664,18.2900009155273,8,9.14560351399872,2.153720897053414,-0.5375276201355493,8.175065748971075,0.0,4
2023100102,2887,1.0492,1,111.720001220703,48.3600006103516,22,0.9398414120928372,0.18439122016028495,0.3115279873352515,1.3227622613304408,0.0,4
2023100102,2980,0.1406,1,37.9900016784668,48.5999984741211,11,2.7111787925091666,1.00438811089144,-0.1061290792422546,3.1657068720903387,0.0,4
2023100102,3054,0.2706,2,53.0,34.0,7,2.2062864727863443,1.1135977729862798,-0.12527794655819757,2.1144266362302546,0.0,4
2023100102,3175,0.0,0,65.8199996948242,16.2800006866455,7,13.599003771084847,2.065260892925563,-0.4724989734079777,13.710889832538221,0.0,4
2023100102,3330,0.0,0,58.0699996948242,54.4300003051758,24,3.8742358141072084,2.9673055892033036,0.5266838789593727,1.1676043850551405,0.0,4
2023100102,3413,0.0,0,35.6500015258789,36.9300003051758,8,5.452062273326398,1.5088063818795359,-0.3633285037511531,7.391244820732159,0.0,4
2023100102,3460,0.0,0,49.0699996948242,9.6899995803833,12,5.022519523540935,2.566281164456749,-0.02567817379170435,5.942634096089042,0.0,4
2023100102,3485,0.0,0,67.6900024414062,34.439998626709,12,4.201712493546644,1.389169780423193,-0.4489300787675857,7.8230684517010305,0.0,4
2023100102,3540,0.0,0,85.4700012207031,21.0699996948242,10,3.130495250387234,1.6999987469841802,-0.3717439197362639,5.22119718072398,0.0,4
2023100103,56,0.0,0,37.9300003051758,9.75,10,4.840216764529942,0.3687814803830511,-0.056839160954538274,5.56722552084968,0.0,4
2023100103,81,0.8035,1,51.6300010681152,6.51000022888184,9,0.5894065316150271,0.48373627872496416,0.10513390279877244,2.84692816909735,0.1905,4
2023100103,148,1.6235,2,58.0900001525879,31.8500003814697,11,0.8856631829775022,0.08246205700134804,-0.36050183839232813,2.279846486059971,0.0,4
2023100103,225,0.1534,1,87.25,22.0900001525879,9,2.6829273582403785,0.5162363238058952,0.16093920639820458,1.7510282693320514,0.0,4
2023100103,250,0.8174,1,74.5800018310547,28.3400001525879,6,1.173242630344063,0.5909305850116251,0.6395918379738704,1.9725364381932202,0.4748,4
2023100103,297,0.0,0,62.3600006103516,45.8600006103516,9,6.904680141855186,2.0793268317517883,-0.5483784795654228,8.191825193447421,0.0,4
2023100103,338,0.0,0,42.7099990844727,18.1399993896484,9,10.184580478783134,0.6041512126491034,-0.3828393750313186,10.422461321588102,0.0,4
2023100103,540,0.0498,1,50.0299987792969,30.3400001525879,10,2.8507026593204907,2.1592834894912865,-0.2506340535612588,2.152881789602024,0.0,4
2023100103,609,0.0,0,61.8899993896484,5.48000001907349,12,4.4585205392103235,3.17668111632419,-0.5092130387551826,5.706172096949057,0.0,4
2023100103,685,0.0,0,66.5899963378906,36.1199989318848,7,9.027320104564755,1.9547927567121628,-0.3454093397231636,4.301534609880527,0.0,4
2023100103,735,1.0758,1,12.3699998855591,51.060001373291,21,0.997247561299954,1.84837690549179,-0.7092687871762898,0.9585405573057441,0.0,4
2023100103,868,0.0,0,13.3299999237061,23.1200008392334,5,6.269227004397452,1.673618854515862,-0.33919545814750124,5.768474668402384,0.0,4
2023100103,1023,0.7413,1,47.6100006103516,10.7600002288818,12,1.506320410638108,1.6901189466524384,-0.21455417885202374,3.1689114850370923,0.4515,4
2023100103,1075,0.0,0,13.9300003051758,38.0099983215332,13,7.292748985918075,1.8830836974040084,-0.718204076529302,3.3510893751137085,0.0,4
2023100103,1231,0.0,0,37.7099990844727,28.3500003814697,6,7.007090217184872,1.8416576920835286,-0.1810750242398263,6.242451441541219,0.0,4
2023100103,1256,0.0,0,42.7900009155273,41.8800010681152,9,13.655803461284187,1.3322147967390852,-0.47058725277523195,14.775983892790354,0.0,4
2023100103,1330,0.0,0,53.9000015258789,5.67999982833862,19,3.437702994661364,1.1148537917146646,0.7767452995515296,3.9408755372378863,0.0,4
2023100103,1404,0.0,0,37.2400016784668,44.5200004577637,10,12.968345213233016,1.640123619445671,-0.19265031803296676,8.97875269734054,0.0,4
2023100103,1560,0.7615,1,39.4099998474121,38.689998626709,8,1.2637260252122529,0.9676789852064009,0.19814621776894978,3.1172423710709443,0.0492,4
2023100103,1607,0.0,0,41.9000015258789,15.8699998855591,8,10.793329748051498,1.3630833700863803,-0.030130293442618857,10.113916155476078,0.0,4
2023100103,1751,0.0,0,77.7399978637695,51.4599990844727,17,4.758022492544158,0.5813798893056042,0.21034576283587994,5.8986862944218315,0.0,4
2023100103,1810,0.0,0,74.0199966430664,23.7900009155273,6,11.272352353244441,1.7940165698490171,-0.3713849054550949,13.57178322844864,0.0,4
2023100103,1885,0.0,0,70.0100021362305,13.4899997711182,10,20.625083920727835,1.7366925275846978,-0.4985423241269684,23.161616955644526,0.0,4
2023100103,2000,0.0091,1,80.7600021362305,46.189998626709,11,2.9773329122132566,1.6642440766198054,-0.7319676568984498,6.209041794029095,0.0,4
2023100103,2174,0.0,0,56.2999992370605,16.7399997711182,10,3.6358912113983437,2.293818120875366,0.02045970103154785,2.440020491717231,0.0,4
2023100103,2219,0.3607,1,55.8699989318848,16.5300006866455,7,2.189611481645398,0.47539530156555965,-0.2936314452821565,5.393709298803563,0.0445,4
2023100103,2244,0.7333,1,67.1399993896484,35.7200012207031,9,1.397174385912634,1.2630111898265008,0.3492646016197001,1.3929106216839708,0.0,4
2023100103,2371,0.0,0,76.9800033569336,16.2999992370605,7,13.91353673919421,0.5333821328518724,-0.2696500595086939,13.310462050582618,0.0,4
2023100103,2396,0.0,0,91.9000015258789,12.2700004577637,10,3.5650089442504194,2.473154464519685,-0.35791050521459866,3.7540644640176346,0.0,4
2023100103,2465,0.2356,1,109.680000305176,31.5300006866455,8,2.5089432760238157,0.6181421883474377,-0.03681928365235041,6.0694151283299105,0.0,4
2023100103,2587,0.0,0,36.4099998474121,42.1399993896484,8,8.019182938125137,0.9350939339358617,-0.6475295124904921,9.141115905621156,0.0,4
2023100103,2636,0.0,0,30.6599998474121,40.1500015258789,8,6.59969832638355,2.1918014669802255,0.3055616974290313,11.148345168678626,0.0,4
2023100103,2709,0.0,0,3.84999990463257,12.6000003814697,18,4.114328229077156,1.5604166244826432,-0.3565433488459828,4.740010548511472,0.0,4
2023100103,2871,0.2714,1,71.0400009155273,29.0799999237061,7,2.3034113442460415,2.117664473630459,0.11510213668579937,1.123610252712211,0.0984,4
2023100103,2977,0.0,0,63.2099990844727,17.2099990844727,8,5.756961029307946,2.3424130783324126,0.10104328965088215,4.345123703647568,0.0,4
2023100103,3035,0.0,0,77.5599975585938,47.8400001525879,15,5.167690507969944,3.3854118923752687,-0.6191685436785078,7.893605006586033,0.0,4
2023100103,3105,0.2571,1,87.5899963378906,29.3999996185303,6,2.440511784898911,2.249003453629519,-0.22869558871479273,3.4838197427536426,0.0,4
2023100103,3180,0.0,0,107.540000915527,32.8699989318848,9,4.671071088598963,2.626118109041473,-0.5938537329176106,3.165643694416668,0.0,4
2023100103,3244,0.0,0,84.9300003051758,37.5999984741211,6,9.797739008514041,1.5616986441153555,-0.31390472118960305,8.09862333980288,0.0,4
2023100103,3409,0.0,0,87.0299987792969,45.9099998474121,10,6.634582558143876,1.7846567399830622,-0.34801235521782675,11.023270839455954,0.0,4
2023100103,3467,0.0,0,78.3199996948242,20.1700000762939,7,8.571312304322197,0.3275670083488499,0.40787420008210085,7.893826701923469,0.0,4
2023100103,3733,0.223,1,60.0800018310547,5.40000009536743,22,2.5583802175633346,0.39560254122553157,0.8368297206659329,1.596997182214174,0.0,4
2023100103,3816,0.9169,1,83.7699966430664,37.5299987792969,9,0.8729840162007588,0.689637780698976,0.47398245666203404,3.772982904811519,0.0101,4
2023100103,3875,0.0,0,82.7900009155273,30.25,6,11.934764629291706,0.27784841848244346,0.6047466343052768,10.29066081454442,0.0,4
2023100103,3923,1.1972,2,61.7799987792969,20.1399993896484,10,1.0830037653505988,0.8146765843042015,0.1902651955437588,1.0149384217773982,0.0,4
2023100103,3958,0.0,0,66.7699966430664,8.94999980926514,9,5.456052864840424,1.6620740650660604,-0.37419202646500405,4.7955187414918905,0.0,4
2023100103,4023,0.0,0,70.1800003051758,34.1800003051758,8,12.731732207075208,1.754822098716774,-0.4393610246722443,13.725469026594318,0.0,4
2023100103,4056,0.4978,1,47.8499984741211,28.6599998474121,13,1.5065840881366013,2.370336203249028,-0.3451210835525982,3.0021658848238237,0.2887,4
2023100104,228,0.4372,1,39.4199981689453,45.0800018310547,9,1.6883426968534638,0.6280123888535745,-0.2406940151724717,5.252351854169713,0.0,4
2023100104,291,0.0,0,42.7900009155273,31.0100002288818,7,3.9156729566800705,2.5249149608835455,-0.0070774137851631145,2.0220039564748613,0.0,4
2023100104,316,0.0,0,52.7599983215332,13.4499998092651,8,9.259126733382596,1.4847572909248414,-0.2910383391949792,8.680472337378882,0.0,4
2023100104,341,0.601,1,65.5100021362305,27.1399993896484,9,1.197079216730471,2.692673584737004,-0.25768759806487684,2.5950915205441203,0.0,4
2023100104,406,0.0,0,90.0100021362305,32.8800010681152,7,5.631280876524346,1.0340715617193814,-0.43497939200201224,7.355270219373313,0.0,4
2023100104,517,0.0,0,91.4800033569336,18.2800006866455,9,6.184281850090152,1.8788307742148345,-0.32423549116310024,11.15317443600699,0.0,4
2023100104,590,0.0,0,91.1800003051758,28.3099994659424,27,3.0420058396564476,6.415176950037556,-0.8432022723431711,1.6678429182629915,0.0,4
2023100104,613,0.4646,1,59.2599983215332,34.4500007629395,8,1.6062702407462597,2.1701859207324556,-0.3357845282299025,1.7266151858477354,0.1538,4
2023100104,767,0.0,0,52.7999992370605,9.11999988555908,9,4.099415299755161,0.5656861640364653,-0.23933140365734062,5.4157640273557,0.0,4
2023100104,903,0.0,0,72.1999969482422,23.9200000762939,6,3.645740225816639,0.8099411064741553,-0.25536529990763907,4.600010869552376,0.0,4
2023100104,1034,0.5969,1,72.6999969482422,1.04999995231628,16,1.2093364999285348,0.9808129395449118,-0.46386115673476763,1.4142135623730954,0.0,4
2023100104,1137,0.0,0,34.560001373291,5.36999988555908,9,4.2501045085850375,1.6233593855750492,0.04266049994204383,6.153015520864546,0.0,4
2023100104,1237,0.0,0,80.8600006103516,41.9300003051758,10,7.599960947438406,1.5743255449974047,-0.5021736620196519,9.392789787917122,0.0,4
2023100104,1316,0.0,0,55.0499992370605,14.4300003051758,11,3.26741535383601,1.1845682405436626,-0.5207791571184435,6.601674030122966,0.0,4
2023100104,1397,0.0,0,67.0299987792969,17.1000003814697,6,10.35676230037049,0.668506786007915,0.40349434176794796,8.260054479239217,0.0,4
2023100104,1490,0.0,0,59.560001373291,52.8199996948242,14,7.120343801148878,6.3531481096155575,0.251644253103209,5.43644185106399,0.0,4
2023100104,1513,0.8842,1,60.3300018310547,32.0499992370605,7,0.6296832762955432,0.4414764117402866,-0.22044952780883098,1.4320963654726582,0.458,4
2023100104,1560,0.0,0,60.0699996948242,44.8800010681152,7,3.0325074359147033,0.8299996948248828,-0.1476142016402678,5.506105701854986,0.0,4
2023100104,1693,0.0,0,36.3899993896484,39.1399993896484,10,3.062351881781758,1.5811384440641332,0.4184978986606787,3.003081750469007,0.0,4
2023100104,1893,0.0,0,84.8099975585938,39.0999984741211,7,9.694495632200429,0.9617670295347999,-0.20491416535226575,6.737039409117322,0.0,4
2023100104,2133,0.6855,1,64.0500030517578,49.0499992370605,16,1.6759789792685842,0.5077423599494881,-0.1983529847678714,0.8260750571225357,0.0,4
2023100104,2229,0.6637,1,96.9700012207031,2.07999992370605,23,1.6726321687354833,1.0697652156331794,-0.134868534397033,2.802802169258469,0.0,4
2023100104,2293,0.9438,1,115.330001831055,50.9599990844727,16,0.4172509900238882,0.6503057611705466,-0.5641240857273601,0.3471310991541976,0.0,4
2023100104,2335,1.7661,3,115.900001525879,2.86999988555908,16,0.33241442963511425,1.1360002642358447,-0.5266022325513984,5.168142799884693,1.5461,4
2023100104,2457,0.7796,1,81.7200012207031,30.2900009155273,6,1.0149395463362023,0.2745905043345465,-0.03512969173608553,2.486201922612087,0.6065,4
2023100104,2527,0.4925,1,73.0999984741211,30.8500003814697,7,1.67886801003158,2.824604597929787,-0.33467264895320614,2.7487451682540627,0.1203,4
2023100104,2672,0.0,0,68.4199981689453,4.98999977111816,12,3.827336429263135,0.5900018310547512,-0.16420175468795342,6.893511441928561,0.0,4
2023100104,2853,0.4068,2,85.9100036621094,1.85000002384186,15,2.0110907031512215,0.6030782600547883,-0.57055353303526,3.51882082521972,0.0,4
2023100104,2914,1.3595,1,71.2300033569336,48.9000015258789,15,0.32062094526237617,2.5744916111103695,-0.6427578795987864,2.5784685377176912,0.5935,4
2023100104,2937,0.7646,2,77.5500030517578,35.2200012207031,10,1.7822753935977713,0.6900711951714616,0.1488681401572929,3.1025795719046503,0.0,4
2023100104,3048,0.0,0,66.4899978637695,18.7800006866455,12,3.115784436156182,2.116531728975153,0.6914744993995765,4.933254503874692,0.0,4
2023100104,3160,0.0,0,49.7299995422363,46.560001373291,12,3.087168433297565,1.1936925616610214,-0.2285474931019632,2.8321899653801488,0.0,4
2023100104,3242,0.4639,1,104.160003662109,42.1100006103516,10,2.119813483331679,0.38470650721490246,-0.37362127419574737,7.923345253111217,0.0,4
2023100104,3289,0.0,0,98.4599990844727,27.2099990844727,7,8.973209353531058,0.8660818789506567,-0.14526020607240048,10.711134393704524,0.0,4
2023100104,3732,0.2577,1,49.6399993896484,32.6300010681152,8,2.424398060763273,0.5008998646835751,-0.088746666392906,2.526064132202508,0.0,4
2023100104,3757,0.0,0,52.8400001525879,14.1000003814697,9,5.296678082450026,1.5992812110917118,-0.4562903898128692,7.423880386967453,0.0,4
2023100104,3782,0.0,0,66.0899963378906,1.48000001907349,13,3.005880206232864,3.3407344096373306,0.02903834567317933,1.1666190466471877,0.0,4
2023100104,3844,0.5043,1,82.4800033569336,15.5699996948242,19,1.487074465627054,10.991318104834018,0.5922845397044578,0.902108640907512,0.0,4
2023100104,3915,0.0,0,46.0800018310547,42.2799987792969,9,5.7919332899608555,1.3081688116039387,-0.47694949120168384,6.763268440628389,0.0,4
2023100104,3984,0.0,0,22.2399997711182,14.5900001525879,7,4.61091088338296,0.5661269799129279,0.37526780764106304,3.4261494421580623,0.0,4
2023100104,4305,0.2518,1,50.2099990844727,36.8400001525879,6,2.4311527139769353,0.7569020969072318,0.3058845957170293,3.4951537877466885,0.0,4
2023100104,4352,0.0,0,114.309997558594,54.7900009155273,25,3.0424487771818303,2.6600740327800847,0.57294453091049,1.121784292990407,0.0,4
2023100105,62,0.5133,1,65.620002746582,18.4899997711182,12,1.4601378608335212,1.3865802379134649,-0.35303386522675706,2.5004999500099894,0.0,4
2023100105,436,0.5717,1,3.84999990463257,26.1399993896484,8,1.9485887102740498,0.9470475133480691,0.6840155223332148,1.4136477637657812,0.1527,4
2023100105,524,0.265,1,34.0900001525879,12.3900003433228,6,2.2051303091492196,1.5880805558881157,-0.3205892238017003,1.5853390804493512,0.116,4
2023100105,655,0.7372,1,80.2600021362305,29.4799995422363,25,0.7884776123614201,0.9826981765432672,-0.8843934472732161,3.7269961094693915,0.0,4
2023100105,805,0.0,0,32.7900009155273,40.1699981689453,9,3.2065266455568797,1.1628430877100242,-0.5076195762182537,3.8189527360259423,0.0,4
2023100105,830,0.0,0,19.8299999237061,24.6499996185303,9,4.294181865534774,4.121613576701185,-0.19024136645800216,3.8204711751301046,0.0,4
2023100105,875,0.506,1,11.9099998474121,3.01999998092651,20,1.4819242807573922,1.4271999042356993,-0.5268798027941773,1.2884486796143635,0.0868,4
2023100105,946,0.1276,1,38.3300018310547,8.4399995803833,10,2.617248590122565,0.6356870133775743,-0.06510251489311643,3.24098750383274,0.0,4
2023100105,1003,0.0,0,33.7000007629395,12.0,9,8.549999237060497,1.3446182015392358,-0.24857287656977442,8.811838627664489,0.0,4
2023100105,1103,0.2042,1,60.8199996948242,26.1900005340576,12,2.458373549034409,0.6129442781948032,-0.028131833998190955,0.9441398201537781,0.0,4
2023100105,1172,0.1969,1,103.849998474121,6.03000020980835,10,2.473238007087695,2.294277020604652,-0.3146235889660343,1.8752333188166217,0.0,4
2023100105,1195,0.2491,1,94.5199966430664,33.7299995422363,8,2.3864844747462133,0.13892130959826546,0.33138918136628187,5.152678914894661,0.0,4
2023100105,1293,0.0,0,88.1999969482422,49.939998626709,14,7.308053868981817,1.4707809180160933,-0.6459035579803944,5.984755634109048,0.0,4
2023100105,1318,0.8339,1,76.4700012207031,35.439998626709,9,0.4981977008176837,0.42011870750649627,-0.49308598235423196,0.8405355435673144,0.0858,4
2023100105,1360,0.6243,1,52.5699996948242,39.3400001525879,10,1.5417519282228132,0.5622277824386042,-0.4288733647124973,1.069626102897647,0.0,4
2023100105,1439,0.0,0,79.0199966430664,17.0799999237061,8,4.103586584087079,0.4382949408222821,-0.09551067260222626,4.484149863686544,0.0,4
2023100105,1486,0.1125,1,82.870002746582,38.9199981689453,10,2.7175142373835164,3.30287710920304,-0.7070447679585601,3.360014880919428,0.0646,4
2023100105,1615,0.0,0,73.1600036621094,41.5400009155273,7,13.10001892787409,1.3485183021904144,-0.5267639930535946,14.20065139351008,0.0,4
2023100105,1711,0.0,0,40.5999984741211,32.0900001525879,9,4.054554214527447,0.658633555015529,0.6576485519385556,1.6357261384473876,0.0,4
2023100105,1780,0.1989,1,64.9100036621094,0.540000021457672,15,2.475518810739321,1.6648094287025732,-0.2756626082274282,0.7629547824084991,0.0,4
2023100105,1829,0.1204,1,90.3000030517578,47.7400016784668,10,2.638656914976529,1.7242983333645407,-0.5427447030921416,4.340794858087638,0.0,4
2023100105,1861,0.6066,1,75.0500030517578,0.699999988079071,16,1.4623957037163267,1.4235896189367814,-0.39962778364593615,2.4994599416674066,0.0,4
2023100105,1922,0.0,0,75.1900024414062,45.7299995422363,9,5.503064539025883,0.44181691351137325,-0.3501613135155339,8.065147239821485,0.0,4
2023100105,2044,0.0,0,76.5599975585938,18.0699996948242,7,9.693583321196956,0.6811729995233026,0.062173349091132424,8.093417078095019,0.0,4
2023100105,2102,0.0,0,42.0999984741211,17.1800003051758,10,4.603326383599977,2.7997336266383273,0.028685586037253817,4.984505993576496,0.0,4
2023100105,2318,0.0917,1,64.3099975585938,4.13000011444092,13,2.7746175780864366,0.642806461145452,0.4898205101377208,4.481885763827547,0.0,4
2023100105,2526,0.5581,1,72.5,36.7000007629395,8,1.3257452231590794,1.7640012592131213,0.23759147177376785,1.9678668654154554,0.3469,4
2023100105,2610,0.0,0,63.2799987792969,44.6199989318848,11,4.678387628577293,0.2954672058851566,-0.38135325752242827,8.563976879931422,0.0,4
2023100105,2664,0.996,1,80.3499984741211,43.4199981689453,7,0.9730857610936292,0.44553313476731543,0.20514182369594408,0.9581753492967793,0.7613,4
2023100105,2692,0.9878,1,117.180000305176,23.7299995422363,12,0.551543828805285,0.3036443732323907,-0.6599465698756656,1.1503912377969507,0.276,4
2023100105,2744,0.0,0,111.900001525879,53.1500015258789,14,4.482880690707101,6.565221003512094,0.23719211018208408,1.3788763541376645,0.0,4
2023100105,2810,0.0,0,83.379997253418,34.3699989318848,5,6.0548557698399295,1.7101161948566475,-0.04189108945442167,8.924595228916546,0.0,4
2023100105,2966,0.0,0,56.75,40.4199981689453,5,10.748700524997304,1.2700393838871513,-0.23565785027675765,8.21533322513457,0.0,4
2023100105,3024,0.7601,2,76.25,6.05000019073486,11,1.425798209445376,0.7280111670843025,-0.11218449577367356,1.1364858116140297,0.0,4
2023100105,3047,0.6169,1,72.870002746582,41.8300018310547,11,1.3930215458170356,0.6708180185234908,-0.21672935802558627,6.041274699928825,0.0,4
2023100105,3157,0.4624,1,50.8600006103516,47.439998626709,11,2.231634895872091,0.8309628906057402,0.5151027996789238,2.008979840615632,0.2555,4
2023100105,3246,0.4546,1,85.7900009155273,41.7299995422363,12,1.636246027348235,1.2080555587527377,-0.23419149498696146,7.914947883593426,0.0,4
2023100105,3337,0.0299,1,113.720001220703,9.3100004196167,13,2.9104301799298318,1.4299990345885343,-0.6886289416220771,2.3935329536064445,0.0,4
2023100105,3403,0.2694,1,74.4100036621094,52.7400016784668,15,2.215517512850618,0.8709221436301355,-0.4602804592843556,3.988984833262712,0.0,4
2023100105,3433,0.7383,1,58.4799995422363,50.1800003051758,14,0.785174784063132,1.2831598249449614,-0.19843945524767562,1.1557248807566618,0.0,4
2023100105,3456,0.973,1,68.7399978637695,40.4900016784668,9,0.9398395904716599,0.7580244689905867,0.3364190307111231,2.1224985276791153,0.2096,4
2023100105,3596,0.0,0,43.5800018310547,48.0800018310547,14,5.030246653643431,0.47853730181192483,-0.529019825621586,6.282117477411576,0.0,4
2023100105,3752,0.657,1,58.5499992370605,4.46000003814697,9,1.8305194455209655,0.6029932926246765,0.1099120731851481,1.0673331251301064,0.1778,4
2023100105,3777,0.4117,1,81.3499984741211,9.72000026702881,17,2.1226858746457498,0.7500663763571906,0.1467674022432189,1.2587692401707307,0.0,4
2023100105,3916,0.0,0,69.1500015258789,24.4599990844727,6,7.495733090431634,0.7937895267306827,-0.3922852428912916,7.1738204605356595,0.0,4
2023100105,3970,0.0,0,68.0800018310547,10.6899995803833,9,11.06759869380071,0.028285862730078076,0.36029549690222046,13.981634382288785,0.0,4
2023100106,55,0.194,1,47.810001373291,21.5,10,2.5588486901855916,0.8839107970383904,-0.1528107238780986,4.798020425133684,0.2129,4
2023100106,102,0.4871,1,71.6600036621094,39.0800018310547,12,1.5602848086483134,1.3038366892833466,0.0031509612691373763,1.478276022940239,0.0,4
2023100106,158,0.0,0,93.4499969482422,52.2299995422363,17,3.1918809354766595,0.36055450121909194,0.4877498507227563,2.3138928237928393,0.0,4
2023100106,233,0.964,1,104.819999694824,38.8300018310547,8,0.7723323227732517,0.3899984271722862,0.2386738247020385,1.1067971810589439,0.2948,4
2023100106,369,0.0,0,78.0400009155273,10.6199998855591,10,6.407722825110073,0.6612119309662877,-0.07971849883170379,8.282421143602878,0.0,4
2023100106,835,0.7535,1,56.9099998474121,32.189998626709,6,1.3354038853430037,1.043504864260486,0.5058206766366781,1.6036520819679039,0.3678,4
2023100106,952,0.0,0,81.4000015258789,13.9700002670288,14,3.702647492164949,0.3413219948897379,0.2043895917955924,3.554729244260383,0.0,4
2023100106,1186,0.0,0,54.5299987792969,52.0800018310547,17,5.9464963074877994,2.779946246829053,0.6698324164086765,1.9702284131541703,0.0,4
2023100106,1596,0.6218,1,58.3899993896484,23.6499996185303,13,1.1346367874099088,2.506890851743338,-0.6382317755801321,1.4583552379307336,0.0,4
2023100106,1724,0.6481,1,91.2699966430664,19.9400005340576,7,1.0870623024805943,0.6624218957400732,-0.14844044304190354,1.4051334456200295,0.6775,4
2023100106,2008,0.1452,1,54.560001373291,53.2200012207031,16,2.6203049320670804,0.28178050553447437,-0.234581780960661,10.669831301384287,0.0,4
2023100106,2147,0.0,0,60.689998626709,16.3600006103516,15,4.711049421478554,3.9118908934875574,0.6919564510498416,1.9891706814650159,0.0,4
2023100106,2247,0.0,0,70.9899978637695,28.8600006103516,8,3.2750249143635393,1.2976880875477859,-0.29259136739121866,2.6595676340337677,0.0,4
2023100106,2337,0.2056,1,51.3199996948242,49.7599983215332,14,2.3831479624266443,1.8417655145468739,-0.6030513716036703,1.1360017605620132,0.0,4
2023100106,2543,0.404,1,91.8399963378906,12.9899997711182,11,2.3048855433344535,0.9126366917972595,0.2912185884095906,2.443869881969989,0.0,4
2023100106,2639,0.2416,1,70.4400024414062,34.3899993896484,11,2.2752822734408458,2.65610856700786,-0.4456144683927385,2.563766760062235,0.0,4
2023100106,2695,0.0,0,84.0,54.8600006103516,14,5.220345426508771,3.0152949503648685,0.6010175217763307,3.1821062207286555,0.0,4
2023100106,2827,0.5196,1,84.4800033569336,47.8400001525879,10,1.8233196024202438,0.6216907434604986,0.49178346400348494,2.407509086171852,0.0,4
2023100106,2926,0.0,0,42.8899993896484,39.2400016784668,14,4.470046418224564,5.98625167824383,0.507549838754418,0.5200961449578368,0.0,4
2023100106,3110,0.521,2,81.0999984741211,34.7799987792969,8,1.72629744678017,0.6074553748832022,-0.13830085465625933,3.291944713995054,0.0,4
2023100106,3189,0.0,0,83.4199981689453,42.8199996948242,7,3.71130532469885,0.48259664724198154,0.5200295629021732,6.174479735167977,0.0,4
2023100106,3212,0.5517,1,50.3899993896484,47.689998626709,21,1.3449547980566827,1.1542100498763541,-0.7279869079116774,1.0837435120913124,0.2309,4
2023100106,3248,0.299,1,14.8999996185303,52.3499984741211,10,2.2777172754626673,0.21633191272312685,-0.02993880283253448,6.707883421765768,0.0,4
2023100106,3398,0.0,0,24.7399997711182,13.6599998474121,8,15.578886627942428,3.002482336597419,-0.5520498096848282,14.57067259943754,0.0,4
2023100106,3423,0.0,0,40.5800018310547,5.34999990463257,12,10.366964989502469,0.4925426023264358,-0.29533260789202254,10.382331144786315,0.0,4
2023100106,3607,0.0,0,67.0599975585938,8.65999984741211,10,4.800769971445393,0.29999755859384053,-0.12247363300981857,4.924002437042448,0.0,4
2023100106,3654,0.3729,1,46.439998626709,18.4500007629395,10,1.9059132346938832,2.32692832998429,-0.6068645810395478,0.7653757247261002,0.0,4
2023100106,3723,0.5274,1,23.9899997711182,44.9099998474121,12,1.4179208723408734,1.0694391302948894,-0.6808089456472514,2.2398660674245643,0.0,4
2023100106,3746,0.0,0,16.9699993133545,4.80000019073486,12,6.315472378615228,1.0801849913227968,0.7987557543948546,6.744716450674557,0.0,4
2023100106,3823,0.0,0,14.4200000762939,35.1599998474121,7,4.626402495333468,2.107937550222303,-0.5938702385508332,6.279363025020929,0.0,4
2023100106,3897,0.544,1,39.7000007629395,3.26999998092651,13,1.6902656440074308,0.4393169098792355,-0.22838335624700176,4.686459217789057,0.0,4
2023100106,3927,0.3733,1,45.189998626709,52.6500015258789,15,2.0637122865102597,0.891854015979979,0.33285352214152697,1.2025389806571742,0.0,4
2023100106,4002,0.4324,1,45.0699996948242,32.5,8,1.7029388910643195,0.41109638533708914,-0.28747714860505713,2.9133657511544984,0.0,4
2023100106,4092,0.0,0,60.9099998474121,3.28999996185303,14,3.386517539821104,2.445915111294544,0.565491464909904,1.0207840124139866,0.8841,4
2023100106,4138,0.7325,1,51.1800003051758,2.09999990463257,19,1.593047436412017,1.0440308456395542,0.2868159623584225,0.7291776189653637,0.0,4
2023100106,4187,0.1056,1,43.1199989318848,36.2599983215332,9,2.770017890735368,0.30083408120279675,-0.12675661700663038,5.696534033954333,0.0,4
2023100106,4212,0.4246,1,48.7799987792969,18.5400009155273,9,1.9131402609221069,0.7527296396466976,0.35645633238103436,3.481048692563779,0.0,4
2023100106,4237,0.4297,1,63.9000015258789,49.6699981689453,16,1.7108176613298698,1.44941412092991,-0.6796646728012455,1.0049875621120903,0.0,4
2023100106,4391,0.0,0,49.0999984741211,34.0900001525879,11,5.760320613468382,2.0096033735532144,-0.3600546555947527,4.87262762788211,0.0,4
2023100106,4438,0.3591,1,60.0200004577637,34.5800018310547,5,1.922756832910628,0.5728002115930094,-0.07481767392836484,1.1763077828527637,0.1562,4
2023100106,4470,0.0,0,70.0400009155273,23.2999992370605,7,4.444613548618061,0.24207317740550685,-0.23326074266070268,7.0231901583254945,0.0,4
2023100106,4565,0.0,0,99.5599975585938,22.7600002288818,10,9.994705472330995,1.225400186996875,-0.327893457804355,3.6851322907054507,0.0,4
2023100107,63,0.0,0,31.1100006103516,13.6099996566772,10,5.406514095845801,0.29832935167296415,0.20126586854600853,10.237079661700399,0.0,4
2023100107,116,0.3465,1,54.8600006103516,8.06999969482422,12,2.241985894409875,0.4482184106580005,0.2427295829077301,1.6824089871371941,0.0,4
2023100107,192,0.3817,1,83.8199996948242,3.05999994277954,15,1.9608673102595013,1.1183025741516661,-0.41231405017922423,2.2042232191862943,0.0,4
2023100107,336,0.0,0,88.1999969482422,6.38000011444092,11,6.086125206960441,0.5048756860082642,0.5056128754624228,5.400490718444023,0.0,4
2023100107,408,0.2633,1,70.2399978637695,4.61999988555908,15,2.21020147604969,2.582128911347702,-0.6929994931000464,1.374372584127023,0.0,4
2023100107,455,0.0055,1,62.4099998474121,45.939998626709,10,2.986702827621038,3.7701067610381847,-0.4284652664353228,5.407263633299192,0.0,4
2023100107,584,0.0,0,66.4100036621094,42.7799987792969,8,4.065196442874048,1.2640052424513872,-0.3568405080531032,5.2918144336323785,0.0,4
2023100107,609,0.0,0,64.4800033569336,43.689998626709,9,15.616766455778068,0.5597353282654718,-0.5595367051372121,16.01490867910273,0.0,4
2023100107,653,0.0,0,39.2799987792969,31.6200008392334,10,3.763108966605381,2.1341281345304375,-0.3901712234485422,5.2467227866545425,0.0,4
2023100107,721,0.0,0,32.560001373291,47.4300003051758,12,13.382975124887652,0.7224954846528395,-0.18474560301677093,9.049254112908976,0.0,4
2023100107,808,0.0,0,52.1599998474121,49.5999984741211,17,5.636186213095602,4.011832258618433,0.49349743226810844,0.9615092303249121,0.0,4
2023100107,831,0.0824,2,63.0499992370605,26.0300006866455,8,2.890846607056603,2.642819540143814,0.1778549235537021,1.4434680460612954,0.0,4
2023100107,874,0.0,0,29.6399993896484,48.8199996948242,13,5.519248088543497,0.6621928736069987,0.08115659219675432,7.813993857177008,0.0,4
2023100107,996,0.0,0,33.3499984741211,16.4400005340576,9,5.145027010210324,2.286155055824635,0.3079812402075019,12.904456594525785,0.0,4
2023100107,1045,0.0,0,44.7299995422363,46.1699981689453,13,7.352312024050861,1.4824660268058492,-0.1066952231190954,9.91262326531176,0.0,4
2023100107,1075,0.0,0,50.3199996948242,16.8500003814697,8,6.658768519280424,1.315294974426323,-0.7084765814040104,7.057145315210676,0.0,4
2023100107,1120,0.0,0,63.0499992370605,48.3199996948242,7,5.646095200722802,1.6189495505096065,-0.3602241328127529,6.8707277634905575,0.0,4
2023100107,1195,0.0,0,23.2900009155273,23.2600002288818,7,4.095911694811736,1.766464454066804,-0.4040461046846772,5.268813908271956,0.0,4
2023100107,1220,0.0963,1,29.5699996948242,38.0099983215332,9,2.7300175576122494,1.5414941856341116,-0.48241927241026217,2.3269293070482386,0.0,4
2023100107,1289,0.2641,1,53.3699989318848,6.69999980926514,11,2.2896516380039382,1.5487100628378498,-0.3226191338206373,1.866011789887727,0.0,4
2023100107,1319,0.5355,1,73.120002746582,48.7200012207031,17,1.3935898279808516,1.5505132954932483,-0.6951809612530422,1.6824387061643606,0.0,4
2023100107,1374,0.6265,1,92.5400009155273,5.5,14,1.12057931631425,2.19993092653929,-0.6053751301090351,4.974746224683221,0.9969,4
2023100107,1451,0.0,0,83.1800003051758,42.6100006103516,11,6.724343426613719,3.2430380181487863,-0.7649467644519802,7.857136883114606,0.0,4
2023100107,1564,0.0,0,96.3399963378906,9.47000026702881,9,7.98068637969873,0.4420431703722247,-0.6484757146858956,7.420437992463782,0.0,4
2023100107,1634,0.0,0,105.980003356934,29.1299991607666,5,10.523709706860625,1.905147503128664,-0.14777579544863353,9.977985768680973,0.0,4
2023100107,1775,0.1387,1,72.7600021362305,51.0200004577637,14,2.583797380801037,1.227723254008229,-0.6193057268260144,1.890661259982867,0.0,4
2023100107,1936,0.0,0,42.8600006103516,35.1599998474121,8,3.5855956395971926,2.421177126014828,-0.2613309038339528,4.663668084244423,0.0,4
2023100107,1968,0.4377,1,48.0299987792969,46.3600006103516,10,1.6868919405068876,1.5831622192013144,-0.3653030096703224,1.2414910390333065,0.0,4
2023100107,2020,0.0,0,63.6399993896484,46.3400001525879,11,7.177869313995256,2.368396265355825,0.10950477930531737,5.784980553122025,0.0,4
2023100107,2097,0.1425,1,84.9100036621094,9.76000022888184,12,2.601111837787243,1.82988768269744,-0.43655533949038183,2.174626404695759,0.0,4
2023100107,2127,0.8939,1,106.269996643066,2.22000002861023,18,0.31827895032963766,0.6280154287030267,-0.7260724034667589,0.7184705978674423,0.0,4
2023100107,2214,1.0688,1,114.879997253418,3.39000010490417,19,0.5993316765267855,0.053852765585920136,-0.48299990508929647,0.8095060222135458,0.0,4
2023100107,2587,0.0,0,37.6300010681152,50.9700012207031,17,5.1282859342013065,2.0089796871913705,-0.749955039230343,4.534159238491738,0.0,4
2023100107,2612,2.051,2,9.01000022888184,37.1399993896484,34,0.5700879066011576,1.5727685647457494,-0.8946663046755591,2.9607600375579257,0.0,4
2023100107,2915,0.0,0,58.689998626709,39.4000015258789,9,5.65534313021008,0.5056672596141008,-0.10942793189753554,5.157567255984159,0.0,4
2023100107,3008,0.0,0,38.1199989318848,10.5100002288818,9,3.752025097321986,1.0208326105445351,-0.581242287773668,7.930952023559343,0.0,4
2023100107,3088,0.0,0,26.7600002288818,21.8700008392334,7,4.692600868372623,2.8496498554035545,-0.1932798900138956,5.414148132439674,0.0,4
2023100107,3178,0.0,0,54.6100006103516,36.5999984741211,14,3.3617985680018267,0.5769736582354443,-0.36423257066597575,2.20639978245104,0.0,4
2023100107,3413,0.0,0,32.9599990844727,49.2099990844727,11,9.20570501956412,2.111422358558837,-0.34812082558323015,14.69588377743918,0.0,4
2023100107,3497,0.0,0,47.2400016784668,2.5699999332428,9,5.122673421673287,1.4878827355010642,-0.3314107302971422,4.5914812424750275,0.0,4
2023100107,3522,0.213,1,80.25,32.9500007629395,16,2.5066712605996955,1.136001632958149,0.7868876570302716,6.5340492804998,0.0,4
2023100107,3550,0.0,0,60.689998626709,38.4799995422363,11,4.340287368683195,2.7800192979105525,-0.1670589612852989,3.4366553507734863,0.0,4
2023100107,3575,0.0,0,65.8199996948242,21.9899997711182,7,6.2324396642648185,0.9903535153920722,-0.5908497616256756,7.600322361584417,0.0,4
2023100107,3605,0.0,0,65.2399978637695,39.2099990844727,10,7.358677413943101,1.9949193080572292,-0.4486938586334634,9.786940277737466,0.0,4
2023100107,3666,0.0,0,75.2799987792969,31.1000003814697,6,5.235084840803121,1.6926025125180564,-0.43510636537026803,7.81142752638722,0.0,4
2023100107,3725,0.0,0,81.2600021362305,6.67999982833862,12,8.767722803313898,1.7817965784828529,0.014596295246385789,12.284433238859659,0.0,4
2023100107,3773,0.1929,1,88.879997253418,7.3899998664856,11,2.5564238762342724,1.5532235194094015,0.15641640967915518,1.85413052399231,0.0,4
2023100107,3843,0.1785,1,86.0599975585938,15.3599996566772,6,2.537121991195117,0.2801760624181758,-0.17513031079355998,3.6231064019705426,0.0801,4
2023100107,3894,0.0,0,78.5100021362305,34.2000007629395,8,4.539880887792888,2.2961060488740306,-0.036408976523059494,2.723600558084821,0.0,4
2023100107,3919,0.4132,1,63.4500007629395,48.3400001525879,12,1.7602560108562542,1.4499656936272487,-0.6113381301484038,1.2747548783981946,0.5628,4
2023100107,4000,0.0,0,54.060001373291,25.9400005340576,8,5.781696638944512,2.4220047227737416,0.29881417428985807,9.57527023117363,0.0,4
2023100107,4063,0.3639,1,5.57000017166138,52.4099998474121,23,2.2686117371183037,2.021484388964378,0.5588027646513369,1.364734406395618,0.0,4
2023100107,4093,0.0,0,10.5500001907349,42.3699989318848,13,4.163939773600595,2.0700968171484813,-0.016291461751845693,1.336001497005148,0.0,4
2023100107,4158,0.1737,1,78.0999984741211,16.3299999237061,30,2.5933176615163913,1.9319677072363084,0.2576841679768987,2.611915006274134,0.0,4
2023100107,4181,0.0,0,43.0299987792969,6.21999979019165,14,3.2915206197540736,0.7738873112490956,-0.6598847136874596,5.53364256164057,0.0,4
2023100107,4204,1.3995,1,51.1500015258789,28.1700000762939,12,0.2102393720719733,2.015563150093288,0.031840455336120406,0.9295697929687633,0.8105,4
2023100107,4373,0.6354,1,67.7900009155273,6.25,24,1.0937083725341559,2.8398585646967454,-0.788959137768936,2.344120304079976,0.0,4
2023100108,77,0.3285,1,43.2999992370605,19.5799999237061,7,2.298282353437876,0.23409366578562577,0.6743908359681695,3.8108398024582413,0.0,4
2023100108,102,0.7977,1,62.6199989318848,49.8199996948242,12,0.8746429046030558,0.41593256580028237,0.2784577318548503,1.713971995103773,0.3075,4
2023100108,154,0.0,0,76.2799987792969,21.6599998474121,7,3.584689521060922,0.18027849482083108,-0.06922995696196685,4.527659439489684,0.0,4
2023100108,179,0.6226,1,94.1699981689453,46.2099990844727,11,1.1323005524240377,1.808011971089187,-0.5947551679060955,0.733757453113768,0.0,4
2023100108,293,0.0,0,124.430000305176,38.0999984741211,16,7.480066501097789,6.664067120639137,0.3208328976652317,0.6264982043070796,0.0,4
2023100108,461,0.0,0,81.6600036621094,20.8999996185303,7,7.769185133517487,0.4304682076776166,0.19971028991242076,8.835077815163832,0.0,4
2023100108,486,0.0,0,71.7699966430664,14.0699996948242,8,4.264654151338536,1.1676442484043053,0.05083195635442864,3.647259244967383,0.0,4
2023100108,557,0.4136,1,63.25,40.3499984741211,10,1.764086269492866,0.3101611991928579,-0.1883626014471749,3.3115102294874488,0.0,4
2023100108,582,0.0,0,57.4099998474121,12.8900003433228,11,4.6522464014433025,0.531506949723016,-0.3095262709368609,8.502823060607572,0.0,4
2023100108,724,0.0056,1,20.6900005340576,32.8899993896484,6,2.9851136558787443,0.5360041683097782,-0.2958691167475463,4.800010416655361,0.0,4
2023100108,896,0.0,0,77.8099975585938,42.0699996948242,5,10.115653768881291,0.9213552725937141,-0.14072447158767232,10.948666585479716,0.0,4
2023100108,926,0.0,0,55.4700012207031,40.0299987792969,11,7.154745229348034,0.530755905344092,-0.2290488561186423,6.529632455199909,0.0,4
2023100108,990,0.8834,1,17.2900009155273,29.2199993133545,14,1.180676751767584,0.5345087394904173,0.06706273949300673,2.517935662402835,0.0,4
2023100108,1155,0.0,0,43.0,19.1200008392334,7,3.8554124970172072,0.38833023222947816,0.005357217770822483,2.5999999999999996,0.0,4
2023100108,1180,0.6039,1,54.2099990844727,22.25,7,1.4900003133686517,0.3001675354151706,-0.08002599213384119,3.5679966367697156,0.0,4
2023100108,1451,0.0,0,94.4800033569336,48.9799995422363,27,5.065464209837449,4.295884873495204,0.850452349724291,3.5176270410604884,0.0,4
2023100108,1500,0.2506,1,79.4800033569336,5.80000019073486,8,2.5454463567339434,0.6801491209300953,0.4289553012949373,1.9137659209004605,0.0,4
2023100108,1559,0.0,0,68.9800033569336,23.3199996948242,6,3.274953716389564,1.0183345287348726,-0.13010889811748858,4.312597824977424,0.0,4
2023100108,1584,0.0,0,22.3299999237061,21.3999996185303,27,4.152686001299685,3.197764978233687,0.8081192835271717,1.0430723848324241,0.0,4
2023100108,1607,0.0,0,51.5999984741211,45.9300003051758,15,7.667756869923726,0.5056666138550886,-0.11209405775199695,4.3246387132337425,0.0,4
2023100108,1659,0.0,0,29.5599994659424,47.1300010681152,9,3.112362357531899,0.21260321769731014,0.24751588674392005,5.045720959387272,0.0,4
2023100108,1800,0.302,1,18.6499996185303,31.2600002288818,6,2.2141588871017612,0.27802861358741743,0.04092133613727958,2.738046749053055,0.0,4
2023100108,1902,0.1009,1,41.5499992370605,41.3199996948242,8,2.697424746958404,1.4632155002665772,-0.034073831551054305,2.8114409117034658,0.0,4
2023100108,1925,0.4606,1,43.6199989318848,18.9400005340576,9,1.9983253563265444,0.6777914184847733,0.37060813906609175,4.2946711166281375,0.0,4
2023100108,1972,0.8306,1,81.4800033569336,37.4500007629395,23,0.5375858880662016,0.15556532611912777,0.7242039563909615,1.2614277624977162,0.103,4
2023100108,1997,0.0,0,79.5999984741211,41.8899993896484,8,14.71614829153104,0.2209079663401937,-0.46932530067626227,15.145190655782438,0.0,4
2023100108,2213,0.8537,2,69.9800033569336,52.189998626709,21,1.6182995120063761,0.5920339046881076,0.3621502716962762,1.7596022277776355,0.0,4
2023100108,2431,0.0,0,75.870002746582,37.2099990844727,6,4.21495174357808,2.1225014176849415,-0.0973526180450105,3.9044846010709295,0.0,4
2023100108,2456,0.5345,1,67.8000030517578,27.4099998474121,7,1.6552956879985392,1.5627197091652862,0.46365173248622626,3.8462579216688058,0.0,4
2023100108,2587,0.0,0,47.2900009155273,44.6300010681152,10,5.492949077043292,0.38013066906464615,-0.34261182564982456,8.041946281839987,0.0,4
2023100108,2612,0.4025,1,77.5699996948242,48.5099983215332,22,1.9576007147716599,0.7800656354646114,-0.6271896154531601,1.79011172835664,0.0,4
2023100108,2685,0.0,0,86.1399993896484,42.060001373291,7,10.215658892248921,1.768755129534383,-0.48671692766325536,11.041231815336541,0.0,4
2023100108,2777,0.0,0,72.3399963378906,43.6599998474121,8,10.546034338459046,0.8823230304526235,-0.38267495783040706,10.88967400797655,0.0,4
2023100108,2805,0.5136,1,24.4300003051758,24.3199996948242,27,1.4590754531479064,1.2788278553401842,-0.990174646677029,3.151586901863886,0.0,4
2023100108,2940,0.7888,1,71.7200012207031,42.7400016784668,16,1.5682176218253885,1.0594821859973507,0.4356262962286311,1.0916501271011716,0.0,4
2023100108,3078,0.2232,1,83.2099990844727,32.9199981689453,8,2.416713419846489,1.7602575096411968,-0.5488618791899951,1.9480503073586228,0.1486,4
2023100108,3103,0.0,0,110.860000610352,14.5200004577637,15,7.147510456025967,9.560586125111374,0.46206807852939874,4.685648300929121,0.0,4
2023100108,3272,0.4413,1,42.7200012207031,35.5900001525879,8,1.949896404938442,0.46872111564816404,0.023323674455595828,4.769287158475571,0.0,4
2023100108,3297,0.0,0,48.3199996948242,8.85999965667725,6,4.516857143951161,0.35227835538544794,-0.149174857939461,4.058780605058617,0.0,4
2023100108,3354,0.7492,1,55.8300018310547,32.6100006103516,7,1.0454653405656038,0.3584676895849224,0.13735363695296593,1.203037821516852,0.1531,4
2023100108,3417,0.0,0,71.7099990844727,49.6699981689453,10,15.716593598396603,0.14422306671594426,-0.3040681468711414,18.954178958741526,0.0,4
2023100108,3442,0.0045,1,110.080001831055,0.280000001192093,24,2.9910718730116628,2.0647536278249237,0.6072687987546284,1.7701977290687054,0.0,4
2023100108,3500,0.0,0,84.4700012207031,18.5499992370605,9,4.282918448061042,1.2589664361804092,-0.24723300231047457,4.906088054652093,0.0,4
2023100108,3681,0.4738,1,54.3899993896484,6.76000022888184,13,1.5784796302504356,1.3277419656760656,-0.32915821058367717,2.7202941017470903,0.0,4
2023100108,3704,0.668,2,36.439998626709,1.85000002384186,23,2.081176177975681,2.6500174946661055,-0.5667324858473259,1.0024470060806212,0.0,4
2023100108,3787,0.3778,1,54.2099990844727,3.22000002861023,26,2.3227991474847305,1.1672608399748736,0.7206872655781281,0.7816009211867649,0.0,4
2023100108,3973,0.7437,1,54.4199981689453,13.8199996948242,12,1.5519337106303788,0.23021560515515094,-0.5747265628319846,1.9123022773609797,0.163,4
2023100108,3996,1.2837,2,54.5099983215332,24.25,10,1.2126430177021272,0.3138464547685466,0.205173183015162,2.5193848455525822,0.0,4
2023100108,4079,0.0,0,48.8499984741211,7.78999996185303,11,3.8070577170967708,1.5206891211855706,-0.38831031929134496,4.224133047147074,0.0,4
2023100108,4131,0.962,1,6.34000015258789,49.9799995422363,24,1.113642326313632,0.41231052555405484,0.6256576608849134,1.3446189051177306,0.0,4
2023100108,4218,0.0,0,48.0699996948242,43.8899993896484,10,4.865079860051465,1.0742444485564904,-0.1796866148741737,6.065410126281647,0.0,4
2023100108,4293,0.5094,1,64.1699981689453,26.3999996185303,11,1.4717690832184,1.0551319961793628,-0.2947239273915522,2.034035397922064,0.0,4
2023100108,4318,0.0,0,67.5599975585938,10.6899995803833,8,10.553736401144684,2.132629041626052,-0.20355363515503078,8.541896744868795,0.0,4
2023100108,4382,0.6089,1,88.4800033569336,13.3000001907349,9,1.354839872355112,0.6888362596582261,-0.06819988879681471,2.9101546350666627,0.0,4
2023100108,4407,0.0,0,99.7300033569336,3.85999989509583,12,5.642868257505743,0.5813746247043933,-0.5030959848175129,7.16525645040008,0.0,4
2023100108,4437,0.147,1,105.319999694824,24.7700004577637,7,2.6119921270373565,2.146112740092988,-0.2421357326274609,6.496037253587769,0.0,4
2023100108,4467,0.5459,1,111.75,8.28999996185303,12,1.362424340903482,0.692603779532253,-0.47605727619107774,1.499333185119309,0.1198,4
2023100108,4570,0.0,0,82.4599990844727,34.6199989318848,7,3.0083206246940004,0.5288655472725315,0.08636269651224893,4.529293543147757,0.0,4
2023100108,4595,0.5892,1,59.3499984741211,3.50999999046326,23,1.2322733715231864,1.8721099442171152,-0.8209627351461403,1.4100354605470036,0.0,4
2023100108,4666,0.0,0,56.2099990844727,43.9500007629395,10,3.5267694940222287,2.7387955612092854,-0.33739890168778186,2.9202739597510314,0.0,4
2023100108,4696,0.6497,1,96.7099990844727,51.0299987792969,28,1.833819721043931,3.2547952257665314,0.8624022725073478,1.5115885683611054,0.0,4
2023100108,4793,0.0,0,54.0,14.5799999237061,10,12.43003220741965,1.0068762843516796,-0.4948270642644454,13.033817552812373,0.0,4
2023100108,4879,0.0,0,69.5800018310547,31.2000007629395,7,5.724506736861683,2.181969607162525,-0.24736114469244427,5.453255908170822,0.0,4
2023100109,146,0.0,0,66.0,19.2900009155273,8,7.529946289276311,2.466171908411212,0.1549458543831003,5.319924811498756,0.0,4
2023100109,201,0.0,0,91.75,47.060001373291,10,5.105536073640558,2.8452228956283268,-0.5380797093699808,8.05026707631493,0.0,4
2023100109,253,0.6407,1,108.699996948242,37.9700012207031,7,1.0778221778121344,2.654807475954978,-0.08991554721993666,2.7300183149568733,0.375,4
2023100109,461,0.7994,1,6.76000022888184,16.2299995422363,30,1.521183349353012,0.799250157847742,-0.02400606800008333,3.5215053599277666,0.0,4
2023100109,484,0.1199,1,36.7400016784668,15.7399997711182,14,2.780952101212126,1.112116309362326,0.14177725094837013,1.6724233913695423,0.0,4
2023100109,507,0.0,0,53.5499992370605,27.4599990844727,6,5.637765047123129,1.5699992370607672,0.252489731581095,4.929787013654853,0.0,4
2023100109,620,0.4191,1,36.1500015258789,10.9300003051758,10,1.742700534047537,1.5326461348945293,-0.4870388354783449,2.1958597405116764,0.0,4
2023100109,730,0.0,0,38.0999984741211,10.5799999237061,10,6.670203842182533,1.74630980032286,-0.5473977887760341,10.63092187912224,0.0,4
2023100109,787,0.724,1,57.7999992370605,51.75,15,0.9529431707327255,0.6576474379091585,0.1587995812652789,1.903943276465978,0.0,4
2023100109,822,0.0,0,54.0299987792969,48.5499992370605,13,5.089804828551965,3.2287008666801458,-0.6672806712375795,1.9817668884104394,0.0,4
2023100109,1274,0.0,0,47.7000007629395,25.3899993896484,7,10.384569615944535,2.561346937721792,-0.0007737645789417038,9.407241891224015,0.0,4
2023100109,1504,0.8813,1,63.0800018310547,4.11999988555908,24,1.2657425886384255,1.106796493461713,-0.38574844755469967,1.9194269978303415,0.0,4
2023100109,1534,0.0,0,83.3000030517578,16.0799999237061,9,3.6753517430982567,2.701200417026018,-0.7249527159633689,2.9320470664707936,0.0,4
2023100109,1559,0.0,0,97.2900009155273,13.6700000762939,8,10.037314459467197,1.186970045192592,-0.34939700770989934,5.959471453073674,0.0,4
2023100109,1673,0.0,0,92.870002746582,22.3600006103516,5,17.977499572898374,1.2714167704793224,-0.3900157966602028,17.88091999870252,0.0,4
2023100109,1724,0.8233,1,53.8499984741211,5.48999977111816,16,0.5300015258789511,0.5948096385961992,0.529160056051369,2.66067660567759,0.0,4
2023100109,1789,0.0,0,75.1699981689453,29.5699996948242,13,6.9481274073664885,1.2704734076110573,0.3313079339247606,5.444933424753696,0.0,4
2023100109,1900,0.0,0,72.7900009155273,16.4300003051758,9,4.912850011261807,2.702480949737174,0.026911087978601846,3.7610769734213045,0.0,4
2023100109,1947,0.0,0,70.1900024414062,11.710000038147,8,3.779658506903504,1.7376149223265867,-0.5187436248590579,6.455013555369195,0.0,4
2023100109,1979,0.3678,1,33.9000015258789,27.8899993896484,20,2.340618144495722,1.3209833285656798,0.7348326085134855,1.5160804727981942,0.0,4
2023100109,2042,0.8189,1,83.6100006103516,3.67000007629395,26,1.1677758502391515,0.5825800435489179,-0.8143238592649393,5.966573556070516,0.0,4
2023100109,2188,0.0,0,111.779998779297,50.9700012207031,16,3.8614522307132377,3.684564072227001,-0.034163593128034124,2.3957044892891157,0.0,4
2023100109,2211,0.0,0,104.339996337891,32.5699996948242,6,5.3282016994122685,2.3517035983443706,-0.044761069050421376,5.089056887086244,0.0,4
2023100109,2248,0.2005,1,115.26000213623,24.3500003814697,10,2.490082459214738,1.6012474413832394,-0.08763692216520359,7.151223671512449,0.0,4
2023100109,2439,0.0,0,35.9799995422363,36.7599983215332,7,3.7915842329409424,2.054119200163339,-0.21615928804227666,1.416615685357181,0.0,4
2023100109,2526,0.0,0,27.8700008392334,14.1300001144409,9,5.918994179543854,1.690117835050822,-0.59429803321873,5.127621280866987,0.0,4
2023100109,2607,0.2071,1,59.1399993896484,16.5699996948242,8,2.3785714717229665,0.7021400001669801,-0.5178931697394962,2.1181123671797963,0.0,4
2023100109,2717,0.3879,1,83.5999984741211,24.5900001525879,9,2.051828570368401,1.194363218337198,-0.45112041442341083,1.3472935834479431,0.0,4
2023100109,2822,0.5631,1,87.5899963378906,22.1000003814697,7,1.4669731273147404,1.1941979702410652,-0.5251380094602556,3.3567841753678493,0.5301,4
2023100109,2883,0.4232,1,79.7099990844727,36.310001373291,7,1.7302591568550616,0.775240828967556,-0.38325858892572706,3.5041261392820893,0.1975,4
2023100109,2908,0.0,0,73.3399963378906,22.5100002288818,12,3.596941806522624,2.1332819470367257,-0.21832515422151638,2.931637767528582,0.0,4
2023100109,2933,0.0,0,61.5299987792969,46.2099990844727,11,7.772618275770532,1.9022352943294158,-0.40718508650440655,7.163274390947198,0.0,4
2023100109,2958,0.1392,1,51.560001373291,20.2399997711182,8,2.596246425165617,1.5412009938817401,0.09009439286396469,1.2828094168659656,0.0,4
2023100109,3161,0.4992,1,37.3899993896484,14.8500003814697,23,1.502431284623372,1.6063935682207209,-0.5423675226440762,3.9915160027237717,0.0,4
2023100109,3287,0.0,0,13.0799999237061,16.75,7,13.734980946053,1.7149344317744593,-0.3599451285994925,14.311540797552166,0.0,4
2023100109,3321,0.0,0,37.7200012207031,52.4500007629395,18,3.425843652332521,4.333186904507132,0.5425240440325481,1.667693017314637,0.0,4
2023100109,3363,0.0,0,67.8300018310547,32.1699981689453,7,6.240521043396387,2.2400916870986247,-0.3428972019380138,3.4916185358655674,0.0,4
2023100109,3417,0.0,0,68.3300018310547,13.0100002288818,8,3.2900018310547035,1.766636223921543,-0.6091829329317715,5.170889672000357,0.0,4
2023100109,3469,0.4136,1,20.9699993133545,43.060001373291,22,1.759317167643371,3.44448880349072,-0.0008167186701917481,1.0929318368498573,0.4655,4
2023100109,3518,0.0,0,21.0499992370605,17.0900001525879,9,5.289461872154262,1.0324734013346666,-0.06699409465483862,5.271973065181575,0.0,4
2023100109,3543,0.0,0,30.2199993133545,16.1399993896484,8,5.714437464464784,2.0113677993333416,-0.06887641671483953,2.4734186867572587,0.0,4
2023100109,3568,0.0,0,36.810001373291,41.0699996948242,9,6.308762541279258,0.9552487146359018,-0.024296040895045137,8.20634510607493,0.0,4
2023100109,3621,0.0,0,50.2200012207031,18.5,9,3.691313193271732,0.7306155601143463,0.24308407426063952,1.9506409203131123,0.0,4
2023100109,3742,0.0,0,71.7699966430664,14.3100004196167,8,6.200083402565846,1.9370629135838864,-0.24714410343118431,6.229646859975292,0.0,4
2023100110,107,0.0,0,95.0999984741211,55.7299995422363,17,6.861558264758883,7.623921486345346,0.4929837529365586,0.726911273815449,0.0,4
2023100110,526,0.0,0,46.2999992370605,28.4599990844727,7,8.845841946636513,1.7768803585484523,-0.3681182755780496,7.337901607407938,0.0,4
2023100110,556,0.0,0,67.629997253418,-1.98000001907349,18,6.541099151849532,4.480678735731743,0.5769511130898746,3.4439802554602426,0.0,4
2023100110,599,0.0,0,71.9400024414062,26.0699996948242,6,8.026737911292939,1.9226303631830945,-0.19086806770273415,6.8052479749087755,0.0,4
2023100110,653,0.0,0,49.5900001525879,35.6699981689453,10,3.9401148784179303,1.6685931382204928,-0.4606406411437222,5.564287914908788,0.0,4
2023100110,963,0.5103,1,43.7299995422363,48.9900016784668,10,1.579273722353203,0.699715483475646,-0.3654260594316946,1.930802941783546,0.0,4
2023100110,1008,0.0,0,57.310001373291,36.6300010681152,16,3.7174713293743182,0.8364824359205411,-0.16568284995591642,9.907916027096723,0.0,4
2023100110,1082,0.0,0,60.0800018310547,42.0699996948242,7,4.607517367996592,0.19105152079269178,-0.06783493949394558,6.686718178598526,0.0,4
2023100110,1129,0.0,0,38.6300010681152,46.6699981689453,17,5.554545577422141,0.616118412480819,-0.5065880910861466,1.4276203977248316,0.0,4
2023100110,1184,0.0,0,27.5200004577637,47.2900009155273,11,8.373972595964512,0.5514516808387877,-0.6044714650895807,11.779393023411693,0.0,4
2023100110,1209,0.924,1,10.0200004577637,34.1399993896484,7,0.9646247236851131,1.7311853191538076,-0.027465567325766747,0.6453681120105034,0.6119,4
2023100110,1252,1.8408,2,3.89000010490417,29.5400009155273,15,0.20808571201446358,1.424674601027194,-0.24917260272311553,1.6011246047700363,0.0,4
2023100110,1325,0.2442,1,63.0699996948242,32.4199981689453,12,2.267377970818356,2.9789272656129424,-0.7633250251533273,2.921660486778022,0.0,4
2023100110,1623,0.0,0,33.9500007629395,14.6700000762939,9,12.29884883660611,1.28140551885819,-0.17288800852090816,13.070397851634048,0.0,4
2023100110,1752,0.0,0,27.0300006866455,32.3300018310547,9,4.618885019520518,2.2294619047037476,-0.12711521350233906,5.0899312372565495,0.0,4
2023100110,1922,0.0,0,38.0200004577637,41.3800010681152,11,7.014022148860994,8.098254024946653,0.33825633551755857,12.640098892018212,0.0,4
2023100110,1945,0.6702,2,46.810001373291,28.2900009155273,10,1.3360000099603948,3.503212328949921,-0.42636296773680904,0.9708243919473807,0.0,4
2023100110,2045,0.1578,1,72.8099975585938,46.6800003051758,6,2.7038654942223386,0.909558048456507,0.38065052946014394,2.8125611104471946,0.0,4
2023100110,2087,0.4742,1,41.439998626709,13.6999998092651,8,1.6949938701422913,1.0778694192227793,-0.36937546510452823,4.0697051490249265,0.0,4
2023100110,2148,0.0,0,35.5499992370605,33.4000015258789,7,7.068897239224415,0.07810415739465025,-0.18455852809501808,9.806171526135978,0.0,4
2023100110,2173,0.5375,1,46.060001373291,47.189998626709,9,1.3874060015769787,1.2949522349868041,-0.5664711410005855,1.6352675622050323,0.0,4
2023100110,2317,0.0,0,31.75,39.6699981689453,9,11.541169094586015,2.6833763853934105,-0.5588106336430522,10.275349142486592,0.0,4
2023100110,2435,0.557,1,82.6800003051758,2.91000008583069,19,1.329135370434211,1.336899678348987,-0.7403240844573941,0.9213576938409973,0.3796,4
2023100110,2458,0.0662,1,77.1100006103516,-0.759999990463257,22,2.8293109621453514,1.7788199924470378,0.05806354222607485,0.9730878685915282,0.2494,4
2023100110,2550,0.0,0,52.3699989318848,20.8500003814697,7,9.599402140359162,0.8796601376121681,-0.2937121441700425,9.79369695263234,0.0,4
2023100110,2575,0.0,0,72.9700012207031,14.75,7,9.008356094016461,0.4104862957821456,-0.2596356175042636,7.095667692331704,0.0,4
2023100110,2642,0.0,0,81.9400024414062,36.6399993896484,8,3.754530989898501,0.8900555951224476,0.28647126026583486,2.317282891664283,0.0,4
2023100110,2747,0.0,0,101.089996337891,40.939998626709,7,6.383294555600268,2.9508313208355794,-0.011686971956469231,7.600796010945178,0.0,4
2023100110,2979,0.8087,1,43.6800003051758,4.80000019073486,15,0.573846962574896,1.467310824312777,-0.6478196932702492,1.560416611036937,0.0,4
2023100110,3002,0.8237,2,34.5299987792969,36.2999992370605,19,1.4708488484004778,2.08355551321822,0.23628534792304826,1.51238222681966,0.0,4
2023100110,3067,0.0,0,36.5999984741211,10.5699996948242,9,5.881438436702299,1.428742257112271,-0.3316991912728488,5.434013249891831,0.0,4
2023100110,3122,1.8122,2,90.9000015258789,29.0900001525879,22,0.5727133434213055,0.1941664029727347,0.7857040223082474,2.0911719202399386,0.0,4
2023100110,3150,0.0,0,58.75,23.8899993896484,6,7.262293280963735,1.0716809568348993,-0.1188633779055978,6.657063917373783,0.0,4
2023100110,3369,0.4411,1,50.8199996948242,14.1300001144409,7,1.676722700700745,1.393879332969388,-0.433569790876375,1.2912009913255196,0.4499,4
2023100110,3582,0.0,0,51.9500007629395,9.36999988555908,12,4.693154520146987,2.7327099153209717,-0.4294846411476083,3.0205959676858507,0.0,4
2023100110,3607,0.0,0,49.060001373291,42.9599990844727,12,4.860793663808079,2.3038462500670165,-0.5606194258755287,5.977591488216643,0.0,4
2023100110,3642,0.0,0,47.4300003051758,24.6000003814697,7,7.926292166893286,0.7889233865614383,-0.4017682733883634,6.442359816092236,0.0,4
2023100110,3667,0.0,0,36.4199981689453,8.64999961853027,10,6.005440065393367,6.244238001787328,-0.33795165903794483,0.9604686356149281,0.0,4
2023100110,3690,0.3253,1,30.1700000762939,7.1100001335144,14,2.0593444504273606,0.49769480701116625,-0.4449021137342579,0.9170605214488303,0.0,4
2023100110,3720,0.0261,1,20.7000007629395,47.0900001525879,13,2.9218152818096685,0.524309380555714,-0.5573042899511707,4.997679461510112,0.0,4
2023100110,3750,0.0,0,14.9399995803833,46.0699996948242,10,5.297480139773921,1.4543725187234784,-0.55765951172507,5.59746371136071,0.0,4
2023100110,3803,0.0,0,14.3500003814697,35.0,7,6.642507345118704,6.105776232610387,-0.06205654695173559,0.9508417323613844,0.0,4
2023100110,3911,0.0,0,36.6699981689453,22.1700000762939,7,5.948993338946483,0.8759559623433434,0.15300754390607393,5.1399708170377805,0.0,4
2023100110,3936,0.0,0,66.8499984741211,41.4199981689453,27,8.606004265495715,14.59255421798192,-0.7457624818753946,2.085689334488723,0.0,4
2023100110,4017,0.0,0,35.1399993896484,21.1100006103516,9,3.3771725339003416,1.5433073679071627,-0.12884086252241775,1.9553260597659892,0.0,4
2023100110,4042,0.505,1,26.1000003814697,14.75,9,1.4848572756835787,1.0288346588787507,-0.3663500765559232,0.53,0.1864,4
2023100110,4088,0.7079,1,21.5499992370605,32.7900009155273,10,0.8761851627677981,6.825187543479171,-0.5074285652300188,2.188058500132023,0.0,4
2023100110,4111,0.1864,1,15.4200000762939,3.75,14,2.440758134597995,1.488388450145905,-0.44024270993892006,1.3102671483327375,0.0,4
2023100110,4136,0.2559,1,12.8699998855591,42.9199981689453,9,2.232331923323886,2.2638468825597693,-0.29393395690561497,2.2455511572885585,0.0,4
2023100110,4243,1.1755,1,54.2400016784668,49.189998626709,24,0.9915647590507839,0.43863409788896274,-0.7578441179913551,2.683281572999749,0.0,4
2023100111,55,0.0,0,33.1399993896484,19.9300003051758,6,10.83904568852763,0.5280158217405247,-0.4310303627577771,11.130071877575636,0.0,4
2023100111,80,0.0,0,55.0,51.25,12,7.262595954615679,0.3001666203960698,-0.4341150439699647,7.290685838794594,0.0,4
2023100111,110,0.0,0,75.0599975585938,9.97999954223633,11,3.640029941059207,1.27412885637891,-0.2956432864018721,5.515142790535902,0.0,4
2023100111,157,0.8727,1,109.830001831055,23.0300006866455,12,0.38183685262516326,1.4549900135874487,-0.678603459128991,1.2822246293064192,0.471,4
2023100111,180,0.0,0,92.4300003051758,11.1599998474121,9,5.348691156308359,0.5646234280284662,-0.3926840805241459,4.331108403168875,0.0,4
2023100111,205,0.7723,1,115.529998779297,2.05999994277954,15,1.0704205011167796,0.21954554610007027,-0.41805806095030335,1.280351514233495,0.0,4
2023100111,228,0.0,0,103.400001525879,22.2299995422363,5,5.2118791210243405,5.174638640682751,0.005664972222718957,1.6717057157287005,0.0,4
2023100111,318,0.0,0,72.370002746582,25.7700004577637,9,3.04304402636878,0.5554262548644062,0.4033892004439717,3.2630813658258715,0.0,4
2023100111,365,0.0,0,70.8099975585938,25.4400005340576,8,5.199777559218353,0.5981622691937735,-0.35053448217878946,6.083165294482801,0.0,4
2023100111,390,0.0,0,46.9599990844727,11.6099996566772,15,8.594468804322632,0.4382918997993479,0.298503436030641,8.719936926377393,0.0,4
2023100111,582,0.2036,1,47.2999992370605,42.75,14,2.389331143051967,2.009279183721246,-0.48423542860184365,1.8202472359545012,0.0,4
2023100111,629,0.0,0,61.1699981689453,35.7099990844727,9,9.482997197724732,2.419630117602692,-0.5403469985019285,7.354889530101724,0.0,4
2023100111,676,0.0,0,75.2399978637695,37.5400009155273,7,4.913188577398177,0.6441287805957691,-0.25854036331120395,2.5690854403853494,0.0,4
2023100111,723,0.4782,1,84.0100021362305,24.1800003051758,6,1.8645369933223572,0.17087818184892367,-0.32609948762403446,4.58207376632022,0.0563,4
2023100111,770,0.943,1,111.290000915527,50.8699989318848,23,1.0677545362850829,0.16124632839207012,-0.2591909628134143,1.0941663493271925,0.0,4
2023100111,881,0.6224,1,64.8000030517578,30.5300006866455,12,1.555889353687478,2.5616432155463853,-0.41564712251814745,1.0893117092917,0.7517,4
2023100111,948,0.0,0,62.7299995422363,33.6100006103516,8,3.5102427015597337,2.1430820823683328,-0.18884925146794446,1.2408464852672145,0.0,4
2023100111,1007,0.3767,1,67.8199996948242,39.5400009155273,14,1.870025823894495,0.9126890857178142,-0.19942839356865502,6.7686113790053035,0.0,4
2023100111,1086,0.0,0,69.4300003051758,10.1499996185303,8,5.706925818643519,2.02311636757042,-0.6357811571387665,6.128523476335879,0.0,4
2023100111,1294,0.0,0,32.5699996948242,43.9099998474121,11,7.023795509116295,0.5821514740557272,-0.1780082236129419,7.207947003134804,0.0,4
2023100111,1341,0.268,1,38.939998626709,18.9699993133545,10,2.3325965254626544,2.36579919614686,-0.12073695303309062,2.433125561905923,0.0,4
2023100111,1422,0.0,0,68.1900024414062,16.7099990844727,13,3.7878382187717996,1.2529938074277462,0.5864377197584344,4.639191739947812,0.0,4
2023100111,1447,0.0,0,56.2200012207031,44.8600006103516,13,6.398016539304119,3.746065219195521,-0.5011196582353399,3.6136546597592853,0.0,4
2023100111,1543,0.0,0,29.2600002288818,29.5200004577637,6,6.180809421061882,2.1010710083238773,-0.09048839560603326,5.975558551298782,0.0,4
2023100111,1613,0.0,0,18.4699993133545,42.9500007629395,9,3.588048745325115,0.5280155587659866,0.4647372280660371,6.279363025020932,0.0,4
2023100111,1681,0.0,0,35.7299995422363,19.9500007629395,7,6.209218968220827,0.5249768584472356,-0.4269938473229315,7.312797002515519,0.0,4
2023100111,1737,0.0,0,38.5299987792969,45.2999992370605,16,3.6680922590529947,1.5069519757458307,0.2766482623732623,5.741750604127626,0.0,4
2023100111,1811,0.0,0,51.4599990844727,34.7000007629395,8,3.8168192374263605,4.2854405909965445,-0.188560037958033,1.0941663493271947,0.0,4
2023100111,1865,0.8212,1,64.0699996948242,45.939998626709,12,1.244588796585045,2.098309895104996,0.3136220855759167,2.8492981591963904,0.0,4
2023100111,1955,0.0,0,37.8899993896484,29.7299995422363,8,6.943846935897001,1.623730913128086,-0.23536338031041343,6.9918380988120745,0.0,4
2023100111,1982,0.7594,1,34.3300018310547,5.34000015258789,6,0.7227707046210683,9.081330919066868,0.3571192655681923,1.1593532679903937,0.6496,4
2023100111,2025,0.0,0,71.8300018310547,4.32000017166138,8,4.651302727900814,3.970795125921361,-0.1751024358747842,5.0980192231885475,0.0,4
2023100111,2050,0.0,0,61.3199996948242,27.0499992370605,9,5.209990301141534,3.856487920955186,-0.41841681131407304,2.064969733434367,0.0,4
2023100111,2252,0.6559,1,61.9700012207031,41.7900009155273,18,1.032328992819778,1.4634218056834865,-0.5739813937826377,0.8122191822408554,0.0,4
2023100111,2361,0.0,0,49.689998626709,42.2900009155273,11,4.506271777562365,5.287237752701502,-0.6389997786810222,2.035534327885427,0.0,4
2023100111,2395,0.6094,1,73.4199981689453,5.17999982833862,17,1.1717097194657125,0.9350948350942063,-0.5274568793436413,2.588049458569132,0.0,4
2023100111,2436,0.0,0,60.9300003051758,43.3400001525879,10,7.3156886900777796,4.508946346854599,-0.3791940545478983,6.518527441071342,0.0,4
2023100111,2483,0.0,0,71.0999984741211,17.6100006103516,8,6.371469285951184,2.731227811605912,-0.6001603851978924,7.722544917318392,0.0,4
2023100111,2512,0.7625,1,78.5199966430664,19.0,6,0.872066742195402,4.88428378896177,-0.3169804396930132,2.23486017459706,0.7889,4
2023100111,2535,0.0,0,78.6100006103516,12.1599998474121,11,3.0034142289467503,3.012938157503818,-0.07393705847495155,2.670674072214726,0.0,4
2023100111,2592,0.0,0,100.410003662109,14.539999961853,9,3.5481931161739824,3.243760779569142,-0.10658123959853204,4.207766628509719,0.0,4
2023100111,2680,0.0,0,84.0199966430664,7.73999977111816,11,3.008318616105581,1.1207111716605507,-0.636551169185859,5.034381789256747,0.0,4
2023100111,2727,0.0,0,70.9899978637695,13.5699996948242,17,5.255523063841073,5.051942348293725,-0.025298883817942732,4.057708713054693,0.0,4
2023100111,2791,0.0,0,59.9000015258789,45.3499984741211,10,7.238298772240317,5.834595140861817,-0.44896828427061414,3.443268795781123,0.0,4
2023100111,2903,0.6699,1,92.1900024414062,17.1599998474121,9,0.9902013046160206,3.4420474085280937,-0.0932324060514566,4.965682229059778,0.0,4
2023100111,2986,0.0,0,71.4499969482422,22.3899993896484,10,3.243266909927877,1.8878793240816159,-0.3263457911894908,2.3908157603629823,0.0,4
2023100111,3055,0.8205,1,44.2799987792969,47.7299995422363,25,0.5385172400887602,1.2083875937727968,-0.4121614038507341,0.9693296652842092,0.0,4
2023100111,3089,0.7102,1,53.3499984741211,3.60999989509583,18,1.5346986527648232,3.1453445091839796,-0.7120735266110422,2.308007798946963,0.0,4
2023100111,3207,0.0,0,85.3199996948242,46.0999984741211,15,4.500044886386629,3.588928013302895,-0.6508007577634881,1.107248842853306,0.0,4
2023100111,3331,0.0,0,23.5699996948242,12.5900001525879,10,5.2091172022107,0.9837177757017521,-0.3507317945059451,6.187059075198815,0.0,4
2023100111,3378,0.1319,2,40.8699989318848,19.6000003814697,10,2.7127293972634057,1.940644631795128,0.1958669176484445,4.080012254883555,0.0,4
2023100111,3540,0.0,0,17.1800003051758,9.03999996185303,9,3.9794095981652333,2.3994376334312664,-0.5633264342377101,5.24492135308052,0.0,4
2023100111,3658,0.0,0,45.3899993896484,29.2600002288818,10,4.506007285852646,2.881753323695251,-0.07582945339889938,2.240200883849484,0.0,4
2023100111,3683,0.0,0,60.5299987792969,2.63000011444092,13,4.467539663197598,3.4872637064198146,-0.4953089342705641,0.468721665810319,0.0,4
2023100111,3706,0.0,0,70.8300018310547,48.3199996948242,19,3.498469564600642,3.165453523320833,-0.520209863048937,1.3822445514452188,0.6351,4
2023100111,3859,0.0,0,68.0699996948242,20.0699996948242,10,6.119493288492953,2.4472429156468474,-0.019118779676296903,1.5352524222420187,0.0,4
2023100111,3906,0.0,0,58.4599990844727,44.5099983215332,11,5.254788361125393,4.274786855281206,-0.6014975915028348,3.6480268639361753,0.0,4
2023100112,55,1.2141,2,79.8300018310547,14.7799997329712,7,0.9630168286194924,0.2765875501826304,-0.15369246598572434,2.6583641586509525,0.5912,4
2023100112,102,0.7474,1,66.4300003051758,45.0099983215332,11,0.757695537045315,6.627705356059971,0.3023570808134991,2.239866067424566,0.516,4
2023100112,307,0.3543,1,77.7200012207031,24.8199996948242,9,1.9780031326628016,0.7481297522638136,-0.4300367057369846,1.8595160660774102,0.0,4
2023100112,332,0.0,0,84.7300033569336,21.0799999237061,7,6.590569862884813,0.3573481502845214,-0.0007682733519689875,3.5640566774393454,0.0,4
2023100112,357,0.0,0,98.9000015258789,43.7799987792969,10,5.275488553677697,0.6964174726027587,-0.17978178253031907,5.176649495571432,0.0,4
2023100112,471,0.0,0,98.2799987792969,17.6100006103516,7,3.091956454149637,1.07377954089436,-0.46668369534156684,7.48288714334248,0.0,4
2023100112,610,0.0,0,84.5599975585938,13.9200000762939,10,4.015430789701949,0.5015964047449929,0.7131197660355509,2.109241569853961,0.0,4
2023100112,667,0.2569,1,74.25,7.30000019073486,10,2.229259936093355,0.12041592994840952,-0.11630143570668916,4.36175423425026,0.0,4
2023100112,692,0.0,0,76.0,41.9599990844727,8,13.924431684912804,0.5437838194411089,-0.25790260575078156,11.903835516336743,0.0,4
2023100112,804,0.0,0,57.6699981689453,19.3299999237061,8,5.39082684871784,0.9462567815719614,-0.11714737510637811,4.509190614733427,0.0,4
2023100112,895,0.51,1,75.75,9.97999954223633,10,1.469863886337964,0.6876769503283521,-0.5423495689306288,1.1220071301021264,0.0,4
2023100112,940,0.0,0,38.9700012207031,18.5100002288818,8,5.220087180012667,2.2588722372416337,0.17226621125233357,1.2083873551142428,0.0,4
2023100112,1183,0.9704,1,62.5200004577637,32.810001373291,8,0.321402846021608,0.7034203069118515,0.5917522607112035,2.9205821337534754,0.4391,4
2023100112,1253,0.0,0,106.0,43.0,21,4.6641183518431415,4.354595273960598,0.8506575161542125,1.6905620367203318,0.0,4
2023100112,1351,0.4512,1,82.9899978637695,35.8899993896484,10,1.8062411889532168,0.8514711641127761,0.1377457311910014,3.204496840379149,0.0,4
2023100112,1376,0.2464,1,89.1100006103516,48.4700012207031,11,2.2607294819436046,0.5502716836100812,-0.2813312713011807,2.599326835932723,0.0,4
2023100112,1432,0.0,0,103.279998779297,54.3499984741211,16,5.136319711806234,4.0547484182266755,0.5736834011429718,1.5910059710761666,0.0,4
2023100112,1498,0.0,0,79.5699996948242,17.2000007629395,7,3.4864873860682812,1.8172782869761999,-0.19496423069153132,5.394070818964091,0.0,4
2023100112,1523,0.9248,2,35.1300010681152,26.0400009155273,23,1.5620513418364523,0.8273450317961131,0.7869332993330307,2.404204650190993,0.0,4
2023100112,1548,0.0,0,23.2199993133545,3.40000009536743,13,9.339903000709828,0.40496852328641614,-0.3262168501771692,11.615455221384998,0.0,4
2023100112,1595,0.2822,1,14.9200000762939,22.8700008392334,8,2.3027383375709496,2.008034646939932,-0.10468731134140437,2.3754157530840807,0.0,4
2023100112,1734,0.5246,1,34.5400009155273,26.75,6,1.5628493222800877,1.3948837111486265,0.4850563148067874,2.822941728056037,0.0704,4
2023100112,1838,0.7472,1,50.9000015258789,15.8599996566772,6,1.5380819618011807,0.7158903103582986,-0.45062018738536447,2.040122545338882,0.5584,4
2023100112,1890,0.0,0,56.9799995422363,37.6399993896484,8,5.114313876763399,1.1300449774242007,0.13803099032645652,4.049308582955856,0.0,4
2023100112,1915,0.0,0,60.2099990844727,44.5,8,3.98131978987969,0.577061093486725,-0.42969836288133173,7.92011363554842,0.0,4
2023100112,1940,0.5751,1,96.6100006103516,45.5800018310547,23,2.0529255545497658,1.6717067964464112,0.858704214709004,1.4773286702694144,0.0,4
2023100112,1977,0.483,1,90.3399963378906,52.3300018310547,23,2.0276567707571136,0.9774445828866232,0.5691325194387518,1.462634609189867,0.0,4
2023100112,2006,0.0,0,114.75,52.7099990844727,17,4.911587426295477,0.7178431269321375,0.5690634422788347,4.601086828130933,0.0,4
2023100112,2160,0.3001,1,28.4200000762939,33.4500007629395,9,2.0999043237599238,0.574281659766575,-0.2973051738705801,5.36003731330296,0.0,4
2023100112,2207,0.0,0,60.1699981689453,7.42999982833862,18,5.441322034187978,1.1130599490519182,0.26421171890512274,5.576755329042145,0.0,4
2023100112,2237,0.1702,1,68.5899963378906,17.2099990844727,6,2.514477680188247,2.266121046184809,-0.11158192888560368,0.9633794683301059,0.0,4
2023100112,2304,0.0,0,66.620002746582,50.6500015258789,13,4.975791117734385,3.182343183252899,0.5563128007875673,3.144280521836425,0.0,4
2023100112,2383,0.0097,1,99.0500030517578,3.58999991416931,12,2.971062694355712,0.35510405776302983,0.6491301632727764,5.161637337124734,0.0,4
2023100112,2539,0.0,0,51.8499984741211,42.4300003051758,17,3.6931975804067725,2.3685634215463143,-0.7414210940783762,3.9827628601261207,0.0,4
2023100112,2591,0.0,0,26.5400009155273,37.7099990844727,8,3.9467713979625056,1.5885850015439766,0.022169126059411515,4.490211576306846,0.0,4
2023100112,2648,0.618,1,12.5799999237061,31.6100006103516,7,1.7933772176505913,0.9314505653227813,0.016073967031631324,1.1395174417269804,0.5229,4
2023100112,2709,0.2197,1,66.2099990844727,13.1800003051758,21,2.3410472997608442,0.5803444516992424,0.3030992916674036,5.101186136576474,0.0,4
2023100112,2803,0.0,0,82.0299987792969,42.1399993896484,10,14.28640289499856,0.44553297722050467,-0.24515513986054746,14.690871315207955,0.0,4
2023100112,2828,0.3166,1,99.6600036621094,47.0900001525879,10,2.1795839812198277,0.23194465848211024,-0.209667251583524,4.533398283848432,0.0,4
2023100112,2878,0.0258,1,16.0200004577637,8.88000011444092,9,2.9253550314341146,1.3780062398451935,-0.4577592256650923,2.6020376630633173,0.0,4
2023100112,3012,0.0,0,36.5299987792969,17.6700000762939,9,3.01537810426744,2.269273773180055,-0.3149122806535288,1.999124808509965,0.0,4
2023100112,3060,0.6477,1,42.7400016784668,43.7599983215332,11,1.3118285682628332,1.3612492534561536,-0.4899729524016699,1.4921461054467817,0.0,4
2023100112,3091,1.4016,2,58.9700012207031,39.0299987792969,11,1.4069812508478694,0.6199987792981085,0.6111456079890197,1.2567418191498207,0.0,4
2023100112,3119,0.0,0,55.9900016784668,49.5800018310547,10,12.374800927489758,0.2983272917112896,-0.3331694880937093,12.705408297256717,0.0,4
2023100112,3439,0.8617,1,29.8299999237061,1.62999999523163,18,0.8109870539171716,0.33241546115445325,0.6541124514144793,1.1651609330903616,0.0,4
2023100112,3522,0.4723,1,16.2700004577637,4.38000011444092,12,1.5831618582512974,0.7083081787431759,-0.0733665855890386,1.5115885683611137,0.0,4
2023100112,3741,0.0,0,43.2999992370605,47.4700012207031,11,5.868731392763092,1.909057360611725,-0.27985166345242557,4.260293417125168,0.0,4
2023100112,3766,0.726,1,50.3699989318848,47.6199989318848,10,1.5033626198866388,1.6584645415631405,-0.3775187387248614,1.9991248085099633,0.0,4
2023100112,3791,0.0,0,55.6100006103516,28.4500007629395,7,8.993357702759036,0.7694144660755604,-0.3015738711164062,9.460708218732883,0.0,4
2023100112,3816,0.0,0,62.7700004577637,28.1000003814697,8,7.1582394443996815,1.1921831841748096,-0.224069957949023,9.139939824747213,0.0,4
2023100112,3839,0.0,0,63.3699989318848,23.2900009155273,7,6.557760169583345,0.787148114742648,-0.32237326862927,6.367998115577609,0.0,4
2023100112,3864,0.0,0,77.5899963378906,19.1499996185303,10,3.5437937166204034,1.6026258636460151,-0.47821806313906473,2.891107054399752,0.0,4
2023100112,3889,0.0,0,85.5699996948242,5.76999998092651,11,6.2112237930282514,0.5300001450305412,-0.6184948862372136,4.37714518836193,0.0,4
2023100112,3914,0.0,0,100.790000915527,5.15000009536743,13,5.433984743378793,0.7962403009092912,-0.138542350812106,3.2344705903748694,0.0,4
2023100112,3950,0.0,0,94.7399978637695,10.1000003814697,7,6.458430770447851,0.5727146222849346,0.1497643178692021,7.042393059180942,0.0,4
2023100112,3980,0.0,0,107.180000305176,21.9099998474121,9,3.6526157594233655,0.7723344169856764,0.39788149532915446,1.2310970717209928,0.0,4
2023100112,4010,1.2375,1,115.559997558594,2.91000008583069,19,0.41145865438046403,0.75710032907489,-0.1616273583561214,0.526972485050214,0.0,4
2023100113,110,0.0,0,66.879997253418,43.0400009155273,12,5.564002816107729,1.800030519017128,-0.5034590785160058,2.380966190436138,0.0,4
2023100113,135,0.0,0,78.5599975585938,30.2999992370605,9,6.429585411743224,1.504162889021803,0.09214453506070547,5.590921212108077,0.0,4
2023100113,209,0.5125,1,96.5100021362305,3.8199999332428,11,1.4623934114543211,1.030192019334002,-0.41673797709930793,1.9401030900444376,0.0,4
2023100113,298,0.0,0,82.620002746582,35.25,8,3.012194108684912,2.9643569892350237,-0.21300281882087715,3.917754458870536,0.0,4
2023100113,323,0.5513,1,71.7799987792969,48.75,12,1.346179063605809,0.7716215898555359,-0.3251420157805936,1.8250753409106149,0.0,4
2023100113,377,0.6529,1,59.0699996948242,46.0699996948242,15,1.0413937282397303,1.9155160265446827,-0.7787422093196817,0.902718117686799,0.0,4
2023100113,580,0.0,0,75.370002746582,43.5,10,5.147213921252004,1.5572430021771684,-0.6210275743374841,6.470123646422837,0.0,4
2023100113,627,1.0492,2,65.2699966430664,22.8299999237061,8,1.5838222857531374,0.8000593325617502,0.06852978356455745,1.570891466651984,0.244,4
2023100113,724,0.0,0,40.2999992370605,20.6000003814697,10,7.402086704907981,0.7710390031703418,-0.12967926259824178,9.826087726048447,0.0,4
2023100113,819,0.0,0,91.4000015258789,11.9300003051758,16,5.17150985127633,0.4295346532154899,0.6282879670147952,2.2313448859376326,0.0,4
2023100113,905,0.1816,1,83.2200012207031,29.1499996185303,6,2.5224006241582577,0.2370651633290486,0.15914443072386436,6.5556769291965615,0.0,4
2023100113,930,0.0,0,74.7399978637695,13.9300003051758,11,4.461982127169287,3.1647100552643486,-0.453501472795383,5.326208782990021,0.0,4
2023100113,975,0.0,0,82.629997253418,5.96999979019165,11,8.84318700898257,0.4215456265498646,-0.4052017168004029,12.724484272456792,0.0,4
2023100113,1020,0.1382,1,48.7299995422363,14.9399995803833,10,2.701296605913422,0.764199426157783,-0.25631462947207806,3.125011999976959,0.0661,4
2023100113,1078,0.2011,1,101.290000915527,28.6599998474121,7,2.465319752101652,0.17029396222475773,0.2667421718383482,4.147119482243066,0.0325,4
2023100113,1211,0.0,0,51.2799987792969,36.2999992370605,11,5.007294070218086,0.8769255407003813,0.8242173756592671,3.9232894361747017,0.0,4
2023100113,1236,0.4846,1,88.4000015258789,3.51999998092651,26,1.5463490245206182,1.0778667540937397,-0.8079554102260396,3.6472455360175626,0.0,4
2023100113,1261,0.0,0,88.9199981689453,43.9199981689453,7,3.028531093772064,0.64125049494901,-0.0685343914234564,2.1772000367444484,0.0,4
2023100113,1316,0.0,0,111.080001831055,44.0999984741211,11,6.4223445055336255,1.290346484118702,0.17326189177082188,6.503360669684558,0.0,4
2023100113,1389,1.3866,2,68.5599975585938,45.9799995422363,15,0.3189031112142791,4.159325522251833,-0.6516764662583713,4.610173532525643,1.2468,4
2023100113,1476,0.0,0,111.849998474121,2.0,22,3.8957525793075276,1.9615539960938622,0.6485309420578926,1.5768639763784322,0.0,4
2023100113,1521,0.9377,1,89.4000015258789,6.07000017166138,12,1.0423519816175646,0.6008312535721482,-0.011151223446999507,2.445342511796664,0.0,4
2023100113,1618,0.7514,1,113.900001525879,3.09999990463257,17,1.4605479795424565,0.48836365711091334,0.23133483221589257,2.4030397416605482,0.0,4
2023100113,1682,0.0,0,84.379997253418,11.8699998855591,9,8.190052809912281,0.18000011446185568,0.3613182441623328,8.55432639078027,0.0,4
2023100113,1751,0.9472,1,51.0699996948242,29.3500003814697,7,0.8032436872722791,2.926568385438578,0.3159283025891978,2.6828715958837837,0.5343,4
2023100113,1796,0.3349,1,37.4000015258789,49.1100006103516,18,2.2083946189971737,0.6129420837644937,0.20564929633724954,0.9044888059008791,0.0,4
2023100113,1843,0.0,0,25.8799991607666,22.1700000762939,6,3.7554219169641563,0.9604684997829621,-0.139712322082782,3.420014619851792,0.0,4
2023100113,2000,0.0,0,42.8699989318848,22.4200000762939,7,6.6945137054716195,0.4005007584825081,-0.3459179783511108,7.663347832377183,0.0,4
2023100113,2025,0.5167,1,56.2299995422363,4.75,10,1.4499659335640855,0.5608031671281487,-0.6604193631776335,3.104464527096418,0.0,4
2023100113,2077,0.0,0,69.6100006103516,45.6500015258789,9,4.309349425884091,0.9765230742055003,-0.41713681387222323,2.687843001367466,0.0,4
2023100113,2102,0.0,0,75.9000015258789,10.1499996185303,8,10.17379319936066,0.8246211251250042,0.6880387216549894,14.088129755223015,0.0,4
2023100113,2183,0.9021,1,48.5699996948242,12.5600004196167,17,0.6574186853524917,3.330645103630169,-0.16937707228891385,2.8212054161297786,0.0,4
2023100113,2239,0.4922,1,80.7300033569336,24.6000003814697,12,1.848596820175674,3.6081048237714497,0.32992825825159766,4.254703279900958,0.2296,4
2023100113,2332,0.8887,1,56.4099998474121,13.6800003051758,14,0.3337661064920727,0.34205296210084885,-0.5710737908423632,0.8602325267042623,0.9136,4
2023100113,2357,0.0,0,69.4000015258789,37.7799987792969,10,5.988737728749225,0.6747578459259072,0.04507256532740576,5.996507316763654,0.0,4
2023100113,2451,0.0,0,98.4400024414062,15.6999998092651,9,3.530224218948082,3.3920185420465065,-0.5149452073653935,3.806546991697335,0.0,4
2023100113,2476,0.4978,1,112.0,36.9900016784668,11,1.506585911188241,1.83847644423015,-0.42179064723338744,2.990150497884675,0.0,4
2023100113,2580,0.0,0,48.4199981689453,31.2199993133545,26,3.609555453882059,3.1612804090703177,-0.5348879824776944,0.9900505037623071,0.0,4
2023100113,2689,0.0,0,58.1399993896484,25.1900005340576,6,5.002889793419023,1.4641387188757404,-0.27977965831709933,5.540009025263406,0.0,4
2023100113,2957,0.0,0,70.8600006103516,1.75,12,4.118252139390469,4.160793356438281,0.4974942114347696,2.3377339455121904,0.0,4
2023100113,2980,0.887,2,78.379997253418,20.8299999237061,10,1.8642988123294442,1.2343837068304868,0.2698358692305031,1.412267680009707,0.0,4
2023100113,3023,0.0,0,97.0699996948242,35.9099998474121,8,10.198278934911164,2.602248961610554,0.29951299753733607,7.761294995037875,0.0,4
2023100113,3082,0.0,0,88.0,46.4900016784668,8,3.9243347576115015,0.18384931515109632,0.4599617045145372,7.844647856978671,0.0,4
2023100113,3112,0.5915,1,84.9100036621094,44.9099998474121,8,1.6686853316600787,0.31016128284449396,0.040420647367383065,5.589141257832013,0.1524,4
2023100113,3137,0.0,0,77.2300033569336,6.1100001335144,12,3.418554495123913,1.5815211730791052,-0.672871821898561,4.729873148404725,0.0,4
2023100113,3167,0.0,0,72.5699996948242,45.4500007629395,10,5.455868394299285,0.38013224659721806,-0.2028319187324236,7.813097977115091,0.0,4
2023100113,3298,0.0,0,71.4700012207031,32.8199996948242,7,3.0455868150248637,0.3132091368087883,-0.17255244095256714,5.994038705247067,0.0,4
2023100113,3402,0.3004,1,102.669998168945,1.92999994754791,9,2.3742803790434146,0.9284941421244659,0.7690549088741271,3.041381265149107,0.0,4
2023100113,3497,0.4829,1,82.6600036621094,13.0799999237061,7,1.7711613305440972,1.2901578780026264,-0.31409335002183925,2.995363083167043,0.023,4
2023100113,3522,0.4101,1,73.1999969482422,38.0299987792969,10,1.769799293305634,1.4227064318823512,-0.4239201721943088,4.699978723356098,0.0,4
2023100113,3547,0.0,0,73.1800003051758,38.3199996948242,10,5.738614870215831,0.7211106444392943,-0.3532376079897029,7.23373347587537,0.0,4
2023100113,3911,0.0,0,80.3000030517578,44.3400001525879,11,4.411311966939403,0.6511521114723903,0.05539306125783305,5.905294234837081,0.0,4
2023100200,101,0.0,0,73.1900024414062,17.6599998474121,6,8.204195165313456,0.540834807334276,0.11703228181004986,5.64575947061155,0.0,4
2023100200,148,0.0,0,60.4900016784668,43.1500015258789,6,7.897272757956067,0.10770125603734651,-0.5947144477441542,8.836933857396465,0.0,4
2023100200,195,0.0,0,55.6100006103516,13.3000001907349,9,10.454664571335336,1.5446687954453633,-0.4854713040794626,4.181148167668777,0.0,4
2023100200,376,0.0,0,28.5400009155273,4.0,8,11.2483590746633,0.2690730933978105,-0.3578803581239655,11.587532092727942,0.0,4
2023100200,492,0.0,0,59.2900009155273,46.8400001525879,11,4.828126853256165,0.2641976182151634,-0.447328362945869,6.939920748827038,0.0,4
2023100200,537,0.0,0,53.7099990844727,37.6500015258789,7,3.534418223204028,3.3262756479705935,0.17257778753779035,4.294007452252497,0.0,4
2023100200,578,0.0,0,32.9199981689453,17.2000007629395,6,10.506516327177858,0.6413284057543184,0.014796832818552456,6.0645609898821204,0.0,4
2023100200,709,0.0,0,36.75,35.9099998474121,9,3.562709793713041,0.36674234984781195,-0.03178253224047087,4.670010706625846,0.0,4
2023100200,779,0.0,0,39.939998626709,47.1699981689453,11,3.560405903082858,0.5020978694567934,-0.26748491419732534,7.490961220030441,0.0,4
2023100200,809,0.8123,1,56.8199996948242,51.2099990844727,14,0.5630284952173173,0.4427198374740976,-0.2712094107385189,0.8746427842267965,0.0,4
2023100200,976,0.3796,1,116.849998474121,1.60000002384186,13,1.8613160771469215,0.7500681897652147,0.04260435159689501,0.5964059020499451,0.1615,4
2023100200,1113,0.0,0,42.0,50.25,14,6.085671696698726,0.7392563831310481,0.7514277145341046,5.7129502010782485,0.0,4
2023100200,1236,0.3568,1,73.8099975585938,20.9699993133545,11,2.0935359261932764,0.8198786659761895,0.649478672828491,1.8006943105369093,0.0,4
2023100200,1439,0.0,0,19.3099994659424,7.07000017166138,10,5.550207703424041,0.4143675403876501,-0.3976946882741532,6.373978349508259,0.0,4
2023100200,1527,0.0,0,29.5200004577637,16.9599990844727,8,10.5899957756632,0.7218030119178585,-0.07563361032659778,6.6760766921898105,0.0,4
2023100200,1584,0.8634,1,61.7299995422363,38.0400009155273,9,0.8015608571658028,0.5325401842608815,0.483414764643767,4.461714916934964,0.0,4
2023100200,1609,0.0,0,63.1399993896484,46.0400009155273,9,9.370342483042611,0.74672667035276,-0.38310686309731323,6.440504638613346,0.0,4
2023100200,1668,0.0,0,65.75,16.25,8,3.1847919869278694,0.644049687524182,-0.13609186213321808,1.7681911661356065,0.0,4
2023100200,1693,0.0,0,67.7600021362305,38.2099990844727,9,5.873753019674716,2.4374159415604746,-0.326901436590009,5.572297551279898,0.0,4
2023100200,1769,0.0,0,66.4499969482422,52.7700004577637,11,3.848027672826014,2.1641651727132474,0.7271494464826825,1.405275773647294,0.0,4
2023100200,1818,0.0,0,68.2200012207031,4.94999980926514,11,7.46860217486185,0.4606527117790827,-0.4446125655520584,7.713786359499466,0.0,4
2023100200,1848,0.0,0,54.9199981689453,48.810001373291,13,4.138067305566178,2.0980485019380954,0.5319974307501858,5.042866248474174,0.0,4
2023100200,1878,0.0,0,40.4300003051758,40.1199989318848,16,4.725527534221502,3.283900465986872,0.30525560547042047,6.706713054842886,0.0,4
2023100200,1901,0.0,0,58.0200004577637,48.0400009155273,10,19.048234307909613,1.0112372783531056,-0.27539621917631185,13.107936527157891,0.0,4
2023100200,2029,0.0,0,30.8799991607666,9.84000015258789,8,11.254728628960201,0.648460105263541,-0.614005008824106,11.770955781074024,0.0,4
2023100200,2054,0.4224,1,37.2599983215332,41.0200004577637,10,1.7873164745104968,2.0997624653497375,-0.5236111733386408,4.928001623376356,0.0,4
2023100200,2436,0.0,0,72.9499969482422,13.1499996185303,11,3.5736386213808946,0.6685028235504625,-0.2619812194326592,5.386241732414168,0.0,4
2023100200,2461,0.1943,1,56.1100006103516,9.38000011444092,18,2.6648076077809444,0.2690728580557602,0.20343970014850601,5.09918620958286,0.0,4
2023100200,2568,0.9973,2,27.2199993133545,29.1399993896484,8,1.349369768889942,0.2668340875875807,0.29435020470064915,2.275016483456767,0.3129,4
2023100200,2615,0.6828,1,26.5200004577637,45.2700004577637,7,0.989798537284064,1.4167568211013246,-0.6436507446303456,1.3805795884337806,0.6667,4
2023100200,2649,0.0038,1,28.3299999237061,39.2400016784668,7,2.992324078455657,0.3590281146882572,0.0510584667896873,6.945250175479644,0.0,4
2023100200,2946,0.0,0,75.1100006103516,5.69999980926514,10,3.902332042474158,0.6573424994094756,-0.46988768887199595,6.195885731677122,0.0,4
2023100200,3020,0.4169,1,92.379997253418,50.0499992370605,13,1.7494310807955005,0.49497722843902786,-0.3222634190214059,5.750217387195024,0.0,4
2023100200,3123,0.6568,1,108.48999786377,38.6699981689453,8,1.029563577287185,0.5990834063315437,-0.01773010492354408,0.9946356116689209,0.3729,4
2023100200,3211,0.2128,1,41.3600006103516,15.7700004577637,7,2.4512033862517324,1.2628930958549653,-0.18228141683295218,0.8190848551890102,0.0,4
2023100200,3236,0.0,0,49.1699981689453,32.0800018310547,9,7.853439700189883,0.7910139313296017,0.4683334172415518,10.632271629336792,0.0,4
2023100200,3331,0.4136,1,62.7900009155273,11.9799995422363,9,2.0591268196200105,0.6389063097074879,0.03223363658746453,3.0424496709066493,0.0,4
2023100200,3423,0.0,0,76.9599990844727,35.1300010681152,7,5.9422641705752515,0.5423090613700015,-0.10860598848703791,4.311159936722368,0.0,4
2023100200,3499,0.0,0,41.5299987792969,2.17000007629395,9,5.570387206119504,1.077869469124021,0.28701615924854684,4.775573264017635,0.0,4
2023100200,3536,0.0,0,69.3600006103516,46.8600006103516,20,3.8189534040807755,4.430045759597746,0.3734999116033801,2.272003521124036,0.0,4
2023100200,3568,0.0,0,49.4099998474121,26.0900001525879,10,9.744460175439073,5.612209894443726,0.10153288369398213,10.321434008896244,0.0,4
2023100200,3685,0.0,0,73.2300033569336,8.19999980926514,9,3.660194309998273,0.5727990188401246,0.022735045998477473,6.5973479520182945,0.0,4
2023100200,3950,0.0,0,80.5599975585938,17.8999996185303,8,4.642842282202147,0.4588015809608549,0.03685101911292055,4.618657813694362,0.0,4
2023100200,4017,0.0,0,75.5500030517578,13.8000001907349,10,3.4812785561189306,1.0444629680126518,0.22816543013685306,2.7103505308354485,0.0,4
