game_id,play_id,crp,n_defenders_in_radius,ball_land_x,ball_land_y,num_frames_output,min_def_dist_arrival,rec_dist_to_ball,rec_closing_v,sep_at_throw,crp_at_release,week
2023121400,110,0.3263,1,71.0400009155273,19.5,6,2.0978089824519754,2.550686620086337,-0.2077870515815079,2.8158480072617595,0.1767,15
2023121400,192,0.5593,1,90.0100021362305,47.1699981689453,28,1.321966747520835,2.107722283676259,-0.8984774723326714,1.440451318163855,0.6399,15
2023121400,237,0.6567,1,65.3300018310547,6.28000020980835,14,1.0300467136139393,1.0817098797223106,-0.5772719723329915,3.591239340394908,0.0,15
2023121400,260,0.0,0,58.1599998474121,22.9599990844727,5,5.9188253657569945,1.1815245449185692,-0.05707045908351126,4.6812925565488825,0.0,15
2023121400,365,0.0,0,83.2200012207031,17.8400001525879,9,6.109959823051872,0.8732123287721666,-0.016047322700456498,3.5761711368445477,0.0,15
2023121400,390,0.8202,1,99.5599975585938,4.36999988555908,11,1.2116536743107391,0.9808692490852322,-0.04063269472305383,3.108456208473908,0.0,15
2023121400,436,0.0,0,102.180000305176,21.0499992370605,7,3.7363075216695307,0.42011827529282336,0.1080774752061605,4.4392792207744725,0.0,15
2023121400,551,0.0,0,79.1100006103516,41.939998626709,6,6.918764287835854,0.5382375736338434,0.11547532982598538,7.204068295067723,0.0,15
2023121400,660,0.7799,1,81.7799987792969,50.5400009155273,12,1.4770923177276776,0.9472598711177396,0.482473172053129,0.9884331034521266,0.5544,15
2023121400,683,0.3916,1,76.9000015258789,27.2299995422363,8,1.8252658581377414,0.48166233857440083,-0.07777860226196526,1.6558381563425852,0.0,15
2023121400,708,0.0037,1,114.849998474121,42.5099983215332,24,2.9936581089522463,0.6648330685506261,-0.9748712497447409,3.345713675734969,0.0,15
2023121400,871,0.0,0,82.3099975585938,7.21999979019165,10,6.5344113267634425,0.715891359562449,-0.15802619934295017,5.018655198357421,0.0,15
2023121400,918,0.1856,1,107.400001525879,2.16000008583069,20,2.5312461541046165,0.9730893124987328,0.30654544863508587,1.0239628899525635,0.0,15
2023121400,1028,0.0,0,88.0100021362305,25.9300003051758,7,3.139555403219934,0.9104965163331048,-0.23824787818633916,3.5694957627093507,0.0,15
2023121400,1093,0.0,0,71.3300018310547,6.53999996185303,7,11.566630460607506,0.340589557453592,-0.04816223061986583,10.981074628650878,0.0,15
2023121400,1245,0.0603,1,84.9100036621094,24.7199993133545,6,2.8556798926429017,0.1749313438195456,0.1927522466861647,2.2588713996153023,0.0,15
2023121400,1354,0.0,0,30.1499996185303,29.6200008392334,6,12.206572126740884,11.293153532962153,-0.11437658983287897,2.773463538610162,0.0,15
2023121400,1408,0.3612,1,62.8899993896484,12.3800001144409,13,1.9162727719900523,1.5660463994487372,-0.08418896167366188,1.1780067911519039,0.0,15
2023121400,1480,0.7336,1,68.4100036621094,34.2200012207031,10,1.425240137049568,0.9982520000876377,0.08321600024690573,2.2407588000496577,0.0,15
2023121400,1622,0.0,0,21.5499992370605,40.5099983215332,9,11.255441538531374,1.1067981268095828,-0.5023506840168507,8.584462708871184,0.0,15
2023121400,1751,0.0,0,37.2799987792969,33.439998626709,11,4.56776919385473,2.493232396917184,-0.3724118026176911,3.5724081513735277,0.0,15
2023121400,1854,0.0,0,72.870002746582,32.1199989318848,6,9.008885947396179,0.6063851432078385,-0.050114149011500436,7.488658090739621,0.0,15
2023121400,1879,0.0239,1,60.5099983215332,38.0099983215332,8,2.932115786880954,0.6435055261520701,-0.06116671661780037,2.6683328128252652,0.0,15
2023121400,1904,0.0,0,34.8600006103516,50.3499984741211,10,3.5144970247761984,2.3235542852716864,-0.2507299911176928,6.097384685256462,0.0,15
2023121400,2007,0.0,0,33.7999992370605,42.8699989318848,8,3.530227719923827,1.8927504621940083,-0.4265920614903866,4.183443557644831,0.0,15
2023121400,2147,0.0,0,53.8899993896484,38.8199996948242,8,3.6227057681406887,1.5799046296901587,-0.3293380577029351,2.8970502239346887,0.0,15
2023121400,2172,0.0,0,51.939998626709,47.6500015258789,9,6.50871653361255,0.7854954005569883,0.5699053807168972,9.390234288876933,0.0,15
2023121400,2197,0.2763,1,40.310001373291,30.5599994659424,7,2.2811630879611924,1.0493822020520338,-0.18841574009723633,2.10459022139703,0.0595,15
2023121400,2274,0.0,0,7.46000003814697,21.7099990844727,16,3.111302894519772,1.2280074285478102,0.24656087086180406,1.4179210133149172,0.0,15
2023121400,2420,0.0,0,46.1300010681152,22.5400009155273,8,3.268823415949535,3.289269808175325,-0.27377124663641933,7.129326756433603,0.0,15
2023121400,2467,0.6737,1,82.2099990844727,45.9700012207031,10,1.5917615486884389,1.1482609877116992,0.40308538658869514,0.7414849964766694,0.0524,15
2023121400,2490,0.5558,1,79.1999969482422,40.0,9,1.3325565496507448,1.4937552342054985,-0.4060120664719575,0.7615773105863943,0.0,15
2023121400,2546,0.0,0,89.6900024414062,8.21000003814697,10,12.858523918293958,0.6477658042188722,-0.2979816244188232,9.926530108754024,0.0,15
2023121400,2571,0.0,0,102.23999786377,29.3099994659424,6,5.736063407345276,2.382983295941454,-0.3176353570880312,4.7059324262041855,0.0,15
2023121400,2596,0.3837,1,115.75,9.46000003814697,13,2.2435685485746424,0.8732124510914875,-0.05563816046063882,4.655512861114231,0.0,15
2023121400,2664,0.0,0,61.1100006103516,8.57999992370605,20,7.26024731868963,0.4785389295986923,0.7580575576874451,2.6307793522072496,0.0,15
2023121400,2806,0.0,0,106.319999694824,47.5400009155273,9,13.61682805436723,0.5434146269542416,-0.16512576283091437,11.936435816440355,0.0,15
2023121400,2860,0.1251,1,93.7099990844727,45.560001373291,9,2.6245746807133523,2.0489981116930296,-0.4929846667473337,1.757555120046016,0.0,15
2023121400,2967,0.0,0,38.4199981689453,33.3800010681152,7,3.0777443852768567,2.79551552701326,-0.4345011115519943,2.1999999999999984,0.0,15
2023121400,3037,0.0,0,45.3499984741211,16.1299991607666,7,4.8782185790957655,1.1381132118763309,-0.45345506270199015,9.013700682849418,0.0,15
2023121400,3115,0.0,0,83.2200012207031,15.5299997329712,7,3.3479110318423224,3.6567342822056683,-0.3130037978554554,4.337061216999364,0.0,15
2023121400,3187,0.0,0,28.9799995422363,47.6199989318848,27,3.5717926367262804,5.897194238023986,0.670660476626089,0.7433034373659223,0.0,15
2023121400,3210,0.0,0,67.4800033569336,45.3600006103516,9,4.7066473682946235,0.3668817460542409,-0.5099592692887135,6.274009882045136,0.0,15
2023121400,3235,0.0,0,58.9599990844727,26.6700000762939,6,3.876595541995204,1.9813370373019037,-0.23305883894674567,4.0658701405726205,0.0,15
2023121400,3494,0.0,0,45.189998626709,17.9799995422363,7,4.02627601214855,0.280177125768415,-0.3227100697079496,4.9036007178398995,0.0,15
2023121400,3585,0.0,0,55.0999984741211,46.7099990844727,10,5.957333223903801,0.5953976368364556,0.005235814515960968,11.622220097726595,0.0,15
2023121400,3655,0.8359,1,91.6800003051758,43.2599983215332,18,1.2647912328901951,0.7710380433607237,-0.47383586475256567,4.296056331101816,0.0,15
2023121400,3680,0.0,0,109.940002441406,35.8699989318848,10,3.198827848334309,2.611378076608636,-0.4864036245525418,3.708705973786541,0.0,15
2023121400,3746,0.0,0,81.120002746582,13.960000038147,8,3.6423233813622,1.1964139510734457,-0.4242762270578926,2.694735608552342,0.0,15
2023121400,3771,0.3177,1,71.2399978637695,4.15000009536743,9,2.0468495192022793,1.6407301284690867,-0.15062102517385711,1.1723907198540904,0.0,15
2023121400,3901,0.0,0,63.9500007629395,33.5200004577637,7,4.298289477768181,1.8526728787497466,-0.11741302074256224,4.459417002254894,0.0,15
2023121400,4092,0.0,0,111.550003051758,35.0699996948242,9,3.0405924129500232,1.4921446615282044,0.042738739341959195,2.8296996307028772,0.0,15
2023121600,130,0.0,0,48.7299995422363,5.67999982833862,11,8.248036533444111,1.777470186630089,-0.5933657642441807,6.121601097752124,0.0,15
2023121600,177,0.2042,1,63.2200012207031,32.4099998474121,8,2.4901794938808703,1.6055206946817586,0.20735876839142156,4.335550714730487,0.0,15
2023121600,202,0.9633,1,84.120002746582,2.90000009536743,21,0.323108779836471,1.0767077342130364,-0.6574557445553275,4.566399018920702,0.0,15
2023121600,266,0.0,0,95.6600036621094,38.9799995422363,9,4.73526934557688,0.9080171516654805,-0.2944573952650618,6.406660596597895,0.0,15
2023121600,439,0.3087,1,56.7400016784668,34.2799987792969,14,2.153902475514588,0.5920320335211724,-0.042172626252939376,5.881538914263854,0.0,15
2023121600,508,0.1073,1,39.7400016784668,37.2599983215332,8,2.6780015144154943,0.7245020746907596,-0.3556120687733711,3.5347701481143017,0.0,15
2023121600,599,0.0,0,25.9400005340576,40.939998626709,11,6.269775762244447,1.4241151834694576,-0.7758934619048115,6.466598796894702,0.0,15
2023121600,690,0.283,1,37.1300010681152,51.2200012207031,15,2.151138205231294,4.659840509198709,0.4357235944903308,1.004489920307817,0.0,15
2023121600,821,0.0533,1,87.25,16.5699996948242,7,2.8401582657678492,1.4733972729463862,0.17282712877863546,1.9808079159777183,0.0,15
2023121600,962,0.0,0,63.0299987792969,13.1400003433228,9,13.979161994686987,1.610123435792078,-0.5036077562661293,11.512167476196648,0.0,15
2023121600,1049,0.0,0,23.7700004577637,24.3500003814697,29,7.101774185943579,0.25059939741295534,0.4457333347108538,1.9555561868685842,0.0,15
2023121600,1148,0.789,1,32.1599998474121,24.3700008392334,10,0.6328514889615205,1.5101332857033212,0.005183467957095634,6.4119419835179405,0.1846,15
2023121600,1195,0.0,0,26.9899997711182,24.2600002288818,9,6.356139070006081,0.4060791313590932,-0.19048710363990184,9.890323553858085,0.0,15
2023121600,1245,0.0,0,42.0200004577637,27.5900001525879,7,7.1398106198880535,1.0012487701523676,-0.13420717975417215,5.030516872052013,0.0,15
2023121600,1280,0.0,0,69.0400009155273,39.2400016784668,13,7.762376742602421,1.0435502285331146,-0.6599811612463263,7.450026845589226,0.0,15
2023121600,1327,0.6702,1,80.0,40.9099998474121,10,1.2619428956280796,0.8570881130720177,-0.1902020674174578,1.3620939761998778,0.4089,15
2023121600,1352,0.0,0,100.800003051758,15.0,15,5.8945394321521425,4.947582401401716,-0.4804100783231156,4.747736302702585,0.0,15
2023121600,1397,0.0,0,90.3499984741211,18.8799991607666,9,4.645621449564305,0.9837191445787564,-0.4969740481457876,5.7780619588232245,0.0,15
2023121600,1466,0.5476,1,108.970001220703,20.5,11,1.357238901787444,2.731775152423856,-0.20136767568960373,1.9319679086361632,0.0,15
2023121600,1544,0.7779,1,83.0699996948242,38.5800018310547,7,1.0987730111949443,2.243211014216064,-0.4801824337427181,4.234678264047933,0.3524,15
2023121600,1683,0.0,0,49.060001373291,45.7299995422363,13,3.2007641704796983,1.1458623445673901,-0.5283264191307189,5.377889920777474,0.0,15
2023121600,1713,0.0,0,65.4899978637695,20.6299991607666,13,6.513379784961884,0.8839126605592894,-0.33624852895826796,5.837679333433793,0.0,15
2023121600,1783,0.0,0,88.620002746582,9.17000007629395,10,3.1173198737863426,1.6228963636425835,-0.40574131408328845,5.51365577452927,0.0,15
2023121600,1910,0.432,1,43.5400009155273,49.5400009155273,33,1.7039076774557422,1.463728110576254,-0.71310485689697,4.760672221441006,0.0,15
2023121600,2136,0.0,0,63.1699981689453,4.21999979019165,16,5.82092597949255,2.491042230865153,-0.5616569572695166,2.8550656735003535,0.0,15
2023121600,2188,0.0,0,49.2400016784668,6.03000020980835,15,3.0831494304838944,2.5985588947326836,-0.6132629068609525,2.048047851003486,0.0,15
2023121600,2258,0.2133,1,46.060001373291,31.2800006866455,10,2.608698298294714,2.5338720502100713,0.2983894181895653,2.2461522655421216,0.0,15
2023121600,2398,0.0,0,42.5999984741211,43.8899993896484,10,11.936588199389284,1.8458884430782716,-0.20753270126842616,10.90934461826191,0.0,15
2023121600,2428,0.5726,1,60.9500007629395,45.7599983215332,13,1.2822249922651756,4.228108146143666,-0.6550900313307658,4.025046583581358,0.0981,15
2023121600,2477,0.4773,1,51.1599998474121,6.75,13,1.5681835109214028,1.3566501414599321,-0.5463534425355436,0.7683749084919397,0.0,15
2023121600,2527,0.1838,1,36.9000015258789,50.060001373291,13,2.463495478613402,0.592032451053064,-0.0277000402896581,3.7434208953843275,0.0,15
2023121600,2603,0.0,0,32.5900001525879,11.6899995803833,9,4.261267638389612,0.8268007902839543,-0.6913917445196076,5.964905699170776,0.0,15
2023121600,2628,0.0,0,27.7199993133545,41.7700004577637,9,4.4627904616427765,5.162421855935555,-0.47235248457765955,2.1857950498617202,0.0,15
2023121600,2723,0.0,0,39.0699996948242,45.5800018310547,10,4.274037055891126,3.0712198067018326,-0.591996107238503,6.07420776727303,0.0,15
2023121600,2748,0.0,0,46.4300003051758,5.59999990463257,14,3.999999694824198,3.1579263265518875,-0.6108651862400853,5.974378628778056,0.0,15
2023121600,2773,0.0,0,62.3699989318848,47.2099990844727,14,5.570510257107399,3.821584822960705,-0.46758779358203345,5.777516767608726,0.0,15
2023121600,2798,0.0,0,68.1500015258789,30.2999992370605,7,5.200000117375625,2.0700950829241282,-0.290373115055985,4.727504627179114,0.0,15
2023121600,2848,0.0,0,90.7399978637695,19.0900001525879,10,5.774580809337064,2.7240612788773673,-0.36642632037763334,3.7397994598641287,0.0,15
2023121600,2893,0.8298,1,7.15000009536743,4.40000009536743,20,0.9126882489562004,1.0662552514791077,-0.5851774059779964,0.950052630121089,0.0,15
2023121600,2972,0.6971,2,68.379997253418,34.7200012207031,24,1.2300029475515524,2.106089249362062,-0.7769691769547142,1.632666530556683,0.0,15
2023121600,3028,0.0,0,34.439998626709,22.5799999237061,8,9.949684733317973,3.19581076494127,-0.4691392386551219,12.050908679431608,0.0,15
2023121600,3079,0.0,0,74.5899963378906,39.0099983215332,9,11.870787891312776,1.5849578948150185,-0.47913445065768706,11.78541471480745,0.0,15
2023121600,3138,0.0,0,46.9900016784668,28.75,10,6.91385004109504,3.1977663980544686,-0.38158642760091704,2.0906697491473887,0.0,15
2023121600,3220,0.0,0,35.2099990844727,29.75,15,7.485051870325658,3.376461827152198,-0.22996122513932665,3.158496477756463,0.0,15
2023121600,3245,0.0,0,28.2299995422363,21.8199996948242,7,8.983740501711939,1.675021850443473,-0.3488463483838602,7.729540736680283,0.0,15
2023121600,3400,0.0,0,49.6599998474121,29.6100006103516,13,3.2805481271282155,3.1658804229691597,-0.43339501861365826,5.39191988071039,0.0,15
2023121600,3508,0.0,0,68.7399978637695,9.51000022888184,13,5.38033564006338,2.3418172512676585,-0.4985649633056156,3.685715669988666,0.0,15
2023121600,3582,0.938,2,110.26000213623,7.11999988555908,12,1.5901277879440203,2.0080815462234916,0.06794837406366698,0.5724508712544677,0.0,15
2023121600,3639,0.0,0,77.8399963378906,26.2900009155273,9,3.475415691296358,3.470400308612239,-0.5019437939511668,3.049098227345258,0.0,15
2023121600,3664,0.0,0,77.0699996948242,43.939998626709,10,21.096639363237134,2.2135258114479384,0.1094557791498039,21.76470996820311,0.0,15
2023121600,3689,0.0,0,69.4300003051758,9.9399995803833,12,14.086944750454034,2.915681398817346,-0.6226947147544001,14.717805542946948,0.0,15
2023121600,3741,0.0,0,43.9500007629395,37.1399993896484,11,3.7208189417670745,2.4196290045489515,-0.4665307784935442,3.4936656966573065,0.0,15
2023121600,3821,0.0,0,40.3699989318848,10.8699998855591,11,9.049253265554876,2.695514317201067,-0.34615342625650364,11.152206059789245,0.0,15
2023121600,4168,0.4002,1,63.5,5.55999994277954,22,1.7993609798795425,2.151394885169809,-0.674684150109335,1.1761802582937673,0.0,15
2023121600,4217,0.0,0,65.9499969482422,22.7299995422363,9,3.51829233796049,2.957174746767557,-0.24972570583112766,1.4852945835759317,0.0,15
2023121600,4264,0.0,0,56.9799995422363,10.4700002670288,10,4.852751275169552,3.4142348722262725,-0.06093167245820226,4.076383200828895,0.0,15
2023121600,4362,0.0,0,54.3600006103516,24.0300006866455,7,4.271415743583101,3.736053332362765,-0.03954982959985168,3.1802672843646347,0.0,15
2023121600,4385,0.4598,1,70.4199981689453,12.2200002670288,16,2.0940161604971954,1.9231499661336346,0.2106499924800796,4.252117119741648,0.0,15
2023121601,155,0.133,1,79.3899993896484,11.1599998474121,9,2.6009992340216197,0.651919952627746,0.21038448941487353,4.482186966202998,0.0,15
2023121601,180,0.0,0,75.6399993896484,16.7000007629395,7,4.195866236588383,0.5824084138710556,-0.2796316311823307,5.542788107081137,0.0,15
2023121601,210,0.0,0,68.4899978637695,7.05000019073486,8,3.399439843540685,0.9200525351766734,0.22794526640955157,1.1844407963254262,0.0,15
2023121601,240,0.0,0,60.6800003051758,10.7799997329712,8,4.534865339860222,0.5608919445019342,-0.3303523204700588,5.285196306666385,0.0,15
2023121601,354,0.0,0,51.0099983215332,31.4400005340576,8,4.710942951094557,1.3651724385774409,-0.051590098980286846,2.932115277406396,0.0,15
2023121601,400,0.0,0,58.4799995422363,18.7299995422363,6,5.366750097601736,2.0870074839438253,-0.14450389793665197,5.076849416715055,0.0,15
2023121601,454,0.0,0,65.9899978637695,24.6399993896484,7,3.9415373522553296,2.134902042760439,-0.3628225707554816,4.819377553170117,0.0,15
2023121601,524,0.0,0,86.4000015258789,31.0,12,4.484862322443336,0.8931959431850606,0.12535461695781847,1.6226521500309359,0.0,15
2023121601,571,0.0,0,92.4199981689453,13.2600002288818,9,3.9465445991493224,1.0683176815749025,0.1690295047417478,3.5548558339263217,0.0,15
2023121601,823,0.0,0,70.8300018310547,13.5799999237061,11,4.707708259955743,2.0663508355202347,-0.43776763268456265,1.878323720768068,0.0,15
2023121601,969,0.0,0,11.4399995803833,2.71000003814697,13,5.787883602999276,0.6080293253553841,0.4081082272946286,2.0223006700290638,0.0,15
2023121601,1056,0.0,0,48.0999984741211,24.8099994659424,10,3.9193502045234827,0.7702599847021722,-0.21199217346438315,2.634103262972049,0.0,15
2023121601,1202,0.0,0,94.1699981689453,38.1699981689453,8,3.1575292310180108,0.5500003662169118,0.09615612578615286,2.8296289509403905,0.0,15
2023121601,1378,0.909,1,23.9300003051758,21.8799991607666,25,0.2731306229994074,0.46529620017235396,0.7268404887688066,4.498910979337107,0.0,15
2023121601,1489,1.1857,2,76.2600021362305,17.6299991607666,16,1.4701368582217929,0.7294503774031637,-0.4865882896323075,1.378441148544259,0.0,15
2023121601,1525,0.0,0,68.3000030517578,33.7099990844727,9,3.7547408639064015,0.6811761893861662,0.2772935834792991,5.20040383047316,0.0,15
2023121601,1722,0.0,0,99.4499969482422,13.8400001525879,7,6.684971189244912,0.2915480605591228,-0.6060659387335778,8.036522879952503,0.0,15
2023121601,1753,0.0,0,124.540000915527,21.2900009155273,14,8.154569985321373,6.68689085600069,0.43602888940889273,0.7669419795525603,0.0,15
2023121601,1808,0.6334,1,117.470001220703,13.4200000762939,9,1.9221081985048247,0.827646129418406,0.08466133800896448,2.670018726526091,0.2593,15
2023121601,1884,0.0,0,84.6699981689453,50.5,18,6.136219248847379,0.5162360962143173,0.1528891020260493,0.9108238029388546,0.0,15
2023121601,1954,0.0,0,78.6399993896484,35.0699996948242,8,4.221669801233245,0.21931644016849403,0.16764939199816253,6.065904714055433,0.0,15
2023121601,1979,0.0,0,72.5400009155273,25.9699993133545,7,6.614227836908919,1.0475218486106586,-0.29499958689694034,4.171198868430995,0.0,15
2023121601,2028,0.0,0,51.9300003051758,23.3500003814697,12,5.260608818008478,0.7571657255272983,-0.17912908894859744,5.518061253737583,0.0,15
2023121601,2101,0.1021,1,106.730003356934,32.0900001525879,9,2.6936386146281803,0.6419532961482591,0.635831703703209,5.29960375877291,0.0,15
2023121601,2124,0.0,0,97.4100036621094,16.3199996948242,7,4.592438931213748,0.9483106671082695,-0.23928531467428402,2.497558808116435,0.0,15
2023121601,2181,0.0,0,74.2200012207031,14.5200004577637,11,3.67642579364964,1.947435495976165,-0.25968592863678186,5.912740481367326,0.0,15
2023121601,2204,0.0,0,52.6699981689453,35.4300003051758,19,3.7098401000742385,3.564549470444983,0.8260645109314858,2.538109532703415,0.0,15
2023121601,2227,0.0,0,83.3300018310547,35.2200012207031,8,10.455324968772716,0.4294203999435185,-0.18561776792565732,14.013539881129251,0.0,15
2023121601,2310,0.0,0,41.5900001525879,6.73000001907349,11,3.168864018121352,0.7778173055534908,-0.19833573360804557,5.708598777283264,0.0,15
2023121601,2335,0.355,1,48.1199989318848,26.75,8,1.9350721234428958,0.46840256329872904,-0.22805112147380527,3.9510631480653413,0.0,15
2023121601,2528,0.0,0,105.139999389648,10.5699996948242,13,3.9623229594348475,1.567323237283462,-0.2342620518088929,2.6755560169803974,0.0,15
2023121601,2585,1.0849,2,80.1399993896484,27.1900005340576,6,1.1597405419728348,0.40112277381859246,-0.22715931460898472,2.901465147128252,0.2876,15
2023121601,2708,0.0,0,90.379997253418,13.039999961853,6,4.922603057201727,1.6337099294871624,-0.42136046842523134,5.562391571976928,0.0,15
2023121601,2733,0.6304,2,110.76000213623,10.8400001525879,17,1.7830587530563224,0.08544198409512516,0.7328086571419545,1.5465122049308269,0.0,15
2023121601,2756,0.0,0,91.6900024414062,24.7999992370605,5,7.2055025800874795,1.909788034073326,-0.04804499612029535,5.064987660399587,0.0,15
2023121601,2940,0.0481,1,70.1100006103516,47.2799987792969,16,2.8756390678995647,0.7782044230311774,-0.4166395524688757,7.144186447734972,0.0,15
2023121601,2987,0.2843,1,46.0,42.2700004577637,13,2.1472303803445305,0.48166382116711115,-0.4522187441288667,3.152284885602821,0.0,15
2023121601,3449,0.6933,1,15.8199996948242,15.5500001907349,9,1.2371338569669446,1.7610226313162698,0.3018641952955965,3.3409280147887057,0.0,15
2023121601,3537,0.0,0,33.3699989318848,33.3699989318848,8,11.81985703538396,0.7443132263753512,-0.3725612512510168,13.795321670769406,0.0,15
2023121601,3562,0.1341,1,51.8699989318848,9.0600004196167,12,2.6103835406526494,1.3556559688681147,-0.31064313736681465,3.3917841912480213,0.0,15
2023121601,3650,0.0,0,39.4099998474121,10.7600002288818,8,13.19183471066279,0.820792527890209,-0.3084509313822422,12.502303787702486,0.0,15
2023121601,3680,0.3707,1,58.6300010681152,49.4900016784668,15,1.8878834792899908,1.0340703104065745,-0.07558545313144915,4.044007912949723,0.0,15
2023121601,3710,0.6767,1,79.9800033569336,32.7799987792969,14,0.9700481756838321,5.815886250052355,0.3822806735587416,2.767020057751658,0.0,15
2023121601,3907,0.0,0,44.1800003051758,46.939998626709,10,4.414635183051965,0.4178508704999346,-0.051436836710513224,6.542675293792288,0.0,15
2023121602,90,0.4005,1,73.9800033569336,6.53999996185303,13,1.798363111934298,0.6243425210074011,-0.1042209078927036,3.4047760572466537,0.0,15
2023121602,115,0.8243,1,33.2599983215332,6.59000015258789,20,1.1954908797671189,1.0186252020487865,0.08193381747438805,3.852544613628758,0.0,15
2023121602,138,0.0,0,67.1800003051758,8.4399995803833,7,9.737027691925087,0.028284783753268615,0.21946211492256576,10.590042492832598,0.0,15
2023121602,163,0.0,0,56.4199981689453,45.3499984741211,10,6.634672790140621,5.145725630739699,0.35787390583411305,1.3096946208945006,0.0,15
2023121602,205,0.0,0,47.2700004577637,28.0,7,3.060670289072084,0.5346027161239721,0.6181542553241544,2.4416797496805334,0.0,15
2023121602,476,0.4604,1,37.0699996948242,50.4799995422363,11,2.1547386403920674,1.0720070925806542,0.572609709500176,1.570350279396292,0.0,15
2023121602,587,0.0,0,74.3300018310547,30.1700000762939,9,7.120238544775865,1.5602902670566379,0.03703280128989958,6.429004588581352,0.0,15
2023121602,612,0.0,0,57.6300010681152,4.63000011444092,15,3.596346408266538,1.1977489195209974,-0.4909633829523794,1.4729901561110328,0.0,15
2023121602,664,0.0,0,61.7000007629395,4.05999994277954,9,4.107067842880455,0.3471318348820564,-0.25177662356655767,7.783938591741328,0.0,15
2023121602,694,0.4059,1,27.4300003051758,4.26000022888184,26,2.16205883663836,1.3063303583424266,0.6786670651855236,1.134416149391396,0.0,15
2023121602,903,0.2577,1,60.0699996948242,19.25,8,2.2267916123898828,0.9794388889101302,-0.020582457940929475,3.7972226692676325,0.0,15
2023121602,995,0.7364,2,67.2699966430664,26.7800006866455,8,1.7007381883004653,0.9901995933608148,0.08070040937130944,2.7816002588438207,0.1404,15
2023121602,1064,0.2378,1,60.8699989318848,13.4700002670288,9,2.286592448488189,0.6981413929661393,0.010478923789595277,1.4512063946937368,0.0,15
2023121602,1089,0.0,0,64.7600021362305,32.310001373291,7,4.548624621092593,1.0963558912327425,-0.31205968971062636,5.932832375855568,0.0,15
2023121602,1114,0.0,0,87.0400009155273,21.0,12,3.5364521890864653,1.584044621619676,-0.26799509209930933,2.414663537638315,0.0,15
2023121602,1139,0.0,0,92.3199996948242,44.2599983215332,12,8.546303730230047,0.2024860367918808,-0.6482053820669977,3.2511228829436787,0.0,15
2023121602,1294,0.743,1,61.9000015258789,7.19999980926514,19,0.7710372839214394,0.9763694461534613,-0.561684418860591,1.4829699929533302,0.0,15
2023121602,1378,0.0,0,90.620002746582,47.8499984741211,14,6.792713595877255,1.8283309679672146,-0.7235566913091108,5.882456969668367,0.0,15
2023121602,1408,0.3933,1,113.730003356934,35.8699989318848,10,2.0925130623608603,1.6818160894994554,0.30253051599860525,1.5831929762350636,0.0,15
2023121602,1431,0.0,0,106.519996643066,33.5900001525879,7,3.4677103396049196,0.7783325702919855,0.11852383872824325,4.370171621343947,0.0,15
2023121602,1502,0.0,0,95.8300018310547,40.2700004577637,10,13.22770760476573,0.3860034380395406,-0.41834353587944295,13.450237916111377,0.0,15
2023121602,1628,0.0,0,78.879997253418,14.4700002670288,7,10.666716541086648,0.7746596857922918,-0.46231718484218765,10.039163311750633,0.0,15
2023121602,1718,0.0,0,37.4799995422363,23.2399997711182,8,3.1197760548060605,1.879202368736257,-0.20857305734961046,3.793323081415554,0.0,15
2023121602,1743,0.4828,1,43.1399993896484,35.1699981689453,11,1.6360030542930422,0.7553789534299703,0.7128270036766975,9.522651941554935,0.0,15
2023121602,1766,0.0,0,46.4099998474121,21.0699996948242,8,4.925707730480776,0.9708242630651315,0.08574203666173262,2.185520532962344,0.0,15
2023121602,1893,0.0,0,89.8600006103516,34.2599983215332,7,4.973147027222587,0.3765631199790498,-0.23127869269713675,6.396514675977839,0.0,15
2023121602,1918,0.0,0,108.050003051758,45.439998626709,12,3.207815334552688,2.037963714069724,0.3058225101092639,1.1060289327137849,0.4275,15
2023121602,1948,0.0,0,101.279998779297,21.7000007629395,8,7.664340803313905,1.2603584469979,-0.1704037098490103,2.8915393824051665,0.0,15
2023121602,2187,0.0,0,82.7600021362305,21.5300006866455,7,4.923950107263321,1.8445845920435895,-0.11574345939351192,2.1749482752470257,0.0,15
2023121602,2262,0.0,0,100.01000213623,11.1400003433228,7,4.282660633467134,1.2060255139459741,-0.6251011032879653,5.6546794780959875,0.0,15
2023121602,2314,0.8932,2,117.769996643066,2.96000003814697,16,0.3801330915729006,1.548420530289769,-0.7042200587997346,3.9172439290909637,0.4249,15
2023121602,2442,0.0,0,70.5899963378906,22.1299991607666,11,4.216274737714961,1.3026857685185929,-0.45234219305517054,2.3418155350069707,0.0,15
2023121602,2467,0.049,1,42.3499984741211,8.88000011444092,14,2.852961842145453,2.6015560228609673,-0.6453191163434875,1.6638810053606592,0.0,15
2023121602,2614,0.6428,1,6.98000001907349,38.5,8,1.0716809237309488,0.5371219522675151,0.1306354473806804,0.9027181176868008,0.0,15
2023121602,2678,0.0,0,37.1699981689453,45.9700012207031,8,4.633186275500002,0.9604688262592609,-0.19937254487623002,3.644447831976739,0.0,15
2023121602,2749,0.0,0,42.9700012207031,21.4500007629395,11,18.79230613000539,1.5948031073760003,-0.2210024020060143,14.040584033436781,0.0,15
2023121602,2774,0.436,1,103.300003051758,25.6100006103516,23,1.6919787137498643,0.8261946990108396,-0.2911736566963039,6.877012432735608,0.0,15
2023121602,2826,0.0,0,79.1600036621094,35.0800018310547,13,7.3983882827373995,0.7668728192569806,-0.06114641767847617,5.162024796530912,0.0,15
2023121602,2856,0.0,0,93.5899963378906,33.4500007629395,7,8.742751909073993,0.774145826623339,0.6680143248676442,5.942743474187658,0.0,15
2023121602,2881,0.9008,1,110.790000915527,50.4199981689453,17,0.6118803665848963,0.050000366251787325,-0.48974674405890556,1.2731849826321489,0.0,15
2023121602,2904,0.0,0,106.48999786377,32.2200012207031,7,3.6106807660723823,1.1920128373884986,0.5184681155862129,5.258174588200737,0.0,15
2023121602,3084,1.1683,1,56.0900001525879,6.3600001335144,13,1.1287160445436493,0.5448853146337918,0.7614160538487557,2.65316791779186,0.9452,15
2023121602,3301,0.0,0,69.6999969482422,32.9000015258789,11,4.530540769523909,0.674162756591428,-0.5867205928997509,3.584689665786984,0.0,15
2023121602,3372,1.2383,1,34.1399993896484,1.57000005245209,29,0.5818081059508146,0.19235398761987113,-0.05597450666338214,1.7974704448196084,0.0,15
2023121602,3443,0.0,0,47.1500015258789,9.59000015258789,13,3.766017803602142,3.110063364542934,-0.0686411835804304,1.256702033100926,0.0,15
2023121602,3542,0.0,0,69.6999969482422,24.3500003814697,6,5.812432181539818,0.6390590784479764,-0.3495165672462787,7.917278572843066,0.0,15
2023121602,3574,0.0014,1,55.7700004577637,33.439998626709,7,2.9957984585988324,1.1020901052544587,-0.06295278682295445,1.9948182874638016,0.0,15
2023121602,3602,0.0,0,34.0,24.6299991607666,10,4.124379434966245,1.390000000000254,-0.19001382087312177,4.1993570936513605,0.0,15
2023121602,3627,0.0,0,29.0499992370605,10.1300001144409,8,4.341899820248323,1.417356129498726,-0.4420219189188281,2.2104524423746383,0.0,15
2023121602,3650,0.4219,1,28.1499996185303,42.4500007629395,8,2.1219096342473174,1.3600363771400936,-0.09734591008732188,2.3791805311913627,0.2637,15
2023121602,3824,0.0,0,67.75,39.5200004577637,8,3.949392556527152,1.0204408926923263,-0.5077455649573271,5.199548057283449,0.0,15
2023121602,3978,0.0,0,113.889999389648,32.1800003051758,12,3.5913514031804876,2.261349717573207,-0.25137526568512264,1.9304144632694769,0.0,15
2023121700,56,0.0,0,40.4900016784668,4.42999982833862,10,6.777092369173061,0.2973202484561189,0.196042006392335,5.9586659580815535,0.0,15
2023121700,108,0.4549,1,54.1399993896484,20.9599990844727,7,1.8721102438526038,0.6092607665375054,0.3083092432487713,1.2348279232346466,0.0,15
2023121700,182,0.0,0,85.0699996948242,19.7700004577637,9,5.903389403674527,1.0965861456935948,-0.19364608789176996,5.226126672785493,0.0,15
2023121700,317,0.1104,1,78.6999969482422,49.5499992370605,12,2.705731574393698,0.5578502646181474,-0.3767569107180581,5.103430218980166,0.0,15
2023121700,413,0.261,1,36.3899993896484,9.0,16,2.271299058702496,0.586002860938135,-0.6607788787679943,2.787920371890128,0.0,15
2023121700,781,0.1591,1,64.4000015258789,24.3500003814697,8,2.63882414178357,0.3940824102232657,0.03735400861099424,3.4296501279285043,0.0501,15
2023121700,806,0.0,0,51.560001373291,40.9500007629395,8,9.437130297886094,0.7516662399183012,0.0747844896968257,5.73861481544109,0.0,15
2023121700,878,0.0046,1,6.01000022888184,16.2999992370605,15,2.9863849791739527,1.7765411761103551,-0.5864840144665261,1.4674126890551276,0.0,15
2023121700,962,0.998,1,37.2799987792969,16.0400009155273,7,0.902552989134518,0.7962425186083355,-0.1320164689057829,3.3640005945302667,0.6698,15
2023121700,1036,0.0,0,71.120002746582,47.939998626709,17,3.738464256395553,1.452478547195523,-0.6528982666533953,3.5702801010565004,0.0,15
2023121700,1088,0.2905,1,87.3600006103516,44.6800003051758,10,2.2942750710860667,0.2745909488848182,-0.12970412244829782,6.257036039531818,0.0,15
2023121700,1113,0.0,0,90.0,48.7700004577637,11,4.328002214385405,1.1335784977545713,-0.16218952102530143,2.7819597409020913,0.0,15
2023121700,1341,0.8549,1,50.8699989318848,6.57000017166138,9,1.0822664608906098,0.42719911393631843,0.4999676305149109,4.220959606534987,0.0222,15
2023121700,1364,0.0,0,46.1199989318848,13.7600002288818,8,9.803918393328154,1.5160815321004797,-0.36813673085734083,2.7860366113890187,0.0,15
2023121700,1466,0.0,0,59.0,16.8799991607666,8,5.4108408549813465,1.1204457928520892,-0.6384154172227969,7.007374686713989,0.0,15
2023121700,1566,0.0172,1,93.6399993896484,45.5299987792969,9,2.9485245851112616,0.7184694000515505,-0.023362410295106887,4.699489333959592,0.0,15
2023121700,1598,0.0,0,87.7900009155273,38.7900009155273,7,4.932928938778792,0.5536250332958894,-0.17988140201045205,1.5921369287847116,0.0,15
2023121700,1623,0.0,0,68.1800003051758,46.2200012207031,13,3.8268779657314833,0.4652968576866229,0.13093346622675567,5.361231201878914,0.0,15
2023121700,1648,0.4048,1,51.2400016784668,20.5100002288818,12,1.8208244916882566,1.1640031968966538,-0.5159603406654371,3.1341346493091216,0.0,15
2023121700,1741,0.0,0,42.3600006103516,48.4099998474121,16,3.898012941482933,0.4875453548367396,-0.3884612265540778,4.2580042273346805,0.0,15
2023121700,1954,0.0,0,58.2099990844727,2.1800000667572,19,3.7299324985769133,2.1560384604806426,0.7140031994919044,2.9068883707497344,0.0,15
2023121700,2039,0.0,0,65.4100036621094,7.57000017166138,14,5.663235800561022,5.494018591347544,0.514911500254852,2.5599414055794325,0.0,15
2023121700,2062,0.0,0,62.5900001525879,18.1000003814697,10,5.138131599306053,2.873342931190055,-0.43981684956307376,3.928422075083074,0.0,15
2023121700,2109,0.5889,1,70.5,28.6900005340576,6,1.4484817612027199,1.0948967286625126,0.14545457402413295,4.561688283958033,0.3961,15
2023121700,2182,0.2068,1,94.3600006103516,18.3199996948242,9,2.562811633108762,0.2692575716540233,-0.7593061621475853,2.688828741292387,0.0,15
2023121700,2268,0.0,0,85.5299987792969,31.5300006866455,7,8.789566428522301,2.65363762364728,-0.3693971819353861,7.833421985313949,0.0,15
2023121700,2293,0.3753,2,73.6999969482422,20.9500007629395,8,2.2692070242287143,0.44045122765801015,-0.3560698757332225,2.5369272752682557,0.2707,15
2023121700,2318,0.3875,1,52.8600006103516,18.9300003051758,8,2.285279383701879,0.9633790660243429,0.8058672092776461,6.694452927611037,0.0699,15
2023121700,2359,0.0,0,33.2700004577637,5.21999979019165,18,3.8004343360334567,0.6673080719898017,0.6429411535485464,0.8937561188601718,0.0,15
2023121700,2382,0.0,0,40.3600006103516,18.5699996948242,14,5.4223617914578375,0.5345095944810433,0.3849665190702097,4.80729653755622,0.0,15
2023121700,2443,0.0,0,30.9300003051758,47.9799995422363,12,3.048671799924127,2.5854404480051554,0.1851704326569302,2.32243406795543,0.0,15
2023121700,2468,0.0,0,26.4300003051758,8.11999988555908,12,9.72496305079173,1.4149559949631048,-0.6124369566019203,7.505997601918084,0.0,15
2023121700,2498,0.0,0,28.2000007629395,42.2900009155273,11,3.9637616769265382,1.2601578168587433,-0.6185805978780516,8.879369346975045,0.0,15
2023121700,2523,0.0,0,31.5699996948242,48.1300010681152,9,5.116609846928399,1.6321753504182814,-0.5263119876661118,9.490885100979781,0.0,15
2023121700,2553,0.4573,1,4.23999977111816,52.560001373291,15,1.6280669155199348,2.3632393391174116,-0.11397452968898882,0.848999411071643,0.0,15
2023121700,2618,0.2071,1,43.7099990844727,16.6299991607666,9,2.4503273330318547,1.0178902772187932,-0.5679441651060497,3.5638742963241534,0.0,15
2023121700,2663,0.0517,1,60.0400009155273,19.6299991607666,9,2.8495082393488835,0.3601379977771713,0.013838003069884607,1.765276182357874,0.0,15
2023121700,2710,0.8391,1,75.3099975585938,14.6400003433228,8,1.015183937810287,0.841724352937582,0.37225535762998474,0.6661080993352366,0.1856,15
2023121700,2789,0.0,0,101.01000213623,27.8799991607666,11,4.254278525880242,1.8852034910761815,-0.5496073471550774,4.2282975297393754,0.0,15
2023121700,2814,0.2154,1,116.410003662109,54.25,20,2.5739080332229625,1.8508380439295677,0.5335177872156219,0.8357032966310473,0.0,15
2023121700,2846,0.0,0,106.900001525879,8.02999973297119,8,3.079024610272061,0.7234626956135655,-0.5430583399151453,4.122438598693737,0.0,15
2023121700,2910,0.0,0,87.6100006103516,7.51999998092651,11,8.907665803293948,0.9082398234774873,-0.34680378900554004,13.32150517021257,0.0,15
2023121700,2985,0.0,0,75.5999984741211,12.8699998855591,13,3.360373527223493,0.9631733575633594,-0.4747467841757701,3.750333318519825,0.0,15
2023121700,3128,0.0,0,87.3899993896484,41.9199981689453,11,13.519623316647118,0.18384948944547902,-0.5219830575728159,14.186000140984074,0.0,15
2023121700,3153,0.785,1,93.6900024414062,15.5799999237061,12,1.5339478948484337,1.3003453344775413,0.7096392107551812,0.6859300255857075,0.3684,15
2023121700,3261,0.2425,1,68.8399963378906,25.7700004577637,8,2.272638073581022,0.5069484506150342,-0.1674425363293074,2.6840268254993256,0.0,15
2023121700,3330,0.3666,1,58.6399993896484,37.75,8,2.244148051282407,0.9220083126597145,0.09211013691106378,2.78513913476508,0.0,15
2023121700,3430,0.0,0,42.0999984741211,48.2599983215332,13,4.476719339326053,2.7710850124096154,-0.3118473256445778,1.8006943105369064,0.0,15
2023121700,3455,0.0,0,48.5800018310547,18.3099994659424,8,5.805039199710185,0.4455317014679386,-0.09374109219705194,5.894107226713811,0.0,15
2023121700,3502,0.0996,1,66.3099975585938,14.6000003814697,9,2.7627887052314906,0.6003355461326313,-0.4322548374428766,6.303213466161525,0.0,15
2023121700,3527,0.0,0,74.8099975585938,14.9200000762939,8,5.537158476965332,0.34785288286675425,-0.20401350043328384,2.9337518640812186,0.0,15
2023121700,3575,0.0,0,87.8000030517578,9.5600004196167,9,4.604054070902762,3.6772969033337772,0.438611090920201,1.4866068747318533,0.0,15
2023121700,3598,1.4635,2,96.0599975585938,45.3699989318848,16,0.8988908638779466,0.8579634874703502,0.12686443835386102,5.9363709452829845,0.0,15
2023121701,81,0.0,0,79.3199996948242,9.03999996185303,11,7.891108613447855,0.4410215241247392,-0.4595638173801457,10.42902200592174,0.0,15
2023121701,299,0.0,0,32.060001373291,6.48000001907349,13,3.7205499883904496,3.744448125128961,-0.5895694365125589,3.868552700946442,0.0,15
2023121701,509,0.0,0,41.3600006103516,23.5900001525879,7,3.074165987376822,2.47523673356858,0.01672965903574106,1.1414026458704192,0.0,15
2023121701,545,0.8287,1,58.7700004577637,2.90000009536743,18,1.0816651403557385,0.3299995422363149,-0.5183553219034502,0.7200694410957883,0.0,15
2023121701,593,0.3235,1,61.9099998474121,17.9599990844727,10,2.152324924061452,1.8246374979436824,0.07413242527714273,0.8664871608973794,0.0,15
2023121701,685,0.0,0,43.4599990844727,41.8199996948242,11,3.9607312939422843,1.3227997236497155,-0.7469342769011343,3.004263636900064,0.0,15
2023121701,737,0.4741,2,30.25,25.1900005340576,7,1.831529943323013,0.6676078212110563,-0.3308065394803232,3.2539360780445574,0.0,15
2023121701,904,0.0,0,93.9499969482422,32.6300010681152,8,4.1614639725005365,1.6735911278427797,-0.11510260621649646,3.2902431521089808,0.0,15
2023121701,1144,0.0,0,62.7400016784668,48.7599983215332,13,5.140668788698447,0.7731734476696759,0.617608676289421,10.686407254077487,0.0,15
2023121701,1300,0.3375,1,88.1900024414062,45.5900001525879,26,1.9876121610281585,1.4320949569013313,-0.8241038897343358,1.1560276813294772,0.0,15
2023121701,1387,0.0,0,81.0,43.9099998474121,12,4.40596194100794,3.204949408978459,-0.6126997087015695,4.998419750281084,0.0,15
2023121701,1453,0.7426,2,54.4000015258789,5.73999977111816,20,1.0793531479923475,1.5021664718646397,-0.7699011666244772,6.5598856697354115,0.0,15
2023121701,1594,0.0,0,28.6700000762939,13.8800001144409,7,3.4146301890322883,1.7308091907289571,-0.5492457104682152,7.358600410404142,0.0,15
2023121701,1624,0.0,0,41.6100006103516,14.3500003814697,8,4.355467117082128,2.280789294902004,-0.2035433799747118,5.195199707422229,0.0,15
2023121701,1687,0.336,1,71.3499984741211,32.1599998474121,9,2.0235624373234704,1.4340512553364495,-0.11138677386696189,3.994496213541832,0.0,15
2023121701,1710,0.4993,1,73.5199966430664,6.59000015258789,16,1.502135178745949,1.315030753937087,-0.636037339020972,0.7716216689544174,0.0,15
2023121701,1742,0.8543,1,80.620002746582,12.0699996948242,9,0.7707770808458823,1.5689459772407417,-0.44222610909417304,1.7431580536486078,0.0,15
2023121701,1787,0.0,0,88.5599975585938,29.4400005340576,9,5.208628720253807,1.6227457969487848,-0.033139068844964065,2.312163489029263,0.0,15
2023121701,1907,0.0,0,80.8099975585938,43.439998626709,11,3.04016301420865,1.7976919491398142,-0.5570952298488814,4.788997807474962,0.0,15
2023121701,1936,0.0,0,78.879997253418,29.0499992370605,6,7.00482483126857,1.7181356821206368,-0.33586559099522734,6.168443888048267,0.0,15
2023121701,1991,0.0,0,48.189998626709,4.44999980926514,20,4.315114204513453,4.040854941544137,0.7169480002322556,4.510476693211038,0.0,15
2023121701,2172,0.1258,1,88.9000015258789,30.6200008392334,8,2.6500205822996765,0.8769258095359462,-0.5132054671432106,3.2184002237136418,0.0,15
2023121701,2195,0.532,1,79.0699996948242,47.7099990844727,15,1.489295762324165,4.109756586519471,-0.6277817022105554,0.8190848551890102,0.0,15
2023121701,2333,0.6301,1,73.7200012207031,26.9099998474121,9,1.2041599774208407,1.4287394856816638,-0.3707155062726724,1.6608732642799657,0.0,15
2023121701,2538,0.7963,1,81.0100021362305,16.2000007629395,7,1.1476934531730387,1.5945239446658181,-0.3186759592191975,3.7961691216277367,0.3842,15
2023121701,2585,0.0761,1,69.8099975585938,46.5900001525879,12,2.771802021086293,2.2506199158230507,-0.43758105129429176,0.798122797569393,0.0,15
2023121701,2639,0.0786,1,68.4800033569336,39.2299995422363,7,2.764076408668149,1.4340535632269449,-0.31564678913509037,3.464462440264,0.0,15
2023121701,2686,0.0,0,49.9000015258789,37.310001373291,9,3.4271991324457534,2.1964751515632686,-0.1955749596485569,1.3829316685939286,0.0,15
2023121701,2745,0.6665,1,13.25,40.7700004577637,23,1.000449885068906,4.80401875141432,0.15305314988675398,3.7470121430281,0.0,15
2023121701,2831,0.0,0,59.310001373291,46.1100006103516,10,3.9708054870294096,2.1848784046693983,-0.5793443193088408,6.2400721149679015,0.0,15
2023121701,2888,0.0,0,60.0999984741211,48.4300003051758,10,6.361966609518424,1.0084644875061146,-0.45599077756623224,8.750965660999933,0.0,15
2023121701,2913,0.0,0,65.3099975585938,45.689998626709,13,8.458996898621663,1.5508090392292508,-0.47938603095848115,6.921416040088906,0.0,15
2023121701,3148,0.0,0,34.8499984741211,9.72999954223633,8,3.1782400719323367,0.2707381718882404,0.10007126889375566,6.698059420459034,0.0,15
2023121701,3198,0.1768,1,53.4199981689453,13.289999961853,10,2.497760682578034,0.9492106822752006,-0.18411357198419628,4.48218696620299,0.0,15
2023121701,3221,0.6809,1,56.7599983215332,16.7900009155273,9,1.52236719413643,0.19105081795873383,0.4175730866481891,2.9172761268004734,0.0,15
2023121701,3246,0.0,0,73.1900024414062,28.9500007629395,8,3.4901269914765356,1.410564985779911,-0.2993674160193369,4.982539513139856,0.0,15
2023121701,3304,0.7116,1,70.6100006103516,32.310001373291,7,0.9716472694038013,0.6664821290529441,0.054273713222556516,1.2408464852672159,0.5674,15
2023121701,3563,0.0,0,25.2999992370605,12.2799997329712,8,3.7396531135928472,1.3946329978093346,-0.45231260026215914,6.848277155606363,0.0,15
2023121701,3588,0.4217,1,35.0200004577637,22.6399993896484,9,1.7348488443365686,2.0934417195213957,-0.34947325730885725,3.9462007044751304,0.3216,15
2023121701,3613,0.0,0,35.810001373291,11.8999996185303,7,9.014697961132496,2.3549297456734952,-0.420971648706879,7.438548245457575,0.0,15
2023121701,3638,0.0712,1,47.5,5.48999977111816,12,2.786485173126923,2.449510024296878,-0.6189290917010973,3.176161204976847,0.0,15
2023121701,3661,0.0,0,41.5,23.5799999237061,8,4.050802410933446,2.3284759183280843,-0.08219490766127653,4.1297578621512425,0.0,15
2023121701,3686,0.0935,1,58.2900009155273,8.98999977111816,13,2.7195029258931767,1.7200282125601836,-0.5338664219004072,2.8647163908491944,0.0,15
2023121701,3732,0.0,0,81.6999969482422,41.7099990844727,28,4.548018876600534,5.870443645395097,-0.04757249615478713,1.6226521500309359,0.0,15
2023121701,3755,0.7241,2,74.5500030517578,43.5299987792969,29,1.730112565631771,1.6033117162559005,0.668809361155199,0.9106591019695514,0.0,15
2023121702,55,1.423,1,65.5899963378906,3.11999988555908,23,0.5941344079802624,0.2501999521086124,-0.04754431049126691,1.332066064427737,0.0,15
2023121702,178,1.2795,1,64.2900009155273,2.49000000953674,14,0.6395319784554633,0.23769706461052897,-0.41412716694899,1.8374166647769408,0.7214,15
2023121702,208,0.2441,1,65.0899963378906,33.8199996948242,6,2.405206298865347,0.501200049153338,0.6136059361678443,3.8541017111643465,0.1326,15
2023121702,334,0.0,0,88.879997253418,12.6300001144409,9,3.6119917366434113,0.041231611464080026,0.6037985106881374,4.851030818290061,0.0,15
2023121702,359,1.2685,2,82.8499984741211,44.0400009155273,6,1.117587073432072,0.6363175068200152,-0.3052740372027611,0.7289718787443018,0.7759,15
2023121702,382,0.1592,1,84.7900009155273,32.75,7,2.5224797633469347,0.800500735929343,-0.09049726708940409,2.884441020371181,0.0,15
2023121702,557,0.0,0,75.5199966430664,45.189998626709,10,5.905392214342199,0.3124088929902616,-0.5262192810779481,8.571843442340734,0.0,15
2023121702,582,0.0,0,72.2300033569336,19.8700008392334,6,8.306729516189801,0.9633309813360229,-0.11653290665172884,6.795917892382171,0.0,15
2023121702,651,0.9143,1,39.6500015258789,6.82999992370605,18,0.6742412580903231,0.23345351403486067,0.009880386906773448,0.8458132181516202,0.0,15
2023121702,704,0.0,0,23.8299999237061,30.5100002288818,10,3.724647399599473,0.8999998626709219,0.6707814978490935,3.84812941570317,0.0,15
2023121702,780,0.0,0,7.48999977111816,22.1299991607666,7,3.9172574727855243,1.5061536935751865,-0.1548263893130098,4.540704791108974,0.0,15
2023121702,886,0.112,1,80.129997253418,12.4300003051758,9,2.6639062431278937,0.8904510623779729,0.3691479585899009,2.846225570821828,0.0,15
2023121702,949,0.0,0,39.0900001525879,11.3400001525879,10,12.348019874628422,0.2195451925066592,-0.24307076258146385,10.548270000336547,0.0,15
2023121702,1020,0.4008,1,62.9599990844727,31.2800006866455,6,2.0260810264813744,0.43931851237041303,0.1980374438614005,5.070483211687035,0.1091,15
2023121702,1101,0.628,1,90.5199966430664,38.3800010681152,8,1.5948039857048655,0.7291790837941828,0.559510607279804,1.0309704166463718,0.0,15
2023121702,1209,0.2964,1,77.2099990844727,20.25,8,2.2303581531798944,0.7392555905273238,-0.22118179001203164,4.108588565432182,0.0,15
2023121702,1261,0.0,0,48.75,13.1400003433228,8,5.588604496013315,0.39408093112141945,0.07947687001183595,4.684410315077022,0.0,15
2023121702,1286,0.5888,1,24.6700000762939,-0.109999999403954,20,1.3572398675103552,0.7810250258196842,-0.377110401579303,1.4205632685663814,0.8685,15
2023121702,1378,0.0,0,32.810001373291,50.9199981689453,12,6.642987237475387,0.746724581973576,-0.5135524210921605,8.547707294941725,0.0,15
2023121702,1432,0.0,0,43.7000007629395,-0.639999985694885,17,17.956223821379908,4.65927052498048,0.35199038971518404,22.63169900824947,0.0,15
2023121702,1574,0.6355,1,63.1599998474121,14.7299995422363,7,1.3548433828458841,1.065692553932468,0.1849951075010689,0.6868041933477105,0.4124,15
2023121702,1638,0.0,0,79.4100036621094,47.6699981689453,12,5.25095599090075,2.1770659582429572,-0.473830108528956,10.35497947849247,0.0,15
2023121702,1730,0.0,0,56.6500015258789,9.52999973297119,9,7.6983452934255805,0.2607665953041584,0.34882853981754014,8.176093199077423,0.0,15
2023121702,1836,0.4913,2,40.0699996948242,33.4500007629395,7,2.2537531705763016,0.5060637497386451,0.00017571232188542274,4.452875475465263,0.0,15
2023121702,1871,0.0,0,36.7900009155273,39.5099983215332,8,3.994596143799043,0.8300601523811281,-0.21416105896803841,6.926507056229715,0.0,15
2023121702,1901,0.0,0,36.0499992370605,29.7299995422363,7,5.1245483127937,0.5859171949612921,-0.37244821448930904,7.547675138743054,0.0,15
2023121702,2010,0.0,0,54.1599998474121,23.5799999237061,11,5.829794227933844,1.0846198939403207,-0.4534275845574887,8.39776160652349,0.0,15
2023121702,2066,0.0,0,47.1800003051758,37.689998626709,11,3.786529417864119,0.5412950513754543,-0.2420398363961536,5.500227268031749,0.0,15
2023121702,2113,0.0,0,54.939998626709,21.6599998474121,7,10.512869404982744,0.635059073998406,-0.11480162154884987,11.533642096059683,0.0,15
2023121702,2267,0.0825,1,72.1999969482422,10.9399995803833,7,2.8283762220910185,0.8268038713825129,0.19405989433474552,2.0856893344887193,0.0301,15
2023121702,2292,0.4645,1,82.5899963378906,17.5799999237061,7,1.7973887805762672,0.4019986763715118,-0.5255910524554044,1.8873261509341723,0.0253,15
2023121702,2317,0.0113,1,108.120002746582,12.9200000762939,17,2.96609160478335,0.9347715039489048,-0.6119196369332457,1.6434719346554207,0.0,15
2023121702,2542,0.0,0,66.120002746582,16.7800006866455,10,4.519836108013893,0.7690228303467254,-0.5641596630980109,2.4644877763949244,0.0,15
2023121702,2596,0.0,0,73.3899993896484,50.3300018310547,11,3.2615352306162047,2.900622466534242,0.6541061304441621,3.3518502353178015,0.0,15
2023121702,2908,0.4338,1,69.3199996948242,26.4799995422363,8,2.1795417794032956,1.9504107155235073,0.2549741402444748,1.7734147850968136,0.0904,15
2023121702,2975,0.3228,1,36.0800018310547,38.8600006103516,12,2.0315758722986352,1.0241584471682184,-0.08552768282627701,3.1872872478018093,0.0,15
2023121702,3066,0.0,0,16.8600006103516,37.4000015258789,9,3.339237446794876,0.8026220116023509,0.0992095913624598,3.943615092779721,0.0,15
2023121702,3125,0.699,1,3.74000000953674,39.9000015258789,14,1.6070481621393196,0.8490591186874096,-0.0464597857933065,2.4645689278249057,0.0,15
2023121702,3191,0.0,0,36.6500015258789,18.0200004577637,6,6.168831453630304,0.5922829583786048,0.762565603090877,7.583679845563101,0.0,15
2023121702,3243,0.0,0,72.3199996948242,4.73000001907349,16,6.30134097205603,5.0420032853460395,0.5954888695370368,2.8984133590638805,0.0,15
2023121702,3288,0.0,0,58.5699996948242,37.5099983215332,8,7.044499756682669,0.4827006500984528,0.11689072880883059,2.323811524198978,0.0,15
2023121702,3333,0.0,0,56.7900009155273,13.8999996185303,9,7.977548757492071,0.9381362977391656,0.3052437931665343,12.876416426941153,0.0,15
2023121702,3358,0.0,0,60.3899993896484,24.3400001525879,5,9.98128306640045,0.8015614891717873,0.06703974885892311,9.760512281637675,0.0,15
2023121702,3383,0.7519,1,77.8399963378906,12.8000001907349,12,0.9100558945049166,1.2440256189540952,0.002752125757258756,0.8325863318599506,0.0,15
2023121702,3484,0.3465,1,10.5900001525879,2.59999990463257,29,2.3841559109205726,2.682256364166133,0.8565770506781815,3.4972274732993873,0.0,15
2023121702,3563,0.0,0,13.8199996948242,9.34000015258789,7,10.249180628633201,0.3111268758263041,-0.3788414060445931,9.992542219075183,0.0,15
2023121702,3588,0.0,0,24.2099990844727,14.1199998855591,7,3.3176051439241445,0.28792441976569855,-0.0003679077383531685,5.285319290260523,0.0,15
2023121702,3613,0.0,0,31.8099994659424,36.0200004577637,9,5.1643496207471005,0.8980540409609631,0.007170319998301363,4.070393101409252,0.0,15
2023121702,3643,0.7245,1,63.189998626709,51.8199996948242,17,0.8266205785077466,0.3612482555335274,-0.31381907913315066,1.1067971810589314,0.3473,15
2023121702,3666,0.0,0,41.0200004577637,43.1599998474121,7,5.8598374825292865,0.7500002746583246,-0.5627971086232956,9.749358953285084,0.0,15
2023121702,3719,0.0,0,70.9899978637695,4.71000003814697,22,3.989685209663667,0.11313862251662166,-0.6823931124958382,8.815406967349826,0.0,15
2023121702,3747,0.0,0,74.3399963378906,43.6500015258789,10,14.224784621715585,0.09000366212234476,-0.12094578782908347,14.036844374716143,0.0,15
2023121702,3809,0.0,0,74.4100036621094,21.0699996948242,8,9.822460394955138,0.6664799243153628,-0.27473438050631,10.972328832112177,0.0,15
2023121702,3834,0.0,0,89.0999984741211,53.3499984741211,11,3.6660199520492385,0.5780135502834732,0.057132232551162114,9.207676145477754,0.0,15
2023121703,55,0.0086,1,80.0599975585938,8.4399995803833,9,2.9743042265932838,0.5000976818096776,-0.3229467690455871,5.5220376673833105,0.0,15
2023121703,150,0.0,0,26.9200000762939,38.4000015258789,8,5.344726100145275,2.036858865230397,-0.5895071770188092,7.383034606447404,0.0,15
2023121703,263,0.0,0,63.3300018310547,27.9699993133545,16,3.460706393728756,3.2791747932258364,-0.63982864941909,1.8049930747789609,0.0,15
2023121703,310,0.0,0,70.5,18.7700004577637,6,6.19504638974708,2.540177494365539,-0.19580075214304313,7.274647757795552,0.0,15
2023121703,338,0.1843,1,103.449996948242,49.810001373291,22,2.4470611627751713,1.5147625516166736,-0.8341705897473342,3.132491021535426,0.0,15
2023121703,534,0.0,0,83.370002746582,8.71000003814697,7,3.2266725007980024,1.1566353272797076,0.22714586916018306,3.332941643653544,0.0,15
2023121703,564,0.0,0,73.4899978637695,46.2700004577637,12,3.309288775048206,0.9786194727228879,0.0361910608001833,2.8233490751233736,0.0,15
2023121703,652,0.7345,1,64.4499969482422,18.2199993133545,5,0.7964893004292567,0.8481131446196922,-0.6442934954875551,0.8315046602395016,0.8562,15
2023121703,756,0.0,0,54.7099990844727,26.7800006866455,12,3.9396076773879867,1.1205809380830816,-0.5689838207456469,2.686335794348871,0.0,15
2023121703,803,0.0,0,66.129997253418,18.0,11,4.373432013942127,6.892638656223864,0.014626324500420135,6.516417727555533,0.0,15
2023121703,937,0.0,0,75.2399978637695,22.4099998474121,11,3.264412407571022,1.3815912465570677,-0.32519987299123243,3.7165171868296287,0.0,15
2023121703,1053,0.8262,1,54.1199989318848,38.7200012207031,9,0.5215350572306988,2.9759887355062093,-0.15558815003403342,5.545385469018357,0.2517,15
2023121703,1184,0.0,0,38.5699996948242,40.5999984741211,13,4.4126420322287805,1.3124412305490283,-0.5537236412092819,3.785828839237188,0.0,15
2023121703,1390,0.0,0,101.449996948242,42.8199996948242,9,4.977647106961598,2.2380774599109814,-0.5764216742826388,6.974525073436894,0.0,15
2023121703,1630,0.4805,1,71.8399963378906,30.2900009155273,8,1.6961462883429563,1.4866100155700763,-0.5882446582167249,1.662077013859461,0.1513,15
2023121703,1788,0.0228,1,101.930000305176,23.3199996948242,9,2.935864042247106,1.9946173401782292,-0.2336505193904587,5.458094905734046,0.0,15
2023121703,1813,0.0,0,117.569999694824,26.4300003051758,11,3.132091748059462,3.349641634319985,0.1815604545728752,2.5203967941576173,0.0,15
2023121703,1948,0.3484,1,35.5800018310547,11.8500003814697,8,1.9954178986707285,1.699557314511941,-0.2727364438859491,1.7472263734273232,0.0,15
2023121703,1973,0.0896,1,38.7900009155273,24.2099990844727,7,2.785478918239572,0.3733619170395772,-0.0960411558602573,3.3365401241405723,0.0,15
2023121703,2030,0.6782,1,69.1600036621094,51.4300003051758,16,0.9653979746846207,1.4003534252429215,-0.3870816718915733,3.9514174671882043,0.0,15
2023121703,2102,0.0,0,65.129997253418,16.7700004577637,8,17.2460056394623,0.25079594974043357,0.15803910348539754,15.019613843238451,0.0,15
2023121703,2182,0.0,0,39.439998626709,48.9099998474121,15,4.56808567545345,0.8015607391409422,0.3270106159073954,1.7910890541790523,0.0,15
2023121703,2216,0.0,0,34.8899993896484,25.0,6,7.863999766135375,1.8984199394764691,0.03957906239251611,6.897427056518975,0.0,15
2023121703,2410,0.8042,1,65.25,36.1199989318848,24,1.5205262527988017,0.20000064087094316,-0.7253177492381826,3.314226908345293,0.0,15
2023121703,2562,0.0,0,49.4199981689453,42.2900009155273,10,6.065507785205345,1.3730606173758857,-0.1611664866596189,11.13075918345195,0.0,15
2023121703,2752,1.0954,1,54.5499992370605,45.0499992370605,17,0.5913534100619593,0.6324564970844769,-0.7146374345698324,3.211043444115951,0.0,15
2023121703,2780,0.0,0,57.6500015258789,46.7999992370605,8,3.63076956586116,0.5941364259614492,0.11739134379550589,6.432246885809032,0.0,15
2023121703,2827,0.7299,1,70.8099975585938,3.66000008583069,15,0.8102493145018888,1.1300457635432857,-0.7439812259532615,1.988617610301189,0.0,15
2023121703,3034,0.0,0,39.8600006103516,29.9799995422363,11,4.452247384737661,1.360919434034689,-0.48430074677216867,5.065816814690402,0.0,15
2023121703,3228,0.0826,1,47.6500015258789,30.5300006866455,15,2.804141253496051,5.408916928788259,-0.7712048393715484,2.8779506597577393,0.0,15
2023121703,3251,0.23,1,44.1399993896484,27.8700008392334,11,2.3099144332695554,0.5966566830169436,0.18508977876514882,2.513344385475256,0.0,15
2023121703,3301,0.0,0,57.0200004577637,6.86999988555908,10,6.586561606582155,0.5119566069634495,-0.13948900607545958,4.567373424628207,0.0,15
2023121703,3326,0.0,0,66.879997253418,6.55999994277954,10,4.716632870346017,0.3036471352168943,-0.513423172352317,6.539617725830769,0.0,15
2023121703,3484,0.0,0,114.209999084473,20.0300006866455,6,3.38289888972054,0.8937572610204718,0.24503062600173667,1.9053870997778897,0.0,15
2023121703,3571,1.1071,1,49.8499984741211,25.6200008392334,24,0.8417242690936563,0.6499986384474223,0.056982442302869356,1.5204275714416693,0.0,15
2023121703,3594,0.5829,2,70.8300018310547,15.4200000762939,11,2.052438936057831,1.1500015106205714,-0.14024319965152537,2.2043593173527736,0.0,15
2023121703,3643,0.0,0,68.2200012207031,51.7700004577637,12,6.515682354879189,2.171866304361311,-0.5829163296803207,5.40807729234707,0.0,15
2023121703,3680,0.5193,1,52.1199989318848,23.9200000762939,11,1.539511847475331,0.17204741884777458,-0.015758160012961812,3.310589071449369,0.0,15
2023121703,3754,0.951,1,51.5,44.7700004577637,9,0.4904081520936086,0.4640039453011929,-0.48416165255215154,0.8854377448471477,0.698,15
2023121703,3801,0.8515,1,60.2000007629395,4.1100001335144,16,0.4455326137577606,1.054229211231197,-0.7859674845867651,2.121980207259246,0.0,15
2023121703,3824,0.0,0,87.7099990844727,39.2999992370605,31,11.347149816178884,10.079906208268167,-0.06827696173512471,2.173683509621397,0.0,15
2023121703,3878,1.2716,1,36.5,49.6399993896484,28,0.5385159140162666,0.46647562821555155,-0.27089678943504675,2.676863836656619,0.0,15
2023121703,3983,0.6731,1,55.2799987792969,25.1200008392334,11,0.9806130776502955,0.4060798471819893,0.010512088496253357,6.278096845382366,0.0,15
2023121703,4008,0.0,0,70.9199981689453,34.8899993896484,11,3.834188256328117,0.3138458324507333,-0.035456664795221485,5.096518419470294,0.0,15
2023121703,4160,1.0579,1,66.0,3.63000011444092,16,0.6198385760680685,0.7762087053258583,-0.4421811144481725,1.129468901740993,0.2443,15
2023121703,4227,0.6415,1,31.5300006866455,2.74000000953674,28,1.0754072527726184,1.0028457608509007,-0.1799401943805505,3.8418745424597125,0.0,15
2023121703,4421,0.0,0,40.939998626709,56.4199981689453,22,3.9072482298752766,3.794362668687398,0.27789509122084904,2.764217791708898,0.0,15
2023121703,4536,0.0,0,45.1599998474121,13.7799997329712,11,3.043846363210671,0.5521778137359986,0.02008823053266707,2.6945314991664118,0.0,15
2023121704,123,0.0,0,76.2699966430664,6.76000022888184,14,7.16837880096369,0.39560178283238906,0.5718539844540113,8.296420915069342,0.0,15
2023121704,153,0.0,0,46.5299987792969,49.7999992370605,21,3.961641052916702,1.1473868998729768,0.1252950979402075,5.299094262230103,0.0,15
2023121704,317,0.0,0,40.189998626709,44.0400009155273,9,3.5511415422444323,2.2943849697749434,-0.5681899091991376,4.454772721475253,0.0,15
2023121704,386,0.8078,1,86.2399978637695,49.4500007629395,23,1.280350486933145,0.24999866944028573,-0.07168439380064696,3.5520275899829423,0.0,15
2023121704,409,0.8128,1,72.5599975585938,40.0400009155273,13,1.146213665870764,0.2647654060137274,0.7658903569320141,1.6904733065032413,0.0,15
2023121704,488,0.0,0,105.620002746582,48.5999984741211,16,12.467306471402146,0.2529827918626586,-0.6612909376403363,13.332595396246003,0.0,15
2023121704,582,0.9508,1,63.9099998474121,10.3000001907349,16,0.14764832619717594,6.854932772517572,-0.10525197315556171,1.7741758650145125,0.488,15
2023121704,697,1.2449,1,43.4000015258789,25.8999996185303,11,0.29999938965192346,1.5096041558431383,-0.05625158609758328,3.5584406697316173,0.0638,15
2023121704,942,0.0,0,63.3600006103516,25.7199993133545,10,7.283872637838229,0.9295696624708397,0.25468962213420654,15.255913607516264,0.0,15
2023121704,1010,0.5151,1,69.1900024414062,23.2000007629395,13,1.4546502810613864,1.4393422987803477,0.05877659039332549,0.679558680321287,0.0,15
2023121704,1055,0.0,0,87.0800018310547,29.0799999237061,11,10.27940300376897,0.6860039486365382,0.17208277904992372,11.72307553502919,0.0,15
2023121704,1351,0.0,0,81.4100036621094,27.9500007629395,6,4.866422160309103,1.1941907036907877,-0.3867981639744252,6.219019215278239,0.0,15
2023121704,1508,0.0,0,69.9000015258789,40.9099998474121,11,9.91054362787442,1.0469494478553627,-0.2833681441187485,3.2619779275770737,0.0,15
2023121704,1547,0.0,0,29.9400005340576,47.2299995422363,20,12.981964737619315,0.882836942243486,-0.6744959414157211,15.420090790913003,0.0,15
2023121704,1666,0.4792,1,23.4099998474121,11.8199996948242,13,1.8569871221619143,0.697782410905351,0.19377615974652912,0.6521502894272151,0.0,15
2023121704,1720,0.0,0,6.57999992370605,21.9300003051758,8,3.5979024216385485,0.5107840222471032,0.5695879669678279,1.7912007146045923,0.0,15
2023121704,1784,0.8373,1,40.25,29.1399993896484,8,0.9178236321466922,0.5672746468006025,-0.029732780808211574,1.2379418403139952,0.6233,15
2023121704,1944,0.0,0,95.4599990844727,11.3199996948242,9,7.55015797632942,0.7381726399945271,0.08170226690980441,5.109569453486274,0.0,15
2023121704,1969,0.3746,1,87.9700012207031,7.69000005722046,12,2.1268051561969186,0.5408336752662579,-0.10152970324369563,1.7117242768623737,0.0,15
2023121704,1994,0.549,1,65.3199996948242,29.7299995422363,9,1.3529963391037656,0.28231134377581335,-0.03256046189820775,3.0306599941266894,0.0,15
2023121704,2024,0.0,0,66.0500030517578,27.0100002288818,10,5.114344456822541,0.5445175163123137,0.374919103395993,3.226019218789624,0.0,15
2023121704,2170,0.0,0,39.0,43.2700004577637,14,3.4570656371877897,2.6115517206302354,0.8103730413604421,1.1458621208504982,0.0,15
2023121704,2193,0.0,0,46.439998626709,22.9500007629395,10,4.295158859708175,0.19235287283531433,-0.08962494432575169,5.0718241294429705,0.0,15
2023121704,2218,0.0,0,93.3199996948242,48.6399993896484,18,13.374665835760593,1.5617940397373404,-0.6325691502782514,7.410802925459557,0.0,15
2023121704,2282,0.0,0,90.9400024414062,19.0100002288818,8,13.647877555302555,1.6640032908351132,-0.4320729422268364,12.552680988537862,0.0,15
2023121704,2537,0.4094,1,87.5800018310547,39.4700012207031,8,1.9067270279170172,0.07000122072704587,0.5461755238273527,4.370011441632617,0.0,15
2023121704,2562,0.0,0,73.3399963378906,50.7200012207031,17,12.931271884610814,1.8613129016337548,-0.5585813283809654,5.033020961609429,0.0,15
2023121704,2643,0.2361,1,25.9099998474121,14.460000038147,7,2.29172425401872,0.48754474845332124,-0.11562037926741882,3.0048128061494945,0.0,15
2023121704,2668,0.0145,1,17.9099998474121,3.59999990463257,11,2.9565518692449597,0.7990620865744614,0.041903429711805405,6.64262749219012,0.0,15
2023121704,2698,0.0,0,0.819999992847443,1.63999998569489,18,3.329624619447367,1.7513709075843942,0.8659457012591147,1.1985407794480758,0.0,15
2023121704,2762,0.0,0,-4.05000019073486,18.1399993896484,14,6.67994016437802,4.958911192197077,-0.24391246533221378,2.963190847718045,0.0,15
2023121704,2835,0.4656,1,64.5699996948242,40.4799995422363,13,1.6032782292299232,0.5299997725578887,0.30962767426306337,3.8278584090846417,0.0,15
2023121704,2858,0.0,0,58.0400009155273,39.0699996948242,11,6.398780285956908,3.752984810656041,-0.5965401187291768,3.1923032437411076,0.0,15
2023121704,3108,0.0,0,40.2799987792969,46.8300018310547,10,7.163414602314516,2.684118828271589,-0.17702646659427831,8.799801134116613,0.0,15
2023121704,3138,0.0,0,48.7299995422363,26.2700004577637,5,6.456656120474248,0.1264908168928774,0.06214123281646952,7.766704577875998,0.0,15
2023121704,3188,0.0,0,43.0800018310547,35.1599998474121,7,16.070157033916303,1.6933092706337227,-0.36042975704122987,15.342203231609204,0.0,15
2023121704,3213,0.5053,1,59.9900016784668,19.4200000762939,8,1.4840805284607852,0.8755574422380894,0.5271588720231347,6.4573988571250585,0.1043,15
2023121704,3429,0.5819,1,10.8699998855591,2.27999997138977,20,1.2541928647284621,0.641326632019928,-0.7325523926189933,1.6124515496597103,0.6683,15
2023121704,3520,0.0,0,48.310001373291,-1.79999995231628,15,4.171629470721074,2.966242539741983,0.12754412341723265,2.6780029873022886,0.0,15
2023121704,3543,0.0,0,60.0099983215332,0.0599999986588955,21,3.250122394128664,2.631367854162163,0.4005218242965447,1.0124228365658277,0.0,15
2023121704,3566,0.4756,1,42.8199996948242,28.7999992370605,10,1.80000070190439,1.0383167598215721,-0.156420475400121,7.874725392037494,0.0488,15
2023121704,3602,0.4346,1,67.0999984741211,21.9899997711182,17,1.6961437802105641,2.3024323328209024,0.13666757758781162,3.514327816240255,0.0,15
2023121704,3663,0.0,0,53.7999992370605,9.47000026702881,8,10.14694530206831,0.39115140410021854,-0.23607119156305076,4.816523642628569,0.0,15
2023121704,3800,0.0,0,65.879997253418,8.01000022888184,21,6.167862135914195,0.6865849323509282,0.3117709576028146,9.912219731220652,0.0,15
2023121704,3877,0.0,0,58.5400009155273,2.49000000953674,12,8.108377606558962,1.0511888880440028,-0.03868751840952969,5.637135797548252,0.0,15
2023121704,3907,0.0,0,81.6100006103516,1.23000001907349,20,3.0455875336026437,4.162547881529834,0.6994864279486358,1.458355237930734,0.0,15
2023121704,3930,0.0,0,67.75,9.19999980926514,10,3.79885490340418,0.2319482947644363,0.2512171285074201,9.021230514735782,0.0,15
2023121704,3955,0.0,0,76.5999984741211,32.5,7,5.520155462204543,0.25060062128622795,0.11091184065077457,8.454229710624146,0.0,15
2023121704,3980,0.0,0,75.3000030517578,42.6500015258789,8,7.111376496677835,0.6438157723999467,0.08807370336650533,7.716430521944711,0.0,15
2023121704,4012,0.0,0,96.1999969482422,47.75,12,4.587567814713941,0.4704283884521058,-0.44880352277732255,4.171678319333847,0.0,15
2023121704,4042,0.0,0,100.290000915527,46.3300018310547,8,6.422249420730933,0.7523974864016221,0.5045411517951907,9.289241088485108,0.0,15
2023121705,107,0.3334,1,78.5,14.6300001144409,8,2.1812380687311013,1.669041530789545,0.18156377207793406,0.7877182237323275,0.0,15
2023121705,174,0.0,0,22.0300006866455,41.9099998474121,7,8.748496311661196,0.4951761537253896,0.1553767466861516,8.676687155821629,0.0,15
2023121705,221,0.1259,1,46.2299995422363,20.4699993133545,11,2.719743280357172,1.6063938023659052,-0.33847879807710785,6.6348850781305915,0.0,15
2023121705,273,0.0,0,89.9499969482422,2.6800000667572,14,3.842137778589539,1.9502850190254923,-0.4649748194796111,2.1927608168699133,0.0,15
2023121705,462,0.0,0,87.3199996948242,37.6199989318848,7,6.01739143023244,0.5714015554319422,-0.2640487133835321,8.040758670672805,0.0,15
2023121705,492,0.1499,1,74.620002746582,47.310001373291,9,2.5503164308991932,0.8452809858726209,-0.5908573306731802,4.304880950734871,0.0,15
2023121705,624,0.0,0,70.5299987792969,13.25,9,5.33045869667835,4.476649846442968,-0.19670995271704914,5.2151797667961635,0.0,15
2023121705,699,0.7361,1,39.5299987792969,47.25,15,0.7915806199820581,1.9602286131525342,-0.8592848186230718,2.9681644159311666,0.0,15
2023121705,751,0.1556,1,17.2000007629395,48.5900001525879,10,2.568151460215719,1.4337715393419612,-0.11509707439507848,3.2752557152075923,0.0,15
2023121705,853,0.0,0,21.2199993133545,8.68000030517578,9,3.728284397500483,2.1422659006499276,-0.4929524517346569,4.7282977909602915,0.0,15
2023121705,903,0.0,0,90.0400009155273,8.59000015258789,12,3.826708813301276,2.223083877333461,-0.45513909392064017,4.341946568072894,0.0,15
2023121705,975,0.0093,1,60.4799995422363,52.25,18,2.977129170140797,1.3815928590308844,-0.4810540144992121,3.45637092916834,0.0,15
2023121705,1027,0.0,0,62.1199989318848,15.1499996185303,8,13.331814503725022,0.6378869280464247,-0.5734355027828352,14.198397796934692,0.0,15
2023121705,1074,0.0,0,44.5400009155273,44.939998626709,9,10.7649482498308,1.343727722835953,-0.6139090584354127,12.560015923556788,0.0,15
2023121705,1311,0.0,0,56.1100006103516,13.4799995422363,10,3.7980265160831896,2.0576201541716,-0.2749903883119793,3.4370045097439093,0.0,15
2023121705,1407,0.0,0,18.8099994659424,21.6299991607666,6,5.000568979924875,2.145902115849917,-0.14101248727005494,2.2743790361327196,0.0,15
2023121705,1547,0.5403,1,51.1100006103516,23.2900009155273,9,1.4763468799250195,3.2989237561998372,-0.3003678047646798,1.3730622709840976,0.138,15
2023121705,1570,0.0,0,36.3400001525879,8.07999992370605,9,12.373301916459367,0.4477720931591546,-0.5387484848830022,6.45914080973623,0.0,15
2023121705,1675,0.4144,2,46.2700004577637,19.1299991607666,8,1.838612686517701,0.7905702363002695,0.7066659320670726,3.771949098277976,0.0,15
2023121705,1737,0.0,0,78.129997253418,5.13000011444092,11,8.168350820698937,2.2313435432225988,-0.602081770950388,5.856722633009016,0.0,15
2023121705,1796,0.0,0,60.9500007629395,43.5499992370605,10,5.233593897235274,1.42341247255248,-0.5625749469957383,6.063868402265998,0.0,15
2023121705,1867,0.0,0,47.3699989318848,44.8300018310547,9,4.071179268691268,1.7638583269395933,-0.6707349002569746,6.030762804156704,0.0,15
2023121705,1892,0.0,0,56.9700012207031,8.90999984741211,11,3.835204359675042,0.6216902083928195,0.356852787248104,3.211619529147248,0.0,15
2023121705,2253,0.0,0,86.0100021362305,51.4500007629395,26,17.07595505061166,0.4219026611363347,0.886545809726325,6.033324125223178,0.0,15
2023121705,2378,0.0,0,59.5099983215332,37.560001373291,7,3.8747494811761585,1.8293695132932724,0.15417509901221696,2.8485961454723565,0.0,15
2023121705,2445,0.0,0,58.4000015258789,23.1499996185303,6,7.854306064697058,1.650274237298463,-0.11003873143334794,6.431314018145903,0.0,15
2023121705,2470,0.8369,2,35.7099990844727,46.5499992370605,17,0.8860032476025265,4.288799635117342,-0.5810897333971531,2.3053199344125725,0.0,15
2023121705,2573,0.0,0,33.0299987792969,-2.80999994277954,18,5.6851552088545265,4.676803590116629,0.5693895234066161,1.8853381659532606,0.0,15
2023121705,2622,0.0,0,52.7999992370605,46.4000015258789,10,4.4969423595738505,2.213524988372228,-0.6402535279211772,5.1842935873655875,0.0,15
2023121705,2704,0.0,0,39.4900016784668,44.8899993896484,7,4.07044072682237,1.4339117888460262,0.22409480954872077,3.353863443850988,0.0,15
2023121705,2734,0.7481,1,7.8899998664856,4.28000020980835,22,0.7558438707127212,0.8868485770614537,-0.4755311689187422,1.4598630072715744,0.0,15
2023121705,2779,0.0,0,3.00999999046326,5.76999998092651,20,5.212542568353142,0.5885575759582917,0.2548959891148059,4.175380222207314,0.0,15
2023121705,2843,0.0,0,35.9000015258789,15.6999998092651,7,3.21076195215205,1.49402015752178,-0.5169650605395469,4.731553656041534,0.0,15
2023121705,2868,0.0,0,42.6100006103516,32.5499992370605,8,3.2766600323207564,0.8967726711691842,0.16497840650162185,4.004809608458308,0.0,15
2023121705,2994,0.4695,1,68.8899993896484,16.0599994659424,9,1.5915402673728571,1.256065270350101,0.0788845326249206,0.6774215821775997,0.0,15
2023121705,3117,1.0529,1,61.3600006103516,1.77999997138977,27,0.7912014285544605,0.43382077543927433,-0.8610579438170356,1.2606347607455535,0.0,15
2023121705,3172,0.0,0,56.4700012207031,9.53999996185303,10,6.17482738516174,0.4837342583528254,-0.13495105764220558,7.502806141704582,0.0,15
2023121705,3217,0.0,0,43.7000007629395,33.2999992370605,8,4.681580359176232,2.371920012799887,-0.4170800390783181,2.5307113624433755,0.0,15
2023121705,3269,0.5647,1,17.9300003051758,1.58000004291534,21,1.699411370749986,0.7072479574849382,-0.010813863320856468,2.893872837565605,0.0,15
2023121705,3372,1.6251,2,49.0900001525879,21.3899993896484,26,0.3036442023752935,0.7227724442062761,-0.3089649099495009,1.5976545308670467,0.0,15
2023121705,3520,0.0,0,36.9000015258789,6.17999982833862,9,3.9689434300664193,1.3179538364988768,-0.6990566219897282,4.83508014411343,0.0,15
2023121705,3550,0.255,1,33.060001373291,29.8999996185303,7,2.536020799774584,1.7912019268227066,0.10843011978743168,1.6667633305301626,0.021,15
2023121705,3627,0.0,0,53.5299987792969,42.6500015258789,10,13.028619983166847,1.0044886230329606,-0.7019539500355096,14.55411969168868,0.0,15
2023121705,3652,0.0,0,70.4100036621094,49.6500015258789,14,3.256773681238322,2.9980287560553425,-0.6232884279245948,2.62373779177721,0.0,15
2023121705,3677,0.0,0,80.4800033569336,17.4500007629395,10,3.883913123687994,3.3188229246030065,-0.07106003147064359,1.5456390264224062,0.0,15
2023121705,3702,1.0903,1,114.430000305176,5.03999996185303,28,0.8947069483226869,0.21587063716195798,0.7677957330894916,1.077032961426903,0.0,15
2023121705,3843,0.0,0,57.6599998474121,7.36999988555908,14,4.956097427771382,3.1761613452583553,-0.3715874883939594,1.6316862443496927,0.0,15
2023121705,3873,0.4512,1,93.25,11.1599998474121,27,1.848593958832977,0.8360023010806406,-0.6760613602041815,1.5108275877809394,0.0,15
2023121705,4048,0.4974,1,102.099998474121,30.5,7,1.9138455584973424,0.7810264914672038,-0.034563104055166945,2.659323222175132,0.0969,15
2023121705,4143,0.6403,1,114.849998474121,21.8700008392334,8,1.0789827338435023,1.4080144854592496,-0.36249397038662956,0.74330343736593,0.0,15
2023121705,4196,0.0645,1,115.23999786377,21.7900009155273,8,2.820160508154312,1.5222702439320381,-0.2970319799732522,1.8848076824970774,0.0,15
2023121706,81,0.0,0,32.6699981689453,43.1500015258789,10,6.046033653819758,1.923329518193022,-0.4887464920248211,9.094877679221423,0.0,15
2023121706,172,0.0,0,83.2099990844727,36.7000007629395,11,3.6082694735498007,1.1669201265675613,0.1300001241910108,4.8650693725783585,0.0,15
2023121706,433,0.0,0,28.0799999237061,24.4599990844727,31,5.056688668930989,3.36037206587948,0.9190464929785408,1.5600000000000023,0.0,15
2023121706,489,0.2866,1,60.2200012207031,39.4300003051758,9,2.1400939550010203,0.6243405261000098,-0.2673382578844478,3.2276926743418386,0.0,15
2023121706,667,0.7966,1,71.2900009155273,49.3800010681152,33,0.6103265782403218,0.9090640475945765,-0.5552546126056094,2.110213259365032,0.0,15
2023121706,690,0.8208,1,33.9799995422363,5.19999980926514,10,0.5375874030445039,0.49254417802235106,-0.2084989478793074,1.3717871555019063,0.0,15
2023121706,749,0.2483,1,61.939998626709,41.4500007629395,13,2.2549928895966205,2.526042844649563,-0.3842261549195574,1.077125805094282,0.0,15
2023121706,783,0.637,1,72.4899978637695,23.6900005340576,5,1.4302425461611408,0.590340215582747,0.39179428867398475,4.769423445239477,0.4485,15
2023121706,942,0.2048,1,41.3800010681152,27.3600006103516,7,2.531974945619615,0.9464138035372512,0.5208283304930363,1.469965986001036,0.0,15
2023121706,1033,0.0,0,50.3699989318848,37.810001373291,7,4.107579702299752,1.4327961241151237,0.27135184641791704,5.197730273879164,0.0,15
2023121706,1056,0.0,0,52.0299987792969,15.1099996566772,8,6.340852945756851,0.9390433215636526,-0.07033935865338078,7.151006922105444,0.0,15
2023121706,1179,0.0,0,9.39000034332275,48.7999992370605,18,3.3207371142786366,0.4669044283136431,-0.3067532310963955,2.040441128775833,0.0,15
2023121706,1327,0.0923,1,60.0200004577637,23.7099990844727,7,2.769854722603194,0.9489459404139893,-0.15091368755506132,4.987594610631463,0.0,15
2023121706,1352,0.4455,2,77.2399978637695,49.0200004577637,17,2.1825689847177188,0.8832343036181268,-0.6405983173901825,3.373603414748102,0.0,15
2023121706,1588,0.0,0,67.0800018310547,12.8400001525879,10,6.9902593382834235,0.5333872163923832,-0.09128734715473236,4.935068388583895,0.0,15
2023121706,1931,0.0,0,42.9199981689453,35.1599998474121,9,4.812153102351617,0.5830968381073753,-0.1164455011626988,5.442324870861714,0.0,15
2023121706,1956,0.0,0,53.0,-0.0199999995529652,14,4.545327270498894,4.622434423101034,0.5916279512681847,1.1837651794169315,0.0,15
2023121706,1979,0.8842,1,48.8499984741211,29.2600002288818,8,1.2025403161546842,0.4110945758673674,0.34656701310569993,7.722570815473303,0.3577,15
2023121706,2004,0.3526,1,57.3600006103516,48.310001373291,16,2.25887288842832,1.481419742178735,0.40606947653054626,0.7964923100695989,0.0,15
2023121706,2118,0.0,0,86.1699981689453,51.5,13,4.570096636195282,0.4301151990757849,-0.06347154674279451,5.575894547065965,0.0,15
2023121706,2187,0.0,0,76.8099975585938,31.3700008392334,7,4.228853659266435,0.6016623927872046,-0.3798611441658626,6.683666658354531,0.0,15
2023121706,2362,0.0,0,48.5699996948242,48.8899993896484,10,9.627860800243631,0.55901754029016,-0.4437642214711718,10.439181002358369,0.0,15
2023121706,2609,0.0,0,105.23999786377,42.0,12,3.9326980088931305,0.872068421927636,-0.5796348772266762,4.992674633901151,0.0,15
2023121706,2881,0.0,0,46.7599983215332,15.6700000762939,13,3.384228613226758,1.1815244480607416,0.6959592659931317,1.240040321925056,0.0,15
2023121706,3027,0.0,0,34.3300018310547,44.6699981689453,9,4.825108874106282,0.5966551460332264,-0.11562665052083279,6.332850858815479,0.0,15
2023121706,3057,1.3106,2,67.4599990844727,25.75,17,0.999250561456467,0.15524151106792775,0.4325633527160658,4.486357096799135,0.0,15
2023121706,3084,0.5603,1,48.3899993896484,45.7599983215332,11,1.5705084571463157,0.604069944161898,-0.1663179575315422,1.453822547630897,0.0,15
2023121706,3121,0.8166,1,62.3199996948242,5.21999979019165,14,0.5830955512655515,1.2788277188695616,-0.6880046276677564,1.3991783303067564,0.0,15
2023121706,3160,0.0,0,54.1199989318848,10.4200000762939,10,3.9976626908798045,0.49648872994365634,-0.27296845954765214,4.732060861823309,0.0,15
2023121706,3212,0.4408,1,69.1100006103516,44.3600006103516,14,1.6776462997110397,5.524971433263734,0.09922916885017825,4.491881565669338,0.0,15
2023121706,3345,0.655,1,37.1199989318848,5.21000003814697,11,1.2880998050575097,0.5825812673576656,-0.12494937640119028,3.2146228394634404,0.0,15
2023121706,3377,0.6417,1,44.8699989318848,30.7000007629395,8,1.125389666403037,0.5731483246742235,0.34509730104735736,4.841260166526891,0.0701,15
2023121706,3402,1.0422,1,48.9000015258789,49.9099998474121,13,0.8042998706096492,0.33241440668375594,-0.5419172658678376,2.2601991062735998,0.0,15
2023121706,3427,0.214,1,52.5900001525879,20.2900009155273,9,2.405202074345011,0.6815425766702362,-0.3176229117591625,3.8525316351718613,0.0,15
2023121706,3452,0.0958,1,63.560001373291,16.3299999237061,8,2.7637099718556946,0.3899995422384491,0.6871456696429785,3.6299449031631315,0.0,15
2023121706,3524,0.0839,1,81.4899978637695,42.6800003051758,9,2.803605717124762,4.7990224275127575,-0.677737913035379,6.548473104472518,0.0,15
2023121706,3547,0.0,0,79.3300018310547,48.0200004577637,11,3.8820216946518684,0.5999982604984688,-0.5563968485657497,5.082715809486105,0.0,15
2023121706,3584,0.0,0,76.8000030517578,18.3500003814697,6,11.596548199583935,1.566045282114143,-0.4142278107312253,12.000374994140806,0.0,15
2023121706,3629,0.2053,1,90.5999984741211,28.9799995422363,6,2.5688923900340495,2.0012260196358778,0.20208964528890547,3.7051990499836793,0.0966,15
2023121708,96,0.2069,1,52.7799987792969,48.1300010681152,16,2.379285801387729,2.642006694615352,-0.4986389495235713,2.102783869065006,0.0,15
2023121708,119,0.0,0,35.2299995422363,22.9699993133545,6,8.011373481959573,1.960637789129327,-0.4345866910805561,8.598069550777085,0.0,15
2023121708,191,0.0,0,70.0899963378906,28.5100002288818,14,5.246804964909194,5.427279461950189,0.4723925569276795,0.7981227975693942,0.0,15
2023121708,263,0.6272,2,87.5999984741211,11.9300003051758,10,1.8111052233730935,0.22803390733187237,0.1526672200874898,2.6293725487271713,0.0,15
2023121708,288,0.0854,1,76.1600036621094,49.4199981689453,8,2.7681250837903004,0.44384991449679523,0.09973755956429817,4.323343613454765,0.0,15
2023121708,313,0.0,0,56.1300010681152,39.4099998474121,12,5.599330367515052,1.6298476914471247,-0.15205759570216693,5.355567196852262,0.0,15
2023121708,439,0.0,0,29.4400005340576,43.689998626709,8,13.104339941140505,0.8170679361039821,-0.30352049480466725,13.790119651402597,0.0,15
2023121708,590,0.0,0,68.9000015258789,24.7999992370605,16,4.144211685444767,0.5277310065380462,0.526512544029487,3.7041193285314087,0.0,15
2023121708,649,0.0,0,68.2900009155273,41.9300003051758,8,5.263173071797351,1.233694200114225,0.6105531999281312,9.114674980491628,0.0,15
2023121708,889,0.3959,1,51.2099990844727,51.1100006103516,10,2.2059248153037156,2.0692982981625967,-0.30359755039172626,1.5310127367203676,0.0402,15
2023121708,1005,0.0,0,21.4300003051758,49.0999984741211,18,3.4949376440423974,4.720189609922,0.7211184341278186,0.8616263691415247,0.0,15
2023121708,1049,0.0,0,57.5499992370605,46.9300003051758,10,11.236428120345376,0.5586594230413037,-0.601798219631517,9.305106125133657,0.0,15
2023121708,1103,0.6158,1,79.5400009155273,25.1100006103516,7,1.1526055211155415,1.2448686130555542,-0.0432037040443539,2.454220853957527,0.0,15
2023121708,1155,0.0,0,58.4700012207031,15.8900003433228,7,3.0329528442804228,0.36400625110554874,-0.14671749146247653,1.8921416437465746,0.0,15
2023121708,1180,0.4576,1,55.1800003051758,37.1599998474121,8,1.9553261331208593,1.1967039312513397,-0.042920355192423834,2.820283673675396,0.0,15
2023121708,1205,0.0,0,43.060001373291,5.03000020980835,15,5.571293706040076,1.2103728593182734,-0.7365760634956598,1.3231024147812565,0.0,15
2023121708,1257,0.8861,1,32.2299995422363,46.8199996948242,13,0.341759828349861,0.7705845167383432,-0.5324042135756211,1.4142842712835404,0.0,15
2023121708,1282,0.0,0,31.2999992370605,10.6800003051758,10,3.579412538289349,0.364004672849274,0.0512482694790609,4.544722213733199,0.0,15
2023121708,1353,0.1566,1,22.1900005340576,6.28000020980835,14,2.5303364343066446,0.9684013148710456,-0.6902063987526555,0.9080198235721507,0.0,15
2023121708,1449,0.0,0,43.8699989318848,10.1700000762939,9,11.560485271577333,0.4161724873002796,-0.5017541461209052,11.499308674872584,0.0,15
2023121708,1479,0.0,0,62.0499992370605,13.5,9,3.5070362900945153,1.6046190859170968,0.03832112803278429,2.22396043130268,0.0,15
2023121708,1584,0.0,0,79.5400009155273,23.6900005340576,13,4.190859152901024,0.661211487887929,0.3559907866506046,3.791780584369297,0.0,15
2023121708,1609,0.2935,1,93.5899963378906,51.2000007629395,14,2.1446236368737264,1.9448662429002603,0.13446727132293274,3.569229608753124,0.0,15
2023121708,1692,0.121,1,100.690002441406,36.2299995422363,9,2.6738008079330466,0.9200004577669383,-0.03394284974842612,1.9262658175859377,0.0,15
2023121708,1771,0.634,2,111.129997253418,12.0299997329712,13,1.606394318389419,0.5807752190384229,-0.20418740701215757,1.9804039991880484,0.0,15
2023121708,1842,0.2921,1,26.6499996185303,6.6399998664856,28,2.410145424376789,1.313697152857926,0.21446273869590968,0.7156116265125938,0.4816,15
2023121708,1865,0.536,1,58.060001373291,4.03000020980835,13,1.3920500166946435,0.30886975456612825,-0.44057746620171,2.7302930245671444,0.0,15
2023121708,1924,0.2415,1,45.8699989318848,48.3199996948242,12,2.418676529589351,0.3224900449670041,-0.6170369310457586,3.9889973677604775,0.0,15
2023121708,2003,0.525,1,13.8999996185303,7.65000009536743,8,1.7893291102690396,0.39924906385281134,0.4480309080972051,3.6543672502910827,0.0,15
2023121708,2135,0.2092,1,72.5199966430664,46.4599990844727,18,2.598497215848813,0.9213554117114114,0.7194930563565252,2.132135080148539,0.0,15
2023121708,2238,0.4477,1,60.2900009155273,3.66000008583069,13,1.6570446687595923,0.9972453235397829,-0.3755164426419855,1.4708500943332052,0.0,15
2023121708,2342,0.0,0,96.8399963378906,33.1399993896484,7,4.358207191252916,0.5999963378909121,-0.12334491860771928,3.225228674063291,0.0,15
2023121708,2367,0.5685,1,86.9199981689453,19.6599998474121,5,1.6471168889984202,0.384706134364692,-0.40152526908328234,3.2324603632527324,0.3478,15
2023121708,2419,0.0,0,39.8300018310547,4.34999990463257,24,7.258847959740208,0.49162999606173025,-0.34601036866023427,2.9698653168115188,0.0,15
2023121708,2621,0.0,0,98.3899993896484,-1.73000001907349,23,5.108815530086497,4.582095089352415,0.723746240588112,1.3958868148958257,0.0,15
2023121708,2716,0.5489,1,93.3300018310547,32.25,6,1.7172371324729756,0.9192375207922291,0.3521970871677421,5.286747582398853,0.1957,15
2023121708,2892,1.107,2,103.419998168945,44.0999984741211,23,0.8657957370571828,0.6040707550087293,0.07495865628110462,9.417266057619912,0.0,15
2023121708,3037,0.1304,1,43.4799995422363,13.7200002670288,10,2.6086975225445426,0.3301519298501049,-0.29438082607035304,4.80983367695807,0.0,15
2023121708,3062,0.0,0,54.2000007629395,10.9799995422363,10,3.906621780354687,6.504683806045263,0.33342360575452873,4.919400369963804,0.0,15
2023121708,3175,0.0,0,69.1100006103516,43.5800018310547,8,8.35718856920522,1.840243073040846,-0.566736895367644,9.333477379840804,0.0,15
2023121708,3370,0.0,0,9.14999961853027,2.8199999332428,17,3.481063408307836,1.2621012423934792,0.5181273296581079,2.2617692189964895,0.0,15
2023121708,3436,0.0,0,78.3000030517578,-0.879999995231628,25,5.907777258840535,5.327976193281207,0.829724655153124,0.6334824385884749,0.4149,15
2023121708,3459,0.0,0,59.7900009155273,18.0,15,8.636602060284247,12.803515861684643,-0.02412904765869535,1.585496767577906,0.0,15
2023121708,3559,0.0,0,5.6399998664856,0.25,21,4.5682930152799734,4.015196263372623,0.5861377010248898,1.31605471010897,0.0,15
2023121708,3657,0.0,0,44.5200004577637,25.2399997711182,7,8.731007633501656,0.7130915224208217,-0.03713905275454259,11.915624196826618,0.0,15
2023121708,3707,0.0,0,84.8399963378906,47.2099990844727,10,7.090404138925114,6.146424137774036,0.4837745682068931,1.5608010763707227,0.0,15
2023121708,3730,0.0,0,74.4000015258789,6.51999998092651,13,4.497753886488735,3.979609529951631,-0.45240145182192365,0.788542960148649,0.0,15
2023121708,3753,0.0,0,69.75,19.5400009155273,8,3.7004050788803706,2.2313453659921723,-0.4416006870374519,3.5511406618155807,0.0,15
2023121708,3805,0.9165,1,111.139999389648,20.4200000762939,16,1.0369661153406688,0.7595393129764546,0.11170968255990202,1.9304144632694797,0.0,15
2023121708,3855,0.0,0,98.2200012207031,19.7999992370605,6,7.299560272350626,3.677443619846572,0.2956661099204263,4.61469392267786,0.0,15
2023121708,3878,0.6141,2,117.480003356934,20.2800006866455,15,1.7492889782235748,0.7741436880311374,-0.3238493843195055,4.069643719049616,0.0,15
2023121708,3913,0.4427,1,103.339996337891,4.80999994277954,14,1.6719187302655543,0.3848392027101944,0.2652719598107874,3.753531670307318,0.0,15
2023121708,3972,1.0544,1,110.51000213623,38.2599983215332,10,0.3354125986530496,0.6946195085114043,-0.13556996293231088,0.8558621384311852,0.0,15
2023121709,84,0.0,0,37.2000007629395,23.4099998474121,8,6.639645561272187,0.9552480820791883,0.1943484421763646,5.970468993303622,0.0,15
2023121709,175,0.0,0,63.7900009155273,17.3899993896484,8,3.2935840255934137,1.948049549138788,0.11329536088319768,2.522478939456182,0.0,15
2023121709,348,0.3707,1,46.0800018310547,22.0900001525879,7,2.1902060445774563,0.6530705975985552,0.2746101829519782,1.8293714767646294,0.012,15
2023121709,468,0.0,0,38.7700004577637,9.01000022888184,8,6.641543172737189,3.175688840377953,-0.5042130940293639,7.532927717693833,0.0,15
2023121709,534,0.0,0,68.3399963378906,3.89000010490417,12,5.74569483687826,0.6596961136885288,-0.7036210620761083,6.507995082972945,0.0,15
2023121709,594,0.0,0,48.810001373291,51.3499984741211,21,5.052086632234644,3.164425257947974,0.596316810716851,1.4005713120009333,0.0,15
2023121709,1093,0.0,0,34.6300010681152,44.1300010681152,9,11.368398506288438,1.8146336722276248,-0.5419754142293246,12.655706222886185,0.0,15
2023121709,1201,0.0,0,65.5699996948242,50.1199989318848,12,3.809579800640403,2.282192533243014,-0.34537798947600207,5.642171567756509,0.0,15
2023121709,1233,0.0,0,58.1800003051758,47.4500007629395,11,4.051826972965217,2.406345657468686,-0.6139278276615787,4.4125502829996135,0.0,15
2023121709,1263,0.0,0,49.8499984741211,51.25,12,3.6700941775348217,0.4103667317102003,0.5345974235653774,7.680162758692034,0.0,15
2023121709,1320,0.1311,1,24.9699993133545,49.8899993896484,22,2.670805860770054,1.2182783912001587,0.3966766106441077,1.2270289320142338,0.0,15
2023121709,1440,0.4393,1,27.0799999237061,44.9099998474121,10,1.8832154027874124,0.1476483701188345,-0.4683164375445069,5.660220843748059,0.0,15
2023121709,1489,0.6172,1,51.9799995422363,40.8699989318848,20,1.7336667648835058,0.5353505463907107,-0.705962613056629,6.396577209727093,0.0,15
2023121709,1669,0.0,0,65.370002746582,6.90000009536743,16,3.2633850719413386,2.034352762738413,-0.4383024518499148,1.15433963806152,0.0,15
2023121709,1747,0.0,0,64.129997253418,6.71000003814697,12,6.066319449825826,1.932177138508608,-0.28847457774710494,1.2747548783982012,0.0,15
2023121709,1777,0.0,0,84.6100006103516,3.99000000953674,17,6.932827117773821,1.2001660994971064,0.3911308084651629,6.023163620556887,0.0,15
2023121709,1807,0.0108,1,97.5400009155273,47.8199996948242,18,2.967708708213764,1.7286115898505239,-0.718792230652949,1.3971399357258274,0.1484,15
2023121709,1832,0.0541,1,100.110000610352,45.8899993896484,10,2.837780259596586,0.8323459352093702,-0.4585993230424221,2.1582400237230273,0.0,15
2023121709,2093,0.0,0,60.4099998474121,37.4900016784668,10,12.816318281805417,1.7109337712225041,-0.4653684071768945,15.683940831308943,0.0,15
2023121709,2118,0.0,0,44.0699996948242,35.7799987792969,7,3.125796739253578,1.1381132795814803,0.24013697534431075,2.3720033726788836,0.0,15
2023121709,2202,0.0,0,56.6100006103516,10.7700004577637,14,3.0314690093846,3.2533215429791715,-0.6792443241476962,6.156175760973692,0.159,15
2023121709,2225,0.0,0,57.7400016784668,45.5099983215332,15,3.625920160777779,0.3551033020237533,-0.14152250054483895,3.8420046850570064,0.0,15
2023121709,2282,0.0,0,60.8800010681152,12.8000001907349,9,11.11793519458666,0.7494655261120099,-0.2099313098309547,7.5990130938168505,0.0,15
2023121709,2616,0.3228,1,32.3800010681152,0.800000011920929,18,2.111232782624806,7.401325273541774,-0.26985571709349665,7.585545464895719,0.0,15
2023121709,2686,0.0,0,24.1700000762939,43.0099983215332,7,8.959536153163148,0.935362327669796,-0.5146665006116979,8.380214794383251,0.0,15
2023121709,2769,0.0,0,35.75,35.3199996948242,12,9.819903157488922,1.294951960434876,-0.3187209462985966,13.095514499247445,0.0,15
2023121709,2868,0.0,0,106.599998474121,37.0,7,3.4006623374717333,2.6402472293578083,0.1037085121684161,0.7988116173416596,0.0,15
2023121709,2997,0.8139,1,49.3300018310547,5.48000001907349,13,0.9986005485557672,1.5500010833747329,0.24620919900085136,2.790161285660743,0.0,15
2023121709,3020,0.0612,1,50.5800018310547,41.2200012207031,10,2.8162584652636093,1.2727938461548183,-0.2877737897955698,1.7837320426566297,0.0,15
2023121709,3072,0.1954,1,40.8699989318848,1.88999998569489,11,2.4137305328756287,0.4373787358767899,-0.4346104795532884,4.029342378105886,0.0,15
2023121709,3178,0.4546,1,30.6299991607666,33.7700004577637,7,1.6361532067565787,0.7433025926246595,-0.4293262857194276,3.3446823466511764,0.1725,15
2023121709,3281,0.7958,1,34.689998626709,5.40999984741211,18,1.079352652491016,0.13892570300003781,-0.18700491117606005,4.5957045161759495,0.0,15
2023121709,3395,0.6192,1,66.3399963378906,10.1499996185303,20,1.1423238358916592,0.5869414082243628,-0.5389033133650292,3.2824685832464517,0.0,15
2023121709,3472,0.0,0,87.2300033569336,3.67000007629395,13,7.041317632761888,0.4356575269465617,-0.10149335394032855,6.297491564107094,0.0,15
2023121709,3546,0.0,0,93.0299987792969,17.8099994659424,10,3.7833992489579695,1.424254755399504,-0.5445881585152326,5.3815425297957145,0.0,15
2023121710,100,0.0,0,47.4000015258789,17.7000007629395,8,5.488396070307226,1.7846562013343172,-0.1747675155059849,5.705173091151574,0.0,15
2023121710,149,0.0,0,58.9500007629395,7.57000017166138,9,3.5174560217694477,0.4101226999865189,0.07383417090560229,9.512544349436693,0.0,15
2023121710,206,1.0707,1,56.0,21.0200004577637,9,1.0288338513229853,0.5464426667207455,0.5211882875487006,1.5052574530624316,0.6609,15
2023121710,248,0.1376,1,58.9700012207031,49.7200012207031,27,2.626881408175866,2.716469769354208,-0.07623221846764755,0.9569221493935578,0.0,15
2023121710,300,0.0,0,95.6600036621094,31.4200000762939,9,8.560920142961685,1.955763079708686,-0.4522818182933053,13.287215660175017,0.0,15
2023121710,374,0.0013,1,107.470001220703,46.2799987792969,31,2.9960295666207313,5.948487496096202,0.6509956925377233,1.1672617529928744,0.0,15
2023121710,584,0.0,0,45.689998626709,35.9500007629395,7,7.707620727504354,1.392696405391456,-0.18947680255636382,4.784746597260929,0.0,15
2023121710,721,0.0,0,83.6900024414062,4.3899998664856,13,7.550793456668165,0.8980552840633211,-0.25446487782717875,6.0168513360394735,0.0,15
2023121710,774,0.6829,1,57.2799987792969,0.509999990463257,20,1.3562449421596015,0.3522793093895575,0.754266715900166,1.77158121462156,0.0,15
2023121710,935,0.0,0,30.8099994659424,34.9799995422363,6,5.313125941266749,2.1747880338665246,-0.10467807728613142,3.7460646016853447,0.0,15
2023121710,998,0.509,1,42.9700012207031,50.2799987792969,14,1.5171667255282049,1.0872425274425306,-0.3680688761437925,1.9312690128513954,0.0,15
2023121710,1084,0.4596,1,51.6800003051758,2.54999995231628,16,1.621111033534607,2.1095262851746104,-0.255474457072646,5.944274556243176,0.4883,15
2023121710,1244,0.7421,1,81.3899993896484,18.2299995422363,13,0.8421994089055928,3.092765127919502,-0.2902951035941982,1.9026297590440426,0.5501,15
2023121710,1430,0.0,0,111.680000305176,55.8199996948242,16,5.612877811484994,4.097621054871556,0.6930582446352905,1.7961347388211144,0.0,15
2023121710,1453,0.2662,1,117.339996337891,51.4300003051758,9,2.334798813187545,0.22803634303316273,0.6228299016993182,2.1648094604375645,0.1588,15
2023121710,1549,0.5691,1,86.0299987792969,28.4799995422363,8,1.2927500830018614,0.8660827880484204,-0.4288740360228269,2.9710772457140884,0.0,15
2023121710,1574,0.0,0,81.7600021362305,25.1800003051758,5,4.313561728168475,1.7700303345589017,-0.28154637210117833,4.888946716829711,0.0,15
2023121710,1599,0.4905,1,74.6600036621094,10.9300003051758,10,1.5365252662460354,1.6727544507207806,-0.17421740946735478,4.398226915474003,0.0,15
2023121710,1622,0.7522,1,43.8899993896484,46.5699996948242,23,0.7433027599305179,1.161076463230215,-0.7116600981129233,2.42909448148893,0.0,15
2023121710,1657,0.0,0,32.1599998474121,23.1599998474121,7,4.968148376202528,1.4712237904303815,-0.4025810886447929,5.4730247578464315,0.0,15
2023121710,1755,0.009,1,19.9799995422363,30.0200004577637,8,2.973112449595494,1.5247289918328042,-0.23135422164036665,5.063565937163254,0.0,15
2023121710,1806,0.6085,1,3.02999997138977,46.2900009155273,10,1.1744362567969338,1.742441153059631,-0.1243468092495193,0.5869412236331679,0.2641,15
2023121710,1892,0.0,0,35.5900001525879,39.6699981689453,7,3.4037168597442085,1.932150019727727,-0.42024171622265394,6.673290043149629,0.0,15
2023121710,1917,0.5533,1,43.6500015258789,14.7200002670288,9,1.340148201903941,1.8597027290866963,-0.13589852339168826,1.5171684151734757,0.0,15
2023121710,1976,0.1278,1,71.5599975585938,30.5,11,2.6771045496090458,0.31905905667542706,0.18355275966859746,4.607656671237563,0.0,15
2023121710,2001,0.4518,1,65.6900024414062,5.92000007629395,10,1.6475763783112007,0.29546799602640156,-0.352606245136393,5.424877878809802,0.0,15
2023121710,2067,0.5591,1,64.0599975585938,37.5200004577637,11,1.3865400853236802,1.0208306898048485,-0.16429795358210506,2.376909758488953,0.0,15
2023121710,2190,0.0,0,31.5300006866455,19.75,7,12.286325063325778,0.46141053752980193,-0.4509592800069385,14.410374734891526,0.0,15
2023121710,2225,0.4443,1,54.939998626709,33.689998626709,12,1.6670951569153896,0.5110791745034986,0.0211356702200455,1.3708391590555078,0.0,15
2023121710,2250,0.0,0,54.310001373291,30.9799995422363,7,6.834397050540444,1.4536151412123937,-0.40820020431685405,8.903128663565415,0.0,15
2023121710,2287,0.288,1,66.4499969482422,49.9500007629395,11,2.3745750949852007,0.9259070556715606,0.39087594973835016,1.2369316876853003,0.0,15
2023121710,2317,0.0,0,65.0299987792969,41.3699989318848,11,7.620946427090405,0.2080881337062087,-0.33002061633273194,5.482089017883602,0.0,15
2023121710,2342,0.3476,1,72.4000015258789,49.6399993896484,11,2.163930446388979,0.5597305303485142,0.20286133779849616,1.8436105879496354,0.0,15
2023121710,2420,0.428,1,81.6999969482422,37.439998626709,11,1.856477331969773,1.6420138977834684,-0.09815091825652839,3.576940033045001,0.0,15
2023121710,2623,0.659,1,54.0400009155273,30.75,6,1.4549911005858687,0.625859613929899,0.34332676889223834,4.7808472052555695,0.2984,15
2023121710,2756,0.6394,1,42.2700004577637,36.2400016784668,6,1.081894966881413,0.8697715880387827,0.4157875682978866,4.54582225785391,0.4305,15
2023121710,2856,0.0,0,64.6100006103516,8.11999988555908,11,14.094857686769947,2.143501957103529,-0.5413301977001395,10.453463540855733,0.0,15
2023121710,2908,0.0,0,49.8600006103516,47.5200004577637,11,6.709135892575864,0.6041529932343512,0.15355951051147007,7.338426261808452,0.0,15
2023121710,2970,0.4723,1,33.4599990844727,37.1599998474121,9,1.583161604285578,0.07280026051158839,-0.018299373168436092,3.581689545451977,0.0,15
2023121710,2995,0.0,0,6.0,55.3400001525879,21,4.647967415831664,3.560056301914734,0.6596445507607714,1.3550645741070797,0.0,15
2023121710,3061,0.9727,1,36.7099990844727,2.4300000667572,10,0.9420197966012114,0.4104883107564908,-0.43425449587613685,5.053563099437861,0.7694,15
2023121710,3084,0.0,0,58.8499984741211,14.3900003433228,13,3.3648164308539448,5.926253628829423,0.2595672575270771,2.4509997960016245,0.4159,15
2023121710,3250,0.0438,1,44.810001373291,27.1100006103516,7,2.8783662925416937,1.5992796382529026,0.0004255584036785243,1.253993620398442,0.0,15
2023121710,3275,0.0,0,60.0400009155273,45.6699981689453,12,5.461317566576122,2.474065831684024,-0.43546649607357224,5.683836732349016,0.0,15
2023121710,3298,0.3305,1,60.2700004577637,6.90999984741211,10,2.0856888523678982,0.6419496713087138,-0.017365646781965935,4.265219806762608,0.0,15
2023121710,3373,0.7309,1,107.330001831055,37.1199989318848,14,0.8072170118396512,1.8132001316486206,-0.7530931085676311,5.76045137120347,0.0,15
2023121710,3400,0.1337,1,69.3300018310547,17.2600002288818,9,2.5988082352249116,0.8646946336080678,0.07656325554747588,1.6352675622050319,0.0,15
2023121710,3504,0.5617,1,45.5,49.7000007629395,11,1.31487676819084,0.995389662310498,-0.1552330708876762,1.2054044964243413,0.0,15
2023121710,3622,0.2109,1,38.2099990844727,16.0799999237061,28,2.4167126511332704,0.3535535955966268,0.5922066829102152,4.610878441251729,0.0,15
2023121710,3647,0.4772,1,21.5699996948242,33.4000015258789,8,1.5684692287188664,0.6184651777002432,-0.2431922885128172,4.113404915638622,0.0,15
2023121710,3710,0.8369,1,21.5599994659424,17.3600006103516,8,1.010792357601838,0.9362161366921572,0.04368993061275755,1.5877342346879102,0.3907,15
2023121710,3733,0.3106,1,26.0499992370605,29.0900001525879,7,2.3430316386088186,0.5147808727258586,0.21960966336356066,3.0305940011819446,0.0864,15
2023121710,3930,0.0,0,88.2900009155273,44.3800010681152,12,5.379981752669734,1.911281936808323,-0.4857103506578266,10.267020015564395,0.0,15
2023121710,4179,0.0,0,84.9599990844727,6.42000007629395,8,9.90109500216127,0.799999084472706,-0.11001877490099969,7.602585086666243,0.0,15
2023121710,4262,0.0,0,64.0100021362305,48.1100006103516,12,3.0413831816658825,0.908737584678736,0.11180985305336309,4.285533805723633,0.0,15
2023121710,4297,0.5425,1,38.3800010681152,44.9000015258789,16,1.5262025867954276,0.5280169834559298,0.39711047018357,1.6903549923019132,0.0,15
2023121710,4399,0.0,0,27.1900005340576,42.5299987792969,13,15.995030087356026,1.7392534127546182,-0.4848831611322579,18.553104861451086,0.0,15
2023121710,4450,0.0,0,75.9000015258789,47.1199989318848,14,9.446373314279333,1.6105918033551077,-0.6171523165165246,6.779970501410746,0.0,15
2023121710,4514,0.6363,1,49.2900009155273,41.0099983215332,12,1.0912393897606922,0.9192392819867561,-0.703282365218604,3.387107910887994,0.4405,15
2023121710,4562,0.0,0,55.7999992370605,13.4300003051758,13,4.454582275946275,0.3124092055612202,0.25237773123651136,2.0877739341221804,0.0,15
2023121710,4748,0.0,0,39.310001373291,5.44999980926514,13,15.470709661174288,0.5984131861611733,-0.03059974039487215,13.30209757895348,0.0,15
2023121711,100,1.1142,1,94.6600036621094,32.0999984741211,6,0.680660586668767,0.07211026384957132,-0.02358879706307059,2.502258979402413,0.9098,15
2023121711,125,0.6595,1,85.120002746582,28.1000003814697,11,1.603807230738657,1.1237873007587422,0.5613073631183808,1.0435516278555643,0.0,15
2023121711,168,0.1031,1,69.3300018310547,10.1599998474121,17,2.6948295338358714,0.24412993727295942,-0.6963771505455673,2.6496980960101806,0.0,15
2023121711,317,0.5665,1,88.4700012207031,14.7399997711182,13,1.5523520829510606,0.7202765103377675,-0.29335943528495095,2.7475443581496557,0.0002,15
2023121711,363,0.0,0,81.1500015258789,5.92999982833862,8,4.210286519456231,0.47634150790118596,0.3069183830635524,4.615733961137703,0.0,15
2023121711,400,0.0,0,72.0500030517578,32.7299995422363,10,4.238170029503815,2.8844438135090726,-0.12193224425815906,2.0455317157159865,0.0,15
2023121711,425,0.0,0,56.5200004577637,21.9899997711182,12,3.6796740789797195,2.608697262108995,-0.41504275832935417,1.0438869670610889,0.0,15
2023121711,450,0.0,0,52.810001373291,32.1599998474121,8,4.595672820501636,1.2519598454390268,0.24954322308462373,1.545477272560162,0.0,15
2023121711,475,0.0,0,42.8400001525879,32.310001373291,8,4.238172676100886,3.4920055177523244,-0.27595592078714243,1.1268096556206808,0.0,15
2023121711,503,0.0,0,37.0,24.3799991607666,8,3.5096015999688075,2.5868318804189747,-0.31855741040147834,2.50768817838263,0.0,15
2023121711,652,0.0,0,42.1100006103516,23.4500007629395,7,4.432076181287311,3.8199602035128053,-0.25889494560048515,2.790877998050075,0.0,15
2023121711,743,0.2463,1,97.3000030517578,41.9799995422363,11,2.2610586336999527,2.8221430050152967,-0.5020956082925752,2.7126555254952627,0.0,15
2023121711,844,0.0618,1,82.4300003051758,38.5999984741211,7,2.8145516919767384,1.8532412566959704,-0.36702392221604746,3.090064724241224,0.0,15
2023121711,1089,0.0396,2,46.6399993896484,31.0599994659424,7,2.939558512178593,1.0696269138933452,-0.322847164719709,2.2033610689126744,0.0,15
2023121711,1114,0.0,0,57.5999984741211,30.7399997711182,10,4.594301368643617,2.0339385276220736,-0.31580391907905414,1.5980613254816007,0.0,15
2023121711,1150,0.0,0,61.189998626709,45.3600006103516,9,4.593355310292675,0.9761674654148698,0.1655628044124354,5.813725139701736,0.0,15
2023121711,1215,0.4401,1,78.1100006103516,5.8899998664856,18,1.6796719677016982,0.8100611268045576,-0.6859958130773263,1.2280879447336006,0.5862,15
2023121711,1262,0.0,0,85.5500030517578,8.89999961853027,11,6.907999783859558,1.493718497358281,-0.6829660245238928,5.904040989017607,0.0,15
2023121711,1314,1.1214,2,107.800003051758,12.9799995422363,15,0.9567157212690209,1.8725620185169887,-0.6678537353956527,1.0065783625729228,0.0227,15
2023121711,1378,0.0097,1,83.0,28.6000003814697,9,2.974054303564334,2.635488544900247,-0.03944684270420018,3.475413644445793,0.0,15
2023121711,1643,0.5679,1,56.2099990844727,9.22999954223633,20,1.296340739680585,1.7800271767248752,-0.781373267738881,2.8694424545545463,0.0,15
2023121711,1717,0.0,0,37.9000015258789,29.7399997711182,11,7.190130624446895,0.980205581278615,-0.06176819890562612,8.039900496896715,0.0,15
2023121711,1857,0.0,0,17.9699993133545,40.6399993896484,8,4.51991059645292,0.7452510856106782,-0.3618553359989839,3.536240942017382,0.0,15
2023121711,1986,0.0,0,41.6699981689453,51.0800018310547,15,7.635838801605787,0.539073482684196,-0.47093852315078094,8.342307834166752,0.0,15
2023121711,2101,0.0,0,101.75,52.2400016784668,23,4.379326769505153,4.0574501655986195,0.8499389748339778,0.8631338250816033,0.0,15
2023121711,2151,0.0,0,76.2300033569336,8.97999954223633,14,3.588480822954286,0.3255742466771098,0.07192666189304718,2.87027873210948,0.0,15
2023121711,2198,0.0,0,83.3199996948242,44.1300010681152,9,4.020797015079916,0.9533624848225831,-0.49767863190450856,4.258368232081386,0.0,15
2023121711,2228,1.4059,2,114.919998168945,24.75,15,1.2041579068590387,0.6010836365178772,-0.2556558643216549,1.9801010075246168,0.0,15
2023121711,2276,0.0,0,122.099998474121,13.3000001907349,16,3.318793541344523,3.5216459054573543,0.13102128502445295,1.953279293905504,0.0,15
2023121711,2349,0.3502,1,83.9499969482422,46.9700012207031,7,1.949407421357682,7.277888048285055,-0.06373464775397394,1.143372205364464,0.1593,15
2023121711,2381,0.0,0,95.4599990844727,41.0699996948242,8,12.61912916174413,1.8003615139220064,-0.5810451364552224,12.440016077160042,0.0,15
2023121711,2411,0.3971,1,116.980003356934,41.3300018310547,15,2.0286977776070603,0.5830990101015813,0.3774266075763923,2.2860008748904677,0.0,15
2023121711,2504,0.3543,1,67.0299987792969,34.439998626709,7,1.9370613501377736,3.2756675400985706,-0.43130359211104924,3.830835418025692,0.0,15
2023121711,2635,0.0,0,47.7599983215332,28.8999996185303,12,4.222143061330026,2.8624655242581447,-0.12316323276846311,8.65078031162507,0.0,15
2023121711,2743,0.0,0,67.6500015258789,36.8899993896484,8,12.501270339014086,2.6659511874086133,-0.5095957809620619,10.622829190003939,0.0,15
2023121711,2875,0.0,0,87.0199966430664,30.9500007629395,6,4.723598083170272,1.8287670447108153,0.13913601261259337,1.9744872752185527,0.0,15
2023121711,2926,0.2542,1,47.8600006103516,47.7900009155273,15,2.2375428360405216,1.6658021276600676,-0.7339811095683697,1.1903780911962343,1.2841,15
2023121711,2984,0.4179,1,49.7000007629395,23.7800006866455,12,1.9698729722950221,0.7306154609110421,-0.5388400358849811,5.726473609473809,0.0,15
2023121711,3087,0.4928,1,78.3899993896484,10.1599998474121,21,1.5216116051185897,5.779731306542728,0.6792710460621132,5.770935799330989,0.0,15
2023121711,3110,0.0,0,53.4199981689453,11.8800001144409,11,4.034477452568133,2.1560163720106305,-0.6162730151533304,2.7250137614331376,0.0,15
2023121711,3226,0.0,0,94.0899963378906,17.2900009155273,9,7.995651299511696,2.306381047526835,-0.6335227724911009,8.714499411899682,0.0,15
2023121711,3256,0.0,0,82.8099975585938,30.6900005340576,7,3.6572790012103833,1.502695146479655,-0.28479399214162743,3.8981662355522917,0.0,15
2023121711,3403,0.0,0,37.5200004577637,33.5099983215332,7,7.21468647107115,1.3051041052218122,0.3348874396451169,8.52078048068368,0.0,15
2023121711,3448,0.0,0,83.1100006103516,27.7900009155273,7,5.082067548270766,2.675519640496212,0.16355111592302884,2.0135789033459712,0.0,15
2023121711,3626,0.0,0,72.9899978637695,48.4500007629395,14,4.5631684421786405,1.417354859150633,-0.5924603173844768,8.843754858655911,0.0,15
2023121711,3883,0.0,0,17.4699993133545,19.7299995422363,11,6.12288413235686,1.5940208993498777,-0.28046450479752566,10.656758418956489,0.0,15
2023121711,3913,0.174,1,18.7000007629395,16.4799995422363,9,2.5541527196142475,4.289906019413003,0.09784913872648454,1.2022063050907679,0.0,15
2023121801,129,0.0127,1,58.6100006103516,31.4899997711182,9,2.966546396396525,2.928275317458915,-0.37985958733250197,2.3100865784641056,0.0,15
2023121801,209,0.0,0,75.2699966430664,25.4699993133545,7,3.412289937580735,2.092394297130696,-0.28777249096094115,4.2308982497810055,0.0,15
2023121801,483,0.0,0,93.6900024414062,21.1700000762939,6,9.781418353246425,3.0715641204841915,-0.3942990668958914,10.389075993561702,0.0,15
2023121801,530,0.1032,1,80.5299987792969,20.7000007629395,8,2.701851148321818,1.790111454739061,0.03519107379750313,1.521085138971521,0.0,15
2023121801,604,0.0,0,56.9900016784668,55.2700004577637,24,5.716022901731029,5.450304400701481,0.562133959418444,0.7930952023559326,0.0,15
2023121801,651,0.0,0,26.0499992370605,23.7199993133545,9,4.18294189836666,1.681220690617471,-0.11854115635744447,6.002549458355174,0.0,15
2023121801,723,0.0,0,87.5199966430664,23.0200004577637,6,4.221715578403927,2.9529613607955287,-0.19937684598991162,2.7324897072084253,0.0,15
2023121801,748,0.4973,1,72.5599975585938,22.4699993133545,10,1.6000006866473635,0.8720076239053656,0.14165776303204128,2.540078738937038,0.0,15
2023121801,773,0.0,0,68.4199981689453,49.3800010681152,14,6.517676417542764,1.2647907418747169,0.02536524127981451,8.231026667433417,0.0,15
2023121801,849,0.9336,1,65.6500015258789,51.060001373291,14,0.996395545582248,1.210373335063902,-0.19784811331265362,3.006027278652011,0.0,15
2023121801,977,0.0,0,76.0999984741211,35.4599990844727,7,3.8310570706805556,3.083017562395983,-0.1062078205774071,1.2180311982868082,0.0,15
2023121801,1095,0.0,0,49.1399993896484,12.0799999237061,10,4.730771727078885,1.5347306736564479,-0.08216796672942736,3.071758454045498,0.0,15
2023121801,1208,0.0,0,24.1399993896484,24.1499996185303,7,3.9305595558700497,1.9516652462914739,-0.23357641644156343,5.468528138356791,0.0,15
2023121801,1469,0.0,0,66.7600021362305,21.7399997711182,7,4.110484961789593,0.9426006322127278,-0.23132873899023615,6.471143639265007,0.0,15
2023121801,1543,0.0,0,84.8000030517578,46.8800010681152,9,3.549195950428996,1.5321870498643806,0.2241649743684605,2.6484901359076254,0.0,15
2023121801,1566,0.0,0,92.9700012207031,30.5799999237061,10,3.16317918925164,2.6129665157542172,-0.3320748513435443,3.488552708502477,0.0,15
2023121801,1627,0.6956,1,104.0,5.17999982833862,10,1.027861910195184,0.18027757329534788,-0.32362451461309594,4.056007889538684,0.0,15
2023121801,1650,0.267,1,99.370002746582,28.0300006866455,7,2.2627641882338074,1.4425297725813144,0.1458010106183064,4.4518872402611445,0.0,15
2023121801,1732,0.0,0,70.8000030517578,49.1199989318848,15,4.408766524974866,0.9674740904711963,-0.5998839351370121,2.0179197209007085,0.0,15
2023121801,1814,0.0,0,53.5699996948242,51.6800003051758,16,7.607168082656882,8.01943930247464,0.13466265331702912,1.2238463955905596,0.0,15
2023121801,1863,0.0,0,34.8300018310547,22.2000007629395,7,4.254172837291047,0.31304965333495033,-0.0010077114014832257,8.071307205155808,0.0,15
2023121801,1999,0.4519,1,63.0999984741211,1.75,15,2.019431436424204,2.3537216131333785,0.6103133942111236,0.8828363381737199,0.0,15
2023121801,2196,0.0,0,45.2900009155273,35.9799995422363,7,11.752569177258122,3.089887080428837,-0.402689946366608,10.970004557884197,0.0,15
2023121801,2295,0.0,0,83.5800018310547,47.3400001525879,9,4.271415042518982,2.7581137815694547,-0.6738795874562151,5.292003401359455,0.0,15
2023121801,2386,0.0,0,79.6699981689453,6.82000017166138,12,6.308635117203292,1.9653992464252183,-0.6406737850641825,5.059258839000037,0.0,15
2023121801,2416,0.0,0,75.3099975585938,37.8499984741211,9,3.2718471384706205,1.3509236139042562,-0.4743515904636496,5.045493038346205,0.0,15
2023121801,2546,0.0,0,44.0,43.5800018310547,14,3.5785045786661462,2.8560275060366056,-0.6639480056426237,2.582479428766087,0.0,15
2023121801,2596,0.1228,1,38.3899993896484,15.7399997711182,9,2.69118935764312,2.7816715105890215,-0.3433935544693213,2.5403149411047456,0.0,15
2023121801,2621,0.1207,1,23.4899997711182,40.9000015258789,9,2.653337951381857,2.9129021721710506,-0.5660393995026202,2.101547049199707,0.0,15
2023121801,2733,0.0,0,81.5500030517578,13.1499996185303,30,3.8442195013862683,3.420938586557449,0.81520203566761,1.1640017182117905,0.0,15
2023121801,2908,0.0,0,61.6800003051758,1.25999999046326,24,5.12534904448813,4.882704460640699,-0.45381991627664797,1.6051479682571383,0.089,15
2023121801,3072,0.0,0,50.1500015258789,11.3000001907349,9,7.026721899490061,1.4052772422212056,-0.4055590133363456,7.8957013621337016,0.0,15
2023121801,3097,0.0,0,42.3300018310547,18.8500003814697,8,5.484169564128124,1.1000472880532197,-0.18939344187316476,5.384904827385535,0.0,15
2023121801,3350,0.0,0,41.060001373291,21.6299991607666,9,6.838459021002016,3.4355915682944587,0.14690018777595953,2.5825762331439512,0.0,15
2023121801,3397,0.0,0,61.6300010681152,40.2099990844727,11,5.275546500439374,3.0758734701499253,-0.5169186562105474,5.459706951842745,0.0,15
2023121801,3422,0.9806,1,111.75,40.0200004577637,31,0.05830928343228954,0.6579515538340197,-0.6860507004860168,4.703796339128638,0.0,15
2023121801,3501,0.4187,1,77.7699966430664,36.6199989318848,8,1.7438493134066564,0.5916948396053131,-0.007353485723967744,0.5011985634456623,0.1934,15
2023121801,3737,0.4228,1,97.4499969482422,27.2399997711182,6,2.1000964689371333,0.6100822405875455,0.33199995289004536,1.9777259668619396,0.1213,15
2023121801,3760,0.0,0,87.7099990844727,18.7299995422363,11,6.031624793295361,0.7375633083268547,0.2949366050108787,1.4301048912579721,0.0,15
2023121801,3785,0.0,0,79.0999984741211,1.95000004768372,11,4.455389202598025,0.6122081300979199,0.3891890737220366,2.488875247978483,0.0,15
2023121801,3815,0.8228,1,75.3099975585938,15.2200002670288,8,0.531599087546581,1.0872430740833954,0.1861156176872615,0.5186520991956062,0.7321,15
2023121801,3870,0.0,0,72.6100006103516,34.5400009155273,6,7.8786867912236005,13.029267075273328,-0.4304457330017532,1.1094142598686891,0.0,15
2023121801,3893,0.5952,2,62.6599998474121,39.0900001525879,10,1.7724843434233026,0.5946427601569545,-0.14804228625073335,5.499327231580242,0.0,15
2023121801,3916,1.6402,2,42.7700004577637,50.4900016784668,26,0.8697709354223836,0.3140070205243222,0.7489289320718077,2.2750164834567648,0.0,15
2023121801,3974,0.0,0,32.189998626709,34.5,6,4.175800646733696,2.2123750040558674,0.46186836113214713,1.8071247881648893,0.0,15
2023121801,3997,0.5553,1,8.32999992370605,51.8499984741211,23,1.9277439965413201,0.6711921902861925,0.771249281934825,0.7553806987208503,0.0,15
2023121801,4054,0.6101,1,50.4300003051758,51.9700012207031,16,1.2901558076674788,0.5679791361254488,-0.1102263229219566,1.9921094347449875,0.0,15
2023121801,4106,1.7246,2,91.8099975585938,1.5,28,0.3905143593386497,1.6560519339133912,-0.6145567678897907,1.098362417419679,0.0,15
