game_id,play_id,crp,n_defenders_in_radius,ball_land_x,ball_land_y,num_frames_output,min_def_dist_arrival,rec_dist_to_ball,rec_closing_v,sep_at_throw,crp_at_release,week
2023112300,55,1.0937,1,36.4300003051758,31.0200004577637,31,0.5866858528354926,1.1200894088481492,-0.938593401421344,2.7954606060540352,0.0,12
2023112300,80,0.0,0,24.2700004577637,36.4599990844727,9,3.569481734582348,1.1139579056576558,0.08958436304969358,2.7436107595648496,0.0,12
2023112300,149,0.2425,2,17.7600002288818,22.5200004577637,7,2.616276440366108,4.461536121037967,0.02974192110366872,1.0867382389517717,0.489,12
2023112300,266,0.0,0,38.5,31.8600006103516,7,4.458352073406698,1.3225730371049096,-0.18230465553533798,3.761834658780206,0.0,12
2023112300,347,0.0,0,88.4700012207031,40.8600006103516,14,5.877696208526601,2.2365137818681697,-0.7111768248593877,4.520807450002713,0.0,12
2023112300,401,0.69,2,113.519996643066,35.0999984741211,9,1.4337733602622735,1.18296604127071,-0.5358436219655845,1.329661611087575,0.0,12
2023112300,487,0.5292,1,65.4899978637695,30.8299999237061,12,1.412408111015552,0.5303757469255893,-0.1180155521683624,1.2934063553268953,0.0,12
2023112300,561,0.2344,1,53.7099990844727,4.65000009536743,15,2.296866527640586,1.3113726973247433,-0.725219129546325,3.314724724618924,0.0,12
2023112300,591,0.0,0,52.7799987792969,37.1399993896484,10,6.42995984576624,2.356373701577588,-0.4410020701296424,4.771771159642929,0.0,12
2023112300,643,0.0,0,26.3899993896484,46.0400009155273,11,9.21080253790813,2.2625859223803135,-0.4674542126980603,7.086113180016251,0.0,12
2023112300,690,0.0,0,16.3700008392334,44.8800010681152,14,8.156912535389035,0.836301661152659,-0.4363860938437291,8.186653773062595,0.0,12
2023112300,952,0.0,0,32.9199981689453,52.25,11,4.392471260233363,5.43868677220483,0.43290269136338505,1.686564555538862,0.0,12
2023112300,1072,0.0,0,28.7399997711182,21.3600006103516,7,3.752545259267639,0.6400774753886571,0.6692555266527133,2.431316515799619,0.0,12
2023112300,1236,0.0,0,70.9700012207031,8.14000034332275,10,3.631887590067985,1.1002739495830998,-0.29133855874346054,4.630615509843148,0.0,12
2023112300,1271,0.0,0,66.7699966430664,13.710000038147,8,4.712215354600992,2.302886770862165,-0.38887372139220794,4.113161800853447,0.0,12
2023112300,1318,0.0,0,54.189998626709,27.2199993133545,8,4.208943747629017,2.0155635853961194,-0.00335317298806607,3.0800162337234576,0.0,12
2023112300,1361,0.0,0,23.4099998474121,39.4000015258789,10,12.275426466982388,0.5456183804790874,-0.46281000188157007,12.91129737865254,0.0,12
2023112300,1439,0.0,0,58.2299995422363,33.9199981689453,8,4.872382978949678,0.745454644875897,0.24206942314525745,3.502284968417043,0.0,12
2023112300,1486,0.219,1,81.4199981689453,32.4300003051758,13,2.3430761140588157,0.611882401483826,0.31617253205820206,2.0402205763103227,0.0,12
2023112300,1533,0.4551,1,89.4400024414062,48.2900009155273,13,1.7889096942813842,0.9417527305897252,0.0873938731993852,0.9381364506296479,0.0,12
2023112300,1556,0.0,0,115.629997253418,50.189998626709,25,3.2291299400438094,7.842713352618031,0.8435128507594196,0.9433981132056548,0.0,12
2023112300,1765,0.0,0,64.8300018310547,34.4000015258789,9,10.964112013847863,0.45541413293439786,0.07482947228560936,5.954258979923528,0.0,12
2023112300,1828,0.0,0,57.7299995422363,42.5299987792969,10,8.016413289127279,1.8383151268198565,-0.49829767426180277,8.327028281445914,0.0,12
2023112300,1853,0.0,0,49.1699981689453,19.2399997711182,8,7.33043515931644,1.9209617677514135,-0.3493076129366253,7.081108670257786,0.0,12
2023112300,1955,0.5894,1,73.1500015258789,49.0999984741211,16,1.2316635320399034,0.9126869323750053,-0.5962996534659296,0.6511528238439844,0.0,12
2023112300,1978,0.0193,1,60.0099983215332,11.2200002670288,9,2.956299816526903,1.2030809971292498,-0.6034284526424475,5.059031527871713,0.1301,12
2023112300,2075,0.0,0,80.9800033569336,30.1200008392334,10,5.216096849824845,1.2055269733690237,0.5545746470239029,3.559508393022828,0.0,12
2023112300,2098,0.0,0,71.5999984741211,49.9300003051758,21,8.76584237559139,13.303132641134921,0.4974672476482018,1.155205609404665,0.0,12
2023112300,2157,0.0,0,62.4799995422363,-0.419999986886978,26,11.380069925404712,8.57700373486338,-0.6917977096303352,3.7032418230518007,0.0,12
2023112300,2212,0.0,0,59.689998626709,19.8199996948242,8,4.588083514530411,0.6099999474713431,-0.025780817713270014,9.687006761636951,0.0,12
2023112300,2354,0.0,0,80.6399993896484,45.6399993896484,15,5.2284324091016074,0.8477031813049605,-0.5058991352942717,4.191515239146815,0.0,12
2023112300,2401,0.6476,1,92.4800033569336,20.5799999237061,8,1.8024688790002887,0.7366114186953284,0.39121234881258865,1.5477725931156687,0.2441,12
2023112300,2552,0.0,0,82.9300003051758,26.8099994659424,8,3.9470753566603247,1.60327838531272,-0.1786716216290856,6.7690545868681005,0.0,12
2023112300,2599,0.0,0,67.75,23.6900005340576,9,4.968832385876091,1.6935760633959154,-0.4405222101441161,1.8618807695445967,0.0,12
2023112300,2648,0.4857,1,60.439998626709,9.19999980926514,16,1.7099986267090124,1.9003144817099393,0.18624515548249151,3.6153146474408024,0.0,12
2023112300,2695,0.1333,1,54.2900009155273,17.3099994659424,7,2.6034590784137093,0.7738863448654325,0.11256746771787876,1.68324092155579,0.0,12
2023112300,2771,0.52,1,25.3600006103516,43.5800018310547,13,1.4401379752297776,1.8777897182799235,-0.5547536691251047,1.1448143954370913,0.0,12
2023112300,2821,0.0499,1,30.6700000762939,7.19000005722046,12,2.877933191856148,1.4187670043733411,-0.4678891754459818,2.5035175254030047,0.0,12
2023112300,2851,0.1938,1,54.1599998474121,44.5299987792969,19,2.649999415559815,0.5336666883728476,0.6082656335959284,1.4333875958721014,0.0,12
2023112300,2971,0.5529,1,25.9699993133545,26.0100002288818,12,1.341230168831661,0.6251393326140896,-0.1684601542306416,1.5610893632332512,0.0,12
2023112300,2996,0.5077,1,7.84999990463257,7.19999980926514,18,2.0565020910948566,0.8549270625542502,0.6673919747125767,1.1140017953306898,0.0,12
2023112300,3058,0.1762,1,40.810001373291,31.2800006866455,8,2.522240909091274,1.1962008086078677,-0.20629098008862543,1.2880993750483738,0.0,12
2023112300,3268,0.0,0,41.5999984741211,21.2099990844727,7,3.1719062729375045,1.477868364763154,-0.16516239839564653,4.250423508310678,0.0,12
2023112300,3376,0.4682,1,59.2400016784668,27.3799991607666,10,1.5953037458259745,1.4289840802865845,-0.5665193692983453,0.9984988733093306,0.0,12
2023112300,3424,0.0,0,65.1900024414062,47.0999984741211,10,3.6516406216582973,2.164162063370453,-0.6070845965351044,2.0689127579479996,0.0,12
2023112300,3454,0.0,0,85.6999969482422,9.63000011444092,18,3.6477943271343127,1.228859429055151,0.5861705681000662,1.4800000000000033,0.0,12
2023112300,3596,0.2754,1,74.1999969482422,34.7400016784668,12,2.454221534139739,1.0288320478594157,-0.1849452707957616,2.247509733015633,0.0,12
2023112300,3621,0.0,0,49.8499984741211,37.0900001525879,7,9.307807526530098,1.6064853571194133,-0.38333465773870196,7.280803527084084,0.0,12
2023112300,3644,0.351,1,35.0699996948242,31.1200008392334,11,2.0008505923624913,1.4135416291852574,-0.563744346874593,1.0430723848324235,0.0,12
2023112300,3743,1.1405,1,7.71000003814697,52.2999992370605,15,0.7180521875827048,0.921792131223433,-0.6250879728063028,1.080740486888502,0.0,12
2023112300,3887,0.7895,1,97.5999984741211,19.8899993896484,26,1.490400994126641,4.44181426088773,-0.549832668497477,1.4189080308462512,0.0,12
2023112300,3940,0.0,0,97.7200012207031,21.8199996948242,9,11.31591919473096,1.5875148463723645,-0.36786965568635055,8.669377140256383,0.0,12
2023112300,3970,0.0,0,83.5,8.23999977111816,10,6.990422096005528,1.5111915237560725,-0.428290715417119,7.494084333659451,0.0,12
2023112300,4010,0.0,0,75.8600006103516,35.2000007629395,9,3.334576447226606,1.3230647211488318,0.025353589535071774,2.7549591648516345,0.0,12
2023112300,4033,0.1867,1,77.7099990844727,31.0599994659424,7,2.531599650631585,0.8065967593634019,0.27135251050232506,6.175475690179665,0.0,12
2023112300,4058,0.0,0,73.9000015258789,28.5699996948242,8,6.20133205600226,1.1473898894238277,-0.388998576270234,7.6430883810145875,0.0,12
2023112300,4083,0.2303,1,65.3899993896484,17.9300003051758,7,2.374973361538592,0.8868477845269206,-0.13990765754960582,3.430116616093398,0.0,12
2023112300,4120,0.0,0,62.3499984741211,24.4300003051758,7,3.434704006719073,0.7433021030239564,-0.1440158532185423,5.4334611436910105,0.0,12
2023112300,4155,0.0,0,58.4799995422363,45.7900009155273,9,6.842513334953364,2.111159918282501,-0.4321256840079756,4.147444996621414,0.0,12
2023112300,4242,0.0,0,64.8000030517578,16.7999992370605,10,12.429169324400373,1.506156565197246,-0.40369747798784866,5.260361204328083,0.0,12
2023112300,4272,0.0,0,24.7399997711182,30.8400001525879,15,4.420000228881803,1.5955247189320756,-0.47255696986857326,4.966789707648192,0.0,12
2023112300,4297,0.2184,1,10.6499996185303,28.5300006866455,10,2.4010415404833156,2.3719183897290663,-0.4779830306931576,1.5498387012847505,0.0,12
2023112301,99,0.0,0,80.2300033569336,42.1800003051758,7,5.078624394916442,0.46270610775095006,0.14098255566882464,6.183243485420896,0.0,12
2023112301,149,0.0,0,54.1199989318848,14.210000038147,8,4.466957411645766,5.292183942768328,-0.002655472386104099,1.5901257811883958,0.0,12
2023112301,217,0.1704,1,36.4099998474121,6.3899998664856,12,2.4887146299369443,1.2242958134373063,-0.4469818070850502,2.6786750456148973,0.0,12
2023112301,305,0.0,0,96.129997253418,11.1700000762939,29,3.672271755909543,1.5768612480419857,0.9139562027883915,1.2856126943990542,0.0,12
2023112301,328,0.0,0,83.6800003051758,29.4400005340576,22,4.250953150779829,3.630496130212751,0.7013160471155302,0.7849203781276158,0.0,12
2023112301,439,0.0,0,78.0800018310547,51.2200012207031,10,3.6049012351302703,1.6954069458153693,-0.4273871050413289,4.964070910049534,0.0,12
2023112301,468,0.0,0,76.7699966430664,38.9599990844727,8,9.116339003268914,0.6020766116949207,0.2238080221830868,6.696655881856248,0.0,12
2023112301,493,0.0,0,63.25,10.6099996566772,10,3.432375404891662,0.8254091018364361,-0.2874588630718784,4.60314023249346,0.0,12
2023112301,518,0.5931,1,55.0699996948242,42.3899993896484,7,2.0014238492425096,1.4115588505876173,0.16310485771478184,3.6808966298987524,0.6254,12
2023112301,543,0.0,0,54.8800010681152,43.2999992370605,7,5.370596949467471,0.8095690788978828,-0.5162374877129693,6.441777704950702,0.0,12
2023112301,566,0.6212,1,50.4300003051758,21.9899997711182,10,1.7610507611438146,0.8139412275837455,0.7461965546557512,0.5403702434442481,0.3269,12
2023112301,644,1.1444,1,42.1500015258789,24.5900001525879,16,0.9241768286812264,0.6718631199003614,-0.0413975024643324,1.9448650338776718,0.0,12
2023112301,713,0.6179,1,61.5,22.4799995422363,6,1.6298461747867252,0.4332431472441027,0.6110365386971146,1.4413882197381793,0.2669,12
2023112301,738,0.0,0,70.9100036621094,15.2399997711182,7,7.553840331189064,1.2348246980545354,0.23832378824158496,4.0003124877939245,0.0,12
2023112301,818,0.4075,1,64.75,24.6599998474121,12,1.864537376317657,1.16180889891692,-0.3621029950755846,2.9291978424135188,0.0,12
2023112301,879,0.0,0,78.1699981689453,40.4099998474121,9,7.602744762892621,0.4271987263960678,-0.22010296758109332,11.243487003594565,0.0,12
2023112301,930,0.7013,1,117.870002746582,0.680000007152557,21,1.6788703788827963,2.6940880478737865,0.6343564059052942,0.8627861844049131,0.3874,12
2023112301,1059,0.5458,1,72.3899993896484,42.7299995422363,9,1.5811382375431777,1.3090835125937799,0.1151956722751848,0.6420280367709853,0.1618,12
2023112301,1082,0.0,0,70.2699966430664,11.039999961853,15,3.6318860914516273,1.0095515851542507,-0.4506905325990953,1.8603763060198355,0.0,12
2023112301,1134,0.0,0,71.0999984741211,15.3299999237061,9,3.514043695802735,1.6584638510616805,0.08698188354455019,1.3994641831786914,0.0,12
2023112301,1238,1.2066,1,84.379997253418,33.5299987792969,8,0.7963045522602836,0.42202044658197085,0.4268896751600622,0.8881441324469774,0.7717,12
2023112301,1306,0.0091,1,83.3499984741211,32.7999992370605,6,2.9757697978667292,1.6278815909408533,0.0177565729228314,1.3423859355639867,0.0,12
2023112301,1353,0.3408,1,66.2600021362305,20.5300006866455,6,2.110096603280516,1.2261342399021555,-0.1714478250814594,2.9415982050579292,0.0,12
2023112301,1400,0.0,0,48.6699981689453,36.3699989318848,8,4.006444175073794,0.5755846955085763,-0.5574744520173125,5.6438639246530435,0.0,12
2023112301,1484,0.0,0,66.0299987792969,54.4700012207031,24,6.7809802995765525,4.59413706118104,0.790643581130199,1.3819189556555058,0.0,12
2023112301,1507,0.0,0,36.8800010681152,37.1500015258789,7,3.2485377461878078,1.2143305701183913,0.03919378047667551,4.6305615210252835,0.0,12
2023112301,1730,0.0896,1,75.9499969482422,34.5499992370605,8,2.7829681627812484,1.3640043636523638,0.10704094790468248,1.6244383644817038,0.0,12
2023112301,1777,0.3992,1,86.9300003051758,17.5300006866455,7,1.8022763743944035,1.8160395513589789,-0.12376715000288277,1.1300000000000043,0.0306,12
2023112301,1800,0.1276,1,94.7799987792969,42.4700012207031,9,2.7012973771012456,1.2116525812055168,-0.08462756051625583,3.9735248835259633,0.0,12
2023112301,1825,0.2789,2,99.5500030517578,32.6599998474121,7,2.448060842595088,0.7160981693483917,-0.14867042575775397,2.552253905864377,0.0,12
2023112301,1944,0.0,0,74.8399963378906,35.4799995422363,9,5.746039451276317,0.32526685354428264,0.3427237243064516,3.876751217192044,0.0,12
2023112301,2001,1.4203,1,57.8800010681152,44.8499984741211,12,0.5011967124141421,5.3831234194496,-0.26601972315659217,1.2502799686470172,0.0,12
2023112301,2026,0.0,0,18.6399993896484,1.45000004768372,17,4.097047331234244,0.6020791213299057,-0.6054541457765,9.159399543638221,0.0,12
2023112301,2109,0.0,0,64.2399978637695,51.7200012207031,17,7.8511807148319805,5.131181311274854,-0.5533315963318788,3.324875937535114,0.0,12
2023112301,2132,0.2824,1,43.939998626709,38.8499984741211,10,2.320195024120886,2.1079155411142403,-0.19098127849359697,4.674719242906467,0.0,12
2023112301,2258,0.0,0,84.7900009155273,37.2799987792969,8,9.952532804694357,1.0965871127733833,-0.4897784746246669,9.281379207854833,0.0,12
2023112301,2309,0.5027,1,41.3199996948242,50.0499992370605,25,2.1221921103019836,1.351628731894422,0.8520353960256365,1.4600342461736995,0.0,12
2023112301,2332,0.0,0,74.8600006103516,30.0100002288818,5,11.482722357970937,2.838538982522258,-0.33990057571389815,10.085018591951135,0.0,12
2023112301,2455,0.0,0,49.6800003051758,10.8199996948242,11,4.765752468838287,2.4254685952397312,-0.5926374430907967,5.3296153707373675,0.0,12
2023112301,2505,0.0,0,67.0999984741211,46.0299987792969,10,3.378536113217439,0.9992509065652116,-0.4587780828947024,4.838729172003743,0.0,12
2023112301,2552,0.7846,1,101.300003051758,5.19000005722046,24,0.958541819668502,0.9630153584239309,-0.2970231857427156,2.2000454540758922,0.0,12
2023112301,2662,0.4481,2,49.4599990844727,30.3799991607666,14,2.186596301195253,1.9000257992252148,-0.7465910348260927,2.373604853382299,0.6839,12
2023112301,2711,0.0,0,34.6100006103516,16.75,8,3.527973540468566,0.1204163512843169,0.0847785158573957,5.311431068930484,0.0,12
2023112301,2765,0.0,0,41.4000015258789,45.5299987792969,7,3.8205871642066938,1.0225932944735703,0.6549587607521649,2.984577021958056,0.0,12
2023112301,2790,0.0,0,40.7999992370605,44.1599998474121,7,8.241511550148246,0.5147820998754821,0.1648238441367504,8.04114419718985,0.0,12
2023112301,2861,1.4271,1,54.3199996948242,36.4799995422363,10,0.5080350353747755,0.5724514176859862,-0.8240618521321702,1.436175476743704,0.7998,12
2023112301,2944,0.0,0,73.5100021362305,-0.159999996423721,19,11.99995566295858,5.47892181050758,0.6944377939251687,5.450917353987307,0.0,12
2023112301,2967,0.0,0,71.4300003051758,19.5799999237061,14,4.776494435792162,0.8309636049162689,-0.4859963311072489,4.1326988760372965,0.0,12
2023112301,3019,0.6783,1,51.9700012207031,6.21000003814697,13,0.9651954990471281,1.3164355039526643,-0.5517831459683438,0.9090654541890792,0.0,12
2023112301,3075,0.1414,1,59.8400001525879,50.9099998474121,9,2.5757330167799855,1.1512169265552734,-0.22587194392699955,2.6284025566872367,0.0,12
2023112301,3142,0.0,0,75.2300033569336,46.6300010681152,8,5.065695285506059,0.5269690943537719,-0.3972367348511042,7.5132216791467,0.0,12
2023112301,3171,0.2652,2,76.8099975585938,15.4099998474121,11,2.597385741320431,2.269209280895836,-0.18183099593157806,2.7071756500086934,0.0,12
2023112301,3266,0.7265,1,88.75,45.2299995422363,9,1.3723333550126968,1.1713669614906885,-0.44585886925355356,1.8294534703019931,0.0,12
2023112301,3301,0.0,0,76.0899963378906,26.2900009155273,11,3.1359968658765576,0.35170680200241966,-0.28936325615482644,1.011335750381645,0.0,12
2023112301,3368,0.7595,1,94.0,36.25,9,1.1374093370462488,0.6185466837676896,0.30178880293395727,1.0259142264341614,0.0,12
2023112301,3393,0.3744,1,111.470001220703,8.21000003814697,19,1.8866365723972052,0.7741434790931093,-0.45356389983877415,1.2160592090848255,0.0,12
2023112301,3479,0.0315,1,76.6800003051758,21.7700004577637,7,2.9424477986621644,2.439446609153683,0.4590846606597608,1.397891269019163,0.0,12
2023112301,3504,0.0619,1,58.689998626709,9.52000045776367,14,2.814425829370104,0.8221907440679626,-0.5965413724916913,0.9219544457292881,0.0,12
2023112301,3534,0.6831,1,36.9700012207031,4.59999990463257,14,0.9508429559957686,0.86769923140349,-0.35465290839322666,3.7647974713123658,0.0,12
2023112301,3557,0.0374,1,45.6599998474121,37.5400009155273,9,2.892489579164831,0.9109337126721471,-0.2877962403800262,4.502854650108083,0.0,12
2023112301,3582,0.5974,1,40.0999984741211,35.6199989318848,6,1.618950411965956,0.8883694162509128,0.2819972819237832,1.0307764064044165,0.2659,12
2023112301,3605,0.2379,1,34.1100006103516,9.85000038146973,15,2.413566019246396,1.815324128688961,-0.23947116470638907,1.3364505228402588,0.0,12
2023112301,3721,0.0,0,114.48999786377,20.8400001525879,22,3.627627997004565,0.022362658731577913,-0.8135996913845633,5.183994598762618,0.0,12
2023112301,3778,0.0,0,88.7300033569336,40.8400001525879,6,10.312873400851661,0.34481553607333576,-0.03952190765611022,10.379209989204375,0.0,12
2023112301,3808,0.0,0,81.0999984741211,28.6399993896484,6,3.4614002547575518,1.193648264440535,-0.23975692834178475,5.405959674285412,0.0,12
2023112301,3831,0.5867,1,74.2200012207031,48.2900009155273,5,1.665082268959901,8.740349696865017,0.23146541831780654,2.8245353600194116,0.581,12
2023112301,3879,0.4071,1,47.1300010681152,9.55000019073486,11,1.778820649042455,2.3926770264956305,-0.6493929789140725,4.172349458039199,0.0,12
2023112302,64,0.0,0,43.1800003051758,19.9400005340576,8,3.769615747514767,1.2006664841261399,-0.19971520881097052,2.886693610343849,0.0,12
2023112302,89,0.6385,2,78.8399963378906,3.3199999332428,20,2.1631423901912172,2.26318717763972,-0.5430814376906127,5.3634690266654905,0.8749,12
2023112302,112,0.0,0,51.9300003051758,32.7999992370605,6,9.115464390377827,2.418781066852895,-0.15814609438490446,8.195517067275253,0.0,12
2023112302,208,0.1495,1,101.080001831055,30.5300006866455,8,2.5515468486396635,2.601612933539364,-0.2800413190954324,1.4945902448497392,0.0,12
2023112302,345,0.2974,1,37.0800018310547,46.6800003051758,13,2.1077493229166113,2.0766333462339857,-0.6024174106373704,4.513634898837083,0.0,12
2023112302,368,0.0,0,33.7599983215332,19.0900001525879,11,5.0782857943295685,5.975582235275489,-0.298332094463107,2.8404401067440235,0.0,12
2023112302,463,0.0,0,44.9799995422363,39.4099998474121,13,4.605659888885126,3.503042017774883,-0.6598799060791883,6.509938555777623,0.0,12
2023112302,488,0.0,0,71.8899993896484,43.3400001525879,16,4.024425151078244,3.1982031598287737,-0.4022872097451889,8.24607785556261,0.0,12
2023112302,535,0.0,0,74.8399963378906,27.5400009155273,6,4.370998041290774,0.3361573681139278,-0.14984672630182438,7.142135534978312,0.0,12
2023112302,696,0.0,0,109.48999786377,29.75,6,12.080958610545782,1.8300251860023067,-0.39437308863368337,11.610120585075768,0.0,12
2023112302,815,0.1923,1,86.7799987792969,42.7200012207031,11,2.423242633002587,2.1181593134030625,-0.5118340899402456,1.0650821564555448,0.0,12
2023112302,862,0.0,0,85.879997253418,30.4699993133545,6,13.140569788918915,0.8006273546911523,0.02703530843475184,12.159708055705932,0.0,12
2023112302,947,0.4276,1,17.5499992370605,20.8899993896484,7,1.8113521107495782,0.5173963713902962,0.036533572021324394,3.000433302041557,0.0,12
2023112302,1087,0.0964,1,53.4199981689453,5.28000020980835,12,2.7108872577865966,3.103870278101368,-0.5845508459341725,1.8604300578092148,0.0,12
2023112302,1271,0.0,0,15.1599998474121,18.0200004577637,9,4.9983301059721015,2.901724088459699,0.22583235710354846,4.816658592842138,0.0,12
2023112302,1333,0.0,0,55.6800003051758,22.4599990844727,10,5.33922358494104,1.3320656887047613,-0.3271930873592758,6.268053924464912,0.0,12
2023112302,1403,0.2558,1,36.310001373291,39.0800018310547,11,2.2327114689420084,1.2420144816141903,-0.3914210434275136,0.667083203206315,0.0,12
2023112302,1428,0.7661,1,18.8700008392334,34.5499992370605,12,0.7017832553930423,2.347765527563036,-0.42350839678977636,5.198018853370962,0.0,12
2023112302,1473,0.0774,1,25.1299991607666,26.5100002288818,6,2.8026422485948843,0.4640037792322911,0.349963159539619,2.6391096983642046,0.0,12
2023112302,1853,0.0,0,31.4400005340576,41.1699981689453,9,9.090655488237022,0.9124157592369093,-0.5166800785822093,11.503851528944558,0.0,12
2023112302,1958,0.0,0,36.5800018310547,27.9099998474121,7,3.4983411369465593,1.2233133305756438,-0.09639799107864654,2.258583626966248,0.0,12
2023112302,1983,0.0286,1,50.1800003051758,47.6399993896484,11,2.9279679359807016,0.3101617108311656,-0.6226877592589677,5.153959642837734,0.0,12
2023112302,2013,0.0,0,59.5099983215332,8.13000011444092,13,5.14200513217658,2.4824393585579534,-0.32906893809226584,5.151640515408658,0.0,12
2023112302,2043,0.1521,1,69.7900009155273,36.0299987792969,10,2.6293730686947647,1.1264113434490566,0.3389758754944672,6.259912139958514,0.0,12
2023112302,2187,0.0,0,41.6699981689453,34.1399993896484,8,3.1238610131371902,2.1070614656491133,-0.1928623421472171,2.0634437234875085,0.0,12
2023112302,2256,0.6124,1,102.089996337891,50.6699981689453,26,1.1627591277124913,2.2740752729809612,-0.7938825545186046,0.7863841300535005,0.0,12
2023112302,2279,0.3586,1,71.5999984741211,34.0299987792969,6,1.92418766469106,2.9363942982190068,0.03167428148010142,2.423901813192938,0.1423,12
2023112302,2375,0.0,0,101.449996948242,19.9300003051758,10,6.290625117401535,2.468864749609512,0.3080376590609394,6.502015072267979,0.0,12
2023112302,2398,0.0,0,104.029998779297,32.4099998474121,7,3.707423823803276,1.4430863176258528,0.04464410037738254,2.8014282071828913,0.0,12
2023112302,2488,0.0,0,93.5,9.06999969482422,11,8.59823826297031,1.4057735238791336,-0.20260421975319048,10.096954986529353,0.0,12
2023112302,2513,0.0,0,85.0599975585938,26.0499992370605,7,8.60237006349042,1.7327994471250832,-0.21358891529053453,8.11321144800256,0.0,12
2023112302,2538,0.0,0,61.7299995422363,2.00999999046326,19,3.6627998791723377,0.951315236906272,0.6734256241092441,4.792421100028668,0.0,12
2023112302,2625,0.0,0,24.2199993133545,9.75,10,3.9231881499241164,4.016765359723986,-0.2518297463446263,4.2168353062456685,0.0,12
2023112302,2648,0.941,1,46.3300018310547,5.59000015258789,23,1.281329271796362,0.8309633606934165,-0.2414881439864807,1.2605157674539411,0.0,12
2023112302,2903,0.7534,1,111.959999084473,2.54999995231628,12,0.7397981806643984,0.6585596802072332,-0.07140636447594767,1.0735455276791965,0.0,12
2023112302,3105,0.1502,1,48.0900001525879,32.6100006103516,9,2.600499981857344,0.7203465814370513,-0.03102232333609556,6.00581384992908,0.0,12
2023112302,3194,0.0,0,104.220001220703,45.4799995422363,9,14.571987812322929,0.11704569546097833,0.22994484793526707,15.765734997138571,0.0,12
2023112302,3302,0.0,0,81.7900009155273,36.1500015258789,10,4.195473857756263,1.788994289434701,-0.31549660691210185,5.251637839760085,0.0,12
2023112302,3396,0.0,0,42.3899993896484,37.0299987792969,6,9.213668639305656,1.1007280971029634,-0.47126064793624867,6.2470232911363475,0.0,12
2023112302,3514,0.0,0,101.769996643066,23.2800006866455,16,3.3755116144174444,1.825707364890247,-0.04721042290072624,2.0800240383226343,0.0,12
2023112302,3585,0.0,0,74.3000030517578,17.3899993896484,7,4.9296678040424275,1.9275380868302956,-0.25993846001912885,7.9500062893056915,0.0,12
2023112302,3630,0.0,0,66.6100006103516,28.5799999237061,11,3.450290306150645,1.8997374202585549,-0.5686339449662707,5.412217660072439,0.0,12
2023112302,3655,0.0,0,53.9500007629395,52.8600006103516,14,4.156213194077691,0.8015619536584819,-0.09689791083533708,5.092838108559898,0.0,12
2023112302,3707,0.0,0,52.8499984741211,30.2099990844727,6,11.02213050920365,2.1903637239991487,-0.39927677381513493,11.127699672439045,0.0,12
2023112302,3754,0.0,0,32.5999984741211,50.6800003051758,9,6.712020232432895,2.7859993135848673,-0.19043942417628545,5.982415899952122,0.0,12
2023112302,3784,0.424,1,7.01000022888184,49.4700012207031,22,1.728004077730425,2.0203955551981676,-0.7129261550178483,2.0353132437047594,0.0,12
2023112302,3928,0.0,0,61.7700004577637,43.2799987792969,14,6.798476467223558,1.8880942094222712,-0.4690081774764896,5.3922629757829865,0.0,12
2023112400,135,0.0,0,70.4400024414062,44.8199996948242,13,12.2365532648384,5.9965384785200655,0.006060929296814033,6.943802992597071,0.0,12
2023112400,192,0.0,0,71.7699966430664,41.939998626709,9,4.01508094487641,3.8450205951448773,-0.33929696271250476,2.071352215341465,0.0,12
2023112400,277,0.0,0,37.1100006103516,46.9199981689453,10,5.30690085451866,4.019378857048434,-0.594315635201613,4.877724879490434,0.0,12
2023112400,391,0.5659,1,60.8400001525879,46.4500007629395,22,1.302304925936188,1.8201640765671165,-0.6730226113322004,1.4234113952051934,0.0,12
2023112400,443,0.0,0,82.8099975585938,39.0,10,3.2764944333067323,1.8309853424384752,-0.552516358336569,3.855191305240244,0.0527,12
2023112400,582,1.0153,1,114.779998779297,6.19000005722046,16,0.7102808829254087,0.3036433801245153,0.18590999558202198,1.1543396380615187,0.0,12
2023112400,657,0.0,0,109.680000305176,20.1000003814697,7,14.74792204394451,2.1822011799434344,-0.4057285308274429,15.309376211981998,0.0,12
2023112400,730,0.0,0,64.8399963378906,9.47999954223633,11,5.309283350917605,1.5892799666489388,-0.24844384568158592,4.297964634568326,0.0,12
2023112400,799,0.0,0,84.4000015258789,45.7000007629395,10,6.8561343211012336,1.4821597409056004,-0.5217953341805113,7.948289124081989,0.0,12
2023112400,829,0.6477,1,90.0100021362305,21.9300003051758,7,1.1739231450745475,1.0068742180245593,-0.10971658475179397,3.3050416033690118,0.7423,12
2023112400,921,0.0,0,86.4700012207031,15.6599998474121,8,3.3892341802018304,1.794130318015909,-0.3571798285063695,3.29862092396202,0.0,12
2023112400,990,0.0,0,25.1200008392334,38.4500007629395,7,5.2759539938911075,2.475882546642054,-0.44331526166214386,6.856128645234131,0.0,12
2023112400,1085,0.0,0,57.6500015258789,28.1200008392334,10,3.330299085869889,1.514630062147753,-0.17461666271002418,3.6560361048545467,0.0,12
2023112400,1121,0.7024,1,50.560001373291,18.9200000762939,9,1.6543579049957318,2.3773948959082625,-0.19131301497883282,3.790646382874561,0.0126,12
2023112400,1166,0.2758,1,46.2099990844727,30.0200004577637,7,2.346507257697238,1.6693102726875242,-0.04853532347054017,1.636001222493435,0.0,12
2023112400,1235,0.1714,2,24.1000003814697,6.38000011444092,19,2.69757299951978,2.4431131629920695,-0.7849642442088284,3.4430800164968596,0.0,12
2023112400,1289,0.0,0,16.2999992370605,42.0900001525879,9,4.79307756472854,1.9271996812605372,-0.6945789976513499,5.533904588985972,0.0,12
2023112400,1403,0.0,0,42.2299995422363,18.0100002288818,7,11.30913384835304,2.4707291145496177,-0.5789474738482329,10.543794383427628,0.0,12
2023112400,1503,0.0,0,77.2900009155273,16.6100006103516,10,3.2684089144836697,3.3426497094489496,-0.6151398747810998,5.576602908581533,0.0,12
2023112400,1660,0.0,0,30.5499992370605,36.7900009155273,9,4.515419180876741,3.1563424728295786,0.03489127553559151,7.440967679005198,0.0,12
2023112400,1714,0.0,0,38.5400009155273,17.6000003814697,10,3.2818430249081096,1.2701571708207737,-0.5919720477699432,6.406808878060905,0.0,12
2023112400,1772,0.087,1,81.0899963378906,40.7799987792969,11,2.7391403253017916,4.568259089992139,-0.557337789497461,2.8983443549723322,0.0,12
2023112400,1917,0.0,0,77.129997253418,18.5900001525879,8,4.903680077141865,2.8863970648119133,-0.3397215908508016,3.508518205738711,0.0,12
2023112400,1977,0.0,0,65.2699966430664,48.8199996948242,16,3.926537919150762,2.1902029366750493,-0.6995738735732662,5.107768593035515,0.0,12
2023112400,2007,0.4635,1,59.3499984741211,44.6699981689453,10,1.6096264044401583,2.0692991063424455,-0.526953107107659,1.1162884931772799,0.1647,12
2023112400,2145,0.0,0,35.939998626709,38.2200012207031,9,7.366112915400159,1.544020563177557,-0.6221561856423596,9.906412064920378,0.0,12
2023112400,2170,1.3703,1,67.9899978637695,8.02999973297119,25,0.09486790761891535,0.7920242643425826,-0.7882993492376349,2.0753072061745446,0.0,12
2023112400,2370,0.0,0,91.120002746582,18.6900005340576,5,11.399879949908318,1.5882709506692139,-0.19879331072209794,12.205154648753952,0.0,12
2023112400,2489,0.4438,1,29.6599998474121,36.2700004577637,9,1.6686816748872844,0.5408329875616175,-0.12079261873216844,4.123117752381083,0.0,12
2023112400,2817,0.2889,1,89.6399993896484,44.5699996948242,8,2.133354449803558,1.4933525229539995,-0.3359582024086137,1.0220078277586737,0.0,12
2023112400,2950,0.0,0,35.7799987792969,18.2399997711182,7,5.441112826489628,1.2889152318818717,-0.3481358211334219,6.37410385858279,0.0,12
2023112400,2975,0.0393,1,57.5800018310547,45.0,13,2.8820980991507343,0.8595913293078863,-0.5695469940472911,5.515523547225594,0.0,12
2023112400,3078,0.0,0,57.0699996948242,33.0400009155273,7,3.115156022721759,2.3866290746248953,-0.2503354633942099,2.5456826196523368,0.0,12
2023112400,3103,0.7057,1,62.7599983215332,33.2599983215332,7,1.2831583694176685,0.8584273699295226,-0.35732993286942305,3.9884332763630397,0.8132,12
2023112400,3171,0.0,0,69.5500030517578,34.2999992370605,7,4.831571109420444,2.070385272897959,-0.03258738473640074,5.272276548133645,0.0,12
2023112400,3196,0.0,0,78.5699996948242,27.75,7,3.0758577746386218,1.9006580811281022,-0.2815339452545048,1.7572706109191016,0.0,12
2023112400,3221,0.272,1,87.3499984741211,22.0799999237061,8,2.228005035039103,1.1454701253934654,-0.4218859435882644,5.722674200057172,0.0879,12
2023112400,3278,0.0227,1,87.9000015258789,32.5800018310547,6,2.939810562778686,1.8949646717507314,0.1366317497522719,1.2831601614763535,0.0,12
2023112400,3406,0.0,0,89.7099990844727,17.3400001525879,8,4.026364015316841,0.7558448177705658,-0.3523039429852378,5.246903848937965,0.0,12
2023112400,3567,0.2067,1,72.629997253418,9.22999954223633,10,2.5810476562419136,3.052210413689027,0.3269706313301623,8.441919213069975,0.0,12
2023112400,3597,0.0,0,80.0100021362305,48.7400016784668,9,3.269554076982345,1.2434201480425329,-0.4492389589107513,5.269772291095694,0.0,12
2023112400,3622,0.0,0,87.4800033569336,27.1200008392334,7,4.0319353669238716,1.1820711463957487,-0.43567158791232363,3.206009981269556,0.0,12
2023112400,3713,0.0541,1,106.480003356934,19.9699993133545,8,2.83777762566625,1.5926054244460157,-0.2765583966243822,4.391104644619618,0.0,12
2023112400,3738,0.443,1,116.25,7.94000005722046,16,2.203020597194498,1.0295630063178582,-0.10400554258237363,1.5880806024884249,0.0,12
2023112400,3976,0.0,0,23.6299991607666,36.2000007629395,8,10.76617915455398,1.9138445610941095,-0.30772966689470643,7.460241282961295,0.0,12
2023112400,4001,0.0,0,46.0400009155273,48.6300010681152,13,3.140859723330187,0.5069523213576338,-0.1296631940032566,3.1219385003551854,0.0,12
2023112400,4031,0.3663,1,46.3899993896484,28.0400009155273,7,2.009279388763706,0.9360566134821846,-0.35406154922948074,4.7164075311618285,0.1571,12
2023112400,4054,0.3394,1,49.560001373291,11.4399995803833,9,2.0756195887977147,0.6931082897061602,0.19608624213556364,1.1899999999999986,0.0,12
2023112400,4079,0.0,0,48.8400001525879,20.8799991607666,7,10.20948566901061,1.5700319299065235,-0.30082402091696336,10.827488166698684,0.0,12
2023112400,4104,0.0,0,55.8499984741211,10.1099996566772,9,12.124769460220795,1.42341230237496,-0.4661567505444246,11.856158737128977,0.0,12
2023112400,4136,1.4356,2,103.889999389648,27.0300006866455,27,0.8296992407365228,5.331462776758555,0.6624845257559457,6.760362416320582,0.0,12
2023112400,4179,0.0,0,52.2799987792969,40.1399993896484,8,11.711619335763158,1.9200531411769182,-0.5327786966041425,12.340279575439126,0.0,12
2023112600,101,0.0795,1,80.870002746582,18.6800003051758,7,2.793298307699795,0.4830139711701023,-0.37863305540942993,3.9279638491208164,0.0,12
2023112600,152,0.0,0,45.0400009155273,37.9799995422363,7,3.1671112274789035,0.36359215946430434,0.05817087015966619,5.567926005255454,0.0,12
2023112600,206,0.2129,1,56.25,17.5100002288818,7,2.361292192719252,1.36312119292337,-0.28759309432562813,3.5569228273888673,0.3079,12
2023112600,279,0.7829,1,67.8499984741211,7.15999984741211,20,1.43171379310892,0.48373686543700256,0.6960346380534669,1.915959289755396,0.0,12
2023112600,360,0.0,0,36.1800003051758,20.3500003814697,7,8.417345549183594,0.6609845707143144,-0.776439447839308,9.12460958068892,0.0,12
2023112600,407,0.0,0,27.7000007629395,36.4900016784668,9,3.309456092886108,0.8163330559315763,-0.04921674509131024,3.3440843290802333,0.0,12
2023112600,476,0.4351,1,10.75,23.7800006866455,7,1.9932392149600717,0.8405362297753206,0.44420047557367975,1.4450605523645008,0.0,12
2023112600,499,0.0,0,5.8600001335144,52.4599990844727,19,11.100575782894943,11.686097920279357,0.19031870674515497,1.5414927829866738,0.0,12
2023112600,614,1.2706,1,68.0400009155273,38.5099983215332,15,0.7653111063359316,0.4742344197923602,0.18527480924542802,4.939635614091389,0.0,12
2023112600,728,0.7664,1,58.7999992370605,13.7600002288818,13,1.6979987987790492,0.8109868619449262,0.7012659844810316,1.7378722622793632,0.0,12
2023112600,795,0.3604,1,51.3300018310547,44.9599990844727,12,1.9188036990537234,1.3787695908747575,-0.3943409490738185,1.341827112559584,0.0,12
2023112600,818,0.9897,1,32.6699981689453,50.7099990844727,24,1.0938462820364612,0.31764555711573655,-0.624434395023165,1.3652838532700873,0.0,12
2023112600,843,0.0,0,30.8299999237061,44.8499984741211,7,9.341541082440576,0.9118118651250258,-0.26894722705056173,7.097393887899983,0.0,12
2023112600,873,0.0,0,28.6599998474121,45.3600006103516,9,6.487349589756024,0.4399998474125232,-0.2998394690600784,7.268700021324311,0.0,12
2023112600,903,1.6786,2,17.1399993896484,37.689998626709,7,0.49739171062272225,2.4263755964727127,-0.4109302573438686,0.9113725912051558,1.235,12
2023112600,1142,0.0,0,73.1699981689453,34.8199996948242,8,4.22522359800385,0.3701363554614684,0.4199937385273679,3.172900880897475,0.0,12
2023112600,1245,0.0,0,74.7399978637695,24.6900005340576,11,3.648176792830604,2.418779406150436,-0.012548286049091108,1.3420134127496643,0.0,12
2023112600,1361,0.1085,1,40.3400001525879,33.8400001525879,8,2.674471976672025,0.9932268531957862,0.3581252057688658,1.8796808239698606,0.0,12
2023112600,1430,0.0,0,28.8299999237061,38.5499992370605,6,11.095047903967503,0.4410214134093557,0.06547636635677308,8.770478892284046,0.0,12
2023112600,1526,0.1116,1,35.9099998474121,13.0299997329712,8,2.7736621431909088,1.012027872282293,0.16503355945039788,1.726788927460446,0.0,12
2023112600,1588,0.0,0,50.3699989318848,48.5699996948242,12,3.986478037970071,1.792875811180906,-0.5987722013500867,1.7516278143486974,0.0,12
2023112600,1645,0.0,0,56.560001373291,16.9599990844727,9,4.527615951831356,0.667082619923901,0.4370757025582526,7.863078277621302,0.0,12
2023112600,1694,0.0,0,67.1699981689453,4.17000007629395,11,4.476987425465854,3.1578623441592653,0.5033015477369348,1.3437261625792654,0.0,12
2023112600,1720,0.0,0,73.879997253418,37.6100006103516,12,5.821005958060671,0.4709592534562725,-0.3994361086076846,4.358279477041371,0.0,12
2023112600,1783,0.4923,1,87.2699966430664,4.69000005722046,14,1.5232230855008746,0.19105014010042243,-0.4549829527333589,3.029521414349134,0.0,12
2023112600,1813,0.8015,1,101.949996948242,5.09000015258789,15,0.824921690032948,0.9571298625900806,-0.15566648184075751,1.5373353570382764,0.0,12
2023112600,1836,0.0,0,103.830001831055,31.6599998474121,11,6.264980853052304,6.668434806776181,0.22354619480557592,1.0630145812734675,0.0,12
2023112600,1902,0.0,0,69.8600006103516,1.80999994277954,12,3.3508959472835707,1.0607550562538686,0.01828698760770533,5.092946102208425,0.0,12
2023112600,2005,0.2996,1,57.0999984741211,9.89999961853027,9,2.276531242748288,0.786446817142707,0.333109665206832,1.932588937151406,0.258,12
2023112600,2097,0.0,0,40.75,27.9699993133545,6,5.017818064888831,0.45486299401382746,-0.2736824888530365,5.470036562949098,0.0,12
2023112600,2205,0.6911,1,11.4399995803833,34.7299995422363,9,0.9265524955327367,4.809345399642818,0.4136324442873347,4.611854290846581,0.1584,12
2023112600,2323,0.0,0,46.4300003051758,33.8699989318848,8,4.978875632457339,1.7938787655222754,-0.42698634427072146,4.7788073826008075,0.0,12
2023112600,2570,0.8275,1,45.2700004577637,51.6199989318848,26,0.5173969759659393,0.5939707751561719,-0.7999325210657886,1.587765725792063,0.0,12
2023112600,2602,0.3512,1,68.120002746582,39.4500007629395,11,1.9464097848148891,1.063816694779264,-0.17377393177195113,1.30633073913156,0.0,12
2023112600,2652,0.0,0,65.9499969482422,43.8499984741211,9,4.536470991330987,0.5772314568670135,-0.13624962777441424,5.744884681175077,0.0,12
2023112600,2860,0.1629,1,36.2099990844727,23.9500007629395,6,2.5271514120932452,0.3551048446375376,-0.43591335603677733,3.5570915085220993,0.0,12
2023112600,3005,0.0,0,47.1699981689453,40.7099990844727,8,10.630678062883156,0.43600660295078136,-0.5350829081721591,10.266377160420323,0.0,12
2023112600,3052,0.7649,1,80.1800003051758,49.7599983215332,14,0.7051952421795868,1.8117681964880603,-0.7474976261897026,3.295284509719913,0.0,12
2023112600,3079,0.0,0,64.1999969482422,10.5600004196167,10,5.336250497832723,0.3858732352677807,-0.4617347006528387,4.7797280257353565,0.0,12
2023112600,3262,0.0,0,85.7900009155273,46.8499984741211,7,4.738647995648485,0.8490598869652815,-0.5184230645510859,2.960422267177446,0.0,12
2023112600,3292,0.1644,1,71.0199966430664,39.4799995422363,10,2.5068925377715034,1.932559781947904,-0.270074523189751,0.9310746479203539,0.0,12
2023112600,3361,0.0,0,61.3499984741211,47.2599983215332,11,4.435412107156217,0.5522665174347959,0.6015705180439582,4.746050990033714,0.0,12
2023112600,3391,0.1013,1,14.7799997329712,45.7099990844727,22,2.7965154886894457,0.3956013826440275,0.4939671124365829,3.1223388669393395,0.0,12
2023112600,3596,0.0,0,83.5,8.48999977111816,8,4.711348093762093,0.8514693048559406,-0.2548641079600696,6.694908513191195,0.0,12
2023112600,3621,0.6345,1,89.2200012207031,17.8799991607666,8,1.0965842351892305,0.6449792855672266,-0.4713644725071265,2.2942754847663704,0.4251,12
2023112600,3981,0.0,0,52.560001373291,52.4300003051758,19,4.562467844894392,4.06492452966678,0.6275256158109302,0.9108786966440667,0.0,12
2023112600,4004,0.0,0,51.9599990844727,48.1500015258789,19,4.7613560471229075,4.415088947303428,0.571029954599477,0.9124143795447374,0.0,12
2023112600,4027,1.1289,2,47.7999992370605,26.1499996185303,9,1.6230839129726042,0.7026385491750778,-0.06269647250927433,0.9700000000000024,0.1588,12
2023112600,4052,0.6586,1,52.5299987792969,27.4500007629395,8,1.3735354893858802,0.46615424842772485,0.2738522139305986,1.3931618714277239,0.0,12
2023112600,4077,0.3349,1,59.5800018310547,23.7999992370605,7,1.9952926046394202,1.807122805588069,-0.32361628638835016,1.4649232061784005,0.1958,12
2023112600,4102,0.0395,1,73.9700012207031,50.8600006103516,12,2.881404877379247,0.9599987792971042,-0.3783022354290979,1.1168258592994753,0.0,12
2023112600,4155,0.0,0,78.4199981689453,25.5599994659424,8,3.1401448049996135,1.8124032183896284,-0.14168477805277846,2.2192341021172206,0.0,12
2023112601,55,0.404,1,52.5900001525879,22.3600006103516,10,2.011218004274531,0.51614010137605,0.521646702089992,2.4725695136840997,0.0,12
2023112601,280,0.5972,1,43.3300018310547,49.6399993896484,11,1.2083026778633705,0.2865290798120256,0.07019199450815472,2.0580087463371006,0.0,12
2023112601,346,0.663,1,50.0400009155273,12.3100004196167,7,1.6398160642895467,0.5510892354228779,0.64782637255978,3.8849967824954494,0.3283,12
2023112601,413,0.0,0,64.8399963378906,27.7700004577637,12,3.9549683754079963,0.7416874754861069,0.10764789098218507,1.8830825791770274,0.0,12
2023112601,516,0.9817,1,117.290000915527,38.8699989318848,14,0.9676788338290633,0.29614074495498316,-0.7589849515542054,1.888279640307547,0.0,12
2023112601,577,0.5735,1,60.8400001525879,27.4300003051758,8,1.2795315052013778,0.5215365083960847,0.212617949280036,0.9533624704172103,0.0,12
2023112601,690,0.0,0,59.7599983215332,15.2299995422363,8,9.791790742994495,0.9144380939084504,-0.09410446755822327,11.412488773269397,0.0,12
2023112601,857,1.2514,1,41.3199996948242,49.9900016784668,24,0.4263792854336005,0.781855087943371,-0.4542321140741223,0.9662815324738454,0.0,12
2023112601,904,0.0,0,7.6100001335144,1.29999995231628,23,4.432787004743754,8.281364501610673,0.6948158293537966,0.9200543462209182,0.0,12
2023112601,1005,0.0055,1,61.0800018310547,15.5100002288818,9,2.985630767989765,0.5573131477405786,-0.10532811698256324,3.3643127084146056,0.0,12
2023112601,1030,0.7994,1,66.1600036621094,24.7600002288818,5,0.6016608888807092,10.903913957333938,-0.165256720172886,5.710560392816096,0.9007,12
2023112601,1085,0.0,0,98.2300033569336,46.8699989318848,12,14.448059427652867,0.3488527777020697,-0.3538327244479405,10.868785580735322,0.0,12
2023112601,1149,0.0,0,81.2099990844727,20.3600006103516,7,6.239390515615255,0.7907581255271383,-0.23099982075837944,5.080354318352215,0.0,12
2023112601,1218,0.0,0,61.8400001525879,10.710000038147,10,6.178195438120441,7.311668667583923,-0.2985749526667713,3.4803735431703355,0.0,12
2023112601,1288,0.5317,1,34.3899993896484,10.0600004196167,9,1.5849295471131175,0.2807129149168829,0.6521450801820674,4.430677149150002,0.0,12
2023112601,1364,0.5351,1,59.0099983215332,6.55000019073486,9,1.9356904732388602,0.9304829715454829,0.42586571162133935,1.5880806024884249,0.0,12
2023112601,1440,0.0,0,54.0800018310547,15.5299997329712,8,10.41723754295888,0.2657084183761583,0.18421833748915833,10.343819410643247,0.0,12
2023112601,1530,0.0,0,31.9200000762939,42.8600006103516,14,3.822669836029987,0.6592425247830871,0.46098222095321906,4.124778781946979,0.0,12
2023112601,1566,0.7593,1,67.9499969482422,21.4899997711182,8,0.7220083423736632,0.44553041030433654,0.30217143694657805,4.141521459560486,0.6525,12
2023112601,1596,0.4364,1,63.8600006103516,14.2299995422363,10,1.7998052364521826,0.5069509668966501,-0.01803129090911428,1.6638509548634453,0.0496,12
2023112601,1631,0.6016,1,66.3499984741211,44.2000007629395,10,1.1950748091401693,0.2012474827652088,0.4755760181755267,5.294383816838372,0.0,12
2023112601,1679,0.0,0,88.0800018310547,3.9300000667572,10,4.9932472650467306,1.543536592938717,-0.2641739022305742,1.8555861607589157,0.0,12
2023112601,1709,0.0,0,81.8499984741211,14.4799995422363,7,4.299417823947869,1.1253874536260178,-0.052077060467919656,5.8831964101158505,0.0,12
2023112601,1734,0.0,0,66.7300033569336,29.7900009155273,8,4.546484576371741,0.6264213428217436,-0.38443514771906745,7.1518738803197595,0.0,12
2023112601,1833,0.0,0,59.0900001525879,40.2999992370605,9,4.222096420524352,2.9020343469419694,-0.4099970730030231,5.613350158327916,0.0,12
2023112601,2024,0.0,0,81.3000030517578,26.9500007629395,7,3.3347251813188015,0.8477029491082413,0.5525280395874049,1.524335920983303,0.0,12
2023112601,2093,0.0,0,57.9500007629395,33.7000007629395,7,3.430758514169331,0.3584685621977933,0.25628461212907777,4.146094547884797,0.0,12
2023112601,2118,0.9812,1,37.9599990844727,50.8699989318848,19,0.9823434905991474,0.2158714694788691,0.417095344364781,0.9840731680113997,0.0,12
2023112601,2170,0.5217,1,27.7999992370605,21.1200008392334,9,1.8542102952720827,0.7302731815416426,0.020001246757195428,1.7596022277776302,0.1422,12
2023112601,2200,0.7373,1,24.3199996948242,6.51999998092651,10,0.7881622262099929,2.794279731657165,-0.26612893017905515,6.751066582400146,0.5635,12
2023112601,2286,0.0,0,61.4000015258789,33.0099983215332,8,8.12781254975022,1.0594821442315985,0.23458075779890877,3.0572209602840283,0.0,12
2023112601,2309,0.4069,1,56.1800003051758,5.15999984741211,12,1.8023594181089284,0.808083838692831,-0.6707812971175605,2.0652602741543267,0.0,12
2023112601,2378,0.3179,1,66.8899993896484,22.3999996185303,7,2.0461916552262878,0.2596157903173052,-0.2139305559273928,4.73826972638747,0.0,12
2023112601,2403,0.0,0,80.1100006103516,52.7999992370605,13,6.08481643562878,0.5824079946794323,0.16493285186192805,3.749453293481596,0.0,12
2023112601,2475,1.0635,1,91.4100036621094,49.3400001525879,12,0.8800001525955168,0.37107599054706114,-0.21423632965838285,2.05779007675711,0.0,12
2023112601,2628,0.0,0,75.4499969482422,33.7000007629395,8,4.917242035764686,0.4964855736218488,0.17387341478594998,4.378241656190299,0.0,12
2023112601,2846,0.0,0,91.3399963378906,14.2299995422363,5,6.862016004384041,0.7854899030738375,-0.34822965393378413,5.286482762669335,0.0,12
2023112601,2883,0.8413,1,64.0500030517578,2.21000003814697,20,1.4993301666063048,0.6315055937121112,0.030519082628022706,0.7433034373659262,0.3399,12
2023112601,2906,0.0,0,79.2900009155273,19.5699996948242,8,3.553323283035267,0.375765770862301,0.7732976920708742,4.238207168131349,0.0,12
2023112601,2999,0.2846,1,76.3499984741211,47.75,9,2.4042035775972965,0.840950317513322,-0.1411223686315189,2.51340406620186,0.0,12
2023112601,3029,1.1542,1,44.7799987792969,4.07000017166138,24,0.986155206455101,0.29206102018694485,-0.7400258984712819,1.3241223508422428,0.0,12
2023112601,3103,0.4404,1,11.3299999237061,3.22000002861023,13,1.6787196791035055,1.1292474779629578,-0.6474144797212459,1.2304470732217625,0.0,12
2023112601,3169,0.9956,1,36.9700012207031,47.8699989318848,13,0.8645213819515066,0.11704548687896339,0.14819150641137416,0.6521502894272172,0.6084,12
2023112601,3194,0.0,0,41.4199981689453,34.6300010681152,7,3.3451627993353594,0.7147011555214923,0.397606914426895,5.057756419599507,0.0,12
2023112601,3326,0.0,0,43.9900016784668,18.4200000762939,6,3.2739288411739826,1.1520864662475494,-0.544157099109125,2.9041349830887695,0.0,12
2023112601,3402,0.0,0,29.8199996948242,25.0499992370605,7,6.190032113874798,2.0753066003249,-0.2889814528111327,7.939181317994949,0.0,12
2023112601,3510,0.6625,1,96.870002746582,53.0099983215332,17,1.0124229194645007,0.6365539040906645,-0.10534642785722306,1.3319534526401442,0.0,12
2023112601,3533,0.0,0,79.4300003051758,26.25,7,5.018884068200726,1.9337266668331181,-0.2952166051109987,4.894343674079285,0.0,12
2023112601,3558,1.0191,2,85.9100036621094,35.0900001525879,8,0.7217336171164012,0.46400129806203394,-0.09769955173882194,2.4052026941611375,0.2586,12
2023112602,55,0.2129,1,69.7799987792969,13.9300003051758,11,2.3613544004435143,0.693540390104782,-0.30643558097295365,2.024104740372884,0.0,12
2023112602,80,0.2315,1,70.0599975585938,40.0499992370605,7,2.5058506710208914,1.751025803217108,-0.044792633523652925,1.9262658175859306,0.0364,12
2023112602,226,0.5947,1,39.4599990844727,24.2199993133545,8,1.5033618982373325,1.3647354126654843,-0.5961015221103381,1.998224211643929,0.1868,12
2023112602,295,0.5065,1,63.2700004577637,4.78999996185303,14,1.4805399832385144,1.2740483012004113,-0.5148990077799641,3.167648970451117,0.0,12
2023112602,342,0.1761,1,73.7399978637695,51.1300010681152,14,2.6332119289703444,4.072076773574307,0.48586346986449264,2.6103064954139037,0.0,12
2023112602,365,0.9183,1,73.0800018310547,15.3100004196167,12,1.2175802407283816,0.2899981689456064,-0.23700994024843197,1.1806777714516352,0.0,12
2023112602,412,0.0,0,84.4400024414062,45.3699989318848,9,4.109900631783276,0.4143671675497714,-0.5849210862223334,4.4655570761104375,0.0,12
2023112602,548,0.0,0,90.8099975585938,29.1900005340576,7,4.566319908695812,0.6087670858492942,0.336141207318807,5.497526716624474,0.0,12
2023112602,596,0.0,0,39.3600006103516,49.25,24,3.7229283626282443,2.6477531679480824,0.6290893446700468,2.2775425352778744,0.0,12
2023112602,678,0.8693,1,61.8300018310547,20.1900005340576,8,0.5004016910649337,0.27730976630036897,0.35005252395009295,1.0742439201596605,0.33,12
2023112602,1011,0.0,0,72.120002746582,33.0900001525879,8,5.225938040751054,0.5787080147329355,-0.4592194144938583,7.094406247178114,0.0,12
2023112602,1256,0.0795,1,59.1399993896484,14.2299995422363,15,2.7614676263789266,1.4946578455272033,-0.41132191193502216,6.325219363784942,0.0,12
2023112602,1350,0.9786,2,110.610000610352,35.5099983215332,11,1.7682767904429713,0.21094883506143366,-0.07845692405852558,5.729310604252493,0.0,12
2023112602,1433,0.0,0,87.0500030517578,38.8699989318848,9,8.432539025134195,0.655213117807289,-0.40457969542157257,5.276409764224157,0.0,12
2023112602,1502,0.0,0,36.6100006103516,20.0699996948242,8,3.326634772179105,0.48166312422148627,0.26848372284575456,4.0410023509025566,0.0,12
2023112602,1571,0.0474,1,3.76999998092651,2.44000005722046,24,2.9230805624927645,1.497731601847235,0.7857934064691454,1.3618002790424142,0.0666,12
2023112602,1666,0.0,0,40.4000015258789,23.0200004577637,6,8.083692796067547,0.6412472302134722,-0.3590788351268521,8.627172190237077,0.0,12
2023112602,1728,0.7009,1,63.1300010681152,14.5299997329712,13,1.156935766799936,0.19416570355181417,0.7648957088383103,5.397962578603153,0.0,12
2023112602,1753,0.0,0,67.9700012207031,3.83999991416931,13,4.134947855089197,0.7668769535462995,-0.015066095343257764,10.225385078323463,0.0,12
2023112602,1805,0.9688,1,78.8899993896484,29.8099994659424,6,1.2401612318493973,0.5331038669639171,0.7091029657741235,0.9513148795220223,0.6966,12
2023112602,1830,0.0,0,82.1900024414062,12.5799999237061,10,14.324386403255843,1.0440292624424088,0.6007654685292447,7.428546291166254,0.0,12
2023112602,1958,0.0,0,68.8000030517578,13.7600002288818,7,3.3620403668265237,0.8023122122176523,-0.33163505083461586,4.979176638762676,0.0,12
2023112602,1983,0.2933,1,51.0499992370605,4.84000015258789,13,2.1200230687164905,2.333237734916261,-0.6623069516055183,1.1244554237496471,0.0,12
2023112602,2037,0.4317,1,38.7900009155273,9.21000003814697,21,2.258428213718985,0.4026161784388973,0.6783394038261064,1.6260381299342253,0.0,12
2023112602,2166,0.0,0,95.0999984741211,14.0500001907349,8,6.008409265293413,0.7249819533650165,0.47008915052574,8.023989032893802,0.0,12
2023112602,2189,0.6562,1,84.3899993896484,50.2200012207031,12,1.3058721792117522,0.46572433661628393,-0.5780749120621511,1.5749285698088058,0.0,12
2023112602,2269,0.0,0,74.2900009155273,13.3599996566772,8,3.6454087488424403,0.721387973857725,-0.18011675249883682,4.738143096192847,0.0,12
2023112602,2316,0.9085,1,49.9099998474121,33.8600006103516,9,0.7072478539931398,4.662038508507853,0.0272962517749491,0.6166036003787198,0.4435,12
2023112602,2343,0.0,0,64.9400024414062,36.0200004577637,6,9.59283389657956,2.1478569478412943,-0.08030342443451982,8.137622502918155,0.0,12
2023112602,2375,0.0,0,72.2099990844727,25.6599998474121,7,6.239239232319958,0.7125304719538427,-0.7251175029564807,5.109060579010588,0.0,12
2023112602,2400,0.8172,1,82.5400009155273,19.0300006866455,9,1.3200388839085584,0.5994158940700886,-0.366594333907906,0.7111961754677818,0.3773,12
2023112602,2556,0.0,0,63.0,39.2900009155273,14,3.7702131110955337,0.44598237034554383,-0.1223270920338913,4.787692554874423,0.0,12
2023112602,2608,0.3872,1,34.7200012207031,14.1800003051758,9,1.8384782784608984,0.782944011066231,0.1103176557141358,5.7408710140535275,0.0,12
2023112602,2689,0.0,0,-2.72000002861023,19.3700008392334,11,5.101372739160827,3.5869902485614085,0.46236942851949075,1.831529415543195,0.0,12
2023112602,2768,0.9522,1,8.14999961853027,48.7599983215332,12,1.2961850168252638,0.3471295892374382,0.33545701523333377,4.381346824893005,0.0957,12
2023112602,2791,0.0,0,3.20000004768372,22.5300006866455,9,4.104948921745466,0.6021633551551182,0.16165420817986387,2.7400729917285034,0.0,12
2023112602,2848,0.0,0,50.7000007629395,22.3500003814697,11,7.710182433190373,0.6484588722480844,-0.3937358993511402,10.279066105439739,0.0,12
2023112602,2895,0.0,0,67.8899993896484,14.3199996948242,9,3.2040760021173678,1.6215119716546291,0.03472842326274564,2.017176244159141,0.0,12
2023112602,2987,0.3243,1,97.129997253418,25.2099990844727,7,2.06176825472461,0.3026520755207157,-0.38806400223199394,4.724235387869659,0.0,12
2023112602,3071,0.633,1,64.1699981689453,48.1800003051758,9,1.6658913549061558,2.4066555867603068,0.05164480266287874,2.8351014091210263,0.3743,12
2023112602,3116,0.0,0,62.25,13.7799997329712,7,8.240054446521997,0.27166152465585736,-0.26094117506970654,7.0965977763996175,0.0,12
2023112602,3196,0.098,1,66.6699981689453,34.3699989318848,7,2.706013473782496,0.4579280064448218,0.38456255928905464,4.943278264471869,0.0,12
2023112602,3221,0.0,0,71.120002746582,22.9300003051758,7,3.142687494213669,0.5203817404265704,-0.22912521549841947,4.4494606414710525,0.0,12
2023112602,3249,0.0649,1,77.4899978637695,21.6800003051758,6,2.84570065953135,0.9976490033775743,-0.04696618552296366,4.968470589628157,0.0,12
2023112602,3419,0.0,0,25.7099990844727,40.4199981689453,27,12.862915155026231,19.263089903951226,0.710923174830471,1.498065419132289,0.0,12
2023112602,3442,0.5866,1,31.6399993896484,3.29999995231628,25,1.906017304523175,0.8937565512252709,0.5879075671933062,0.9656603957913992,0.0,12
2023112602,3516,0.658,1,93.9199981689453,2.84999990463257,18,1.0259143279464613,0.692601966927585,0.6004887828555182,4.442071588797283,0.3815,12
2023112602,3561,0.0,0,78.6600036621094,40.3199996948242,8,3.3740908199242803,1.1920565259247449,0.764156112659168,1.764766273476461,0.0,12
2023112602,3605,0.6912,1,55.689998626709,51.7799987792969,9,1.442565320948642,0.8766396015297385,0.18111738460666965,0.9340770846134692,0.0,12
2023112602,3635,0.2192,1,37.9900016784668,34.0999984741211,18,2.460730114030585,0.6573442397938086,0.2693616884362324,4.1599639421514185,0.0,12
2023112602,3660,0.3333,1,27.3600006103516,52.2700004577637,9,2.303606480450428,1.4610276595260279,0.45832068353983324,1.217538500417953,0.0,12
2023112602,3685,0.0,0,28.7199993133545,18.2999992370605,8,6.559588244588151,0.7017824519930255,-0.43687247352205616,7.842716366157837,0.0,12
2023112602,3710,0.0,0,17.3600006103516,28.2199993133545,7,4.876474072574738,1.0565031904329127,0.3881041191769867,4.622910338736843,0.0,12
2023112602,3762,0.0,0,38.8199996948242,10.8400001525879,10,3.4863305147050876,0.5063598332824745,-0.06102342561176134,3.1452980780841733,0.0,12
2023112602,3831,1.2257,1,73.8000030517578,14.6499996185303,8,1.0046407461769735,0.6400769759690536,0.6128652127414315,1.850972717248962,0.996,12
2023112602,3967,0.0,0,79.3199996948242,35.1399993896484,9,5.110038640124421,1.1676475441476457,-0.36579707137592044,7.244998274671979,0.0,12
2023112602,3992,0.0806,1,68.5699996948242,48.4300003051758,10,2.849087685710879,1.2612690713762575,-0.06321183334525307,4.770010482168776,0.0,12
2023112602,4037,0.0759,1,62.4900016784668,41.2099990844727,9,2.803213453175889,0.9476301682590554,0.2626498451474149,2.482780699135549,0.0,12
2023112602,4069,0.167,1,49.9300003051758,22.5100002288818,9,2.622461031759708,0.4891833728926088,0.13609622600966037,4.482019634048917,0.0,12
2023112602,4114,0.0,0,53.0099983215332,28.4699993133545,7,6.964881704932227,0.24041463321750228,-0.5521370212700772,3.9369531366273596,0.0,12
2023112602,4146,0.0,0,36.4300003051758,14.3599996566772,15,3.8637413281997786,3.4690197548940334,-0.02342533860763083,1.9505896544378563,0.0,12
2023112603,80,0.1731,1,43.8499984741211,4.13000011444092,8,2.480848154577956,0.40000128936852114,-0.1754028928660497,3.641565597377036,0.0,12
2023112603,105,0.0,0,45.7700004577637,32.7599983215332,8,10.123337769552005,0.5215373627134846,-0.5469900977680439,6.595399912059921,0.0,12
2023112603,174,0.2282,1,107.589996337891,51.6399993896484,24,2.4809078991206346,1.6568055561507344,0.22033485455970908,0.7233947746562727,0.0,12
2023112603,219,0.6458,2,89.4599990844727,42.7999992370605,9,1.8200010563778133,0.4360048671081455,-0.10408097287573806,4.240188675047375,0.0,12
2023112603,299,0.8573,1,104.949996948242,38.3600006103516,14,0.4280207446167718,0.20615329766593823,0.44241803642978317,2.995479928158428,0.0,12
2023112603,444,1.3874,2,118.099998474121,2.45000004768372,17,0.7692196673259662,0.4810419831011613,-0.5591960451176001,0.7433034373659257,0.0,12
2023112603,523,0.0,0,82.7099990844727,14.75,7,5.703199963120458,2.3272509684848077,-0.3249438466283227,7.248841286716101,0.0,12
2023112603,548,0.0658,1,68.2099990844727,7.92999982833862,11,2.8026406853626216,1.2175787108750864,-0.47487172559969093,4.522521420623675,0.0,12
2023112603,607,0.0562,1,56.2000007629395,35.7700004577637,9,2.8668109521559852,3.416562675518757,0.1013263980686736,6.951560975780903,0.0,12
2023112603,632,0.0,0,48.4599990844727,15.6499996185303,11,4.998899152037379,2.678244803136216,-0.14628362018186436,8.090686003053142,0.0,12
2023112603,657,0.7699,1,45.0099983215332,16.9899997711182,9,1.6160437408805814,1.4964274768542234,-0.03300274989392239,2.0545559130868174,0.6009,12
2023112603,704,0.0,0,22.2900009155273,12.6099996566772,13,9.36738974081561,9.206090179983011,0.5134244394938859,1.3250283015845363,0.0,12
2023112603,727,0.777,1,15.5699996948242,51.0099983215332,16,0.669103853249664,1.1027705324739727,-0.4925198548060851,1.0733592129385217,0.3509,12
2023112603,813,0.0,0,37.4199981689453,46.0200004577637,9,6.274752786455546,2.2214645881457047,-0.5372720347245653,7.374259284836684,0.0,12
2023112603,876,0.3385,1,57.1599998474121,38.8400001525879,9,1.9845655766323727,4.2525405897998905,-0.14122101672307813,1.5925451327984435,0.0475,12
2023112603,937,0.0,0,38.6300010681152,20.1800003051758,9,6.158992725604139,0.37121400601013405,0.561994181997093,4.413037502673184,0.0,12
2023112603,1209,0.4907,1,57.5400009155273,15.3500003814697,7,1.9834556275608095,0.041232036968379335,-0.32086961567576133,2.9681138792168977,0.1861,12
2023112603,1234,0.0,0,60.1399993896484,44.0,11,15.549588472373044,0.5622281895367558,0.265924957012354,5.824748921627435,0.0,12
2023112603,1304,0.1686,1,90.9499969482422,39.560001373291,10,2.5411841664437724,1.5534799467902924,-0.3431474584452697,1.148259552540272,0.0,12
2023112603,1329,0.0,0,98.2399978637695,8.64000034332275,12,5.1600885543326385,0.8782369183147264,-0.6935578104018141,3.051098162957072,0.0,12
2023112603,1354,0.4878,1,108.959999084473,6.84999990463257,7,1.8022771991269853,0.8864544887318824,-0.1754502832500102,1.049999999999999,0.55,12
2023112603,1521,0.0,0,86.4100036621094,10.8199996948242,8,6.0210085554392,0.6989309594641944,0.24065032242740364,6.856763084721542,0.0,12
2023112603,1566,0.8185,1,24.4899997711182,25.3700008392334,7,1.2806251930251085,0.9946355295945247,0.3674021727267898,1.1704699910719603,0.3443,12
2023112603,1618,0.0,0,27.2099990844727,13.5500001907349,9,3.245074082221165,2.2235334886003852,0.20399857307160923,3.596067296366961,0.0,12
2023112603,1667,0.9269,1,14.4899997711182,51.4599990844727,11,0.6276934346099876,0.14142054701870685,-0.20906793134907295,0.8809086218218064,0.5777,12
2023112603,1692,0.0,0,2.03999996185303,6.17999982833862,18,17.124917692512916,0.11661909350531977,-0.08720096978999843,2.1392755783208486,0.0,12
2023112603,1767,0.6188,2,49.689998626709,40.1100006103516,14,1.401856522254159,0.9265530356953593,-0.2794115663568272,1.7334935823359716,0.0,12
2023112603,1809,0.439,1,37.3899993896484,41.6100006103516,8,1.832212417748247,2.2610621240275104,0.05434664810503121,0.7211102550928021,0.0,12
2023112603,1832,1.0201,2,50.4900016784668,22.5100002288818,12,0.52839221871152,1.8248277029990172,-0.17023400080681728,2.4758432906789545,0.4997,12
2023112603,2058,0.0,0,45.0,3.78999996185303,12,3.2653483912083243,1.1526057703300348,0.6685457606681536,4.522267130544147,0.0,12
2023112603,2143,0.0,0,46.7200012207031,19.8400001525879,8,14.649548253199809,2.1795861206546276,-0.46798949966452,14.26924314741325,0.0,12
2023112603,2168,0.0,0,59.1800003051758,15.3100004196167,9,3.852401361904609,0.3189043277311264,0.5510918604620009,7.364835368153182,0.0,12
2023112603,2214,0.0,0,60.5099983215332,13.2799997329712,8,6.416831108100159,0.4738152870174128,0.14820232552781137,7.147146283657555,0.0,12
2023112603,2239,0.5001,1,66.9000015258789,13.1400003433228,7,1.5446673299911224,0.8902233053673804,-0.17811277049710325,1.1289818421923348,0.173,12
2023112603,2357,0.0,0,88.7200012207031,36.0900001525879,8,6.919032889684895,1.5931425983333947,-0.46933765892811286,6.527059062089135,0.0,12
2023112603,2382,0.6464,1,76.1900024414062,29.6499996185303,7,1.535218504226395,1.1734588378942232,-0.2538365449659051,3.1107716084598676,0.3448,12
2023112603,2421,0.0,0,63.5900001525879,17.9200000762939,7,4.297545835773124,0.46065181328055943,-0.5104443004707945,5.7958347112387525,0.0,12
2023112603,2469,0.259,1,39.1500015258789,36.4000015258789,5,2.376931204963585,0.37053854026149247,0.5259553959937561,1.308625232830239,0.0,12
2023112603,2538,0.0,0,6.59000015258789,3.11999988555908,20,3.257115103758744,5.629955431285775,0.7139239553501379,1.1610340218959991,0.0,12
2023112603,2561,0.0,0,23.3099994659424,16.7299995422363,9,3.8864128732892116,1.3471829331865939,0.47554138681924124,1.5164761785138585,0.0,12
2023112603,2628,0.0,0,39.7999992370605,20.6599998474121,7,3.4388955787453703,0.7561092267129176,0.2482562082349805,6.150812954398792,0.0,12
2023112603,2717,0.0,0,77.0299987792969,37.060001373291,10,5.920352893570036,0.449443449241277,0.719522593775867,0.9773944955850767,0.0,12
2023112603,2740,0.0,0,68.5599975585938,26.7800006866455,7,8.292770007260303,0.603740230510229,-0.14392726998523978,8.431874050292732,0.0,12
2023112603,2930,0.491,1,51.9500007629395,18.3799991607666,6,1.940308629292163,0.3178039849735198,0.6127941894011993,1.6129786111415096,0.2337,12
2023112603,2960,0.0,0,47.0999984741211,17.8999996185303,9,4.434973461153736,1.8852041588277755,0.032914319870125566,1.1220071301021233,0.0,12
2023112603,2983,0.3547,1,48.439998626709,37.9599990844727,8,2.1860010049585044,1.4650941067316907,0.6579227352413825,2.6150334605889856,0.1617,12
2023112603,3164,0.4439,1,42.8800010681152,2.41000008583069,12,1.668173238115015,0.8631345460274921,-0.1386369933469418,3.1765389970847235,0.0,12
2023112603,3199,0.496,1,41.2700004577637,6.57000017166138,11,1.9403348990555198,1.2515988694145077,0.39275231525389326,2.300543414065467,0.0,12
2023112603,3222,0.6027,1,35.810001373291,48.8199996948242,16,1.1920161336032653,0.2451542956264055,-0.3292539855182996,2.410808992848667,0.0,12
2023112603,3338,0.0,0,33.4000015258789,16.0400009155273,7,9.215555820106012,0.6168450939062733,0.01943321938126511,7.700973964376195,0.0,12
2023112603,3363,0.0,0,44.9199981689453,30.1700000762939,8,3.3548334674470763,0.5923673779134012,0.25597351940022683,4.316676962664685,0.0,12
2023112603,3426,0.0,0,38.7999992370605,4.71000003814697,10,8.639543427660342,0.7283548708368245,-0.2128649030425189,12.208931157148854,0.0,12
2023112603,3456,0.5152,1,55.7299995422363,4.86999988555908,11,1.6426811274000208,1.0500003662109978,0.08665151365446286,3.7117111956616435,0.0,12
2023112603,3503,0.0,0,75.6500015258789,21.3099994659424,14,4.579881425513947,0.40162009596093406,-0.5926607021303488,6.323171672507396,0.0,12
2023112603,3668,0.0,0,79.9400024414062,6.75,11,4.802136421322285,0.554619185939466,-0.32535747763388684,6.4625846222699455,0.0,12
2023112603,3725,0.0,0,36.5800018310547,17.1700000762939,8,11.847874994889807,1.35665140173191,-0.34150701721118765,12.427924203180513,0.0,12
2023112603,3750,0.0,0,16.7999992370605,1.47000002861023,14,5.788825058439161,0.42449987560290775,0.42919724777907736,1.5749603169603985,0.0,12
2023112603,4004,0.0,0,70.1600036621094,30.6599998474121,6,7.817400756050722,0.06324203077692642,0.18112904311291186,7.588708717561904,0.0,12
2023112604,111,0.0,0,81.3499984741211,4.40999984741211,19,9.304041000052957,0.11401603024890826,0.3244764799413607,3.121361882255874,0.0,12
2023112604,270,0.275,1,76.25,38.75,8,2.2751703232945024,1.9424983912477252,-0.15339008271557866,4.861285838129662,0.0,12
2023112604,319,0.0,0,51.2299995422363,51.5200004577637,18,3.1621037489334496,0.09433918052356229,-0.12757485373912525,1.366930868771348,0.0,12
2023112604,392,0.0,0,52.3899993896484,46.2700004577637,12,3.711024823808215,0.6262580039607831,-0.09805743815577926,4.63699255983876,0.0,12
2023112604,489,0.8618,1,65.8399963378906,2.25999999046326,17,0.6435034106015525,0.08062304125668714,0.6192517467669939,1.7112568480505796,0.0,12
2023112604,534,0.0,0,64.0199966430664,33.4900016784668,7,6.001004520252359,1.211152758091257,-0.3583107536764212,5.516611278674618,0.0,12
2023112604,559,0.0,0,58.8600006103516,40.9700012207031,10,7.799590925395875,0.6428843922501067,-0.3781383593596418,6.2438209455428755,0.0,12
2023112604,611,0.0,0,32.7799987792969,1.97000002861023,18,5.138190770119938,3.924959455657486,0.41106340395183605,0.8438601779915899,0.0,12
2023112604,656,0.1669,1,40.8699989318848,39.8499984741211,10,2.499298652843866,1.3346155443147663,-0.45585883245757447,7.282375985899106,0.0,12
2023112604,756,0.0,0,22.3500003814697,9.39999961853027,8,4.691960772188624,1.9643059554606193,-0.16395029322135282,6.06320872146094,0.0,12
2023112604,786,0.0,0,32.5099983215332,45.1300010681152,11,3.0756150676633154,2.0693237844007646,-0.5063212229312101,5.176726765051447,0.0,12
2023112604,874,0.0,0,89.0800018310547,29.5400009155273,8,10.21720322355535,1.7664096621358107,-0.47720027419081595,10.889995408630794,0.0,12
2023112604,950,0.689,1,53.7400016784668,2.5699999332428,19,0.9330074760095364,4.190762292716919,0.781612056815397,2.9062174729362535,0.0,12
2023112604,1024,0.0966,1,32.8300018310547,3.65000009536743,16,2.7101491970087896,0.38079030073181513,-0.35706480781979155,6.427005523570057,0.0,12
2023112604,1069,0.0353,1,47.2700004577637,42.6599998474121,6,2.8940115155226867,9.095367434117076,-0.4765180247601631,3.976153920561931,0.0386,12
2023112604,1250,0.2321,1,42.7900009155273,49.1599998474121,21,2.3036062737857024,3.5559814089964945,-0.5723071905870942,1.350703520392245,0.0,12
2023112604,1355,0.0,0,17.5,42.5,8,8.578869389377601,1.712921480979206,-0.009832111568920778,9.45188341019926,0.0,12
2023112604,1563,0.8015,1,71.8000030517578,40.0999984741211,10,1.0057809101735187,0.5508150532729141,-0.3935357820366229,1.7392239648762897,0.0,12
2023112604,1588,0.0,0,79.75,45.9099998474121,9,7.1702510429071165,1.8729924082930725,-0.0008420720269284697,8.945708468310372,0.0,12
2023112604,1618,0.7577,1,95.629997253418,35.8699989318848,9,1.2028326501579196,0.5403693454940655,0.6289402699387878,3.9903132709099514,0.0,12
2023112604,1641,0.8039,1,91.5800018310547,35.1199989318848,11,0.5883045158534884,3.0206289174625742,-0.4641883987865259,5.5308679246570245,0.8767,12
2023112604,1713,0.0,0,34.7400016784668,23.0799999237061,7,9.860832914723632,0.909561937972996,-0.14279665266273825,6.059768972493922,0.0,12
2023112604,1765,0.0,0,23.5799999237061,41.8699989318848,8,4.674280428582141,0.14866025638123548,0.2589648108734914,3.7603324321128824,0.0,12
2023112604,1790,0.0,0,18.9500007629395,17.0400009155273,9,4.166174378348473,2.3132672726805446,0.25566835873007576,5.468939568142988,0.0,12
2023112604,1866,1.116,2,61.1199989318848,2.74000000953674,25,1.4410061909098668,0.4742354333208201,0.6912554856849245,3.095173662333015,0.0,12
2023112604,1990,0.0,0,81.8099975585938,7.61999988555908,10,5.910953528007694,1.5071152641822694,-0.3272191022589962,6.970007173597455,0.0,12
2023112604,2065,0.0,0,72.3199996948242,43.2299995422363,9,5.031351161759575,1.006578241300537,-0.0684675205991881,4.734944561449481,0.0,12
2023112604,2359,0.6582,1,79.4899978637695,6.03999996185303,11,1.48071137369334,0.7769824331087396,-0.28502325036602694,6.729673097558296,0.0,12
2023112604,2581,0.8868,1,52.6300010681152,52.8800010681152,26,1.2614272544479315,0.17204675367904057,-0.8626007854812027,1.6726027621644006,0.0,12
2023112604,2658,0.0,0,59.0099983215332,43.2900009155273,11,8.05202907375486,0.25019827953206236,-0.13817253862713297,11.866086128121605,0.0,12
2023112604,2799,0.0,0,39.7599983215332,22.3299999237061,7,13.478651096986267,1.2233149683224214,-0.39449364048170965,14.22443320487674,0.0,12
2023112604,2983,0.3554,1,33.3800010681152,2.29999995231628,8,1.9338034997112996,8.135655022717007,0.3787092890977181,3.6208424434100963,0.098,12
2023112604,3023,0.0,0,21.4300003051758,12.5799999237061,10,11.337697926535869,1.2298370737237316,-0.4142538942436623,7.395201146689657,0.0,12
2023112604,3159,1.0692,1,59.4799995422363,10.5299997329712,14,0.6527635806370297,1.3038403798100318,0.4342294412554321,5.472842040475856,0.0,12
2023112604,3213,0.0,0,77.6399993896484,5.73000001907349,12,13.459707132713014,2.1044003845443227,-0.24745420102433793,12.255521204746863,0.0,12
2023112604,3315,0.1789,1,86.3499984741211,38.4099998474121,8,2.571867822315397,1.449173097748742,0.2575739508496438,1.5279397893896236,0.0,12
2023112604,3574,0.5568,1,39.3499984741211,13.5900001525879,10,1.3354414843534812,0.45541339246290924,-0.06136691572808075,1.6936646657470285,0.01,12
2023112604,3692,0.8783,1,48.3199996948242,18.6000003814697,7,1.3244239625976746,8.132041684641939,-0.11343535917966543,1.1011357772772645,0.7253,12
2023112604,3715,0.2336,1,51.8300018310547,8.39999961853027,10,2.3346109887155735,0.3130499945308528,-0.646991542608741,2.866932158248605,0.0,12
2023112604,3752,0.0,0,46.2799987792969,49.6300010681152,12,6.293527425397185,0.56920848300233,-0.2632961309005259,7.4774394012924,0.0,12
2023112604,3826,0.2344,1,23.7700004577637,2.09999990463257,9,2.296715502623512,2.3043658899842323,-0.2946205966321103,1.3292479076530452,0.0,12
2023112605,62,0.0,0,40.2099990844727,22.6200008392334,9,3.7000537447765813,1.331841717523598,0.35030805102002116,1.3263860674780932,0.0,12
2023112605,87,0.428,1,54.6599998474121,5.76000022888184,7,1.8609673304245018,1.4933520713266641,0.0877591598414685,2.5040966435023995,0.3518,12
2023112605,173,0.0353,1,77.75,40.1800003051758,11,2.938043857566557,2.6519803379992912,-0.4383776075350081,3.194620478241513,0.0,12
2023112605,342,0.6326,1,30.4799995422363,3.05999994277954,12,1.3431682878267677,0.35114144707961287,-0.2012363451972074,4.2638128476751875,0.0,12
2023112605,438,0.0152,1,34.7599983215332,36.1199989318848,8,2.960829306751672,2.4972201958715723,0.07088465070065712,2.104899047460468,0.0,12
2023112605,485,0.0,0,48.5699996948242,46.7299995422363,11,4.5524173051592065,1.9304149857510855,-0.6336162320614435,5.455730931781731,0.0,12
2023112605,532,0.1746,1,61.2299995422363,48.189998626709,13,2.4763079885738577,0.5331050791286279,-0.697158194620828,2.2105429197371436,0.0,12
2023112605,562,0.0,0,70.7300033569336,32.9700012207031,8,3.6367537072048486,2.1539002949824835,-0.07250494574497279,2.3785709995709565,0.0,12
2023112605,587,0.303,1,79.2399978637695,8.09000015258789,12,2.09093483054372,0.6552119859912969,-0.5663744013809583,4.024350879334458,0.0,12
2023112605,634,0.2199,1,98.9800033569336,49.5800018310547,23,2.539549966430497,0.9745219963410268,-0.7639116134530277,2.656463814923885,0.0,12
2023112605,878,0.6624,1,71.3099975585938,35.2400016784668,14,1.4893316370050769,2.2936674330834532,-0.04123802880008099,4.472359556207442,0.097,12
2023112605,1040,0.8004,1,85.3099975585938,30.5699996948242,10,1.0486197855256476,0.7271878944899668,0.21845237014586374,2.0884922791334346,0.0,12
2023112605,1150,0.6541,1,77.9700012207031,4.21000003814697,13,1.5786695917457412,0.5813767253606446,0.34445890242739574,1.314686274363584,0.0,12
2023112605,1303,0.0,0,82.3499984741211,39.560001373291,9,5.801808770790496,0.15620296168316583,-0.5032538320556856,8.420172207265123,0.0,12
2023112605,1455,0.0,0,36.9000015258789,2.42000007629395,16,9.259601563600905,0.3400007853813742,-0.7665643825038101,8.368183793392685,0.0,12
2023112605,1501,0.9275,1,38.8400001525879,27.4699993133545,12,0.9430275530873117,0.6985706580983462,0.5086335767308432,3.061110909457548,0.0,12
2023112605,1666,0.0,0,24.1599998474121,38.4700012207031,8,12.299764426479934,0.9625474714990743,-0.3170668445408556,13.022265547899108,0.0,12
2023112605,1691,0.3595,1,34.5900001525879,36.7099990844727,7,1.9709129061723496,0.23086805980041888,-0.20378700935848837,4.455434883375585,0.0,12
2023112605,1823,0.8584,1,60.0900001525879,44.8600006103516,19,1.1377175862896782,2.0727272128177345,-0.728645507166176,3.097240707468503,0.0,12
2023112605,1897,0.0,0,24.9799995422363,8.05000019073486,12,7.263477622961389,5.646238176976593,-0.34649900653422544,3.429577233421053,0.0,12
2023112605,1952,0.0336,1,32.3800010681152,26.7600002288818,9,2.8993266353864224,2.672263984785896,-0.18948710672936994,1.0383159442096581,0.0,12
2023112605,1995,0.0,0,70.2600021362305,27.3700008392334,7,10.504115641943267,6.2657253573102345,-0.06718708377888426,5.866216838815283,0.0,12
2023112605,2018,0.0,0,68.9499969482422,39.1599998474121,14,10.132089527625107,4.116720609572614,-0.6438418364987554,11.844006923334694,0.0,12
2023112605,2059,0.0,0,53.2299995422363,28.8799991607666,10,3.722390812078978,4.106214607074713,-0.44297989291128337,3.6381451317944995,0.0,12
2023112605,2258,0.0,0,67.7399978637695,16.8400001525879,7,8.795024909526054,1.0998618979046975,0.41189203661628127,6.911273399309276,0.0,12
2023112605,2400,0.0,0,45.5999984741211,26.8700008392334,7,13.347977779373476,0.9119744095156663,-0.05126497449294534,12.630455257036461,0.0,12
2023112605,2591,0.0,0,48.0800018310547,23.5900001525879,6,7.905319157430524,1.617712810025661,-0.30119956915431745,6.384520342202694,0.0,12
2023112605,2665,0.6793,2,81.1800003051758,53.5400009155273,28,2.239733083353618,1.2083055470048731,0.6984078755425972,2.7925615481131314,0.0,12
2023112605,2719,0.3408,1,92.7099990844727,43.8699989318848,12,2.3247567602101586,0.6573445322723477,-0.48305008733684995,4.40709654988406,0.0,12
2023112605,2796,0.0,0,87.6100006103516,38.75,9,5.346410605243863,2.740894493502497,-0.39599538325031014,4.844099503519726,0.0,12
2023112605,2828,0.0,0,82.629997253418,23.9099998474121,7,12.48433168125046,1.6552919822914958,-0.34152291069211876,12.195843554260604,0.0,12
2023112605,2967,0.0,0,46.8400001525879,48.2999992370605,15,4.97226284222961,1.7404023768514696,-0.7305884506026273,6.892031630803789,0.0,12
2023112605,3029,0.2829,1,45.189998626709,12.2799997329712,17,2.452040289860931,0.6103291620905292,0.6766628728580284,3.8937128810429744,0.0,12
2023112605,3074,0.7047,2,61.1599998474121,16.7000007629395,9,0.8910667455746306,1.753539881174333,-0.41553880374664287,3.4225721321836318,0.0169,12
2023112605,3296,0.3316,2,45.2900009155273,25.5100002288818,10,2.362921345593707,1.7577533310357285,-0.23370755120993125,3.247845439672277,0.0,12
2023112605,3355,0.0,0,68.3099975585938,30.8700008392334,11,4.271765442142483,1.6248360480150572,-0.06644849508930699,3.5945097023099026,0.0,12
2023112605,3432,0.0,0,41.3499984741211,5.30999994277954,15,3.67463017218271,1.9608427255295011,0.7787121098864297,1.1107204868912783,0.0,12
2023112605,3531,0.0,0,41.7599983215332,50.5800018310547,16,4.5697398746513915,2.1355091826073394,-0.7039490933863978,3.1639374203672253,0.0,12
2023112605,3594,0.0,0,52.6300010681152,19.6000003814697,12,3.102659865448201,2.6214874317220516,-0.07457171665789489,2.665426795093046,0.0,12
2023112605,3760,0.0,0,85.4199981689453,50.5299987792969,16,5.906605429120665,1.5749279652440846,-0.6524254642259943,1.603277892319355,0.0,12
2023112605,3979,0.0,0,28.7600002288818,11.1700000762939,10,5.951016489602595,1.667393117335935,-0.6777014639809869,11.262557436035562,0.0,12
2023112605,4029,0.0,0,26.5699996948242,20.6599998474121,9,12.96001573702954,0.6545992794641103,-0.1852016825642786,13.24574271228307,0.0,12
2023112606,55,0.0,0,82.6100006103516,4.01000022888184,12,3.95181012555428,0.6226557084184117,0.5360810830945243,6.332219200248837,0.0,12
2023112606,100,1.165,1,50.9500007629395,44.2200012207031,24,0.9099988262473412,0.42579282524641177,0.7806118718186434,1.2731849826321424,0.0,12
2023112606,147,0.0,0,17.1399993896484,-0.25,18,3.6149829134927067,3.037252362992645,0.48191737912341187,0.907579197646133,0.0,12
2023112606,217,0.0,0,24.5400009155273,11.5200004577637,10,6.698634538347729,0.7144931218308214,0.35828351452121604,5.488943432027698,0.0,12
2023112606,247,0.0,0,15.8299999237061,7.67999982833862,10,5.109686821487354,1.6571057239938758,-0.5737051193888829,6.730921185097922,0.0,12
2023112606,333,0.0,0,40.0200004577637,34.3899993896484,8,3.940113480768446,0.131529104749038,-0.40361359747182396,7.186723871139063,0.0,12
2023112606,380,0.0,0,44.0299987792969,36.0800018310547,7,12.867082327761745,0.4664741627744316,-0.11821304111553375,15.793068099644225,0.0,12
2023112606,405,0.0,0,52.2900009155273,23.4300003051758,9,3.526257744814238,0.6628715791687926,-0.06549844189806713,2.826393461639763,0.0,12
2023112606,435,0.0,0,71.3000030517578,48.689998626709,7,4.770007218330641,1.6919790835011403,-0.4095402466900881,5.572826930741704,0.0,12
2023112606,460,0.0,0,89.7200012207031,16.0400009155273,8,6.290851025769115,1.3410434770820228,-0.15689662473942176,5.830008576323025,0.0,12
2023112606,485,0.0,0,110.589996337891,2.25999999046326,21,6.932039366867399,7.191304662104377,0.7290118514016151,3.04138126514912,0.0,12
2023112606,573,0.602,1,109.889999389648,19.1000003814697,6,1.1940275083411194,3.530000713445971,-0.18861449190697196,2.993760177435728,0.6023,12
2023112606,715,0.0,0,83.0800018310547,16.75,9,4.522523218267552,1.930415762755073,-0.546809231889757,3.185090265596886,0.0,12
2023112606,767,0.0,0,65.9499969482422,46.6500015258789,10,5.9036564907648,3.651982481298743,-0.24944858676457377,1.7853291013143777,0.0,12
2023112606,797,0.0,0,62.4599990844727,13.4399995803833,9,11.32131594052092,0.8329456998940735,-0.010719972938778168,7.013144801014734,0.0,12
2023112606,822,0.0,0,53.8499984741211,16.25,8,3.8389697894346404,2.895805922944722,-0.13390152059757354,3.529787529016447,0.0,12
2023112606,942,0.0,0,29.8199996948242,15.2600002288818,10,3.4048491952357773,5.614908354394325,0.2613118833257705,3.2078965070587926,0.0494,12
2023112606,965,0.0,0,39.6300010681152,-2.71000003814697,21,4.713268977152666,4.002324941072429,0.6046240605993201,0.8154140052758477,0.0,12
2023112606,988,0.3877,1,22.2600002288818,36.9900016784668,8,1.8369801805626091,0.7640009351413919,-0.41158086896595314,5.241612347360303,0.0333,12
2023112606,1097,0.0,0,87.4700012207031,49.9700012207031,13,4.328625687420868,1.1428032069979879,-0.2518334654367345,5.0982546032931735,0.0,12
2023112606,1127,0.0,0,88.5999984741211,13.3699998855591,9,3.593898966427153,2.785821899823135,-0.6375445309612179,4.096461888019967,0.0,12
2023112606,1174,0.0,0,96.5800018310547,10.5500001907349,8,5.325906758863757,0.5846348964884921,-0.2580669592540178,5.403156484870677,0.0,12
2023112606,1226,0.0879,1,116.110000610352,31.2900009155273,10,2.8142664439739344,0.6937568403035098,0.20873043764962323,1.2343824366864613,0.0,12
2023112606,1290,0.6232,1,48.3699989318848,12.4399995803833,29,1.1303087491250148,0.5656844269121818,-0.7003900805825788,6.904201619304006,0.0,12
2023112606,1658,0.0,0,65.8199996948242,20.0799999237061,7,5.850546851657591,1.7686715536346531,-0.1454642090989068,1.9657568516986028,0.0,12
2023112606,1705,0.5661,2,54.7299995422363,45.4300003051758,10,1.796942350130577,2.774184015948797,-0.5147368347513563,2.8206382256503564,0.0,12
2023112606,1735,0.0,0,61.6599998474121,11.8400001525879,11,10.606111593086332,0.6126991514962303,-0.4771288320728083,10.106577066445393,0.0,12
2023112606,1765,0.0,0,70.620002746582,46.7299995422363,12,5.347987492309936,0.9350920998036736,-0.7486009654532773,5.246732316404182,0.0,12
2023112606,1795,0.3233,1,92.129997253418,40.0400009155273,14,2.0404437939999767,1.3206086945901352,-0.4945805281321972,1.2277214667830818,0.0,12
2023112606,1891,0.0,0,84.3499984741211,30.7999992370605,7,5.899329632450451,2.563199962756563,0.004720814534215634,3.7206988590854793,0.0,12
2023112606,1916,0.0,0,79.5699996948242,35.5999984741211,7,4.968672253347357,2.1617819309416295,-0.2603632477275356,5.597463711360711,0.0,12
2023112606,1946,1.4521,1,48.3699989318848,46.9099998474121,24,0.4143680439604727,1.0863238254482697,-0.3296812786315059,1.171537451386,0.0,12
2023112606,2016,0.0,0,63.5499992370605,6.82999992370605,11,3.202249950977599,1.776091773162366,-0.5800667941235547,5.192706423436619,0.0,12
2023112606,2046,0.3568,1,75.9400024414062,34.5699996948242,10,1.9453770932439853,3.9864748893557085,-0.5374503776310277,0.5315072906367194,0.0,12
2023112606,2073,0.0,0,58.7099990844727,24.2299995422363,7,6.622898674525271,2.131899626496785,-0.03340077340169721,5.103655552640671,0.0,12
2023112606,2349,0.5532,1,43.0900001525879,12.6099996566772,28,1.3403359390597103,0.9247699785593688,-0.3685164459363367,0.9340770846134708,0.5139,12
2023112606,2475,0.519,1,89.1900024414062,37.7599983215332,8,1.5839852410243764,1.015482901722302,0.051765264956088054,2.411078596810977,0.0,12
2023112606,2510,0.0,0,97.9800033569336,41.5200004577637,7,9.971446403491196,0.11313438761009888,-0.23180412645345075,8.228128584313687,0.0,12
2023112606,2559,0.0,0,78.8399963378906,40.4099998474121,18,8.544007227834683,2.1699963378906,-0.2772016383008009,8.31908648831108,0.0,12
2023112606,2733,0.0,0,120.620002746582,31.8199996948242,13,6.389634619163565,7.278635650476005,0.2613947585637209,1.0160708636704499,0.0,12
2023112606,2799,0.0,0,82.4400024414062,44.2200012207031,8,6.310856801910963,0.8209775280541165,0.05646825019852849,3.6381588750355567,0.0,12
2023112606,2829,0.0,0,68.5400009155273,30.0799999237061,6,4.687963941070966,1.292595186547172,0.10054653894018188,4.2381245852381415,0.0,12
2023112606,2854,0.0,0,43.2900009155273,6.1399998664856,16,6.531500117806864,4.320010923265978,0.4812295354709707,0.8697700845625792,0.0,12
2023112606,2938,0.3514,1,46.5499992370605,31.2399997711182,6,2.257365021076404,1.9021300043549048,-0.12614099343709684,4.941588813327147,0.3668,12
2023112606,2982,0.0,0,81.7600021362305,39.5099983215332,18,5.952111360247143,7.201902934693368,0.5009894054419856,2.3472963170422245,0.0,12
2023112606,3012,0.0,0,58.2299995422363,18.3600006103516,7,6.191769454055047,2.674790455249352,0.15088112273710808,3.6155359215474556,0.0,12
2023112606,3086,0.0,0,74.9300003051758,31.7999992370605,6,7.27578099477041,3.5205110343692767,-0.014769831630746895,4.980461825975583,0.0,12
2023112606,3155,0.0,0,88.7399978637695,46.7799987792969,9,4.777971094720941,1.587610720642518,-0.5259075188501237,2.7250137614331327,0.0,12
2023112606,3315,0.4944,1,11.1800003051758,14.0900001525879,13,2.0497070698677136,1.0400002230131171,-0.09504828916467721,2.3407904647789377,0.0,12
2023112606,3379,0.0,0,28.3700008392334,39.9599990844727,7,9.852070221276332,1.974361329159996,-0.39491464628537387,10.916615775962804,0.0,12
2023112606,3404,0.0,0,40.8400001525879,52.0999984741211,14,5.727171008395149,6.076461883598845,0.07877739515825202,5.137489659356991,0.0,12
2023112606,3529,0.3487,2,38.8600006103516,38.5999984741211,11,2.2279133018739588,0.5246907862210973,-0.19040428439921475,4.682445942026453,0.0,12
2023112606,3644,0.4269,2,45.2900009155273,27.4799995422363,10,2.060411826884025,2.4785873050364113,-0.2804440736735922,3.466251577713311,0.0,12
2023112606,3775,0.0,0,83.2600021362305,15.6099996566772,7,3.0153751447362684,0.9914109692736189,-0.35384773360772115,4.260187789288172,0.0,12
2023112606,3835,0.0,0,88.7699966430664,10.3800001144409,8,10.847030582368859,0.559018598008131,-0.5871412706750447,9.460708218732885,0.0,12
2023112606,3860,0.2188,1,99.8199996948242,0.819999992847443,8,2.426211331721212,0.9848860619577112,0.17045385453398276,2.323639386824047,0.0,12
2023112606,3912,0.9765,1,113.730003356934,48.2099990844727,15,0.7220120143663915,0.288446387343813,0.4748043486030823,1.231097071720998,0.0,12
2023112606,4085,0.0,0,35.2799987792969,22.7099990844727,7,3.663142104383374,2.1162477085671973,-0.3390216149113569,2.8463485380395706,0.0,12
2023112606,4155,0.0,0,32.5400009155273,31.9699993133545,7,5.503743038965989,1.8532664302491122,-0.3712141197446252,6.250199996800098,0.0,12
2023112606,4180,0.0,0,57.3899993896484,22.9799995422363,14,,16.669027617252045,0.2606102841428722,,0.0,12
2023112606,4230,0.0,0,45.7900009155273,22.2399997711182,8,9.937664842075796,0.6489983408580549,0.33764462722341726,8.016994449293325,0.0,12
2023112606,4255,0.0,0,52.439998626709,24.7800006866455,7,4.123349689481279,0.49980101784252606,0.21596380540307658,4.784642097377814,0.0,12
2023112606,4280,0.6275,1,64.6900024414062,7.55999994277954,14,1.603278511417896,1.4396156955899027,-0.627201276673411,2.399541622893839,0.0,12
2023112606,4330,0.0,0,81.1100006103516,50.4900016784668,16,4.8231218211408855,0.8459909440965387,-0.3419912466747062,4.6517201119585865,0.0,12
2023112606,4355,0.789,1,114.769996643066,51.7400016784668,27,1.2088002535539,2.560310356880078,0.7048010291395522,4.292889469809351,0.0,12
2023112606,4390,0.0,0,82.379997253418,18.7600002288818,9,10.94554465627811,1.5331023693032781,-0.12712473713853922,13.499074042318604,0.0,12
2023112607,82,0.7023,1,37.4700012207031,45.9799995422363,8,1.4616416104885328,0.4036091977682747,0.6139459672284586,6.258825768464877,0.167,12
2023112607,107,0.0,0,41.1399993896484,45.6399993896484,6,3.3572166776664507,2.000250338336791,0.26735385065110123,3.487248198795152,0.0,12
2023112607,328,0.7346,1,25.0,8.85999965667725,20,1.180677922659595,0.6506919235711713,-0.2523537327122155,0.89044932477935,0.0542,12
2023112607,378,0.0,0,26.0699996948242,9.9399995803833,20,7.62189638529741,0.7291776749426507,0.34613669286528004,5.680140843324225,0.0,12
2023112607,496,0.0761,1,36.5299987792969,21.9200000762939,8,2.8092181302450188,1.8611835315693406,-0.38312567017023624,2.014000993048415,0.0433,12
2023112607,526,0.185,1,47.6800003051758,15.6300001144409,9,2.461076795257909,1.7670878042740068,-0.0703329267915481,1.7873164241398338,0.0,12
2023112607,556,0.1711,1,54.0099983215332,44.6800003051758,12,2.4917680669292244,0.8778397018346715,0.06648196033574688,3.207132675771304,0.0,12
2023112607,634,0.3058,1,56.560001373291,18.2299995422363,6,2.082545098118031,1.059479557606237,-0.12093682587385278,0.9786214794291005,0.0691,12
2023112607,686,0.0,0,59.0499992370605,45.7299995422363,9,10.739016808911998,2.005243303943098,-0.6601066033488721,7.099894365411366,0.0,12
2023112607,866,0.0,0,60.5400009155273,47.3199996948242,15,3.7800135916007154,3.381863794147926,0.5001378341774653,1.6516960979550641,0.1882,12
2023112607,936,0.4037,1,76.5100021362305,35.6699981689453,9,2.071185138911213,0.7433014830702539,0.4066194662462253,2.2610838109190046,0.0,12
2023112607,1084,0.0,0,55.7799987792969,33.6399993896484,7,15.285422418140024,2.354932297950744,-0.4033908682522895,14.467650120181926,0.0,12
2023112607,1129,0.4858,1,79.0299987792969,15.9899997711182,13,1.9027599655373844,0.6146554207988717,-0.4779034640274071,4.330738966966268,0.0,12
2023112607,1344,0.3295,1,69.1800003051758,32.4599990844727,13,2.0116169057960605,0.41773158429143614,-0.681429660632321,2.553311575190148,0.0,12
2023112607,1506,0.8325,1,26.0900001525879,28.5,11,0.5024937962391312,1.2120232393158348,-0.539360278400776,0.9879271228182772,0.1917,12
2023112607,1529,0.0,0,33.560001373291,21.0400009155273,9,3.129873690753478,0.530095220687606,0.11245308846643472,2.921386657051748,0.0,12
2023112607,1618,0.0,0,0.259999990463257,50.3800010681152,27,4.089229470330515,5.116687927311811,0.2635708514063179,2.5384247083575295,0.0,12
2023112607,1641,0.0,0,24.9099998474121,19.6100006103516,7,6.822976237191293,3.995209958094003,-0.001525883773060191,1.545639026422406,0.0,12
2023112607,1707,0.0,0,32.3499984741211,19.1700000762939,9,9.590835651270798,1.7223543510266037,-0.5085164076671238,8.490524129875613,0.0,12
2023112607,1840,0.0,0,65.2900009155273,8.15999984741211,20,6.236161581954518,4.885898996990169,0.17981007878266797,4.987033186173922,0.0,12
2023112607,1891,0.0,0,38.0400009155273,11.0699996948242,7,17.364572166227283,1.4504128566842511,-0.5136708596985604,18.125068275733472,0.0,12
2023112607,1947,0.082,1,71.0599975585938,8.43000030517578,14,2.8160244323375117,0.6008303428058562,-0.06565247636018819,3.020016556246001,0.0,12
2023112607,1984,0.8979,1,64.1100006103516,7.59000015258789,9,0.9411167021008129,1.3221945824250851,0.045189830790908145,4.460414778919108,0.11,12
2023112607,2101,0.0,0,56.060001373291,46.1800003051758,9,4.242382813399412,0.2376984419771705,-0.4068392727486571,8.109802710300665,0.0,12
2023112607,2131,0.0,0,27.8600006103516,28.0200004577637,11,6.393559964127475,0.40199463008571557,0.6097908675923165,4.178827586775983,0.0,12
2023112607,2328,0.0,0,89.3000030517578,13.9200000762939,11,7.756606684203289,1.3121362969186239,-0.4175785248068928,10.633423719574052,0.0,12
2023112607,2440,0.0,0,34.2799987792969,20.8799991607666,7,4.497578485131917,1.4623950861941224,0.0450373665473553,1.7363179432350497,0.0,12
2023112607,2492,0.0,0,43.9500007629395,1.73000001907349,20,4.148927315109145,0.7778175483197185,0.3749146388116427,1.0553672346628922,0.0,12
2023112607,2544,0.0,0,70.7099990844727,5.28000020980835,15,3.915559632799274,0.3224902153022977,0.5444054880825526,3.200000000000002,0.0,12
2023112607,2596,0.6209,2,94.3300018310547,15.7799997329712,12,1.4011762612219614,1.2358379471119794,-0.4238325959778697,3.6602185727084624,0.0,12
2023112607,2727,0.9168,1,116.800003051758,35.6800003051758,14,0.769676802548089,0.22135876069657812,0.031012483475762354,0.8935882720806124,0.0,12
2023112607,2781,0.0,0,109.779998779297,18.3700008392334,6,5.697237649244698,0.6456019019472765,-0.3831916912166479,5.068056826832156,0.0,12
2023112607,2878,0.0,0,80.3499984741211,28.0300006866455,6,7.533822968710341,2.7153253880886163,-0.3289265782744287,6.452852082606565,0.0,12
2023112607,2903,0.0,0,73.3899993896484,14.6599998474121,10,6.647231931815415,0.8989988277034832,-0.11764412464334288,4.3931879085693515,0.0,12
2023112607,2994,0.5112,1,4.26000022888184,49.7700004577637,14,1.528823422581686,1.1700002288819302,-0.18644794164009357,2.151023012429201,0.0,12
2023112607,3104,0.8051,3,44.310001373291,21.9400005340576,9,1.8999213557787822,0.5560562886917123,0.3131076186778849,2.288755120147196,0.0202,12
2023112607,3127,1.0254,1,36.2200012207031,48.1500015258789,8,0.8203648086024393,0.38483573283103395,-0.41836812329619366,4.808846015417839,0.6414,12
2023112607,3346,0.0,0,119.519996643066,3.1800000667572,13,5.236505564584667,0.6399999332516039,0.8859375467597473,3.1283382170091527,0.0404,12
2023112607,3689,0.0,0,48.3199996948242,31.4099998474121,7,3.8537904516640635,0.8372574439597038,-0.19494167276203628,5.21052780435917,0.0,12
2023112607,3762,0.0,0,85.0299987792969,47.2099990844727,10,3.731338722184122,0.333014994885765,0.13600898743047507,4.790093944798998,0.0,12
2023112607,3810,0.0,0,44.3600006103516,5.55000019073486,18,3.861605345385016,1.0742440487079885,0.1968233477461633,4.897529989698886,0.0,12
2023112607,3840,0.0,0,3.70000004768372,53.9099998474121,24,4.774232790182691,7.2566795759111,0.8357043117519399,1.853968716025164,0.0,12
2023112607,3888,0.5993,1,36.2099990844727,15.6599998474121,8,1.2020397271372016,2.1328393907131966,0.011712260084276453,6.968644057490671,0.3108,12
2023112607,4013,0.1958,1,82.6600036621094,34.2299995422363,21,2.4124853572132454,0.46529205340290447,-0.6303515293113424,3.8579787454054224,0.0,12
2023112607,4060,0.0,0,92.5800018310547,2.75,9,3.2237408023514504,0.4527679223479148,0.28432947878605913,3.9701133485078217,0.0,12
2023112607,4169,0.0,0,76.6800003051758,50.4199981689453,12,3.0212907258570714,0.9481044546294746,-0.574245162107052,3.3520143197784873,0.0,12
2023112607,4204,0.0,0,76.5699996948242,9.42000007629395,10,9.571775907486147,0.8297586866972105,-0.03901934692360707,10.368514840612422,0.0,12
2023112607,4234,0.0,0,58.439998626709,52.7000007629395,18,3.4636545648994974,1.0412020573576204,0.38912345914224417,3.512406582387642,0.0,12
2023112607,4287,0.0,0,77.5,45.060001373291,11,5.226786452659607,0.5478133356221714,-0.37396296629498904,9.255122905720919,0.0,12
2023112607,4312,0.0,0,65.0299987792969,23.2199993133545,7,3.884905304607985,0.888425998782127,0.3357123310436006,4.681132341645559,0.0,12
2023112607,4447,0.0,0,100.76000213623,3.51999998092651,12,3.3246509990671425,2.029877073015374,0.49361958567406433,4.900010204070999,0.0,12
2023112607,4470,0.0,0,93.0699996948242,1.02999997138977,15,4.461625210585228,2.9320471518187423,0.20436781263786827,3.934056430708638,0.0,12
2023112608,99,0.0,0,57.5299987792969,41.4799995422363,12,3.8090027336499226,2.2950612118608436,-0.6909623896133563,2.0468756679388243,0.0,12
2023112608,173,0.0,0,85.4000015258789,22.7700004577637,7,3.488622940029858,1.2054032698019592,-0.02443174282518551,5.692424790895354,0.0,12
2023112608,245,0.0,0,94.5299987792969,23.8400001525879,6,5.862372156111729,1.0000508272612727,0.1907442844484495,2.7620463428407467,0.0,12
2023112608,332,0.0518,1,83.2200012207031,24.7000007629395,13,2.8445036261022083,3.5870866503625574,-0.017758551186745,2.3622235287965454,0.0,12
2023112608,463,1.0376,1,45.0099983215332,49.5800018310547,15,0.8202456557624748,1.5902832844146826,-0.7229850154901556,1.10385687478042,0.6863,12
2023112608,510,0.0,0,56.3300018310547,13.9200000762939,7,3.6540376954124656,0.45221499746693694,-0.279827152927336,7.192176304846817,0.0,12
2023112608,612,0.6465,1,70.7699966430664,34.060001373291,8,1.612266089695782,0.31384928437735543,0.198426928854135,2.3638104830971614,0.1188,12
2023112608,637,0.0,0,77.8600006103516,46.6199989318848,10,5.640079170645435,1.5438272087778768,-0.40013845020811073,6.33107415846631,0.0,12
2023112608,731,0.0,0,96.370002746582,15.5,9,3.5776091152065264,2.4268887178617473,-0.40128946895928014,3.073759912550098,0.0,12
2023112608,777,0.0,0,94.3300018310547,16.8299999237061,6,15.939543827235228,1.7601150648487196,-0.19233094247764163,15.120800243373367,0.0,12
2023112608,876,0.0,0,73.2099990844727,49.2400016784668,27,5.948488046065454,9.24077995872695,0.4700398558776844,0.6428063471995287,0.0,12
2023112608,925,0.0,0,82.129997253418,23.7700004577637,7,3.556091996316025,2.9134156411762047,-0.11786225562670766,1.0526157893552588,0.0,12
2023112608,1054,0.0,0,44.560001373291,37.7599983215332,9,3.2511208460123178,1.400711953199091,-0.11320928808244023,2.174626404695759,0.0,12
2023112608,1123,0.0,0,62.5999984741211,20.7999992370605,9,8.761878169874475,1.0530923918718484,-0.27484069908443026,10.49040037367497,0.0,12
2023112608,1218,0.0,0,95.9499969482422,35.2700004577637,6,7.389683321722709,1.6985024235477435,-0.02485213360797954,2.1942652528807844,0.0,12
2023112608,1404,0.1446,1,60.3800010681152,54.7900009155273,18,2.675911520551859,3.493150760694466,0.46166752432434993,3.4169577111810985,0.0,12
2023112608,1500,0.0,0,30.8999996185303,7.3600001335144,9,6.522829256706479,0.9000003356933701,-0.6530032607876728,6.818357573492314,0.0,12
2023112608,1616,0.0,0,96.4000015258789,5.71000003814697,15,4.031837292378222,1.8569858329210072,-0.7036383348223618,4.600010869552371,0.0,12
2023112608,1774,0.0,0,77.2300033569336,38.1199989318848,10,6.409128960331819,1.120583720008259,-0.3244875055063435,5.594756473699276,0.0,12
2023112608,1877,0.0,0,41.6800003051758,26.1499996185303,6,5.370754266970244,2.2181973659806395,-0.067217440304296,2.1720036832381235,0.0,12
2023112608,1902,0.0,0,51.0900001525879,23.4099998474121,6,5.851581065870926,1.9416486251495,-0.14845948712359197,6.549541968718115,0.0,12
2023112608,1996,0.0,0,76.1699981689453,20.6200008392334,8,3.4514061732956343,0.8049864849616261,-0.29529561213789113,3.975550276376846,0.0,12
2023112608,2021,0.0,0,87.7399978637695,33.7000007629395,12,9.547364558048283,1.18258416487457,-0.33919859608679426,5.17282321368128,0.0,12
2023112608,2172,0.476,1,49.2299995422363,9.94999980926514,23,1.9695688877769728,1.2539937740214873,-0.03442874474866978,0.9962429422585667,0.0,12
2023112608,2243,0.522,1,58.5,48.1599998474121,11,1.4340153629006864,0.48020836758012414,-0.6065200527121986,1.6400304875214955,0.0,12
2023112608,2306,0.0,0,86.9400024414062,42.9500007629395,7,13.497087426335584,1.480812713590398,-0.2738870443996993,12.876777547197133,0.0,12
2023112608,2382,1.1057,1,34.0200004577637,48.6500015258789,26,0.9718547635943601,0.6742408224425533,0.735804996242988,1.4017489076150536,0.0,12
2023112608,2407,0.0,0,33.8899993896484,42.7400016784668,8,8.228201173562477,1.2000399926210392,-0.57698501966693,10.15955215548402,0.0,12
2023112608,2459,0.1244,1,25.3199996948242,33.5800018310547,5,2.6691744484636897,2.0241032763892495,0.13523888093073186,0.8845903006477059,0.0,12
2023112608,2525,0.0,0,45.3400001525879,24.6900005340576,10,4.3481599758025595,3.195074211775098,-0.5804365171783271,1.5132745950421556,0.0,12
2023112608,2650,0.0,0,63.1699981689453,45.7700004577637,9,11.38548511515327,0.35113912007090436,-0.16059525855723988,9.919299370419262,0.0,12
2023112608,2675,0.0,0,52.2299995422363,27.0699996948242,5,6.307535072014472,2.3020854617378332,-0.04347659023099107,5.331463213790377,0.0,12
2023112608,2700,0.0,0,46.1699981689453,18.2099990844727,8,4.695123507142109,1.502329540772075,-0.3107150792832446,4.412221662609439,0.0,12
2023112608,2781,0.0,0,41.2799987792969,37.1300010681152,9,9.849194382152215,2.5280028615530297,-0.6340916619464726,6.577324684094588,0.0,12
2023112608,2853,0.0847,1,61.8800010681152,17.9500007629395,9,2.7459229548818893,1.1704692479941015,-0.4141522889971717,1.3471822445385768,0.0,12
2023112608,2956,0.5983,1,89.2200012207031,2.51999998092651,16,1.2050738143478728,1.8304380548164745,-0.5763393589784208,1.1104053313993034,0.0,12
2023112608,3033,0.0,0,78.3199996948242,20.1399993896484,8,4.980491906196218,2.9857322921784073,0.40469881340998487,4.382065722921098,0.0,12
2023112608,3101,0.0,0,16.0599994659424,31.7999992370605,7,10.571670422105093,1.8206051237606384,-0.2514071543904369,10.004244099381026,0.0,12
2023112608,3124,0.0,0,29.5200004577637,8.5600004196167,11,5.660565086301271,3.66279928334711,-0.6416838735460324,1.1896638180595362,0.0,12
2023112608,3147,0.6077,1,27.6200008392334,41.9799995422363,11,1.6144960454503292,0.3352604277934982,-0.5089550760061418,3.9081709276847167,0.0,12
2023112608,3421,0.076,1,42.1300010681152,14.710000038147,11,2.796945782836807,2.3789275328740884,-0.5396958619505134,2.2167769396130033,1.0324,12
2023112608,3446,0.0,0,46.439998626709,12.6400003433228,7,8.187461335861238,1.410284165771134,-0.5825111532416825,9.973048681321075,0.0,12
2023112608,3476,0.2825,1,53.5400009155273,7.05999994277954,9,2.152439579221138,1.9285478985680609,-0.44838695892530345,2.2083930809527494,0.0,12
2023112609,301,0.0,0,67.6800003051758,43.0900001525879,8,4.987685174778999,1.5620501969755198,-0.28173576397132183,4.444614718960463,0.0,12
2023112609,324,0.0,0,66.9300003051758,12.8199996948242,9,6.155233963487018,1.141797211768779,0.11100549164388522,2.629087294100375,0.0,12
2023112609,420,0.0,0,56.3600006103516,46.0400009155273,11,11.540733271000345,1.761617884446616,-0.48451611097733466,12.149477355014076,0.0,12
2023112609,504,0.3817,1,23.6800003051758,4.07999992370605,18,2.0902149936759185,0.8336063079317501,0.5510314967517927,1.8317205026968468,0.0,12
2023112609,580,0.0,0,29.2199993133545,6.01000022888184,16,4.1906806534977195,4.83985576509308,0.4366971151614382,1.936440032637214,0.0,12
2023112609,687,0.0,0,44.0999984741211,35.6599998474121,10,5.785578426632479,1.5242718158136288,-0.46302342365787125,7.228118704061242,0.0,12
2023112609,1007,0.0,0,83.4300003051758,32.8899993896484,7,10.567389103434206,1.78392800333818,-0.01269800328758992,9.351545326843047,0.0,12
2023112609,1032,0.7772,1,70.9700012207031,49.3800010681152,12,0.6685073691917707,1.2599208128745774,-0.4158589616170759,1.3102671483327344,0.0,12
2023112609,1082,0.2742,1,56.1300010681152,11.289999961853,9,2.2804377834916565,1.6705678374179393,-0.27994505301976036,1.8252944967867506,0.0,12
2023112609,1107,0.3937,1,64.2300033569336,24.3899993896484,6,2.031991888258238,0.9808167335723174,0.5109849261659464,3.119551249779357,0.0,12
2023112609,1155,0.0,0,70.2399978637695,12.9200000762939,8,3.6304971490079194,1.490403305363597,0.07494229038604144,3.8581083447720874,0.0,12
2023112609,1256,0.0,0,79.1900024414062,40.9000015258789,9,4.760007655675448,4.494409820545726,0.20862718234189448,8.23990898007982,0.0,12
2023112609,1279,0.2585,1,79.0699996948242,6.67999982833862,9,2.347978188801737,0.6801473735543956,0.29369369525775735,2.2041778512633665,0.0,12
2023112609,1348,0.0,0,83.1399993896484,2.6800000667572,11,14.580877732084712,1.3885240422147547,0.0027404520483699708,12.10233448554452,0.0,12
2023112609,1436,0.0,0,66.6900024414062,44.4599990844727,8,13.246464860438689,0.5408337408674275,-0.5659528233643112,13.822695106237433,0.0,12
2023112609,1461,0.0,0,74.5,30.3500003814697,6,8.189811086839692,0.810246866542143,-0.3108710516968123,8.565103618754415,0.0,12
2023112609,1486,0.0,0,98.870002746582,5.71999979019165,15,3.243590942071129,2.9964119814506507,-0.34857032774507746,2.285366491396949,0.0,12
2023112609,1599,0.0,0,80.0599975585938,11.8199996948242,7,8.846245333142623,1.5608006931434057,-0.4104147340396769,10.319597860381958,0.0,12
2023112609,1742,0.0,0,11.3100004196167,23.4200000762939,6,6.52672156926809,1.247877790776429,-0.37640119317229737,5.957130181555544,0.0,12
2023112609,1774,0.0,0,42.1599998474121,51.4099998474121,18,4.088055590466223,1.384052236023296,-0.7785957035919755,2.580077518215301,0.0,12
2023112609,1829,0.0,0,69.7900009155273,45.6599998474121,17,5.1717783202940995,1.0277149860989216,-0.4182226024968891,6.832400749370608,0.0,12
2023112609,1852,0.8345,1,70.2699966430664,26.2000007629395,14,0.4964909919279284,0.5500942718276447,-0.3259180716909484,0.9355746896961267,0.0,12
2023112609,1946,0.0,0,88.0199966430664,40.1699981689453,9,5.290980026528918,0.45099542005558263,-0.12242061695530136,6.198612748026778,0.0,12
2023112609,2002,0.4158,1,50.7400016784668,36.060001373291,9,1.8233190057310327,1.1305288660500805,-0.1323359472915664,2.683654225119175,0.0,12
2023112609,2030,0.0,0,45.7999992370605,46.1199989318848,9,4.250800789461521,2.028917175287505,-0.2395038270690796,5.293401552876942,0.0,12
2023112609,2060,0.1049,1,62.9799995422363,12.0,15,2.7577163320918823,1.071168044526405,-0.5417743855474627,2.316829730472227,0.0,12
2023112609,2097,0.0355,1,76.0400009155273,6.36999988555908,11,2.8933881074436845,2.536630785216894,-0.5848538862947549,2.3129418496797554,0.0,12
2023112609,2127,0.0,0,100.919998168945,2.28999996185303,17,3.6204986732507587,1.6298481951287402,-0.8089964960857848,6.72053569293402,0.0,12
2023112609,2239,0.4384,1,111.220001220703,38.1699981689453,12,2.0502206942238783,1.285769914279169,0.6826516917811725,1.6131026005806322,0.0,12
2023112609,2283,0.2339,1,83.9700012207031,12.4899997711182,8,2.409586188851276,1.1039032207867072,-0.12515035409053737,3.682458417959396,0.0,12
2023112609,2377,0.0,0,73.6800003051758,31.2900009155273,5,7.550496555192979,0.674166382490392,-0.2618879566081089,8.5100940065313,0.0,12
2023112609,2465,0.1163,1,87.7600021362305,31.1200008392334,7,2.678598376463944,1.396457514494413,-0.08049450471269672,2.0024984394500733,0.0,12
2023112609,2513,0.2333,2,108.069999694824,38.1699981689453,10,2.587856997423901,2.0557245600520457,-0.5959189823568126,1.820357107822526,0.0022,12
2023112609,2649,0.0439,1,41.3499984741211,49.7400016784668,16,2.8683987564120814,1.04446380438817,0.0113276947991625,1.9790907002964797,0.0,12
2023112609,2743,0.0,0,62.2400016784668,40.3199996948242,14,5.655518111585919,0.604152715414672,0.4271436152654705,6.201330502400266,0.0,12
2023112609,2790,0.5896,1,51.6199989318848,17.7399997711182,8,1.4103890735780824,0.8558611043748338,0.04592905417749077,0.6881860213634132,0.2536,12
2023112609,2815,0.0,0,46.8400001525879,42.5,11,3.9137195887399976,1.294951868525203,-0.6007657454833254,3.1510157092594815,0.0,12
2023112609,2845,0.0,0,34.2400016784668,31.7600002288818,7,4.546733536848767,4.610616608630844,0.13657294528297823,2.240089283934908,0.0,12
2023112609,2891,0.7796,1,23.6499996185303,19.0699996948242,12,0.6612861608993036,2.1969291919520235,-0.45578530083868946,1.9146017862730635,0.6951,12
2023112609,3008,0.0,0,90.5999984741211,20.4300003051758,6,7.10302862942643,2.2649074348588782,-0.6469360524552547,5.893530351156259,0.0,12
2023112609,3060,0.1346,1,116.379997253418,13.4200000762939,10,2.596244927349091,0.3860044717577694,-0.04780889842155959,3.84137996037881,0.0,12
2023112609,3197,0.0,0,66.4499969482422,8.52000045776367,10,13.429881649106914,0.8709196522406252,-0.23611339907587942,16.4188702412803,0.0,12
2023112609,3406,0.0,0,56.7200012207031,45.5400009155273,19,8.30750260414189,1.1588352511925957,0.20966507713348514,5.311591098719854,0.0,12
2023112609,3545,0.0,0,7.07999992370605,32.7099990844727,14,4.084470271265492,0.447773071172672,-0.03231176472339672,5.596043245008027,0.0,12
2023112609,3631,0.9523,2,38.8899993896484,41.1599998474121,8,1.087060677022117,0.8633080789809903,0.02294986595347029,2.413047865252572,0.1086,12
2023112609,3798,0.0,0,42.1500015258789,27.9500007629395,8,5.706986302815597,1.9475609143278525,-0.3187644953672511,3.1320919526731643,0.0,12
2023112609,3845,0.4419,1,65.6399993896484,6.67999982833862,14,1.6743063143334445,2.4324878097966227,0.3137712608732686,4.061588359250604,0.0,12
2023112609,3968,0.896,1,32.6699981689453,33.2700004577637,27,0.5936342557857235,1.2209028774080035,0.7668528866100808,0.8440379138403686,0.3948,12
2023112609,4142,0.0,0,80.1699981689453,45.3400001525879,10,4.5484297737104376,1.174565107664146,0.10684920208494637,6.8902249600430325,0.0,12
2023112609,4247,0.7458,1,110.059997558594,20.9200000762939,6,1.5069489502156979,0.6087709508701864,-0.13747622719504474,1.0735455276791908,0.4327,12
2023112609,4311,0.1235,1,76.6100006103516,4.51999998092651,13,2.634179762297252,1.739684418198949,0.1697964329572402,2.0906697491473865,0.0,12
2023112609,4336,0.0,0,76.9700012207031,9.02000045776367,9,4.306658460493287,0.7569027803154913,-0.6400296703040315,5.360037313302956,0.0,12
2023112609,4366,0.0,0,69.0699996948242,14.5600004196167,8,7.552462733005385,2.3080078052276862,0.09082556232732202,3.4485939163664985,0.0,12
2023112609,4391,0.0,0,61.8899993896484,8.80000019073486,11,13.73464538569149,2.1639082513916725,-0.6032359954009466,12.20850932751415,0.0,12
2023112609,4421,0.0,0,49.8300018310547,12.8999996185303,9,4.78037794239097,1.5990633048968266,-0.15297053895034446,6.199233823626922,0.0,12
2023112609,4586,0.3826,1,50.6699981689453,11.6999998092651,10,2.0562569804443394,0.9351987694801426,-0.08155993349569118,4.493873607479409,0.139,12
2023112609,4804,0.6345,1,42.25,50.4900016784668,11,1.0965868344776422,0.5239281486605473,-0.26881448424641907,0.7892401408950283,0.3443,12
2023112609,4827,0.0519,1,46.8499984741211,22.6100006103516,8,2.8595292927126637,0.2499984741218445,0.1427475831316653,3.174476334767671,0.0,12
2023112609,4880,0.3669,1,61.9700012207031,7.69999980926514,13,1.8992881595889322,0.32388231791949834,-0.06882745054873966,2.060218435020907,0.0,12
2023112609,5048,0.0,0,110.970001220703,42.3699989318848,21,3.2245325929686492,4.478762131721914,-0.011522151881508392,1.3448048185517458,0.0,12
2023112609,5135,0.0,0,83.1800003051758,18.4599990844727,6,16.229085056090327,1.237940989824699,-0.4760745947936521,17.64875349706036,0.0,12
2023112609,5160,0.2504,1,65.25,4.53999996185303,13,2.2811620203898366,1.8423083698718006,-0.05272456129975677,1.7488853593074625,0.0,12
2023112609,5183,0.2315,1,56.2200012207031,14.4899997711182,15,2.305516037180045,0.8276480449547311,0.3042126421109967,6.9386165768112615,0.0,12
2023112609,5235,0.0,0,46.8400001525879,36.5499992370605,8,3.3947759490881935,2.4788108023355093,0.2686014015248499,2.730018314956879,0.0,12
2023112609,5258,0.0,0,45.7599983215332,43.6599998474121,10,4.373749681480172,2.3518491805117847,-0.45399743382134217,5.546575520084444,0.0,12
2023112610,99,0.0,0,62.7700004577637,6.92999982833862,21,8.42759787317942,0.9481031127898976,-0.004887114795983409,6.321969629791014,0.0,12
2023112610,124,0.0,0,65.7600021362305,10.1300001144409,9,12.876134703830871,0.5239267245054704,-0.38129148235653043,13.884163640637482,0.0,12
2023112610,203,0.0,0,89.8600006103516,23.8099994659424,7,4.10043847581823,1.5936428129169096,-0.058909085408394096,2.049487740875756,0.0,12
2023112610,439,0.0,0,68.1900024414062,34.8699989318848,7,5.258842758982498,2.3776064702705906,0.006626479534370552,4.019465138547663,0.0,12
2023112610,486,0.0,0,61.4099998474121,43.8800010681152,9,6.439603647154652,1.8133384038820428,-0.08770223434276692,10.21427432566798,0.0,12
2023112610,631,0.0,0,27.7600002288818,7.25,8,4.4972211378752585,2.389476786527682,-0.6616119539851444,5.382425103984262,0.0,12
2023112610,710,0.2131,1,56.3699989318848,49.0400009155273,20,2.485157325723158,3.8369270021179367,-0.12174384573525358,1.954737834084155,0.0,12
2023112610,843,0.0,0,71.3300018310547,20.3700008392334,8,3.3551885417150045,1.9131405843405451,0.04980275856379642,4.260187789288171,0.0,12
2023112610,888,0.0,0,53.6399993896484,18.75,8,10.911004116938312,1.2589683596369086,-0.48183248843805887,8.416370951900825,0.0,12
2023112610,918,0.4012,1,77.6500015258789,17.9300003051758,8,2.077618933623803,1.0113353943117,0.20917486187317944,0.8728115489611722,0.0,12
2023112610,965,0.3704,1,89.5500030517578,32.3199996948242,8,1.9567302038936807,1.27349725464087,-0.15040509103897154,3.0545867150892927,0.0,12
2023112610,988,0.8778,1,92.2399978637695,18.1399993896484,9,0.9786212954444906,0.6341148635390743,-0.155222259509925,1.2525174649480944,0.0771,12
2023112610,1086,0.0596,1,116.779998779297,27.6299991607666,13,2.839524263375696,1.410143045515349,-0.43100951713785524,3.026879581351063,0.0,12
2023112610,1204,1.2741,2,62.2000007629395,9.35999965667725,22,0.9714428154281483,1.734157679893897,-0.8097808839653862,1.1985407794480774,0.0,12
2023112610,1343,0.0,0,46.4000015258789,10.1199998855591,8,4.796758253156977,1.6705674081252406,-0.45328994737287015,4.112857887163132,0.0,12
2023112610,1390,0.0,0,54.6100006103516,12.7299995422363,7,12.55028665490313,2.1562923540904606,-0.37397340333997114,10.006417940501986,0.0,12
2023112610,1415,0.0,0,69.5,34.3300018310547,7,4.990269939330549,0.6742392541084221,0.01059646101414496,4.462566526114768,0.0,12
2023112610,1587,0.3675,1,75.1399993896484,29.3700008392334,7,1.8973665719750141,0.4741297570183867,-0.06645251467302794,3.736107600163581,0.0,12
2023112610,1805,0.0,0,79.8899993896484,39.2099990844727,8,3.3984105494622567,0.47707485265964167,0.13618319095239956,4.388576078866586,0.0,12
2023112610,1830,0.1842,1,73.3600006103516,47.75,11,2.447386969507723,2.2053802868152212,-0.5235085742409731,1.0323274674249467,0.0,12
2023112610,1855,0.0,0,64.1100006103516,30.4200000762939,5,4.105423829551858,0.7280110832463778,-0.042428071909194606,4.99064124136368,0.0,12
2023112610,1896,0.4592,1,73.6699981689453,31.8799991607666,10,1.9331337319750885,1.1458635303951872,0.2519459014890626,1.440138882191575,0.2552,12
2023112610,1919,0.0,0,64.1100006103516,45.9799995422363,9,5.724726381384853,1.1520843656697182,-0.11434556667747028,7.202013607318442,0.0,12
2023112610,1979,0.0,0,78.5800018310547,54.1800003051758,22,6.065459312664431,4.620172316735774,-0.3710936436161697,2.1044001520623374,0.0,12
2023112610,2105,0.0,0,80.4800033569336,8.93000030517578,10,6.400784569335129,1.9242683934703648,-0.20963098377369005,6.320957205993416,0.0,12
2023112610,2218,0.0,0,32.1399993896484,3.11999988555908,15,3.8268529806294,3.8061666446072,0.4455930735629319,2.9861011369342463,0.0,12
2023112610,2241,0.621,1,12.3800001144409,2.96000003814697,28,1.6949925096734761,0.946414167507434,0.5896598271743017,1.7251376756653338,0.0,12
2023112610,2329,0.2189,1,41.1100006103516,6.05000019073486,12,2.3433517773673023,1.5489671142713377,-0.221823953484782,1.7691806012954165,0.0,12
2023112610,2354,0.9571,1,49.0,25.6700000762939,7,0.5557876537642009,0.3313608236082997,-0.07847535415853463,0.5189412298131696,0.483,12
2023112610,2482,0.0,0,56.6500015258789,37.0200004577637,12,3.162942791364259,0.8695412752834186,0.31527844171117814,2.0447493733951867,0.0,12
2023112610,2568,0.0,0,46.8800010681152,25.0499992370605,7,5.948252614375909,2.2803515621657584,0.17340251866188652,4.012405762133238,0.0,12
2023112610,2616,0.0,0,43.9799995422363,15.9499998092651,10,6.175596641473079,2.941053740004257,-0.42253979436124617,6.810293679423816,0.0,12
2023112610,2659,0.0,0,28.7299995422363,15.5200004577637,8,3.5013712044397325,1.5065195800644895,-0.04964561899547,2.719779402819281,0.0,12
2023112610,2691,0.0,0,36.4099998474121,9.96000003814697,7,10.26390291132838,0.37855000569482816,-0.06347581684786649,11.101576464628792,0.0,12
2023112610,2741,0.0119,1,53.3800010681152,13.9200000762939,7,2.9681133337670924,1.7418662960630613,0.21517523039630115,1.572577502064685,0.0,12
2023112610,2791,0.3346,1,57.5400009155273,17.9300003051758,8,1.99612089175557,9.415263967678035,-0.7257977374021457,4.749368379058419,0.3668,12
2023112610,2865,0.5779,1,71.1800003051758,19.4599990844727,11,1.2662139809131605,1.0199992998910767,-0.2565670172434192,1.1624543001769978,0.0,12
2023112610,2922,0.0,0,55.0999984741211,29.1499996185303,8,6.2036213332852395,2.5364554572519955,0.2636754773812566,3.7128560435330655,0.0,12
2023112610,3009,0.0,0,74.0599975585938,35.1500015258789,7,5.712383987150921,1.0910997271149032,0.0409944283501037,4.994847345014662,0.0,12
2023112610,3032,0.0671,1,76.6500015258789,13.0100002288818,8,2.798730797712813,0.8146770104090059,0.030416714577474,3.51370175171428,0.0,12
2023112610,3157,0.0,0,28.4200000762939,4.88000011444092,14,3.916490805802214,0.43863421268087294,-0.1023775208507183,4.2505764314972625,0.0,12
2023112610,3187,0.0,0,24.7999992370605,28.7800006866455,7,4.543490163475875,2.4285377608395544,-0.23513365683789594,6.814587294913755,0.0,12
2023112610,3237,0.0,0,31.3400001525879,48.7999992370605,11,6.5447154331344795,1.8254322198612134,-0.6244560111253621,9.327647077371656,0.0,12
2023112610,3349,1.4475,1,74.370002746582,11.9499998092651,26,0.4215473916141662,0.5390716406961095,-0.2907730027856583,1.5618578680533042,0.0,12
2023112610,3398,0.0,0,65.2600021362305,49.5900001525879,11,3.748561799406491,1.9516669299720704,-0.5613815594452243,5.617259118110893,0.0,12
2023112610,3487,0.0,0,22.9899997711182,5.57000017166138,10,10.835298555993587,0.6407025185927228,-0.17398893865942736,7.783431120013846,0.0,12
2023112610,3534,0.0,0,1.00999999046326,20.9699993133545,13,4.159856023222687,2.6294487981866066,0.5181090116262261,1.0301941564578956,0.0,12
2023112610,3557,0.0414,1,12.4499998092651,19.7600002288818,6,2.876473474421006,1.467310545615382,-0.17775847873608205,3.355294323900661,0.2308,12
2023112610,3621,0.0,0,39.7900009155273,23.8400001525879,9,5.622116481783545,0.18681580898102762,-0.3413608511092806,5.127065437460305,0.0,12
2023112610,3724,0.0,0,55.060001373291,6.51000022888184,10,10.100478804315088,0.8062249458631495,-0.07751499520277208,10.237563186618184,0.0,12
2023112610,3749,0.0,0,66.0599975585938,13.6000003814697,7,8.872397643246476,1.6293572760639907,0.2790008186636708,8.669677041274376,0.0,12
2023112610,3893,0.0623,1,61.7700004577637,1.48000001907349,16,2.866234065334726,0.18000045776369789,-0.2672726594867959,3.3572607882021948,0.0,12
2023112610,3946,0.0,0,59.2799987792969,31.0400009155273,8,8.372387946795316,0.9577040810897763,-0.40402272215433205,6.394779120501347,0.0,12
2023112610,3971,0.5645,1,53.4599990844727,35.0900001525879,8,1.6595176547528556,1.2060261364286091,0.2514419554425638,1.9900251254695271,0.0898,12
2023112610,4148,0.0,0,68.0500030517578,49.1800003051758,18,6.567995864161355,1.355067161785271,-0.654480078359426,3.0186917696247164,0.0,12
2023112610,4178,0.0243,1,45.6800003051758,19.2299995422363,13,2.9425325081714324,0.4707438908698705,0.569030057911362,2.0099751242241806,0.0,12
2023112610,4221,0.0,0,51.0900001525879,55.3800010681152,17,3.5197311632493764,7.591765912554305,-0.5754858370700351,1.6799999999999997,0.0,12
2023112610,4244,0.0,0,59.25,14.0900001525879,17,3.9103069276662596,0.9604685164638014,-0.4450427422670517,8.766989220935534,0.0,12
2023112700,110,0.0,0,74.9000015258789,34.2599983215332,7,5.370821235984918,0.9962438918733622,-0.08527999144297084,4.478493050123011,0.0,12
2023112700,179,0.0,0,68.6999969482422,33.689998626709,5,3.788427300576643,0.43863733308066444,0.42901078253723146,7.1121867242079615,0.0,12
2023112700,204,0.7928,1,58.4500007629395,32.1800003051758,8,0.6216906354582208,0.30083135743448536,-0.059714545487150064,3.3800000000000057,0.5876,12
2023112700,397,2.0454,2,91.0199966430664,33.1300010681152,25,0.7877157985032444,0.5768848184537607,0.7876496106520221,1.0694391053257777,0.0,12
2023112700,529,0.0,0,71.7900009155273,13.6400003433228,12,15.343158951461126,0.3894874736071173,0.07495833903848208,17.148976645852663,0.0,12
2023112700,608,0.5518,2,58.7000007629395,32.5900001525879,7,2.2401792263810916,0.7705849622739298,-0.3092773024292037,3.8612174245955138,0.0,12
2023112700,658,0.0,0,44.3699989318848,25.0400009155273,10,16.946012873900205,0.5142942700375346,-0.11458379639333403,16.619244868525165,0.0,12
2023112700,890,1.0687,1,58.1800003051758,5.67999982833862,17,0.2641968955507411,2.5292293403900525,-0.7529238751992589,6.405599113275822,0.0,12
2023112700,986,0.0,0,52.9500007629395,9.17000007629395,8,3.0210090737483304,0.4560694139089767,-0.1394767249698445,8.547449912108288,0.0,12
2023112700,1011,0.9501,1,80.629997253418,49.7999992370605,14,1.3520361773854859,1.6428301001391452,0.6205899898918732,6.865311354920474,0.0,12
2023112700,1156,0.0673,1,71.5599975585938,47.189998626709,10,2.7997294927460645,0.37695875968338494,-0.1455437186756469,4.56745005446146,0.0,12
2023112700,1215,0.0,0,61.8699989318848,12.2700004577637,10,3.1403498431628285,0.31305067691940364,-0.1349524670110208,3.53209569519287,0.0,12
2023112700,1262,0.0,0,49.0999984741211,19.6299991607666,9,3.2573749134705614,0.1910480784754665,-0.24820780120248773,1.0811567878897121,0.0,12
2023112700,1365,0.0,0,67.9300003051758,55.2099990844727,16,4.086268730599232,3.899742733026162,0.3474931534662575,3.8808504222657225,0.0,12
2023112700,1419,0.0,0,83.0100021362305,3.98000001907349,11,7.588447280951329,0.389487900636372,-0.563605048167121,9.83172416211927,0.0,12
2023112700,1451,0.4312,1,74.9100036621094,10.9899997711182,8,1.7062830360244545,1.1751589929732829,-0.01954678093103041,3.729302883918117,0.0,12
2023112700,1493,0.3929,1,67.1800003051758,44.5099983215332,12,1.8213193316024956,2.9516958740218833,-0.4554156021861425,4.730803314448825,0.0,12
2023112700,1705,0.9586,1,63.5800018310547,2.21000003814697,22,0.6041526554308531,0.27513689275845193,0.02543594322638774,1.4406942770761597,0.5536,12
2023112700,1730,0.6117,1,48.0099983215332,15.9099998474121,11,1.1648159264797844,0.24083020623514095,-0.1710802188551036,2.860209782515959,0.0,12
2023112700,1990,0.5299,1,66.4899978637695,31.7999992370605,9,1.6643311842962178,0.26249005981048723,0.3549420727280914,6.845100437539244,0.0,12
2023112700,2015,0.0,0,64.6999969482422,6.71999979019165,13,6.37251692822491,0.501195984790878,0.05589479065083178,10.552350449070572,0.0,12
2023112700,2045,0.7784,1,54.7700004577637,45.2599983215332,13,1.2514375169251095,0.630715579589575,-0.5159166322993657,2.6022490272839067,0.0,12
2023112700,2466,0.0,0,64.6699981689453,36.939998626709,9,4.390920595518959,0.33120896341529654,-0.31007934397856013,8.500288230407248,0.0,12
2023112700,2491,0.0,0,57.8499984741211,44.9300003051758,8,4.597434503733129,0.7379009313086999,-0.2094205361126149,7.026635041042047,0.0,12
2023112700,2516,0.0,0,61.7400016784668,12.75,12,15.232019912514467,0.45486353913697597,-0.6104052749451109,9.876563167418112,0.0,12
2023112700,2541,0.3796,1,44.1800003051758,28.4400005340576,8,1.8611824362581006,1.6703594611252308,-0.23817387947335417,0.7242237223399959,0.0,12
2023112700,2641,0.0,0,70.5899963378906,8.60999965667725,12,4.647248915795802,1.3207602819916746,-0.48189753011206793,5.407587262356479,0.0,12
2023112700,2666,0.0,0,71.0400009155273,28.2700004577637,6,9.618283664714228,0.6894193954222085,-0.0030797130297400077,8.62407096445756,0.0,12
2023112700,2799,0.0212,1,39.1199989318848,4.11999988555908,11,2.940086072323708,0.528394778717971,-0.014335257088129457,5.416982554891607,0.0,12
2023112700,2854,0.5688,2,44.5200004577637,23.1200008392334,6,2.0611884912646357,0.5147822762411923,0.5011478645739924,3.826604238747456,0.0274,12
2023112700,2950,0.0,0,34.2000007629395,17.6900005340576,10,5.625734757377444,0.7922756794570537,0.24556566781616473,5.478193132776533,0.0,12
2023112700,3132,0.0,0,44.6599998474121,14.8999996185303,10,3.9785427849465624,0.796492718123995,0.6271213343628239,3.2693118541980675,0.0,12
2023112700,3183,0.0,0,72.2099990844727,21.9699993133545,11,3.156358705729916,0.7106327954950137,0.4883281847368596,3.208878308692935,0.0,12
2023112700,3310,0.0,0,91.5800018310547,12.0600004196167,13,3.0142478280452574,0.7616411614153068,-0.2399378688220347,3.737512541784978,0.0,12
2023112700,3338,0.512,1,109.629997253418,27.7800006866455,13,1.4641394864349309,0.22671316718815884,0.6489200160607697,4.000812417497219,0.0,12
2023112700,3439,0.2533,1,70.8399963378906,17.2800006866455,8,2.3407654610702315,0.608767005647258,-0.12303238344501019,5.021434058115267,0.0,12
2023112700,3675,0.0,0,77.5500030517578,14.2299995422363,7,3.362694325785711,1.173885434337173,-0.4558718671626426,4.205258612737151,0.0,12
2023112700,3809,0.0,0,36.5400009155273,31.5699996948242,14,4.597096732761084,0.22360775310129022,-0.37638838464906105,4.168081093261026,0.0,12
2023112700,3988,0.0,0,55.4700012207031,25.3899993896484,11,6.298802807604291,0.5292433840608569,-0.06864329781152081,8.819716548733295,0.0,12
