game_id,play_id,crp,n_defenders_in_radius,ball_land_x,ball_land_y,num_frames_output,min_def_dist_arrival,rec_dist_to_ball,rec_closing_v,sep_at_throw,crp_at_release,week
2023120700,82,0.0,0,35.0099983215332,8.84000015258789,9,4.903061263478237,0.42202039957116855,-0.5729242278150793,3.521647341799001,0.0,14
2023120700,107,0.8892,1,75.9100036621094,44.2599983215332,24,0.3324139201333856,0.960256513665832,-0.6617386452970617,2.6768638366566253,0.0,14
2023120700,236,0.0,0,97.7699966430664,10.5799999237061,10,5.268416470616186,0.5261211638160881,-0.33483996538637084,4.75184174820668,0.0,14
2023120700,416,0.5104,1,45.6399993896484,50.4700012207031,11,1.7646527328570443,0.6428832149985132,-0.21167506745112302,4.774358595664974,0.0,14
2023120700,542,1.1262,2,67.2200012207031,50.6199989318848,26,1.024744431804984,3.413166412454713,0.738901208370905,0.9180958555619368,0.0,14
2023120700,674,0.8691,1,84.620002746582,37.4000015258789,7,0.9558775795212109,0.3891013566315628,0.14485260550796564,2.419132075766021,0.3644,14
2023120700,769,0.0,0,40.6300010681152,9.5,11,6.549540978807802,0.6236978402823401,0.2285686846652403,5.080836545294484,0.0,14
2023120700,794,0.7692,1,64.3300018310547,31.2700004577637,10,1.4115594245935625,0.46615561013467943,0.7254412415306216,1.5980300372646312,0.0,14
2023120700,842,0.5377,1,72.9700012207031,40.9900016784668,8,1.3868310220851867,1.4928175708810079,-0.5004067500045024,4.3809245599530655,0.1951,14
2023120700,865,0.7784,1,83.6399993896484,13.3999996185303,16,0.6649055069643045,0.6933974483388893,-0.45405252072334534,2.536631624812715,0.0,14
2023120700,943,0.0,0,92.1800003051758,8.44999980926514,10,9.571060861285824,0.6760181106986493,0.18351561165150346,6.278359658382115,0.0,14
2023120700,1094,0.4977,1,2.51999998092651,28.4300003051758,13,1.5400323881731846,0.5966570634265095,0.3882784356302068,1.195073219514182,0.0,14
2023120700,1180,0.0,0,34.3499984741211,22.6200008392334,7,3.1468242622237246,0.23194989170363792,-0.26195661653712443,5.697016763184048,0.0,14
2023120700,1205,0.4961,1,47.7700004577637,43.4500007629395,12,1.511687053527743,2.8727156956685,-0.6298635241355047,2.15564375535477,0.0,14
2023120700,1277,0.1862,1,81.2399978637695,29.1000003814697,5,2.5899021651603285,0.15000158692136056,0.0562447459904823,5.462023434589055,0.0,14
2023120700,1312,0.0,0,86.6600036621094,7.90999984741211,10,6.8039509566588805,0.31780361289004677,0.5259567123507893,13.853634902075338,0.0,14
2023120700,1412,0.5427,1,64.5100021362305,-0.349999994039536,24,1.8650741315763346,0.9585919775189038,-0.019484816546286164,1.193398508462283,0.0,14
2023120700,1483,0.4666,1,63.0400009155273,36.0699996948242,7,1.673589809464247,0.3634560651306274,-0.6757783412062791,1.9343732835210474,0.3268,14
2023120700,1508,0.0,0,53.4799995422363,32.9300003051758,9,4.904172061023804,0.6573426311422789,0.008128470937428044,2.692953768633985,0.0,14
2023120700,1533,0.7728,1,13.1999998092651,5.01000022888184,17,1.3086253823719465,0.6063829841663044,-0.27854549851150473,1.7048753620133066,0.0,14
2023120700,1637,0.0,0,58.439998626709,14.9899997711182,11,11.811622724817887,0.75769505070173,-0.21080087874352219,9.970180539990228,0.0,14
2023120700,1789,1.0174,1,108.839996337891,43.75,19,1.0733558011188058,0.028281681863906533,0.46063742000687935,1.2747548783981937,0.0,14
2023120700,1893,0.0,0,90.370002746582,9.26000022888184,9,3.440728549325237,1.0095565154649337,0.11004275434581491,2.2495555116511325,0.0,14
2023120700,1930,0.0,0,75.9100036621094,44.060001373291,10,3.670221624103247,1.079355054367812,0.30127170074763854,3.2256007192459504,0.0,14
2023120700,1955,0.0,0,71.6800003051758,49.5099983215332,11,3.762472158538511,0.6381238283175034,-0.6058077590248299,5.75726497566335,0.0,14
2023120700,1985,0.7445,1,68.3399963378906,41.2900009155273,9,0.8709153544987625,0.9300523345408319,-0.024818134072432222,2.8208154849263067,0.0,14
2023120700,2217,0.3694,1,26.2600002288818,10.7299995422363,9,2.0355341333589223,0.6300795961993242,0.18531935852380232,6.119517954871933,0.0,14
2023120700,2264,0.0,0,36.6599998474121,27.6200008392334,6,4.131464925880119,1.5570803370494857,-0.23629682218766312,3.8322056312259645,0.0,14
2023120700,2333,0.0,0,42.9700012207031,13.5299997329712,10,12.195022362676509,0.64536697830283,-0.23519642139900543,11.41034618230315,0.0,14
2023120700,2432,0.8948,1,68.0100021362305,14.5100002288818,8,1.1200433756760313,0.7962400503479349,0.06267574656836335,3.880115977648084,0.4312,14
2023120700,2569,0.0,0,85.1699981689453,4.6399998664856,9,8.272555257013986,0.30886813170791394,0.05805210838504219,9.706492672433233,0.0,14
2023120700,2655,0.0,0,38.5699996948242,6.40999984741211,10,3.080016569613224,2.5102391394266768,-0.27885791937529325,4.00316125081166,0.0,14
2023120700,2709,0.0,0,41.5099983215332,34.4099998474121,8,4.017823954484123,1.4052049306843508,0.6673501091559231,3.8773444520702545,0.0,14
2023120700,2820,1.0179,1,63.9000015258789,18.0400009155273,8,0.8302399768697557,0.5846360859804631,0.6210167336815792,2.408588798446089,0.7065,14
2023120700,2934,0.0,0,22.9200000762939,33.9900016784668,6,8.4009653504027,1.8515114337308718,-0.4589244250220057,8.83830866172935,0.0,14
2023120700,2959,0.0,0,16.1499996185303,45.0400009155273,8,6.609705436826173,0.8077741373724796,-0.06528452364524867,8.460023640628908,0.0,14
2023120700,3011,0.5121,1,33.0200004577637,2.3199999332428,10,1.4637276841441205,2.4968777028858398,-0.1816362130168846,0.892020179143948,0.0,14
2023120700,3076,0.0,0,30.7399997711182,43.6399993896484,13,8.36588260807755,2.022374929892151,-0.400424153289804,9.908990866884476,0.0,14
2023120700,3231,0.0,0,29.3500003814697,38.9799995422363,10,9.107232908551916,1.8258427753260695,-0.6259623849226854,10.103667650907763,0.0,14
2023120700,3322,0.0814,1,47.9300003051758,44.8499984741211,9,2.7868966446061862,0.7885429911111483,-0.2809088400171343,2.0308865059377377,0.0,14
2023120700,3370,0.0,0,91.9499969482422,9.39000034332275,8,5.64057314571396,1.4909381063887925,-0.6488805831543392,5.933177900585832,0.0,14
2023120700,3425,0.6988,1,81.25,30.8299999237061,9,1.139517493280651,0.7116882057711988,0.2786194892153684,0.9466784036831123,0.2402,14
2023120700,3479,0.0,0,74.9400024414062,47.7599983215332,11,3.775727716296029,0.9546232604890271,-0.26473461155380057,3.4819103951710124,0.0,14
2023120700,3529,0.0,0,57.5099983215332,53.6199989318848,23,5.460037101647883,3.686001245508322,0.3434732520242774,1.0678014796768194,0.0,14
2023120700,3693,0.0,0,68.4499969482422,26.5,11,3.160063309821439,0.2596121609832881,-0.32008079607516854,4.852349946160114,0.0,14
2023120700,3716,0.0,0,84.5,33.1699981689453,6,13.369353780486776,1.5795264623355445,-0.44769344426509383,14.526943931880519,0.0,14
2023120700,3741,0.0,0,51.6500015258789,54.8800010681152,17,4.942317188145215,4.952130287539792,0.4235269646542322,3.7914772846477702,0.0,14
2023120700,3764,0.0,0,66.120002746582,47.5099983215332,10,5.91000274658224,0.5748935501503699,-0.3324844702679691,8.537405929203558,0.0,14
2023120700,3794,0.0,0,53.5699996948242,36.8699989318848,8,3.3533575808166236,2.2282736681207065,0.07537691342570847,1.454372717015828,0.0,14
2023120700,3817,0.7164,1,28.4300003051758,5.98000001907349,28,1.5559560155217114,1.5069503685588412,0.2655286669962075,1.8617196351760372,0.0,14
2023120700,4016,0.0,0,81.120002746582,38.7200012207031,12,7.5480139805963935,1.6536652609204092,-0.5470362079484684,8.182328519437483,0.0,14
2023120700,4046,0.0,0,58.9799995422363,17.4099998474121,12,5.3828056297579545,1.8804250293526061,-0.5543401877939386,6.153893076744186,0.0,14
2023121000,77,0.0,0,77.1500015258789,27.6299991607666,6,8.424276030543922,3.1067202534240557,0.07888091659776167,3.5246560115846735,0.0,14
2023121000,124,0.142,1,69.9300003051758,31.2600002288818,7,2.6189505113119074,1.845454128376431,-0.17334177569068604,1.6425894191793546,0.0,14
2023121000,149,0.0,0,63.6599998474121,23.3199996948242,7,7.652874996115943,0.7910118730621595,-0.1540954679773125,5.236458727040633,0.0,14
2023121000,196,0.0,0,52.8800010681152,16.4599990844727,7,4.454256225561272,3.798539125013063,0.29813732536442034,1.4449913494550748,0.0,14
2023121000,311,0.0,0,39.5299987792969,8.72999954223633,9,6.723631273261545,1.6530282925625794,-0.6333874251424585,6.123267101801134,0.0,14
2023121000,395,0.0,0,66.0,8.03999996185303,15,3.689512196994343,0.7905694164896777,-0.33121170326009125,1.8298087331740454,0.0,14
2023121000,540,0.0,0,97.8899993896484,43.7799987792969,8,3.352611905932287,2.295322692391828,-0.6488209941936535,4.456007181322752,0.0,14
2023121000,565,0.0,0,99.4199981689453,11.6099996566772,8,3.424676755702056,2.513365465342273,-0.5842049508961874,2.5697081546354648,0.0,14
2023121000,641,0.0,0,109.150001525879,5.15999984741211,13,7.402498769196487,4.612906142137984,0.7177136334708193,3.233032632065443,0.0,14
2023121000,707,0.3216,1,82.0699996948242,16.3400001525879,7,2.234323198563669,2.156038001212179,0.17401956187957204,0.7200694410957857,0.0199,14
2023121000,752,0.2169,1,68.4899978637695,28.5799999237061,12,2.5342862266872,2.125133929532249,-0.0003715204643405962,2.6327362192213593,0.0,14
2023121000,972,0.0,0,77.9700012207031,38.2700004577637,7,4.537665870009953,1.5508074767545017,-0.05150189315503309,3.9331412382471105,0.0,14
2023121000,1028,0.0,0,55.2799987792969,6.82999992370605,14,3.9359999535647976,2.983319164249851,-0.6742558630647912,2.3530830839560237,0.0,14
2023121000,1083,0.0,0,21.2099990844727,45.6800003051758,20,7.359652958441912,1.7181668275564552,-0.7333654978717352,3.5537304343464178,0.0,14
2023121000,1176,0.0,0,38.8499984741211,29.1900005340576,6,3.2075065554454256,0.9596357449272551,-0.031644000893370515,2.96892236341741,0.0,14
2023121000,1245,0.0,0,51.5699996948242,41.7400016784668,8,3.4656174754417197,2.654523785371418,-0.44032129320872665,1.9080094339389428,0.0,14
2023121000,1322,0.0,0,62.8800010681152,30.6200008392334,6,9.66975054840285,1.753680493805802,-0.4140468424515678,9.390021299230371,0.0,14
2023121000,1369,0.0,0,58.0999984741211,10.5200004577637,9,10.378500280655382,1.5182213616294087,-0.28071002788242616,5.846545988872403,0.0,14
2023121000,1428,0.0226,1,42.0099983215332,45.3199996948242,9,2.934295805329093,2.4183042205950276,-0.4874674456716691,4.451123453691217,0.0,14
2023121000,1523,1.2527,1,95.8000030517578,42.5400009155273,29,0.8770997267553028,0.9700506610081451,0.07490653175190697,0.8736704184073053,0.0,14
2023121000,1724,0.3629,1,51.7799987792969,6.6100001335144,7,1.9502832314624863,1.928446194943685,-0.1875795444546926,0.8345058418010037,0.1836,14
2023121000,1813,0.0,0,54.9099998474121,22.2600002288818,10,3.673608306197873,4.272575260077608,-0.18658073724721627,1.3024976007655462,0.0,14
2023121000,1838,0.0,0,45.5800018310547,4.23000001907349,12,4.0990992489371525,1.6229001528392162,-0.5470529199039423,5.58931122769166,0.0,14
2023121000,1875,0.2621,1,42.4199981689453,28.3500003814697,5,2.3309422581032373,2.0554788478030455,0.1410094395603656,1.1661903789690655,0.0788,14
2023121000,2024,0.3311,1,49.2099990844727,45.6699981689453,10,2.006614565422112,0.891404404716658,-0.49039736276954904,3.7040113390755165,0.0,14
2023121000,2132,0.0,0,55.9599990844727,16.9400005340576,8,10.744417822444463,2.9397288927953236,-0.09118005854601685,7.496265737018669,0.0,14
2023121000,2193,0.0,0,96.0299987792969,22.7000007629395,7,9.344945158983817,2.740527863159253,-0.13806221120450163,6.716918936536301,0.0,14
2023121000,2294,0.6835,2,79.6399993896484,49.560001373291,21,2.0883710888953395,1.33734753119442,-0.6466973672529311,0.585491246732176,0.0,14
2023121000,2324,0.0,0,66.7200012207031,22.2999992370605,9,4.035404364498288,2.995461797759739,-0.1969665685402448,2.8532963393240443,0.0,14
2023121000,2347,0.0,0,94.9899978637695,26.7299995422363,22,3.26805534237561,1.0423509450076855,0.792750161062791,2.2921823662178284,0.0,14
2023121000,2449,0.9548,1,92.129997253418,15.5900001525879,8,1.377677796898873,0.5887263189262361,0.7751644699305877,1.4806079832285124,0.6471,14
2023121000,2534,0.4898,1,40.2200012207031,16.2600002288818,8,1.5882370072121563,1.7426978718352744,-0.1872777831740496,0.7920858539325173,0.1842,14
2023121000,2557,0.8686,1,39.1699981689453,19.4400005340576,8,1.100183643618779,0.3687834498914072,-0.14147746191435362,4.890092023673993,0.3428,14
2023121000,2582,0.4361,2,50.3800010681152,17.6800003051758,8,2.272707445603574,4.200772912614505,-0.5307306529212035,1.3290974381135485,0.0,14
2023121000,2746,0.0,0,45.5499992370605,24.9200000762939,8,6.132813054712336,1.118301619541268,0.06338368551597116,4.485365091048893,0.0,14
2023121000,2793,0.0,0,33.25,16.1800003051758,11,5.720532975341773,6.5217326772137065,0.43769248936960725,2.21822000712283,0.0,14
2023121000,2895,0.0,0,29.2900009155273,18.2999992370605,9,17.292887945760878,1.5915390118979074,-0.3630879466152786,17.310046215998387,0.0,14
2023121000,2920,0.0,0,43.3199996948242,22.3299999237061,7,5.039543848285407,2.4266852802918613,-0.2686362583058984,5.421890814097977,0.0,14
2023121000,3022,0.5172,1,99.870002746582,31.3199996948242,29,1.448444920594502,1.9104946179108515,-0.7769814998911184,1.6208639671483864,0.0,14
2023121000,3045,0.5357,1,62.4000015258789,45.1399993896484,11,1.3929095985242426,1.2614282995807793,-0.577344449716876,2.271079038695039,0.0,14
2023121000,3158,1.0024,1,48.4300003051758,21.6299991607666,10,0.5824938768063719,0.8947073192584377,0.3600496264272284,0.988989383158387,0.0,14
2023121000,3379,0.0,0,57.9799995422363,45.7700004577637,12,3.7771949540885412,1.750684934146562,-0.32493164770710803,8.195370644455313,0.0,14
2023121000,3578,0.0,0,69.9000015258789,17.8400001525879,7,9.706048503290097,1.7406308006320101,-0.48028440916300946,5.999816663865649,0.0,14
2023121000,3630,0.5128,1,110.690002441406,3.38000011444092,23,2.124078167399529,1.4673127408770703,0.635482853259399,0.9363759928575667,0.0,14
2023121000,3675,0.2278,1,112.099998474121,4.30000019073486,14,2.419939059286811,2.4209930623909046,-0.6570223282164036,3.1666543859410976,0.0,14
2023121000,3769,0.7086,1,47.0900001525879,45.6399993896484,26,0.8741859197786959,0.9269847020408789,0.20012776139032287,0.9002221947941434,0.0,14
2023121000,4119,0.0,0,86.6900024414062,49.6800003051758,19,3.3816262236909584,1.229838124612432,0.2535575121936091,2.410331927349423,0.0,14
2023121000,4142,0.0,0,76.3499984741211,2.42000007629395,15,6.61273002711908,5.679506725061333,0.1718778145902626,2.793223943761041,0.0,14
2023121000,4165,0.7854,1,79.3099975585938,11.5100002288818,16,1.0517125207895406,0.7106358359432398,-0.503307281381485,0.9507891459203792,0.0,14
2023121000,4291,0.0,0,79.6699981689453,30.6700000762939,7,7.559925919528326,0.17804386688008983,-0.0550736900674173,10.762899237658972,0.0,14
2023121000,4316,0.2816,1,58.9799995422363,19.0200004577637,13,2.1606713254872165,0.6618914302990829,0.040382572536626755,2.1050890717496977,0.0,14
2023121000,4348,0.0,0,45.8600006103516,12.4399995803833,12,3.3869312792628063,1.8370906379033178,-0.6319935596240901,5.393153066620678,0.0,14
2023121000,4378,0.0,0,46.2099990844727,21.0,10,5.294392671129019,0.8273443328025127,-0.4785017033111484,5.0006899523965735,0.0,14
2023121000,4426,0.3264,1,15.210000038147,30.5400009155273,16,2.0208909035995593,0.37161767907715404,0.7040126912989843,9.601338448362295,0.0,14
2023121001,84,0.0,0,24.1000003814697,44.3499984741211,10,14.92658248557903,0.8464648029665177,-0.5849666536168471,11.570622282314806,0.0,14
2023121001,114,0.0,0,32.9099998474121,15.5299997329712,7,5.571086281982874,1.5206905447760641,-0.4978056681288292,4.018519627922702,0.0,14
2023121001,435,0.7015,1,16.4500007629395,14.9700002670288,8,0.8955451183277675,1.0901830330560567,-0.23020836814203896,1.8740864441108374,0.061,14
2023121001,481,0.0,0,2.14000010490417,-1.42999994754791,26,3.051638797366775,3.864194504842767,0.4032924345122256,2.2779815626997504,0.0,14
2023121001,547,0.0,0,67.2600021362305,0.930000007152557,19,5.082134719628482,3.0776120726966267,0.637102213414243,2.161712284278367,0.0,14
2023121001,570,0.0,0,52.310001373291,48.5999984741211,20,8.632554216830773,0.7247048454656145,-0.009796356402326864,4.800937408465144,0.0,14
2023121001,595,0.73,1,106.0,26.4200000762939,31,1.5570805830196004,2.7821034935706574,0.8664712470213539,2.051194773784298,0.0,14
2023121001,690,0.0,0,93.4899978637695,30.8400001525879,8,4.285849741628521,1.051188058742766,-0.108473393486376,2.3193102422918765,0.0,14
2023121001,745,0.0,0,82.5800018310547,35.1100006103516,8,5.49516338740723,0.9900522175918218,0.529326105275192,4.346734406425133,0.0,14
2023121001,872,0.0,0,80.2900009155273,48.1500015258789,22,9.70824569679198,1.2980737306330081,-0.5508543554046103,15.196976673009663,0.0,14
2023121001,996,0.4535,1,60.0499992370605,4.48999977111816,18,1.9202345776312153,0.5714023912705409,-0.02740993253921801,0.898443097808647,0.0,14
2023121001,1032,0.0,0,78.1500015258789,8.31999969482422,9,13.577647057855346,1.7640000248437955,-0.7006342953012468,11.164949619232507,0.0,14
2023121001,1138,0.4829,1,115.650001525879,47.2299995422363,23,1.6786889764604447,0.35692995947965966,-0.6751042144535189,2.9523719277895837,0.0,14
2023121001,1251,0.7304,1,62.8199996948242,21.1299991607666,8,1.471767046490908,1.1136418104449068,0.33929148733780706,0.5166236541235801,0.3963,14
2023121001,1279,0.5684,1,63.5,4.5,13,1.2946814279968621,0.09219544457292943,0.22991040614662087,1.255906047441454,0.0,14
2023121001,1304,0.0,0,14.1599998474121,10.3400001525879,29,4.6273102522846346,0.8980532789163962,-0.7350385349312106,1.834393632784413,0.0,14
2023121001,1390,0.8501,1,42.2400016784668,19.9699993133545,8,1.1314574270037505,0.48764884828557187,0.13515111059826732,5.107886059809877,0.3747,14
2023121001,1533,0.0,0,61.7200012207031,35.4700012207031,11,6.504961322080271,0.6499993427002935,-0.14483118656349078,4.909786146055646,0.0,14
2023121001,1563,0.6378,1,102.470001220703,52.7400016784668,20,1.0867367435964075,0.09219592455905616,0.46975930294627977,4.320300915445599,0.0,14
2023121001,1758,0.5613,1,49.439998626709,15.8400001525879,25,1.316091576124215,2.310885935076335,-0.8966074131680318,3.3186895003901764,0.0,14
2023121001,1870,0.0,0,55.0900001525879,24.8799991607666,7,9.654687768282086,2.1535547215100674,-0.2890021235001358,10.57563236879951,0.0,14
2023121001,1895,0.0,0,68.2900009155273,47.9700012207031,11,14.397517646027667,1.0012984337694748,-0.02425334849633935,10.265914474609644,0.0,14
2023121001,2020,0.5077,1,79.4499969482422,31.3500003814697,7,1.4767842813590453,6.677556715724785,-0.16872680504481455,2.7886197302608324,0.4232,14
2023121001,2043,0.0,0,84.2600021362305,16.3600006103516,7,5.658842367131259,1.0744785310905505,0.16205005494169136,1.6959363195591997,0.0,14
2023121001,2073,0.0,0,70.8399963378906,40.7200012207031,10,3.9980960190268573,1.0920126268332782,-0.41173500616299213,8.234591671722411,0.0,14
2023121001,2125,0.1561,1,52.3800010681152,2.40000009536743,6,2.6296777027332525,0.7600010681152074,0.06709165884898087,2.8300706704957013,0.0,14
2023121001,2160,0.0,0,38.5999984741211,2.44000005722046,14,4.462565225760562,0.7696738446580995,-0.3750869805177524,3.827531841800924,0.0,14
2023121001,2185,0.0,0,31.8299999237061,8.59000015258789,12,5.249476115654883,0.5872819224678979,0.33166557478846964,5.344314736240744,0.0,14
2023121001,2213,0.0,0,28.1200008392334,19.1599998474121,9,5.181196173927912,1.3960658272470705,0.16012481900383063,3.056550343115586,0.0,14
2023121001,2293,0.0831,1,23.9500007629395,14.8800001144409,9,2.7700729649709697,0.5603575586779423,-0.4837723439503442,4.650010752675739,0.0,14
2023121001,2419,0.0,0,89.879997253418,37.1500015258789,8,10.309880771484567,1.0480927706173764,-0.5687935584248134,12.782914378184653,0.0,14
2023121001,2447,0.3276,1,71.879997253418,49.9700012207031,17,2.017348796564747,1.6400277335478262,-0.43515244559686733,1.3407833531186109,0.0,14
2023121001,2881,0.0,0,80.1500015258789,34.0299987792969,8,12.61975224634132,0.46861494148469734,-0.4756478951287752,13.046137359387263,0.0,14
2023121001,2955,0.0,0,25.4899997711182,47.0299987792969,9,4.959031870095653,0.434625242316729,0.5323384622490784,7.814633708626396,0.0,14
2023121001,3075,0.1017,1,78.1100006103516,20.0599994659424,8,2.7225912146444284,1.8031363527151143,-0.21084365358482998,3.9580424454520333,0.0,14
2023121001,3100,0.2833,1,60.1599998474121,48.7400016784668,24,2.155645180970899,0.9534140891007434,-0.6226978637706541,2.247353999707209,0.0,14
2023121001,3314,0.1357,1,54.8400001525879,20.9899997711182,7,2.5927786540672337,0.5842087426952528,-0.07958787724756854,4.380433768475442,0.0,14
2023121001,3359,0.0,0,47.2099990844727,18.7999992370605,10,9.29841461975742,0.9381367450267935,-0.44238232013784134,6.262467564786263,0.0,14
2023121001,3382,0.0,0,64.5100021362305,11.8800001144409,10,12.608823518619293,0.3981225652992257,-0.3200650143624553,8.614522621712709,0.0,14
2023121001,3433,0.0,0,33.5099983215332,49.5,15,4.607926490157923,0.3052881799309501,0.05899049017814591,7.129859746166119,0.0,14
2023121001,3480,0.0,0,27.9899997711182,18.2000007629395,10,3.306508581192322,0.78638400004891,-0.22975450566060537,5.362387527958045,0.0,14
2023121001,3568,0.0,0,52.5400009155273,23.0499992370605,15,6.454247294773465,0.7242227173410806,0.031011048256504647,4.783053418058386,0.0,14
2023121001,3613,0.0,0,53.5900001525879,28.5699996948242,12,5.4061542342155136,0.2906889683047275,0.09901011908536869,2.4907027120874923,0.0,14
2023121001,3713,0.5611,1,72.4800033569336,38.5099983215332,10,1.47648605746717,1.2653100145804062,-0.05698112519793646,2.0270421801235425,0.0,14
2023121001,3820,0.3451,1,59.1800003051758,23.5499992370605,11,2.2041105889133754,0.6500000117380488,-0.6323912262891854,4.74203542795707,0.0,14
2023121001,3845,0.716,2,87.7699966430664,4.84999990463257,20,2.015363691276774,0.8373747647220467,0.8531758071894219,1.3423859355639849,0.0,14
2023121001,3892,0.0,0,94.1800003051758,45.9900016784668,11,5.341348283266791,1.1779628665180684,-0.7323839876432569,3.7232512673737124,0.0,14
2023121001,3944,0.4582,1,116.440002441406,10.8400001525879,13,1.625329271029173,0.8558596959188021,-0.20925182422458113,1.331240023436792,0.0,14
2023121001,4058,0.0,0,82.6800003051758,43.0200004577637,10,6.897572577918419,1.189663743668079,0.5224004484622511,9.666074694517933,0.0,14
2023121001,4081,0.0,0,81.3600006103516,8.10000038146973,10,5.7087740217672645,0.5315079279660837,-0.29538694580570446,2.3765521244020626,0.0,14
2023121001,4145,0.4108,1,60.8899993896484,16.0900001525879,8,1.8970760695147812,0.5724503461472189,-0.13544578758598608,4.566103371585011,0.0,14
2023121001,4170,0.0,0,53.4599990844727,8.55000019073486,11,6.681750382701284,1.6807432258650528,-0.3985494120000874,4.086477700905762,0.0,14
2023121001,4218,1.1747,1,36.4900016784668,23.0499992370605,10,0.9052074283194619,0.7400013403001086,-0.34423592675578724,1.4534441853748634,0.8823,14
2023121001,4266,0.0,0,34.2299995422363,14.9799995422363,7,4.03385655194145,1.7098824078020742,-0.36266078658946577,2.794584047760954,0.0,14
2023121001,4296,0.0,0,24.5300006866455,35.0900001525879,8,5.777413249270366,0.3330170842741597,-0.3394559255792792,5.0671984370063905,0.0,14
2023121001,4388,0.3543,1,10.6899995803833,13.8299999237061,16,2.2992389124596393,0.2236063712538668,-0.3726705612560858,2.380777184030458,0.0,14
2023121001,4466,0.0,0,48.2999992370605,45.0099983215332,15,4.411179479877273,1.5286938416353069,-0.43231551718521727,1.3380956617521795,0.0,14
2023121001,4496,0.7522,1,82.7099990844727,45.939998626709,24,0.743304890773112,0.49497636526963273,-0.5995488591013327,1.9813379318026525,0.0,14
2023121001,4521,0.0,0,84.5999984741211,23.0100002288818,6,12.574375745928041,1.4342255414508063,-0.4153673924467369,13.45867749817939,0.0,14
2023121001,4590,0.0,0,116.959999084473,54.4199981689453,22,4.019077731188163,4.212835893682128,0.7531233044491973,2.1470444802099538,0.0,14
2023121001,4750,0.3144,1,34.9900016784668,32.9500007629395,31,2.4331243145505717,3.563956633230572,0.5484436900918778,2.563630238548455,0.0,14
2023121001,4773,0.0,0,69.6600036621094,57.1800003051758,16,6.73490066874307,4.845088709915138,0.6394320153751629,3.5275487239724987,0.0,14
2023121001,4859,0.0,0,47.0699996948242,43.6699981689453,12,4.013777453751743,6.506026539713185,0.49439389099434655,8.810141883079979,0.0,14
2023121001,4906,0.0,0,38.2700004577637,27.4200000762939,9,6.291620949538235,0.4263803429318009,0.2526383991202605,8.438400322335982,0.0,14
2023121002,84,0.0,0,43.5800018310547,36.3899993896484,6,3.596107243213295,0.2501992370228815,0.38295884142406245,6.514368733806832,0.0,14
2023121002,131,0.0,0,62.6599998474121,49.189998626709,9,6.68808619177201,0.7083072761094781,0.07254289659649676,7.807310676539006,0.0,14
2023121002,344,0.6533,1,65.6900024414062,32.3199996948242,8,1.611364965489862,1.0031942027367293,0.41968418798343454,0.7481310045707255,0.0,14
2023121002,369,0.0,0,66.0899963378906,43.060001373291,7,4.706440532501918,0.4210711743318145,0.5178835561758602,6.329233760890804,0.0,14
2023121002,428,0.0,0,70.2600021362305,51.2599983215332,12,5.125308366533492,1.014150006159234,0.07785396266164614,4.251305681787654,0.0,14
2023121002,658,0.4576,1,54.4900016784668,6.07999992370605,10,1.641036139426465,0.8004982255198613,-0.10622624442897667,1.6376812876747389,0.0,14
2023121002,938,1.3001,2,75.1600036621094,27.7600002288818,6,0.9701543248761431,0.4401125035959866,-0.21074583055969823,3.223042041301971,0.7853,14
2023121002,1009,0.9031,1,93.120002746582,10.1199998855591,14,0.29068668360269806,1.6479360431209527,-0.7626878817807452,6.569330255056448,0.0,14
2023121002,1063,0.0,0,81.7099990844727,14.3699998855591,11,5.6101699600721915,1.04890357583343,0.1155408814947625,3.794153397004393,0.0,14
2023121002,1328,0.3488,2,85.870002746582,28.9200000762939,9,2.2900872343031424,0.4527715839651539,0.4858390115725677,1.7748521065147909,0.0,14
2023121002,1592,0.0,0,65.629997253418,14.0200004577637,7,3.1479701314488366,0.9138912700237904,0.5459411053176313,5.228508391501348,0.0,14
2023121002,1617,1.107,2,74.1900024414062,24.2000007629395,8,1.2141228292028234,0.6403102504282638,-0.1522083825771521,1.357718674836579,0.1642,14
2023121002,1798,0.0,0,100.949996948242,13.2700004577637,7,4.456690740376286,1.281601204727448,0.010933417507937195,4.689658836205467,0.0,14
2023121002,1823,0.2848,1,113.449996948242,18.8400001525879,10,2.2209222324865863,0.5162394185032282,-0.3970542349974943,0.9840731680113995,0.0,14
2023121002,1896,0.7541,1,55.75,0.620000004768372,19,1.4057738038201106,0.409999995231628,0.5560427679936751,5.0149576269396325,0.0,14
2023121002,1985,1.075,1,45.4300003051758,10.8400001525879,10,1.3224218865385546,1.1844404819876624,0.5501078147357505,2.288449256592769,0.5967,14
2023121002,2032,0.7356,1,70.6800003051758,46.2400016784668,25,0.7930934996564022,1.981159908521457,-0.7188844687398985,0.954620343382643,0.0,14
2023121002,2165,0.0,0,54.8600006103516,31.6700000762939,7,4.622435031102217,0.4210706687933613,-0.2527982918523561,6.511113576032905,0.0,14
2023121002,2190,0.5674,1,41.5200004577637,-0.0199999995529652,8,1.6313493786663955,0.8381525937459748,0.40596679817004605,2.7635484435775663,0.0498,14
2023121002,2213,0.729,1,43.8400001525879,50.5200004577637,9,1.5241067550395406,0.6700750826999519,0.6207594253601838,1.7550498568416826,0.0,14
2023121002,2238,0.088,1,32.1800003051758,4.09000015258789,15,2.7360007917838396,0.295296182171712,0.6145662744126438,3.7264594456400615,0.0,14
2023121002,2307,0.0,0,24.4400005340576,49.9900016784668,13,12.333666201916133,0.2596160665622466,0.08185326877618383,7.295985197353405,0.0,14
2023121002,2467,0.4592,1,37.6599998474121,36.3499984741211,7,1.6222500253215226,7.410971724082077,-0.31093395807898166,2.139649504007604,0.3411,14
2023121002,2490,0.0,0,37.3300018310547,38.3600006103516,8,3.2088014983273783,4.040422552691843,0.5102321325733202,3.9067377695463454,0.0,14
2023121002,2513,0.0,0,31.3999996185303,23.0799999237061,7,10.871435228576713,0.2901722731762914,0.007815728548968386,12.46412852950418,0.0,14
2023121002,2607,0.0,0,68.3399963378906,7.23000001907349,8,4.132175009077746,0.2683314413250183,-0.04079577033528231,5.564350815683711,0.0,14
2023121002,2632,0.0,0,64.5199966430664,20.1100006103516,6,7.891596810515526,1.7215382426510812,0.20037939713187267,3.856591759572175,0.0,14
2023121002,2757,0.5079,1,34.689998626709,28.9599990844727,7,1.6508195762832878,1.989800215618133,-0.16776142303471975,0.5448853090330136,0.1129,14
2023121002,2840,0.0,0,52.25,55.8899993896484,13,10.531799177771028,3.9089890631217625,0.24181887072841682,11.041775219592182,0.0,14
2023121002,2863,0.9118,1,45.25,5.21999979019165,13,1.3179531635477746,0.44911043701008824,0.6269348039597823,1.4945902448497397,0.0,14
2023121002,2888,0.0,0,48.4799995422363,1.50999999046326,15,7.660293390130921,0.7738858865655039,0.2180240350782323,10.005298596243895,0.0,14
2023121002,3021,0.2213,1,16.3099994659424,8.05000019073486,20,2.6032484094279615,0.1802779213799793,0.31000101581668044,1.660030120208666,0.0,14
2023121002,3197,0.0,0,26.5499992370605,46.4700012207031,15,9.798944558899441,0.8653308672222956,-0.8088391213627768,9.672109387305335,0.0,14
2023121002,3242,0.0,0,104.75,46.0,12,4.346504342572313,1.807678068683694,0.6592334718883612,5.413030574456418,0.0,14
2023121002,3348,0.0,0,84.6500015258789,6.80999994277954,8,3.2305123113021352,0.60901695523708,0.1367985069418389,6.441676800337008,0.0,14
2023121002,3378,0.0,0,85.9000015258789,37.5400009155273,7,3.4802313927206274,0.014140409295427918,-0.30726820854984765,7.0004571279310035,0.0,14
2023121002,3403,0.3955,1,75.0999984741211,40.1100006103516,10,1.8681525356584376,0.3361530830832288,0.046467147998771705,3.0364452901377885,0.0,14
2023121002,3474,0.0,0,91.8899993896484,3.77999997138977,12,4.374574553135792,0.43185602458375405,0.6442853101040544,3.969584361113895,0.0,14
2023121002,3497,1.1002,1,90.6999969482422,37.1699981689453,8,0.800562950435725,0.5341335460652303,0.5011908274773318,1.0307764064044165,0.4902,14
2023121002,3544,1.1386,1,99.879997253418,43.1199989318848,8,1.1343714542424632,0.5032891661360502,0.7558843941468991,1.5045597362683905,0.7644,14
2023121002,3569,0.0,0,103.849998474121,3.23000001907349,11,3.2996977162489247,2.01248577847458,0.8410195529040065,5.253436970212929,0.0,14
2023121002,3635,0.0,0,83.4800033569336,10.4099998474121,8,3.216600830776543,0.4404546157846317,0.46364011181251785,4.8914721710339935,0.0,14
2023121002,3752,0.887,1,43.2200012207031,37.7299995422363,8,0.9000004577645307,0.7611826298421089,-0.29156279582969413,2.263183598385249,0.3621,14
2023121002,3800,0.2266,1,36.4099998474121,37.4599990844727,6,2.5059922984525005,0.300832275502896,-0.23774649692769875,3.2076471127603816,0.0,14
2023121002,3853,0.4106,1,27.6399993896484,35.2700004577637,10,1.7681626847622647,0.14142081675864038,0.10864085334879639,5.210470228299938,0.0,14
2023121002,3896,0.0,0,29.5900001525879,31.3299999237061,12,3.616808152860698,1.1739252098214823,-0.37983880872508397,3.390014749230448,0.0,14
2023121002,3948,0.0,0,81.9899978637695,27.6499996185303,16,3.949937483281317,10.303419811470627,-0.05248844702963643,5.72458732137086,0.0,14
2023121002,4052,0.6502,1,65.5699996948242,16.0799999237061,12,1.0973150743129656,0.42426390686807536,-0.5572281342498019,2.9324563082849155,0.0,14
2023121002,4104,0.0,0,63.0800018310547,12.9700002670288,9,5.2349036161047895,2.299846659649589,0.6203578977303412,8.711061932967754,0.0,14
2023121003,76,0.0,0,85.9499969482422,33.4199981689453,8,4.1318891321411035,0.4110976993027959,0.3418254160918726,4.257346591481601,0.0,14
2023121003,101,0.0,0,80.370002746582,51.6800003051758,14,5.003400624581865,5.813027654247069,0.47535124342439355,14.239315292527229,0.0,14
2023121003,172,0.0,0,30.9799995422363,10.1899995803833,8,7.420674275919294,1.422709302739587,0.3302167160799133,7.7314746329532715,0.0,14
2023121003,239,0.5373,1,84.0400009155273,47.8499984741211,11,1.441562231144681,0.5578525239521389,0.17265109017001137,4.5818991695583975,0.0,14
2023121003,271,0.2931,1,73.1100006103516,35.0699996948242,9,2.1208493902752994,0.5651550026341685,0.2208761080167424,4.4762595992636625,0.0,14
2023121003,318,0.1524,1,65.8499984741211,29.2700004577637,9,2.6248796359128397,1.3621296409725656,-0.14692365723680686,3.112764045024933,0.0,14
2023121003,343,0.6139,1,63.8899993896484,14.3999996185303,9,1.1583170297332663,1.2803508087082514,-0.36497376792172526,1.613753388842297,0.6756,14
2023121003,386,0.0,0,26.0699996948242,24.5900001525879,12,5.938089256841561,1.7232530783013833,-0.060029098606662584,6.503575939435164,0.0,14
2023121003,440,0.0,0,51.2900009155273,36.4799995422363,10,3.810145305756403,2.207713040432959,-0.5798012315301069,2.272663635472704,0.0,14
2023121003,529,0.0,0,80.3899993896484,36.4799995422363,9,4.6575631930722325,0.6324555609856505,-0.3604891259476828,8.462340101886706,0.0,14
2023121003,554,0.3845,1,72.4000015258789,21.9400005340576,7,2.058276234482815,2.0924642150085697,-0.5842265700161525,1.2447088012864722,0.0,14
2023121003,621,1.0119,1,38.2400016784668,3.78999996185303,12,0.8620904037278178,0.3939536652441019,0.6352431267705548,2.8680306832389397,0.0,14
2023121003,759,0.9199,1,12.8999996185303,49.5,20,0.7424955240751677,0.6425725968608553,-0.7025248253379932,1.9399226788715052,0.0,14
2023121003,782,0.0,0,33.7200012207031,10.6099996566772,8,9.624994752005655,0.7125319463706479,-0.27337068468729836,8.074503080685522,0.0,14
2023121003,899,0.0,0,80.629997253418,45.4599990844727,11,22.234351321606788,0.5921159979166201,-0.496359921190501,18.0850490737515,0.0,14
2023121003,954,0.7161,1,2.30999994277954,7.07000017166138,24,0.851586669578895,1.1337107583250252,-0.7996042522022778,0.8746427842267943,0.0,14
2023121003,1000,0.0,0,31.7000007629395,44.939998626709,11,15.203454516116938,1.034651252115148,-0.40745417340484014,16.52636681185553,0.0,14
2023121003,1299,0.0,0,26.7000007629395,31.1800003051758,7,5.168064607541194,0.30463034319769905,-0.008226603609925262,8.983941228659056,0.0,14
2023121003,1322,0.0,0,31.3700008392334,7.03999996185303,11,7.5576510385960605,1.289495652249794,-0.6711303889034748,12.171943148076233,0.0,14
2023121003,1358,0.0,0,63.5900001525879,36.4599990844727,11,5.117811172633436,0.4130366012954387,0.14403698114056318,6.310071314969423,0.0,14
2023121003,1383,0.4126,1,99.0,51.2599983215332,25,1.762328643910752,1.3313527712138615,-0.7519952451823767,1.6447796204963117,0.0,14
2023121003,1428,0.4637,2,72.9700012207031,16.8500003814697,9,1.8516208328269352,0.2863562560817176,0.1506657824449078,4.43878361716361,0.0,14
2023121003,1453,0.3932,1,90.620002746582,15.039999961853,11,1.9859530703885528,0.8700553144255851,-0.4104934915815624,2.983286778035251,0.0,14
2023121003,1476,0.2563,1,79.6500015258789,34.2900009155273,8,2.4358966030489766,1.7381873061000301,0.45977555266704695,0.9761659694949397,0.0,14
2023121003,1664,1.1194,1,116.580001831055,13.4300003051758,13,0.9082404159030694,0.32248845516418945,-0.2795923392640405,1.8270467974302091,0.0,14
2023121003,1759,0.1915,1,73.4199981689453,38.9199981689453,8,2.425384083329228,1.3277450237719932,0.10150159165850269,4.47317560576376,0.0,14
2023121003,1823,0.0024,1,81.129997253418,44.9099998474121,9,2.992822532259879,1.0307747928580695,-0.29404511964914026,3.295284509719913,0.0,14
2023121003,1880,0.4139,1,73.879997253418,6.84999990463257,14,2.0044423433719856,1.26999990463554,-0.6581515913565398,11.344130640996694,0.0,14
2023121003,2134,0.0,0,49.6500015258789,24.0,10,3.519801473221322,2.102306847154385,-0.3832461083763495,3.155265440497835,0.0,14
2023121003,2159,0.5802,1,79.6100006103516,4.57999992370605,14,1.259284931909443,0.44944355787917906,-0.14959035263738868,0.9976472322419472,0.0,14
2023121003,2233,0.0,0,102.720001220703,33.4700012207031,8,4.7499982910157295,2.0746067021855867,-0.31394964525676067,3.4122426642898636,0.0,14
2023121003,2322,0.0,0,89.7200012207031,16.0100002288818,6,8.88887060296833,0.33837830594057516,-0.16501719175874405,10.9926202517871,0.0,14
2023121003,2379,0.8826,2,67.7300033569336,26.6900005340576,6,2.020000141259981,1.790112489546772,0.3843072291519512,0.7023531875061183,0.5228,14
2023121003,2402,1.0601,1,60.7400016784668,17.9599990844727,10,0.39824438871543716,0.8492919899298146,0.6009021489758131,1.9691876497682939,0.3141,14
2023121003,2493,0.0,0,77.7799987792969,51.6699981689453,29,4.016588395196929,1.0411994590285607,0.16849335903450977,1.874166481399125,0.0,14
2023121003,2518,0.0,0,83.5199966430664,18.4899997711182,9,6.689734174639723,0.7823076532244455,-0.06056333884042184,6.608850126913148,0.0,14
2023121003,2565,0.4117,1,97.25,47.439998626709,13,1.7650493954243958,0.1868140937325818,0.29560097554498627,1.6477863939236788,0.0,14
2023121003,2645,0.0,0,104.550003051758,6.42999982833862,13,3.3686765847791125,1.5268906201012151,-0.5638858858628331,5.103136290557012,0.0,14
2023121003,2821,0.0,0,83.3099975585938,17.1000003814697,7,8.893034178160354,0.9843259567427466,0.4350503689769887,6.434671708797585,0.0,14
2023121003,2846,0.5914,1,76.5400009155273,7.94999980926514,10,1.2258880896220374,1.2399998092654783,0.0001855907603546268,1.113597772986283,0.0,14
2023121003,2969,0.0,0,47.9000015258789,19.1499996185303,12,4.719630777012969,0.49769595020712815,-0.6151337209929233,3.6809917141987687,0.0,14
2023121003,3024,0.6501,1,55.2599983215332,47.0800018310547,13,1.7055203088594366,0.6529924590816546,0.15654042083041764,5.279441258315125,0.0,14
2023121003,3241,0.3387,1,37.810001373291,15.8900003433228,6,2.008904342182213,0.17691687638050604,-0.23740935231318294,3.2881149614939007,0.0,14
2023121003,3266,0.0,0,50.9199981689453,28.5,7,5.0420046703860635,0.7158928435736254,-0.2762861566375899,6.100098359862731,0.0,14
2023121003,3291,0.0,0,74.8399963378906,51.4799995422363,18,5.351118044957325,0.28160624684248564,-0.7105406956202922,4.627094120503713,0.0,14
2023121003,3316,0.7106,1,98.0899963378906,49.1599998474121,16,0.8683345067929126,1.2814416801221926,0.3417420845813577,1.2427791436936746,0.0,14
2023121003,3375,0.0,0,94.3199996948242,43.3499984741211,6,4.660749624314675,4.587132763209179,0.5000411094252066,7.4901068083172175,0.0,14
2023121003,3589,0.0,0,37.1699981689453,27.4500007629395,7,3.000001708984588,0.5385180504660567,-0.2070568582985899,5.299528280894445,0.0,14
2023121003,3614,0.0,0,36.4099998474121,19.2399997711182,7,13.006252528749926,1.8738461590524493,-0.5106197526700181,13.310161531702008,0.0,14
2023121003,3639,0.0,0,54.6800003051758,5.51000022888184,11,4.928539090927541,1.6070468877422202,-0.33311529292195335,4.477700302610708,0.0,14
2023121003,3703,0.0552,1,45.9300003051758,27.9099998474121,6,2.8342544490324695,0.7496664785767505,-0.13673610097271094,5.200480747007914,0.0,14
2023121003,3728,0.0,0,51.4900016784668,30.4300003051758,7,9.291871430590279,0.6020808795344464,0.28593749672108865,12.142693276205238,0.0,14
2023121004,103,0.1706,1,64.3099975585938,35.8300018310547,10,2.4880926120625917,0.31622873108058475,-0.44110969578250725,5.079921259232271,0.0,14
2023121004,150,0.0,0,62.6699981689453,39.8600006103516,14,10.820838142128775,0.44687733555314857,0.5048934931915012,12.420064412071293,0.0,14
2023121004,175,0.0,0,102.470001220703,46.75,24,9.74495852105837,0.4939624246384931,-0.7423723084891377,10.653168542738827,0.0,14
2023121004,277,0.0,0,92.1999969482422,31.4500007629395,8,7.647120560420807,2.365160700237807,-0.2044640423805755,4.447707274540441,0.0,14
2023121004,357,0.0,0,41.4900016784668,15.4300003051758,6,7.71705736142093,4.114278731885523,-0.30594333902115156,4.2004285495649185,0.0,14
2023121004,475,0.0,0,88.3899993896484,17.5400009155273,9,4.316017051175289,0.550090307972234,-0.4088279862534466,1.5711460785044775,0.0,14
2023121004,788,0.0,0,92.1399993896484,41.439998626709,7,3.5417080597978363,0.6735736793158273,-0.5539494344402467,5.915648738726807,0.0,14
2023121004,820,0.1688,1,84.9700012207031,50.0299987792969,7,2.4936935055871383,1.9528970116941842,-0.33798480808209086,1.8389671013914315,0.0,14
2023121004,843,0.0,0,90.3300018310547,17.5,7,7.171458633577202,4.090929679137959,0.19485532596580776,6.964230036407478,0.0,14
2023121004,1029,0.0,0,85.8899993896484,17.7199993133545,7,3.8767125167388317,3.4335978068982906,-0.3797218149360982,3.6280159867343458,0.0,14
2023121004,1083,0.0,0,43.9199981689453,5.76000022888184,21,9.04312591133025,1.4993678045012213,0.8988967787719977,1.032375900532357,0.0,14
2023121004,1153,0.2635,2,62.4300003051758,12.8599996566772,10,2.4678942500478693,1.5591348112201366,0.31190826303114544,2.8585485827601405,0.0,14
2023121004,1196,0.441,1,51.5299987792969,3.54999995231628,16,1.6769329256968684,1.3944541674090558,-0.6333164635152398,1.3994641831786898,0.3332,14
2023121004,1246,0.0,0,45.9000015258789,19.6399993896484,16,4.4371403016356314,2.3691569287882204,-0.4085900950202328,2.73967151315628,0.0,14
2023121004,1293,0.0,0,33.0999984741211,33.060001373291,10,9.704472481857396,0.970153488130394,-0.1760940005296986,4.779215416781294,0.0,14
2023121004,1364,0.8779,1,77.5400009155273,33.8699989318848,25,0.36619653096934607,3.831892693484734,0.47043579426958515,2.1614809737770067,0.8596,14
2023121004,1391,0.0,0,80.8300018310547,43.5,10,3.1237173422355453,1.4368031514100315,-0.2806266693213226,6.514384084470298,0.0,14
2023121004,1494,0.4887,1,42.5800018310547,18.7700004577637,8,1.819699097796732,5.125329285403748,0.2190029816357007,0.7962411694957765,0.1687,14
2023121004,1570,0.0,0,69.6999969482422,28.4500007629395,11,4.152887414433849,0.5122518454186862,-0.016761266609081525,3.3351011978649234,0.0,14
2023121004,1680,0.1844,1,96.6500015258789,36.5499992370605,10,2.629922700043819,1.3219687028155191,0.40487337014956076,6.261629180971989,0.0,14
2023121004,1759,1.0318,1,111.900001525879,11.3999996185303,13,0.2860059925907623,2.0888737669373265,-0.7308391398759039,2.694160351575238,0.2218,14
2023121004,1845,0.0,0,77.9100036621094,52.9700012207031,17,3.4156878389426653,0.5905967255263235,-0.36729505440861937,7.0486452599063325,0.0,14
2023121004,1917,0.4938,1,77.3899993896484,7.82000017166138,9,1.5184525714259929,0.49739304624550784,-0.2700653094035118,3.380946613006477,0.0,14
2023121004,2046,0.6036,1,60.6399993896484,5.15999984741211,9,1.3363389028268595,0.2024851927828478,-0.04242008565558083,3.7620473149603035,0.0,14
2023121004,2169,0.8814,1,82.4800033569336,52.0299987792969,17,1.3647359001511081,0.4561822710464246,0.6725118222159303,1.2127654348636425,0.0,14
2023121004,2194,0.4037,1,99.0,39.310001373291,11,1.788909138999151,1.776880538884014,0.27190807138269046,2.876056327682059,0.1745,14
2023121004,2283,0.0,0,95.9800033569336,41.9199981689453,8,9.283731218214259,1.8829788697281744,-0.5772035445550022,9.372064873868522,0.0,14
2023121004,2313,0.6058,1,74.8399963378906,52.2000007629395,13,1.1825797056206715,0.44721012894167994,-0.5457336743359282,0.9126335518706348,0.0,14
2023121004,2434,0.0,0,74.2799987792969,38.0900001525879,9,3.459536335478473,2.229258786855215,0.02235055805838649,7.0208404055355045,0.0,14
2023121004,2522,0.0411,1,45.8300018310547,35.5499992370605,12,2.876802815575187,2.2051068186251217,-0.2651424487593983,2.4014162487998574,0.0,14
2023121004,2588,0.7647,1,64.120002746582,10.6700000762939,19,0.7060470575799049,0.4080424381044384,0.6328827739876338,4.927088389708468,0.0,14
2023121004,2611,0.0,0,82.4199981689453,8.65999984741211,12,6.119671420084419,0.7106324787826871,0.38709741479717763,7.805895208110348,0.0,14
2023121004,2669,0.0,0,71.8899993896484,49.4099998474121,13,3.2530133777417407,0.3623529133171622,0.36960954463179135,4.440720662234898,0.0,14
2023121004,2694,0.0,0,62.1599998474121,24.9599990844727,7,4.209430405238742,2.6946236206398373,-0.12208640781039926,4.536298050172626,0.0,14
2023121004,2859,0.8091,1,46.5,3.64000010490417,14,1.503728597081213,0.7920857784414856,0.7186985760142656,4.73831193570031,0.0,14
2023121004,2906,0.0,0,30.3400001525879,31.4500007629395,8,3.864090612893132,0.7378341114545645,0.42417637082457077,9.793722479221067,0.0,14
2023121004,2969,0.141,1,28.7800006866455,24.2999992370605,8,2.651887145436265,0.31241100295395174,0.23527920820872988,3.2880541358073754,0.0,14
2023121004,3042,0.0,0,19.3799991607666,39.4099998474121,8,3.888302706649568,0.44910937867017897,-0.07554162570380508,5.216684771001597,0.0,14
2023121004,3201,0.0,0,27.4699993133545,7.28999996185303,11,9.87247247367031,0.4681886547702156,0.06356603638420516,14.272746757369445,0.0,14
2023121004,3312,0.0,0,89.5299987792969,22.1599998474121,6,4.673842564880677,0.3894878330528697,-0.13836293392393148,5.301264000217306,0.0,14
2023121004,3384,0.5881,1,106.849998474121,51.6500015258789,18,1.235558703608772,0.19723137080022887,-0.6998158364034236,3.339371198294671,0.0,14
2023121004,3572,0.6743,2,81.3300018310547,34.9500007629395,9,1.7296550693532922,0.7349827293417325,-0.27899077309329495,5.903736105213377,0.349,14
2023121004,3597,0.0,0,69.9700012207031,51.25,15,3.1709943589686134,0.15524143243748548,0.29074579285005775,1.4501379244747608,0.0,14
2023121004,3627,0.0,0,63.9500007629395,47.310001373291,10,3.2693286409560716,0.5675389455486233,-0.3700467882510701,7.700525956063004,0.0,14
2023121004,3652,0.0,0,64.5800018310547,15.1499996185303,8,12.193582045923183,0.46999816894545027,0.14298894360487455,13.040678663321172,0.0,14
2023121004,3703,0.5892,1,50.2900009155273,30.9799995422363,7,1.3174605697728965,1.0683173923428744,0.06197552576234771,1.3024976007655422,0.0803,14
2023121004,3796,0.0,0,99.2699966430664,40.3499984741211,7,3.367280358712922,0.4301155538480721,-0.31517270991796836,5.525866447897559,0.0,14
2023121004,3848,0.914,1,68.3499984741211,39.2099990844727,8,0.9047640430719793,0.39999981689841463,0.4444178662693248,0.7653103945459048,0.463,14
2023121004,3895,0.0,0,89.8199996948242,4.17999982833862,19,3.706210851041199,7.046055494313529,0.5512776481922631,1.617559890699566,0.0,14
2023121004,3918,0.2429,1,72.7699966430664,24.8999996185303,7,2.2713002699760207,0.17029617990670312,-0.010768331437853438,3.3594344762176855,0.0,14
2023121004,3982,0.6976,1,80.2900009155273,50.4199981689453,11,1.6248370899421782,0.4123124277657771,-0.3842934101887747,5.925512636050994,0.1606,14
2023121004,4068,0.0,0,53.7000007629395,32.0200004577637,7,3.9754379484171465,0.27892713726205587,-0.14793856847138584,4.056414673082625,0.0,14
2023121004,4115,0.5065,1,34.7900009155273,35.0699996948242,9,1.4903027650594618,0.38209992672703114,-0.7049947449697007,1.814166475271768,0.0,14
2023121004,4140,0.0,0,16.6599998474121,53.7299995422363,16,3.3828091999839756,1.5205260842070778,0.5981676135456139,3.136144129340994,0.0,14
2023121004,4163,0.3821,1,30.2399997711182,47.0900001525879,9,1.994893340125426,0.4119463854969877,-0.07735058787039217,1.916715941395593,0.0,14
2023121004,4198,0.9923,1,7.65000009536743,3.5,21,0.9749871451679804,0.5508175793509633,0.46481028123620305,2.562596339652425,0.0,14
2023121004,4298,0.0,0,57.5200004577637,27.5599994659424,15,3.81366007981126,0.4904086530365706,0.5835227859796117,1.050809211988549,0.0,14
2023121004,4401,0.0,0,56.189998626709,7.73000001907349,10,4.884640552763158,0.30870641980266555,-0.48262546645359994,8.027758093016997,0.0,14
2023121004,4483,0.0,0,63.4099998474121,45.9799995422363,12,10.414130133143829,4.582837976457102,-0.6073629974415281,6.917492320198119,0.0,14
2023121004,4556,0.0,0,82.9000015258789,1.71000003814697,17,3.2415443688660286,4.2531180141823235,0.44650520343169314,0.9962429422585751,0.0,14
2023121004,4601,0.7194,1,80.9300003051758,1.73000001907349,11,1.3679543764415016,1.7053150094076808,-0.3057758122879808,4.3796118549478775,0.0,14
2023121004,4642,0.0685,1,80.2099990844727,50.0299987792969,13,2.794511080922582,0.5756730043708448,-0.4259949833241663,1.322459829257588,0.0,14
2023121004,4672,1.0456,2,74.9899978637695,23.1299991607666,7,1.1541213024808943,0.21260214113554315,-0.13521733487842869,4.037078151336681,0.3852,14
2023121004,4711,0.0,0,65.3300018310547,54.7700004577637,15,5.502453060409561,4.830112448700689,0.6079715342436894,1.2544720004846677,0.0,14
2023121004,4758,1.3612,2,61.4199981689453,38.2599983215332,9,1.5276100331354892,1.1292893327127498,0.15758001111511857,1.185959527134044,0.0592,14
2023121004,4841,0.3559,1,75.4899978637695,38.5,9,1.9322804820555401,1.712923401554926,-0.0003621951074105298,0.8616263691415181,0.0,14
2023121004,4929,0.0,0,79.0299987792969,23.4799995422363,7,11.924716757427626,1.4930827535707856,-0.4157876338437747,13.34215874587018,0.0,14
2023121004,4962,0.0,0,63.3199996948242,43.6300010681152,7,12.884913047109334,0.632535023078652,0.12988650508354402,14.602619627998262,0.0,14
2023121004,4994,0.0,0,52.1300010681152,44.1800003051758,8,13.714351003035047,0.28231118703386904,-0.43247059328425097,14.806934186387132,0.0,14
2023121004,5019,0.6554,1,12.9399995803833,19.4799995422363,18,1.0336821457944747,1.318825058957074,0.6024794304000538,2.9953630831670477,0.0,14
2023121004,5117,0.8399,1,10.4899997711182,49.5,10,0.6281717287209403,0.8421993463989371,-0.5369707239860311,1.0076705810928523,0.3533,14
2023121004,5147,0.9688,1,12.3199996948242,19.1100006103516,5,0.7299993687459925,4.329722931699408,-0.27921247311867925,2.0862646045025057,0.8561,14
2023121004,5170,0.5316,1,3.69000005722046,34.25,8,1.7708754354101988,0.48010410888477645,0.4905564580705027,1.4068759717899841,0.0268,14
2023121005,86,0.1686,1,59.1300010681152,51.5400009155273,27,2.6853875020895424,1.9635182058001648,0.6356183553291109,1.5861904047118662,0.0,14
2023121005,119,0.0,0,58.4799995422363,53.7200012207031,25,5.186521294982971,2.9694780814640516,0.7489436121093418,0.8275868534480245,0.0,14
2023121005,190,0.8009,1,53.4199981689453,25.9200000762939,7,1.2270272258558792,0.6741655710783634,-0.0848671077662612,3.170015772831422,0.3475,14
2023121005,215,0.506,1,54.4799995422363,35.9500007629395,8,1.8154058930496095,0.41231068838991103,-0.009896435031597794,5.936472016273635,0.3362,14
2023121005,262,0.0,0,47.25,42.9900016784668,9,5.619688902148981,0.5063578986606431,-0.4060525659087125,7.696733073194108,0.0,14
2023121005,500,0.0,0,54.5,32.0200004577637,10,5.364345177669014,1.680773454367778,0.013053899483730246,6.904100231022144,0.0,14
2023121005,574,0.588,1,39.7599983215332,32.8699989318848,9,1.5449601814558578,0.3400010681193427,-0.0497260689667778,4.577390086064326,0.0,14
2023121005,755,0.3581,1,47.7200012207031,14.539999961853,8,2.0715223889535848,1.186087210834651,-0.0425302020917407,3.910831113714835,0.0,14
2023121005,1073,0.4495,1,55.5499992370605,30.8400001525879,8,1.9370592130278013,1.8560705833169073,0.018444788362616676,1.283627671873743,0.0,14
2023121005,1154,0.8501,1,36.7799987792969,21.8400001525879,7,0.9044885326065397,4.307434581718336,-0.17483258115500397,1.8445866745696717,0.4529,14
2023121005,1208,0.7953,1,22.7000007629395,23.0300006866455,14,0.9272009593171174,1.4303156572360713,-0.3302481813935941,0.8544003745317534,0.0,14
2023121005,1274,0.0,0,34.5499992370605,26.3999996185303,7,10.428048934736927,3.68978376008244,-0.13588647553934166,7.274640884607296,0.0,14
2023121005,1345,0.0,0,48.2299995422363,7.30000019073486,10,7.308091895569181,3.576045730234463,-0.24899654799476573,7.812425999649532,0.0,14
2023121005,1410,0.0,0,47.2799987792969,13.1999998092651,9,4.416164700861145,2.9189884467740588,0.12496933987304021,10.688919496375675,0.0,14
2023121005,1510,0.0548,1,74.2399978637695,25.8600006103516,12,2.8355756354883486,3.2767340882966325,-0.5727786024890472,2.3621176939348194,0.0,14
2023121005,1749,0.0301,1,56.6599998474121,23.4899997711182,8,2.9162473283699324,1.3822443157596334,-0.1473787635977126,4.667247582890797,0.0,14
2023121005,1830,0.0,0,62.6300010681152,11.8299999237061,10,7.755831115477537,1.5720056665919173,-0.46103806450708174,11.233970802881771,0.0,14
2023121005,1862,0.6428,1,31.4400005340576,47.5999984741211,24,1.0715420237477191,1.1940284156687642,-0.5914364920497384,1.3103434664239753,0.0788,14
2023121005,1892,0.0,0,56.7400016784668,10.2700004577637,9,7.102589487158804,2.528733911166728,-0.4142881981645992,4.6113338634282375,0.0,14
2023121005,1922,0.0,0,66.8099975585938,34.25,9,3.028351239614461,1.75071605049447,-0.2797550009673324,5.863531359172561,0.0,14
2023121005,1999,0.056,1,20.0400009155273,52.8499984741211,27,2.8937328320652633,1.5492238342243003,0.7444942354850573,1.0846197490365006,0.0,14
2023121005,2022,0.0,0,15.1599998474121,27.2399997711182,27,4.929756850926104,2.1246178826934705,0.45340881558729346,1.3843771162512029,0.0,14
2023121005,2045,0.0,0,46.0999984741211,-0.740000009536743,15,4.725124417559383,3.530000009537073,0.4600912150579961,3.936622918187617,0.0,14
2023121005,2238,0.0,0,55.5900001525879,44.6800003051758,11,7.090571184918302,1.324575086873772,-0.016911049879361102,7.183369682815997,0.0,14
2023121005,2263,0.0,0,53.310001373291,18.2399997711182,7,4.393926336665284,1.890026233229197,-0.36328698156060935,5.980033444722526,0.0,14
2023121005,2288,1.3987,1,99.9800033569336,3.6800000667572,33,0.5261211652662012,0.6964182711049723,-0.6609939028364692,2.115963137675131,0.0,14
2023121005,2368,0.0,0,98.1600036621094,17.8600006103516,8,4.347198118552646,1.9323854747593232,-0.47349663786858787,3.6286912241192493,0.0,14
2023121005,2450,0.0,0,77.2799987792969,27.6000003814697,8,3.707572137873204,2.924054194980402,-0.04602148517359144,3.4531434954255817,0.0,14
2023121005,2473,0.0,0,66.1500015258789,49.5900001525879,19,4.435536955075044,1.9070671988437329,-0.7475259009077697,4.622315437094276,0.0,14
2023121005,2503,0.0,0,63.560001373291,42.5800018310547,10,3.5739353119351214,2.0214110644932104,-0.40158903093647713,2.725674228516686,0.0,14
2023121005,2836,0.0,0,34.2799987792969,10.4399995803833,20,3.5298150428538326,2.1321572430584346,-0.6529104733293999,3.6977019890737512,0.0,14
2023121005,2975,0.0,0,79.629997253418,45.0099983215332,12,6.645846598294862,2.1600458514704637,-0.6311248182960815,7.596314896053217,0.0,14
2023121005,3029,0.4209,1,73.3499984741211,22.4699993133545,9,1.9808062582241566,1.3507388691218298,-0.08795455469128094,3.2697400508297245,0.0316,14
2023121005,3183,0.0,0,65.0699996948242,13.5200004577637,10,5.262746231516299,0.8988883243912256,-0.0008946574492799162,5.838878316937253,0.0,14
2023121005,3248,0.0,0,64.2099990844727,15.4399995803833,7,9.84307468719966,1.6241003171635802,-0.3273909926761554,8.858357635589119,0.0,14
2023121005,3277,0.3752,1,79.0,7.07000017166138,12,1.8745132820633748,0.9486834609027983,-0.1794221277397339,5.771455622284563,0.0,14
2023121005,3300,0.0,0,32.1500015258789,34.5099983215332,28,3.760915346126237,1.3150286409592833,-0.388551581519749,2.3907530194480553,0.0,14
2023121005,3377,0.9911,1,19.0300006866455,32.3800010681152,10,0.7692191695479276,1.4261134924331937,-0.12457131550189737,2.336921051298054,0.322,14
2023121005,3402,0.0,0,14.2399997711182,37.9900016784668,6,3.6337291782811505,2.119101890847722,0.33754107325894894,1.7550498568416788,0.0,14
2023121005,3468,0.0,0,51.1599998474121,-3.44000005722046,20,6.0301658668606475,4.990400825563044,0.4555676200020433,1.6223748025656717,0.0,14
2023121005,3537,0.0,0,68.5899963378906,2.0699999332428,26,3.654363631755677,3.2300582564586025,0.5886142618651636,1.2791403363196676,0.0,14
2023121005,3636,0.0,0,7.82999992370605,35.0099983215332,10,3.741137302688678,2.7215070137192394,-0.4888165079247179,3.31603679111074,0.0,14
2023121005,3722,0.0,0,46.1100006103516,52.9099998474121,15,4.408832009928805,3.5522527878481323,0.17360267616054165,1.3647344063956188,0.0,14
2023121005,3823,0.0,0,56.3499984741211,9.1899995803833,13,6.075542699050398,3.2173444040140535,-0.28266128418212305,7.566901611624145,0.0,14
2023121005,3876,0.0916,1,76.7200012207031,46.3699989318848,18,2.7314814930461173,1.9974473448350158,-0.5829920839851871,1.754137964927504,0.0,14
2023121005,3906,0.0,0,79.9499969482422,40.1800003051758,9,4.5505244488980905,1.6810734180645963,-0.18664052647488621,6.5705555320688145,0.0,14
2023121005,3931,0.6939,1,110.660003662109,38.939998626709,18,0.9183659197401893,1.807674915935152,-0.8705991365104961,0.7102112361825869,0.0,14
2023121006,77,1.0372,1,49.5,40.0999984741211,12,1.3001523113532498,0.2640061885268163,0.7196910890813223,2.2458851261807653,0.4518,14
2023121006,127,0.075,1,53.9799995422363,32.0499992370605,8,2.7749234289655393,0.36769623999052287,0.2936836191972615,6.769963072277424,0.0,14
2023121006,248,0.6794,1,89.129997253418,5.0,12,1.4534439964068595,0.49244155150452307,-0.5114849836218799,1.5305554547287747,0.0,14
2023121006,308,1.1847,1,58.0999984741211,38.6599998474121,15,0.7600673143807958,0.3101608498988479,-0.3206348944873809,1.3603308421115765,0.0308,14
2023121006,555,0.0,0,39.0499992370605,44.7700004577637,12,6.129437882754524,1.6211108545786916,-0.582442415490759,4.4677734947062815,0.0,14
2023121006,580,0.5943,1,44.689998626709,35.3800010681152,8,1.2709852851129682,2.1780041277724624,-0.46199979637990396,3.9156736329781108,0.2331,14
2023121006,751,0.0,0,88.3600006103516,36.5900001525879,8,7.214666022741662,1.6007816122194958,-0.4711139573044666,6.1126835350768784,0.0,14
2023121006,1062,0.0669,1,35.4700012207031,17.8799991607666,33,2.800641918169974,1.6549621420970961,-0.5244447094783039,1.0212247548899307,0.0,14
2023121006,1162,0.0,0,35.5299987792969,17.6299991607666,7,8.836437338644147,1.9154118505885744,-0.3193240762467172,9.2814061434677,0.0,14
2023121006,1218,0.0,0,44.7700004577637,12.2600002288818,10,9.88668245823174,2.0932270051392003,-0.6460784630968238,9.392001916524507,0.0,14
2023121006,1270,0.4927,1,65.5899963378906,25.0599994659424,7,1.756477294987546,1.0322817016146246,-0.3015490503544801,2.559785147234041,0.4091,14
2023121006,1400,0.7871,1,94.870002746582,33.3699989318848,10,1.241693075495792,1.4746206415161507,0.24617757269777746,0.8049844718999231,0.0,14
2023121006,1495,2.0293,2,77.4300003051758,3.75,21,0.19313179473304373,0.9811215425222519,0.15283625118458916,1.3313526955694384,0.4836,14
2023121006,1661,0.1731,1,93.1500015258789,2.04999995231628,18,2.4806865707376984,1.572038315709622,-0.7376159703189687,4.763402145525826,0.0,14
2023121006,1756,0.0,0,62.0800018310547,33.4000015258789,9,3.336241257029124,1.643469704522541,-0.2819877605383103,7.895676031854399,0.0,14
2023121006,1840,0.0,0,82.2600021362305,46.5400009155273,12,5.718332490416475,1.971903665229868,-0.595559452806039,2.413503677229441,0.0,14
2023121006,1912,0.5351,1,67.2200012207031,28.1200008392334,12,1.3946329986304062,3.0695447617778235,-0.5284821153681787,2.3063824487712243,0.0,14
2023121006,2060,0.0297,1,82.3199996948242,39.8199996948242,11,2.9284974926909757,1.6351755030520096,-0.06812906046607645,2.678245694479873,0.0,14
2023121006,2085,0.5892,1,67.0299987792969,5.8899998664856,17,1.2322732768731166,0.870056619885369,-0.5096430693671192,1.5479664079042526,1.1376,14
2023121006,2113,0.0,0,49.2400016784668,47.9700012207031,16,4.823941846810615,2.924056217619345,-0.6954933388085075,2.1153250341259597,0.0,14
2023121006,2184,0.1237,1,47.6199989318848,22.3700008392334,7,2.6983330450911627,2.2671565640930833,0.24644351647945387,0.8041144197189839,0.0,14
2023121006,2207,0.0,0,29.5400009155273,21.8899993896484,17,4.920092067322359,2.155737623113755,0.28033714407863236,8.053725845843031,0.0,14
2023121006,2232,0.0643,1,20.7999992370605,36.7099990844727,9,2.8255430807498203,1.230649919698851,-0.42824581122807387,2.7670381276737057,0.0,14
2023121006,2296,1.2624,1,44.0200004577637,0.319999992847443,11,0.8800568287014106,0.3313608790830914,0.7956295998039457,0.7624303246854792,1.4205,14
2023121006,2413,0.3587,1,72.5999984741211,51.2099990844727,10,1.9663665694256092,1.3514793756061116,0.16062303123483687,0.854458893101351,0.0,14
2023121006,2480,0.9779,1,60.7900009155273,41.3300018310547,16,0.360557006567157,0.37215659474207385,-0.687167141728395,1.0413932974625864,0.5375,14
2023121006,2583,0.0,0,31.9799995422363,7.78999996185303,9,3.6716477041726012,2.462193782763061,-0.3189280888050349,5.187446385265105,0.0,14
2023121006,2608,0.0,0,29.4699993133545,17.4699993133545,8,5.870689884957538,1.825841680960885,0.019931477421518635,3.90360090173163,0.0,14
2023121006,2716,0.7418,1,54.0999984741211,22.0300006866455,12,1.397855218772415,1.24100840265952,0.12229382168206694,0.9741663102366035,0.0,14
2023121006,2739,0.4826,1,44.5400009155273,14.3699998855591,11,1.730028031624005,1.4365575292843664,-0.6074671455587974,2.5951685879726596,0.6045,14
2023121006,2811,0.0,0,83.870002746582,16.0799999237061,12,7.720002746581997,1.923150897617638,-0.37596288688346524,6.909739503049305,0.0,14
2023121006,2901,0.0,0,64.8499984741211,11.0600004196167,16,5.821793675180959,0.3700000979483009,0.5162255154524352,3.431107692859549,0.0,14
2023121006,2931,0.0,0,78.0100021362305,37.7200012207031,10,13.951636353041001,2.3020401280661327,-0.41457115849313986,6.758409576224264,0.0,14
2023121006,3136,0.0,0,43.6399993896484,8.72999954223633,12,3.737285868656997,1.6925722399218912,-0.5406869788701765,2.801035522802236,0.0,14
2023121006,3161,0.0,0,46.939998626709,39.4700012207031,11,13.452945736411001,1.2731854752061214,-0.5209778265476798,11.62308478847161,0.0,14
2023121006,3233,0.0,0,93.4800033569336,6.30000019073486,15,4.200104256835935,1.3911851441146794,-0.5023233935872589,6.09099335084188,0.0,14
2023121006,3258,0.0791,1,105.620002746582,12.0799999237061,10,2.7626074208924782,0.8861696856350958,-0.21939953565482398,2.00422054674629,0.0,14
2023121006,3308,0.0,0,106.360000610352,42.2799987792969,11,6.0939710697079565,1.282810149587238,-0.7476195496417122,6.371561817953272,0.0,14
2023121006,3394,0.0,0,80.1600036621094,19.1900005340576,9,4.04339235911234,1.3865446265069978,0.31434953442403984,3.8315793088490255,0.0,14
2023121006,3419,0.5181,1,66.6500015258789,47.8400001525879,15,1.4455809558544612,1.2385892657144124,-0.6516060997742971,0.9972963451251606,0.0,14
2023121006,3442,0.0,0,55.9500007629395,30.6299991607666,18,3.4168988834522622,2.6849571616737222,0.5954635099587323,0.8731551981177156,0.0,14
2023121006,3485,0.0,0,77.9800033569336,47.939998626709,14,7.154052524919724,2.199384246662289,-0.511327800644854,4.039269735979511,0.0,14
2023121006,3616,0.3753,1,81.4000015258789,34.9199981689453,9,2.32948458361471,1.1560280825914326,0.16634130199745226,3.9721656561628973,0.0582,14
2023121006,3644,0.0,0,52.0099983215332,8.27999973297119,18,6.456749652151575,3.4998588321013595,0.5170075172444609,0.9394147114028013,0.0,14
2023121006,3671,0.3081,1,66.5400009155273,18.7999992370605,12,2.075765424996419,1.5084101905986411,-0.4903515007443123,1.072986486401383,0.0,14
2023121006,3839,0.651,1,83.5100021362305,21.7299995422363,8,1.0778680697610374,0.6113097516247367,-0.029404530165131604,2.9632583417582716,0.1726,14
2023121006,3862,0.0926,1,82.4000015258789,45.25,10,2.72209627827446,0.2927471349340488,-0.39096180622984084,4.503209966235196,0.0,14
2023121006,3907,0.4268,1,73.9000015258789,4.71999979019165,13,1.7195945069930738,1.4389247482598662,-0.6507592054939804,3.4464039229318413,0.0,14
2023121007,62,1.0039,1,33.2400016784668,40.5999984741211,7,0.7990596852678676,0.30016499369954,-0.16747054286922533,2.9274562336608887,0.5848,14
2023121007,109,0.0,0,35.8699989318848,20.5200004577637,10,5.751730541639936,1.218401744364407,-0.03043617340048605,3.0477040538739995,0.0,14
2023121007,228,0.3845,1,68.6600036621094,4.78000020980835,15,1.8466432622410607,1.0807383457723234,-0.4626853669832272,1.9601020381602583,0.0,14
2023121007,253,0.0,0,95.4199981689453,52.9900016784668,23,5.014738683615276,4.239928954987463,0.4766713659150467,1.98698263706555,0.0,14
2023121007,401,0.6496,1,81.2799987792969,45.3199996948242,9,1.11879274425225,2.3009771351251938,-0.40162045280223013,2.9321834867552257,0.0,14
2023121007,485,0.1278,1,49.1199989318848,12.1499996185303,8,2.6167352541868167,0.6957019779091349,-0.3896587694831075,3.9245891504716774,0.0,14
2023121007,626,0.0,0,46.2299995422363,18.1000003814697,6,3.2282043187311835,2.1688943199488437,-0.37528330977118146,2.414000828500279,0.0,14
2023121007,651,0.0,0,54.3199996948242,12.8299999237061,8,4.032679040556183,1.2238057096775117,-0.14088002985466772,1.4579780519609995,0.0,14
2023121007,837,0.4546,1,49.8499984741211,19.5100002288818,8,1.6574694250639774,1.609753049784014,0.14998884637893398,3.9094372996634705,0.0,14
2023121007,1027,0.539,1,43.2099990844727,50.2400016784668,15,1.3829329264311607,1.0430722561016066,-0.6119955779227276,1.3789851340750603,0.0,14
2023121007,1103,0.0,0,62.2000007629395,19.5400009155273,10,4.728223949014913,0.6860028509418564,-0.4183744358696442,1.4360013927569848,0.0,14
2023121007,1150,0.0,0,64.7799987792969,9.9399995803833,8,12.290245386751472,0.4936592370177329,-0.6161621163513052,10.980573755501112,0.0,14
2023121007,1197,0.7287,1,76.629997253418,41.6599998474121,8,1.8248290601150408,0.44407355062751086,0.6618756069608187,1.6949926253526915,0.3138,14
2023121007,1247,1.207,1,100.610000610352,50.4799995422363,17,0.6627211498890443,0.16278834656402938,0.7146500559340081,0.9007774419910853,0.0,14
2023121007,1277,0.0,0,85.8499984741211,24.3400001525879,9,4.530452652435976,1.6060520125509585,0.3075470918816954,3.742298758784498,0.0,14
2023121007,1367,0.0,0,66.0699996948242,46.5099983215332,12,3.097627355437886,1.9825242461259984,-0.403807597251695,1.6220049321749945,0.0,14
2023121007,1399,0.0,0,61.0200004577637,13.1199998855591,9,3.6089333610608603,0.8049841648228017,-0.3493279762882006,9.255528077857038,0.0,14
2023121007,1442,0.0,0,27.1299991607666,1.52999997138977,7,3.3620389056103006,1.2664919874480496,-0.14237963741896228,3.824264635194588,0.0,14
2023121007,1496,0.8462,1,53.4000015258789,44.75,17,1.12294407138267,0.21633223012624164,0.49525272040536067,1.2410076550932296,0.3965,14
2023121007,1633,0.7469,1,74.0699996948242,44.8800010681152,9,0.7592753519375471,0.04472217842880569,0.2742104822527147,4.371933210834772,0.0491,14
2023121007,1761,0.0,0,83.5100021362305,25.0699996948242,8,5.553018103572007,1.6865664500355635,-0.3375024169551663,6.310641805711996,0.0,14
2023121007,1786,0.0,0,66.7200012207031,27.1000003814697,7,4.0180853287565705,0.19999879455615374,0.48059886366643334,5.050009900980394,0.0,14
2023121007,1816,0.0,0,69.1900024414062,30.5699996948242,7,4.972406246170827,0.4675486362946177,-0.1147522897305791,8.176062622069376,0.0,14
2023121007,1944,0.0,0,28.2000007629395,7.65999984741211,10,3.7138112844612947,1.9912306495010403,-0.3311558102766232,9.425629952422277,0.0,14
2023121007,1974,0.443,1,34.2000007629395,36.2599983215332,9,1.6710766739947738,0.6660335683091979,-0.11897084874084908,4.266567707185715,0.0,14
2023121007,2029,0.0,0,52.189998626709,40.310001373291,18,3.3903701049068156,6.758912059435063,0.5587715427905793,4.235622740518803,0.0,14
2023121007,2173,0.0,0,54.9500007629395,29.5900001525879,8,3.551239605747204,1.8428517434179423,0.16686280026442882,2.1198113123577778,0.0,14
2023121007,2198,0.0,0,21.5599994659424,11.3500003814697,6,6.371883120334767,2.030222052094516,-0.035567921508757996,7.292914369441067,0.0,14
2023121007,2321,0.0,0,31.5,22.2800006866455,7,3.5174559617963657,0.6276944555994662,-0.2787641280038424,4.747820552632548,0.0,14
2023121007,2390,0.0,0,43.5099983215332,8.61999988555908,13,6.588331678612302,0.925743140616806,-0.6459488526886954,12.236216735576404,0.0,14
2023121007,2539,0.0,0,97.2600021362305,42.9599990844727,10,7.720785788041279,0.4964889112750032,-0.5156723095598638,11.462259812096395,0.0,14
2023121007,2564,0.6155,1,82.5999984741211,37.6399993896484,6,1.6041504167543286,0.622012444573182,-0.19795891810063526,4.201928128847523,0.419,14
2023121007,2611,0.0,0,76.5199966430664,42.2099990844727,10,3.530577800029784,0.19312861865137954,-0.04306583459908256,3.525024822607627,0.0,14
2023121007,2732,0.0,0,43.6300010681152,6.53999996185303,7,9.024770527212832,0.41231018323099367,0.7232041566663356,6.652555899802719,0.0,14
2023121007,2885,0.1312,1,60.4799995422363,16.6700000762939,11,2.6064723230030697,1.6207710715187469,-0.18445725585017103,3.7844021984984675,0.0,14
2023121007,2983,0.0,0,22.6399993896484,46.7999992370605,10,7.3116413691947235,1.080047271542197,-0.4140140384390045,9.082912528478955,0.0,14
2023121007,3008,0.5636,2,31.7199993133545,27.3799991607666,6,2.318144849752659,0.869251511536679,0.3328330217031863,2.844292530665579,0.0171,14
2023121007,3240,0.9763,1,64.8099975585938,19.0599994659424,12,0.6312689423742684,4.75429042202924,-0.5585180990510645,2.1124866863485847,0.0,14
2023121007,3318,0.6753,1,46.8899993896484,14.960000038147,12,0.9740630890078501,0.9406907676442348,-0.5392290100879967,3.140859754907879,0.0,14
2023121007,3341,0.0,0,54.3800010681152,20.7900009155273,10,7.51680892198479,0.18973612883679816,-0.6026573999706533,4.6561142597664,0.0,14
2023121007,3442,0.0,0,27.1200008392334,5.80000019073486,10,5.830891046104469,0.5032884657787177,-0.2542701071486239,7.332189304702928,0.0,14
2023121007,3504,0.0,0,84.8899993896484,19.7000007629395,8,5.966572613932094,0.7000715426268062,-0.41495011496976164,6.061229248263094,0.0,14
2023121007,3529,0.0,0,54.3600006103516,44.1199989318848,22,3.076881462801908,1.007173786218627,0.3875674302142335,0.8786353054595498,0.0,14
2023121007,3552,0.3903,1,70.8199996948242,50.9900016784668,17,2.192716912530896,0.9552475357817689,-0.7245540816864761,1.4840822079655753,0.0,14
2023121007,3622,0.0,0,60.189998626709,40.1800003051758,12,6.5203753645332005,0.918312405754449,-0.5833959507473865,7.639744760134333,0.0,14
2023121007,3707,0.3468,1,42.2400016784668,47.0,15,1.9596954809808154,1.7901129566554796,-0.6201938896871477,2.478083937238613,0.0,14
2023121007,3732,0.2992,1,34.5099983215332,17.7800006866455,10,2.1024023570869628,0.31780676012802644,-0.09416440153617671,6.30956416878377,0.0,14
2023121007,3760,0.0,0,32.2000007629395,27.4200000762939,9,3.616145061047717,0.8421998156498697,-0.10712802412168754,6.202064172515469,0.0,14
2023121007,3895,0.4428,1,40.7299995422363,35.1399993896484,8,1.6717064632854575,2.5600788545386393,-0.06479503932943537,1.9909043171383196,0.0,14
2023121007,4041,0.0,0,48.0900001525879,41.5400009155273,10,4.701764745995457,0.35468224717462155,-0.08627028158627939,7.694114633926371,0.0,14
2023121008,174,1.2189,2,91.0500030517578,10.3800001144409,29,0.9625984704363652,1.7240911366149785,-0.9395599295574761,1.3020752666416766,0.3932,14
2023121008,204,0.2336,1,49.7400016784668,7.09999990463257,9,2.3207740569389754,1.4727510707785165,-0.4481570913021832,4.897448315194355,0.0,14
2023121008,326,0.0,0,73.6100006103516,48.7200012207031,13,4.337765170827895,1.3132019514286901,-0.21493745102245324,3.7793385664690056,0.0,14
2023121008,356,0.8463,1,105.809997558594,51.560001373291,20,0.4609793082287369,1.5117221798273084,-0.7713973683027661,1.1943617542436664,0.6744,14
2023121008,459,1.0239,1,72.75,32.4599990844727,10,0.8876944865580817,0.9970462786345707,0.24440710983201086,0.8586617494683204,0.1377,14
2023121008,652,1.371,2,93.5500030517578,23.6100006103516,9,0.7088015303205439,1.0454694622484522,-0.3786758706401926,1.983053201505198,0.0806,14
2023121008,675,0.0,0,99.4899978637695,19.7999992370605,8,3.2150249806534257,0.5467153477943386,-0.020090130194781862,3.504753914328372,0.0,14
2023121008,826,0.0,0,86.4199981689453,3.61999988555908,7,10.77109730980966,0.2817783787329589,-0.23071014990345243,10.800671275434683,0.0,14
2023121008,978,0.2182,1,74.1699981689453,34.0699996948242,14,2.345463235808839,0.2563197551847813,-0.17881494283166735,3.2999696968305683,0.0,14
2023121008,1046,0.0,0,56.5999984741211,21.1000003814697,7,7.836288222090423,1.0012997618476467,0.2798792007134226,4.474874299910558,0.0,14
2023121008,1071,0.105,1,77.629997253418,15.6499996185303,10,2.6848670437832225,1.9120641976297257,0.3049077492902452,3.0948344059093107,0.0,14
2023121008,1134,0.0,0,70.9300003051758,12.3800001144409,7,9.078001147372452,0.8489996761686164,0.026928504152712765,6.694236326871054,0.0,14
2023121008,1237,0.1723,1,56.9900016784668,33.0900001525879,6,2.5395475672482046,1.4926482804609447,0.6775951846028311,5.183743820830656,0.0,14
2023121008,1279,0.0,0,34.4099998474121,20.4699993133545,7,4.3874482337093825,0.68883917312651,0.06183565120045485,3.0486882425069326,0.0,14
2023121008,1358,0.0,0,52.939998626709,29.6000003814697,6,3.3055269478582376,0.683521139002247,0.2655787155930201,5.39281929977262,0.0,14
2023121008,1383,0.9215,1,92.6500015258789,42.2400016784668,25,1.132300784210232,1.0855860506516337,-0.6867699305314268,3.1737044600907622,0.0,14
2023121008,1442,0.0784,1,69.3000030517578,46.560001373291,14,2.7821248223673867,1.6519711893480393,-0.26116379132519135,1.439235908390282,0.0,14
2023121008,1467,0.0,0,62.5499992370605,44.2900009155273,7,3.5099992370606174,0.7355260199357019,-0.5866573742876736,6.315892652665967,0.0,14
2023121008,1517,0.0,0,66.4800033569336,47.5999984741211,9,13.954221467977256,0.3008323718956994,-0.3630149366598148,16.33979192033974,0.0,14
2023121008,1642,0.3064,1,37.0299987792969,27.0300006866455,6,2.120024915225326,0.5292456156009223,-0.09567045569525774,4.1297578621512425,0.0,14
2023121008,1738,0.4676,1,64.9700012207031,28.7099990844727,6,1.8110755110813204,0.4031139472834923,-0.20569831542677988,4.386308242702506,0.1181,14
2023121008,1770,0.0,0,74.0699996948242,36.4000015258789,8,4.10838282194145,1.3851369146995327,-0.404740750812621,1.824636950190367,0.0,14
2023121008,1954,0.8845,2,49.6100006103516,13.960000038147,11,1.8681814042910283,5.371516903501709,-0.6737757215155763,4.49928883269345,0.774,14
2023121008,1977,0.0,0,43.6800003051758,17.6900005340576,6,8.550841489908885,0.7802560493606081,0.041892418892719524,6.614718436940457,0.0,14
2023121008,2082,0.9238,1,72.9599990844727,14.539999961853,7,0.9701544569865969,0.30594131296037086,0.4757771269831647,0.8300602387778857,0.3492,14
2023121008,2107,0.0,0,71.6100006103516,10.5,7,6.381888365435973,0.5930429383764552,-0.5200123828864642,5.700701711193105,0.0,14
2023121008,2278,0.0,0,31.6399993896484,8.67000007629395,11,14.831092314668401,0.975910202460772,0.4607576119759087,6.069110313711557,0.0,14
2023121008,2404,0.6271,1,48.939998626709,6.59000015258789,22,1.6846673427677066,0.6107371744393361,0.6304652690919199,1.127120224288431,0.0,14
2023121008,2436,0.0596,1,29.8799991607666,16.2199993133545,12,2.82123989037518,3.287581730860259,-0.6006993583574065,0.8268010643437727,0.0,14
2023121008,2503,0.0,0,28.3999996185303,25.25,5,8.1215573805511,0.37643023967524286,0.050772540427702025,7.477412654120409,0.0,14
2023121008,2528,0.2751,1,17.9200000762939,22.7199993133545,8,2.1746270340973664,0.43046475688714086,0.11197324094425716,3.799328888106425,0.0,14
2023121008,2655,0.0,0,72.2300033569336,48.6699981689453,14,4.7726807412118015,2.116457890027299,-0.6107736875129829,8.808388047764467,0.0,14
2023121008,2690,0.0,0,90.1800003051758,28.7900009155273,11,11.238136859028556,0.9377640318307032,0.03989808274020615,1.4135416513141696,0.0,14
2023121008,2762,0.0,0,83.2200012207031,15.8900003433228,8,4.809657598668726,1.358713793092917,-0.24926381448669316,5.758029176723573,0.0,14
2023121008,2829,1.1056,1,82.4700012207031,41.8499984741211,15,0.7382425874492103,1.1999999389664573,-0.6406837083920098,2.5090635703385464,0.0,14
2023121008,2904,0.87,1,49.4000015258789,10.3999996185303,25,0.39000126178561506,1.2238056647925406,-0.659815994044427,1.2587295182047609,0.3237,14
2023121008,2953,0.9587,1,68.5199966430664,12.3299999237061,13,0.8386294300792715,1.6252110191109665,-0.24521218772009581,5.491812087098382,0.0,14
2023121008,3027,0.7164,1,81.5,28.4899997711182,11,1.4637278900952986,0.3577709787590711,0.6007405339643882,4.92909728043585,0.0,14
2023121008,3074,0.2037,1,66.5800018310547,13.8199996948242,8,2.447694364629747,2.3352951797714048,0.07366741118582514,3.7619808611953394,0.0,14
2023121008,3206,0.0,0,44.2299995422363,35.8899993896484,9,5.0588741551749035,1.9936155688847799,-0.031294123353267325,4.737678756522013,0.0,14
2023121008,3286,0.0,0,61.8600006103516,17.7000007629395,8,3.1184927879790796,2.784689895651259,-0.3292873447014843,2.1805733191067027,0.0,14
2023121008,3356,0.0,0,70.25,39.5,10,3.6177340974704038,1.2924782396620793,-0.09915927688637069,3.1644588794926665,0.0,14
2023121008,3381,0.0,0,59.4199981689453,49.6599998474121,11,3.630494000578392,1.6530264565541042,-0.5262681025130331,5.231156659860227,0.0,14
2023121008,3495,0.0,0,59.2700004577637,10.5699996948242,7,8.796732859572717,1.6708378619024797,-0.2158654884603046,7.9047454101950665,0.0,14
2023121008,3520,0.0,0,52.6300010681152,27.2600002288818,9,3.552253898670678,0.36235427347830934,0.12294603397872515,8.013900423638912,0.0,14
2023121008,3659,0.0,0,58.2200012207031,43.0099983215332,17,5.821897616839893,0.48795286145225936,0.07546850348617898,1.4549914089093474,0.0,14
2023121009,77,0.0,0,75.9499969482422,44.9799995422363,9,3.631883614865516,0.5303741573980644,-0.2874381737928995,2.548273925621032,0.0,14
2023121009,106,0.0,0,67.0699996948242,5.67000007629395,11,5.146658797595737,0.1303837379756913,-0.49408759860304846,7.655880093104912,0.0,14
2023121009,153,0.0,0,29.3199996948242,46.0499992370605,19,3.806218045105297,9.657478692181604,0.5990627154181642,1.8530245546133475,0.0,14
2023121009,247,0.0,0,55.7400016784668,20.5300006866455,6,6.42448503857449,0.7516633278850202,-0.1393289596613358,6.786825472929151,0.0,14
2023121009,299,0.208,1,76.8899993896484,11.0799999237061,6,2.4100622196002264,0.7170080900497253,-0.10444474133925412,2.1279332696304194,0.0,14
2023121009,371,0.0,0,99.1100006103516,10.5299997329712,7,10.94464775965065,0.5220159750942971,0.11580688107199007,10.810004625345915,0.0,14
2023121009,536,0.0,0,69.2200012207031,21.3299999237061,8,3.5023696522281957,0.2599989025415037,0.037445564612008674,5.4538151783865905,0.0,14
2023121009,644,0.0,0,96.9000015258789,34.7299995422363,12,6.3532127610436415,1.7617310559444532,-0.7868453855247948,5.453448450292717,0.0,14
2023121009,771,0.0,0,91.1699981689453,42.3199996948242,8,12.317993160384155,1.854210593172094,-0.5502924663818077,12.985722929432924,0.0,14
2023121009,816,0.7539,1,50.0999984741211,34.8600006103516,11,0.7382422071374352,3.4659067572081037,-0.3891480583887742,1.3787313008704793,0.1036,14
2023121009,942,0.0,0,70.3300018310547,49.9000015258789,16,8.246825821291164,1.3337524414061486,-0.7530021893059767,3.208301731446093,0.0,14
2023121009,1072,0.0,0,22.0599994659424,42.7999992370605,7,9.193475033131646,2.501398833201646,-0.04233758164403243,5.470548418577427,0.0,14
2023121009,1272,0.6325,1,48.9000015258789,26.2800006866455,11,1.1025871045236657,1.8531042672817535,-0.4283409290153954,1.0200490184299928,0.0,14
2023121009,1295,0.7752,1,51.3400001525879,31.7800006866455,18,1.094578213911689,1.2298369440690349,-0.4429426310812731,3.944920785009504,0.0,14
2023121009,1320,0.0,0,70.0500030517578,6.57999992370605,14,5.087088548373847,2.8397504796318724,-0.5959230913099641,4.74495521580552,0.0,14
2023121009,1372,0.0,0,75.0400009155273,46.1800003051758,10,3.8180882280647244,1.7880707984240227,-0.7109608051092847,3.8601165785504485,0.0,14
2023121009,1395,0.0,0,91.0400009155273,36.6500015258789,16,3.399912379314361,1.4558143208930407,-0.3335779105026307,2.481289987083332,0.0,14
2023121009,1478,0.0,0,99.0599975585938,32.2099990844727,7,4.307119412161983,2.378758575056612,-0.3623578094795952,3.9397461847180013,0.0,14
2023121009,1527,0.0,0,91.2600021362305,35.4199981689453,8,5.751053393129246,1.4677900827634736,-0.49180012111828325,6.421347210671599,0.0,14
2023121009,1612,0.1368,1,78.5299987792969,19.8299999237061,6,2.6158925845643233,2.1594664317319463,-0.41062251136459,1.5482893786369525,0.0,14
2023121009,1644,0.0318,1,57.4700012207031,33.2799987792969,9,2.9263803291878534,6.070528364485755,0.027003818965916443,2.281600315567999,0.0,14
2023121009,1703,0.0,0,63.7000007629395,29.7900009155273,7,7.703719206647451,3.325686787972613,-0.102881964820383,4.2851487722131685,0.0,14
2023121009,1728,0.0,0,71.9800033569336,26.3700008392334,5,9.67498368120481,3.1115572741572777,-0.10610985851081245,6.222322717442418,0.0,14
2023121009,1817,0.0,0,70.9899978637695,34.3699989318848,8,5.713993395969253,3.8730368830248936,0.09875500975990875,1.2495199078045918,0.0,14
2023121009,1877,0.1133,1,94.25,45.75,11,2.6601691675530676,2.3660304309116595,-0.680817858472701,1.8604300578092288,0.0,14
2023121009,1914,0.0,0,115.970001220703,25.5300006866455,14,3.7947345673989785,1.7129224702183312,0.4193741342753413,4.116807015151425,0.0,14
2023121009,1937,0.0,0,92.629997253418,11.0299997329712,6,16.55703429530085,2.2940159929195065,-0.5313594848852707,16.87320360808818,0.0,14
2023121009,2031,0.0744,1,85.0899963378906,44.1800003051758,7,2.8001570445048727,2.6806684019229277,-0.4167291137051358,2.8069200202357023,0.1635,14
2023121009,2056,0.7647,1,49.2700004577637,48.4000015258789,18,1.2519569239909507,1.4007125218438659,0.09398138638271637,1.364844313465824,0.0,14
2023121009,2079,0.0,0,80.0,38.1399993896484,5,3.5528715708460354,1.2100413266526848,-0.3635260511065746,3.614484748895754,0.0,14
2023121009,2109,0.0,0,60.6100006103516,35.9000015258789,8,4.923272827920228,2.6205340264891164,-0.14529252809720564,4.012181451529826,0.0,14
2023121009,2134,0.8663,1,11.0,0.839999973773956,24,1.632482783780296,1.5907859700860467,0.7762849216999094,2.278815481779953,0.0,14
2023121009,2331,0.0,0,76.4599990844727,30.8600006103516,8,6.644472450228608,1.6080104538311508,-0.31508500265291695,4.544370143375203,0.0,14
2023121009,2502,0.0,0,32.7700004577637,38.2299995422363,7,7.253971552656088,2.424418022244228,-0.11810919005860245,4.296347285776602,0.0,14
2023121009,2657,0.0,0,36.1699981689453,9.53999996185303,11,12.311966827652913,2.0077108146605425,-0.09111723381055505,7.925679781570791,0.0,14
2023121009,2682,0.0,0,53.8499984741211,11.7799997329712,10,4.985781124062257,2.459777649546288,-0.3608635176936917,2.6443335644354673,0.0,14
2023121009,2776,0.0,0,90.7300033569336,39.7000007629395,13,4.906087798686002,2.144617755686311,-0.5072114753801986,5.401786741440283,0.0,14
2023121009,2830,0.0,0,101.199996948242,36.9900016784668,9,7.61557053991699,2.5748406796867287,-0.26187003865360864,6.5333146258235555,0.0,14
2023121009,2855,0.0,0,116.129997253418,30.7700004577637,11,3.109422740291173,2.2983933484633674,-0.21683353322099946,1.6101242188104654,0.0,14
2023121009,2926,0.0,0,92.5400009155273,17.9200000762939,12,16.76046022711907,1.541590122831693,-0.5514108347117769,15.742099605834035,0.0,14
2023121009,2973,0.559,1,71.6500015258789,14.460000038147,8,1.5913833332170275,1.3363384669318856,0.20100292697649305,1.9241621553289214,0.0,14
2023121009,3022,0.5862,1,44.3199996948242,52.2099990844727,16,1.7117235530229715,1.0394227935028262,0.2602823986517769,1.39628077405656,0.0,14
2023121009,3057,0.7679,1,45.5200004577637,29.6499996185303,11,1.2110322171880086,0.18027799967242786,0.13318038182299635,2.51240920233946,0.0,14
2023121009,3087,0.0,0,45.7000007629395,39.689998626709,9,3.8722721304201353,0.43324463352479103,-0.5003520965693793,4.877724879490434,0.0,14
2023121009,3152,0.0,0,62.3499984741211,27.8799991607666,9,3.8249853970121928,0.4976960437171873,-0.5387902360169923,4.92293611577481,0.0,14
2023121009,3175,0.0,0,51.3600006103516,21.6200008392334,9,6.6561616068671015,7.59044160083453,-0.011348354090008617,3.98528543519784,0.0,14
2023121009,3234,0.0,0,40.5699996948242,17.1399993896484,8,3.084573884838163,8.926925996750835,0.2628579760955916,5.16705912487945,0.0,14
2023121009,3444,0.71,1,15.4200000762939,25.7000007629395,7,0.900888492708419,0.688767734306645,0.21273353168420833,3.041742921418574,0.6715,14
2023121009,3571,0.959,1,44.0699996948242,30.4899997711182,7,1.0754068550413212,0.9372300490248586,0.21650169242296846,1.257179382586273,0.7863,14
2023121009,3594,0.4206,1,49.5900001525879,47.3400001525879,15,1.980631361205142,1.3373481142311983,-0.19368777752251742,3.850467504083113,0.0,14
2023121009,4037,1.3502,1,65.0299987792969,14.0799999237061,16,0.6451353194367477,0.655211042811085,-0.7092771994500509,1.4549570440394441,0.0,14
2023121009,4208,0.0,0,84.9199981689453,36.2000007629395,6,5.822414482278474,1.8123176826081515,-0.3505520788819747,5.709579669292644,0.0,14
2023121009,4231,0.5701,1,108.029998779297,6.32000017166138,16,1.2896907091117575,1.8170589012507685,-0.613543952286317,1.1629703349612983,0.256,14
2023121009,4254,0.5202,1,89.5999984741211,45.2000007629395,15,1.439514638908797,0.7877182915321752,-0.5051981748835954,2.1484878403193246,0.0,14
2023121009,4337,0.1197,1,78.9300003051758,3.08999991416931,13,2.661202993053973,0.8100003051757955,-0.4099798201516816,1.461848145328374,0.0,14
2023121009,4362,0.6463,1,60.7700004577637,50.0699996948242,16,1.061037770540275,0.8028080999449815,-0.7260258514767352,1.556406116667493,0.2688,14
2023121009,4427,0.0,0,58.7099990844727,10.3900003433228,8,5.531554297470417,3.679619485836581,-0.27012422457456414,5.910845963142673,0.0,14
2023121010,99,0.0,0,66.7200012207031,12.6700000762939,15,3.7697748585469406,1.500834005816172,0.7410610967541116,3.935123886232808,0.0,14
2023121010,196,0.1012,1,97.0699996948242,45.9700012207031,8,2.6963115562379616,1.8085341715353356,-0.6052722547806632,4.464179655883039,0.0,14
2023121010,297,0.0,0,98.9899978637695,17.0499992370605,9,6.990065636715856,1.770537496736187,0.2030057992769252,3.733430058270813,0.0,14
2023121010,322,0.7136,1,118.839996337891,27.0799999237061,11,1.6155463536421146,1.0855837476092283,0.3650560916650938,1.3753908535394623,0.0117,14
2023121010,390,0.0,0,90.5599975585938,21.6299991607666,6,8.656141232994036,5.1552860236166955,-0.20592336146495813,4.9932153969161,0.0,14
2023121010,437,0.0,0,78.7300033569336,25.5400009155273,6,9.319858580405182,0.7360039903366338,0.42946264801449313,6.066976182580581,0.0,14
2023121010,462,0.0,0,72.2200012207031,3.79999995231628,12,8.383418718831026,0.5920315927902888,0.019299145782454095,8.20347487349111,0.0,14
2023121010,487,0.0,0,65.7600021362305,27.1000003814697,5,17.967622734469252,1.5536089414997074,-0.24149015872751517,18.362595132496924,0.0,14
2023121010,534,0.0,0,54.9599990844727,20.7099990844727,8,13.430848045359305,0.5021953999472999,0.2499766460127243,15.101211871899553,0.0,14
2023121010,599,0.0,0,41.0299987792969,16.8600006103516,11,5.8961838772181245,1.5128769949204735,0.7143266318038219,2.442334948363967,0.0,14
2023121010,710,0.5614,1,40.3499984741211,34.2999992370605,7,1.3157495069881309,0.8984443376114502,-0.18732648749182254,1.8944656238633628,0.0,14
2023121010,1051,0.0,0,89.9700012207031,43.2700004577637,13,5.823161805714238,0.724983680279523,0.4201493949189409,7.174071368476899,0.0,14
2023121010,1104,0.9587,2,79.1100006103516,31.0599994659424,7,1.7353965037971757,1.1738825109596362,0.22258297233987492,1.770706073858674,0.2045,14
2023121010,1241,0.0,0,103.040000915527,2.82999992370605,30,6.221719587652882,0.6926028773610892,-0.8142892145912509,5.255949010407158,0.0,14
2023121010,1362,0.0,0,80.5599975585938,33.0699996948242,8,3.7146849376222373,2.973211347647502,-0.18144157270404682,4.227114855312073,0.0,14
2023121010,1409,0.0,0,76.5999984741211,31.25,7,3.820470528109681,0.9090642792299396,-0.1020059916668536,3.50202798389733,0.0,14
2023121010,1434,0.0,0,58.6699981689453,47.6599998474121,10,3.4042464290945955,0.9042671853271071,0.5750891707240644,3.312174512310608,0.0,14
2023121010,1459,0.2033,1,50.1800003051758,25.6800003051758,8,2.4675901498144284,1.643046275067133,-0.14124360215924925,1.9678668654154405,0.0,14
2023121010,1536,0.0,0,54.0699996948242,37.939998626709,9,15.432993732008958,0.7368169920591553,-0.011814959227420808,16.911847917953853,0.0,14
2023121010,1595,0.6765,1,81.3199996948242,3.21000003814697,30,0.9704639076624906,0.27018507230640043,0.374472751022899,1.7608236708994967,0.0,14
2023121010,1753,0.0,0,83.7300033569336,5.78999996185303,10,3.1075746636864596,2.1664046569690356,-0.5149059429613551,5.747347214150193,0.0,14
2023121010,1783,0.0,0,81.0,34.9199981689453,8,3.3188712552153596,2.598346437915691,-0.22499034624562622,3.5897910802719526,0.0,14
2023121010,1911,0.0,0,37.1699981689453,42.4500007629395,8,11.977084252410345,1.3917620581804846,-0.5740182725037162,11.289061076989526,0.0,14
2023121010,1941,0.0,0,40.7099990844727,38.6800003051758,7,4.99124321382765,1.2485196947679527,-0.3761162917703351,6.448317610043724,0.0,14
2023121010,1966,0.0,0,51.5299987792969,23.9699993133545,7,5.143016003510724,0.7810262218584187,-0.2129974349279029,4.698020859894088,0.0,14
2023121010,1991,0.0,0,80.1500015258789,3.17000007629395,15,5.73516447714425,6.298588254032625,0.5485736992878533,1.7917868176766965,0.0,14
2023121010,2036,0.0,0,88.5899963378906,8.39999961853027,19,6.401760365262414,0.4019987067375386,-0.6682433316540688,4.023555641469372,0.0,14
2023121010,2107,0.563,1,117.0,50.2700004577637,19,1.809668875064781,0.44553346012070205,-0.3387918493592102,2.6469794105734907,0.495,14
2023121010,2456,0.7493,1,53.7099990844727,33.4799995422363,8,1.089082968389959,3.9923936881075317,-0.14802709604495629,5.538781454435621,0.7237,14
2023121010,2635,0.0,0,66.3399963378906,34.6199989318848,7,6.835317300438237,0.2785647309705638,-0.4227615048403576,7.155976523158811,0.0,14
2023121010,2665,0.3159,1,5.42999982833862,47.2900009155273,30,2.0523392177341107,1.7850763210577496,-0.49787110316943417,1.768530463407402,0.0,14
2023121010,2740,0.3053,1,48.1300010681152,5.44000005722046,16,2.08405747084014,1.623636838921439,-0.6344095379925855,2.7673995013369495,0.0,14
2023121010,2797,0.0552,1,49.3400001525879,9.80000019073486,13,2.834254525615677,1.9809087355656163,-0.4184581031086371,1.1172287142747463,0.0,14
2023121010,3062,0.0,0,18.5100002288818,36.8199996948242,8,10.656396936847845,1.7940179192234715,-0.5017080711456495,9.022000886721303,0.0,14
2023121010,3087,0.2278,1,26.2600002288818,25.5499992370605,8,2.4395290226635784,0.8668336244819258,0.031372760774894884,3.075191050975532,0.0,14
2023121010,3112,0.0,0,39.1300010681152,25.8600006103516,6,3.7476931641659497,2.152323112707677,0.021012366773570643,3.070260575260671,0.0,14
2023121010,3137,0.0,0,59.7000007629395,55.8699989318848,17,6.6260239912867736,6.50828668365516,0.6424333270439433,4.143971524998696,0.0,14
2023121010,3160,0.0,0,50.2299995422363,19.6700000762939,7,3.811469996262602,1.940309716110773,-0.35212099097177746,3.2761257607118806,0.0,14
2023121010,3228,0.2231,1,62.9000015258789,48.7099990844727,11,2.330773659812266,1.824967497236564,-0.5327951854814302,1.3376471881628555,0.0,14
2023121010,3258,0.0,0,64.0100021362305,41.5699996948242,8,11.123242849459052,1.671707855256141,0.10673067597093525,8.094491954409492,0.0,14
2023121010,3281,0.0,0,61.5999984741211,38.439998626709,7,5.550035272984877,2.3099131038563914,-0.4742258294377509,6.682611764871579,0.0,14
2023121010,3311,0.8758,1,49.439998626709,37.8199996948242,10,1.2560240730853722,1.4103178437111468,0.2276173123984131,4.26643879599837,0.5514,14
2023121010,3334,0.5487,2,46.4000015258789,40.689998626709,9,2.2603535589978327,2.359831098558733,0.3337735764107561,1.561569723067144,0.3386,14
2023121010,3486,0.6814,1,47.2200012207031,18.7900009155273,32,0.9558780584107285,1.5108289431504867,-0.8797194866519668,2.9204965331258337,0.0,14
2023121010,3511,0.0,0,26.1100006103516,16.6700000762939,10,4.646396916047202,1.910236116764086,-0.2392702940817301,1.7884350701101805,0.0,14
2023121010,3582,0.0232,1,12.6999998092651,9.72000026702881,8,2.943229197052825,2.5431085332045456,-0.7431369211003462,4.261384751462839,0.0916,14
2023121010,3726,0.0,0,56.9700012207031,11.3100004196167,8,5.002558138317638,1.4756690304828282,-0.5632184210341892,7.984710389237669,0.0,14
2023121010,3773,0.0,0,65.9800033569336,10.4499998092651,8,5.784052433890498,1.3248378242756145,-0.6020882693762044,6.0725283037627715,0.0,14
2023121010,3945,0.0,0,113.879997253418,32.8600006103516,14,8.313077473113221,2.3049540020720505,-0.4356967610109118,9.635372333231349,0.0,14
2023121010,4016,0.0,0,78.2600021362305,9.06999969482422,15,3.0902762892579743,0.6303195058445024,-0.3743211891883009,2.8486136979239576,0.0,14
2023121010,4046,0.0729,2,63.4199981689453,21.3199996948242,9,2.8723671007087366,2.9083655491082485,-0.27898147366867215,2.3125094594401108,0.0,14
2023121010,4071,0.0,0,57.8800010681152,41.5099983215332,9,4.507816113110961,1.478988025177067,-0.5426753845021687,5.3139815581162875,0.0,14
2023121010,4141,0.0,0,27.9300003051758,54.2599983215332,25,4.223137268798646,5.1381697623845435,0.752137245035669,1.811767093199342,0.432,14
2023121011,64,0.0,0,84.8000030517578,16.6299991607666,7,13.870294995956316,1.8677557757609509,-0.08553532066399393,12.282320627633847,0.0,14
2023121011,239,0.5874,1,16.2600002288818,51.4900016784668,16,1.2379418779092166,1.4405895663400456,-0.5279136951826845,3.1702523558858826,0.0,14
2023121011,262,0.0,0,33.2799987792969,43.3600006103516,8,9.910725887131882,0.2353711901865217,-0.5543442567086622,9.59400854700474,0.0,14
2023121011,292,0.0,0,18.5599994659424,10.9300003051758,8,3.6378566988110133,0.6505376452640149,0.5526301681430307,2.024845673131659,0.0,14
2023121011,445,1.1458,1,86.7200012207031,3.20000004768372,25,1.0560313924262643,0.8500007705693662,0.389102125811425,1.1292918134831222,0.0,14
2023121011,468,0.0299,1,63.7900009155273,33.0800018310547,9,2.917960305795093,1.8740848271125057,-0.20926331892647965,3.732505860678594,0.0,14
2023121011,539,0.3304,1,70.2300033569336,29.5699996948242,8,2.008779035360049,1.7084754849506607,-0.3416153826956966,4.275067250933014,0.0,14
2023121011,598,0.0,0,79.7900009155273,26.75,11,3.702675468001277,2.7947442204197146,-0.009275925673418674,7.0920589394054,0.0,14
2023121011,728,0.528,1,88.370002746582,20.2299995422363,7,1.9007366511177066,0.5403696843455187,0.5782597481098032,1.5642570121306774,0.0412,14
2023121011,753,0.7037,1,68.7699966430664,4.59999990463257,15,1.1562464119569271,0.9144388554436774,-0.22228783694222096,0.8215229759416386,0.0,14
2023121011,776,0.1324,1,71.370002746582,44.7000007629395,16,2.6498492175712407,0.6356127904572637,-0.2892678245291687,1.2169634341261042,0.0,14
2023121011,845,0.0,0,46.439998626709,17.25,8,3.49676858317704,1.5181886259959523,-0.14487873185764752,3.1992030257550077,0.0,14
2023121011,1035,0.0,0,49.0499992370605,9.65999984741211,9,3.7135556475547293,0.9009432194610857,0.1939795500254263,2.19184853491294,0.0,14
2023121011,1058,0.4322,1,46.2700004577637,25.6399993896484,6,1.8076787616979695,5.661281416913947,-0.28131709346630646,2.3032585612562073,0.5336,14
2023121011,1081,0.3992,1,39.1800003051758,29.9699993133545,11,1.802276721516717,1.539416011213093,-0.3633713616857569,0.8805679985100532,0.0,14
2023121011,1214,1.0525,2,60.1599998474121,9.17000007629395,13,1.2912396186640291,0.6053924473090293,0.6224093347406544,2.995363083167044,0.0,14
2023121011,1290,0.0425,1,44.0999984741211,38.8199996948242,11,2.872366970026732,1.6790759878868444,-0.3880066372524854,4.478001786511475,0.0,14
2023121011,1315,0.718,1,17.0699996948242,51.5299987792969,21,0.845989623816451,1.2887592541047295,-0.8505445085267792,2.6981845748576943,0.0,14
2023121011,1403,0.0,0,54.8699989318848,32.4000015258789,12,6.038485663852523,0.4850755707409453,0.14781287701993165,3.181980515339463,0.0,14
2023121011,1453,0.0,0,67.5100021362305,13.8500003814697,6,6.325517787924049,1.6914480269644874,-0.4468935123044868,5.2228823459848295,0.0,14
2023121011,1637,0.7662,1,113.120002746582,11.3999996185303,11,1.3277409796404078,0.8769247428983854,0.34116239628799394,1.3340539719216793,0.0,14
2023121011,1788,0.0,0,70.8199996948242,45.8199996948242,13,4.475577939013432,1.6311040310500236,-0.17646522708445608,2.457335955867651,0.0,14
2023121011,1884,0.4433,1,31.2399997711182,50.4599990844727,21,1.6700297054918305,1.3218926640048627,-0.813845908208451,1.8071247881648884,0.0,14
2023121011,1909,0.1106,1,28.0699996948242,10.5299997329712,10,2.7118257170746904,0.9640021043652302,0.40312496688432775,4.752188969306669,0.0,14
2023121011,2044,0.2773,1,36.8699989318848,47.5499992370605,10,2.447611258513929,0.42059442145619746,0.4949632094097285,3.501842372237791,0.176,14
2023121011,2074,0.0553,1,45.9599990844727,3.46000003814697,14,2.8342380136111425,1.4257988133017532,-0.4802856615891527,2.0695168518279776,0.0,14
2023121011,2124,0.0,0,48.0999984741211,42.1500015258789,9,5.0492890698680135,0.8969400734530589,-0.08281528983726899,4.820041493597333,0.0,14
2023121011,2228,0.769,1,105.830001831055,17.1700000762939,17,1.200333697652932,0.29966575568083054,-0.17517655492266984,1.3737903770226367,0.0,14
2023121011,2275,0.791,1,116.080001831055,47.5200004577637,15,1.3194714395412568,0.8937572149261028,-0.11962397609859035,0.8668333173107821,0.4506,14
2023121011,2305,0.3629,1,110.279998779297,35.9099998474121,8,2.0601465199040794,0.4140056896481331,0.286047124057341,1.9163767896736814,0.1567,14
2023121011,2395,0.0233,1,66.5899963378906,0.879999995231628,15,2.930013554042721,1.7610187701487205,-0.45935597690031216,2.322434067955424,0.0,14
2023121011,2658,0.3529,1,63.1699981689453,38.810001373291,10,1.9411605038141013,0.9708266788221589,-0.4578811188210834,1.2536347155371863,0.0,14
2023121011,2721,0.7385,1,39.3600006103516,2.84999990463257,25,1.4716651177894102,0.6989271424599696,0.5854897212848603,2.572625118434474,0.0,14
2023121011,2744,0.0,0,69.9800033569336,8.72999954223633,9,4.276754447491397,1.1884877625085462,-0.6916826280058979,6.483903145482663,0.0,14
2023121011,2805,0.6723,1,55.1300010681152,2.35999989509583,17,1.2541927877775458,2.6500007247925743,0.5505838223463648,2.7294688127912328,0.0,14
2023121011,2857,0.2175,1,47.5800018310547,40.8600006103516,10,2.3476362571952123,2.0529255545497516,-0.3067166388901247,4.237983010820122,0.0,14
2023121011,2922,0.0,0,62.8699989318848,27.3199996948242,6,5.414886446649107,1.6979983153142257,-0.38735251675587096,5.01941231619798,0.0,14
2023121011,3091,0.4737,1,67.0500030517578,37.9700012207031,7,1.670479751481145,2.122005484300518,-0.17429761121358223,1.0495713410721488,0.0,14
2023121011,3139,0.61,1,64.379997253418,23.0499992370605,10,1.264911208828085,0.9972447302493036,0.1042267176635672,1.1101801655587205,0.0,14
2023121011,3342,0.0,0,41.3699989318848,18.6000003814697,10,4.7915352707514725,2.167811065141297,-0.12082817818042899,1.3179529581893263,0.0,14
2023121011,3433,0.0,0,63.3300018310547,15.7299995422363,7,7.657968087282234,0.9759088843935969,0.22981705217821102,7.417553505031155,0.0,14
2023121011,3480,0.354,1,110.839996337891,3.77999997138977,21,2.4074022157198396,1.2741242086171194,0.7919685591236617,1.5861904047118665,0.0,14
2023121011,3503,0.0,0,79.870002746582,17.5900001525879,8,3.4081200092849464,0.982701097252253,0.41370118127952127,3.3455193916640193,0.0,14
2023121011,3528,0.0,0,80.0999984741211,33.3499984741211,10,4.281799663905481,1.415487787398461,-0.40860515456864255,5.4311140661930475,0.0,14
2023121011,3595,0.5099,1,39.6100006103516,17.3099994659424,8,1.4702712819468697,1.0026456876382557,-0.39871055740945227,1.8360010893242955,0.1054,14
2023121011,3654,0.0,0,47.5400009155273,31.1499996185303,7,4.181984186282317,0.5420322507724983,0.3916199590743554,4.208004277564368,0.0,14
2023121011,3701,0.0,0,56.7900009155273,21.2299995422363,7,4.416173831683562,1.1386385742347922,-0.18454246796302018,7.130694215853041,0.0,14
2023121011,3780,0.0,0,67.1699981689453,8.69999980926514,8,10.56001048336826,0.5091183120767456,0.3191511365230963,7.139425747215257,0.0,14
2023121011,3918,0.0,0,80.3199996948242,47.9199981689453,13,3.0620566992221683,1.0088103284621965,-0.2427994854518607,1.9382982226685384,0.0,14
2023121011,3951,0.0,0,75.370002746582,19.7000007629395,9,6.205620442740057,3.0893390647421315,-0.16987188714088056,5.154774485852898,0.0,14
2023121011,3976,0.0,0,61.2400016784668,4.26999998092651,10,7.378246642244805,3.0758585267618845,-0.11047270864379587,6.099245855021753,0.0,14
2023121011,4006,0.2187,1,53.1800003051758,13.4700002670288,8,2.343864543587796,0.7569018025776607,-0.3264756187937047,4.105569388038646,0.0,14
2023121011,4111,0.1285,1,38.2700004577637,22.7800006866455,9,2.6545251965588554,0.8215233910660089,-0.44354196645735733,4.932686894583924,0.0,14
2023121011,4203,1.239,1,63.0800018310547,51.7200012207031,29,0.8099404697000657,0.3106444717000944,0.43573854106749677,1.2676355943251127,0.0,14
2023121100,103,1.6674,2,42.6699981689453,13.9300003051758,8,0.1334173497429633,0.7885436529024747,0.28672754374228615,2.470323865407131,0.8717,14
2023121100,190,0.522,1,68.7600021362305,26.4500007629395,11,1.433911943146666,2.0082353100855155,-0.17237517789087212,4.432651576652511,0.0,14
2023121100,272,0.0,0,44.4599990844727,4.19999980926514,15,5.494589122235875,0.8616255899330685,-0.6183447547454157,2.9893143026453406,0.0,14
2023121100,297,0.5053,2,36.3899993896484,24.5400009155273,8,1.7499989501953739,0.4846637559175048,0.17637110079572602,2.9920227271864133,0.0544,14
2023121100,474,0.0,0,32.6599998474121,23.8099994659424,10,5.869045681168434,2.562849525097758,0.6991510192325212,1.6422241016377752,0.0,14
2023121100,578,0.991,2,49.4000015258789,21.2800006866455,9,1.1597430168162448,0.8246227423732093,0.5673896873605686,1.3730622709840934,0.1432,14
2023121100,738,0.0,0,74.4100036621094,21.3700008392334,8,6.431834709080196,0.9533642406018139,-0.07234644529289737,4.285907138518051,0.0,14
2023121100,791,0.0,0,63.4099998474121,40.2000007629395,11,3.4893118232858624,0.1860110805057766,-0.5694024679135276,1.325179233160559,0.0,14
2023121100,945,0.5473,1,74.3899993896484,22.25,8,1.4383666714857166,5.024788642651623,0.4016861743197601,2.2917242417010044,0.2143,14
2023121100,994,0.5569,1,92.1500015258789,45.9799995422363,7,1.8534840050984502,0.8886512686498589,0.623006073267072,1.6703592427977934,0.1992,14
2023121100,1068,0.7006,1,75.620002746582,42.7999992370605,8,1.2209034148217606,0.15999923708407077,0.3643536412102972,3.6120354372569534,0.0842,14
2023121100,1177,0.0784,1,46.0299987792969,35.7999992370605,11,2.84608359512618,0.5787045290015357,-0.30083468863212665,5.3764300423236255,0.0,14
2023121100,1560,0.4493,1,82.4000015258789,41.8699989318848,8,1.9354567792486315,2.3768240117467605,-0.07834396324428586,0.9154780172128617,0.3707,14
2023121100,1785,0.0,0,45.3400001525879,51.2200012207031,9,11.725672675449106,0.9527317436036801,-0.3256403287688781,15.094369811290566,0.0,14
2023121100,1839,0.5557,1,53.9300003051758,46.7900009155273,11,1.3330412684678512,3.4070078795992593,0.36499217813506785,7.439952956840518,0.0,14
2023121100,1862,0.7612,1,57.7099990844727,31.9899997711182,13,1.6086321845558902,2.136000041590467,0.4604571224642237,8.022574399779662,0.732,14
2023121100,1911,0.0,0,86.9199981689453,20.5300006866455,7,3.0758564699422095,0.16278627972770907,-0.38169264966220257,4.977760540644756,0.0,14
2023121100,1936,1.5117,2,62.5900001525879,46.2400016784668,17,0.6997132329756726,1.4403111916312377,-0.5180164610481015,2.0258825237411973,0.3274,14
2023121100,2045,0.9519,1,23.1000003814697,45.5999984741211,31,0.5573135474759553,0.8246220688284526,-0.8837921922085358,0.8947066558375399,0.0,14
2023121100,2100,0.8927,1,6.88000011444092,33.7999992370605,9,1.1543394579579167,0.5629387686250292,0.6732527924356245,0.9502105029939376,1.1036,14
2023121100,2233,0.782,1,57.9300003051758,1.87000000476837,21,0.6539110308510507,0.9683489380059344,-0.5895848289061797,1.3641847382227978,0.1333,14
2023121100,2263,0.0,0,65.9499969482422,8.07999992370605,10,3.515739063689126,0.2863536184243478,0.32280909279089537,6.737655378542302,0.0,14
2023121100,2456,0.3917,1,114.220001220703,1.12999999523163,17,1.961223863241939,1.6211409748456462,0.11187877844769338,1.2151131634543413,0.0,14
2023121100,2573,0.2287,1,77.4300003051758,41.1300010681152,10,2.393533800844965,0.8249246588327176,-0.2559069118909196,2.441249679979501,0.0,14
2023121100,2654,1.9739,2,20.0,44.4099998474121,33,0.7648529569638816,0.7988117434139586,-0.4790538737669331,1.3651739815862298,0.0,14
2023121100,2697,0.0,0,19.1200008392334,49.5800018310547,10,4.818671702104258,0.2531781025590037,-0.5568673010781816,6.350826717837608,0.0,14
2023121100,2734,0.6638,1,36.8400001525879,42.4900016784668,12,1.7100309188465102,1.0296131941028228,0.0404051568881916,5.96185373856152,0.0,14
2023121100,2757,0.0,0,62.3899993896484,6.26000022888184,28,3.102208385057177,0.8905049269733089,0.6997259056801436,1.0065783625729288,0.0,14
2023121100,2868,0.6568,1,45.7099990844727,1.55999994277954,17,1.0295622015569026,0.42011811684610606,-0.724711443865217,1.1588356225108045,0.3505,14
2023121100,2915,0.0,0,52.3499984741211,2.92000007629395,15,5.871872214535615,0.5108800632518522,-0.6564937521061913,5.167688071081691,0.0,14
2023121100,3033,0.9225,2,24.6100006103516,44.3499984741211,20,1.8212342941671944,0.8321671874004343,-0.7528442693069859,1.2149485585818014,0.0,14
2023121100,3163,0.8202,2,8.1899995803833,28.5100002288818,8,1.5781313309647296,2.0532165109339524,-0.2214977026919629,0.6685057965343284,0.4254,14
2023121100,3267,0.0,0,60.2000007629395,4.90000009536743,18,7.629763338385868,1.8696784139723073,-0.8218923441413617,6.353967264630817,0.0,14
2023121100,3341,0.0,0,53.4900016784668,21.3299999237061,10,13.693375712041036,1.557242544091445,-0.3874578722957796,11.028803198896966,0.0,14
2023121100,3366,0.9171,1,17.8600006103516,51.7200012207031,22,1.053803043501938,2.395850717215448,-0.8464898268791599,6.529938743969964,0.0,14
2023121100,3581,0.0,0,48.8199996948242,37.7000007629395,9,12.82348663895546,1.2366480604009966,-0.47892550701096104,13.492460857827236,0.0,14
2023121100,3680,0.0,0,79.3099975585938,41.8300018310547,11,4.40217837145114,2.3048837972568057,-0.6390956104351181,10.83736130245735,0.0,14
2023121100,3705,0.1205,1,69.5899963378906,32.5400009155273,9,2.6383718926472475,3.0391574203949876,-0.29481157820721193,4.608047308784927,0.0,14
2023121100,3775,0.0,0,71.5400009155273,33.0499992370605,8,10.214941224588763,3.498572262157339,-0.10629811887081124,7.437506302518343,0.0,14
2023121100,3798,0.0,0,69.5400009155273,11.1700000762939,10,3.114482711531042,2.208099541991225,-0.4349811805294119,2.0227703774773835,0.0,14
2023121100,4090,0.0461,1,41.1599998474121,3.1800000667572,12,2.8617478725691856,1.317459840542512,-0.6203742573109154,3.2249030993194157,0.0,14
2023121100,4138,0.0,0,42.3199996948242,28.7299995422363,6,3.103353272185238,0.8926927511191712,0.0490653691443774,4.202332685545019,0.0,14
2023121100,4269,0.0,0,72.4199981689453,19.2600002288818,5,14.205736547036723,1.838316030320936,-0.35199946787912595,13.975424859373677,0.0,14
2023121100,4299,0.0,0,100.849998474121,45.5699996948242,18,4.289812160550204,1.1162900377988552,-0.61693964288204,1.2175385004179597,0.0,14
2023121100,4334,0.1288,1,111.76000213623,24.9699993133545,6,2.6785816271089145,0.11704691439181356,-0.3585526541574683,2.897947549559863,0.0,14
2023121100,4506,0.0,0,64.3000030517578,12.4200000762939,17,6.530925230342845,1.810328493608288,-0.43668386650923047,4.232363405947085,0.0,14
2023121100,4697,0.0462,1,80.1900024414062,16.7199993133545,8,2.8939444815297493,1.3605905282999886,-0.15179682590727556,3.5450952032350225,0.0,14
2023121100,4722,0.0,0,75.2399978637695,12.8500003814697,8,8.582701639262133,1.856473233040223,-0.3621237252540106,5.647698646351444,0.0,14
2023121100,4752,0.1619,1,74.5999984741211,31.6800003051758,8,2.563219081414735,0.9060914260524014,-0.48761922883711784,5.274713262348964,0.0,14
2023121100,4775,0.7629,1,66.2399978637695,20.8500003814697,8,1.1200871140818043,0.276585233118118,-0.15742332029663203,3.11809236553377,0.5544,14
2023121101,116,0.0,0,73.6699981689453,45.3899993896484,9,4.387309353330335,0.5830933053449173,0.07205513301864555,6.068030982122629,0.0,14
2023121101,229,0.0237,1,61.1100006103516,3.75999999046326,14,2.950830415614622,2.790286489564814,0.6311031401205338,5.5021813855960815,0.0,14
2023121101,272,0.0,0,34.4199981689453,47.5999984741211,10,4.540001831054958,2.0401004183134197,-0.5502693408784852,4.192016221342666,0.0,14
2023121101,429,0.0,0,75.1600036621094,53.3199996948242,20,6.236938726764101,1.5317000813389192,0.7000299082784922,2.6208395601409893,0.0,14
2023121101,518,0.0966,1,99.5400009155273,43.689998626709,9,2.710167429914882,2.0582776033634116,-0.19644788133658594,4.809261897630447,0.0,14
2023121101,543,0.0,0,96.4499969482422,16.3099994659424,11,6.5957305431866455,0.9741633208706997,-0.01525945423161484,9.585342977692555,0.0,14
2023121101,686,0.0,0,72.0199966430664,39.0,8,7.487384948560556,4.131453057221506,0.07651664015829875,5.892987357868679,0.0,14
2023121101,783,0.0777,1,64.5699996948242,19.8600006103516,8,2.777949056093814,1.5628497362498195,-0.07055617329778781,4.75075783428286,0.0,14
2023121101,815,0.138,1,64.3199996948242,44.5499992370605,9,2.6288015772485602,1.5005332283835335,-0.2907901465781367,2.165363710788556,0.0,14
2023121101,845,0.0,0,57.8600006103516,26.2399997711182,9,9.150005736052245,0.25612552950781,-0.19636059029445954,12.563860871563325,0.0,14
2023121101,1100,0.0,0,58.060001373291,21.3500003814697,9,3.055552958441041,0.8500592190937901,0.3304370469736324,2.2700220263248583,0.0,14
2023121101,1237,0.0,0,36.8600006103516,16.9099998474121,11,13.566730756291127,0.46324883621364643,-0.16676564546714123,13.700689763657888,0.0,14
2023121101,1306,0.0,0,74.5500030517578,12.0200004577637,19,3.2897720494493865,0.34482167377335776,0.38290914934433967,0.787464284904404,0.0,14
2023121101,1520,0.0,0,65.3600006103516,49.2000007629395,10,5.957189856495242,1.0160715995255383,-0.22326353591714526,6.4533479683029675,0.0,14
2023121101,1602,0.0,0,64.7300033569336,49.8899993896484,12,5.778323243012951,0.6046510910485042,0.4050829931628469,6.237964411568887,0.0,14
2023121101,1697,0.938,1,87.5999984741211,42.8600006103516,22,0.3088701788069444,2.4581712019225983,-0.4894612115593497,0.9806120537705024,0.0,14
2023121101,1768,0.0,0,52.7799987792969,51.9900016784668,11,10.374634164854672,1.4361042816651168,-0.4304215906656416,7.662114590633572,0.0,14
2023121101,1833,0.7205,1,34.6599998474121,17.0400009155273,8,1.4358615896525824,0.518941756139839,-0.2012845549708313,5.085204027371959,0.1878,14
2023121101,1956,0.0,0,70.370002746582,47.3699989318848,12,4.334567640803355,0.5830931640382967,0.3590962611489388,4.398408803192359,0.0,14
2023121101,2003,0.0,0,84.3000030517578,46.0699996948242,13,7.348038017146166,0.3405859890356469,-0.5892049721746893,11.93449621894448,0.0,14
2023121101,2028,0.4505,1,100.529998779297,1.39999997615814,17,1.6484245600914516,0.4675476163201487,0.06043001822408269,2.511035642917082,0.0,14
2023121101,2357,0.0,0,43.4199981689453,47.8800010681152,10,15.170631212292992,1.1325174925696404,-0.10877169314357632,14.915931080559467,0.0,14
2023121101,2528,0.0,0,46.25,28.5100002288818,5,20.35507308909357,1.1676470050933796,-0.020776963262158544,19.024789092129243,0.0,14
2023121101,2553,0.7623,1,63.7900009155273,39.3600006103516,12,0.7130908194942388,3.254797557623888,0.022138000169415233,5.315072906367332,0.0,14
2023121101,2659,0.5572,1,115.51000213623,2.35999989509583,22,1.9449433255222073,2.617041162209375,0.49879172995458465,0.9525754563287903,0.0,14
2023121101,2725,0.0302,1,80.6699981689453,7.80000019073486,9,2.909465503568011,0.1029579946712364,-0.11807242218564759,2.1512786895239775,0.0,14
2023121101,2804,0.0,0,84.6699981689453,41.8400001525879,9,13.740718891710651,0.8973833523678028,-0.12943160467513098,14.100695018331551,0.0,14
2023121101,2907,0.7171,2,23.8999996185303,5.40999984741211,21,1.4071954010690124,0.9167874788146042,-0.7710778529549537,2.1275807857752413,0.2706,14
2023121101,2985,0.8426,1,1.97000002861023,51.3400001525879,13,1.1788131171082898,1.1146300363233417,0.03293756427542718,1.0837435120913106,0.0,14
2023121101,3107,0.0,0,43.7299995422363,35.9900016784668,9,3.680137606826528,0.6438173816587366,-0.034446953952799,2.510318704865979,0.0,14
2023121101,3201,0.0,0,39.189998626709,21.0400009155273,11,3.7844033960088184,0.48269960692462777,-0.2773012949302673,3.899666652420435,0.0,14
2023121101,3248,0.0,0,32.2900009155273,9.85000038146973,11,11.257576189793538,0.8825537845123763,-0.5606251908419703,13.132653958739642,0.0,14
2023121101,3420,0.0,0,50.2799987792969,32.9199981689453,8,3.0064785434835075,0.24698398010928338,-0.08144979119401514,5.647831442244005,0.0,14
2023121101,3499,0.5944,1,71.129997253418,26.9400005340576,16,1.2167146390782524,0.3605524148180035,-0.7819483182536529,6.814198412139179,0.0,14
2023121101,3531,0.0,0,55.6699981689453,11.5200004577637,10,13.133897068634118,1.5121182742823691,-0.44497208551746825,14.96368938464041,0.0,14
2023121101,3561,0.3785,1,42.0900001525879,15.6199998855591,7,1.9024459825183315,0.3601387519475603,0.0010928292589632426,4.886726920956398,0.014,14
2023121101,3586,0.0213,1,36.2999992370605,39.9500007629395,10,2.944503900422931,0.8440377511361348,0.04750813549428891,2.272201575564988,0.0,14
2023121101,3636,0.7193,1,8.93000030517578,7.84000015258789,23,0.842199829237858,1.672872123432491,-0.7973913965991399,0.9968951800465281,0.1594,14
2023121101,3843,0.0,0,27.7299995422363,17.2399997711182,8,3.3266500924665188,2.787919932667489,0.17693719822202725,4.825619131261813,0.0,14
2023121101,3868,0.6679,1,6.82999992370605,51.5499992370605,21,1.2020807759189769,0.3710787846496461,0.27069582661036756,2.0388722372919763,0.0,14
2023121101,3898,0.0,0,24.9699993133545,8.73999977111816,10,4.10307153787531,1.595117008138852,-0.4988706712159183,6.038915465545119,0.0,14
2023121101,3950,0.4371,1,3.13000011444092,32.0900001525879,14,1.6886090803893468,0.45000019073487,-0.04027089858416107,1.2657408897558788,0.0,14
2023121101,4028,0.7891,1,9.97999954223633,3.25,12,1.4829700732102848,0.8980535116926439,0.5422457243459469,2.237073981789606,0.0,14
2023121101,4083,0.7241,1,39.4500007629395,21.8799991607666,7,1.3732072835936082,0.40853346382610484,0.06559111098489728,5.78934365882697,0.3314,14
2023121101,4108,0.0,0,42.7599983215332,23.1800003051758,6,8.78422509186099,0.5885591609933866,-0.3518400190121918,9.016080079502398,0.0,14
2023121101,4137,0.0,0,50.3300018310547,5.51000022888184,11,10.54048204083382,0.3534103801431802,-0.10928661616920925,9.54950260484806,0.0,14
2023121101,4167,0.0,0,69.2900009155273,5.65000009536743,14,4.53486479968813,1.5928897122117758,-0.10675168646397055,2.408422720371153,0.0,14
