game_id,play_id,crp,n_defenders_in_radius,ball_land_x,ball_land_y,num_frames_output,min_def_dist_arrival,rec_dist_to_ball,rec_closing_v,sep_at_throw,crp_at_release,week
2024010600,77,0.0,0,88.4599990844727,42.7000007629395,10,16.48048526493909,0.5024926028504293,-0.366794730711622,14.774318935233527,0.0,18
2024010600,106,0.0,0,68.1900024414062,18.75,10,3.221333830945933,0.4410217075046685,-0.09944317324109608,4.22689010976155,0.0,18
2024010600,178,1.5604,2,49.7099990844727,22.1499996185303,12,0.6184668245546066,0.9832589407334812,-0.4065855985504172,0.7947955712005446,0.1521,18
2024010600,250,0.5808,1,35.189998626709,18.3999996185303,8,1.3345425196970826,0.14560220827238302,-0.3026566971001453,3.6739624385668432,0.0,18
2024010600,275,0.8693,1,50.2900009155273,4.61999988555908,17,1.1399131999520118,0.47423700992010615,0.3235850095492084,2.995797055876785,0.0,18
2024010600,448,0.0,0,50.189998626709,36.9300003051758,5,13.018728403675219,0.996241648028539,-0.40710451778512463,9.849390844108079,0.0,18
2024010600,495,0.0,0,37.1699981689453,14.0,8,9.599503576159266,1.297110525489386,-0.2973990113289592,6.603544502765166,0.0,18
2024010600,682,0.3253,1,42.8600006103516,30.1599998474121,8,2.0240553578282254,0.5393508909284225,-0.34942769068253515,2.5126878039263105,0.0,18
2024010600,705,0.0,0,35.5699996948242,7.90000009536743,15,4.711284644934995,1.471054324196662,-0.27837412925903293,8.061674763968096,0.0,18
2024010600,783,0.0,0,68.4100036621094,38.6699981689453,6,4.7038748104556305,0.22203471368067265,0.275205922494905,7.198736000160037,0.0,18
2024010600,808,0.4025,1,33.2000007629395,4.03000020980835,29,2.1708287683343555,1.8106901011354073,0.28936200107512194,2.0229928324143915,0.0,18
2024010600,1089,0.0,0,73.6699981689453,20.6599998474121,7,13.025488353280066,0.2906885588739337,-0.46243397111583734,14.007005390161034,0.0,18
2024010600,1137,0.0,0,68.0800018310547,1.61000001430511,10,3.2626693917659844,2.408403638238839,0.28513692083813813,1.2657013865837372,0.0,18
2024010600,1189,0.382,1,66.7799987792969,33.4199981689453,7,1.853886707125462,0.9261750942347177,-0.3528877996960497,3.5401271163617922,0.0,18
2024010600,1371,0.0,0,24.3099994659424,29.0200004577637,8,3.6560366643240507,0.7283549064511432,-0.4174616742116668,6.686777998408498,0.0,18
2024010600,1467,0.3638,1,77.8499984741211,31.5400009155273,7,2.1545516961720423,0.6795569019670166,-0.41894881009996177,6.749296259611076,0.0,18
2024010600,1502,0.2032,1,64.879997253418,36.5499992370605,14,2.3903319456324437,1.8993131636943605,-0.42508508028511677,1.5198026187633715,0.0,18
2024010600,1571,0.0,0,23.2600002288818,37.5200004577637,12,3.323567231064275,1.5993123822851163,-0.6416432028458988,4.31863404330582,0.0,18
2024010600,1679,0.0,0,58.7700004577637,48.4900016784668,13,3.8330813796686254,1.3744074029309856,-0.5742653482646335,4.7794664974241625,0.0,18
2024010600,1709,0.1036,1,68.0899963378906,21.2199993133545,9,2.7417183890856913,0.39560447701659857,-0.1404147534654431,4.524621531133842,0.0,18
2024010600,1810,0.2805,1,75.0500030517578,22.9099998474121,8,2.1583759680526966,0.5614271235417898,-0.2533907574739929,5.259781364277417,0.0,18
2024010600,1989,0.0,0,78.8600006103516,33.560001373291,9,5.437875897062495,1.4339110354364206,0.3729248197579319,5.756943633561123,0.0,18
2024010600,2428,0.0,0,82.8199996948242,-3.91000008583069,17,7.848630667695318,7.226043411123441,0.5615549045166961,3.8706330231629975,0.0,18
2024010600,2451,0.0,0,84.5199966430664,23.5100002288818,9,4.866463526489231,0.18027419931202135,-0.38025181677181163,6.305751343020116,0.0,18
2024010600,2498,0.0,0,64.5,35.7900009155273,10,8.498570162080545,1.5495163429979024,0.008556083657934413,11.09461581128432,0.0,18
2024010600,2571,0.0,0,62.0699996948242,7.5,10,5.498335815564793,2.46000000000002,0.6485774475476526,9.153824337401275,0.0,18
2024010600,2756,0.447,1,66.4499969482422,33.2400016784668,11,2.037350309340812,0.5713987194544359,0.019859863799478617,1.0200490184300002,0.0,18
2024010600,2875,0.0,0,42.4000015258789,33.7299995422363,8,4.997998006795346,1.5192089813312908,-0.07930899411533478,4.4653443316277395,0.0,18
2024010600,2922,0.0,0,44.8300018310547,43.189998626709,9,7.046047319221747,1.2984991970733393,-0.6754679348844153,9.136897722969215,0.0,18
2024010600,3020,0.3544,1,72.8600006103516,20.5599994659424,13,1.936929793393835,1.840433925380641,-0.18856377123231483,3.1829703108888765,0.0,18
2024010600,3120,0.0,0,62.8600006103516,34.3400001525879,7,4.768060852891419,0.5603571597515072,0.48115362629798025,8.1471467398102,0.0,18
2024010600,3355,0.0,0,19.0,40.7900009155273,7,4.007119344146492,0.23769643911683827,-0.7287223760242851,5.225361231532228,0.0,18
2024010600,3506,0.0,0,38.1800003051758,22.3600006103516,7,3.5950659283998387,2.638276152321577,0.11712545970577201,4.868059161513961,0.0,18
2024010600,3536,0.0,0,39.1199989318848,19.2999992370605,7,11.052768810276161,0.3106433763219783,0.31304836334486785,13.088548429829794,0.0,18
2024010600,3565,0.0,0,63.6399993896484,24.0300006866455,8,3.297575544369875,0.5099022057221253,-0.41399338188043555,5.889142552188731,0.0,18
2024010600,3617,0.0,0,68.8899993896484,9.53999996185303,9,6.166441809429611,0.7912014114384985,-0.4867047213968527,9.125305474338921,0.0,18
2024010600,3691,0.0,0,92.9100036621094,39.0299987792969,9,5.216211477943737,1.6519656704019794,-0.11064927713201535,5.294194934076378,0.0,18
2024010601,112,0.0,0,48.4000015258789,3.23000001907349,11,4.431985373660774,0.8558606207750782,-0.18120130365086232,5.551522313744219,0.0,18
2024010601,142,0.7929,1,55.2299995422363,9.98999977111816,9,1.5456395224982549,0.2308681952899888,0.7679442269539154,5.205862080385915,0.3464,18
2024010601,167,0.0,0,57.6800003051758,51.2799987792969,11,14.344092079807474,1.6690123126001324,-0.06413133135604382,10.350309174126156,0.0,18
2024010601,302,0.0,0,111.26000213623,-2.05999994277954,16,6.716108181420277,3.9487228420638623,0.8162324221971918,4.141316215890788,0.0,18
2024010601,403,1.3361,1,33.7200012207031,28.3600006103516,28,0.9121393229837115,0.6432742003058853,-0.9289758322591245,1.745422584934662,0.0,18
2024010601,474,0.4751,1,36.8899993896484,37.0,8,1.9584947995548254,1.5929849113330594,0.060428810829191805,4.568435180671821,0.0837,18
2024010601,641,0.0,0,71.6999969482422,6.40999984741211,12,5.218292861891275,0.9430246025477448,0.08679520489703209,1.9019200824430045,0.0,18
2024010601,759,0.0,0,40.9700012207031,19.3999996185303,8,11.50794530947957,1.6747547919868027,0.598117672556158,4.828457310570326,0.0,18
2024010601,782,0.8472,2,45.9700012207031,34.0200004577637,8,1.0008987187727505,0.520384062741716,0.24615506856631997,2.933189390407648,0.0629,18
2024010601,875,0.0,0,44.7900009155273,53.5800018310547,21,7.298027449310098,4.07682507044806,0.656966039253648,3.2820268128094257,0.0,18
2024010601,898,0.0,0,68.7099990844727,48.5099983215332,10,4.699200709779806,0.8102460021426149,-0.45286377829097196,4.027815785261287,0.0,18
2024010601,991,0.0,0,61.4900016784668,23.8999996185303,8,7.9180126624300495,2.722224120847987,0.4082977443703259,7.5190225428575514,0.0,18
2024010601,1255,0.0,0,40.7599983215332,11.5299997329712,9,8.2666695269561,0.8614522714722112,-0.5594010442176953,12.287375635179385,0.0,18
2024010601,1280,0.0,0,49.1800003051758,25.8400001525879,7,4.208621761134615,0.9159145716515021,-0.020041249670466842,6.042929753025431,0.0,18
2024010601,1305,0.8545,2,63.439998626709,48.8199996948242,13,0.5703521524117874,0.9646256759510942,-0.5907520911873142,1.429720252357088,0.0,18
2024010601,1350,0.3262,1,58.8499984741211,33.9199981689453,6,2.0214109497548525,0.840117466300626,-0.48589901896409843,4.4408332551448035,0.2742,18
2024010601,1418,0.7994,1,80.3399963378906,31.9799995422363,17,1.2963055978968558,1.0764782146859195,0.31097261458387104,3.752292632511489,0.0,18
2024010601,1555,0.0,0,64.4700012207031,33.4199981689453,10,3.2689144075386327,0.4071832879494357,0.47335075572522267,5.0172203459684726,0.0,18
2024010601,1702,0.0,0,117.940002441406,25.5200004577637,10,8.962215802016422,0.5020941770509205,-0.06821479755161795,3.1047383142545275,0.0,18
2024010601,1950,0.0,0,15.8500003814697,0.490000009536743,27,4.040012035564439,2.2332931700364718,0.7933704642606937,1.3648443134658261,0.0,18
2024010601,2237,0.4655,1,57.2999992370605,49.1800003051758,19,1.6035281810945252,0.3162277177653662,-0.6132432925662723,3.0200165562460124,0.0,18
2024010601,2437,0.5758,1,60.8300018310547,12.3599996566772,15,1.4637269284260042,0.41230874176835275,0.5767697411199252,5.766567436525825,0.0,18
2024010601,2566,0.0,0,67.8899993896484,7.28999996185303,25,4.1047897989444415,3.4131504426576256,0.8051942106265731,1.0623088063270498,0.0,18
2024010601,2866,1.2562,3,95.6800003051758,26.7700004577637,14,1.3567979265180479,1.008959914894338,-0.019571156609254115,1.1410959644131606,0.0,18
2024010601,2950,0.0,0,80.5,25.0300006866455,7,8.715825266717802,1.7876519339488726,-0.14604470890737017,5.971641315417393,0.0,18
2024010601,2997,0.0524,1,62.9799995422363,11.75,12,2.842710301546898,2.23006688586459,-0.45062466416987046,4.865603765207358,0.0,18
2024010601,3207,0.0003,1,90.8199996948242,25.2299995422363,6,2.9990168880688666,1.9771699366145292,-0.3464928538507066,3.1976553910638907,0.0,18
2024010601,3282,0.0,0,81.2699966430664,33.9000015258789,8,3.9399968940236354,2.7789349685337705,-0.4467574356052534,3.4485939163664945,0.0,18
2024010601,3349,0.0,0,78.1600036621094,46.5800018310547,10,5.738086041609651,0.9604717240158557,-0.451175932275314,7.115911747625885,0.0,18
2024010601,3374,0.0,0,62.3899993896484,41.9700012207031,8,4.755638519641045,1.8287687568463897,-0.4997161695250946,4.4265110414411035,0.0,18
2024010601,3432,0.0,0,65.8899993896484,28.5200004577637,8,5.563352564250304,1.2106603513490417,-0.21027648471376476,4.590533738030902,0.0,18
2024010601,3457,0.0,0,50.060001373291,48.439998626709,23,5.737812566749746,1.959209675947175,0.31414739228682054,2.040833163195857,0.0,18
2024010601,3576,0.2312,2,20.3600006103516,27.8700008392334,14,2.6051676061093665,0.9868124653950281,-0.25946973590221223,1.9513328778042975,0.0,18
2024010601,3697,0.0,0,36.5,39.9599990844727,10,4.387538981642282,2.307899874573296,-0.40257226563658655,3.1301916874210782,0.0,18
2024010601,3744,0.0,0,64.0899963378906,26.4400005340576,6,3.918472785454912,1.3518172814685951,-0.1425469463165402,3.961615831955452,0.0,18
2024010700,85,0.0,0,46.4700012207031,43.0499992370605,10,7.50810086757613,1.6831514581816491,-0.5374658246303949,4.889539855651043,0.0,18
2024010700,212,0.0,0,92.9400024414062,11.4200000762939,7,9.037153482677098,1.9039436471292315,-0.5568095220991555,10.018552789699717,0.0,18
2024010700,247,0.0,0,63.8400001525879,49.4799995422363,18,8.906384870312396,0.5503634635555171,-0.5260418465751024,7.263952092353037,0.0,18
2024010700,272,1.0239,1,21.3500003814697,47.6300010681152,6,1.292827296478255,0.6760186055809156,0.19707238485410222,1.2963024338479066,0.8403,18
2024010700,476,0.0,0,51.3300018310547,41.3199996948242,13,3.555349176055074,1.4705424671557423,-0.6476374366214911,5.112426038584812,0.0,18
2024010700,578,0.0,0,88.0899963378906,17.1000003814697,7,4.191482844930283,0.8292796288179326,0.2900510251953636,3.776413642597957,0.0,18
2024010700,603,0.2141,1,110.5,49.2799987792969,18,2.3577328670700433,2.127088162896818,-0.5897588141294717,1.01921538449927,0.095,18
2024010700,689,0.4336,1,77.4400024414062,12.9200000762939,9,2.1162461525839835,1.3591547263410477,-0.6921301075812247,6.599674234384607,0.0,18
2024010700,814,0.0,0,48.4000015258789,45.8300018310547,11,4.016216894608287,0.5203828781286329,-0.06225743244072268,3.993957936683859,0.0,18
2024010700,846,0.8962,2,53.8199996948242,16.4200000762939,7,0.6324558456751145,0.5770617558638859,-0.33959567603596974,0.6236986451805062,0.8282,18
2024010700,869,0.0,0,64.8300018310547,8.65999984741211,14,3.599234634421127,0.3264949980750379,0.12493146724491362,4.4900111358436465,0.0,18
2024010700,916,0.0,0,70.8300018310547,35.1599998474121,7,4.054280945116772,1.1344146993972,-0.1129829955811371,3.54682957019364,0.0,18
2024010700,983,0.5888,1,40.4900016784668,50.9700012207031,6,1.233694803692015,0.7874655114778131,-0.17438795971689147,0.9702061636580196,0.2363,18
2024010700,1040,0.6833,1,37.5200004577637,31.0599994659424,7,1.5864423707631323,0.48052110995240954,-0.25696819279236377,1.5756268593800995,0.1902,18
2024010700,1066,0.0,0,31.0699996948242,32.9900016784668,6,4.825451640600028,0.6997131021324813,-0.0973472437164235,3.6881567211820085,0.0,18
2024010700,1320,0.0,0,24.7600002288818,9.35000038146973,8,13.668082861982153,2.6102109293276214,-0.6407790163893085,13.335493991600012,0.0,18
2024010700,1345,0.0,0,31.4300003051758,36.25,8,9.753788782081998,3.2687916175424854,-0.46069275075418537,9.861642865161972,0.0,18
2024010700,1448,0.0,0,72.9899978637695,30.0699996948242,8,4.108004016937972,2.250198762380667,-0.1092856195815475,1.8784301956687146,0.0,18
2024010700,1495,0.218,1,63.0499992370605,39.439998626709,9,2.3515304094835505,1.9994498877235913,-0.49680539733579776,1.5682155464093552,0.0,18
2024010700,1707,0.4061,1,36.2700004577637,9.25,9,1.9843642677798652,1.4280058779128961,-0.4572157721545419,2.7387953556262676,0.0,18
2024010700,1813,0.0,0,15.6599998474121,51.2900009155273,11,4.120291716238653,0.8602318703991959,-0.30187170659603757,1.3398880550254921,0.0,18
2024010700,1933,0.2734,1,45.7099990844727,22.2800006866455,9,2.1863451182034996,1.7196522693886327,-0.10189801751500281,0.7684399781375261,0.0,18
2024010700,1981,0.9663,1,52.5999984741211,3.25,20,1.1200446555918682,1.3991798461762068,-0.36931636846751226,2.3022163234587714,0.0,18
2024010700,2011,0.0,0,54.3300018310547,42.7799987792969,9,3.485797667103109,0.5315992533084681,-0.07146996104057679,3.8108398024582466,0.0,18
2024010700,2041,0.6727,1,86.0599975585938,51.4099998474121,19,0.9818369717612014,0.9508441651872976,-0.7878080282393858,1.2106196760337198,1.5152,18
2024010700,2073,0.0,0,67.4100036621094,42.7400016784668,8,6.574042992861323,0.33376301603188235,-0.04357857888725017,3.7760429022986473,0.0,18
2024010700,2110,0.0,0,81.4000015258789,41.3600006103516,8,4.259788217787743,0.31064354824333934,0.14004597817250058,4.874628190949539,0.0,18
2024010700,2140,0.4363,1,88.370002746582,16.4400005340576,8,1.9872829740080464,0.501598199550187,0.4021445056474545,5.062815422272471,0.0,18
2024010700,2165,0.0,0,86.4000015258789,40.6100006103516,9,11.112307240104974,0.6506926194544012,-0.36751586859357893,12.93171295691334,0.0,18
2024010700,2202,0.0471,1,97.1500015258789,16.0900001525879,8,2.8680298213503153,0.8348655747822344,0.34640506870321125,3.7002837729017477,0.0,18
2024010700,2340,0.4435,1,49.4300003051758,35.9000015258789,10,1.6696396727932838,4.882006897293068,-0.708499481985113,2.743319157517044,0.1478,18
2024010700,2396,0.8159,1,13.8500003814697,48.1399993896484,24,0.5521782261711953,1.0277165844089649,-0.5227638487938823,1.0495713410721603,0.0,18
2024010700,2516,0.5642,2,72.4899978637695,28.8199996948242,27,1.930416020439036,3.8712931402048754,-0.7153951596692925,3.188636072053376,0.0,18
2024010700,2608,0.0,0,66.0500030517578,11.0600004196167,10,13.116477301259021,1.0551333812312136,-0.4142920592935389,8.025073208388818,0.0,18
2024010700,2660,0.8296,1,4.51999998092651,42.6500015258789,27,0.5110759701949269,0.8713205724357906,-0.8896719399832866,4.758245474962384,0.0,18
2024010700,2724,0.0,0,37.2799987792969,38.3300018310547,7,5.412025847989057,0.8904484405611358,-0.6582511507677492,3.5802234567132816,0.0,18
2024010700,2793,0.2364,2,58.6199989318848,38.3899993896484,9,2.574373163165911,1.2402016481908151,-0.14858690345311915,4.107614879708174,0.0,18
2024010700,2816,0.0,0,71.0299987792969,50.0900001525879,18,3.0089192373356086,1.23178850726786,-0.538475530370474,4.980040160480641,0.1358,18
2024010700,2873,0.0,0,76.7799987792969,36.0999984741211,7,4.454797112055037,1.6602717551741708,-0.09132192123325708,7.678131283066213,0.0,18
2024010700,2929,0.0,0,84.629997253418,43.810001373291,9,11.38801426190512,0.8102454352939751,-0.674798416996742,10.453114368454978,0.0,18
2024010700,3073,0.8675,1,110.279998779297,41.9000015258789,9,1.3462926026597937,0.5186502574987107,-0.42951880818204363,5.261577710155005,0.4593,18
2024010700,3148,0.342,1,82.6999969482422,5.30999994277954,21,1.9740791268673872,1.8677500323296525,-0.8287487323773663,1.1923086848631093,0.2202,18
2024010700,3222,0.0,0,70.1999969482422,18.3299999237061,7,5.110324890051723,0.676242430928204,-0.2796837329580903,6.536000305997537,0.0,18
2024010700,3434,0.4798,1,80.5299987792969,37.6699981689453,7,1.8515107093244474,0.8746409628926162,-0.30687730469795155,3.893070767402008,0.1168,18
2024010700,3578,0.0,0,111.730003356934,9.85000038146973,10,4.607929428217285,2.9065763349541123,-0.6385471994846101,3.4725494956875687,0.0,18
2024010700,3687,0.0294,1,76.9400024414062,21.0200004577637,7,2.941088757974116,1.089082067505528,0.6258292626140656,2.3306007809146507,0.0,18
2024010700,3770,0.7646,1,27.3099994659424,51.0400009155273,10,1.3277434412848887,0.2051830795448013,0.4325406108949914,7.095139181157762,0.1073,18
2024010700,4124,0.0,0,65.1500015258789,20.4599990844727,6,7.248943912170975,1.0778236529727048,-0.00321249804082392,7.1216290271257465,0.0,18
2024010700,4183,0.0,0,51.5900001525879,41.6699981689453,10,13.246420713604296,0.8944276686773384,-0.2739943369499789,8.527889539622336,0.0,18
2024010700,4208,0.2129,1,36.6500015258789,33.5400009155273,8,2.571537735139301,4.261749538013595,-0.17762733305172504,1.7925400971805345,0.0569,18
2024010701,107,0.313,1,56.4300003051758,2.0,24,2.0727279379447046,2.59878793957545,0.5999606416749476,0.6691038783328043,0.0,18
2024010701,183,0.0,0,75.8000030517578,12.4799995422363,12,3.0809884117788475,1.563202494427329,0.7883491004397465,0.9449338601193137,0.0,18
2024010701,206,0.0,0,89.620002746582,34.6199989318848,12,4.185942740409279,0.5724486722043632,0.316397068602221,4.49036746825914,0.0,18
2024010701,233,0.0163,1,87.4700012207031,40.3199996948242,7,2.958548107277882,1.6650838378331616,-0.30041559178257926,3.140859754907879,0.0,18
2024010701,275,0.1281,1,81.4199981689453,18.0400009155273,8,2.6542414085455697,2.1243344402350717,0.036608783153167235,0.8514693182963196,0.0,18
2024010701,395,0.5808,1,74.8300018310547,28.7800006866455,18,1.2576555681425696,2.334799977788911,-0.6033672870470974,1.2419742348374232,0.0,18
2024010701,420,0.0,0,91.9199981689453,17.6100006103516,10,5.58588494184222,3.4065396038733864,-0.31740841257185765,3.411040896852453,0.0,18
2024010701,711,0.0,0,91.1100006103516,35.439998626709,9,6.390721169909955,2.327252098837817,-0.0869839707140909,5.815995185692639,0.0,18
2024010701,765,0.4825,1,99.4599990844727,50.2999992370605,14,1.5524185508215589,1.8038027246377664,-0.6251113605740151,1.0978615577567175,0.686,18
2024010701,795,0.0,0,102.370002746582,46.2599983215332,10,5.3170260705926715,0.17888373223635645,-0.4887057764053356,8.562925901816506,0.0,18
2024010701,926,1.268,2,61.2400016784668,5.15000009536743,22,1.283781995069267,0.6053939510902148,0.810910635087447,0.9899494936611706,0.0,18
2024010701,1000,0.0,0,80.5699996948242,19.1800003051758,9,3.962738555177401,1.047091331426187,-0.2707010616818515,3.589498572224266,0.0,18
2024010701,1078,0.0,0,55.9199981689453,36.9700012207031,7,9.381556414414412,1.2587273555734484,-0.5093306665809546,6.5545404110433285,0.0,18
2024010701,1215,0.0,0,5.3600001335144,19.5300006866455,13,5.3000384228591555,1.614094444291295,-0.28907818090996035,2.175545908502046,0.0,18
2024010701,1280,0.0,0,50.7999992370605,3.05999994277954,19,3.620083637061832,1.2601593041004346,-0.7010478711837107,1.7602840679844836,0.2134,18
2024010701,1354,1.9208,2,83.6100006103516,2.23000001907349,24,0.25019987661187193,0.9513152354026452,-0.1064851442698947,1.1660617479361868,0.0,18
2024010701,1397,0.0,0,102.699996948242,16.3799991607666,7,3.1041233308039025,2.0276557589742605,-0.27073594857304517,1.8334939323597483,0.0,18
2024010701,1548,0.0,0,94.1399993896484,29.8099994659424,7,4.420904207563361,1.1567625276125788,-0.09336168027607025,5.676513014166349,0.0,18
2024010701,1678,0.0,0,36.25,50.6699981689453,14,3.1712773971371866,1.583983606274004,-0.10979997066998054,7.564178739294833,0.0,18
2024010701,1726,0.0,0,44.689998626709,42.9700012207031,8,10.615781357802774,1.9319662042360244,0.013661844642745242,9.768546463010757,0.0,18
2024010701,1925,0.2908,1,71.7600021362305,23.2000007629395,5,2.1731299158095885,2.1204224356356582,-0.2929907774382294,0.8041144197189847,0.1687,18
2024010701,1955,0.4852,1,72.8099975585938,31.7999992370605,8,1.5456402930216089,1.146300610807902,-0.33561969141505954,3.649013565335159,0.0,18
2024010701,2023,0.0,0,90.4400024414062,33.7299995422363,10,7.642266204223146,2.1503512697933895,-0.3859133076428674,5.907706830911631,0.0,18
2024010701,2171,0.0,0,63.25,17.2000007629395,6,3.394260348169835,1.0846665927520391,0.5346875822400052,2.542754412050043,0.0,18
2024010701,2357,0.0,0,51.2099990844727,16.4200000762939,11,5.110234867230237,0.5099992280850496,-0.30264718210441993,4.465747417846201,0.0,18
2024010701,2382,0.0,0,46.5699996948242,31.9099998474121,7,3.528653927237415,1.9646881259816091,-0.17428433951671382,3.27914623034716,0.0,18
2024010701,2476,0.0,0,37.8300018310547,21.8400001525879,7,9.019408290596411,1.1322560891078302,0.10200073338254047,7.2842089481288195,0.0,18
2024010701,2533,1.3293,2,26.0699996948242,19.7000007629395,13,0.7963032722322538,2.621030506991447,-0.23062863945686274,5.4808119836389215,0.4183,18
2024010701,2580,0.5856,1,4.23999977111816,29.8199996948242,12,1.243261497065506,1.1624971300315903,-0.5221748198921864,1.1607756027760063,0.0,18
2024010701,2667,0.3004,1,46.1500015258789,15.789999961853,11,2.2332263216984996,1.0400469347571093,-0.29317820707629605,5.306646775507109,0.0,18
2024010701,2692,0.912,1,63.0200004577637,2.25999999046326,21,0.26400737625028753,1.0754067121772832,-0.8056735815411555,1.4582523787054138,0.0,18
2024010701,2876,0.0,0,95.3499984741211,39.6599998474121,7,10.971753113837075,2.1881945221405723,-0.30358673373922657,10.206414649621085,0.0,18
2024010701,2921,0.0,0,49.2400016784668,45.3800010681152,11,7.1420517381491315,1.9305161279164857,-0.5339934598304801,7.807797384666177,0.0,18
2024010701,3033,0.0,0,63.8899993896484,41.2299995422363,9,15.443965731365633,1.2126418109828454,-0.5243975566854799,17.24482821022002,0.0,18
2024010701,3112,0.0,0,21.8500003814697,27.0200004577637,7,5.262109248136067,2.1470909309907884,-0.09283265023293337,7.430107670821464,0.0,18
2024010701,3177,0.0,0,50.0299987792969,10.3900003433228,13,5.482845039416983,2.273080612391535,-0.5791730015113412,8.02301688892651,0.0,18
2024010701,3256,0.5624,1,36.0,49.4300003051758,11,1.7557052786247433,1.3476649388307402,0.2582561567344074,2.807863956818425,0.0,18
2024010701,3282,1.8584,2,7.05000019073486,5.53999996185303,25,0.9265526392188663,0.6744629227929774,-0.8609071689226375,2.0056919005669838,0.0,18
2024010701,3440,0.0,0,84.8399963378906,10.0799999237061,8,5.756045683277005,1.4566373257961667,-0.634578710818818,7.676353300884472,0.0,18
2024010701,3487,0.6689,1,72.7200012207031,26.1299991607666,8,0.9932285438763864,0.6859313458505951,-0.21745012549404025,1.4458561477546745,0.0,18
2024010701,3588,0.0,0,50.2999992370605,8.14000034332275,10,5.388023025225649,1.1364857511960018,-0.5837801448726184,5.59604324500803,0.0,18
2024010701,3611,0.0,0,52.9700012207031,10.539999961853,9,4.283411036121967,1.063203016645208,-0.6730282869608112,4.845719760778576,0.0,18
2024010701,3636,1.2008,2,13.8599996566772,51.7000007629395,23,1.278827709473459,0.46065167001846746,0.2936399983101196,0.9808159868191424,0.0,18
2024010702,77,0.0,0,83.0,18.4799995422363,7,3.6802448941720503,1.7713269896321708,-0.2521122652798797,3.4766938317890403,0.0,18
2024010702,204,0.0,0,41.2599983215332,49.5800018310547,16,4.068732600725002,1.4616407774187168,-0.8164311482502836,2.5128668886353673,0.0,18
2024010702,372,0.0197,1,52.9900016784668,1.88999998569489,17,2.9516933075906167,0.7310940009778173,0.16216914792316606,3.3811980125393415,0.0,18
2024010702,623,0.0,0,90.0599975585938,17.0300006866455,7,4.794255621355359,2.5818192433185976,-0.23680101216478208,2.589903473104738,0.0,18
2024010702,648,0.3133,1,82.5500030517578,40.8300018310547,10,2.0601006285184296,0.47074668497919014,-0.30655334212591906,1.4182030884185781,0.0,18
2024010702,673,0.0,0,65.4000015258789,12.8599996566772,14,3.821545747812121,1.739541493219066,-0.6936704886725006,3.698012979966404,0.0,18
2024010702,767,0.0,0,37.6100006103516,24.5699996948242,9,3.140255079660348,1.860106910176263,-0.2275545827867165,3.742138426087414,0.0,18
2024010702,945,0.0,0,98.8399963378906,11.4200000762939,9,5.8482867263827885,1.6850492625333284,-0.5450627359942584,6.594368809825537,0.0,18
2024010702,1011,0.0,0,86.3300018310547,45.7599983215332,13,5.182555820810966,0.9243933508105755,-0.3743451465822417,3.430481015834372,0.0,18
2024010702,1100,0.6928,1,55.9799995422363,22.0,9,1.3430189565314197,0.8905053767664771,0.4321904683575777,2.9882603634890996,0.0,18
2024010702,1213,0.0027,1,72.4100036621094,34.0499992370605,9,2.9925268716673306,0.7211097557232199,0.5389465118570844,3.880322151574534,0.0,18
2024010702,1260,0.0,0,35.0499992370605,12.3199996948242,19,4.54757157196559,4.9427225463964035,0.13104665026088003,4.542092029010424,0.0,18
2024010702,1327,0.5478,1,12.6199998855591,39.8699989318848,16,1.9414676881708424,4.621709518637597,0.6723393081072885,3.0587088779418017,0.0,18
2024010702,1350,0.0,0,30.5300006866455,33.5699996948242,9,4.6424999004112095,3.015046347140195,-0.5306872638490839,4.4387836171636055,0.0,18
2024010702,1528,0.0,0,48.9900016784668,41.6699981689453,9,3.097127809494014,0.684105054321325,-0.11178913684574644,1.4424978336205512,0.0,18
2024010702,1679,0.0,0,33.0699996948242,3.84999990463257,13,3.664000309671358,0.8909543959381737,-0.15823199755432787,1.284250754331098,0.0,18
2024010702,1704,0.0,0,31.1399993896484,11.0299997329712,9,3.7652219194763807,1.310342953176062,-0.5615908366754726,3.4121107836645646,0.0,18
2024010702,1832,0.3345,1,41.0,50.439998626709,16,1.996421909180275,0.3687820762027979,-0.4478240251826437,4.39956816062667,0.0,18
2024010702,1942,0.2583,1,62.4700012207031,47.4300003051758,11,2.225240302321942,0.4161718676689893,-0.4600023329467339,6.122483156367192,0.0,18
2024010702,1967,0.9967,1,74.370002746582,48.0099983215332,13,0.009997253558893863,3.149510814164715,0.15461187458736325,4.728689036086013,0.0,18
2024010702,1999,0.467,1,67.0199966430664,48.8899993896484,11,1.598902806789248,1.1921839546810025,-0.5037830377364356,6.08489934181331,0.0,18
2024010702,2027,0.0,0,71.4199981689453,29.0599994659424,7,8.424011531630152,0.6958429255354807,-0.4060184844162631,9.642095207992917,0.0,18
2024010702,2052,0.6828,1,58.0200004577637,5.42999982833862,13,1.313202682005871,1.4500001373291935,-0.6279113273097666,3.9457572150349063,0.0,18
2024010702,2102,1.2066,1,37.25,49.7599983215332,19,0.9158588218686414,0.32015458665057595,0.4144617926847602,1.5769908052997623,0.0,18
2024010702,2159,0.0,0,73.2699966430664,35.5800018310547,10,8.452458768946304,0.43104871747958734,-0.46768182993693735,13.319767265234036,0.0,18
2024010702,2184,0.0,0,85.5899963378906,4.78999996185303,13,4.290609226052151,1.8337136454483447,-0.6522984754975684,8.220735976784555,0.0,18
2024010702,2389,0.5014,1,114.290000915527,23.6399993896484,9,1.730924455022435,2.1979071105273253,-0.3544340313341686,2.417540072056721,0.0,18
2024010702,2462,0.0,0,83.7900009155273,38.25,7,6.613880249655819,2.0268456697887234,-0.4171912985569072,6.645359282988397,0.0,18
2024010702,2492,0.0,0,82.2099990844727,44.5299987792969,10,6.279887336157944,0.6109815211541515,0.03612593129265557,7.593944956345152,0.0,18
2024010702,2522,0.9219,1,67.8300018310547,7.94000005722046,14,1.172390397731613,0.7621696714721055,-0.2727599402571177,0.7409453421137046,0.0,18
2024010702,2623,0.0,0,50.4099998474121,48.6300010681152,11,5.356005946685342,1.6007809402074364,-0.41321829043226654,5.0170210284590215,0.0,18
2024010702,2646,0.0,0,41.6399993896484,52.060001373291,15,3.570015377150771,4.553373816902962,0.3817202826512833,4.779633877191852,0.0,18
2024010702,2703,0.0,0,42.2700004577637,25.9099998474121,7,3.5938841313284584,2.2649064135217625,-0.04715998821679749,4.496798861412414,0.0,18
2024010702,2748,0.0444,1,45.4599990844727,26.0599994659424,8,2.879339372047474,2.009974160099795,-0.14817509088627448,3.022730553655089,0.0,18
2024010702,2773,0.0,0,41.9300003051758,20.7700004577637,7,9.18137788375801,1.472582938120601,0.07438825162990943,5.0360698962583905,0.0,18
2024010702,2873,0.3889,1,42.4099998474121,35.560001373291,8,2.177889965014054,1.3138112021443054,-0.12676558945211466,1.1300442469213343,0.0748,18
2024010702,2956,0.0,0,63.7099990844727,17.0100002288818,10,4.443252457505024,2.8080772348635468,-0.49706986851555013,4.678226159560909,0.0,18
2024010702,3058,0.0,0,36.8400001525879,43.060001373291,8,3.4358261882800925,0.9631704699210355,-0.5755287168202583,8.28604248118485,0.0,18
2024010702,3083,0.0362,1,29.1800003051758,9.27999973297119,12,2.8956005012568022,0.7951104558830975,0.15983170585220366,1.4023551618616428,0.0,18
2024010702,3185,0.2415,1,110.169998168945,50.439998626709,17,2.4070725689220085,0.8714375039955822,-0.3547119247663601,4.356569751536172,0.0,18
2024010702,3242,0.0,0,90.1500015258789,10.3699998855591,9,8.884549897857204,0.5948112207570913,-0.5723828248465267,10.617141799938441,0.0,18
2024010702,3294,0.0,0,72.0599975585938,2.23000001907349,13,4.8751181428343,0.9464139829051749,0.4361325190042436,3.2344705903748747,0.0,18
2024010702,3354,0.8206,1,53.2200012207031,28.4799995422363,11,1.1500012207031873,1.648424528792751,-0.17342223833027276,5.884895920914831,0.4828,18
2024010702,3408,0.0,0,84.8499984741211,40.810001373291,7,4.434197888354804,1.7646520999040223,-0.6431899582285255,7.295546586788404,0.0,18
2024010702,3502,0.0,0,83.9700012207031,43.7400016784668,8,7.996403852720952,4.68026501810025,-0.327851263500173,8.317114884381473,0.0,18
2024010702,3534,0.0,0,96.6999969482422,14.3800001144409,9,4.447079588398317,1.6832425081812648,-0.005788519028274109,7.254598541614824,0.0,18
2024010702,3581,0.0,0,114.01000213623,51.8699989318848,16,3.4547487543517974,1.4183420791707944,-0.2695852155816864,1.239072233568324,0.0,18
2024010702,3604,0.0,0,106.599998474121,8.97000026702881,9,4.317697693540624,1.8478378833497058,-0.5785535053452504,4.436146976825718,0.0,18
2024010702,3732,0.0432,1,85.4000015258789,41.7000007629395,8,2.9248754371143626,0.5909327850098129,0.6704506103386464,4.721408688092989,0.0,18
2024010702,3960,0.0,0,83.0599975585938,43.5800018310547,29,6.210005976725549,1.961147844174095,0.8543715053300204,1.79354397771563,0.0,18
2024010702,3990,0.0,0,52.25,55.0699996948242,15,8.87055781007126,6.8463783587280105,0.2589558711144674,3.003414723277484,0.0,18
2024010702,4013,0.0,0,52.9500007629395,50.7599983215332,15,7.030796036343749,5.8463658896971875,0.4928240112191147,1.2203687967167993,0.0,18
2024010703,104,0.5251,1,38.3199996948242,32.1300010681152,7,1.7245583948088823,2.0562346435718735,-0.10653494428888419,0.8602325267042621,0.7292,18
2024010703,147,0.0,0,100.720001220703,38.8199996948242,12,9.516397079399436,2.1691020250260493,-0.6678000757093504,5.398008892174965,0.0,18
2024010703,267,0.0,0,75.0800018310547,21.5300006866455,7,4.602023208347866,1.0560322532370323,-0.22376035008030043,3.2812345237730276,0.0,18
2024010703,341,0.0,0,77.129997253418,48.4199981689453,17,5.920559603559248,2.2494921071213048,-0.7161406839499062,7.073422085525514,0.0,18
2024010703,427,0.0,0,111.660003662109,45.9500007629395,12,14.93255620455722,0.746254645619214,0.05330656936142038,7.340435954355845,0.0,18
2024010703,544,0.0,0,93.75,5.1100001335144,11,8.312845447010796,0.5080355395853954,-0.2971418200502444,14.717064924773554,0.0,18
2024010703,624,0.0,0,52.1599998474121,4.63000011444092,12,5.35023364154067,1.143372249738025,0.25699239109548977,2.355100847097633,0.0,18
2024010703,654,0.0,0,58.2400016784668,49.3499984741211,11,5.55886494117363,0.7981224094700654,-0.010266378943692457,9.657334000644276,0.0,18
2024010703,701,0.771,1,67.5299987792969,17.8400001525879,7,1.23178850726786,0.5920316211412744,-0.38999154543191555,2.7209005862030238,0.6965,18
2024010703,937,0.0,0,71.7900009155273,39.5,17,3.57610033550798,0.9433973368401894,0.5942416331075105,1.0677546534667945,0.0,18
2024010703,1052,0.0,0,53.3899993896484,20.2800006866455,9,14.39761833760963,1.0601892597458333,0.019166663801544886,8.742082131849369,0.0,18
2024010703,1110,0.213,1,109.76000213623,17.7700004577637,25,2.6083725455594955,1.350927568303839,0.8807557254831531,2.922054072052743,0.0,18
2024010703,1186,0.0,0,96.9000015258789,22.6599998474121,13,4.415892504019783,0.1118035217163108,0.45964300960531146,6.8606850969855815,0.0,18
2024010703,1395,0.0,0,80.6900024414062,14.9799995422363,6,4.690268953335181,1.6107467379190699,0.2082963531041487,6.5101766489090025,0.0,18
2024010703,1442,0.0,0,49.6800003051758,1.47000002861023,20,4.141545460918589,1.6538741163647068,0.56412734785056,1.281600561797632,0.0,18
2024010703,1465,0.0,0,69.9000015258789,19.3299999237061,6,6.242340804985608,0.6090169646326027,0.26965509942337706,5.213108477674333,0.0,18
2024010703,1549,0.0,0,16.75,42.7599983215332,9,4.903231952967101,0.6942638422945978,-0.5197861741678621,5.217250233600068,0.0,18
2024010703,1609,0.0,0,44.9300003051758,46.8899993896484,13,5.568706769679124,0.549180619676047,0.2817514421257393,6.791789160449551,0.0,18
2024010703,1661,0.5892,1,60.25,46.7400016784668,14,1.2323947872430754,1.068924143742697,-0.6956723043511505,1.3710215169719286,0.1966,18
2024010703,1684,0.0,0,44.0800018310547,36.5999984741211,7,3.471900476673753,1.2658987141351399,0.20377528537823256,4.036545552821126,0.0,18
2024010703,1735,0.012,1,89.5299987792969,39.2000007629395,8,2.9638647273984655,2.750164381073818,0.4502904530178566,3.9966485960114184,0.0,18
2024010703,1787,0.7466,1,83.0100021362305,12.2299995422363,8,1.1300451448609032,0.6906513158729507,0.35783858409949987,0.9918165152889873,0.1053,18
2024010703,1862,0.0,0,71.4000015258789,45.6399993896484,11,4.465211301035285,0.384189027041138,-0.5495254213532531,2.9851800615708264,0.0,18
2024010703,1958,0.0,0,49.5200004577637,48.4000015258789,18,4.711730820433348,0.3999995422392118,-0.5663198225205155,5.731195337798214,0.0,18
2024010703,1988,0.0,0,67.3199996948242,35.8199996948242,11,4.791262583448619,1.5433085187616562,0.10335264397920524,3.048688242506935,0.0,18
2024010703,2013,0.0,0,73.9800033569336,12.9200000762939,9,5.667209379993696,0.5930463321171854,0.3653530531983988,10.303615870169073,0.0,18
2024010703,2063,0.5203,1,95.2600021362305,46.3699989318848,16,1.4392343424749534,0.689490909468026,-0.6049983521350967,2.885914066634696,0.0,18
2024010703,2093,0.0,0,83.5400009155273,20.3400001525879,7,4.60691784480794,0.7802554489875383,-0.3336663517546821,6.444571358903549,0.0,18
2024010703,2211,0.0,0,40.7400016784668,37.3400001525879,7,5.266951956317717,0.6946205497483675,-0.29603908390189454,3.2535826407208397,0.0,18
2024010703,2236,0.0,0,48.3300018310547,46.3300018310547,10,5.417932245731997,0.21586897430895555,-0.617827557013836,7.244618692519294,0.0,18
2024010703,2333,1.407,2,86.2099990844727,21.0900001525879,8,0.47010623786414396,1.0272772509970183,0.42899053716895175,1.4373586887064744,0.4491,18
2024010703,2356,0.0,0,79.6500015258789,14.9899997711182,9,3.9610340007278397,0.7621666181346447,0.027392006694716503,2.1137644144984598,0.0,18
2024010703,2381,0.0,0,72.0400009155273,27.6399993896484,9,5.474313532744239,2.319763991091832,-0.36455281869491984,5.788929089218486,0.0,18
2024010703,2415,0.0,0,18.1800003051758,32.9199981689453,27,5.48197893539358,4.760105405650563,0.8019728132051067,2.379180531191356,0.0,18
2024010703,2460,0.0,0,59.9700012207031,26.9799995422363,6,5.572504582700674,1.0534242956110806,-0.18151841432978139,3.6824584179593907,0.0,18
2024010703,2515,0.0,0,39.4900016784668,46.3199996948242,10,14.278393845189397,0.7500016967773679,-0.35615483856277125,13.708263930928675,0.0,18
2024010703,2601,0.0,0,-4.42999982833862,37.189998626709,12,6.95002821352618,5.712240759378489,0.3512706763454212,0.7684399781375236,0.0,18
2024010703,2856,1.3107,2,54.7799987792969,32.4300003051758,8,0.6799991562793584,1.2656211492038894,0.21380175584651856,1.2175795661885902,0.9407,18
2024010703,2897,0.2026,1,41.1800003051758,20.3999996185303,10,2.3923207986621104,0.8438006567549281,-0.23451877632188212,4.310046403462497,0.0,18
2024010703,2973,0.6239,1,62.2799987792969,41.4700012207031,9,1.5433096696162423,0.18027790234327074,-0.5522620127697153,4.566858876733549,0.2943,18
2024010703,2998,0.8633,1,72.3199996948242,51.6500015258789,13,1.1475640572025854,0.24999986572748056,-0.4312310852223014,2.137404968647733,0.0,18
2024010703,3033,0.6573,1,109.669998168945,16.4899997711182,26,1.8109923644561539,0.3996231459208157,0.8132155454215297,1.1742657280190028,0.0,18
2024010703,3132,0.0,0,69.5599975585938,49.3199996948242,21,3.1609153126934726,1.485195503083361,-0.6357154734431028,4.534357727396466,0.0,18
2024010703,3213,0.0,0,56.1399993896484,14.1899995803833,19,4.27603765081425,0.3306048704780746,-0.7813545509359132,3.566244523304596,0.0,18
2024010703,3238,0.4246,1,10.8500003814697,14.0799999237061,26,2.210700874870829,0.07071089391127375,-0.7108260201294572,2.549215565620136,0.0,18
2024010703,3383,0.1234,1,69.25,35.560001373291,11,2.6401696376054957,0.7749188898785286,0.11528222379389949,2.258871399615307,0.0,18
2024010703,3454,0.0,0,83.620002746582,38.6699981689453,10,10.756396111710592,1.2932100511282087,0.26239400117300576,11.585240610362826,0.0,18
2024010703,3479,0.0,0,121.319999694824,17.4300003051758,18,4.027033315811852,2.1868009388022815,0.7019851664299687,1.390863041424285,0.0,18
2024010703,3664,0.0,0,75.7200012207031,17.9099998474121,6,7.300336830833835,0.9166254716352166,-0.08997442192079384,8.32803698358743,0.0,18
2024010703,3733,0.0,0,67.4800033569336,48.8300018310547,10,14.625628561588316,0.3705435971483916,-0.01927572225034082,12.297857536985859,0.0,18
2024010703,3778,0.0,0,59.1500015258789,18.8700008392334,9,7.701721177488,1.0245005452368101,-0.11939114368977281,3.7064808106882245,0.0,18
2024010703,3868,0.3244,1,36.7200012207031,20.6100006103516,10,2.0267466094333755,0.2523879121610437,0.5737231289890418,3.0771740282278515,0.0,18
2024010703,3893,0.0,0,33.1800003051758,12.8500003814697,11,3.4580920344605186,0.9417541709912055,-0.6544547321976351,1.8391846019364113,0.0,18
2024010703,3916,0.7751,1,31.6100006103516,48.7599983215332,13,1.2519573481318484,0.6044006430608212,-0.09815356829095716,1.2660568707605555,0.0,18
2024010703,4084,0.3655,2,95.0599975585938,13.3999996185303,7,2.258427455316866,0.2545604373060073,0.3815310858396037,4.029714630094794,0.0,18
2024010703,4109,0.8578,1,73.2099990844727,1.08000004291534,18,0.7463237637182976,4.9066694125860835,0.5184081666232453,5.593710754052268,0.0,18
2024010703,4132,0.7898,1,70.5199966430664,28.6000003814697,18,0.6307105462597464,5.801838916230524,0.5743366353567757,0.9394147114027944,0.0,18
2024010704,100,0.7324,2,50.5499992370605,7.23999977111816,16,1.895046874903583,0.5412940436017775,0.7426118743174859,1.2924782396620849,0.0,18
2024010704,149,0.4592,1,64.6600036621094,4.69000005722046,19,1.6224691572076548,1.8867197470877828,-0.8296246199889974,0.6706713054842894,0.0,18
2024010704,393,1.1635,1,47.6699981689453,8.75,21,0.3769632365916421,0.1897360805877167,0.3908087471396944,1.7803651310896875,0.0,18
2024010704,487,0.5109,1,20.8299999237061,22.5499992370605,6,1.4672760363954622,3.692654553112262,-0.2513436591354695,3.0513767384575763,0.4012,18
2024010704,710,0.3189,1,15.75,25.1599998474121,6,2.1805733939810725,1.6567740133239708,0.04368919708850706,1.351480669488099,0.0037,18
2024010704,742,0.0,0,4.61999988555908,-0.910000026226044,19,3.913719540553327,3.707937529065441,0.5910885493608008,2.8031767693101353,0.0,18
2024010704,808,0.5182,1,38.1100006103516,14.9300003051758,7,1.6552032438104562,1.6269291789955633,-0.2332104601130221,4.095180093719935,0.3333,18
2024010704,833,0.3064,1,70.620002746582,29.4899997711182,22,2.080791846451609,1.4697285402836078,0.29854625473484525,1.3513326755466262,0.0,18
2024010704,965,0.6444,1,39.6699981689453,21.7000007629395,11,1.584929447951718,1.3103445389182973,0.3463653670710129,0.8926925562588679,0.0,18
2024010704,1079,0.0,0,69.0699996948242,3.53999996185303,10,4.635223531919137,0.27459062241509774,-0.23737040513211777,9.148223871331526,0.0,18
2024010704,1104,0.8879,1,35.8899993896484,3.75999999046326,22,1.2261326069301648,0.5580326103816519,0.3909633520947948,1.1884864324004698,0.0,18
2024010704,1212,0.0,0,27.3500003814697,43.0499992370605,9,8.343674399638488,0.7788454607755543,-0.03310884547096273,7.026186732502914,0.0,18
2024010704,1242,0.6848,1,7.15000009536743,4.38000011444092,22,0.9455686676734072,0.9633795813796517,-0.5941978961263592,0.9464142856064675,0.0,18
2024010704,1354,0.7376,1,48.1800003051758,52.3300018310547,18,1.6196615039738085,0.30593943516932076,-0.23923246655099775,1.8233211456021676,0.586,18
2024010704,1455,0.4765,2,104.300003051758,6.23999977111816,18,1.7359985714417794,1.5086396927507837,-0.6704609890901421,0.9360021367496991,0.3079,18
2024010704,1478,0.12,1,97.5199966430664,2.0699999332428,8,2.6400789679673546,1.8325143463832156,-0.08020858925634372,1.2625371281669255,0.0,18
2024010704,1593,0.2878,1,78.7699966430664,49.5299987792969,10,2.1469254139170375,1.3320647631462326,0.0016134017808614738,1.5747063218263835,0.0,18
2024010704,1678,0.0,0,50.8400001525879,42.4700012207031,8,6.530121976872902,1.5692342856590091,-0.29888596895954667,8.069306042033606,0.0,18
2024010704,1711,0.0,0,55.2999992370605,23.2700004577637,10,11.574809742494827,0.6016652154603939,-0.3645538060831012,8.502434945355365,0.0,18
2024010704,1870,0.1909,1,102.459999084473,5.8899998664856,21,2.4273851827544357,2.2268588836970036,-0.6032833150713875,0.7762087348130032,0.0,18
2024010704,1921,0.1851,1,43.0200004577637,1.86000001430511,23,2.444688551126196,1.5116221037181568,-0.8768186409304359,1.6551737068960477,0.0,18
2024010704,1944,0.0,0,45.1300010681152,23.8099994659424,17,6.789028391024877,6.348557968765639,0.2748531526271236,0.9192388155425153,0.0,18
2024010704,2224,0.2182,1,46.6699981689453,1.20000004768372,20,2.6215463543732107,3.189248806391492,0.7404880854205458,1.5438264151127858,0.0,18
2024010704,2385,0.0,0,41.9500007629395,42.9000015258789,12,3.8440081698426445,1.2880980246079474,-0.559023654259405,3.5761990996028126,0.0,18
2024010704,2427,0.0531,1,88.129997253418,35.3499984741211,7,2.862251218422927,2.277936147224121,-0.19595951190008104,1.77800449943188,0.0,18
2024010704,2481,0.6553,1,55.0699996948242,44.3699989318848,14,1.0340685972268977,0.6940452307666076,-0.502662303462209,1.5534799644668702,0.0,18
2024010704,2504,0.3471,1,71.6600036621094,11.8400001525879,11,1.95880289071207,2.5229564647717666,-0.4748550432307382,1.2872451204024769,0.2754,18
2024010704,2821,0.0,0,65.5,2.47000002861023,19,3.5181955341228996,3.0793830271283933,-0.08245583769470728,2.353083083956026,0.0,18
2024010704,3009,0.803,1,59.4599990844727,49.4000015258789,14,0.5909304455746538,0.3577710128830911,-0.3838911740766665,0.9687620966986695,0.0,18
2024010704,3081,0.6765,1,67.5699996948242,11.8400001525879,18,0.9706186362879682,1.5352201809605304,-0.5956752851678506,2.319353358158264,0.0,18
2024010704,3155,0.0,0,44.9900016784668,10.9200000762939,9,7.508083983734746,0.8820432731425951,-0.037989442936825345,9.141230770525379,0.0,18
2024010704,3185,0.0,0,40.3899993896484,41.7200012207031,10,10.317679363417435,0.48020692815652527,-0.7306240166679631,7.3806029563986195,0.0,18
2024010704,3374,0.5048,1,32.689998626709,47.689998626709,13,1.5655366049549662,0.7930962066617989,-0.009712769003299832,7.2578233651694815,0.0,18
2024010704,3564,0.5324,1,63.810001373291,34.2999992370605,22,1.4029242574602891,2.414061713061693,-0.6628247832198669,2.437067910420225,0.0,18
2024010704,3632,0.3485,1,59.9000015258789,31.6200008392334,8,2.051391100171983,2.6025001738422993,0.43742343999660416,1.7361163555476327,0.017,18
2024010704,3768,0.0,0,39.560001373291,21.6700000762939,6,8.213895427442381,2.2951239119847746,-0.34266240225199596,7.386609506397369,0.0,18
2024010704,3793,0.0,0,40.7299995422363,26.0799999237061,6,12.318819397613298,1.8553979349151493,-0.22035453961077073,12.343115490021146,0.0,18
2024010704,3838,0.0,0,42.4700012207031,26.4899997711182,5,12.094894982994253,2.0102230426534584,-0.1820661553795487,10.751902157292912,0.0,18
2024010704,3870,0.1763,1,74.3300018310547,53.7999992370605,22,2.619390085296409,6.314967631471068,0.553441228610227,2.5921805492673595,0.0,18
2024010705,55,0.0,0,36.8400001525879,36.8899993896484,6,7.584009671120612,3.0241695576922214,-0.158940742333777,5.256938272416751,0.0,18
2024010705,80,0.6284,1,48.8800010681152,38.2700004577637,8,1.457737146783546,0.5381453361623907,0.5607689768078779,4.184017208377617,0.0,18
2024010705,130,1.0115,1,65.0100021362305,13.3999996185303,10,0.8160891784884671,0.27313051686065215,0.43790505477031044,0.7017834423809133,0.2012,18
2024010705,153,0.0,0,57.1599998474121,35.0699996948242,7,3.6081023062265705,0.3512836524347602,0.5186223899337702,6.096900852072303,0.0,18
2024010705,200,0.5366,1,65.9300003051758,25.4099998474121,6,1.775527769902347,2.2629181283932023,-0.026682856427052398,2.1755459085020474,0.2262,18
2024010705,223,0.333,1,85.6600036621094,3.45000004768372,21,2.233048958264764,3.60912780895712,0.5454271524099894,1.0,0.0,18
2024010705,328,0.0,0,67.7200012207031,38.4000015258789,10,4.975790815366433,0.19104808646441337,0.253201728194833,4.032083828493648,0.0,18
2024010705,418,0.0,0,29.2800006866455,16.2600002288818,6,7.846527441837498,0.5400918938900559,-0.23089691987319097,4.431365478043987,0.0,18
2024010705,494,0.1504,1,48.3499984741211,47.4799995422363,10,2.5811833765336223,0.4681895868773169,0.0011216840134614658,5.0188644133907365,0.0,18
2024010705,519,0.6808,1,86.9700012207031,11.25,27,1.5922634381429295,0.21931823518059396,0.8853922046676946,2.972154100984673,0.0,18
2024010705,560,0.0,0,92.6699981689453,4.23000001907349,11,11.879695648475684,0.840059518978103,-0.4024007840019024,10.996954123756264,0.0,18
2024010705,789,0.0,0,75.5199966430664,1.24000000953674,26,3.742523429763093,3.7385126734818717,0.7826589416914007,1.0501904589168585,0.0,18
2024010705,812,0.0,0,41.4099998474121,22.6200008392334,6,6.580707142987812,1.9560167381960953,-0.1898369227280437,6.26869204858557,0.0,18
2024010705,995,0.0,0,63.8899993896484,28.5400009155273,6,4.016590638851437,1.2909692739415146,0.005105207824587602,5.695752803624816,0.0,18
2024010705,1042,0.0,0,89.7900009155273,48.2999992370605,16,5.575608470607116,0.5547060268705463,-0.11515994534183197,5.052088676973109,0.0,18
2024010705,1115,0.0,0,86.8000030517578,19.6800003051758,7,5.813262604333533,0.7169407255245324,0.24511272713643617,3.8546724893303126,0.0,18
2024010705,1215,0.2106,1,34.7299995422363,45.6100006103516,10,2.4658677034432652,1.2500002685549088,-0.4280808479638191,2.172210855326895,0.0,18
2024010705,1385,0.0,0,57.0200004577637,43.0200004577637,8,12.150926530337331,1.4389237906906587,0.026134006904884922,9.913571505769248,0.0,18
2024010705,1462,0.0,0,31.2800006866455,21.3500003814697,7,3.175295670086319,2.434605468809651,-0.4318144098357238,3.0331831464651104,0.0,18
2024010705,1561,0.0,0,30.8099994659424,46.1399993896484,12,6.219333120700957,1.4903698926752693,-0.3318898706944072,11.90425974178991,0.0,18
2024010705,1596,0.0,0,31.3999996185303,37.7999992370605,9,12.076199811383555,2.058762516060301,-0.4189554442181529,8.648011332092485,0.0,18
2024010705,1683,0.2854,1,72.5199966430664,2.78999996185303,13,2.219953947365379,2.377412673038715,-0.24185319884567474,1.9906029237394427,0.0,18
2024010705,1715,0.4718,1,71.75,26.5400009155273,9,1.8031353850440173,0.8276464382270253,-0.046961657812905885,2.9475752746961383,0.0,18
2024010705,1816,0.6136,1,36.8400001525879,5.78000020980835,15,1.1591806331280556,1.9366205094177862,-0.2167084980887928,8.949502779484455,0.0,18
2024010705,1859,0.9553,2,59.7099990844727,24.7399997711182,8,1.1601726140473978,0.18868030196214688,0.5254043528671142,3.848869964028406,0.2114,18
2024010705,1884,0.0,0,61.8699989318848,31.9899997711182,6,11.531403880346142,1.4422203705291028,-0.4768864854256043,11.796355369350314,0.0,18
2024010705,1936,0.0,0,53.7000007629395,46.3199996948242,10,10.485786016614664,0.2247225326385713,0.13287102959466845,5.7744956489723025,0.0,18
2024010705,1973,0.0,0,47.5200004577637,22.0300006866455,6,3.2125540372706074,3.300561317793238,-0.4243024374981195,1.794463708186935,0.0,18
2024010705,2027,0.1311,1,44.3400001525879,38.4799995422363,8,2.6601132430444956,2.270705173882045,-0.05448426603625825,2.019430612821345,0.0,18
2024010705,2346,0.7197,1,39.6800003051758,38.4300003051758,18,1.2972659261141273,1.1738820989047594,-0.03647753897933871,1.890026454841308,0.0,18
2024010705,2440,0.0,0,23.8400001525879,14.8599996566772,7,3.063201226868228,1.4365580885203248,-0.22786198745687822,3.200031249847415,0.0,18
2024010705,2587,0.0,0,62.3600006103516,23.6000003814697,6,4.949192316918458,1.8918778793571875,0.14395484770644518,3.5938836931653744,0.0,18
2024010705,2612,0.0,0,56.5,48.8899993896484,12,5.053285979868569,0.7833906609953928,-0.48756987921882144,4.968400144915871,0.0,18
2024010705,2709,0.0,0,43.9000015258789,31.3799991607666,9,3.549705455327681,1.7042610482326457,-0.106775167432438,2.37697286480094,0.0,18
2024010705,2874,0.0,0,64.4000015258789,48.0499992370605,13,5.892706438154043,1.8744615828522506,-0.5460288445669064,5.173673743095908,0.0,18
2024010705,2975,0.4545,1,28.0900001525879,38.6599998474121,7,2.0718348346113915,1.7085668543550971,0.12629620943846118,4.881936091347365,0.1847,18
2024010705,3000,0.0,0,14.1800003051758,35.8199996948242,7,5.899237526456711,1.8127604288252357,0.034222967230311874,3.62249913733599,0.0,18
2024010705,3130,0.5365,1,55.9000015258789,46.2200012207031,13,1.3905738601038884,0.8809066679399392,-0.6035573608803471,4.133497308575387,0.0,18
2024010705,3199,0.0,0,62.0999984741211,8.11999988555908,12,3.52563618885956,0.6105747404488703,-0.4247980145792787,7.880310907572114,0.0,18
2024010705,3462,0.7736,1,36.1399993896484,38.4500007629395,9,0.8417238149855223,0.5001005849764256,0.62151104029339,3.8626415831655936,0.0,18
2024010706,84,0.2102,1,74.7200012207031,31.9500007629395,6,2.4387708450908407,0.5000012207036798,-0.2138215660813614,4.300697617828989,0.0,18
2024010706,153,1.7243,2,53.689998626709,15.4200000762939,9,1.1328283397338903,0.2927453601479462,0.7775966188716902,2.135064401838968,0.8656,18
2024010706,178,0.0,0,39.9599990844727,27.0699996948242,11,4.726964253328702,0.47127488614555485,0.09673506912986048,8.358528578643497,0.0,18
2024010706,338,0.1843,1,45.2799987792969,51.689998626709,12,2.568150141786929,1.4764807661748587,0.5518288909078515,4.74405944313517,0.0,18
2024010706,361,0.0,0,40.8600006103516,19.2700004577637,10,5.290566646463697,0.46615409457939894,0.0729775787412308,4.209536791619717,0.0,18
2024010706,408,0.7901,1,65.2300033569336,48.6500015258789,19,0.6296810493341397,0.3899984741355475,-0.36441071352856175,1.9749683541768521,0.0,18
2024010706,455,0.0,0,85.2900009155273,24.4599990844727,8,3.7160180944820174,0.3931912733557512,-0.2838823088916573,5.122899569579706,0.0,18
2024010706,524,0.5204,1,111.680000305176,33.3699989318848,14,1.4389225913431294,1.8201372140994965,-0.4520209686697381,0.8697700845625792,0.0,18
2024010706,588,0.0,0,68.3399963378906,5.78000020980835,15,3.8225610808754533,1.6260965570206602,-0.6187936533768787,5.537544582213312,0.0,18
2024010706,625,0.0,0,62.4199981689453,6.75,10,5.341580417803939,2.507268408657154,-0.4988052276737957,6.283565866607905,0.0,18
2024010706,783,0.0,0,81.9700012207031,33.1500015258789,13,9.233119552983801,2.014001052144922,-0.3112798275674744,3.5678845272794337,0.0,18
2024010706,902,0.0,0,41.3699989318848,19.7399997711182,9,3.9745185232246865,1.9547879030347406,-0.2750736677289048,3.8462969204157917,0.0,18
2024010706,956,0.0,0,26.6700000762939,33.5200004577637,7,4.552636134685194,2.108008343443019,-0.1270200403640335,0.909065454189082,0.0,18
2024010706,1103,0.0,0,64.3300018310547,3.08999991416931,13,4.29004813131747,2.5880119298301008,0.6263070080595631,1.4650938536489726,0.0,18
2024010706,1214,0.2579,1,62.6300010681152,34.5699996948242,10,2.481632326741425,2.4911234172815298,-0.5386417344402485,1.9436563482261984,0.0,18
2024010706,1261,0.0,0,93.3499984741211,28.5900001525879,5,6.240418119360727,1.2347078615690132,-0.20993198840465926,7.795800151363554,0.0,18
2024010706,1356,0.0,0,76.8600006103516,12.25,11,5.35463368991059,2.361716005415331,-0.36750042933027516,3.4033072150483283,0.0,18
2024010706,1381,0.0,0,59.4300003051758,24.1200008392334,8,9.31803159539644,1.1412714055576048,-0.37736185601863326,10.516596407583592,0.0,18
2024010706,1406,0.0,0,46.5299987792969,47.7700004577637,12,5.427797962867644,2.0941814329291253,-0.6076730051230108,7.370549504616327,0.0,18
2024010706,1438,0.0,0,31.0200004577637,-3.04999995231628,18,5.3653795292580195,4.617899663076354,0.4625036107866593,6.7018877937488615,0.0,18
2024010706,1461,0.0,0,36.310001373291,35.3699989318848,7,7.7228570331845265,2.026846533290015,-0.2955593709478169,6.397265040624779,0.0,18
2024010706,1486,0.7033,1,7.30000019073486,6.51999998092651,22,0.8900001907348598,0.6579515181771697,-0.2888941749558274,4.039418274949996,0.0,18
2024010706,1516,0.0,0,29.1399993896484,48.1199989318848,11,4.025344949477173,2.9087460257616224,-0.5130887976425617,7.894536085166753,0.0,18
2024010706,1629,0.6639,1,60.6599998474121,47.3899993896484,17,1.6693107041317972,2.620878152808834,-0.7167763640237556,2.4126748641290234,0.0,18
2024010706,1713,0.0,0,88.870002746582,21.2299995422363,6,4.566002293804671,0.9241733317152336,-0.08765237058043299,5.633915157330641,0.0,18
2024010706,1782,0.0,0,102.139999389648,36.7599983215332,7,4.385451463971427,2.0308881521161526,-0.20617567384310484,4.32902991442656,0.0,18
2024010706,2062,0.0,0,46.2700004577637,47.689998626709,13,6.848948140711612,1.7044947339242904,-0.6249950262152442,6.786574983008732,0.0,18
2024010706,2141,0.0,0,56.939998626709,21.5,7,3.759695480677077,2.7441584207611363,-0.21022597492508313,5.269838707209169,0.0,18
2024010706,2285,0.0,0,60.9500007629395,38.0099983215332,8,3.4447045142765065,3.6432137942332536,-0.027836693710744112,1.5044268011438748,0.0,18
2024010706,2310,0.3308,1,88.4499969482422,38.2999992370605,14,2.37261180682775,1.4980673798743367,-0.1119382953333491,3.3018933962198087,0.0,18
2024010706,2375,0.2879,1,108.0,49.5400009155273,14,2.1363750709096947,2.302888960566313,-0.7117884272365026,1.918019812202155,0.0,18
2024010706,2420,0.6085,1,107.720001220703,5.01999998092651,11,1.174562903411429,3.603122627833507,-0.505121137933998,3.73430046996757,0.0501,18
2024010706,2504,0.0374,1,65.3499984741211,4.96999979019165,13,2.88792337776722,3.189873601867104,-0.494090391854759,1.76025566324895,0.0,18
2024010706,2586,0.393,1,5.40999984741211,30.5400009155273,10,2.035779100347376,2.032952794387997,-0.038961978090012096,0.8637708029332801,0.0,18
2024010706,2724,0.0,0,46.3600006103516,11.789999961853,8,12.75657062710338,1.1140013306506908,0.1733395776285835,7.406247362868731,0.0,18
2024010706,2992,0.0,0,102.970001220703,29.9300003051758,7,6.629789829979376,1.784742117239902,-0.2878837591396658,5.210153548601033,0.0,18
2024010706,3017,0.4061,1,86.6999969482422,34.2799987792969,10,1.8056822576351217,2.2325741868996967,-0.5684236841876198,1.4222517358048836,0.0,18
2024010706,3086,0.0,0,73.9499969482422,22.2900009155273,6,7.269934943956925,1.4115208554954104,-0.11233250661798402,5.671446023722691,0.0,18
2024010706,3147,0.0,0,63.0999984741211,33.8300018310547,8,6.0919103307810625,1.7242945759566786,-0.2962507490718997,6.1060052407445555,0.0,18
2024010707,121,1.423,1,79.8099975585938,15.0500001907349,14,0.16999868281999986,3.6492897046989046,-0.6337842452769543,3.1261797773000803,0.6696,18
2024010707,155,0.0,0,58.7299995422363,12.1199998855591,9,6.692839828088468,1.1063457569124526,-0.4708174196995284,5.120390610099974,0.0,18
2024010707,185,0.0,0,67.6399993896484,9.68000030517578,7,8.771648112060117,0.6140038289007558,-0.0029895784832869184,8.222943511906182,0.0,18
2024010707,215,0.0,0,75.7699966430664,5.84999990463257,9,7.121983371233932,0.906093049664633,0.11960043991938121,10.156854828144391,0.0,18
2024010707,287,0.1094,1,62.5,6.09000015258789,15,2.671722310375796,1.5788920871225929,-0.7200530141946776,1.4984325143295627,0.0,18
2024010707,341,0.0,0,53.0999984741211,43.2599983215332,11,5.141865291343362,1.1253867702685982,0.06772179829992087,3.5700140055747647,0.0,18
2024010707,371,0.496,1,35.9599990844727,38.1500015258789,6,1.734587536246495,0.7925889099520604,0.11783461398704331,1.7407182425654082,0.1698,18
2024010707,443,0.6974,1,17.0699996948242,8.11999988555908,12,0.9078543933125306,0.5608920941266421,-0.37251610613504293,4.100548743765886,0.5633,18
2024010707,468,0.3127,1,2.69000005722046,37.689998626709,18,2.0618935799322524,1.2074773731844257,-0.5512714928942904,0.8778382538941886,0.0,18
2024010707,643,0.0,0,30.4400005340576,20.6800003051758,7,3.9795985536015483,2.624976789099462,-0.12027230241054203,2.279758759167295,0.0,18
2024010707,690,0.0,0,2.51999998092651,2.65000009536743,16,4.651881264238142,3.4748524893868638,0.7235443094726146,4.013103537164222,0.0,18
2024010707,800,1.5751,2,113.25,35.5099983215332,17,1.0501908584805937,1.633708354533858,-0.6145712398450913,4.550802127098038,0.5838,18
2024010707,968,1.2253,2,10.7399997711182,13.4700002670288,7,1.518189380548083,1.9379370667718454,-0.7374736857089025,2.0717142660125694,1.0526,18
2024010707,1098,0.27,1,55.9500007629395,9.42000007629395,10,2.364000326747283,0.7657669610898705,0.14345812475146358,1.733666634621549,0.0,18
2024010707,1123,0.0,0,58.9199981689453,9.13000011444092,9,4.087213111445873,0.5714036036379666,-0.1960192195649664,3.1244359490954516,0.0,18
2024010707,1153,0.5887,1,69.7699966430664,25.2399997711182,6,1.6200033569336105,0.3301518108567356,0.07290350141961277,5.3175182181164224,0.3064,18
2024010707,1205,0.0,0,33.3300018310547,52.0200004577637,25,3.910459345302465,1.946997053947384,0.6629791203831682,1.2664912159190052,0.0,18
2024010707,1240,0.4516,1,55.9799995422363,30.1200008392334,9,1.809419042601612,0.5464421906193512,-0.1170501035814278,1.619876538505324,0.0,18
2024010707,1336,0.0,0,37.5699996948242,4.67999982833862,12,15.070586959442167,0.8809083247555471,-0.07042326383558216,11.984323093107932,0.0,18
2024010707,1361,0.4439,1,7.94999980926514,1.39999997615814,19,2.0094279267265653,0.15297059943522018,-0.4028612899083883,2.0682843131445927,0.0,18
2024010707,1544,0.0,0,42.7999992370605,7.96000003814697,10,4.438221127911938,0.8598259488013152,-0.10577730242356069,4.84248902941452,0.0,18
2024010707,1584,0.0,0,60.2700004577637,39.1699981689453,9,10.728000818251246,0.8174343127091804,-0.024730166827646876,8.814714969867152,0.0,18
2024010707,1773,0.0,0,79.8899993896484,36.3600006103516,8,3.2363558660927345,0.6382004519704229,-0.05503764694154182,3.7652357163928016,0.0,18
2024010707,1827,0.3979,1,65.6500015258789,47.0400009155273,8,2.084923728079142,1.66364154556861,-0.14555623659004127,3.493222008404276,0.0,18
2024010707,1876,0.693,1,56.7299995422363,48.2700004577637,12,0.9209777015532093,0.7184003586564678,-0.645504001885307,2.818368322274434,0.0,18
2024010707,1916,0.2715,1,56.0999984741211,35.0999984741211,6,2.300976335374173,1.9702268642186995,0.06272809945996906,0.7000714249274914,0.1745,18
2024010707,1996,0.0,0,45.4099998474121,46.1800003051758,10,9.253605041399142,1.2932128734794202,-0.5931202964297843,1.948152971406501,0.0,18
2024010707,2026,0.0,0,45.1100006103516,41.560001373291,11,9.682299002982498,0.1746415833054531,-0.39334476225048165,7.551450191850572,0.0,18
2024010707,2051,0.0,0,88.0699996948242,6.59000015258789,15,5.48176043057456,0.6325349169355867,-0.6069816095151926,4.605659561886874,0.0,18
2024010707,2081,0.0495,1,94.5299987792969,38.1399993896484,9,2.8708890955974513,0.8105566076234162,0.035150883707043494,3.8303263568526384,0.0,18
2024010707,2106,0.0,0,102.410003662109,39.1800003051758,7,4.440988471172858,1.5715576744694861,0.05836663044395748,2.3923210486889053,0.0,18
2024010707,2131,0.0,0,107.809997558594,34.6800003051758,6,4.530179041004721,0.7278072335078183,-0.19675801203136925,1.8602419197513016,0.0,18
2024010707,2271,0.2246,1,47.5699996948242,45.9300003051758,14,2.3260698642095545,0.9230927900663481,-0.5477675781728001,2.4209502266672036,0.0,18
2024010707,2323,0.0,0,54.2000007629395,42.5400009155273,11,5.814549914954881,2.4088159652097825,-0.5251220912185998,5.356202012620511,0.0,18
2024010707,2395,0.2711,1,62.9900016784668,42.7999992370605,8,2.3072261117922173,1.1230749276403065,-0.1391996148041313,1.6900000000000044,0.0,18
2024010707,2464,0.0639,1,81.3600006103516,34.7200012207031,6,2.8271884606949764,1.2141246917395188,-0.02748452393082382,2.1528121144214984,0.0,18
2024010707,2511,0.5734,1,104.01000213623,15.6400003433228,6,1.6107740645453095,0.361246012636179,0.2997933181047759,3.478002300171757,0.3934,18
2024010707,2536,0.1669,1,116.139999389648,20.7099990844727,11,2.4992999776779916,2.316247505891414,0.01422049745111266,1.5261061562027702,0.0,18
2024010707,2737,0.0,0,94.1800003051758,25.8700008392334,6,7.5137265528578645,2.0999525261010556,-0.028164941941480028,7.442103197349525,0.0,18
2024010707,2832,0.7638,1,118.279998779297,5.65999984741211,19,1.4669692704122015,0.3301523076795196,0.05766928021528016,1.444022160494784,0.0,18
2024010707,2908,0.0,0,83.4899978637695,10.6899995803833,7,4.985196222864968,1.5210840535627077,-0.018969874000476186,7.558974798211718,0.0,18
2024010707,2933,0.0,0,84.5400009155273,34.8400001525879,7,15.203632073378245,0.4652963395456471,-0.49315097674191466,15.878378380678546,0.0,18
2024010707,2985,0.0,0,65.9300003051758,6.65999984741211,8,11.059824028753688,2.4944738288098613,-0.6490310976773473,12.713811387620945,0.0,18
2024010707,3010,0.5049,1,20.7000007629395,2.26999998092651,28,1.4851941265032407,2.332059834071084,-0.8906796107742946,1.900657780874819,0.0,18
2024010707,3108,0.0,0,91.7099990844727,6.07000017166138,10,3.0085369247979696,1.6052720264209301,-0.6156928337807319,2.6755560169803974,0.0,18
2024010707,3155,0.0,0,82.4899978637695,32.2299995422363,8,3.930012270299762,1.0097526020702445,0.5241810724580306,4.96383923994321,0.0,18
2024010707,3236,0.0243,1,50.7099990844727,17.4599990844727,8,2.9396934131441426,1.6300293939672326,0.04735105047445288,5.650805252351212,0.0,18
2024010707,3283,0.0,0,49.6500015258789,33.0,6,14.243052103873131,1.021813549376705,-0.21425539955248218,14.504126998892414,0.0,18
2024010707,3313,0.0059,1,27.8799991607666,20.7299995422363,7,2.982230049188887,1.7321654096033745,-0.3523135284005421,4.054528332617738,0.0,18
2024010707,3360,0.1151,1,9.21000003814697,50.9099998474121,23,2.715971140549473,1.132165933814778,0.3329935791414953,0.7854934754662161,0.0,18
2024010707,3597,0.4764,1,67.3300018310547,7.5,13,1.5708932616991564,1.36652958723781,-0.6014869838428419,4.022461932697439,0.0,18
2024010707,3622,0.0,0,68.9700012207031,41.1500015258789,9,18.84115872361205,1.6434716022719995,-0.4727513853290581,16.20802578971294,0.0,18
2024010707,3669,0.0,0,43.1599998474121,10.3400001525879,10,5.2112664722924364,0.9211407944278913,-0.021934532925648353,9.35346459874628,0.0,18
2024010707,3701,0.3858,1,19.0699996948242,43.6300010681152,23,2.141075601952786,3.49607010205008,0.5110306874358553,0.8109870529176111,0.0,18
2024010708,63,0.0,0,80.4700012207031,43.2000007629395,10,14.027235663939853,0.7202764827981194,0.19874653072218473,15.479644698764885,0.0,18
2024010708,110,0.3543,1,64.6399993896484,-0.0399999991059303,15,2.1918031718019004,2.3486596097082315,0.5575280917901433,3.4244123583470554,0.0,18
2024010708,174,0.0299,1,26.6000003814697,8.78999996185303,7,2.926379680538438,3.3508950917105254,-0.20191673630682042,3.5046397817750092,0.0,18
2024010708,197,0.0,0,31.9599990844727,14.7600002288818,8,3.15456901302849,0.5727132581624592,0.30457268849874847,5.9792976176136285,0.0,18
2024010708,292,0.0,0,93.4300003051758,41.0999984741211,7,10.868418100423726,0.5663911635943424,0.3721115979302942,12.147892821390887,0.0,18
2024010708,317,0.2691,1,78.9100036621094,41.4000015258789,10,2.3603846491947986,1.2879859306623336,-0.19323468705157762,4.325517310102925,0.0,18
2024010708,340,0.0,0,85.3300018310547,32.3499984741211,6,11.984523880675876,1.6479383723040064,0.23280376976122222,9.358824712537363,0.0,18
2024010708,440,0.0,0,48.6300010681152,39.6800003051758,9,7.397383562611129,0.24758893505755095,-0.13936204238868052,12.292147900184082,0.0,18
2024010708,578,0.165,1,82.0299987792969,3.75,15,2.5328648253774264,0.7071078515144184,-0.2589135035563746,2.0523157651784523,0.0,18
2024010708,603,0.0,0,90.4100036621094,5.32000017166138,12,6.027400514027168,0.8417216482381592,-0.24696119807123515,4.514864339047191,0.0,18
2024010708,672,0.388,1,101.319999694824,9.69999980926514,13,2.0678494786541894,1.3069815865048884,-0.10463809347056242,1.5610893632332534,0.0,18
2024010708,782,0.0929,1,73.6800003051758,10.2600002288818,15,2.731299903116938,0.3047950406171892,0.36718721799678444,4.921960991312305,0.0,18
2024010708,835,0.0,0,51.4099998474121,20.6299991607666,7,5.989073097591896,0.4841493016264439,-0.15537541236746394,9.799903060745045,0.0,18
2024010708,902,0.0,0,82.6999969482422,18.6100006103516,7,8.514138193742108,0.403115930748171,-0.18404357856555426,7.982092457495091,0.0,18
2024010708,949,0.0,0,91.8300018310547,42.2799987792969,8,7.840693092072129,1.8916914057309782,-0.4284794566924336,4.301185882986221,0.0,18
2024010708,974,0.0,0,96.5,46.1699981689453,10,4.259320256263148,2.410582384836794,-0.2380594555493043,1.7792414113885722,0.0,18
2024010708,1019,0.0,0,89.2600021362305,37.1599998474121,8,3.326768133671826,1.5487070531193026,-0.2897968212419428,4.150855333542715,0.0,18
2024010708,1085,0.0,0,90.0299987792969,15.8000001907349,7,11.768469435675595,0.3956014192874195,-0.5808770389591957,12.640399519002562,0.0,18
2024010708,1154,0.2021,1,45.1800003051758,8.09000015258789,12,2.3936586144436336,1.7679935380291618,-0.4673882340179006,2.3153617427952806,0.0,18
2024010708,1179,0.0,0,43.0900001525879,49.9700012207031,14,7.031537164274906,8.153092505183066,0.4524747395201968,2.95298154413468,0.0,18
2024010708,1479,0.0,0,39.5299987792969,41.2599983215332,8,3.7400547052151745,0.8420220932069433,-0.12010450742017302,5.8374309417756765,0.0,18
2024010708,1602,0.813,1,72.5,12.9300003051758,14,0.8077744377215645,0.60876945574187,0.1267493079653846,2.5223203603031874,0.0,18
2024010708,1717,0.0,0,42.2000007629395,6.19000005722046,12,10.402354776367558,6.717269227408588,0.4891160330282534,11.417258865419495,0.0,18
2024010708,1765,0.0,0,60.0900001525879,39.0,11,3.1094212322842836,1.4598971814047255,-0.20725755500706924,2.011218536111875,0.0,18
2024010708,1893,0.0,0,81.4100036621094,7.67999982833862,12,3.016640807603477,3.048101037070179,-0.4017503323098029,1.212476803901826,0.0,18
2024010708,1925,0.0,0,75.379997253418,25.8799991607666,7,3.408726614301972,0.41011920778680266,-0.3583455838608213,4.158954195467893,0.0,18
2024010708,1950,0.0,0,58.2200012207031,53.0800018310547,17,5.422195842227571,6.812525595745022,0.6020385699383122,5.702148717808055,0.0,18
2024010708,1973,0.8878,1,32.6300010681152,48.3199996948242,28,1.220244865233695,1.5401956141699875,-0.7578993663469501,1.3476646467129714,0.0,18
2024010708,1998,0.0,0,14.8999996185303,9.81999969482422,15,4.642079071206454,1.7397121336015917,-0.28112726282264555,3.6692233510649093,0.0,18
2024010708,2028,0.008,1,23.75,31.1200008392334,5,2.978925507658169,1.5206902683362653,0.0013568826912275698,2.047071078394689,0.0,18
2024010708,2053,0.2326,1,14.1700000762939,38.6599998474121,7,2.35372046502248,1.5030636722480983,-0.22982449722078732,3.222623155133096,0.0,18
2024010708,2108,1.0145,1,6.38000011444092,7.25,18,0.5984145911391172,1.042353220241732,-0.25761966137728465,0.6129437168288775,0.0,18
2024010708,2326,0.0,0,40.3199996948242,27.1700000762939,5,8.44138644369857,1.9106284596540615,-0.19962047007073608,8.108964175528218,0.0,18
2024010708,2499,0.0,0,80.879997253418,42.9599990844727,14,11.845443488756416,4.365102079931384,0.48446610974027043,4.1277839090727655,0.0,18
2024010708,2659,0.0,0,42.1599998474121,29.75,10,3.1158948094997085,0.49335600070603086,-0.20960004415723799,2.9316548227920656,0.0,18
2024010708,2684,0.0,0,54.6199989318848,31.5799999237061,5,4.85115551489672,1.5701284504240753,-0.3965910456261603,5.750130433303231,0.0,18
2024010708,2731,0.1136,1,66.1999969482422,37.6800003051758,8,2.6974274978598585,1.3453644689111426,-0.009836312724497994,5.450660510433574,0.0,18
2024010708,2756,0.8774,1,104.279998779297,29.6000003814697,26,1.3300363699171018,0.7550490508672792,0.15822929743828162,3.1801415062855227,0.0,18
2024010708,2785,0.0,0,68.5299987792969,33.7900009155273,6,8.853159140669558,1.7266160589832946,-0.30142248523166226,7.690234066658828,0.0,18
2024010708,2810,0.3924,1,92.3899993896484,51.1800003051758,22,2.1708288847524,8.696401053900571,0.5329829584346129,2.122498527679123,0.0,18
2024010708,2951,0.2183,1,47.6599998474121,38.9900016784668,12,2.3726155954551023,2.3677196435447376,-0.5864774661636704,2.2081893034792066,0.0,18
2024010708,2996,0.0,0,100.76000213623,49.439998626709,22,6.4510517283703575,1.1574537929628246,-0.7162823124494391,4.906526266107214,0.0,18
2024010708,3055,0.0,0,74.1999969482422,35.3800010681152,9,5.674269480468235,2.6966987201831145,-0.3661337815292363,4.307690796703031,0.0,18
2024010708,3126,0.0,0,34.9599990844727,4.90999984741211,17,7.117057874780067,0.39812091819418804,0.5091126863936437,2.338054747006581,0.0,18
2024010708,3151,0.0,0,15.4899997711182,40.0999984741211,6,8.298252531466597,1.3110697500391437,-0.6844706280050105,7.132524097400585,0.0,18
2024010708,3324,0.0,0,38.1500015258789,48.4199981689453,10,3.7297838621959203,0.5011981006932369,-0.5413247902918903,7.313836202705116,0.0,18
2024010708,3349,0.0,0,42.2299995422363,33.9099998474121,7,3.472362718278498,2.894996094379917,0.1711610015913555,1.2370933675353692,0.0,18
2024010708,3418,0.0,0,53.9500007629395,20.4799995422363,9,5.9504616171379165,4.470178104752457,-0.5742846758136596,1.880957203128236,0.0,18
2024010708,3465,0.0,0,57.3899993896484,7.3899998664856,13,7.628191611418395,1.7773017148189991,-0.45397538307401714,12.428169615836437,0.0,18
2024010708,3619,0.2851,1,115.660003662109,20.7999992370605,11,2.158008644379687,0.9082376505612683,-0.2654840527367058,2.6430664009820126,0.0,18
2024010708,3687,0.0,0,90.629997253418,13.8299999237061,8,15.832688167290787,1.4689441376666938,-0.4673921273388677,18.0904671028694,0.0,18
2024010708,3717,0.0,0,44.2099990844727,53.9799995422363,28,3.38647359578038,1.7055208671322484,0.7459716579834499,2.630532265531069,0.0,18
2024010708,3765,0.0,0,69.0899963378906,15.6599998474121,13,3.4917747025164054,3.0631973825333096,-0.7641734835194872,6.779970501410756,0.0,18
2024010708,3797,0.0,0,64.8199996948242,20.2999992370605,7,11.320534127106106,1.5839819195035303,-0.40352743608028957,11.840548973759622,0.0,18
2024010709,100,0.7945,1,51.4099998474121,25.5799999237061,6,1.3652840119732066,1.657045683816377,-0.3224304163122345,4.122572012712455,0.777,18
2024010709,143,0.5275,1,80.6399993896484,45.3400001525879,9,1.4173913758656094,1.1264540286177596,-0.4089039034284835,2.9560108254199644,0.0,18
2024010709,242,1.5006,2,24.9200000762939,44.3600006103516,28,1.2865846118228723,2.380461899950773,0.8538461851982769,0.6928924880527997,1.0164,18
2024010709,265,1.1314,1,64.8899993896484,36.25,8,0.5700877018436206,0.2817805975864485,0.006894313693110319,1.4389232085139259,0.6723,18
2024010709,412,0.0,0,56.4000015258789,7.84999990463257,9,9.780313372535437,0.3773579007956096,-0.05419760849077029,11.904830952180713,0.0,18
2024010709,437,0.0,0,36.4500007629395,3.03999996185303,10,5.696885877706733,0.6338770060089979,-0.2719080631233145,5.700192979189389,0.0,18
2024010709,484,0.7817,1,10.5299997329712,49.0699996948242,13,0.6549048434727739,1.9940161335942583,-0.6855853774700027,1.128937553631732,0.2832,18
2024010709,507,0.9639,1,23.0599994659424,29.2600002288818,7,1.2856518949479112,0.41231112138255116,0.46860220770721167,1.6446884203398506,0.66,18
2024010709,701,0.7097,1,63.060001373291,44.2799987792969,12,0.8709780700254475,0.1360165000454656,-0.17482738913434773,2.77838082342936,0.0,18
2024010709,726,0.0,0,42.6199989318848,-0.709999978542328,22,4.565303962966526,2.8140011429779475,0.557853704936377,0.5536244214266548,0.0,18
2024010709,804,0.0,0,51.939998626709,43.2400016784668,10,3.6344615246753436,0.21470698062503532,0.19614043680421597,6.500715345252395,0.0,18
2024010709,1085,0.2531,1,73.6399993896484,28.3299999237061,6,2.3841142032330986,0.9464142904434371,0.32192083534771343,1.6043067038443706,0.0,18
2024010709,1168,0.2135,1,73.5699996948242,6.55000019073486,9,2.4490198918411483,0.4386346005564477,-0.11049358731934926,5.90952620774288,0.0,18
2024010709,1236,0.0,0,32.5299987792969,36.2700004577637,5,3.8668073736000563,2.266120237495721,-0.0012127124903635917,1.4905368160498438,0.0,18
2024010709,1334,0.0,0,81.6399993896484,38.7799987792969,6,8.45236564432425,0.550090269138649,-0.07110076393216672,8.226591031526976,0.0,18
2024010709,1366,0.0,0,72.1500015258789,10.1300001144409,10,3.2697415782299477,1.4710552227313063,-0.6317398740232261,4.960493927019764,0.0,18
2024010709,1418,0.0,0,37.189998626709,8.64999961853027,19,10.085097940524568,11.289376924011314,0.336347753474671,1.2041594578792265,0.0,18
2024010709,1463,0.0593,1,57.5499992370605,39.9700012207031,8,2.8714119216775713,1.9141591206485793,0.22526392943648776,4.6193722517242515,0.0453,18
2024010709,1523,1.0263,1,32.8899993896484,38.560001373291,12,1.2571808839728165,0.2024848009277121,0.09398386692326509,4.210475032582426,0.4839,18
2024010709,1592,0.0,0,21.7199993133545,44.9900016784668,8,10.508444057243434,0.5714012176262517,0.018174622258132697,9.620046777433048,0.0,18
2024010709,1729,0.0,0,73.9599990844727,13.0799999237061,6,5.082136292360595,0.8174349651079018,0.26329646459040007,6.017258511980357,0.0,18
2024010709,1752,0.0624,1,93.5400009155273,3.4300000667572,19,2.874804554606954,2.3917573340994718,0.6858672223699029,3.9385911186615976,0.0,18
2024010709,1775,0.2194,1,78.4199981689453,49.5499992370605,13,2.341731930006262,1.6824109488933467,-0.45150664707589544,2.0227209397245147,0.0,18
2024010709,1877,0.0,0,76.9400024414062,8.15999984741211,9,6.332403195285849,0.2941101100640767,-0.5950286441319287,6.415870946333013,0.0,18
2024010709,1914,0.9126,1,70.6399993896484,22.0300006866455,8,1.1036749428692543,0.4887730741794396,0.4421696389560338,1.0542295765154739,0.4325,18
2024010709,1944,0.0,0,61.2000007629395,18.0799999237061,10,9.841636806674295,1.190000291712418,-0.5069203699404263,11.74143091790775,0.0,18
2024010709,1970,0.6474,1,56.4900016784668,16.9599990844727,7,1.5861911685226413,1.1738830945962848,0.3597186552324572,1.0257680049601854,0.3563,18
2024010709,2000,0.9339,1,24.6900005340576,42.5200004577637,27,0.6519207378961558,5.585140792042043,0.8168113641818988,7.12512456031472,0.0,18
2024010709,2027,0.0,0,33.5200004577637,9.82999992370605,15,3.7254265425028037,0.25612474311048355,-0.06572015171676747,3.6577588766893867,0.0,18
2024010709,2052,0.75,1,37.2299995422363,16.3799991607666,7,0.7500671326162263,0.4295355857177554,-0.4350844197970062,0.9741663102366027,0.2798,18
2024010709,2075,0.0,0,30.0200004577637,40.6199989318848,10,11.968574901062967,0.21095133780159164,-0.551816018872905,13.774505435767924,0.0,18
2024010709,2156,0.6649,1,70.1500015258789,17.3799991607666,7,1.578003798139126,0.6551330803969351,0.496380874092087,1.924084197741876,0.0679,18
2024010709,2188,0.5511,1,71.7900009155273,16.5,6,1.9363101358355876,0.44283088683696936,0.10284958694894847,2.5927977167530876,0.4477,18
2024010709,2220,0.214,1,78.8899993896484,34.5,8,2.5807366104732936,0.6118829401301297,0.02054931510131585,2.0288173895153796,0.0,18
2024010709,2255,1.1158,1,108.76000213623,51.939998626709,21,0.9638479061867072,0.5326373801578992,0.13350166044084635,1.5297058540778299,0.0,18
2024010709,2500,0.0,0,32.5099983215332,9.48999977111816,10,3.678505473589644,0.25179353897579965,-0.7016487738917614,6.443756668279769,0.0,18
2024010709,2603,0.0,0,57.810001373291,25.25,9,3.0434508639064117,2.230088311059456,-0.09247362013368325,3.8403255070371314,0.0,18
2024010709,2704,0.0912,1,83.8300018310547,22.1100006103516,7,2.7800725386788834,0.7128128681935895,0.2513985581107053,2.371919054268082,0.0,18
2024010709,2729,0.0,0,64.2799987792969,21.7199993133545,6,6.034582265256824,1.190796651167081,-0.36490400581779414,6.774606999671642,0.0,18
2024010709,2826,0.0,0,51.4799995422363,25.5900001525879,7,5.320460050668251,6.026557516668112,-0.39365502452342466,3.2020618357552078,0.0,18
2024010709,3149,0.0,0,96.9000015258789,18.5400009155273,8,8.32463916040097,1.8010012169079657,-0.2970869186785236,5.119501928898944,0.0,18
2024010709,3245,0.0,0,54.2400016784668,9.32999992370605,9,6.085990511066894,1.3550630409816957,-0.6002959224817574,5.041944069503349,0.0,18
2024010709,3443,0.447,1,71.879997253418,7.03999996185303,11,1.7269599885375406,1.2841329937476698,-0.14399429455126966,6.514798538711689,0.0,18
2024010709,3466,0.0,0,78.1100006103516,14.6800003051758,10,14.021812258711652,0.7305482284639657,-0.5928143197102296,13.582017523181147,0.0,18
2024010709,3516,0.0,0,18.0,11.7600002288818,10,16.046382668970402,0.8500001831054523,-0.40557635885126714,14.22236618850745,0.0,18
2024010709,3573,0.0,0,46.3699989318848,38.9599990844727,11,4.054935027518264,0.5234508801946415,0.05804755639831795,3.4366553507734863,0.0,18
2024010709,3598,0.9791,1,77.4000015258789,44.7999992370605,20,1.2742464970070604,0.8628455931990894,0.7529044816214854,1.3423859355639818,0.0,18
2024010709,3621,0.0,0,49.6699981689453,24.4500007629395,6,8.546374725953964,1.6531504947316713,-0.3291398208635839,6.868282172421287,0.0,18
2024010709,3646,0.0,0,60.5999984741211,7.1100001335144,8,10.01072067244568,1.196203108679653,0.3995388676726642,4.826945203749467,0.0,18
2024010709,3719,0.0,0,64.9100036621094,25.4300003051758,18,18.32746567857858,20.941120192069334,-0.4939965287394533,3.4590461112856077,0.0,18
2024010709,3757,0.0,0,63.8899993896484,26.0799999237061,15,13.915466745261005,29.742794520412552,-0.6713016471006468,4.176122603564223,0.0,18
2024010709,3789,0.0252,1,83.9800033569336,32.689998626709,7,2.9265838591658153,0.7077428243427493,-0.11227606063109097,4.464314057052882,0.0,18
2024010709,3902,0.6067,1,108.599998474121,39.6300010681152,6,1.1799160051370265,0.9124162057543067,0.01629433749100829,0.5813776741499436,0.5319,18
2024010709,4262,0.0,0,27.1200008392334,43.4900016784668,11,13.428760339782265,2.263844412442292,-0.4828643327622314,10.090242811746405,0.0,18
2024010709,4330,0.273,1,56.1199989318848,51.7200012207031,13,2.1811245032123283,2.165387320110717,-0.4384879143220454,1.8651005334833843,0.0,18
2024010710,55,0.2549,1,39.6699981689453,4.80000019073486,10,2.4115155033424767,0.6992155442513776,-0.010323081341933998,3.790211075916491,0.0,18
2024010710,85,0.0,0,50.3899993896484,41.7799987792969,8,5.808485561366567,1.1217846520905959,-0.010089872604706741,6.9208742222352235,0.0,18
2024010710,154,0.0,0,71.1399993896484,49.7000007629395,11,3.649109989715611,1.4360014246349897,0.2772463335409727,2.798606796247017,0.0,18
2024010710,201,0.0,0,76.0,28.0900001525879,6,7.7962043001231,0.5154611038052862,0.15707330975879774,8.275052869921742,0.0,18
2024010710,248,0.1274,1,99.8000030517578,18.7700004577637,7,2.6451842591820203,0.5632081967708802,0.3834135761109492,2.4496938584239474,0.0,18
2024010710,401,0.0,0,77.4100036621094,44.1399993896484,8,5.472498490991203,3.1075745867196405,-0.3883404157282085,4.466866910934321,0.0,18
2024010710,431,0.0,0,64.3300018310547,32.7200012207031,7,3.4961128421273653,2.66720929893792,-0.21671923555743278,1.842009771961053,0.0,18
2024010710,544,1.0327,1,40.2000007629395,37.7700004577637,7,0.8338472241593002,1.7980548334472153,-0.23045745356625702,2.3433736364481,0.9867,18
2024010710,569,0.0,0,31.3099994659424,40.75,7,9.199662971708806,0.9741657784630618,0.03468205833514858,3.3715278435747806,0.0,18
2024010710,614,0.6876,1,8.82999992370605,49.0900001525879,21,0.983107268215377,0.7592758051130002,-0.5800160686462918,1.0948972554536778,0.0,18
2024010710,725,0.0,0,28.5799999237061,34.4300003051758,8,5.42033233946849,1.4803377338341834,-0.09442707239977396,3.6385986313414653,0.0,18
2024010710,796,0.0,0,58.310001373291,53.1699981689453,17,5.970535047826891,5.344697529127484,-0.1351568642806597,1.1676472069936215,0.3325,18
2024010710,841,0.0,0,47.1500015258789,42.7400016784668,15,5.297114571290408,6.453318865316245,0.6248329927479737,1.8124017214734705,0.0,18
2024010710,908,0.0,0,39.5499992370605,20.9699993133545,8,3.195824439429838,2.6454667964130136,-0.056363730015469085,5.832915223110999,0.0,18
2024010710,1319,1.1653,1,24.9799995422363,22.0699996948242,12,0.5412023059017637,0.3712146554688999,0.5239548486378449,1.545736070614904,0.0,18
2024010710,1342,0.0,0,37.4000015258789,30.0100002288818,8,3.7477468853860776,0.2983272482293057,0.5162515590228717,6.424523328621352,0.0,18
2024010710,1370,0.5778,1,17.2199993133545,3.75,16,1.2666880921678558,0.5770608436071558,-0.7006605481094255,2.767254957534633,0.0,18
2024010710,1426,0.0,0,37.5900001525879,43.689998626709,7,4.080440544578941,0.5661274610243904,-0.3552853821896443,5.181852950441564,0.0,18
2024010710,1507,0.1469,1,49.3600006103516,40.5400009155273,7,2.641703645497677,0.46043355661789,-0.42751387711612504,4.304195627524383,0.0,18
2024010710,1532,0.4508,1,57.3800010681152,46.1599998474121,8,1.6476943887466944,1.8977088453436624,-0.4014289317357662,1.49452333538155,0.2059,18
2024010710,1596,0.0,0,75.6500015258789,53.1100006103516,16,8.439936453413,8.185629271015337,0.6308720924717821,6.6377857753922695,0.0,18
2024010710,1674,0.0,0,87.6600036621094,50.3899993896484,11,3.7901216577030405,0.8102499719862025,-0.03000562534021959,5.099019513592783,0.0,18
2024010710,1733,0.0,0,80.4599990844727,25.1399993896484,5,7.042704778747149,0.6720108692570654,-0.23488871069225925,7.898961957118164,0.0,18
2024010710,1765,0.2821,1,69.5299987792969,52.7200012207031,15,2.3522752761129744,0.4201177813403255,-0.23560041971871049,2.8245530619905272,0.0,18
2024010710,1800,0.4816,1,50.1500015258789,2.95000004768372,17,1.8396187459352302,0.5100015258789008,-0.3998390614798635,1.93204554811733,0.0,18
2024010710,1882,0.6766,1,8.25,34.6399993896484,9,0.9700510605421322,0.36055478898460647,-0.22303798050565132,0.5300943312279421,0.5782,18
2024010710,1963,0.2227,1,41.5499992370605,31.4899997711182,7,2.4571733098092428,0.9848863518697258,0.04588956166497475,1.2844454056128616,0.0,18
2024010710,2182,0.5559,1,58.1599998474121,14.8500003814697,6,1.332216099023466,0.7433031294408339,-0.1275850783583672,3.3459228921181086,0.1915,18
2024010710,2342,0.0,0,82.7300033569336,8.6899995803833,8,5.3541165711124545,0.8514678152165136,0.5763376628720986,6.688086422886604,0.0,18
2024010710,2387,0.1864,1,100.970001220703,51.2299995422363,21,2.5457798948119996,1.2300399389226175,-0.7509290371370047,2.7822652641328034,0.0,18
2024010710,2496,0.7089,1,116.330001831055,10.4899997711182,13,0.8731543540544534,1.3359998934636323,-0.6286521493982838,0.6847627326307947,0.4394,18
2024010710,2653,0.0,0,77.6500015258789,18.5699996948242,8,3.7727591579400888,1.8902125534756211,-0.15274929971690016,4.58600043610988,0.0,18
2024010710,2678,0.0,0,48.75,-0.709999978542328,21,6.785933971382153,3.705401448947401,0.6011740006703886,4.460773475530894,0.0,18
2024010710,2749,0.0,0,35.1599998474121,39.3899993896484,9,3.772598796382579,2.5864265563791853,-0.35226307348497204,4.1469506869505945,0.0,18
2024010710,2772,0.0,0,42.4300003051758,24.0900001525879,12,4.154057921327658,2.3694721751208405,0.042066627314750006,1.2423365083583482,0.0,18
2024010710,2817,0.0,0,76.6399993896484,16.8500003814697,9,14.407431621346193,1.0119283928549645,-0.44614546604982985,15.042981752298976,0.0,18
2024010710,2981,0.0,0,39.6100006103516,21.1900005340576,7,4.716206004819478,0.40816688124171147,0.16769597349318868,6.140659573694016,0.0,18
2024010710,3273,0.6065,1,22.6000003814697,47.0900001525879,10,1.1845678360702117,1.0960384799022285,-0.6327681188259029,1.9864792976520032,0.1056,18
2024010710,3357,0.0,0,64.3099975585938,45.6800003051758,23,3.99249057833238,1.7901141235813172,-0.5579735033068086,1.0348429832588144,0.2601,18
2024010710,3653,0.0,0,51.7599983215332,8.97000026702881,18,4.464483717644761,1.6410988810603202,-0.7701489913435547,6.779948377384595,0.0,18
2024010710,3688,0.3375,1,50.2099990844727,26.8700008392334,12,2.098476762099311,0.5889821223876287,0.15680688006045906,8.154213634679923,0.0,18
2024010711,55,0.0,0,73.3399963378906,35.810001373291,9,8.73169525640909,0.9235776963112797,0.23434340351798952,11.66043738459239,0.0,18
2024010711,124,1.0636,1,23.0200004577637,42.6300010681152,31,1.1072487794621415,1.183595517480668,0.8775255814146736,1.8344754018519844,0.0,18
2024010711,167,0.0,0,34.4900016784668,39.5400009155273,8,4.1493353846025665,0.7660922621523328,0.05220281754355257,4.564482446017293,0.0,18
2024010711,315,0.0,0,79.1699981689453,24.3899993896484,7,7.685863415892653,2.6593214778698298,-0.0788604657995312,2.067123605399533,0.0,18
2024010711,347,0.0,0,45.1500015258789,47.3800010681152,11,4.096743810024481,3.210763884354139,-0.37230586401161825,3.180015723231569,0.0,18
2024010711,372,0.0,0,34.0200004577637,33.6500015258789,8,4.576504645391493,3.068940673374472,-0.3492136798580106,1.47220922426128,0.0,18
2024010711,397,0.0,0,26.5100002288818,35.189998626709,8,3.2697400928299984,3.2009540420758453,-0.11397376592668834,2.302628932329307,0.0,18
2024010711,559,0.0478,1,38.1100006103516,43.0099983215332,9,2.882255707684613,1.6879870155892793,-0.32855626205242877,4.040049504647189,0.0,18
2024010711,606,0.2951,1,70.8300018310547,1.92999994754791,9,2.2325751909457074,2.4700184120046873,-0.0006776097256047021,0.6868041933477066,0.1087,18
2024010711,629,0.0,0,73.3300018310547,14.25,11,7.08655589656222,1.5111897532137266,-0.08576430029033029,5.877312310912196,0.0,18
2024010711,698,0.0,0,89.0500030517578,19.0799999237061,9,3.5510125305002664,2.302019104085785,0.06509381703492524,1.6204937519163713,0.0,18
2024010711,790,0.0025,1,75.370002746582,38.4099998474121,10,2.9925260905046644,1.5847412947610724,0.020847059983069214,8.556710816663145,0.0,18
2024010711,839,0.405,1,29.2099990844727,16.5200004577637,10,1.9462024327656005,0.7930958661205593,0.23186438670345422,5.5468279223354315,0.0,18
2024010711,994,0.7581,1,35.6500015258789,50.7299995422363,27,1.1452941196949957,0.24207378253142992,0.41315764603162797,4.302615483633183,0.0,18
2024010711,1041,0.4154,1,62.3899993896484,3.72000002861023,14,1.753909316436266,1.3250277558785533,-0.6873453390261965,6.18934568431915,0.0,18
2024010711,1089,0.0,0,55.7299995422363,40.7999992370605,14,12.0077021799534,0.26570591598576115,0.09980472345992614,18.930517689698817,0.0,18
2024010711,1191,0.081,1,81.8499984741211,19.1100006103516,6,2.7783817010467673,0.7824329130541421,-0.06099477546922104,3.490000000000008,0.0,18
2024010711,1245,0.0,0,82.370002746582,14.1700000762939,9,3.9408104340921293,0.7810899347792928,0.4000919606194935,7.390209739919433,0.0,18
2024010711,1275,0.0,0,101.779998779297,48.8499984741211,21,4.1975333354601165,2.306882689987631,-0.7223025256994099,3.8075714044519238,0.0,18
2024010711,1468,0.0,0,60.4500007629395,27.5799999237061,8,3.3298797095398305,0.8041137356380625,-0.2813356769451421,3.7544640096823403,0.0,18
2024010711,1537,0.8288,1,84.5599975585938,6.44000005722046,21,1.2913932980778395,0.4809341460353926,0.3841359536833893,1.1168258592994709,0.0,18
2024010711,1562,0.0,0,90.6699981689453,13.25,8,3.4630202783474453,0.850883487890267,-0.2329988768552342,4.8349767321053365,0.0,18
2024010711,1691,0.0,0,91.5699996948242,36.7299995422363,8,12.339481209309117,3.3713646667465196,0.36636829021656503,5.8767763272052465,0.0,18
2024010711,1742,0.0,0,38.4900016784668,49.2999992370605,10,4.162028955332673,0.3448200099136246,-0.5208903844796466,7.501286556318188,0.0,18
2024010711,1789,0.5761,1,74.75,50.6800003051758,24,1.9887936778280666,1.2182362423751711,-0.8921020833817571,4.003623358908779,0.0,18
2024010711,1821,0.0,0,95.2099990844727,46.7700004577637,9,9.287066249571374,1.70880056690133,-0.47419610865392525,8.98160898725835,0.0,18
2024010711,1874,0.435,1,78.0400009155273,9.72999954223633,14,1.6949934490608778,1.087060672811341,-0.5076736379740916,1.6464810961562857,0.0,18
2024010711,1919,2.5632,2,47.8300018310547,1.36000001430511,27,0.34409151237814,0.2758636218517666,-0.8165975067195047,1.012422836565836,0.0,18
2024010711,1997,0.0,0,75.8499984741211,2.64000010490417,20,3.7747834381994414,3.0923277134502873,0.7774361314315374,3.6596174663480845,0.0,18
2024010711,2020,0.0,0,46.4700012207031,8.06999969482422,9,5.368248003510939,3.0541271894611763,-0.38996983853834144,4.442623099026068,0.0,18
2024010711,2045,0.1257,1,75.8199996948242,-0.939999997615814,28,2.7122315387774565,1.9829522866108502,0.48587056018770536,1.6595180023127196,0.0,18
2024010711,2115,0.3708,1,108.080001831055,20.3799991607666,8,1.9248096905067287,2.4939306250918785,-0.3888548099682292,1.3732079230764809,0.0387,18
2024010711,2251,0.0,0,87.6999969482422,14.0299997329712,7,8.428194287721311,0.6846866486898779,-0.3263193660488469,5.18368594727729,0.0,18
2024010711,2276,0.0,0,70.7399978637695,35.8199996948242,8,3.5059504566865893,2.872785289333013,0.08375366505294901,4.6360867118724265,0.0,18
2024010711,2396,1.6681,2,29.8500003814697,4.76000022888184,19,1.0149380196125433,0.4701064261208239,-0.03401872001368286,1.2403628501370063,0.0,18
2024010711,2580,0.2264,1,37.2999992370605,28.1100006103516,8,2.468948037696019,0.5656861370628313,0.6206381337093125,1.9712178976460215,0.0,18
2024010711,2697,0.0,0,42.2200012207031,12.8400001525879,10,12.70102237629233,0.6016631662943734,0.2136785733764405,13.497258980993145,0.0,18
2024010711,2829,0.8896,1,65.0500030517578,38.6699981689453,8,0.33120811573789816,0.9269833637940793,0.413728509876106,2.6041697333315246,0.5837,18
2024010711,2852,0.979,1,47.3600006103516,6.48999977111816,18,1.1988740731512586,0.579827427677097,0.5261421674839167,1.7013524032369038,0.0,18
2024010711,2875,0.1365,1,69.2600021362305,11.2200002670288,11,2.6122805141998136,1.7365786968132522,-0.6117815032617768,2.9101546350666676,0.0,18
2024010711,2905,0.0,0,52.9500007629395,6.42999982833862,12,3.8233500163395364,1.7235139381150235,-0.6702781716760358,8.006353726884669,0.0,18
2024010711,3022,0.689,1,10.0200004577637,1.92999994754791,21,0.9330063092734303,1.331353044238161,-0.7228534876843781,1.759005400787617,0.0,18
2024010711,3088,0.0968,1,40.8699989318848,28.3099994659424,7,2.7096321379927932,0.64513648075254,-0.09364592150823377,4.617542636511326,0.0,18
2024010711,3159,0.1603,1,68.6999969482422,33.810001373291,8,2.7273441752025227,1.1709834368955987,0.7826510637279046,1.563873396410337,0.0,18
2024010711,3182,0.0,0,67.7399978637695,9.56999969482422,9,4.453636814749263,1.9712169981668803,-0.5313897395155961,8.698045757525074,0.0,18
2024010711,3277,0.0,0,35.75,47.3400001525879,11,5.823650139392387,1.5344379869884328,-0.48911206751269065,5.5499369365786535,0.0,18
2024010711,3302,0.0,0,40.0999984741211,11.5900001525879,12,13.359192356893018,2.0447503158998366,-0.5976160080865386,6.335203232730581,0.0,18
2024010711,3327,0.0,0,56.9199981689453,6.82999992370605,9,3.3020765623652206,1.3416423901255865,-0.536539395899382,3.7825917041097603,0.0,18
2024010711,3352,0.0,0,79.0,19.4300003051758,15,5.880450688431318,8.128480822526305,0.06573951845597234,3.5464066320714,0.0,18
2024010711,3375,0.0292,1,67.9100036621094,44.1199989318848,12,2.912332330292188,1.3620925915817066,-0.3913286624027761,5.440266537588018,0.0,18
2024010711,3422,0.0,0,85.2200012207031,20.7800006866455,12,4.223563484980413,1.0804153851560967,-0.4247281400570743,4.194865909656706,0.0,18
2024010711,3447,1.7729,2,110.709999084473,41.060001373291,15,0.6407041538392143,0.5922825410237633,0.5504082621369069,1.739712619946185,0.3341,18
2024010711,3507,0.0,0,90.1999969482422,38.1399993896484,9,12.727927326678625,0.9340740200391161,0.33796629249910354,8.050621094052307,0.0,18
2024010711,3554,0.0,0,66.4800033569336,43.4300003051758,8,8.349997131347827,2.1325135121273937,0.19158131477991358,5.289328879924183,0.0,18
2024010711,3579,0.0,0,56.5099983215332,38.5999984741211,7,4.836690818749639,1.3736081623046859,-0.2789368251211572,5.918817449457281,0.0,18
2024010711,3626,0.1391,1,51.0200004577637,39.0699996948242,8,2.686279729551745,2.9538116063794537,0.08924437387863902,1.0309704166463778,0.0168,18
2024010711,3806,0.2859,1,40.2900009155273,47.0299987792969,11,2.142170389075673,1.2461537088836598,-0.400875338574145,1.4224275025462574,0.0,18
2024010711,3981,0.0,0,49.5099983215332,17.7800006866455,10,6.2953489971303265,0.6441284821121744,0.2971211183319237,8.234761684469081,0.0,18
2024010712,185,0.9304,1,31.8099994659424,5.15999984741211,22,0.5280149490092807,0.9484719075180493,-0.7632917552937443,1.6400000000000012,0.0,18
2024010712,273,0.4357,1,51.1699981689453,7.75,13,1.7394813869681944,0.4390890505800427,0.0007965465781290342,3.0222011845673014,0.0,18
2024010712,345,0.1313,1,23.1900005340576,48.0800018310547,11,2.6061846242346314,2.1513936232355064,-0.43274510207474154,4.925768975500171,0.0,18
2024010712,402,0.0,0,41.5499992370605,23.7099990844727,7,3.9687288854324665,1.684666701500099,-0.07747144215869875,2.7937966998334027,0.0,18
2024010712,471,0.0,0,78.3499984741211,6.59000015258789,22,3.7732750765706378,0.9436639065927375,-0.6368902997397645,1.4616771189288043,0.2592,18
2024010712,545,0.7902,1,102.099998474121,12.9899997711182,11,0.6293654379568087,1.0852190884670334,0.10478790261840341,2.2359114472626236,0.2178,18
2024010712,655,0.0,0,81.0999984741211,16.2700004577637,8,10.752728530452702,1.9200245132477445,0.04661092623705572,5.052534017698449,0.0,18
2024010712,763,0.5295,1,39.9500007629395,6.09000015258789,13,1.4115588386967883,0.5818073525943157,-0.5890834082007149,5.4185330118031025,0.0,18
2024010712,834,0.0,0,48.9000015258789,6.36999988555908,9,12.04095170052232,1.6202776112941348,-0.5043109853378461,9.833137851164295,0.0,18
2024010712,857,0.8046,2,48.4700012207031,38.2900009155273,9,1.354177255318078,1.766944995380932,-0.3770440437338546,1.8944656238633635,0.0,18
2024010712,920,0.0,0,94.9199981689453,11.0,8,6.570782130585397,1.5061533374726148,-0.7326459286145446,8.381079882688145,0.0,18
2024010712,1271,0.0,0,50.9500007629395,32.7299995422363,13,10.97232845774625,2.2539751546553877,-0.35622615901530497,6.705646874090518,0.0,18
2024010712,1318,0.0,0,20.1599998474121,19.5499992370605,10,4.925465220829667,1.9136611417528027,-0.5466091170531071,3.5655714829463196,0.0,18
2024010712,1382,0.0,0,39.4500007629395,16.6499996185303,8,7.114224340604196,2.191551313993348,0.18949053080352937,6.928693960624906,0.0,18
2024010712,1407,0.0,0,35.6100006103516,35.1699981689453,8,11.565335352315827,2.4182034291413053,-0.48756543672327873,11.481258641804038,0.0,18
2024010712,1487,0.0,0,57.8300018310547,19.0300006866455,6,3.783557057245984,1.3693775227483724,-0.0655081182009745,4.08944984074875,0.0,18
2024010712,1534,0.0,0,78.0699996948242,12.9499998092651,12,6.196159950757906,2.730567993770479,-0.3385118686444045,6.480154319150126,0.0,18
2024010712,1589,0.0,0,100.449996948242,6.88000011444092,12,5.59057053304006,5.55342029747751,0.580196723078464,3.765660632611492,0.0,18
2024010712,1824,0.0,0,64.620002746582,33.9799995422363,8,8.621138996186051,1.9594148712258563,0.5298099050674596,8.518039680583794,0.0,18
2024010712,1890,0.4562,1,56.3600006103516,44.7400016784668,10,1.7101175850052919,2.0933464323642186,-0.13493699136275245,1.2277214667830822,0.0,18
2024010712,2140,0.0,0,50.0900001525879,9.15999984741211,8,4.060541741068182,2.4123430618076678,-0.4126402959791381,4.674023962283464,0.0,18
2024010712,2256,0.0,0,103.76000213623,15.1599998474121,8,6.470496705694751,1.3254433635081253,-0.6197164025292924,9.113928900315168,0.0,18
2024010712,2281,0.0,0,46.4000015258789,7.17000007629395,15,8.520711562839784,1.834122514599801,-0.6590907645249398,5.11473361965215,0.0,18
2024010712,2480,0.0,0,42.5299987792969,36.1399993896484,13,5.901679075124582,1.7846581464551965,-0.5537166724032583,13.757339859144285,0.0,18
2024010712,2628,0.2552,1,48.9500007629395,16.5200004577637,14,2.410808111806838,5.364596226439582,-0.0605637142009431,5.437251143730626,0.0,18
2024010712,2707,0.0297,1,15.1899995803833,17.1399993896484,7,2.9107562812096797,2.6725455874203576,-0.39145285124998364,2.654373749116729,0.0,18
2024010712,2874,0.0,0,67.3499984741211,28.6499996185303,7,7.46739730677522,1.1521299649424106,-0.07103623005588193,7.613317279609462,0.0,18
2024010712,3068,0.0,0,97.1800003051758,29.4599990844727,7,3.942713840952931,0.6637008620075043,0.4567133230239503,2.881700886629284,0.0,18
2024010712,3093,1.0127,1,115.98999786377,18.5699996948242,13,0.5651540576616949,1.9787380597455233,-0.3909739189269561,4.6079170999487395,0.0,18
2024010712,3210,0.1011,1,67.9700012207031,30.0400009155273,10,2.7731762013796946,1.6391776893664483,-0.3046126858637824,6.793209845132116,0.0,18
2024010712,3300,0.0,0,36.8300018310547,13.0600004196167,8,7.223633269664013,0.7907573917824197,-0.22374448484252923,7.49258967246973,0.0,18
2024010712,3392,0.6639,1,61.7999992370605,4.92000007629395,15,1.0084153636850317,0.2418684800339058,-0.5339136050324987,1.118033988749895,0.5435,18
2024010712,3629,0.0,0,75.9100036621094,40.9099998474121,10,6.729379448587762,0.46011234074117696,-0.3158835005965731,10.222235567624132,0.0,18
2024010712,3654,0.0,0,69.7300033569336,31.5,6,11.251100242422977,0.9390425298217351,0.009322415704815332,13.713836078938675,0.0,18
2024010712,3679,0.0,0,64.0899963378906,30.1900005340576,7,15.807327317395032,6.605789211462595,-0.3725944049233215,12.009812654658692,0.0,18
2024010712,3704,1.0507,1,7.92000007629395,38.6100006103516,24,1.0196566456352607,0.9626002327390003,0.7946358949232177,1.4042791745233552,0.0,18
2024010712,3785,0.0,0,39.0499992370605,34.560001373291,7,3.5046413287094174,1.2513205134361716,0.7385625666452792,3.8637805320695944,0.0,18
2024010712,3808,0.0,0,44.1599998474121,26.0400009155273,9,3.0880738891499013,0.4049684488709857,-0.5501813562261972,2.4397130978867168,0.0,18
2024010712,3833,0.0,0,50.9599990844727,17.0200004577637,8,6.897138057557662,0.5727118514114966,0.15109048783070927,10.931514076284216,0.0,18
2024010712,3858,0.0,0,54.7900009155273,26.5100002288818,6,8.37014842741525,1.1364848972837005,-0.3479066086507572,9.451021108853794,0.0,18
2024010712,3883,0.0944,1,68.5899963378906,4.6399998664856,15,2.7166559955045666,1.2822272826176326,-0.47044540491052567,2.079543219074804,0.0,18
2024010713,55,0.0,0,65.4199981689453,6.48000001907349,18,3.1894352376503368,4.379782047118492,-0.3755143134876593,3.183284467338723,0.0,18
2024010713,133,0.0,0,67.5999984741211,33.0999984741211,8,3.1542490147305244,1.9368523930303716,-0.39510935616392884,3.4600578029853772,0.0,18
2024010713,158,0.4477,1,33.0800018310547,15.4300003051758,22,1.6570170062163643,2.0292134096174097,-0.8708061647295843,4.424624277834221,0.0,18
2024010713,195,0.0,0,28.3899993896484,27.7700004577637,6,3.584216150118116,1.6836272826926406,-0.04559540456067969,3.1631945877545995,0.0,18
2024010713,266,0.0,0,42.8699989318848,36.6599998474121,7,4.747821563710137,1.2219666810437853,-0.18853736860546486,5.06884602251834,0.0,18
2024010713,291,0.0,0,60.2299995422363,46.5400009155273,13,5.04476992608962,1.8966288098324218,-0.6058833567967414,4.358738349568601,0.0,18
2024010713,345,0.0,0,88.0,30.5900001525879,7,10.330019458852146,1.9155154800844942,-0.4438247821889417,7.213355668480525,0.0,18
2024010713,436,0.9839,1,107.569999694824,44.8499984741211,12,0.915859711546055,0.5299994529889904,0.2744086693331463,2.40407986556188,0.3476,18
2024010713,459,0.2225,1,111.440002441406,38.9199981689453,13,2.3323796065213322,4.794379087787456,-0.11807102884057487,0.5921148537235016,0.0,18
2024010713,574,0.0,0,98.9599990844727,36.2999992370605,9,5.5814427286089225,1.8485940207404319,-0.020713232306820015,1.9163767896736839,0.0,18
2024010713,599,0.0,0,70.7099990844727,17.8299999237061,14,5.02940440692084,2.374025245204708,-0.6321874762519983,8.914751819316114,0.0,18
2024010713,696,0.0,0,47.8699989318848,53.689998626709,15,3.0980783164348753,1.0630128731164563,0.04938086853740822,1.2514391715141413,0.0,18
2024010713,746,0.0,0,65.5100021362305,11.8800001144409,28,7.690652302135459,3.4809215570706806,0.834999729644069,1.5915401345866196,0.0,18
2024010713,821,0.0,0,73.8199996948242,22.3999996185303,7,3.84240810723711,1.972308361960302,0.04934555137097139,1.9602295783912584,0.0,18
2024010713,965,0.0,0,37.8699989318848,24.8400001525879,7,4.490034431716418,2.152046616996171,-0.3179364345403766,4.252810835200642,0.0,18
2024010713,1037,0.1718,1,53.8499984741211,36.7000007629395,14,2.5784100878129816,1.517927111579231,-0.6256698765149443,1.4310835055998667,0.0,18
2024010713,1211,0.0,0,72.2600021362305,51.2099990844727,11,5.2196720625375335,3.294603957136648,-0.45053702674326485,4.493283877076985,0.0,18
2024010713,1344,0.7534,1,19.7600002288818,3.55999994277954,29,0.7397971759384809,0.6694027179924155,-0.530588059274546,1.5579473675320352,0.0,18
2024010713,1533,0.0,0,61.3899993896484,16.7199993133545,9,3.0053293828976324,2.9786576651584302,-0.5403264391066772,3.4383862493908386,0.0,18
2024010713,1609,0.5558,1,92.7099990844727,6.92000007629395,23,1.3327043622101664,0.6545999566233077,-0.5137536926658421,1.144814395437097,0.0,18
2024010713,1722,0.3638,1,109.410003662109,4.71000003814697,11,1.9087394283417984,1.1200424489485996,-0.6044632207160069,1.452790418470603,0.0,18
2024010713,1786,0.5961,1,79.4400024414062,37.5699996948242,7,1.4426733611625011,0.2729477757507447,-0.41577359949438225,1.1970797801316315,0.1764,18
2024010713,1811,0.0,0,69.5500030517578,49.5499992370605,11,3.4805919306042865,2.264975525176496,0.10440861407854073,2.460000000000001,0.0,18
2024010713,1864,0.0,0,65.5100021362305,25.1599998474121,6,4.1135892839319546,2.1001204523339356,0.15259061652330347,4.447403737013317,0.0,18
2024010713,1918,0.0,0,46.4099998474121,48.5099983215332,11,6.339668701372875,1.041008124681185,-0.10582860556723653,7.9881725069004395,0.0,18
2024010713,1943,0.0,0,33.4599990844727,51.2799987792969,10,5.566514530197105,1.1410944720927894,0.3549630598316595,7.2033672681600835,0.0,18
2024010713,1973,0.9672,1,10.5100002288818,3.49000000953674,15,1.1576267561088707,0.7723343520351894,-0.5910114769957273,3.5503520952153482,0.0,18
2024010713,2085,0.0,0,13.1400003433228,21.2800006866455,9,3.4841505911918844,1.1741387039081304,0.34887140930068267,2.443215094910802,0.0,18
2024010713,2298,0.0,0,61.0499992370605,34.4300003051758,6,3.5625264690286373,2.556657153546726,-0.21053365282952763,1.8531055015837636,0.0,18
2024010713,2395,0.0,0,30.5300006866455,9.65999984741211,8,3.6400542424950504,0.41593286478799274,-0.42855608616274166,9.067552040104319,0.0,18
2024010713,2420,0.0,0,33.1500015258789,41.75,11,3.722363331209572,1.9246287959499113,-0.47600055916634065,5.249999999999999,0.0,18
2024010713,2498,0.5315,2,75.6100006103516,26.1399993896484,9,2.2933378376289517,2.255039478980079,-0.1380748117157756,1.4148144754701883,0.9618,18
2024010713,2586,0.0,0,67.6699981689453,37.4900016784668,6,3.101900284169507,1.2280040866672126,-0.03160775182530559,1.5983116091676353,0.0,18
2024010713,2611,0.0,0,59.2599983215332,22.25,8,3.5418908938769986,0.9976457517081146,0.02499689079155593,2.36662206530743,0.0,18
2024010713,2658,0.0,0,48.7299995422363,29.2299995422363,8,3.2525986906146,1.1717505689148753,-0.13183297455568055,4.5013442436676625,0.0,18
2024010713,2727,0.0,0,28.6000003814697,28.3500003814697,10,5.881241879270088,0.5830953988335885,-0.5296027874774113,4.810582085361396,0.0,18
2024010713,2774,0.0,0,11.4399995803833,19.5599994659424,13,4.27579262204008,3.8056933733956577,0.573968550156268,1.0042410069301093,0.0,18
2024010713,2827,0.0,0,48.5200004577637,34.3499984741211,12,3.14026909713864,1.6198769831169704,-0.4976126823301826,2.7164130760987053,0.0,18
2024010713,2905,0.0,0,58.8699989318848,33.1300010681152,11,3.662920820100927,0.2915464223902521,0.08537466460097266,3.5544901181463433,0.0,18
2024010713,3026,0.0,0,77.9599990844727,33.4900016784668,10,11.042507437111455,0.5003981264111294,-0.4750094203923859,12.879926242024837,0.0,18
2024010713,3175,0.5423,1,73.8000030517578,28.7600002288818,11,1.3729554218110132,1.2371367252352532,-0.4519159516748701,0.6220128616033602,0.0955,18
2024010713,3227,0.1459,1,39.5699996948242,5.51999998092651,10,2.5623624954920112,1.0860020746805454,-0.3964970491631002,1.5477725931156658,0.0,18
2024010713,3296,0.5336,1,67.0299987792969,47.8800010681152,17,1.6686534802823396,1.2445080427853095,-0.7262305758793682,3.1042068230064817,0.0,18
2024010713,3326,0.0,0,76.0500030517578,28.4099998474121,6,3.9063637335017347,1.0604215395596708,-0.2379289977017705,4.809261897630446,0.0,18
2024010713,3351,0.6361,1,98.5899963378906,2.95000004768372,20,1.7034345794171095,1.074896173925439,-0.6190397957378904,2.6590599842801566,0.0,18
2024010713,3403,0.0,0,106.050003051758,11.3199996948242,11,5.352949603537792,0.5953960427842114,-0.14449998310438042,3.1663859524701077,0.0,18
2024010713,3467,0.0,0,63.2799987792969,35.9599990844727,14,4.17228839244006,0.702141025910001,0.8583536868913278,2.6622171211229273,0.0,18
2024010713,3490,0.9572,1,81.75,6.65000009536743,8,1.3313526053131424,0.8709189660954504,0.7183482009743397,1.0280077820717057,0.5404,18
2024010713,3515,0.0,0,70.7300033569336,16.5699996948242,12,3.077437282392947,1.8300298369460728,-0.5692709539025113,5.336459500455334,0.0,18
2024010713,3570,0.0,0,32.7799987792969,15.0699996948242,8,11.53194818055962,2.078702620323956,-0.37324172478984297,11.170998164891083,0.0,18
2024010713,3836,0.2182,1,69.1699981689453,25.1299991607666,7,2.345422631999824,1.2111579474257157,-0.16848467896382693,3.539336095936634,0.0,18
2024010713,3906,0.0,0,67.6699981689453,8.60999965667725,13,6.046352448099521,2.5320727348855407,-0.6856284775700237,5.506623284736301,0.0,18
2024010713,3936,0.4881,1,61.1399993896484,33.3600006103516,8,1.5357404383060091,0.828612533376981,-0.3805606937450692,2.119811312357776,0.0,18
2024010713,3995,0.6401,1,29.3400001525879,47.6599998474121,17,1.079676065254696,0.6248199936094448,0.12673558433506152,4.725124336988392,0.0,18
2024010713,4018,0.9628,2,32.1399993896484,6.71000003814697,18,1.4999997924805724,1.7900273439248213,-0.6953176121796235,0.8360023923410702,0.0,18
