game_id,play_id,crp,n_defenders_in_radius,ball_land_x,ball_land_y,num_frames_output,min_def_dist_arrival,rec_dist_to_ball,rec_closing_v,sep_at_throw,crp_at_release,week
2023101200,100,0.0,0,48.4599990844727,34.25,9,7.93748737003797,6.998657372460123,-0.01744220642844564,1.0965856099730638,0.0,6
2023101200,218,0.0,0,62.9799995422363,13.7600002288818,8,14.226630151273433,2.458149976024032,-0.15855864159369368,12.763518323722508,0.0,6
2023101200,332,0.0,0,53.4099998474121,18.9599990844727,10,11.723650444397993,2.9029978890407997,-0.2349180058000859,10.082906327046782,0.0,6
2023101200,362,0.0,0,42.9300003051758,33.9000015258789,9,6.245012938071649,4.047938408485151,0.1892842274095836,4.946766620733185,0.0,6
2023101200,414,0.2466,1,33.8199996948242,40.2599983215332,6,2.260198823403883,4.19648688099185,-0.41812936997538075,1.1308846094982425,0.1525,6
2023101200,437,0.0,0,29.3299999237061,26.4500007629395,7,5.82719432328596,3.7139732550017057,-0.03070498363816027,1.8856563843924474,0.0,6
2023101200,562,0.0168,1,62.2700004577637,33.1199989318848,10,2.949457378073869,8.881632737247491,-0.3677751860403636,5.985649505275093,0.243,6
2023101200,589,0.0,0,53.1399993896484,33.5200004577637,12,8.941968753126218,3.1600626772689107,-0.628057189974102,1.0204410811016928,0.0,6
2023101200,659,0.0,0,26.9500007629395,17.5599994659424,7,4.752610734977033,2.6611277032636522,-0.2732877715174958,5.991635836731068,0.0,6
2023101200,990,0.0,0,66.0599975585938,44.5699996948242,10,4.136280978961619,2.080866861906035,-0.5408365244656177,6.17357270954186,0.0,6
2023101200,1071,0.0,0,73.4700012207031,25.1399993896484,9,5.27273986010368,3.4264407681868363,-0.1395866721509938,5.014897805539012,0.0,6
2023101200,1096,0.0,0,75.4899978637695,17.5100002288818,8,9.644217879332311,6.740067827693114,-0.6298895588958251,6.539999999999992,0.0,6
2023101200,1165,0.0,0,100.150001525879,27.9799995422363,6,5.682296346496828,1.436835329521937,-0.15278363145439428,3.51950280579516,0.0,6
2023101200,1190,0.1604,1,108.98999786377,1.1599999666214,10,2.5188309916123397,2.0577921901393554,-0.5016981504095144,4.142233696932129,0.0,6
2023101200,1277,0.0,0,109.569999694824,39.1300010681152,5,8.774349185642738,6.318203310234376,-0.37189187289983094,3.920204076320515,0.0,6
2023101200,1365,0.0,0,53.5800018310547,18.6000003814697,9,9.090928776275986,5.326432295184232,-0.4242793282200196,5.7455722082313105,0.0,6
2023101200,1397,0.0,0,59.9900016784668,28.1000003814697,6,6.696482702373975,4.696231056969519,-0.3352333684643149,6.959748558676521,0.0,6
2023101200,1444,0.7755,1,93.2300033569336,14.289999961853,13,0.9323077006181623,3.569674582624483,-0.3152721106043199,1.9875864761061308,0.0,6
2023101200,1514,0.0,0,105.5,11.8599996566772,9,3.201780802770647,3.658756386686467,-0.388340703052963,1.7613914953808554,0.0,6
2023101200,1771,0.0,0,60.4000015258789,10.9200000762939,10,5.618299423669428,5.261804727542227,-0.3494796885586787,5.0701084801017835,0.0,6
2023101200,1794,0.0,0,54.5099983215332,31.75,8,10.304199812249111,4.00044999986487,-0.33891801984322545,13.207259367484223,0.0,6
2023101200,1918,0.0,0,71.4400024414062,19.7900009155273,8,6.784411191193201,6.277971235459587,0.24049289548902125,1.0065783625729334,0.0,6
2023101200,1941,0.0,0,69.879997253418,44.2299995422363,10,7.4032474013489225,6.421229303144222,-0.4643185899129177,1.2741271522104858,0.0,6
2023101200,2020,0.0,0,47.0499992370605,33.5499992370605,10,12.749471263020071,4.060161172082688,-0.4901114023513697,13.152794379902698,0.0,6
2023101200,2169,0.0,0,83.120002746582,13.5100002288818,8,10.759974213537703,3.0334973572492197,-0.6065690142728535,9.999839998719981,0.0,6
2023101200,2251,0.0,0,63.5999984741211,29.1900005340576,7,5.573148497630257,5.220238044836058,-0.36222011933081905,6.664788068648542,0.0,6
2023101200,2276,0.0,0,49.0800018310547,14.4700002670288,12,6.879223694529594,3.5232102830662,-0.4618402677734706,7.868424238689726,0.0,6
2023101200,2306,0.2772,1,23.7399997711182,50.8600006103516,21,2.4535083118871777,2.1510235795734056,0.7755577590078306,3.340134727821617,0.0,6
2023101200,2334,0.0,0,40.310001373291,28.1499996185303,7,4.476438763219781,4.477701466179814,-0.06316786987764844,1.204408568551392,0.0,6
2023101200,2602,0.0,0,76.0899963378906,19.7600002288818,8,4.958166648222798,3.028484498282389,-0.38475926833707347,1.6138463371709166,0.0,6
2023101200,2654,0.0,0,76.4700012207031,42.1100006103516,11,8.057209058356372,2.6720032361408017,-0.4652209455936356,11.02445009966483,0.0,6
2023101200,2760,0.0,0,63.3300018310547,12.5200004577637,7,13.295083120257804,1.4829701226002912,-0.5635866698448508,13.223448869338128,0.0,6
2023101200,2994,0.0,0,78.9000015258789,35.6699981689453,8,6.31906054407407,1.107249647655051,0.040887899820163956,4.8688088892459085,0.0,6
2023101200,3050,0.69,1,60.0999984741211,46.9099998474121,21,0.9300543508760166,1.1352969926309968,-0.4877079391234307,1.050761628534274,0.0,6
2023101200,3195,0.7928,1,60.6500015258789,4.55000019073486,20,0.6216917233724679,1.4780046461605563,-0.73104577815894,1.372661648040039,0.0,6
2023101200,3324,0.7151,1,52.8800010681152,5.0,18,1.1618078955063038,2.171475196452769,-0.5298979945892502,8.547426513284567,0.0,6
2023101200,3425,0.0,0,36.9599990844727,47.7700004577637,10,7.902713893372007,0.37483295433223524,0.3059713517333101,7.462291873144605,0.0,6
2023101200,3484,0.678,1,7.1399998664856,2.71000003814697,20,0.9660226378226948,0.8947065511654582,-0.5836273134729392,1.8984203960134867,0.0,6
2023101200,3584,0.0,0,35.7999992370605,20.9099998474121,6,4.168897512133851,1.7592335306482794,-0.12093395433316992,4.330415684434926,0.0,6
2023101200,3636,0.2108,1,48.25,20.5,7,2.384302833114954,3.0200165562460053,-0.3534898821087831,1.9104973174542754,0.0,6
2023101200,3683,0.0,0,84.7200012207031,47.9900016784668,13,4.737731472832918,2.621219227856187,-0.5840304439592948,2.4283533515532802,0.0,6
2023101200,3837,1.1907,1,67.0599975585938,30.5,14,0.29698657443824,0.7856827681166187,-0.5397926736415231,1.1080162453682634,0.0,6
2023101200,3860,0.1754,1,85.2300033569336,34.0800018310547,9,2.640475760855806,1.0121280060350737,-0.5810304993723012,2.1689859381747967,0.0,6
2023101500,140,0.6677,1,43.25,4.55000019073486,14,1.0239627278965673,1.6542068069674127,-0.4532601429787787,2.02200395647486,0.0,6
2023101500,170,0.0,0,35.9900016784668,44.0099983215332,7,3.2977120045157524,1.6883435653789818,0.2516271693945467,2.170829334609236,0.0,6
2023101500,400,0.1172,1,56.25,17.6200008392334,8,2.736950484073694,1.3113733643431675,-0.22466940801047175,2.832419460461317,0.0,6
2023101500,425,0.0,0,67.1699981689453,15.9200000762939,7,3.0513120456942717,0.800251789525724,-0.25008660153680873,3.9466568130507587,0.0,6
2023101500,651,0.1,1,92.0100021362305,15.2799997329712,8,2.750165512237559,0.9055398879746749,-0.09737199108752113,4.652418725781255,0.0,6
2023101500,676,0.0,0,86.7900009155273,20.0599994659424,7,4.5839402030387575,1.908822066490109,0.048786601690242515,3.4701296805739124,0.0,6
2023101500,701,0.0,0,45.9300003051758,40.6599998474121,12,8.86352608551353,0.8297590839088356,0.3267252924931531,7.271512909979596,0.0,6
2023101500,823,0.0,0,-3.3199999332428,9.11999988555908,22,6.321091661587983,6.330600282701977,0.5118803599158915,0.911372591205156,0.0,6
2023101500,931,0.0,0,81.5,9.22999954223633,11,3.0147803712120926,2.0259561529659154,-0.7052199337894982,3.667056039931756,0.0,6
2023101500,1266,0.258,1,66.9499969482422,39.8300018310547,11,2.5371277436330795,1.7270815184297859,0.6986333896637829,0.9679876032264093,0.0,6
2023101500,1320,0.0,0,44.4099998474121,32.5200004577637,11,4.596280886971928,1.0261092020855866,-0.21568858775855823,3.486330449053843,0.0,6
2023101500,1477,0.1421,1,82.9899978637695,34.0800018310547,7,2.5875112115752485,1.0500027465822381,-0.2734854374257141,3.8733060813728675,0.0,6
2023101500,1500,0.0,0,83.1699981689453,32.689998626709,7,3.8461039758243696,1.0430746669090523,-0.08272026959954955,2.7211762162711914,0.0,6
2023101500,1536,0.0,0,99.1900024414062,44.9599990844727,9,3.489138040425462,0.3132093706613255,-0.5737896398722138,6.137833493994447,0.0,6
2023101500,1561,0.0,0,106.120002746582,46.810001373291,8,4.35295127602078,0.1838448499209264,0.026108089130832852,1.6770509831248424,0.0,6
2023101500,1655,0.5456,1,71.620002746582,13.5799999237061,11,1.9007881204458938,1.0196595360538185,-0.18309562949298264,6.183566931795915,0.0,6
2023101500,1702,0.8799,1,39.2599983215332,40.1500015258789,16,0.7300692235481051,0.49040637857070885,-0.7982033506369273,6.71405242755819,0.0,6
2023101500,1864,0.7184,1,56.2799987792969,47.9300003051758,12,1.3120985435142452,0.286531305812383,-0.6249713017453372,3.1333687941255812,0.0,6
2023101500,1924,0.0,0,59.9500007629395,38.3199996948242,8,5.7972830274084455,2.815172869454499,0.19100127329377292,0.9330058949438645,0.0,6
2023101500,1949,0.0,0,94.6500015258789,1.27999997138977,26,3.781072243565357,3.2205599183717664,0.6835601481032528,0.8318653737234155,0.0,6
2023101500,2098,0.3454,1,41.7200012207031,35.7099990844727,8,1.9636939789517223,0.4738150631983112,-0.0478026431168292,3.2175301086392345,0.0,6
2023101500,2462,0.0974,1,117.610000610352,53.0400009155273,20,2.8111396069735837,2.408818117692582,0.6502698451369952,1.0346496991735885,0.0,6
2023101500,2584,0.1457,1,77.0699996948242,50.439998626709,13,2.562811475925353,0.6637007746444856,-0.3298292910670236,1.0095543571299055,0.0,6
2023101500,2770,0.0,0,76.8000030517578,51.7400016784668,9,12.792853002697253,0.9271993309182704,-0.23696987978788744,11.404227286405684,0.0,6
2023101500,2935,1.9437,2,88.629997253418,11.3599996566772,20,0.47010801414151443,0.9985010979483213,-0.8433252555935369,1.991506967098033,0.0,6
2023101500,2984,0.0,0,69.6600036621094,7.57000017166138,9,6.522472462215057,0.43046688417461315,-0.383623265374166,9.757561170702438,0.0,6
2023101500,3014,0.0,0,61.6699981689453,18.6100006103516,6,4.761144011408098,1.4509644093805139,0.05493292734455857,2.900827468154561,0.0,6
2023101500,3072,1.054,2,21.7800006866455,4.71000003814697,23,0.9060909936782957,1.4509658406482187,-0.6585202033009145,3.6867600952597943,0.0,6
2023101500,3095,0.267,1,42.2099990844727,42.3699989318848,10,2.2484871819839567,0.9013866000426503,-0.18545296375944126,3.0319960422137746,0.0,6
2023101500,3120,0.0,0,42.9799995422363,34.189998626709,6,7.888503163235337,1.3756820385426984,-0.4300806154636865,8.766783902891646,0.0,6
2023101500,3340,0.0198,1,79.0299987792969,36.7999992370605,8,2.9517777593019776,2.442333948119713,-0.3419489010529363,3.481738071710738,0.0,6
2023101500,3557,0.5543,1,56.5999984741211,14.8599996566772,19,1.3371989293163618,0.2102383033559385,-0.42955509262736724,1.6595481312694733,0.0,6
2023101500,3604,0.0,0,80.5699996948242,6.42999982833862,13,3.9669261096182264,9.749871844696559,0.30725992260170754,1.4224275025462574,0.0,6
2023101500,3873,0.0,0,73.129997253418,7.17999982833862,12,3.7337495185343625,0.15132726668616928,0.5308184868662478,2.8848743473503293,0.0,6
2023101500,3942,0.0454,1,68.2300033569336,39.2099990844727,12,2.876893028057403,2.086339878094192,-0.47211186566081875,2.6532432983049263,0.0,6
2023101500,4145,0.7304,1,8.63000011444092,1.14999997615814,18,1.6407314784201847,1.4940213256600832,0.7138001808426461,1.876406139405858,0.6186,6
2023101501,55,0.0,0,88.8300018310547,39.7000007629395,5,7.579216861983257,0.291548992149349,0.7769609850435008,6.190129239361643,0.0,6
2023101501,102,0.7365,2,68.2799987792969,39.310001373291,11,1.1253874726086244,0.24515410890447364,0.26106664245486155,4.992354154104055,0.0,6
2023101501,127,0.4904,1,65.8399963378906,21.0400009155273,6,1.8134184583656214,0.4049653818086961,-0.021169785519549858,3.0381902507907546,0.2281,6
2023101501,152,0.0,0,60.9300003051758,17.3199996948242,6,3.6046910269678283,0.30413799607165065,-0.25011556209663743,3.0618458485038067,0.0,6
2023101501,177,1.24,1,27.8299999237061,4.73999977111816,21,0.7061161636877366,0.8902244602001375,-0.38657516648665335,1.1708543888972718,0.0,6
2023101501,222,0.0,0,37.5800018310547,47.6300010681152,14,5.0450192508391165,2.3317394204713655,-0.2049155830961603,3.9532391781929945,0.0,6
2023101501,305,0.0,0,31.2999992370605,29.1200008392334,8,3.5969422273427987,2.9751631866066592,-0.16997034856608442,4.724955026240991,0.0,6
2023101501,397,0.0,0,53.7000007629395,4.55000019073486,16,7.010284600024452,2.7132629335567415,-0.11834289119513182,5.586931179100026,0.0,6
2023101501,432,0.0,0,35.0099983215332,26.3400001525879,6,9.785050705518769,5.579858206858432,-0.31065732858109857,7.054431231502651,0.0,6
2023101501,479,0.0,0,53.7000007629395,14.7299995422363,10,7.677141546727671,5.186230897682101,-0.4841706621367193,4.301546233623435,0.0,6
2023101501,504,0.0,0,68.3399963378906,44.3499984741211,14,16.915039734147236,3.743183465293921,-0.5901625999345773,12.829859703052096,0.0,6
2023101501,590,0.0,0,86.9100036621094,28.7700004577637,8,3.6736072380950318,4.868189557513593,-0.22023165960686114,3.1318045916052966,0.0,6
2023101501,644,0.3328,1,111.440002441406,21.2099990844727,12,2.001721910430382,3.5719158111949127,-0.401188933913094,0.8280700453464054,0.0,6
2023101501,753,0.0,0,81.2099990844727,19.4899997711182,8,5.723154012188599,4.009350756743779,-0.05032323188606218,1.3778606605894546,0.0,6
2023101501,836,0.5782,1,71.2900009155273,30.1800003051758,8,1.9178377898901817,1.4480679919895494,0.4638614530169527,3.2452426719738567,0.3001,6
2023101501,859,0.0,0,46.7799987792969,50.060001373291,24,3.262209168783017,2.4409229490385385,-0.2809757070603094,0.7638062581571312,0.0,6
2023101501,908,0.5889,1,43.5,42.0900001525879,10,1.3223086461336013,0.7615773706937243,0.07376750109082945,0.6236184731067564,0.0,6
2023101501,973,0.0,0,87.2099990844727,43.9700012207031,10,7.535010483297382,1.4187657174075958,-0.5389209145238202,10.851893843933405,0.0,6
2023101501,1075,0.0,0,107.569999694824,13.0900001525879,7,4.241238117825498,1.4484477817868113,-0.5933607343405976,4.005558637693373,0.0,6
2023101501,1161,0.0,0,74.5699996948242,27.8400001525879,7,3.245242335318184,8.361943810001149,0.44248182121589436,2.7280945731407504,0.0,6
2023101501,1208,0.098,1,66.1500015258789,8.90999984741211,8,2.706013306308449,1.5628509156734967,-0.33616833969274973,4.057647101461632,0.0,6
2023101501,1233,0.4715,1,14.1599998474121,21.4699993133545,31,2.2316364175553387,0.6606815876182659,0.9054716263732886,2.4620316813558687,0.0,6
2023101501,1278,0.1474,1,38.1500015258789,50.6100006103516,20,2.7248482321381613,0.882042134843604,0.83797963045975,2.8302826713952083,0.0,6
2023101501,1301,0.301,1,55.3600006103516,43.1199989318848,8,2.0969512592670774,1.0002006115921538,-0.3091769773758563,2.915647440964011,0.0,6
2023101501,1331,0.1777,1,79.8399963378906,11.7600002288818,18,2.624572861572316,0.5852385662239066,-0.5056006713700739,0.840535543567314,0.0,6
2023101501,1388,0.0,0,70.3300018310547,-1.16999995708466,10,3.862642206827608,3.1508734822303954,0.25056823040633075,1.0140019723846605,0.0,6
2023101501,1507,0.42,1,101.470001220703,47.0900001525879,14,1.7399414920841343,0.5001000845890454,-0.4822290151964653,5.511306560154321,0.0,6
2023101501,1532,0.203,1,106.389999389648,25.7700004577637,7,2.5173008962959704,1.5601289627376482,0.20845622259890284,2.385372088375308,0.0,6
2023101501,1620,0.3061,1,81.0999984741211,37.1100006103516,6,2.081656411204625,0.684103622352617,-0.17288835818187356,2.262675407565129,0.0,6
2023101501,1645,0.0,0,77.2099990844727,34.0,7,3.9277723347868623,1.7756399044607782,-0.15142926903047718,1.8562596801094435,0.0,6
2023101501,1741,0.0,0,52.9799995422363,9.6899995803833,11,6.848839110024327,1.70551983378755,-0.74473737917278,7.48108280932647,0.0,6
2023101501,1844,0.0,0,41.7900009155273,16.9699993133545,9,3.4256829295684423,1.1307077834498171,-0.056154353582294245,6.635495460024069,0.0,6
2023101501,2039,0.0,0,60.7200012207031,10.9300003051758,10,5.728124324983868,1.9028674506947796,-0.5268770612456924,3.997411662563665,0.0,6
2023101501,2069,1.0882,1,44.1399993896484,4.11999988555908,14,0.6161174342196841,1.5853384627689726,-0.6448396985181565,4.80965695242394,0.0,6
2023101501,2092,0.3415,1,53.0699996948242,34.9099998474121,7,2.276071155609072,2.4887145754459747,0.2932432889020794,0.7523961722390673,0.1898,6
2023101501,2252,0.1991,1,42.0499992370605,36.3699989318848,8,2.5486673195206007,1.0127202873314807,0.32668778960852074,2.527706470300698,0.0,6
2023101501,2321,0.7117,1,60.2099990844727,41.7299995422363,11,0.8649287270531878,1.956732961299758,-0.6334120758752663,3.858108344772084,0.0,6
2023101501,2461,0.0,0,37.0699996948242,8.88000011444092,9,7.75510187048938,1.429475719404528,-0.5850321354297261,7.970225843726137,0.0,6
2023101501,2792,0.122,1,49.3899993896484,33.310001373291,7,2.6338742492369276,1.5420757225837038,-0.2993897214746256,2.80978646875523,0.0,6
2023101501,2822,0.0,0,69.5500030517578,23.5400009155273,9,3.893993346129087,1.2664880400448477,-0.2789272952456934,3.9558816969166215,0.0,6
2023101501,2847,0.0,0,78.25,12.2700004577637,8,9.484624576166972,1.0444613514968843,0.408906696894246,7.369613287004951,0.0,6
2023101501,3012,0.0,0,23.0400009155273,33.2299995422363,8,6.010406935588782,4.577358303241684,-0.38024559972043415,4.320567092408127,0.0,6
2023101501,3083,0.2852,1,14.1400003433228,17.7399997711182,8,2.1905709385534027,3.531628569439119,-0.46431426836433726,2.939540780462147,0.0,6
2023101501,3169,0.0,0,33.1399993896484,24.3700008392334,6,9.628374665219944,3.835414646615922,-0.1939046956955129,4.731553656041536,0.0,6
2023101501,3243,0.2185,1,64.7399978637695,19.3999996185303,11,2.3443782894861127,3.3104097759229796,-0.588542402640041,1.0012492197250422,0.2413,6
2023101501,3286,0.4132,1,73.0999984741211,48.6699981689453,21,1.7605112945721915,2.3769309391951143,-0.732754511346264,1.9630588376306997,0.9073,6
2023101501,3373,0.0,0,53.8400001525879,23.2299995422363,6,3.0819638285758173,2.8914011827418205,-0.060807825636008776,0.7017834423809123,0.0,6
2023101501,3442,0.0,0,37.9799995422363,20.8799991607666,7,3.297710375087141,3.246551093825962,0.05729033270908158,0.7516648189186454,0.0,6
2023101501,3647,0.315,1,6.86999988555908,44.0699996948242,16,2.0550669274488547,4.596803139358958,-0.6974015740936348,3.0402960382173374,0.0,6
2023101501,3806,0.0,0,43.25,11.1499996185303,19,4.399147844158089,5.670714464737965,0.6258690501322436,2.9597972903562195,0.0,6
2023101501,3849,0.0,0,48.7099990844727,27.9300003051758,14,3.6268437104863307,4.213691211744284,-0.6025486821682858,1.0628264204469136,0.0,6
2023101501,3923,0.2811,1,73.620002746582,19.2900009155273,8,2.4027697653279674,2.1095259653752128,0.2354686242639222,1.3623509092741115,0.0,6
2023101501,3973,0.0,0,95.1399993896484,17.7000007629395,11,5.17619465536506,4.757320711382936,-0.3228504807151775,4.62897396838651,0.0,6
2023101501,4005,0.0829,1,81.1800003051758,12.9200000762939,12,2.7513635657519897,3.2679354423487297,-0.6338483512031512,2.93620503371273,0.0,6
2023101501,4030,0.3189,1,78.0699996948242,12.8000001907349,9,2.1889948439452365,1.9726630176632411,-0.47957686103627745,2.110213259365033,0.182,6
2023101501,4060,0.0,0,58.9599990844727,10.8100004196167,11,3.747746053790832,3.2228086092063783,-0.6329653776958674,5.696428705776985,0.0,6
2023101501,4087,0.0,0,51.8800010681152,17.8400001525879,7,3.204076524542288,3.103370203385939,-0.2564636964581323,1.4855638660118253,0.0,6
2023101501,4151,0.0,0,42.939998626709,16.75,7,4.12563877186077,4.590478529908062,0.1817071931264449,0.7317103251970694,0.0,6
2023101502,260,0.0,0,61.4900016784668,36.1399993896484,10,3.2261604333899863,1.4977333500965804,-0.39542157534067707,2.9970819141291423,0.0,6
2023101502,329,0.0,0,49.9300003051758,19.5499992370605,8,4.385532636144218,2.064097483706084,0.06442271679137754,1.9060167890131474,0.0,6
2023101502,398,0.0,0,48.1199989318848,9.90999984741211,9,3.089998931884804,1.1476927884122397,-0.6611214697390588,5.047058549293837,0.0,6
2023101502,423,0.3202,1,41.8499984741211,37.9000015258789,10,2.0911704462941114,2.1085759033273117,0.23610355134182404,0.7158910531638216,0.0,6
2023101502,548,0.1703,1,44.5,8.94999980926514,9,2.511991165333908,0.5456187433362916,-0.5659738027099445,6.630490177958187,0.0,6
2023101502,573,0.0,0,43.6300010681152,35.6300010681152,8,4.5244215008103295,1.4827324557319006,-0.5289756441658379,8.53578936010021,0.0,6
2023101502,670,0.1132,1,55.2900009155273,39.8300018310547,10,2.690019142055228,0.9126865812854615,-0.477325474589222,2.5506861821870612,0.0,6
2023101502,835,0.0213,1,11.6300001144409,15.460000038147,9,2.951694444783751,1.8984203919946483,0.32923714348238425,3.0808440401941795,0.0,6
2023101502,965,0.0,0,53.060001373291,25.0499992370605,13,3.3836800322895995,1.3621293037875515,0.14481966203922833,3.525067375242637,0.0,6
2023101502,1034,0.4061,1,65.8099975585938,32.8499984741211,6,2.171382631635228,1.9320998158724554,-0.2657934785071506,1.7933767033169579,0.2636,6
2023101502,1059,0.0,0,72.4000015258789,49.9799995422363,12,4.25442089905096,3.967177620514031,0.4973821723448857,3.8854214700595837,0.0,6
2023101502,1228,0.7409,1,83.5800018310547,19.4699993133545,6,0.8500606443448022,0.6902916046088724,-0.14060624423393403,1.1557248807566625,0.4947,6
2023101502,1306,1.2339,1,65.7699966430664,49.7799987792969,21,0.9080162677470294,0.8184160257915809,-0.5712152242833528,0.9321480569094187,0.0408,6
2023101502,1408,0.3806,2,58.310001373291,27.4200000762939,13,2.249712041442452,1.0120278779372591,0.4490043358483232,3.2824685832464553,0.0,6
2023101502,1446,0.0,0,42.0,13.9899997711182,12,10.097667939503044,1.2025388379080932,-0.5161975950568561,12.259694123427387,0.0,6
2023101502,1489,0.0,0,73.3399963378906,18.6800003051758,13,5.887146892610167,1.3612458996020358,-0.38493762061216763,3.7981574480266076,0.0,6
2023101502,1536,0.0,0,52.0299987792969,9.93000030517578,9,3.6595205849765353,0.1640114131819319,-0.16613841419613878,6.206126005810707,0.0,6
2023101502,1672,0.0,0,42.9900016784668,28.3999996185303,5,3.236694425417811,1.5504820840616442,-0.19730076222555906,4.513103145287065,0.0,6
2023101502,1843,0.0,0,48.0099983215332,11.710000038147,12,3.0629732401272034,1.1543412355331322,-0.230754236268863,3.43110769285955,0.0,6
2023101502,1879,0.428,1,65.6800003051758,4.92999982833862,17,2.04198448707303,0.629682513877591,0.2649785614223069,0.8988882021697693,0.0,6
2023101502,1909,0.0,0,69.370002746582,11.3100004196167,8,5.447382134628944,2.0179183030940346,-0.5237056784404862,7.040177554579152,0.0,6
2023101502,1966,0.3723,1,81.7600021362305,21.0200004577637,8,2.060218861630333,1.6687708167460047,-0.1007506319892337,1.4494136745594774,0.0,6
2023101502,2039,0.2822,1,97.6800003051758,28.3600006103516,6,2.2601326733022176,1.6316858254004962,-0.14036243418939726,2.616447973876028,0.033,6
2023101502,2064,0.3183,2,114.790000915527,43.4599990844727,11,2.550018695837934,1.70188076325192,-0.5062191676932882,3.6412772484390707,0.0,6
2023101502,2224,0.0,0,81.25,11.8900003433228,10,3.940583670415304,1.453444338913517,-0.3908973414231929,6.017075701700956,0.0,6
2023101502,2253,0.1215,1,63.0499992370605,50.1500015258789,18,2.6989828722918503,1.6957904856133164,0.20053386465326387,1.0159724405711061,0.0,6
2023101502,2485,0.0,0,109.050003051758,24.6700000762939,5,8.202795196216913,2.966381196451214,-0.21647866160151255,5.900991442122248,0.0,6
2023101502,2532,0.0,0,104.370002746582,31.5900001525879,9,8.232474081240593,0.7500686431040181,0.2231201184803167,6.356807374775488,0.0,6
2023101502,2602,0.1824,1,54.4599990844727,49.1500015258789,12,2.452774695082477,1.8458869220664094,-0.8071429262749842,5.651548460377918,0.0,6
2023101502,2913,0.5587,1,80.4400024414062,51.3400001525879,17,1.3237803523971994,1.1140006269552134,-0.6428039608131845,1.5682155464093528,0.0,6
2023101502,2990,0.0,0,51.189998626709,40.939998626709,8,10.587623969675453,1.3446184148837188,-0.44556096538713613,9.868804385537286,0.0,6
2023101502,3191,0.3043,2,56.810001373291,36.4000015258789,10,2.1444116983421475,1.8320751627211327,-0.08812697505678993,1.310343466423981,0.0,6
2023101502,3320,0.3793,1,55.5800018310547,5.07000017166138,13,1.8621476942881565,1.8006929835345666,-0.2585040837861645,0.5565968020030241,0.0,6
2023101502,3407,0.0,0,72.6500015258789,47.7900009155273,11,3.657240861329292,1.2677941553213197,-0.09767823787927318,3.4223091619548307,0.0,6
2023101502,3437,0.0,0,44.5200004577637,22.0599994659424,14,3.0704399062108463,0.7863845161880695,-0.7712379413348129,1.7734147850968205,0.0,6
2023101502,3509,0.0,0,33.5800018310547,37.5800018310547,10,5.7285701982362145,2.229126752589076,-0.477193989369114,7.92124358923522,0.0,6
2023101502,3534,0.0,0,26.6900005340576,48.3499984741211,11,13.134264350564893,0.9638461449717527,0.100910884773353,8.31933891604375,0.0,6
2023101502,3671,0.7288,1,29.6000003814697,30.6900005340576,6,0.9633276359981515,1.0791198428883646,-0.1551578798195267,1.1389907813498752,0.4736,6
2023101502,3706,0.0,0,28.2800006866455,27.2999992370605,8,13.109510844261363,0.46043481925177204,-0.08798613737549266,15.086265276734329,0.0,6
2023101502,3816,0.0,0,64.8000030517578,3.27999997138977,22,5.506145074752612,1.4221492645380225,0.0654417392988399,3.178443015062564,0.0,6
2023101502,3915,0.0,0,45.9900016784668,46.25,10,3.2791783690064267,1.7753041714381952,-0.299463560686852,4.390763031638116,0.0,6
2023101502,3940,0.9126,1,17.9300003051758,5.11999988555908,25,0.37483345809503554,3.061062221040558,-0.8037111567391814,1.8956001688119788,0.0,6
2023101503,55,0.5826,2,78.9499969482422,35.2700004577637,8,2.072700795203028,0.2863553342456067,-0.15772292869109325,4.068931063559566,0.4313,6
2023101503,126,0.0,0,63.4099998474121,47.0499992370605,10,13.205604129767343,0.8163327419063643,0.3084940627200649,7.29724605587615,0.0,6
2023101503,178,0.0,0,44.9300003051758,6.05999994277954,10,4.131646240992286,0.5920306356210855,0.25790891375785446,3.4136930149033584,0.0,6
2023101503,208,1.1008,2,36.2299995422363,13.1599998474121,8,1.2617844470609694,0.2789260322119976,-0.059947626511467664,4.009912717254577,0.0482,6
2023101503,233,0.3856,1,24.9899997711182,47.5800018310547,11,1.9132436964378368,0.1972322914373929,0.038540386870017325,6.7403634916820305,0.0,6
2023101503,452,0.0,0,40.1399993896484,9.44999980926514,9,13.780729926311677,0.17464297469419976,-0.31918097121108346,8.450715946001258,0.0,6
2023101503,504,0.0004,1,61.8499984741211,25.5499992370605,5,2.9988339841153135,1.1573259312570976,-0.25995324040814444,4.266954417380156,0.0,6
2023101503,529,0.0,0,63.6300010681152,9.13000011444092,9,6.157961251580916,1.473125852213557,-0.6946743564482175,8.739622417473193,0.0,6
2023101503,581,0.0,0,68.6999969482422,19.3299999237061,6,4.332542690413431,1.3505953548377494,-0.16317099764777232,4.310835185900755,0.0,6
2023101503,611,0.0,0,71.3399963378906,45.4900016784668,10,7.276520564730593,0.8918515146378106,-0.2684382007562981,7.578522283400632,0.0,6
2023101503,666,0.0,0,86.0400009155273,39.2099990844727,7,5.270995280548138,1.949050910234338,-0.13488736013394678,5.68072178512554,0.0,6
2023101503,691,0.0,0,95.1999969482422,16.4599990844727,9,5.142813651201698,0.3501438303246498,0.1791675698997228,8.419412093489665,0.0,6
2023101503,746,0.0106,1,107.190002441406,36.7999992370605,8,2.968264959863891,0.3534115955455133,0.059416116679356416,1.3629746879527864,0.0,6
2023101503,810,1.0059,1,57.9500007629395,2.17000007629395,23,1.1936491733333967,0.7792938106929246,0.6221587516057826,3.3482234095113763,0.0,6
2023101503,855,0.0,0,78.8600006103516,25.8600006103516,5,3.6539573407537156,0.6161177239826029,-0.5209257428852963,4.112541793100717,0.0,6
2023101503,935,0.2965,1,59.3600006103516,51.0999984741211,17,2.110378473698175,0.20248334652001457,0.5705356585192056,1.2349089035228467,0.3045,6
2023101503,997,0.0,0,37.2599983215332,27.9400005340576,9,3.5327767881257155,0.8372566776113474,0.1011171744853472,1.8888356201639167,0.0,6
2023101503,1044,0.0,0,21.8600006103516,7.88000011444092,10,5.2201538061817345,1.6060514845429639,-0.6563027056645538,2.8070268969142442,0.0,6
2023101503,1091,0.1925,1,5.67999982833862,4.73000001907349,8,2.610306473712139,0.6020797241877358,0.6644861712250446,1.4402777509911058,0.0,6
2023101503,1219,0.33,1,34.8600006103516,21.1800003051758,7,2.0645577448066232,0.06000030517890242,-0.4305647820813001,5.73467523056014,0.0,6
2023101503,1244,0.0,0,35.0499992370605,28.8700008392334,6,11.142517953044795,0.7397978862344405,-0.33744059588120634,10.916340962062336,0.0,6
2023101503,1269,0.0,0,43.6300010681152,41.9700012207031,9,13.652523404240979,1.3623496279559708,-0.46754971574130133,13.158305362013756,0.0,6
2023101503,1305,0.7884,1,64.2600021362305,2.24000000953674,26,1.4807108845903243,0.35000171470876346,0.5429186110326014,1.2199999999999998,0.0,6
2023101503,1429,0.5933,1,90.6600036621094,6.01999998092651,10,1.2200036055144796,0.6152260825443145,-0.45241296338014825,1.4189080308462596,0.0,6
2023101503,1483,0.0,0,82.9000015258789,13.1599998474121,7,4.22083083050987,0.6363961678072879,-0.15334280036093342,3.2100155762861897,0.0,6
2023101503,1533,0.9026,2,77.0,19.0,7,1.7023806859806678,0.7043436661176119,-0.16896618213464668,2.7128029784707937,0.0,6
2023101503,1578,0.0,0,28.2399997711182,43.9900016784668,7,5.242690653392863,2.5033767990360434,-0.6171744754723059,5.735512182883058,0.0,6
2023101503,1637,0.0,0,52.8899993896484,50.060001373291,10,3.678873150417506,0.34014637657537045,0.02115965260192881,9.986000200280388,0.0,6
2023101503,1696,0.0,0,69.629997253418,27.75,8,4.638126806134419,1.9400284770979053,-0.18959236396143453,5.364969711004896,0.0,6
2023101503,1721,0.0,0,105.220001220703,1.60000002384186,27,3.0841540441399578,2.3593654781126094,0.7580391051163804,1.1811858448186665,0.0,6
2023101503,1839,0.0,0,71.5699996948242,14.75,11,3.792730111249346,4.381518148751866,0.035342708810335376,1.0127191120937724,0.2577,6
2023101503,1862,0.5559,1,79.4100036621094,13.1300001144409,8,1.3324075050580382,0.5126388317234419,-0.13902051047242117,4.192278616695209,0.0,6
2023101503,1885,0.263,1,81.9599990844727,50.9099998474121,10,2.2141582430948574,1.8195874729669608,-0.18837964871600643,4.986963003672682,0.0,6
2023101503,2066,0.7356,1,74.129997253418,2.80999994277954,20,0.7930969952435348,1.3369008496681571,-0.6320371297188897,1.2080562900792349,0.3623,6
2023101503,2130,0.6438,1,67.2099990844727,2.70000004768372,11,1.2490793877809803,0.3905115670274084,-0.2876361237533829,0.9347726996441401,0.0,6
2023101503,2266,0.0,0,29.0100002288818,18.2399997711182,10,5.238024237059281,0.8895501883867313,0.17746573767962298,3.0411346566701023,0.0,6
2023101503,2347,0.6687,2,16.5799999237061,46.2299995422363,14,1.071681159017051,1.5370104310198565,-0.870104648130958,3.083699077406874,0.7088,6
2023101503,2374,0.0,0,13.1400003433228,43.9900016784668,8,3.731180233915326,0.5000982767825851,-0.6741791328849636,3.6882651748484663,0.0,6
2023101503,2411,0.4293,1,23.6599998474121,24.2000007629395,7,1.8774715700805005,1.0742433264236575,0.5551105172277612,2.954657340538832,0.0,6
2023101503,2434,0.0,0,27.7000007629395,40.5099983215332,8,5.304865793441784,1.9343736448029714,-0.3000265587814141,2.7707760645710766,0.0,6
2023101503,2547,0.0,0,53.0699996948242,10.1300001144409,9,14.296506241375408,0.3899996948242145,-0.1963203228172585,14.970751484144007,0.0,6
2023101503,2624,0.0,0,22.3999996185303,38.8600006103516,15,4.550098514538463,0.3036447124348762,0.570103980058927,2.6554848898082604,0.0,6
2023101503,2714,0.4304,1,10.2799997329712,50.4700012207031,10,1.7088292016610782,2.0523634668401156,-0.40618001235364015,0.6140032573203513,0.0,6
2023101503,2829,0.2232,1,48.1800003051758,34.9799995422363,6,2.489196153058946,1.428040930880106,-0.158877128731804,6.321779812679338,0.0,6
2023101503,2969,0.0,0,40.3800010681152,26.3299999237061,9,3.06556769336348,0.04123003853756262,-0.5046638613071424,4.68585104330046,0.0,6
2023101503,3021,1.1164,1,65.0899963378906,35.5299987792969,15,0.5772350836632675,5.913045353005015,0.26874719257443574,1.817278184538625,0.3804,6
2023101503,3048,0.0,0,37.1599998474121,12.9700002670288,9,3.2102490299396678,1.3839794618593477,-0.15585478467478797,2.99603070745278,0.0,6
2023101503,3071,0.9128,1,32.689998626709,31.8600006103516,10,0.2617244693914854,1.320604567363804,-0.5595244362507337,0.9918165152889945,0.8079,6
2023101503,3094,0.0,0,39.2999992370605,11.75,9,3.2711612270439576,0.9176048480838873,-0.33502068178754546,3.2856658381521395,0.0,6
2023101503,3194,0.0,0,52.3800010681152,37.8199996948242,7,9.203226597254716,0.6063817486324296,-0.20889490578993175,5.796723212298477,0.0,6
2023101503,3230,0.0,0,44.3300018310547,43.2200012207031,8,4.669527761365677,0.7440408110584207,0.052193603217905636,6.835393185472216,0.0,6
2023101503,3356,0.0,0,89.1800003051758,31.5100002288818,7,5.289178007618649,1.6840428590010403,-0.33064480165729293,6.067759059158499,0.0,6
2023101503,3381,0.0,0,77.1800003051758,50.4500007629395,11,3.023988014621435,0.3753662070956408,-0.3577736187336751,5.826422573071751,0.0,6
2023101503,3426,0.0,0,85.2799987792969,39.8199996948242,8,4.462789431976605,0.7513334053453697,0.18541718831372664,12.304682035713082,0.0,6
2023101503,3493,0.3582,1,73.3300018310547,51.9199981689453,22,2.2864169946329924,0.5000018310580562,0.7152669541532773,1.249079661190593,0.0,6
2023101503,3590,0.0,0,97.7799987792969,40.0900001525879,7,7.3755416927736235,1.4007141624172996,0.22185570016672898,8.054973618827072,0.0,6
2023101503,3658,0.0,0,96.9400024414062,33.4799995422363,6,3.4869203239165993,0.44271670106152833,-0.273706236410408,4.746925320668101,0.0,6
2023101503,3703,0.0,0,64.7900009155273,-0.529999971389771,26,16.31580738660535,17.651520265571822,0.6655875122268712,1.1250777750893455,0.0,6
2023101503,3755,1.1663,1,73.0500030517578,47.9500007629395,18,0.8276448250492747,0.6293620800600196,0.29751218342987773,0.955091618641892,0.0,6
2023101503,3822,0.0901,1,54.5200004577637,31.3799991607666,6,2.7436098410712098,0.8852676771289719,-0.33757992541749465,4.484027207767593,0.0,6
2023101503,3871,0.5936,1,94.6999969482422,25.6299991607666,18,1.2191818045193012,0.9102228231474672,-0.7114260185605266,6.104891481426997,0.0,6
2023101503,3896,0.8947,1,108.980003356934,25.3199996948242,10,0.31575400559998823,1.350589165875758,0.21429729286823967,2.7038491082159117,0.516,6
2023101503,3941,0.0,0,117.699996948242,38.1399993896484,15,4.370286677056602,9.778120783521508,-0.07698915256339213,4.571061145948504,0.0,6
2023101504,310,0.0,0,74.370002746582,34.0900001525879,9,6.447947281539702,0.7542550419735542,0.5940560136852853,7.066540879383634,0.0,6
2023101504,386,0.9325,1,50.75,31.8899993896484,6,0.20248489888810342,0.8544593931209497,-0.06283247960476242,1.859811818437553,1.139,6
2023101504,472,0.0497,1,72.6800003051758,38.1800003051758,7,2.8660246950244974,2.1216263042885024,0.13872476617655732,1.018233764908632,0.0,6
2023101504,655,0.0,0,26.5699996948242,1.29999995231628,21,4.006606991863544,3.2943894343891627,0.6792465269074544,0.5315072906367317,0.0,6
2023101504,678,0.0,0,42.9500007629395,40.7799987792969,10,5.261607483627981,0.06708347235209475,0.020177573399395552,8.106719435135274,0.0,6
2023101504,917,1.0771,1,73.0400009155273,19.9599990844727,23,0.9217923791110221,0.20999908447469456,0.007509116178785087,2.2171377945450335,0.0,6
2023101504,1123,0.0,0,69.1100006103516,46.4300003051758,12,5.635113753869027,1.8157094933815787,-0.7301061844927671,5.958867342037411,0.0,6
2023101504,1173,0.0,0,53.2599983215332,33.5099983215332,7,7.316811288133182,0.7877192252093524,0.3466336532085476,7.715879729492939,0.0,6
2023101504,1256,0.0,0,65.8600006103516,40.5400009155273,12,8.380793383785296,0.636946747906931,0.03812268042541165,6.558810867832674,0.0,6
2023101504,1391,0.3954,1,30.2800006866455,34.8699989318848,8,2.0529253055535825,0.8448084669478564,-0.07721968628252047,4.533276960433811,0.0,6
2023101504,1482,0.2436,1,18.9200000762939,23.0499992370605,6,2.3602748128942745,0.31048337106293966,-0.26041281758860935,2.7984638643370046,0.0,6
2023101504,1585,0.0,0,47.2799987792969,50.310001373291,21,6.823546288687516,1.2539928477216975,-0.5844607672120911,0.7375635565834353,0.0,6
2023101504,1789,0.0,0,71.1100006103516,34.6399993896484,11,4.285908001516381,1.6367048477932673,-0.5491571189490154,7.972182888017554,0.0,6
2023101504,1919,0.4118,1,44.8899993896484,20.6399993896484,12,1.7645954963179458,0.64078044989033,0.2568053661121326,2.4120530674095892,0.0,6
2023101504,1998,0.1456,1,23.3500003814697,52.3499984741211,24,2.56329772739341,2.619388499060645,-0.21759635962847643,1.6107451691686059,0.0,6
2023101504,2081,0.0,0,19.6100006103516,38.6399993896484,9,8.32690148508346,2.0332484490026763,-0.5211833909955701,8.314806071099913,0.0,6
2023101504,2405,1.4962,2,58.9199981689453,9.68000030517578,18,1.329698052801658,1.5373356012061532,0.3031780907316967,1.387083270751974,0.0,6
2023101504,2450,1.5447,2,64.9400024414062,1.25999999046326,27,0.4825957824888287,0.3245009611115946,0.025823293437383026,0.935200513259055,0.0,6
2023101504,2507,0.268,1,68.8199996948242,36.8400001525879,7,2.40204114011274,1.4873467200027939,-0.6041492865913771,3.0691041038061933,0.2174,6
2023101504,2658,0.799,1,58.6399993896484,32.8400001525879,16,0.6030749402398352,1.3319530986514465,-0.5934121986930118,1.2640015822774908,0.0,6
2023101504,2703,0.4193,1,61.7999992370605,20.8600006103516,12,1.742010092039513,1.2753422188845478,-0.4456380958598943,2.1868013169924643,0.0,6
2023101504,2802,0.2067,1,72.8199996948242,6.09000015258789,13,2.5612493851802123,3.450115700371127,0.30061983229046485,5.107220379032024,0.3829,6
2023101504,2895,0.0,0,97.5599975585938,35.7000007629395,7,3.0465863670390667,1.3629726235568118,0.028704174597196458,3.662157833846054,0.0,6
2023101504,3080,0.6521,1,87.1600036621094,22.6299991607666,7,1.187010509601417,1.6036483511267836,-0.15436708742928748,2.3602754076590275,0.059,6
2023101504,3327,0.0,0,52.3699989318848,-0.509999990463257,22,3.769999608614227,2.818598362466413,-0.12125652751067013,3.4817380717107373,0.0,6
2023101504,3372,0.0,0,68.629997253418,38.6300010681152,6,5.417931800185765,1.9602266741120642,-0.020247110447028458,4.13217860214198,0.0,6
2023101504,3454,0.31,1,40.7599983215332,4.86999988555908,11,2.5302369973983327,0.6648315181860992,0.8396249090384714,1.9416487838947611,0.0013,6
2023101504,3506,0.0,0,40.810001373291,44.7700004577637,18,3.25345917640765,0.7738861250204806,0.05999521242108978,1.4937536610833824,0.0,6
2023101504,3619,0.5833,1,75.2399978637695,2.76999998092651,17,1.249998279572154,3.2718479529201434,-0.6686583231197031,1.0234256201600656,0.0,6
2023101504,3712,0.0,0,81.6900024414062,42.6100006103516,9,8.160008568105082,0.6673098449786736,-0.388901160716055,9.991166098108868,0.0,6
2023101504,3794,0.9801,1,58.0900001525879,11.1499996185303,9,1.3300379909740214,1.244227078285544,0.7094503378713682,2.6791229908311442,0.5015,6
2023101504,3861,1.1942,1,43.5499992370605,1.57000005245209,18,0.9353607592003185,0.8649269831718492,0.0336449679321188,1.8388311504866326,0.1906,6
2023101504,3886,0.0,0,50.1100006103516,43.7900009155273,11,5.467065132195677,0.3101621437589438,-0.4155835720204442,5.6225616937477865,0.0,6
2023101504,3911,0.5387,1,46.5400009155273,41.1100006103516,7,1.7310411740174805,1.1985411766599874,-0.31997932078374935,4.031935019317652,0.0389,6
2023101504,3958,0.4245,1,37.3699989318848,12.0699996948242,8,1.7266145619275297,0.4879539528068576,-0.12236766777706985,1.1798728745080962,0.0,6
2023101504,3988,0.4198,1,25.0400009155273,10.6000003814697,8,1.7407191686722356,0.655515044877732,-0.22790422703094748,4.040853870161603,0.0,6
2023101504,4129,0.0,0,31.1100006103516,47.2799987792969,15,4.282918278119818,1.0783783669684375,-0.5400311871697409,5.710210153750909,0.0,6
2023101504,4208,0.0,0,71.2399978637695,21.0799999237061,11,9.31751232951948,1.0241562384108973,-0.4006771810467188,7.736620709327803,0.0,6
2023101504,4231,0.0,0,65.6100006103516,31.7199993133545,10,5.092132100377883,2.2450843730613093,0.2206704554124836,4.937732273017644,0.0,6
2023101504,4522,0.614,1,45.2999992370605,33.1599998474121,10,1.1580163187253916,1.3619110077454724,-0.5093120506341408,0.8221921916437791,0.0,6
2023101504,4545,0.0,0,65.4499969482422,-2.0,24,5.498151910076602,4.836938999185883,0.6578886200308773,1.334616049656229,0.0,6
2023101504,4602,0.0,0,44.4000015258789,43.8699989318848,9,3.5340894130071923,1.1543390154653486,-0.10646986881279548,2.009601950635999,0.0,6
2023101504,4627,0.0,0,73.3600006103516,5.28000020980835,13,6.0170756773562175,1.7979984338349302,0.2269286449944588,2.144411341137705,0.0,6
2023101504,4650,0.0,0,70.8499984741211,23.2999992370605,7,3.3461174719715254,1.0231315650812975,0.41431924296640904,4.003123780249619,0.0,6
2023101504,4675,0.1392,1,79.5100021362305,47.1100006103516,13,2.5831174164492006,0.6964171921502732,-0.4418342180999677,1.903785702225964,0.0,6
2023101505,118,0.0,0,29.3899993896484,38.1500015258789,7,3.8934427359206896,2.9445714025358356,-0.3952868019395664,1.348258135521534,0.0,6
2023101505,147,0.0,0,45.6500015258789,8.80000019073486,11,3.4089574195531394,1.84382603768557,-0.19828153987646607,2.4424782496472734,0.0,6
2023101505,170,0.1315,1,51.2400016784668,27.3199996948242,8,2.7418422225205368,0.7666153492011923,0.3822237504178065,2.7068062361388234,0.0,6
2023101505,240,0.6676,1,75.3300018310547,53.5200004577637,19,1.4052742947586494,2.522318933830262,0.3608589284408855,1.682914139223981,0.0,6
2023101505,281,0.0,0,87.9700012207031,20.3400001525879,7,5.848223153257259,0.7840924579840661,-0.10717818710481823,6.904990948582049,0.0,6
2023101505,335,0.0,0,80.5999984741211,40.6100006103516,9,6.927350107400435,0.5020941071495612,-0.5548423152219032,9.884255156560858,0.0,6
2023101505,360,0.0,0,62.1599998474121,35.5999984741211,9,4.623300147860233,0.7224944328981066,-0.0013639305700836241,5.534880305842215,0.0,6
2023101505,429,0.1944,1,6.28000020980835,41.5299987792969,29,2.5871212615213004,3.91173771329815,0.79267534923427,3.829908615097753,0.0,6
2023101505,452,0.0,0,47.6399993896484,14.3699998855591,9,5.24046692762557,1.142015344506774,0.11389951150613398,4.128159396147389,0.0,6
2023101505,527,0.192,1,61.0,19.2000007629395,8,2.423902294770863,5.751417704812902,-0.3618201828509727,2.8347133893923058,0.0703,6
2023101505,614,0.5682,1,75.4100036621094,28.7199993133545,7,1.7110486720129263,1.3452907767017148,0.06486633327947493,6.645607571922971,0.1819,6
2023101505,637,0.0,0,88.6500015258789,39.0299987792969,13,3.3538174269050223,0.8104919747997312,-0.5023116988722116,2.0748252938500626,0.0,6
2023101505,684,0.7299,1,115.790000915527,8.78999996185303,14,0.8102459917834105,1.3665277077041655,-0.6690653740680296,2.2677080940897114,0.4526,6
2023101505,787,0.8497,1,50.9900016784668,49.1399993896484,20,1.44505877312697,0.44407032068155233,0.7231199053071227,2.1129126815843557,0.0,6
2023101505,810,0.0,0,61.439998626709,28.6399993896484,9,5.925148601745052,0.5685939673736821,-0.04224632253683973,4.172684986911904,0.0,6
2023101505,838,1.3998,2,51.4599990844727,22.5400009155273,8,0.6545988762000672,0.496488419536712,0.4141808440977039,1.0640488710580873,0.2681,6
2023101505,892,0.6735,1,43.2799987792969,4.88000011444092,12,0.9794376410231099,4.037881884959496,-0.1272948736177932,7.580798111017067,0.0,6
2023101505,937,0.8098,1,12.6099996566772,19.4300003051758,18,1.2844457967510932,0.15620492513969933,-0.49772548540963796,1.948332620473208,0.0,6
2023101505,1053,0.0,0,74.1800003051758,23.4300003051758,8,10.875592306348956,0.6500000610353003,-0.05077071957673178,10.917092103669361,0.0,6
2023101505,1145,0.0658,1,23.6700000762939,49.2299995422363,22,2.844503010279361,0.6791166469511537,0.12656578506271624,0.8900000000000006,0.0,6
2023101505,1192,0.0,0,16.1200008392334,44.689998626709,11,4.199525016084595,1.1738813137919084,0.16328664650518443,5.388033036275857,0.0,6
2023101505,1217,0.2873,1,9.21000003814697,51.3199996948242,11,2.138036610132007,1.9573962941962098,0.04017383971806631,0.5990826320300054,0.0,6
2023101505,1290,0.0,0,50.5900001525879,46.939998626709,17,4.306563667467393,5.177258277455966,0.1307491835942797,4.362499283667566,0.0,6
2023101505,1389,0.6948,1,52.5200004577637,40.7999992370605,15,1.818047564061791,0.600082572342056,0.7229189596962896,1.1906720791217047,0.0,6
2023101505,1597,0.4751,2,8.78999996185303,21.8999996185303,8,2.1722104800407003,0.5508174335689163,-0.5198553628737053,2.9129023327259036,0.0,6
2023101505,1663,0.6532,1,39.7299995422363,18.6800003051758,7,1.0679424832177562,0.4455339258982508,-0.042959529933917454,2.3813441582434094,0.0878,6
2023101505,1688,0.0,0,34.9700012207031,36.8600006103516,7,12.164479924698034,0.5063591462220856,-0.47835728058022586,12.874070840258723,0.0,6
2023101505,1713,0.0,0,45.4599990844727,20.8799991607666,7,4.1020235222674275,0.9347723756228462,0.23914379429054447,2.006614063540866,0.0,6
2023101505,1738,0.0,0,57.3899993896484,6.59000015258789,12,7.460751184682881,0.3275672342728411,-0.649929396032007,8.31991586495921,0.0,6
2023101505,1770,0.5284,1,63.689998626709,5.3600001335144,10,1.944017173142276,0.6228978141405059,-0.16142963028820828,3.3805325024321267,0.0,6
2023101505,1840,0.0,0,69.3300018310547,30.8099994659424,7,8.120416970469893,0.49254264685992777,-0.08276182207538076,5.578261377884694,0.0,6
2023101505,1865,0.0,0,85.3199996948242,5.26999998092651,16,3.193243168040447,0.8193292740343587,-0.7241669599170687,1.1744360348695044,0.0,6
2023101505,1931,0.0,0,84.4199981689453,17.2700004577637,9,3.6952959277183415,0.5440604358121123,-0.50192546145334,4.13319489015459,0.0,6
2023101505,1960,0.4284,1,113.930000305176,3.03999996185303,26,2.0690338760562277,1.7564170457130053,0.6187525963352364,3.863275812053815,0.0,6
2023101505,2110,0.0,0,80.7399978637695,43.0800018310547,10,3.7747866983351446,1.0253264116836867,-0.23764905506653647,5.365827056475077,0.0,6
2023101505,2213,0.2904,1,77.8600006103516,41.2400016784668,8,2.1302591587070605,1.435688028775787,-0.44935016118601273,2.552253905864377,0.0,6
2023101505,2338,0.0,0,45.6300010681152,5.07000017166138,14,12.988248520327103,4.374117328997697,0.014883892123747378,7.131795005466721,0.0,6
2023101505,2414,0.0,0,102.190002441406,31.7299995422363,6,3.429404609098318,1.8780866114409096,-0.44306046797860305,4.423053244083767,0.0,6
2023101505,2487,0.0,0,78.5500030517578,29.3099994659424,13,3.6161412589506203,2.412340360589584,-0.6002124540121933,2.446405526481654,0.0,6
2023101505,2568,0.4541,1,109.860000610352,37.4799995422363,8,1.637834009947447,1.18869663058549,-0.07459007855905929,1.430314650697538,0.0,6
2023101505,2701,0.0,0,67.5400009155273,37.8400001525879,10,3.4061850933647033,0.4401144191061284,-0.6326605837449144,3.477527857544781,0.0,6
2023101505,2726,0.6605,1,62.2799987792969,38.2599983215332,5,1.4513455944151117,0.39051422257906504,0.4273870082768133,1.3894603268895502,0.4388,6
2023101505,2800,1.087,1,30.8700008392334,47.1300010681152,16,0.9347189234974337,0.21260155977703962,0.13018870574859184,1.2254386969571354,0.0,6
2023101505,2859,0.5891,1,25.8500003814697,31.5,9,1.644506093000912,0.4588029229096622,0.3951629540377252,1.4233762678926503,0.0,6
2023101505,2994,0.0,0,25.75,35.6199989318848,9,6.650066713156361,0.9798479624002994,-0.21236358092246502,8.934119990239664,0.0,6
2023101505,3019,0.0,0,46.8400001525879,31.9500007629395,14,5.647025342957069,3.8525311226550474,-0.43217785390637825,0.5080354318352222,0.0,6
2023101505,3062,0.139,1,60.0699996948242,50.4099998474121,15,2.583117930367776,0.3705398497780452,-0.4419159905174724,1.3536617007214171,0.0,6
2023101505,3129,0.466,1,68.6699981689453,41.0,8,1.9026309331493663,0.21094927629958296,-0.04555899006712264,5.173954000568607,0.0,6
2023101505,3198,0.0,0,74.2399978637695,20.25,5,6.518360822609135,0.7242257576216539,0.19030954849273357,7.53846801412595,0.0,6
2023101505,3290,0.252,1,119.889999389648,17.3400001525879,12,2.545682000473029,1.760823091163014,0.7663437083830672,0.7516648189186422,0.0,6
2023101505,3419,0.0,0,50.6500015258789,1.5,19,3.0818485736820165,6.0805247672643254,0.3007090076418506,0.8246211251235294,0.0,6
2023101505,3518,1.3913,1,69.5999984741211,46.5299987792969,36,0.46043310591588427,0.3753668127904417,-0.5309787701867719,0.9682974749528213,0.0,6
2023101505,3667,0.0,0,90.0899963378906,15.3299999237061,7,8.711662514584644,0.5189396082098693,-0.450705948372697,9.885312336997757,0.0,6
2023101505,3792,0.39,2,53.060001373291,35.0,8,2.3495732255120196,3.563283663892386,0.18568211097856518,1.4925146565444538,0.0014,6
2023101505,3865,0.0,0,27.7099990844727,1.63999998569489,10,9.349439401058603,0.8080847437042364,-0.5233997153561079,7.613474896523927,0.0,6
2023101505,3890,0.0,0,32.8600006103516,13.9399995803833,8,3.5426118972755654,0.6505375103940703,-0.3586387670325833,5.665165487432824,0.0,6
2023101505,3915,0.0,0,38.0200004577637,15.1599998474121,7,8.630833899211371,0.44721325430317194,-0.05646145736321873,9.27475067050322,0.0,6
2023101505,4007,0.0,0,66.3300018310547,42.9900016784668,12,6.834176358406965,1.4713914194926987,-0.5257324198175477,9.464586625944095,0.0,6
2023101505,4072,0.3155,1,76.5,19.5499992370605,7,2.270550577218357,0.7481317592182808,0.5746644404552459,7.509147754572421,0.0,6
2023101505,4120,0.0,0,86.2399978637695,49.2599983215332,14,3.1143884063940415,1.4142162597714518,-0.7134572722232497,4.649268759708336,0.0,6
2023101505,4198,0.0,0,114.580001831055,3.90000009536743,27,3.687926843282271,3.1894367786301894,0.6838543562502868,0.8228000972289703,0.0,6
2023101505,4221,0.5281,1,108.860000610352,53.0999984741211,24,1.8246370438531385,2.1668875837342685,0.5763766642975151,3.067800515027023,0.0,6
2023101506,64,0.4896,1,38.1399993896484,11.8100004196167,10,1.9022352052902618,0.1676303276807769,0.30087614180315997,2.3894769302087875,0.0,6
2023101506,93,0.0,0,41.2999992370605,30.6000003814697,8,8.078199904829905,0.23000038147096608,0.7432438886085544,5.459899266470034,0.0,6
2023101506,143,0.0,0,51.0699996948242,10.0699996948242,7,4.163856807038628,0.9027176883465026,-0.28678169863187913,3.602568528147664,0.0,6
2023101506,212,0.0,0,66.8099975585938,4.03999996185303,13,3.0273609550931737,0.5103939935598036,-0.5493156507688157,4.526367196770495,0.0,6
2023101506,259,0.0149,1,65.3600006103516,13.7200002670288,10,2.9587997718560706,0.20025044020054303,0.2412981576684459,7.39043300490574,0.0,6
2023101506,284,0.0,0,69.6100006103516,19.2999992370605,5,5.569244943392438,1.696495412841356,-0.06201252698604725,4.231430018327139,0.0,6
2023101506,309,0.0,0,77.629997253418,9.60999965667725,9,6.365731263927453,0.8077733822516908,-0.3691680855835757,9.10147790196736,0.0,6
2023101506,386,0.3267,1,101.23999786377,49.4799995422363,11,2.019927912266884,0.5940553260016946,0.16385772445922725,4.625635091530675,0.0,6
2023101506,409,0.7553,1,104.319999694824,19.5,7,1.2126419053559714,0.33105877809055784,0.060219969512835654,3.1990154735480747,0.3682,6
2023101506,571,0.3525,1,48.4799995422363,0.889999985694885,15,1.942395269548302,0.9226587428254722,-0.624610775192632,1.1194641575325226,0.0,6
2023101506,645,0.3624,1,52.2000007629395,44.8699989318848,7,2.290261354816572,0.8249243517796312,0.06929455062706394,2.2852789764052877,0.0,6
2023101506,1038,0.0406,1,54.8499984741211,1.17999994754791,23,2.924877238004612,2.3573303981834304,0.7648267876665157,1.8445866745696722,0.0,6
2023101506,1153,0.134,1,53.2200012207031,2.29999995231628,21,2.7469631171389675,2.140491809304778,0.6180278512489087,1.4230249470757723,0.0,6
2023101506,1183,0.2886,1,43.7299995422363,51.7000007629395,18,2.330194012992188,1.1179003585063967,0.4643069084933589,1.0611785900591872,0.0,6
2023101506,1267,0.0,0,46.2799987792969,22.25,6,9.836392062818451,1.2872459643956957,0.5263442380954434,4.5538555093459,0.0,6
2023101506,1365,0.0,0,107.099998474121,36.6500015258789,10,12.44194509478731,0.6453669534794645,-0.5598929528152949,11.57565116958869,0.0,6
2023101506,1390,0.0,0,99.1999969482422,28.9400005340576,6,3.6764219279278025,1.0993153379949296,-0.3609300901492926,5.56359595944925,0.0,6
2023101506,1502,0.0,0,44.5800018310547,20.0100002288818,6,5.000568217224984,0.7294507696180788,0.18154598077152595,6.413267497929589,0.0,6
2023101506,1618,0.0,0,77.6900024414062,17.5900001525879,9,5.761086222960845,0.4883661551241877,0.5753099204914452,2.1992044015961794,0.0,6
2023101506,1648,0.7222,1,32.0499992370605,29.9200000762939,7,0.8645234355236125,7.5006659862593,-0.6184741315349676,5.341582162618111,0.5379,6
2023101506,1671,1.3023,3,24.5400009155273,21.0699996948242,10,1.8369805796870642,0.766875823750966,0.501597999605676,1.5280052355931246,0.545,6
2023101506,1723,0.0,0,51.6800003051758,43.7700004577637,11,3.294237755001152,0.2699995422364713,-0.42449790760517336,3.1265636088203945,0.0,6
2023101506,1843,0.0,0,71.5500030517578,23.4300003051758,6,4.113511276065746,0.359023554390348,-0.157237744427336,5.509863882166241,0.0,6
2023101506,1875,0.0,0,80.0599975585938,51.5099983215332,13,3.987230389991244,0.5608037902172263,0.03603195411008959,3.3997794046084837,0.0,6
2023101506,1912,0.0,0,100.75,49.810001373291,16,3.1578637930337288,0.4808322113590151,-0.8415430266560857,2.985297305127239,0.0,6
2023101506,2043,0.0,0,69.8300018310547,29.6299991607666,9,5.2684173322576475,1.0101998144749544,-0.08893719420105631,7.35163927297851,0.0,6
2023101506,2068,0.0,0,67.1399993896484,29.5499992370605,7,12.284936959241127,1.58028409118067,-0.3898011693547338,12.764924598288856,0.0,6
2023101506,2093,0.0994,1,51.5999984741211,47.0099983215332,10,2.7770465382472604,1.0124206436543752,0.16498897220329065,3.4375718174316,0.0,6
2023101506,2293,0.0,0,43.1100006103516,55.3899993896484,13,5.318317199956773,3.5670992720693175,0.42499482327840765,0.9334880824092023,0.0,6
2023101506,2316,0.0,0,67.7399978637695,-1.36000001430511,27,3.6875585270526403,3.1592544574934904,0.7596232082184307,1.3928388277184118,0.0,6
2023101506,2408,0.0,0,82.4800033569336,16.8799991607666,9,4.915381228777531,2.1540687280058863,-0.4398437320962994,3.1415919531345895,0.0,6
2023101506,2433,0.0,0,77.8499984741211,17.0100002288818,8,7.271119516430697,0.849057129250078,-0.3400371228679813,2.930017064796724,0.0,6
2023101506,2463,0.8268,1,47.2299995422363,34.3199996948242,17,0.5197110679180215,6.210829587309428,0.4853888710980907,5.990075124737584,0.0,6
2023101506,2558,0.8462,1,85.5800018310547,49.1199989318848,17,0.4614108930351487,0.9347209722173153,0.04058138273874585,0.9656603957913876,0.0,6
2023101506,2581,0.0,0,77.75,48.3899993896484,14,4.414181587165726,0.8052952650224516,-0.6848083082466873,5.252361373706114,0.0,6
2023101506,2784,0.0,0,32.2900009155273,35.1199989318848,6,9.379279079428636,2.044750202470904,-0.3860597957281101,10.587752358267547,0.0,6
2023101506,2954,0.0,0,94.0599975585938,18.9300003051758,8,6.162354178972932,1.681221851894972,-0.204338654946665,2.5849564793241675,0.0,6
2023101506,2979,0.3325,2,118.199996948242,6.0,10,2.548920346752921,0.33540883184840975,0.9131094928968166,2.6722649569232466,0.3614,6
2023101506,3110,0.0,0,70.6100006103516,54.75,18,5.776920046582793,3.1953088516177632,0.22343014822065932,1.363121417922853,0.0,6
2023101506,3133,0.5965,1,71.7600021362305,6.57000017166138,15,1.2103739750105007,1.314840385992068,-0.5586044642582899,3.913080627842978,0.0,6
2023101506,3156,0.9974,1,67.4000015258789,21.6499996185303,15,0.6744627887498822,0.5108825094070195,-0.09718447814410436,3.061323243305093,0.0,6
2023101506,3181,0.8245,1,40.3600006103516,4.40000009536743,21,1.4383666084982671,0.7443119230540601,-0.4305591245610349,2.1052315787105234,0.0,6
2023101506,3275,0.0,0,18.8199996948242,31.9500007629395,7,5.818977193721858,1.3285322043494896,-0.14659567958819447,5.445071165742464,0.0,6
2023101506,3367,0.6907,1,110.730003356934,48.3699989318848,11,1.2907332283851214,0.5768872307177865,-0.5098121075278979,1.513803157613306,0.0,6
2023101506,3431,0.0,0,56.4199981689453,47.8300018310547,20,4.4083242555086715,2.63213051024375,0.7540520919691275,1.6124515496597138,0.0,6
2023101506,3454,0.1877,1,78.7200012207031,1.53999996185303,13,2.4368023374948593,0.2308675938448827,0.41905376648822873,1.0283968105745953,0.0,6
2023101506,3484,0.8238,2,71.0899963378906,14.3000001907349,8,1.1395151077539991,2.7252375890090916,0.4083249633447141,5.383353973128643,0.5276,6
2023101506,3547,1.8569,2,100.139999389648,3.21000003814697,20,1.0807404261777012,1.4818901019407964,0.7892512224021829,1.220655561573369,0.0,6
2023101506,3570,0.3107,1,86.5500030517578,17.9599990844727,10,2.0678703624027523,0.16155177071000126,-0.3071429001869236,2.9249957264926123,0.0,6
2023101506,3605,0.0,0,91.0400009155273,20.75,8,3.506977887382389,1.3009602682748864,-0.38796497722653384,6.407152253536663,0.0,6
2023101506,3628,0.0,0,91.3199996948242,35.7099990844727,8,3.3118278301658646,0.5571361445775003,-0.10204980163088803,6.252503498599585,0.0,6
2023101506,3675,0.5423,1,109.819999694824,45.0699996948242,18,1.3729534129822119,3.189247991719484,-0.6826345002061713,1.866011789887729,0.0,6
2023101506,3803,0.6903,1,71.0599975585938,48.0299987792969,26,0.9291409370309561,2.045338837924235,-0.8709241829345243,1.5126797413861257,0.0,6
2023101506,3828,0.5189,1,96.5,33.2200012207031,12,1.6758571296927949,2.2441476786772405,-0.6926675793040391,1.343465667592589,0.0,6
2023101506,3853,0.0,0,104.089996337891,38.7000007629395,9,5.532968587842613,1.1708581291335327,0.12438186601645969,1.8645374761586408,0.0,6
2023101506,3966,0.0,0,49.6399993896484,15.289999961853,10,9.991040455627546,0.5700872073472958,-0.33420228073073044,12.136923003793013,0.0,6
2023101506,4117,0.2483,1,41.4099998474121,22.6499996185303,10,2.2552379406496255,10.852704937838016,-0.7809028866508555,4.420689991392746,0.0,6
2023101506,4285,0.4169,1,41.6399993896484,45.2000007629395,11,1.749285699296901,0.6264983747975793,-0.3246419710289757,2.574975728040949,0.0,6
2023101506,4310,0.4591,3,56.5099983215332,38.6599998474121,11,1.9350727432345478,2.442643673282466,-0.36415186249385073,0.6260990336999405,0.5416,6
2023101506,4333,0.0,0,48.9599990844727,29.4400005340576,9,4.6407006228056655,1.764001949058655,-0.3155941223066019,2.856868915438722,0.0,6
2023101506,4358,0.3137,1,65.3899993896484,23.3099994659424,10,2.0587625705357855,8.128567415451537,-0.028207057344959263,1.3648443134658297,0.0,6
2023101506,4381,0.9194,1,64.1100006103516,12.8100004196167,11,0.7247061256166955,0.4801035538874347,-0.24656715608210888,2.468623098004224,0.0,6
2023101506,4404,0.0,0,56.4799995422363,28.2999992370605,9,15.582365076076757,0.5700884191639944,-0.24007070623935486,17.353503968939535,0.0,6
2023101506,4434,0.0,0,75.129997253418,19.0300006866455,13,4.623167274884018,1.57952794906518,-0.18976962572927183,1.7426416728633585,0.0,6
2023101507,189,0.0,0,88.4100036621094,40.560001373291,10,14.032836528571611,0.030001373514507466,0.5099349623845784,17.442365091924888,0.0,6
2023101507,240,0.0,0,61.3800010681152,20.7800006866455,13,3.523691471151212,0.6576460562246018,0.016886814844764463,1.582687587617974,0.0,6
2023101507,321,0.5685,1,82.1900024414062,47.3600006103516,11,1.7006174774751686,0.14999768066726915,-0.47263063674412514,2.6584958153060914,0.0,6
2023101507,472,0.0,0,79.9300003051758,14.9899997711182,8,4.0106360447134435,1.13991240516238,-0.13864437891004291,1.692926460304765,0.0,6
2023101507,593,0.0,0,36.0200004577637,13.6800003051758,9,7.04156888906396,1.4091129927262034,-0.4150185453338316,4.566366170161999,0.0,6
2023101507,635,0.3499,1,66.6800003051758,4.98000001907349,13,2.241829622275786,1.8166450167541355,-0.47072937204494825,1.5508062419270818,0.0,6
2023101507,821,1.245,1,112.269996643066,33.75,10,0.16278593761682195,0.34928190845433665,0.3278428790508897,1.800444389588315,0.7932,6
2023101507,844,0.0147,1,114.709999084473,20.3099994659424,12,2.9601511130556704,1.5357411755410972,-0.3731818838171318,1.6954350474140853,0.0,6
2023101507,901,0.0,0,62.3800010681152,32.8800010681152,15,5.053721086191733,0.15556198131804289,0.7243094544370723,4.335573779789707,0.0,6
2023101507,946,0.5922,1,104.5,29.8999996185303,27,1.223314899718085,0.8732127044690856,-0.7256610061215695,1.5634896865665557,0.0,6
2023101507,994,0.2283,1,73.5999984741211,30.9200000762939,8,2.43877102340839,1.880426777224882,-0.41223809688997987,6.704386623696456,0.0,6
2023101507,1078,0.0,0,100.470001220703,38.1699981689453,10,3.980010728678426,0.8819307059086373,-0.4089001986000743,3.5809495947304257,0.0,6
2023101507,1211,0.0173,1,78.6500015258789,37.5400009155273,8,2.9482213917891555,1.3471468194765321,-0.1514891217155355,4.068722158122861,0.0,6
2023101507,1236,0.0549,1,63.3800010681152,7.15000009536743,14,2.835243553249312,1.994844194126946,-0.33106429265858106,2.2418296099391646,0.0,6
2023101507,1283,0.1108,1,47.5200004577637,32.060001373291,10,2.667506865445606,0.43829352910288966,-0.5069914393988949,2.086000958772546,0.0,6
2023101507,1306,0.0,0,26.1499996185303,0.75,28,4.298488353898506,1.9507181627295358,0.7759895609763087,1.2042009799032725,0.0,6
2023101507,1471,0.134,1,114.599998474121,36.7200012207031,11,2.597883799949752,1.2410091305520083,-0.0919173838345581,5.046909945699447,0.0,6
2023101507,1597,0.2675,1,82.4199981689453,17.6100006103516,9,2.4026008373625145,1.444713034466312,-0.28312849738612283,2.883400769924293,0.2184,6
2023101507,1688,0.0562,1,51.7900009155273,21.2800006866455,12,2.831483821552803,0.8006252849267911,0.05610434198281053,4.141545605205863,0.0,6
2023101507,1735,0.4009,1,64.2900009155273,18.1800003051758,9,2.1015468415427017,1.141096229180092,0.10407744854521303,8.433089588045418,0.0,6
2023101507,1758,0.0,0,54.6199989318848,44.5800018310547,12,4.533983940523937,0.466475131015604,-0.6284827484931563,12.612949694659058,0.0,6
2023101507,1805,0.6243,1,67.870002746582,11.5200004577637,11,1.4410038225519695,0.6095882539577595,-0.5339000404380889,5.523087904424486,0.0,6
2023101507,1830,0.4806,1,102.029998779297,5.03000020980835,25,1.896364191750293,1.0176941321387143,-0.5395790058116074,1.424254190796011,0.0,6
2023101507,1959,0.305,1,62.5699996948242,31.0699996948242,12,2.0850416264392604,1.1204459092899834,-0.3370375194951521,1.2288612614937486,0.0,6
2023101507,1984,0.0,0,45.25,21.0499992370605,11,4.935625055648136,0.5024933862968175,-0.2123256092015908,6.118823416311342,0.0,6
2023101507,2009,0.0429,1,36.5699996948242,37.5299987792969,10,2.871410648965363,1.6620770505821332,-0.5030129691503088,3.685457909134221,0.0,6
2023101507,2176,0.0,0,53.9700012207031,13.0200004577637,14,5.893877409738233,1.869357057904764,-0.8053847542872957,2.991320778519079,0.0,6
2023101507,2242,0.5501,1,76.9100036621094,28.7999992370605,7,1.8515161782218672,0.9762203760157178,0.2582709109866659,2.951626670160033,0.1563,6
2023101507,2334,0.1444,1,66.5299987792969,16.5400009155273,8,2.572876415239994,1.5620498570345493,-0.3203798159214551,5.826019224135803,0.0,6
2023101507,2505,0.0,0,57.9799995422363,21.0300006866455,16,3.1579273582836005,0.9386167900572492,-0.521040648965596,2.264906179072325,0.0,6
2023101507,2535,0.0,0,90.7200012207031,33.0900001525879,8,4.130725407106801,0.35171027276481553,0.26885990930882214,4.55816849183968,0.0,6
2023101507,2560,0.0,0,91.9000015258789,10.7799997329712,8,8.486487970166575,0.768503894149817,0.28629517062153315,7.5050982671781155,0.0,6
2023101507,2712,0.2941,1,60.3800010681152,42.3600006103516,14,2.42495461081307,1.013164379524845,-0.4540987285111767,2.811867706703144,0.0,6
2023101507,2737,0.9939,2,49.0400009155273,35.8899993896484,8,1.4257980414255778,1.2419746230727877,0.024553532578741714,1.1257886124845982,0.2406,6
2023101507,2855,0.3912,1,30.7800006866455,19.8600006103516,7,1.915646377519065,1.198540410881862,0.09777130852600133,2.928651566847788,0.0,6
2023101507,2878,0.0,0,5.40999984741211,46.4599990844727,22,5.597588611496096,4.033472085463098,0.5814555968274754,0.5491812087098384,0.0,6
2023101507,2930,0.0,0,60.3300018310547,5.19000005722046,19,7.176362163981016,2.668331161616305,-0.7928388103618621,1.8476200908195346,0.0,6
2023101507,2992,0.8175,1,83.129997253418,21.4899997711182,13,1.1548567857376624,1.7042611238895156,-0.22245064653067997,4.0708230126105915,0.0,6
2023101507,3015,0.0,0,70.2600021362305,10.8999996185303,9,7.849507443665399,2.207711758334949,-0.47615882729264414,8.412680904444194,0.0,6
2023101507,3107,0.0,0,20.6900005340576,28.6599998474121,12,5.37782519816325,1.5988125987023356,0.16509060795915942,3.3521933118482283,0.0,6
2023101507,3302,0.5707,1,40.8499984741211,46.1199989318848,10,1.2879836666909574,1.0407705123036473,-0.46299696821867026,2.6224606765402596,0.0,6
2023101507,3516,0.4666,1,48.3699989318848,41.2700004577637,15,1.6001245507403818,1.4892269448649866,-0.7812463755363732,3.3241540277189303,0.0,6
2023101507,3581,0.1015,1,27.8999996185303,21.8500003814697,7,2.7182352489533432,0.4197622916246663,0.2801810946042262,2.5494509212769723,0.0,6
2023101507,3637,0.6301,1,39.6100006103516,31.4300003051758,8,1.332253864737462,1.2206550815547392,-0.09893982555401813,1.1130588483993125,0.6728,6
2023101507,3662,0.0,0,68.9899978637695,1.91999995708466,20,4.557476430896304,2.441002870192454,0.6380000458511919,1.7204650534085242,0.0,6
2023101507,3685,0.0,0,59.0099983215332,1.79999995231628,16,3.646944427614272,1.5952432069150972,0.4138102618161454,1.9359752064528102,0.0,6
2023101507,3708,0.0,0,60.2299995422363,38.9700012207031,10,3.8498055216235594,1.475262798110264,-0.10110452040872513,0.8668333173107786,0.0,6
2023101507,3731,0.5609,1,58.5200004577637,0.819999992847443,10,1.579176589359297,1.3708751898736653,-0.010015724130616443,0.8980534505250791,0.3972,6
2023101507,3809,0.3367,1,49.0999984741211,42.7700004577637,10,1.9897980331609024,3.89513703326814,-0.7497414538539374,4.3123079667389295,0.0,6
2023101507,4064,0.0,0,34.4099998474121,8.96000003814697,10,5.658992983128667,0.14560227638402,-0.6634395904743053,8.707588644395186,0.0,6
2023101507,4111,0.6427,1,49.939998626709,38.4599990844727,10,1.072009016996684,0.8213420009336984,-0.1752166538114586,0.6592419889539859,0.0,6
2023101508,77,0.0,0,69.9300003051758,16.9200000762939,12,5.670353033253637,2.403518542782277,-0.2924154161315948,7.376069413990084,0.0,6
2023101508,124,0.0,0,64.3899993896484,21.0799999237061,6,4.800936943639712,4.036854748070514,0.12227384871468004,1.459931505242629,0.0,6
2023101508,147,1.0011,1,55.1800003051758,6.34000015258789,15,0.16999980253352512,0.9455688508301668,-0.632262444751246,1.5487091398968338,0.0,6
2023101508,243,0.0,0,47.8400001525879,9.9399995803833,12,3.282834232859394,2.0980226324368436,-0.601211377857801,1.2106609764917649,0.0,6
2023101508,320,0.0,0,67.0800018310547,41.2900009155273,14,5.99543817313993,11.484081786488773,0.0008244935134052304,2.138036482382842,0.0,6
2023101508,397,0.0,0,98.8300018310547,5.67000007629395,8,6.552432904764361,1.0782376561684341,0.08578256532936908,4.896896976657768,0.0,6
2023101508,571,0.0,0,94.0199966430664,31.9300003051758,6,3.0959475495007194,1.6502394494405448,-0.27254921981572794,3.9415986604422324,0.0,6
2023101508,596,0.813,1,85.3399963378906,15.7700004577637,6,0.8723518223973643,0.24082945861879287,0.09843322059937114,2.2947330999486697,0.3735,6
2023101508,731,0.0,0,37.1500015258789,42.189998626709,8,6.432572232199585,0.05099184102278076,-0.5465532042266458,7.178091668403241,0.0,6
2023101508,756,0.5867,1,50.8699989318848,35.6500015258789,9,1.2397595535480774,0.836778331870536,-0.029985047615817145,3.4313991315496906,0.0,6
2023101508,781,0.0,0,54.2400016784668,26.1299991607666,6,3.022993454452507,1.323063006781308,-0.15405423178272584,4.080649458113257,0.0,6
2023101508,828,1.0299,1,73.0500030517578,6.59999990463257,14,0.8315045719317935,0.9050945894378377,-0.010623298582176652,0.7051950084905588,0.0642,6
2023101508,925,0.8371,1,76.7300033569336,37.6599998474121,9,0.6879696992892875,0.6296807755042336,0.4297038174264117,5.9033295689805465,0.0,6
2023101508,1014,0.0,0,55.7999992370605,14.9200000762939,11,4.516858070925698,2.6350149833935075,-0.3266838506894947,4.484473213210219,0.0,6
2023101508,1056,0.218,1,101.5,38.3899993896484,8,2.5882229562557595,1.7181680016048262,-0.34443604727913013,6.775071955337446,0.0549,6
2023101508,1108,0.5505,1,98.8499984741211,16.2399997711182,8,1.6762147166665877,1.424358382486752,0.11544155016974102,2.919246478117254,0.0,6
2023101508,1199,0.0,0,52.8699989318848,8.78999996185303,8,5.988398149696854,1.528561955987025,-0.6898240749446107,8.4523665325162,0.0,6
2023101508,1224,0.223,1,74.7200012207031,3.97000002861023,15,2.579321327991633,0.5714010987911654,0.431167619008136,1.6929559947027548,0.0,6
2023101508,1357,1.0361,1,95.9100036621094,44.1199989318848,9,1.1014544494946341,0.6505400729311152,0.7112005329735954,2.30644748476959,0.8494,6
2023101508,1380,0.7647,1,98.5800018310547,42.7299995422363,10,0.7057637572748299,1.3555825893311446,-0.04085846917465377,1.1107204868912794,0.3926,6
2023101508,1505,0.0,0,54.2299995422363,34.9199981689453,9,4.100439485395737,1.4656398513801705,-0.5796217521635948,2.8504385627478426,0.0,6
2023101508,1652,0.0,0,30.7099990844727,18.75,8,4.640904606738724,0.6841061383271435,0.40636757291585546,4.133533597299049,0.0,6
2023101508,1725,0.0,0,37.2799987792969,29.3099994659424,6,3.01599117226184,1.2869355825627933,-0.23950541778107648,2.316635491396949,0.0,6
2023101508,1750,0.0,0,95.9700012207031,37.4599990844727,28,6.567259825172946,1.0492388424185373,0.9162334816592892,2.5741017850893195,0.0,6
2023101508,1843,0.3216,1,77.8300018310547,20.8700008392334,8,2.0484152624124734,1.7075145554388025,-0.3048947997165239,3.6126583010298705,0.0487,6
2023101508,1873,0.0,0,80.8399963378906,1.48000001907349,13,6.448544761822271,4.646086572581753,0.5650731695657146,0.44011362169330737,0.0,6
2023101508,1896,0.0,0,76.3300018310547,30.4400005340576,11,6.868899033128286,0.7093676542355877,-0.547799776777184,3.9655768811107395,0.0,6
2023101508,1921,0.3426,1,64.1699981689453,17.2800006866455,10,1.9723065492953704,2.2400898499869664,0.6189384191045064,5.775898198548861,0.0,6
2023101508,2036,0.1856,1,38.8699989318848,39.4300003051758,8,2.4493477706001614,0.860233452627098,-0.2485140776892374,2.4696558464693026,0.0,6
2023101508,2086,0.0,0,69.4899978637695,45.8800010681152,10,5.9991018981169635,0.34785020485890444,-0.598848422004041,6.605641528269597,0.0,6
2023101508,2178,0.611,1,87.0999984741211,19.6800003051758,9,1.1670917354256685,0.911812695996574,-0.3438865413929172,1.1140017953306929,0.3307,6
2023101508,2222,0.0,0,61.3400001525879,32.4900016784668,7,8.86663941295534,0.3863940358688181,-0.5089506676122293,7.259814047205344,0.0,6
2023101508,2254,0.0,0,31.5,18.4500007629395,11,4.248211699029516,2.411078792998179,-0.3294500818324211,3.011444835954994,0.0,6
2023101508,2360,0.0,0,18.3600006103516,0.850000023841858,14,4.652365213478274,1.7681912010856113,0.45689447506592257,1.6443843832875564,0.0,6
2023101508,2466,0.0,0,42.189998626709,35.6800003051758,7,3.256824979132915,0.6539115749872758,0.01004506002386835,3.316519259705873,0.0,6
2023101508,2491,0.4533,1,52.9099998474121,30.1900005340576,9,1.8880676014323456,0.9192388910698389,-0.16755668945887636,2.6187401551127567,0.0,6
2023101508,2540,0.0,0,63.0999984741211,49.3300018310547,12,5.633703037809035,0.769414458145993,-0.3219926383151455,6.386556192503127,0.0,6
2023101508,2598,0.0,0,50.3499984741211,26.6900005340576,9,9.069775094100791,10.183542256819369,-0.3710739817093529,6.1926730900314775,0.0,6
2023101508,2623,0.0,0,81.1500015258789,47.4900016784668,20,7.585305953572791,3.0865006789315936,-0.5250644000912107,1.0163660757817456,0.0,6
2023101508,2648,0.1117,1,69.3000030517578,37.8300018310547,8,2.6649175451547706,0.8104310497141397,0.34874164710398214,2.8612759391572054,0.0,6
2023101508,2671,0.6637,1,107.290000915527,6.46999979019165,32,1.0089590211083683,1.0807858237893588,-0.9238019488904592,3.9577392536648994,0.0,6
2023101508,2989,0.0,0,48.1800003051758,28.6399993896484,12,8.329424418591042,0.5643586101670216,-0.4096586155930704,5.636328592266419,0.0,6
2023101508,3014,0.0,0,40.3699989318848,15.960000038147,7,5.103253514425542,0.7523952079129477,-0.1686217982074676,3.4522021957005933,0.0,6
2023101508,3039,0.0,0,29.1800003051758,3.82999992370605,10,4.993806198930646,1.0722408189583406,0.4226583863398,4.13765634145708,0.0,6
2023101508,3064,0.0,0,7.8899998664856,3.22000002861023,17,3.633249238306748,6.043475899761992,0.6366506457229759,0.6777905281132242,0.0,6
2023101508,3180,0.0,0,33.3400001525879,12.9799995422363,8,4.37666503193446,0.6268177399581448,0.21209715020680456,9.16065499841578,0.0,6
2023101508,3205,0.4518,1,42.4599990844727,8.63000011444092,8,1.6492431661950149,0.8759574508440777,0.25035340106102516,2.420123963767146,0.0,6
2023101508,3230,0.0,0,75.2799987792969,48.2700004577637,25,3.081459795822185,0.854282423361304,0.8049220945904718,1.7801685313475268,0.0,6
2023101508,3335,0.4609,1,88.8300018310547,47.5699996948242,10,1.899316843994274,0.3687836319455625,-0.35866098167580124,2.224410034143884,0.0,6
2023101508,3365,0.4616,1,84.5699996948242,48.5999984741211,10,1.6150536684745689,1.3000003051766573,-0.38451080295250106,1.1098198051936239,0.0,6
2023101508,3412,0.5222,2,69.5599975585938,36.060001373291,8,2.1507671907193746,1.0270319809769115,-0.19116405489539479,3.150063491423628,0.0,6
2023101508,3437,0.0,0,66.1600036621094,24.4200000762939,7,10.592614280691683,1.3417189120641217,-0.2739841850764515,10.930073192801597,0.0,6
2023101508,3484,0.243,1,55.5900001525879,18.7000007629395,9,2.4101860474759342,0.8653317559480359,0.23883587998641376,1.2656223765404901,0.0,6
2023101508,3600,0.0,0,13.8699998855591,23.1000003814697,7,4.451538941181451,0.4356600600903669,-0.13508086163877453,8.058349706980954,0.0,6
2023101508,3625,0.0,0,21.7600002288818,9.31999969482422,9,4.26222963020454,0.847230929982161,0.2761616700684143,3.1046094762465697,0.0,6
2023101508,3650,0.0,0,53.8300018310547,0.579999983310699,22,3.314409075768619,2.5787803865018355,0.6783760650497612,2.33205917592157,0.0,6
2023101508,3673,0.0,0,34.5299987792969,19.2199993133545,8,3.0909073827588713,0.39849615453933657,0.3309199454481386,2.394013366712895,0.0,6
2023101508,3729,0.0,0,35.1699981689453,27.1100006103516,6,4.123226136706301,5.207121422934869,-0.2599847152286722,2.136632865047248,0.0,6
2023101508,3754,0.0,0,62.4599990844727,15.0299997329712,13,8.338806766482104,0.9600009155273399,-0.1889239787873953,7.134731950115582,0.0,6
2023101508,3809,0.5029,2,82.9000015258789,28.2900009155273,11,2.144619419864038,0.9313421200259837,0.5761524705278276,2.419938015735106,0.0,6
2023101508,3834,0.3919,1,107.889999389648,16.3500003814697,17,1.8243361967851572,1.8515136118946702,-0.7811344824419019,4.7762432936357,0.0,6
2023101508,3857,0.0,0,112.849998474121,22.3899993896484,19,3.4792224594183514,2.8504370478099545,0.4897503455414841,0.5643580423808928,0.0,6
2023101508,3880,0.0,0,106.930000305176,32.6300010681152,16,3.7594936253074414,1.353291784566619,-0.6909737269935536,1.380615804632133,0.0,6
2023101508,3903,0.0,0,115.220001220703,19.3799991607666,19,6.023364169462893,4.577391391134567,0.8168388265722158,3.8300130548080507,0.0,6
2023101509,77,0.0,0,80.0,5.75,10,3.217359165526909,0.33837848631377376,-0.3444557561413562,4.319189738828333,0.0,6
2023101509,104,0.0,0,71.1600036621094,32.5699996948242,8,5.952902014054132,1.1272122427471667,-0.24812872942940697,7.424284477308241,0.0,6
2023101509,174,0.0,0,60.0200004577637,21.6599998474121,7,4.7941844328541645,0.6972091954583804,0.10351898178474153,3.4620369726506426,0.0,6
2023101509,380,0.0,0,30.4899997711182,32.2000007629395,9,3.9401149762027012,0.6800737890716377,0.38973037032400737,2.843817856333276,0.0,6
2023101509,604,0.0,0,28.0900001525879,8.92000007629395,12,4.509212660481181,0.518845041416024,-0.20114795254705461,11.197879263503424,0.0,6
2023101509,704,0.0,0,59.5,7.21000003814697,13,3.4563709074260185,0.6664832903748479,-0.16931871851095465,3.9597979746446605,0.0,6
2023101509,729,0.0,0,54.1699981689453,25.1299991607666,6,9.466322801129644,0.6621913401084929,-0.04006331546646679,6.643982239590948,0.0,6
2023101509,831,0.0,0,31.4400005340576,56.8499984741211,8,13.588865945697123,19.33229563750219,-0.5077401463493854,3.467809106626253,0.0,6
2023101509,951,0.6993,1,66.9000015258789,33.439998626709,7,1.195409913567056,0.4401151783834288,-0.37229643197024115,3.45589351687809,0.2735,6
2023101509,1005,0.0,0,41.7000007629395,4.32000017166138,14,7.716502298630071,0.8420220644367762,-0.6136943048309922,4.792629758285112,0.0,6
2023101509,1074,0.1519,1,89.4899978637695,38.4700012207031,7,2.544424644442524,0.6293654331108207,-0.41608457810898153,3.934107268491799,0.0,6
2023101509,1099,0.0947,1,97.4100036621094,47.1800003051758,11,2.7159676473117003,0.24186406076646683,-0.19497366459083335,5.64553806115945,0.0,6
2023101509,1146,0.0,0,115.650001525879,24.3299999237061,12,4.792348038996176,0.31622897715676473,0.6723275503835673,3.436815386371517,0.0,6
2023101509,1214,0.8987,1,84.4800033569336,19.0,8,1.1315936681280991,0.5608928048537076,0.4965314496482788,3.562021897742912,0.237,6
2023101509,1261,0.0,0,87.1399993896484,37.3199996948242,10,11.025678451457802,1.7159251430875637,-0.24645589333408022,10.930800519632587,0.0,6
2023101509,1300,0.0,0,81.9000015258789,47.7900009155273,9,7.212490808120975,0.5724495011786598,-0.07196851827584362,10.393507588874888,0.0,6
2023101509,1325,0.0,0,71.129997253418,17.6900005340576,8,3.4683269592218537,1.065314248160868,-0.1875933356470047,4.416616351914663,0.0,6
2023101509,1408,0.2769,1,26.9699993133545,10.4099998474121,11,2.1692395867036036,2.6534697795015614,-0.003160075721471829,3.7381546249453095,0.6023,6
2023101509,1474,0.1352,1,37.1399993896484,30.8899993896484,7,2.6391105610079455,1.0976801320804352,-0.37032225792198137,4.855069515465249,0.0,6
2023101509,1670,0.0,0,71.9800033569336,38.2000007629395,9,12.69852697429535,0.8800534683003728,0.06027569938613471,15.015808336549846,0.0,6
2023101509,1695,0.1112,1,46.9700012207031,15.7399997711182,15,2.6685025076897007,1.6714676631230885,-0.3882238957562174,1.2734598540982784,0.0,6
2023101509,1826,0.0,0,61.0499992370605,46.0099983215332,10,3.0300156112627166,0.5905927983975745,-0.2980624389777204,6.298650649147002,0.0,6
2023101509,1909,0.0091,1,78.4700012207031,28.9500007629395,8,2.979462141615854,0.8246213545744079,0.303622459894012,5.094869968900089,0.0,6
2023101509,2005,0.0,0,81.7200012207031,2.76999998092651,16,7.711764246217055,7.309350825576067,0.5969787299069306,1.3998928530426822,0.0,6
2023101509,2028,0.6946,1,92.129997253418,24.6100006103516,12,1.535743297825058,0.4588043197448524,0.5539512757731252,4.306947875236011,0.0,6
2023101509,2201,0.5538,1,62.1300010681152,39.6500015258789,8,1.7223546212344365,0.8321669068568766,0.1501765358704784,1.8406792224610997,0.0,6
2023101509,2248,0.4185,1,83.4199981689453,48.3600006103516,10,1.9706109229555688,0.5656862881193697,0.3222042010630351,5.3583579574343485,0.0,6
2023101509,2328,0.0,0,92.6999969482422,41.5400009155273,6,9.899750287538799,0.7689635159915744,0.1570288829950559,7.495198463016171,0.0,6
2023101509,2463,0.0,0,81.9899978637695,21.5,6,4.416874635188671,0.7983102615438427,0.4054339182431134,7.235385269631459,0.0,6
2023101509,2512,0.5679,1,37.9199981689453,28.2399997711182,26,1.8943348702191531,0.7262244204637334,0.6824088230186101,1.6315023751131916,0.0,6
2023101509,2591,0.0,0,23.5100002288818,23.3999996185303,7,3.275668061353123,1.690739723247683,-0.5110559150938351,5.7318496142170385,0.0,6
2023101509,2672,0.0,0,25.5799999237061,7.03000020980835,11,3.5431763829603744,0.5263078725712197,-0.41641853471787665,5.9157417117382645,0.0,6
2023101509,2697,0.0,0,13.8599996566772,52.9500007629395,17,8.326584385764978,7.540033686433683,0.030883679955145075,0.8184130986244057,0.0,6
2023101509,2783,0.8346,1,36.9099998474121,45.4300003051758,12,1.0610375692060894,1.0751745038007403,-0.5345065090251455,3.2828341414089146,0.0,6
2023101509,2808,0.4017,1,38.310001373291,39.0900001525879,7,1.8270456774790116,1.4339094285873162,0.04362036300133736,0.7200694410957874,0.0,6
2023101509,2860,0.382,1,58.5699996948242,16.8899993896484,13,1.8539682485420075,2.5836789809139,-0.4295594020414133,3.2291330105772955,0.0,6
2023101509,2980,0.0,0,89.25,24.4899997711182,6,3.1154134179054376,0.6306347062694059,0.3891899445645885,2.6075659147948773,0.0,6
2023101509,3118,0.0,0,81.0100021362305,45.8199996948242,12,5.143395918644865,0.926985717665934,0.21685763654110637,6.43386353601007,0.0,6
2023101509,3197,0.0,0,73.7300033569336,42.2400016784668,10,4.4354626595114475,2.178487461578184,-0.3895080945278861,6.6723459142943105,0.0,6
2023101509,3222,0.1019,1,66.120002746582,36.7999992370605,7,2.7290475943271004,1.0204406459695332,0.26538612004201884,2.0497804760510325,0.0,6
2023101509,3374,0.0,0,48.3800010681152,35.0900001525879,9,5.383577954634699,0.912853559167364,0.3869240878219975,4.178085686052879,0.0,6
2023101509,3399,0.0627,1,36.6300010681152,8.90999984741211,13,2.8119216478918605,1.4545453187686057,-0.47258304123738665,2.5949373788205405,0.0,6
2023101509,3424,0.0,0,31.2399997711182,34.3800010681152,8,5.262594956653671,1.1943606619226694,0.007219726589725771,11.049796378214399,0.0,6
2023101509,3449,0.8057,1,23.1900005340576,20.8700008392334,7,1.1506945846051262,0.441022131333203,-0.14323253955932025,4.1511685101908355,0.5928,6
2023101509,3557,0.0,0,25.2700004577637,32.0499992370605,7,13.101527074667057,1.4748903447143282,-0.1894910901094533,11.851793113280372,0.0,6
2023101509,3589,0.0,0,17.9500007629395,9.65999984741211,9,5.713397174925218,2.3438644861362627,-0.616114646430751,6.712525605165318,0.0,6
2023101509,3674,0.5072,1,41.0,5.3600001335144,13,1.478512699437752,0.8780090781157587,-0.1314719843565054,0.849058301885093,0.0,6
2023101509,3862,0.2321,1,96.4100036621094,20.1000003814697,7,2.3688382590595323,0.6800716800034441,0.44762319149117724,1.3813399291991906,0.0,6
2023101509,3920,0.7619,2,62.7299995422363,5.90000009536743,27,1.5365223752847448,1.0517133401549588,0.7398228741871153,0.6609841147864308,0.0,6
2023101510,77,0.0,0,83.7799987792969,23.1900005340576,6,3.7666550170811006,1.4940201054341034,0.15389602101298874,2.1034257771549667,0.0,6
2023101510,174,0.0,0,50.1100006103516,40.310001373291,7,8.670785614112258,1.6086323292111957,-0.5888666825460417,7.550417207015776,0.0,6
2023101510,199,0.6633,1,18.5200004577637,46.060001373291,21,1.0100481350458241,2.558279899644314,-0.5300778310867252,1.6584932921178774,0.0023,6
2023101510,280,0.0,0,45.2400016784668,7.65000009536743,12,7.280932497572891,0.8188391225534135,0.03906939724416393,5.406070661765349,0.0,6
2023101510,333,0.0,0,63.9900016784668,38.1199989318848,10,3.436278920196483,5.530868704030135,0.18768346384607826,1.1676043850551405,0.0,6
2023101510,499,0.0,0,74.4199981689453,48.6399993896484,10,12.586570486681978,0.43416481257281825,-0.42356748072662526,10.54408364913709,0.0,6
2023101510,593,0.764,1,53.3899993896484,30.2900009155273,6,0.9999989013672026,0.6174130224843226,0.005185437917150317,1.259364919314489,0.4983,6
2023101510,708,0.2813,1,54.8800010681152,8.35000038146973,9,2.1561530417940338,1.5474164111317532,-0.49627364716714484,4.638545030502563,0.0,6
2023101510,733,0.1038,1,61.1500015258789,47.5,13,2.786843786619183,0.9196728099682622,0.3684707891454551,1.2918978287774918,0.0,6
2023101510,804,0.0,0,123.129997253418,27.7999992370605,16,8.759598023933655,8.956922452526065,0.37756231154569964,2.4224367896809986,0.0,6
2023101510,827,0.6869,1,117.529998779297,29.2700004577637,15,0.9394156875995188,2.2098427770972124,-0.3390099594681509,1.117720895393842,0.0,6
2023101510,916,0.0,0,81.7699966430664,43.9700012207031,10,13.719826812096366,0.6512263305912386,0.02871774685646531,9.890323553858089,0.0,6
2023101510,966,0.0,0,47.25,4.80999994277954,10,8.714820741811328,0.347131056296268,-0.27271212470330447,11.128256826655285,0.0,6
2023101510,1025,0.5711,1,53.6100006103516,26.7800006866455,6,1.7283800701616154,0.9679867496376068,0.5598393838087381,4.911781754109194,0.2456,6
2023101510,1103,1.0479,2,109.019996643066,1.44000005722046,16,0.28284512665601685,0.9550926924514889,-0.4922972383501496,2.252487513838867,0.6924,6
2023101510,1126,0.6841,1,110.290000915527,15.210000038147,13,1.2541923754186193,5.997908868054474,0.5834787107351636,1.8621761463406188,0.0,6
2023101510,1149,0.0,0,95.9000015258789,28.8099994659424,7,4.041446522195099,0.5671846146966605,0.001065898548047885,5.374476718714114,0.0,6
2023101510,1218,0.0,0,89.5899963378906,40.189998626709,8,11.8470382638453,0.3832791679018611,0.024548338836636877,14.509534796126312,0.0,6
2023101510,1379,0.0,0,66.0999984741211,47.9300003051758,10,5.075600038731998,0.3605545350655524,0.580955199748498,9.228000866926703,0.0,6
2023101510,1533,0.3287,1,64.6500015258789,34.060001373291,7,2.101926379976282,0.42438163381841526,0.12035032270022981,1.6468454693747083,0.0,6
2023101510,1741,0.0,0,52.7299995422363,16.0599994659424,9,13.232569748135987,0.30805786887240977,-0.0368690544903642,13.424581930175707,0.0,6
2023101510,1984,0.8676,1,43.9500007629395,38.439998626709,26,1.2880995693232076,0.599082237242891,0.8753273364295181,1.4717676447048318,0.0,6
2023101510,2032,0.0399,1,28.1499996185303,21.4099998474121,8,2.8802775556546183,0.773692036123191,-0.453196571961343,6.132046966552032,0.0,6
2023101510,2381,0.3466,1,108.769996643066,4.05999994277954,15,1.9602320832461684,1.4418074753382726,-0.6869474861467203,1.5935494971917221,0.0,6
2023101510,2530,0.0,0,80.5899963378906,7.94999980926514,9,3.537184669056566,2.0673620636981216,-0.3157392907017132,1.5953056133543888,0.0,6
2023101510,2590,0.0,0,29.2700004577637,31.9699993133545,8,6.111210222401607,0.7359349725445306,-0.16637076231021902,5.040575363983762,0.0,6
2023101510,2644,0.4051,1,56.939998626709,3.88000011444092,16,1.803357948422499,1.2390730685047082,-0.1765400691517613,0.9178779875342947,0.0,6
2023101510,2764,0.3201,1,106.470001220703,44.2400016784668,10,2.0398270447671343,2.8431828986834895,-0.5643191489299956,2.5778285435614174,0.4814,6
2023101510,2855,0.4959,1,68.7799987792969,35.2299995422363,6,1.90262856408777,1.0688774323821646,-0.14239476665403566,3.8668333297415356,0.3682,6
2023101510,2940,0.0,0,26.0699996948242,34.0699996948242,12,6.556591970887407,1.6783622733648658,-0.11590329317950973,4.030198506277327,0.0,6
2023101510,2985,0.5681,1,101.099998474121,20.8899993896484,11,1.3631230298598258,1.3461782316250888,-0.4638690800446223,2.3600211863455796,0.0,6
2023101510,3056,0.0,0,86.620002746582,37.1399993896484,8,3.1812755171508824,0.420478664306309,-0.1708466170989884,4.114608122288208,0.0,6
2023101510,3101,0.2974,1,83.7099990844727,15.1400003433228,9,2.107723091056254,0.7253267186071334,-0.2666808276019478,3.01144483595499,0.0,6
2023101510,3126,0.0638,1,64.120002746582,1.95000004768372,17,2.808506129959826,1.187142154225367,-0.7212464420857195,1.5802847844613308,0.0,6
2023101510,3213,0.5173,1,46.0099983215332,15.6599998474121,7,1.6280646656895699,0.30083056110059364,-0.27948225311805963,3.405877273185281,0.0553,6
2023101510,3445,0.0,0,29.6100006103516,30.7099990844727,7,3.633729808582159,1.829151850033142,0.0501915364384392,2.1804815981796306,0.0,6
2023101510,3470,0.0155,1,43.4300003051758,34.4799995422363,9,2.953573962441359,2.0732822030848004,-0.34958964597087,0.7657675887630646,0.0,6
2023101510,3663,0.2816,1,62.7900009155273,1.38999998569489,23,2.5066718276480158,1.931891173335621,0.8056199277763118,1.0920164833920778,0.0,6
2023101510,3721,0.6384,1,39.7999992370605,36.2900009155273,8,1.0846669036489853,2.2199553950875743,-0.16525039561844027,4.804591553920059,0.481,6
2023101510,3744,0.0,0,51.7599983215332,35.2599983215332,14,5.312412220380571,1.4091861859927357,-0.3214014555962398,1.2076837334335522,0.0,6
2023101510,3803,1.0644,1,67.8600006103516,30.5499992370605,10,0.6723095932752672,0.6152242137065859,-0.7995479843360551,0.8711486669908906,1.4604,6
2023101510,4016,0.0,0,32.8300018310547,32.9099998474121,7,6.5250653379248025,1.218070426021208,0.06468658969029357,4.906668931158898,0.0,6
2023101510,4041,0.0474,1,46.4199981689453,51.5999984741211,14,2.857727314076185,1.9864059258376674,-0.5387305778265011,3.3115857228826164,0.0,6
2023101510,4064,0.6686,1,41.2000007629395,34.2400016784668,6,1.445440673160706,0.45967441812882853,0.49661539407401223,2.8122055401410453,0.4101,6
2023101510,4087,0.2493,1,48.9599990844727,48.7200012207031,13,2.2519781465440274,0.5478151349875354,-0.14607585675790086,3.5351096164051277,0.0,6
2023101510,4112,0.8458,1,64.0699996948242,37.2700004577637,15,0.4627097649049625,0.9945857549628173,-0.6563289595285543,2.64916968123976,0.0,6
2023101510,4135,0.4866,1,67.2799987792969,24.1499996185303,15,1.5402932821648405,0.38183825527003956,-0.027133087301286524,2.197384809267594,0.0,6
2023101510,4160,0.0,0,69.3199996948242,28.8700008392334,5,4.423053887994912,0.7247075005162551,-0.10698489163708279,5.277849941027127,0.0,6
2023101510,4208,0.2826,1,95.75,33.5,14,2.152324325003084,1.6140012391569023,-0.6207851091232304,4.801010310340938,0.0,6
2023101511,55,0.0,0,78.2399978637695,0.689999997615814,11,5.194613451395672,3.941181031195008,0.5737832959137507,2.6144406667583726,0.0,6
2023101511,134,0.0,0,77.4499969482422,21.7600002288818,8,9.882912295383463,4.7419485806213535,-0.24348430183987615,2.2806358762415324,0.0,6
2023101511,181,0.0,0,71.1100006103516,40.6199989318848,10,7.100198278962898,6.332457214524304,-0.6299277797333888,4.341624120073031,0.0,6
2023101511,230,0.0,0,13.3599996566772,14.789999961853,11,11.811541289808016,5.132494514339755,-0.6115369560293149,13.080646008511966,0.0,6
2023101511,283,0.2528,1,29.6800003051758,44.310001373291,15,2.2415391572714056,1.9635163826881963,-0.666095651146283,3.595469371306058,0.0,6
2023101511,336,0.0,0,33.310001373291,47.0400009155273,10,4.090304250057085,0.5943916377861089,0.6394534825450057,8.116477068285231,0.0,6
2023101511,366,1.1609,1,41.6300010681152,0.550000011920929,13,1.1128790602029706,0.688185145273692,0.6143459288871601,0.7800640999302569,0.5904,6
2023101511,396,0.5965,1,49.3899993896484,34.5400009155273,9,1.7007342020942702,0.8515857508301214,0.44211861842192357,1.5600320509528025,0.0,6
2023101511,533,1.0283,1,70.2799987792969,23.4400005340576,9,0.834865921129824,0.35227960717675355,-0.03639821278041858,0.9947864092356705,0.2879,6
2023101511,558,0.0,0,71.4599990844727,40.9300003051758,6,4.890040859059643,0.6030763470102078,0.22476703679518217,2.708800472533921,0.0,6
2023101511,708,0.7213,1,117.5,2.32999992370605,11,1.7552493448086486,1.5673226312434005,0.7775994127781106,1.0387011119662808,0.2543,6
2023101511,873,0.6801,1,73.5500030517578,20.9799995422363,7,1.5086438749957396,0.5720118037869641,0.5185178077717315,3.3055256768024077,0.248,6
2023101511,955,0.0282,1,51.2400016784668,18.7600002288818,10,2.925509373059772,0.08062414835993671,-0.05834210170460728,3.707991370000745,0.0,6
2023101511,1153,0.6527,1,92.9800033569336,48.75,11,1.2728288782404125,1.8628977199648757,-0.5114209343285284,2.6568025895801948,0.0,6
2023101511,1288,0.0,0,75.3099975585938,32.5,11,7.782834420768528,2.5107145883486806,-0.2612401689942236,6.711728540398519,0.0,6
2023101511,1313,0.0,0,67.9700012207031,51.3699989318848,8,5.5823395482132065,3.482098592064957,0.09881616803485456,2.412488341940741,0.0,6
2023101511,1343,0.0334,1,57.4799995422363,34.2000007629395,8,2.899930149684187,1.3635973017423428,-0.13085238263814308,1.2609916732476916,0.0,6
2023101511,1366,0.135,1,59.7999992370605,21.8299999237061,9,2.5978831206733943,2.220314699498184,-0.127447655502374,1.390143877445788,0.0,6
2023101511,1391,0.0,0,55.6699981689453,37.8199996948242,8,4.25329104395562,0.5423103472171467,-0.09799274607838347,8.119168676656495,0.0,6
2023101511,1589,0.0,0,71.9400024414062,2.60999989509583,9,16.3121821078258,1.9629036949110286,-0.4583037996092491,13.700689763657886,0.0,6
2023101511,1614,0.4415,1,22.4200000762939,38.1300010681152,30,2.2917678422640955,1.2709837526117815,0.8735801063183349,1.316548517905817,0.3524,6
2023101511,1637,0.0,0,73.3300018310547,9.61999988555908,9,7.479306611444949,0.533105755335453,-0.5908104727235809,8.894267816970657,0.0,6
2023101511,1689,0.0,0,51.0099983215332,18.3700008392334,11,6.188932331183374,1.5823072150329174,-0.3125382349051734,4.321712623486204,0.0,6
2023101511,1741,0.0,0,15.0200004577637,34.0,8,3.736964244807289,1.8002504021997667,-0.5027496703622802,3.9951595712812287,0.0,6
2023101511,1810,0.4937,1,49.939998626709,51.0499992370605,19,2.062933967573293,1.4611286712746747,0.844038545409902,1.4169333082400126,0.0,6
2023101511,1833,0.0,0,37.0699996948242,23.8899993896484,7,4.756186053975406,3.133448981673799,-0.1298758889764825,1.8242806801586253,0.0,6
2023101511,1890,0.0,0,67.6999969482422,33.1699981689453,6,9.237669291967872,1.5826909465643793,-0.3659854654304739,8.518198166279065,0.0,6
2023101511,1920,0.4213,1,107.180000305176,50.6699981689453,14,1.736002004667029,1.4675499440011521,-0.7683469166562793,2.3563743335896343,0.0,6
2023101511,1943,0.1938,1,104.389999389648,38.7599983215332,11,2.47163780677509,1.4827323229783687,0.0084662153529022,2.61874015511276,0.6828,6
2023101511,2108,0.0,0,57.9199981689453,36.9799995422363,8,8.352512718175209,2.036466558754524,-0.34001179405984666,10.0655898982623,0.0,6
2023101511,2149,0.0,0,63.6199989318848,34.0299987792969,7,7.394492086696501,2.369157564475192,0.1239752185312633,4.644620544242554,0.0,6
2023101511,2238,0.235,1,89.129997253418,31.6299991607666,8,2.370232533827108,3.128228996569207,0.013979831925549437,3.3202409551115437,0.0,6
2023101511,2333,0.0,0,99.9000015258789,15.1899995803833,13,3.3451591026208254,1.8753652335935567,-0.34699619709515145,1.320757358487928,0.0,6
2023101511,2356,0.0,0,91.9400024414062,13.8999996185303,9,3.694115494514308,2.108362251094983,-0.21635556606678086,1.3755726080436443,0.0,6
2023101511,2514,0.0,0,61.1199989318848,44.7000007629395,12,4.026774170516487,3.1201444871166997,0.007376810508836861,4.3246387132337425,0.0,6
2023101511,2591,0.0,0,79.0299987792969,30.0300006866455,11,3.4503617538755376,2.7408954039991,0.23105108042067737,8.015846804923363,0.0,6
2023101511,2635,0.0,0,54.5299987792969,8.97000026702881,11,10.196713909573145,1.6708393561940007,-0.1686679267397773,7.838902984474292,0.0,6
2023101511,2716,0.553,1,77.0800018310547,50.7799987792969,23,1.3411211339774318,2.0038484914933745,-0.63809021832186,0.850940655980187,0.0,6
2023101511,2780,0.0,0,61.2400016784668,24.3299999237061,6,8.533101933034152,1.6131042710894796,-0.32081155338294975,9.049999999999997,0.0,6
2023101511,2887,0.0,0,50.1800003051758,14.5600004196167,10,4.7621218621828625,2.0591508192839942,-0.2537028460631995,3.351715978420606,0.0,6
2023101511,2910,0.0,0,57.2299995422363,28.6100006103516,7,9.845415503169722,0.9759099507301867,-0.3931777119090464,10.874309173460171,0.0,6
2023101511,3009,0.0,0,17.3600006103516,19.9699993133545,9,8.96428972833639,4.254032469503204,0.3006902205864106,6.79685221260548,0.0,6
2023101511,3114,0.0,0,42.2099990844727,42.1500015258789,8,3.3065377743534277,2.8321355304082934,-0.3268448820995086,1.5844872987815297,0.0,6
2023101511,3137,0.0,0,38.2099990844727,30.0100002288818,7,4.152167315674974,3.013186909091818,0.013493404654615732,3.4754136444457933,0.0,6
2023101511,3228,0.0,0,19.3199996948242,43.5800018310547,10,3.3766394112167517,2.2228343088285514,-0.32960234682140277,5.163874514354507,0.0,6
2023101511,3273,0.7855,1,8.06999969482422,2.94000005722046,20,0.6435059037609117,1.259603082264633,-0.6312772458572772,3.3174689146998793,0.5531,6
2023101511,3339,0.0,0,55.9199981689453,4.90000009536743,13,11.027608969303015,4.4869718579390705,0.2229565952547883,6.1595210852792635,0.0,6
2023101511,3510,0.6672,1,46.7799987792969,28.0699996948242,7,1.3073640911011468,0.9908589068543173,0.16152020541810147,0.7749193506423714,0.1479,6
2023101511,3559,0.0,0,44.4599990844727,33.4300003051758,6,10.214015842704079,1.32003817647616,0.32397231327374265,11.806481270895238,0.0,6
2023101511,3660,1.5381,1,56.0400009155273,2.19000005722046,28,0.10440220461565425,0.6684317468630717,-0.7253598494897595,1.465093853648975,0.0,6
2023101511,3785,0.501,1,26.0200004577637,30.1499996185303,7,1.499333575918132,1.1957008139170124,-0.322997418111316,2.3702320561497765,0.1187,6
2023101511,3915,0.0,0,38.2700004577637,19.2099990844727,7,8.880771872678949,1.920233516797955,-0.09017976846466781,7.170955305954706,0.0,6
2023101511,3940,0.0,0,47.060001373291,44.560001373291,11,4.895599131248972,0.5126410283798742,0.21082344313578555,7.2012360050202515,0.0,6
2023101511,4033,0.0,0,96.0599975585938,17.5900001525879,8,11.574149791364874,2.8570784776366023,-0.6287257158332963,12.432618388738554,0.0,6
2023101511,4085,0.0,0,78.5999984741211,29.2700004577637,9,5.991634321964842,2.2443691844015334,-0.3570197681975558,9.188476478720498,0.0,6
2023101511,4132,0.3396,1,65.8099975585938,40.2200012207031,11,1.9811603205767725,0.6129414066419917,-0.3205219422744966,1.3832208789632996,0.0,6
2023101511,4227,0.9554,1,56.8699989318848,16.3600006103516,10,0.28301820471612193,2.2826733112034354,-0.3121967957838637,3.6432952117554227,0.1834,6
2023101511,4317,0.0,0,83.9300003051758,21.5400009155273,10,7.329673346804091,1.8271840527163499,-0.20256583313935234,8.161868658585474,0.0,6
2023101511,4340,0.2035,1,74.629997253418,48.6500015258789,9,2.6104761664186342,2.0905952182833443,0.07358441268578926,5.186925871843543,0.0,6
2023101511,4363,0.0,0,84.629997253418,13.039999961853,11,6.4900901938056625,1.7355666934150111,-0.4768202148119122,4.818848410149453,0.0,6
2023101511,4388,0.6162,2,40.6500015258789,23.8799991607666,27,1.1574120928556824,2.609905504877095,-0.8109549629347169,2.2593804460515288,0.0,6
2023101512,59,0.0,0,83.3199996948242,46.5,9,4.452246338067327,2.5923732509547484,-0.5529875494650478,3.3326415948913564,0.0,6
2023101512,96,0.0305,1,76.5199966430664,6.40999984741211,12,2.908484426982304,1.7891034673970985,-0.5603849272449594,1.4041723540933277,0.0,6
2023101512,124,0.0,0,54.7900009155273,43.7700004577637,19,4.673350864618879,4.504674875464827,0.8641329149152772,0.9449338601193265,0.0,6
2023101512,178,0.0,0,37.0299987792969,6.07000017166138,8,6.494652868102548,2.7008342392955993,-0.1544929856737999,5.560899207861983,0.0,6
2023101512,310,0.0883,1,82.4100036621094,20.8999996185303,9,2.770267090300201,2.086339510217257,-0.46582574926228126,1.6638810053606605,0.0,6
2023101512,359,0.0,0,70.1699981689453,8.61999988555908,9,5.211620693844053,3.7438603903877663,-0.2917649527649867,7.661103053738407,0.0,6
2023101512,423,0.0,0,63.5900001525879,40.439998626709,9,7.518151335236193,1.3041867477941982,-0.5236518478807393,6.749296259611076,0.0,6
2023101512,520,1.2713,1,78.7099990844727,5.53000020980835,22,0.672011044094303,0.7910122658595493,-0.4349288339130634,1.17175082675456,0.0,6
2023101512,596,0.0,0,93.6399993896484,34.3899993896484,8,5.840770501297665,2.0342082965015327,-0.30263026890373673,4.65405199799057,0.0,6
2023101512,845,0.7928,1,61.1399993896484,9.40999984741211,16,1.6487875220807369,0.7218033374706607,0.6786633123189567,1.7510282693320514,0.0,6
2023101512,948,0.2193,1,46.2599983215332,44.4900016784668,8,2.3420065390412317,1.0241558473155343,-0.3514760240587003,1.8883061192507966,0.0,6
2023101512,973,0.0,0,48.8300018310547,5.11999988555908,12,5.951018515790236,1.2675181891298892,-0.5850849654733181,11.302123694244369,0.0,6
2023101512,1155,0.0,0,49.0,38.9900016784668,10,3.9704546681985455,6.256293921256672,0.19348017116637078,4.1391786624884865,0.0,6
2023101512,1405,0.0,0,95.9700012207031,43.6399993896484,8,6.927922786502712,0.9588024744755779,-0.6959550182277728,8.710367386052098,0.0,6
2023101512,1518,0.6899,2,84.1999969482422,31.5300006866455,7,1.6949955686466807,4.626242542029972,-0.19245990556405004,4.445188409955185,0.1418,6
2023101512,1541,0.0,0,95.2699966430664,44.0200004577637,15,4.3265327156242686,3.4691756055777514,0.5014018263365534,1.1421471008587294,0.0,6
2023101512,1585,0.0,0,64.4300003051758,6.1100001335144,8,14.06600490488406,1.0793519903491051,-0.3399559385255309,9.083286850033966,0.0,6
2023101512,1622,0.7788,1,55.7299995422363,21.5300006866455,10,1.1443768360536675,1.0923824067195473,-0.23652982960902133,1.3482581355215344,0.0,6
2023101512,1696,0.0,0,35.2200012207031,34.6500015258789,8,5.896745154572335,1.4508618065457568,-0.16492328114802715,2.905942188000309,0.0,6
2023101512,1787,0.0,0,32.0,36.7000007629395,9,5.139416799151565,1.9611469813097193,-0.5348364819910068,2.727288030260097,0.0,6
2023101512,2074,0.1487,1,58.3899993896484,15.8800001144409,11,2.5538403264007186,0.8668336029181599,-0.018381343454095044,4.618246420450083,0.0,6
2023101512,2108,0.8732,1,73.129997253418,22.3199996948242,8,0.43104512797544664,5.440857268273813,-0.4149973906515589,3.1113019782721225,0.282,6
2023101512,2161,0.0,0,64.7600021362305,47.1800003051758,9,4.691099987401866,1.8925131196923914,-0.44894795710297647,4.7546398391466065,0.0,6
2023101512,2193,1.1238,1,37.0999984741211,2.88000011444092,23,0.8415466143924822,0.5813767634179996,-0.7846820271844003,1.6909760495051367,0.0,6
2023101512,2296,0.0,0,12.1199998855591,-0.910000026226044,12,4.347700622195059,3.760651627513355,0.6858410716246771,0.8318653737234172,0.0,6
2023101512,2429,0.0,0,30.1900005340576,12.1499996185303,12,7.821489390617175,1.993614153308886,-0.4754131740420297,4.801301906774868,0.0,6
2023101512,2553,0.0,0,60.1599998474121,36.9300003051758,7,3.303104484732595,1.5020651870174926,-0.15319413751314093,3.510498540093697,0.0,6
2023101512,2765,0.0,0,69.6800003051758,28.8199996948242,9,4.238915386027741,1.3505927766684163,0.1258936717350183,2.6216216355530775,0.0,6
2023101512,2834,0.0,0,59.4599990844727,41.3499984741211,9,7.586202835939812,0.5544355501770183,-0.036618710128651324,3.281234523773023,0.0,6
2023101512,2913,0.7429,2,35.4500007629395,29.7700004577637,7,1.3046463445514713,0.6168474166878494,0.048386977766425886,2.198294793698064,0.1568,6
2023101512,2982,0.0,0,21.8400001525879,15.4899997711182,9,8.14189798539417,0.7610520439648948,-0.09919395738157698,6.460534033653874,0.0,6
2023101512,3464,0.0,0,39.0400009155273,9.63000011444092,11,4.612471571837397,0.3705392382572765,-0.029872202568127938,5.1295711321708,0.0,6
2023101512,3572,0.0,0,67.5199966430664,18.1900005340576,12,3.2227336226525045,0.6239389455313982,0.15418224579449397,7.062294244790426,0.0,6
2023101512,3666,0.0,0,80.8399963378906,11.1000003814697,8,8.438279571824884,1.4988362851456944,-0.3087405544657081,6.874707266495064,0.0,6
2023101512,3691,0.0,0,89.0999984741211,15.7799997329712,7,4.38220406376915,0.6661095751431432,-0.4354641065443073,4.72547352124631,0.0,6
2023101512,3738,1.0667,2,109.26000213623,14.6499996185303,12,1.1548600010449364,0.47042318893707286,-0.4636171934199658,1.1264102272262964,0.0153,6
2023101512,3806,0.0,0,83.4400024414062,44.4099998474121,8,4.529914139025049,0.6711954139424076,0.003812567394854874,3.4129898915759966,0.0,6
2023101512,3865,0.5448,1,75.6699981689453,21.5599994659424,7,1.420878864771983,0.3264949676976152,-0.3068427442628316,3.332821627390227,0.053,6
2023101512,3890,0.0354,1,74.5599975585938,16.5900001525879,9,2.9275402568662523,0.6053901183869893,0.2844855370903346,1.8916923639957903,0.0,6
2023101512,3937,0.9226,2,27.5900001525879,38.310001373291,32,1.2016652213495915,1.4615406686440746,-0.8534692190749069,2.396351393264359,0.0383,6
2023101512,3967,1.3868,1,38.3400001525879,2.02999997138977,24,0.19026301249499217,0.7378347825366021,-0.8271595945071664,1.1085576214162267,0.0,6
2023101512,4068,0.38,1,91.4300003051758,8.25,12,2.310021643599163,1.4400344166351773,-0.4176415802325814,3.2415428425365653,0.0,6
2023101512,4112,0.0,0,72.370002746582,45.4500007629395,9,13.829583404290908,0.5643576260115222,-0.5990010022466631,13.681593474445872,0.0,6
2023101512,4167,0.0,0,68.5800018310547,-0.889999985694885,8,22.646122733757366,14.109334897429083,0.3093306276254559,9.789509691501408,0.0,6
2023101512,4197,0.0,0,55.1699981689453,43.5999984741211,11,5.810307955697751,1.7660402045695374,-0.5609808248217472,6.378244272525159,0.0,6
2023101512,4227,0.3797,1,47.439998626709,46.8300018310547,9,1.998122917512017,0.9556655482018329,-0.42599139389578655,5.3173771730055055,0.0,6
2023101512,4252,0.2034,1,43.0,25.5,6,2.561425384429538,1.2410076550932332,-0.3363813734127157,4.115883866194479,0.0,6
2023101512,4307,0.0,0,35.8300018310547,3.05999994277954,11,3.6270390151533025,0.357353127465051,-0.14346805666729406,4.551856764003013,0.0,6
2023101512,4337,0.0,0,38.2799987792969,0.800000011920929,11,14.140950097515631,50.9790240646684,-0.14013316591740374,7.679648429453004,0.0,6
2023101512,4490,0.7154,1,4.61999988555908,31.25,10,0.8538148596772738,1.424148756926135,-0.40680903525967155,0.6552098900352459,0.6277,6
2023101600,156,0.0,0,79.5299987792969,3.79999995231628,9,5.095302372196942,1.5728966241570326,-0.2943506643608044,4.213739431906059,0.0,6
2023101600,307,0.5586,1,110.23999786377,8.84000015258789,9,1.5852149244864873,1.9800253941624164,-0.7772463514696147,3.8964855960211073,0.4317,6
2023101600,364,0.5342,1,73.5999984741211,47.75,11,1.3974246987142276,0.43829144373437634,-0.04861646167543677,2.045189477774625,0.0,6
2023101600,389,0.0,0,59.8600006103516,28.1299991607666,10,6.156175860118347,0.9124139154672704,0.02846780352675796,4.635180686877267,0.0,6
2023101600,414,0.1551,1,40.8800010681152,37.060001373291,8,2.6931377775506427,2.3356566283122917,0.4979909515523353,0.5232590180780415,0.0,6
2023101600,513,0.45,1,14.960000038147,34.0800018310547,14,1.773412955201742,0.9982471343106256,-0.31844161158873097,0.796115569499807,0.0,6
2023101600,697,0.0,0,43.4599990844727,28.1599998474121,9,5.162363505260974,3.05617478129505,0.037460971607090804,8.288063706318862,0.0,6
2023101600,740,0.0,0,83.0100021362305,25.1100006103516,8,4.480057697606394,2.7821772956006217,-0.03497269170293168,3.8421348232460506,0.0,6
2023101600,848,0.0,0,53.3600006103516,36.3699989318848,6,4.738460787574119,1.6819025873926816,0.7149313966379301,1.9116746585127928,0.0,6
2023101600,927,0.0,0,18.9599990844727,40.9300003051758,8,3.240062603757889,0.6708213486012287,-0.2072347166243362,4.873448471052095,0.0,6
2023101600,952,0.0,0,19.7000007629395,15.2600002288818,8,13.918116905610546,2.382121054583374,-0.6024914754603434,14.505123232844317,0.0,6
2023101600,1165,0.1846,1,46.3600006103516,33.2700004577637,7,2.6077191877545305,1.2060265387658768,0.35595174425158166,1.90685605120051,0.0,6
2023101600,1188,0.1662,1,43.5800018310547,6.96999979019165,13,2.501381421314238,1.7102064255726135,-0.6675598844327696,3.1749803148996065,0.0,6
2023101600,1260,0.0,0,15.7299995422363,23.4500007629395,5,11.817453545272732,3.4393603533060264,0.055401473695388004,9.262013819899,0.0,6
2023101600,1296,0.0,0,24.1399993896484,9.0,9,7.887839339657163,3.087685717228922,-0.26262007619003686,7.006004567512075,0.0,6
2023101600,1515,0.0,0,43.3199996948242,8.32999992370605,11,3.136000836274979,1.8408968158009158,-0.07414434378455748,2.735616932247644,0.0,6
2023101600,1552,0.0,0,54.6199989318848,39.3800010681152,9,4.240849928690925,0.5295289389816658,-0.29215860943009425,6.25538168299905,0.0,6
2023101600,1633,1.3197,2,104.319999694824,19.8099994659424,19,0.2284725820848232,1.2317464398133613,-0.10985429632050564,1.8867962264113163,0.1265,6
2023101600,1678,0.0,0,82.4899978637695,7.13000011444092,10,5.486166555309827,1.7944933207547575,-0.2657619994546199,5.209625706324773,0.0,6
2023101600,1750,0.3448,1,95.9400024414062,7.48000001907349,9,2.106416426426759,1.0107401362479034,-0.3764843770238631,2.8485961454723627,0.0,6
2023101600,1825,0.0,0,82.9700012207031,38.25,13,3.2236773230892712,3.0901306124741375,-0.6265349695476101,2.160092590608097,0.6013,6
2023101600,1850,0.5073,1,71.629997253418,42.0299987792969,6,1.6260352884505493,0.40804151257638793,0.5135725270446992,2.5500196077677573,0.3303,6
2023101600,1887,0.3326,1,60.4099998474121,3.17000007629395,14,2.209072113642171,1.0062304875158405,0.25446203857590066,5.236458727040633,0.0,6
2023101600,1917,0.0,0,32.060001373291,1.20000004768372,20,5.222278344895699,2.384217976010975,0.6815782168549304,2.6600187969260656,0.0,6
2023101600,1974,0.0,0,73.2699966430664,36.9900016784668,7,14.937198126771706,0.7353913263332097,0.40993270923304137,17.946966317458777,0.0,6
2023101600,2053,0.7201,1,44.439998626709,36.8800010681152,9,1.0519026239401206,0.9090655079032046,-0.04159226536532479,0.514781507049348,0.5223,6
2023101600,2076,0.0407,1,59.2599983215332,2.44000005722046,16,2.920272396655718,0.43185754235912865,-0.10706934882563539,4.57587150169233,0.0,6
2023101600,2111,0.1156,1,73.0800018310547,4.19999980926514,12,2.6533359375983827,0.9121386237298781,-0.3082312591218994,3.070846788753872,0.0,6
2023101600,2179,0.0,0,71.4100036621094,12.7299995422363,9,4.336829276257073,0.5756701549784635,-0.20227862911054895,5.376625335654329,0.0,6
2023101600,2220,0.0,0,95.2099990844727,25.6000003814697,6,3.027887727336703,0.26419788100146435,-0.2695054632903186,4.181985174531349,0.0,6
2023101600,2370,0.0,0,73.9899978637695,38.689998626709,11,4.216263617350971,1.4073000593468483,0.07933583385192411,3.3909438214161045,0.0,6
2023101600,2507,0.0,0,62.9099998474121,18.1900005340576,6,3.369332236399153,1.809364539872283,-0.15126347676875604,2.803158932347574,0.0,6
2023101600,2532,0.0612,1,49.9300003051758,23.8299999237061,9,2.8214355361770065,0.8246213767779852,-0.08116582699861417,3.663686667825189,0.0,6
2023101600,2579,0.0,0,37.5299987792969,21.5799999237061,8,3.5922128913850773,0.7694142479273932,-0.16602573400268428,2.672002994010296,0.0,6
2023101600,2627,0.0,0,27.1499996185303,44.25,9,3.1363988553509095,0.2983283069836299,-0.3740135693399574,4.877396846679589,0.0,6
2023101600,2674,0.1849,1,10.0900001525879,44.3300018310547,9,2.5821318005910485,3.228761767500504,-0.03636832799740364,1.1377170122662288,0.1875,6
2023101600,2835,0.0,0,55.5200004577637,48.3400001525879,9,3.1333691496189138,0.14764870599195917,0.13753542520630252,2.588976631798752,0.0,6
2023101600,2865,0.0,0,43.310001373291,21.7800006866455,12,3.5981807958995544,1.604619866630146,-0.6239815460700215,2.6764902391004513,0.0,6
2023101600,2940,0.0,0,26.4799995422363,6.3600001335144,9,3.67783857393548,1.7140008812037857,-0.5949365341632783,4.188961685191211,0.0,6
2023101600,3038,0.0,0,0.860000014305115,42.6199989318848,14,3.066870648816756,2.68337378303993,0.6313373671137702,2.5598632775990238,0.0,6
2023101600,3168,0.0,0,80.1600036621094,26.8700008392334,10,6.028613552422726,2.6577079704518214,-0.179537536983405,4.000499968753905,0.0,6
2023101600,3298,0.0,0,21.8799991607666,24.0200004577637,7,7.601559797340303,1.620493637981431,0.3884360662199565,2.5460754112948036,0.0,6
2023101600,3357,0.5129,1,8.28999996185303,8.72000026702881,18,1.5498708582577734,1.5357408980842648,-0.3992706157419233,1.0568822072492294,0.0317,6
2023101600,3421,0.0,0,56.5299987792969,46.2999992370605,17,9.161577166746568,0.752860264513271,0.5809616316783814,1.567801007781281,0.0,6
2023101600,3541,0.0,0,41.0900001525879,20.2299995422363,11,3.578057665595291,2.953116678539061,-2.052312772480391e-05,4.408049455257965,0.0,6
2023101600,3599,1.0821,1,50.189998626709,34.4099998474121,9,0.26400888763624597,2.024747933229494,0.13931700500078886,2.7821035207195286,0.3566,6
2023101600,3755,0.4879,1,115.98999786377,19.2199993133545,9,1.5363913879653834,1.2108281036792683,-0.5080352493243908,1.4235167719419455,0.0,6
2023101600,3778,0.0,0,106.610000610352,8.42000007629395,10,4.308746304422898,0.1199993896480252,-0.26129983161204395,6.552167580274484,0.0,6
2023101600,3803,0.0,0,108.589996337891,11.2799997329712,6,3.600693917155696,0.8386331159066055,0.21957083255991647,2.397185850116758,0.0,6
2023101600,3898,0.0,0,85.8099975585938,9.35999965667725,11,4.560392274046484,2.150346879523574,-0.31126513756850094,5.870689908349784,0.0,6
2023101600,4008,0.0,0,56.9500007629395,6.13000011444092,13,8.318088226248545,4.7692869161221525,-0.2839072777935335,0.9278469701410866,0.0,6
2023101600,4053,0.3518,1,42.6100006103516,48.2099990844727,12,2.3158795367129783,0.6103273807720154,0.5285004306820662,1.2200409829181973,0.0,6
2023101600,4105,0.0,0,39.8899993896484,36.0099983215332,6,4.090050574925393,0.8784633571619141,-0.09001722896190441,7.101802588075786,0.0,6
2023101600,4182,0.0474,1,31.1399993896484,9.80000019073486,13,2.8577259104580306,2.218828120186186,-0.5080375657424675,3.6858241954819295,0.0,6
2023101600,4288,0.8367,1,9.88000011444092,51.6399993896484,23,1.3780052036802777,0.8514695660479698,-0.6817844964147881,1.1232987136109445,0.0,6
2023101600,4456,0.0,0,41.0499992370605,15.8500003814697,10,3.7915836270697003,4.266814652459538,0.19977574968950104,0.48270073544588404,0.0,6
