game_id,play_id,crp,n_defenders_in_radius,ball_land_x,ball_land_y,num_frames_output,min_def_dist_arrival,rec_dist_to_ball,rec_closing_v,sep_at_throw,crp_at_release,week
2023091400,56,0.0,0,81.8099975585938,36.7700004577637,10,4.467804707029307,4.882149240266009,-0.1690121352324752,4.74040082693436,0.0,2
2023091400,151,0.1434,1,34.2700004577637,38.3300018310547,29,2.569708284677205,3.5124065054948583,-0.9080356366561468,2.6044001228689893,0.0,2
2023091400,293,0.0,0,48.8899993896484,14.6800003051758,18,5.393514868498959,3.0893371305590276,-0.5952922251874951,2.0012246250733563,0.0,2
2023091400,318,0.0,0,48.2799987792969,14.3800001144409,7,9.627067143554152,4.874105210491164,-0.04721585660712502,8.100055555365039,0.0,2
2023091400,366,0.0,0,59.2799987792969,25.6599998474121,11,3.681318607436006,4.259073784659664,-0.41700916790245673,0.9152595260361921,0.0,2
2023091400,431,0.8656,1,83.3899993896484,50.8699989318848,18,0.9879263505558994,2.5742180748531522,-0.7467764103409846,1.7813758727455593,0.0,2
2023091400,461,0.0,0,99.7799987792969,35.7799987792969,8,11.171292329648201,4.97690597323371,-0.38013154850381,8.364807230295273,0.0,2
2023091400,685,0.4927,1,47.5800018310547,28.9200000762939,13,1.5220068973992855,3.112621076688359,-0.20234272944966405,6.552098900352463,0.0,2
2023091400,779,0.0,0,45.5200004577637,13.2299995422363,8,3.43093345151951,0.7269116642532374,0.05816438612067786,4.172349458039199,0.0,2
2023091400,928,0.0,0,61.5400009155273,46.5299987792969,10,4.673885900578124,0.33376710769642526,-0.3327548827306541,5.3719456438054145,0.0,2
2023091400,953,1.0436,2,51.5900001525879,17.25,10,1.245231006439948,0.5603569419073591,0.48144152587501804,4.765553483069934,0.0,2
2023091400,1000,0.1725,1,53.3199996948242,45.939998626709,9,2.5355857229638334,0.45044398128446467,-0.19347896481450108,2.2562136423663413,0.0,2
2023091400,1025,0.0,0,43.9799995422363,24.4599990844727,9,3.6431432663138397,1.4669690415773282,-0.26845263073774805,3.069543940066669,0.0,2
2023091400,1072,0.0,0,22.6399993896484,42.0099983215332,10,3.986387617834852,0.728970574685991,0.21029063411879872,2.7460881267723387,0.0,2
2023091400,1105,0.0,0,15.0200004577637,21.3299999237061,8,5.462454123158181,0.5215366546830392,-0.18282568513928996,6.602120871356417,0.0,2
2023091400,1213,0.0,0,39.9099998474121,40.4799995422363,8,11.10690761376553,0.22022741181623648,-0.3820668994509271,10.926829366289201,0.0,2
2023091400,1420,0.0,0,87.1900024414062,15.289999961853,9,8.703881751228854,0.13928479480833858,-0.26694182755597395,6.336718393616684,0.0,2
2023091400,1588,0.2317,1,82.7200012207031,40.6399993896484,10,2.5299003442734374,0.8895515666603548,-0.18957609852934956,3.1902351010544647,0.0,2
2023091400,1645,0.9032,2,63.4900016784668,34.3800010681152,7,1.343019847278764,1.090735336189473,-0.17376653426692873,3.0793830550939933,0.2059,2
2023091400,1677,0.1288,1,60.1699981689453,9.35000038146973,10,2.628400921321116,1.7394816567082494,-0.31641451593013614,5.398082993063366,0.0,2
2023091400,1702,0.0136,1,56.1399993896484,5.13000011444092,9,2.973213436406481,1.79025127479999,0.5686488990247713,2.835207223467095,0.0,2
2023091400,1725,0.0,0,54.0800018310547,49.4900016784668,13,13.59709035894277,0.25318132090693035,-0.33753032590608945,4.00312378024962,0.0,2
2023091400,1767,0.0,0,13.5,1.83000004291534,25,5.537192415973364,8.837748565712348,0.504716271093822,1.1461239025515522,0.0,2
2023091400,1962,0.0,0,58.5,48.9700012207031,10,6.704654625880849,0.5787042916966205,-0.621402195721093,10.07908726026321,0.0,2
2023091400,2247,0.0,0,96.0999984741211,45.2799987792969,11,7.452997945065091,0.8949844887545791,0.6626859084660564,12.308842350115622,0.0,2
2023091400,2364,0.0,0,86.7200012207031,40.1699981689453,27,3.5047418422565966,0.10197883418648296,-0.9101092875080142,2.627318024145532,0.0,2
2023091400,2450,0.5787,1,72.4400024414062,6.30999994277954,13,1.2638457163762438,0.11401991294749436,-0.29101883607397344,4.194901667500678,0.0,2
2023091400,2475,0.0,0,74.6600036621094,40.8899993896484,11,4.043170758843885,0.3721595878153152,-0.1622863439294652,7.100563357931536,0.0,2
2023091400,2500,0.8365,1,66.1399993896484,14.2700004577637,9,0.49040735245144196,0.4825971025394648,-0.08422058392304922,0.5239274758971942,0.5201,2
2023091400,2523,0.5421,1,30.2000007629395,29.3999996185303,24,1.373645222688744,0.6685064356406056,-0.3138834665084962,1.2121056059601383,0.0,2
2023091400,2587,0.1353,1,42.1100006103516,15.25,9,2.6990363948894265,1.9678663226372308,-0.4019956339111645,6.514384084470305,0.0,2
2023091400,2645,0.0,0,32.3199996948242,9.22000026702881,8,7.270832139603359,1.453616558061332,-0.6657872583467147,7.316809413945397,0.0,2
2023091400,2694,0.0,0,34.8400001525879,45.6300010681152,11,3.837095597918366,0.5854909496318222,-0.23308346001753355,6.212567907073536,0.0,2
2023091400,2768,0.0,0,75.1399993896484,50.5499992370605,8,5.772910517274169,3.0914237569990166,-0.19518284813618106,4.1345858317369615,0.0,2
2023091400,2793,0.8282,1,70.8300018310547,35.8899993896484,10,0.8728104021209456,1.2287373234991679,0.3953365854704437,3.7681958547825043,0.0,2
2023091400,2885,0.0,0,32.4300003051758,41.5200004577637,8,3.1672381936426404,2.66595146214001,0.0114368266080649,6.377538710192204,0.0,2
2023091400,2976,0.0,0,59.0999984741211,13.75,11,7.275780878795253,1.0143485849352427,-0.4037623927291314,2.9508303916016545,0.0,2
2023091400,3072,0.5032,1,40.8699989318848,47.439998626709,11,1.490300313909217,1.0751729568818853,-0.3402583662274284,3.030264014900353,0.0,2
2023091400,3117,0.0,0,38.5499992370605,39.0499992370605,11,3.53171240231654,2.168893519685221,-0.26827864147210895,2.49176644170356,0.0,2
2023091400,3333,0.0,0,45.6100006103516,25.8400001525879,12,5.641426847168051,2.206376554582335,-0.32249827988559937,1.8172781845386254,0.0,2
2023091400,3356,0.8455,1,30.7399997711182,22.2600002288818,11,1.4561935851339936,1.9201044618481358,-0.2699188194156755,1.4068404316055172,0.3699,2
2023091400,3413,0.5719,2,71.4700012207031,31.7600002288818,9,1.5435341823939217,1.2271091940751513,-0.2802811650452254,0.9873196037758014,0.0,2
2023091400,3438,0.0,0,80.4400024414062,43.5299987792969,13,6.453593167415809,1.2317453199467256,-0.5590575958078602,4.593147069276144,0.0,2
2023091400,3486,0.0,0,97.9000015258789,47.7799987792969,17,3.5503505866792806,2.0165808734571513,-0.7323936879151587,1.0568348972285166,0.0,2
2023091400,3516,0.0,0,115.279998779297,43.6300010681152,14,14.31888327053605,1.9244228704735322,-0.5488293335720485,4.560043859438191,0.0,2
2023091400,3668,0.0528,1,67.5599975585938,12.5799999237061,8,2.8426900432750504,3.4101301274692712,-0.23359880818877923,1.7805897899291716,0.0,2
2023091400,3813,0.0,0,38.3800010681152,45.1500015258789,11,3.5632836142187987,1.7273371362177357,-0.2197650094222837,5.281401329192852,0.0,2
2023091400,3836,0.7851,1,45.5099983215332,16.9200000762939,10,1.0504285123281856,1.0543728842102402,-0.040664597550485355,0.891964124839107,0.0,2
2023091400,3927,0.0,0,41.0499992370605,44.8699989318848,9,11.96095738345948,1.9092419830793907,-0.5215619019377206,11.257055565288823,0.0,2
2023091400,3950,0.0,0,42.4500007629395,19.7000007629395,9,11.470526461105504,1.9331319603241013,-0.452956473785871,9.390788039350047,0.0,2
2023091400,3975,0.0,0,57.9500007629395,19.7999992370605,8,5.455171741890587,1.2681077512095515,-0.08739374240249133,1.6381086655042136,0.0,2
2023091400,4000,0.0,0,65.3300018310547,19.0400009155273,7,6.9039827589439176,1.6268975061784159,-0.22399066445586405,6.506688866082348,0.0,2
2023091400,4084,0.1905,1,104.139999389648,26.0300006866455,14,2.4283741787544515,1.850000118771709,-0.6555517398345267,1.4436758638974339,0.0,2
2023091400,4107,0.8155,1,101.230003356934,7.75,15,0.5536253916053285,2.4118220843609217,-0.7017722390689944,2.834783942384319,0.0,2
2023091400,4132,0.302,1,107.519996643066,15.4300003051758,11,2.1567135541154245,1.451347552038936,-0.23856985156858543,1.4066271716414411,0.0,2
2023091700,111,0.0,0,22.7700004577637,18.7999992370605,12,5.7384675838748995,5.422664914822127,0.438647294958988,3.988295375219842,0.0,2
2023091700,430,0.0,0,38.2900009155273,7.90999984741211,8,5.798705852691734,1.6113653660472012,-0.62056580371328,6.007878161214656,0.0,2
2023091700,453,0.7425,1,49.4799995422363,22.9200000762939,8,1.0466132055184354,0.375899074807551,-0.38526153286657505,3.6629223305988887,0.2548,2
2023091700,522,0.0,0,82.25,45.4599990844727,11,3.239891374439131,0.890505669774887,0.38903478290612786,3.925633706804545,0.0,2
2023091700,545,0.0,0,68.0199966430664,7.21999979019165,11,13.840825488191115,1.9054150157856147,-0.5189084834922332,8.815554435201447,0.0,2
2023091700,597,0.0,0,87.629997253418,21.6000003814697,8,5.103921936562982,0.7702624520270804,-0.3424085552051348,4.378915390824542,0.0,2
2023091700,855,0.0,0,86.5699996948242,22.7199993133545,8,4.723059751295474,0.6981397236886496,0.03805656047096539,3.397793401606402,0.0,2
2023091700,924,0.0,0,70.6100006103516,40.8300018310547,7,9.726897631651383,1.8203563467100916,-0.5560745897341073,6.1523735257215915,0.0,2
2023091700,989,0.108,1,43.6500015258789,13.4700002670288,12,2.6759845873930783,5.0820651315018095,0.49678733386946683,7.17885784787525,0.1948,2
2023091700,1076,0.0,0,94.7200012207031,20.5,7,3.6266364268372207,2.2125313656413814,-0.2049606272802024,4.843655644242272,0.0,2
2023091700,1311,0.0278,1,80.3199996948242,20.7999992370605,14,2.9264307074987257,3.1344052586868942,-0.632856681573256,3.451448971084457,0.0,2
2023091700,1358,0.2587,1,57.6699981689453,38.6100006103516,7,2.2811600875910703,0.36013942138536004,0.599944694490003,4.863846214674147,0.0,2
2023091700,1427,0.1821,1,45.2000007629395,10.5299997329712,9,2.453752585675628,4.580229567309127,-0.5019259117975945,2.385225356229467,0.0,2
2023091700,1457,0.1493,1,54.0299987792969,38.7299995422363,9,2.5519612687382667,2.0197289245318424,-0.5981569569923512,3.238826948140328,0.1445,2
2023091700,1546,0.0188,1,75.1600036621094,33.189998626709,6,2.9437373647909966,2.3728649403026525,-0.20344412077163535,0.8720665112249156,0.0,2
2023091700,1593,0.0,0,87.0299987792969,37.5200004577637,8,5.225754683753516,2.487268037802043,-0.6012944660962533,7.261108730765578,0.0,2
2023091700,1728,0.0,0,86.5899963378906,10.9799995422363,7,5.4311105304201925,1.832729546926277,-0.047537986752838844,6.472874168404647,0.0,2
2023091700,1809,0.0398,1,53.2999992370605,34.8300018310547,7,2.9093141886819045,3.515179391464749,0.13569203962575668,4.558069766907921,0.0,2
2023091700,1856,0.0,0,41.4199981689453,42.3400001525879,6,3.678326723075693,1.5533172667724195,-0.09138435415530882,4.253151772509417,0.0,2
2023091700,1959,0.0,0,16.7199993133545,29.4899997711182,6,3.554856525428581,2.381700377958827,-0.41108310103362483,3.7207526120396652,0.0,2
2023091700,1984,0.0,0,10.3299999237061,10.0900001525879,8,4.03491022608088,2.9788085347778726,-0.2027644060662775,0.9044335243676003,0.0,2
2023091700,2147,0.6273,1,42.4799995422363,2.65000009536743,8,1.7924565768336653,5.846383937649722,0.3540860657549995,1.2306502346320838,0.5109,2
2023091700,2170,0.0,0,33.6800003051758,40.4000015258789,8,3.9843689889663385,1.7376120815222231,-0.41450086129045205,4.470402666427264,0.0,2
2023091700,2193,0.3574,1,41.439998626709,24.5,9,1.9278239522948832,9.634158977233565,-0.08319014534685919,2.9806207407182814,0.4275,2
2023091700,2258,0.0,0,66.629997253418,10.0299997329712,12,5.537298060815261,2.7041610231830178,-0.6618519595500645,6.199395131785036,0.0,2
2023091700,2307,0.0,0,49.2900009155273,50.6199989318848,15,8.742980524939657,2.867753060706092,-0.4461768373481914,7.458149904634527,0.0,2
2023091700,2337,0.0,0,53.7000007629395,35.560001373291,6,19.56651589132236,1.5572406505117073,-0.3196171816461558,18.40225257950776,0.0,2
2023091700,2395,0.2923,1,27.9599990844727,31.4400005340576,11,2.1230157081432033,1.553961617014584,-0.06931484191348339,1.86045693312154,0.0,2
2023091700,2859,0.0,0,39.560001373291,45.8699989318848,10,4.469721378800314,0.7969959849965672,-0.540553625536912,5.920033783687389,0.0,2
2023091700,2911,0.0,0,23.5300006866455,7.03999996185303,11,3.743702064372907,0.7747259977256389,-0.5980133781704597,5.29385492812185,0.0,2
2023091700,2941,0.0,0,14.1300001144409,46.9500007629395,13,5.377528037721368,0.6082767058197184,0.053605436634211155,3.913489491489662,0.0,2
2023091700,3163,0.6566,1,26.8700008392334,43.0200004577637,26,1.0301950044201647,0.8825537482046839,-0.8409816796660166,7.504165509901813,0.3121,2
2023091700,3232,0.0,0,16.5499992370605,7.3600001335144,9,3.2348254582694946,1.0526152787314214,-0.5706099946707269,4.090990100208017,0.0,2
2023091700,3328,0.0,0,57.7400016784668,46.9199981689453,20,4.585367635217893,3.2206357444446825,0.8459192951138915,1.441700384962144,0.0,2
2023091700,3373,0.7091,1,41.6199989318848,5.82999992370605,10,0.8728113872501588,1.8906614056576567,-0.2492030359278029,0.5597320787662625,0.0,2
2023091700,3506,0.0,0,57.3499984741211,45.6699981689453,10,8.540401610104222,0.3008343500300994,-0.32505660711718193,7.854501893818602,0.0,2
2023091700,3585,0.1114,1,23.7199993133545,35.4500007629395,8,2.6659322697593653,0.3373417258559823,-0.36684863039719856,3.2607514471360743,0.0,2
2023091700,3781,0.5368,1,62.9199981689453,7.82999992370605,15,1.3894589931493047,0.7022802999032872,-0.3628606171825067,0.8988882021697726,0.0,2
2023091700,3843,0.0,0,55.25,6.61999988555908,10,4.427200005403856,0.8091972206494268,0.13604003448168217,5.64836259459323,0.0,2
2023091700,3873,0.0,0,49.8499984741211,37.0299987792969,8,4.206898071244386,0.5456193397149562,0.2449919496676755,3.4847238054112757,0.0,2
2023091700,4143,0.0,0,45.439998626709,42.9000015258789,11,4.3167702437735365,3.9497474129960577,0.1857539230111788,1.7110523077919049,0.0,2
2023091700,4189,0.0,0,64.1900024414062,52.8600006103516,22,4.570604170715019,3.9902154513447785,0.71035748215513,2.298630026776819,0.0,2
2023091700,4212,0.5539,1,47.1800003051758,27.7600002288818,11,1.4483780880691182,0.7495328959244832,0.12518170192205919,0.7963039620647375,0.0,2
2023091701,102,0.6531,1,56.439998626709,4.65000009536743,17,1.04077032244226,1.1463433044472486,-0.7327931257974736,1.6234839081432249,0.0,2
2023091701,339,0.0,0,27.6499996185303,25.8899993896484,8,9.166243119080551,1.9389172137699398,-0.05296489022201806,7.168465665677697,0.0,2
2023091701,415,0.0,0,34.0,4.55999994277954,10,5.138190346142099,1.4148144427107219,-0.28411983099377797,2.7642177917088953,0.0,2
2023091701,487,0.0,0,23.8199996948242,40.6100006103516,8,3.410937618994815,0.7849197016183779,0.02326679313667698,1.9674348782107107,0.0,2
2023091701,512,0.0,0,17.4899997711182,37.3899993896484,5,7.888605055404531,2.0096016389458793,0.12565406259329517,3.494638751001313,0.0,2
2023091701,637,0.0,0,41.8499984741211,17.5900001525879,8,6.208463316892865,2.771427014470259,0.034229020233767275,6.279402837850109,0.0,2
2023091701,662,0.0,0,57.0200004577637,2.61999988555908,16,4.599184916886854,2.4812901162236907,0.40142146976675597,2.6153584840323507,0.0,2
2023091701,757,0.0,0,93.8300018310547,39.6699981689453,8,11.728819878703785,1.7700308138668168,-0.41455056018396674,9.835918869124532,0.0,2
2023091701,782,0.4289,1,87.879997253418,30.7600002288818,5,1.779128950211213,1.5984028006323,-0.15196912744242239,1.2603570922559948,0.2707,2
2023091701,807,0.0,0,83.370002746582,46.2099990844727,10,8.006924546044086,1.0394736175678805,-0.06984345280222351,7.667105059929718,0.0,2
2023091701,832,0.0,0,76.4199981689453,14.4300003051758,9,4.893146900572203,2.3063816244310615,-0.029145204705085706,5.2623283819997395,0.0,2
2023091701,857,0.0,0,58.2599983215332,10.3900003433228,13,3.677935870783417,0.578705256075983,-0.1897448014223443,6.628883767271832,0.0,2
2023091701,936,0.0,0,70.5899963378906,38.7700004577637,7,4.757702711622174,0.6338805488296276,-0.3059344968419482,6.785933981405947,0.0,2
2023091701,1039,0.4228,1,116.139999389648,44.3899993896484,13,2.08216148162105,0.9489473055818709,-0.2695508815889017,3.814249598544907,0.0,2
2023091701,1105,0.5789,1,46.0499992370605,51.4099998474121,31,1.2632094461564487,1.0804622847558463,-0.8962387146591412,1.0381714694596462,0.3155,2
2023091701,1169,0.4138,2,70.5199966430664,39.0800018310547,14,2.437727527194305,1.3036066326542566,-0.6641895181889962,5.863795699033172,0.0,2
2023091701,1194,0.0,0,65.8000030517578,23.0,7,6.709137518722236,0.7002887065134199,-0.29575030530671675,7.465929279065002,0.0,2
2023091701,1243,0.488,1,42.4599990844727,49.5699996948242,14,1.9795201978317487,1.0468997781587461,-0.6445283267985876,2.008008964123415,0.0,2
2023091701,1317,0.0,0,26.4500007629395,4.6399998664856,15,10.786107556398047,6.393622364608677,-0.4444185249377347,2.2536414976655004,0.0,2
2023091701,1395,0.0,0,56.5699996948242,44.5499992370605,7,11.867981667669348,1.9386857998696152,-0.4200023382533661,9.00988346206542,0.0,2
2023091701,1447,0.0,0,77.2200012207031,42.060001373291,10,10.16803308421848,1.417672447736371,-0.48240242752529944,6.875732688230391,0.0,2
2023091701,1573,0.0,0,102.620002746582,47.2099990844727,11,3.000169103308315,0.8420237694558662,-0.30964908551020776,4.472717294889089,0.0,2
2023091701,1697,0.4206,1,71.0100021362305,23.3400001525879,11,2.076849805535005,2.843819944088298,0.1510174670107091,3.01272302079032,0.3456,2
2023091701,1727,0.0,0,51.9599990844727,37.5699996948242,6,5.236459517887169,1.5519349671732139,-0.2860188021200719,7.208196723175633,0.0,2
2023091701,1752,0.0,0,71.5500030517578,46.9000015258789,13,3.70107844951507,1.2912364882982699,-0.3968532025380958,1.8183783984638622,0.0,2
2023091701,1811,0.0,0,78.6800003051758,44.6599998474121,8,10.215404718404011,0.6200804922706731,-0.5161249812684069,7.619087871917485,0.0,2
2023091701,1908,0.0,0,95.2900009155273,5.44999980926514,13,5.232399320622659,2.4566025396991797,-0.4113362790077294,4.275383023776932,0.0,2
2023091701,1938,0.8033,2,114.209999084473,17.5599994659424,10,1.150172993793245,0.5980795924582828,0.5523209339773879,2.683766010664869,0.0,2
2023091701,1961,0.6419,1,106.769996643066,22.75,9,1.7492868350171076,0.42426739190731105,-0.15711405034528556,2.3811971778918246,0.1772,2
2023091701,2018,0.0,0,81.0899963378906,20.1499996185303,8,9.858364528638473,0.7470578512122914,0.011385257541946076,8.091390486189637,0.0,2
2023091701,2055,0.3911,1,72.370002746582,4.63000011444092,12,1.8317504176184007,1.1649915984705737,-0.4174954175292007,4.21142493700173,0.085,2
2023091701,2168,0.0,0,59.6500015258789,11.0200004577637,10,5.707887812709102,0.9374417462383632,0.05646073263791874,6.476542287362912,0.0,2
2023091701,2267,0.0,0,82.7699966430664,6.32000017166138,12,3.381081085387523,1.4596251557880413,-0.6237651897603074,6.275866474041653,0.0,2
2023091701,2337,0.4178,1,98.0899963378906,4.05999994277954,10,1.8352146116767811,0.06324434095303129,-0.467099414479952,2.5387004549572256,0.0,2
2023091701,2435,0.0,0,101.879997253418,48.2000007629395,9,8.474204823687382,1.6032780426943036,-0.5323374117486989,10.498009335107295,0.0,2
2023091701,2465,1.4495,2,112.269996643066,17.1000003814697,7,0.7930985529228255,0.2247204990309044,0.06444520217704265,3.0968370961353435,1.0593,2
2023091701,2566,0.0789,1,78.5199966430664,38.3400001525879,6,2.7948491200805776,0.47853649509239593,-0.043939122454004526,4.221433405846888,0.0,2
2023091701,2591,0.1716,1,66.5500030517578,37.7400016784668,10,2.5761434140083197,0.3220283217394912,-0.07800597437552464,1.912616009553408,0.0,2
2023091701,2616,0.9087,1,58.6500015258789,34.8199996948242,9,0.7902546571189032,0.4071869753719776,-0.12069885362872007,2.1411445537375595,0.6659,2
2023091701,2675,0.0,0,66.2099990844727,2.20000004768372,10,14.333130090771059,1.6736197502277599,-0.4271849587257634,13.704196437588008,0.0,2
2023091701,2705,0.0,0,72.0299987792969,7.48999977111816,10,4.521339539392068,0.5755878342894085,-0.37041097076490587,3.2600613491159858,0.0,2
2023091701,2752,0.0641,1,93.8600006103516,25.1599998474121,9,2.8693209838437026,0.3501422222555085,-0.2759497455035389,7.437344956367164,0.0,2
2023091701,2777,0.0,0,94.2200012207031,33.060001373291,5,6.606185901341985,0.5478132019243626,0.13137937915063921,5.993479790572425,0.0,2
2023091701,2953,0.0,0,44.8300018310547,14.1499996185303,8,3.1292955723480875,0.11401836556717837,0.40502909038436535,3.5916709203377772,0.0,2
2023091701,3000,0.0,0,50.5900001525879,27.6399993896484,7,4.661544640073374,0.6500006103516186,0.27890987212828666,7.203388091724613,0.0,2
2023091701,3025,0.8828,2,66.6600036621094,49.060001373291,17,1.621114101910106,0.43046731087065226,0.18837667965375202,2.18213198500916,0.0,2
2023091701,3144,0.0,0,85.5100021362305,37.6599998474121,12,6.8822763542869545,0.42202058758711825,0.07209184984165498,6.991916761518252,0.0,2
2023091701,3521,0.0,0,69.4199981689453,27.9799995422363,15,3.2331099734947797,0.3748340412439434,0.13493541835582354,4.962358310319802,0.0,2
2023091702,55,0.0,0,82.4400024414062,35.4099998474121,7,5.69036228977532,2.5128491150593533,-0.3779766499595056,3.450000000000003,0.0,2
2023091702,134,0.3665,1,64.4300003051758,6.65000009536743,13,1.9005528708723736,2.2455514488841524,-0.6540330178274917,1.1684605256490297,0.0,2
2023091702,164,0.0,0,60.6300010681152,29.7000007629395,7,4.373054222023893,2.4547309936325257,0.1744406449013629,3.6760984752859955,0.0,2
2023091702,189,0.0,0,57.6399993896484,34.8800010681152,7,9.23722870986109,0.4579295358899981,0.07821319397481002,11.671610857118223,0.0,2
2023091702,336,0.0,0,13.4200000762939,33.4300003051758,7,3.2979536564371537,1.4600343245560352,-0.29824874593144274,2.5544079548889624,0.0,2
2023091702,504,0.0,0,34.3499984741211,31.2700004577637,8,4.181508393154208,3.23519756580603,0.06287184721778395,2.5503333115496893,0.0,2
2023091702,529,0.7335,1,61.5099983215332,2.36999988555908,21,0.9982488978828967,1.2803526547537787,-0.677020597192157,0.9433981132056598,0.0,2
2023091702,584,0.0,0,68.6800003051758,37.4000015258789,8,3.3781638490773966,0.8649261866494964,0.41965817070705164,3.575150346488938,0.0,2
2023091702,638,0.0,0,51.6399993896484,6.67999982833862,10,3.8730343618801797,2.53797115510648,-0.2423269435207739,1.9876870981117754,0.0,2
2023091702,663,0.1505,1,2.08999991416931,18.5699996948242,30,2.7469619307753055,2.3703376196760733,0.9146795193274186,1.3282319074619457,0.0,2
2023091702,686,0.4757,1,45.939998626709,33.9599990844727,8,1.5729256708498598,1.1307061681097612,-0.1883588395509893,0.9676776322722364,0.0,2
2023091702,711,0.0,0,22.5100002288818,49.1199989318848,24,3.590890172823152,2.298955207033563,0.3617388492064123,2.3832121181296446,0.0,2
2023091702,842,0.0,0,53.1300010681152,20.8199996948242,6,13.201241623484272,0.9166238102929337,-0.4075398680917857,13.85266761313503,0.0,2
2023091702,1177,0.4402,2,46.4099998474121,30.7199993133545,9,1.968172385116994,0.3801312832180092,0.1161172059305413,4.916929936454251,0.0,2
2023091702,1228,0.0,0,53.2400016784668,34.0800018310547,10,3.5608135163984325,1.6589440648082252,-0.2677726846604372,3.2724914056418806,0.0,2
2023091702,1327,0.0,0,81.5899963378906,5.09000015258789,11,4.5453309361481535,0.9408543312182198,-0.15237452661791795,4.83489400090633,0.0,2
2023091702,1556,0.0,0,47.6199989318848,6.71999979019165,10,4.1149108896539515,2.167809218951229,-0.3747684941891709,1.8613167382259241,0.0,2
2023091702,1590,0.0,0,39.5999984741211,37.7700004577637,10,4.3100004577639695,1.6003110287679876,-0.2714351480897237,2.8887713651308604,0.0,2
2023091702,1681,0.0,0,28.2900009155273,42.4099998474121,8,10.559782823150046,0.4554117439946696,-0.5724226427124136,9.458927000458349,0.0,2
2023091702,1706,0.0,0,26.8600006103516,44.1199989318848,8,9.704993693818063,0.2555398768560764,-0.5981325855494488,10.29734917345236,0.0,2
2023091702,1736,0.7817,1,9.27000045776367,50.2099990844727,13,1.1007261341778345,0.8440369159170735,0.39557542978584737,1.3618002790424188,0.3122,2
2023091702,1878,0.6468,1,59.9000015258789,23.6900005340576,9,1.5357392504829228,0.6140016432273866,-0.008982203631693789,4.9506464224381865,0.0,2
2023091702,1903,0.0,0,59.7299995422363,23.4899997711182,6,12.749055089904747,4.272248158808749,-0.44540307270303514,11.587739210044383,0.0,2
2023091702,1928,0.0,0,73.8000030517578,28.5599994659424,8,4.506747395021079,0.793220032159275,-0.5149998028242246,8.054545300636157,0.0,2
2023091702,1957,0.0,0,89.6800003051758,24.2800006866455,11,7.886831329101506,1.7449643264229753,-0.5251939792260493,3.313864813175102,0.0,2
2023091702,2094,0.0,0,86.5699996948242,27.9699993133545,9,3.243362837837333,2.0297049464886245,-0.5026792252198964,2.0003999600079916,0.0,2
2023091702,2136,0.3209,1,83.4400024414062,4.76000022888184,12,2.0372998671286546,2.6437119409163725,0.1842501718022377,7.558128075125482,0.0,2
2023091702,2298,0.0,0,71.4000015258789,36.3400001525879,9,4.69233421557197,1.9498730834354978,-0.606827587619567,2.1940145851839725,0.0,2
2023091702,2374,0.0,0,38.1399993896484,33.0999984741211,9,3.6808701788354345,0.2469817683537972,-0.20969596251405745,1.7240939649566647,0.0,2
2023091702,2399,0.0,0,39.0400009155273,8.97999954223633,9,10.41155709793754,0.4341648442004015,-0.279853164642523,9.27427625208566,0.0,2
2023091702,2429,0.1754,1,33.189998626709,40.2299995422363,10,2.6284011094142183,1.5134399086378894,-0.7564022907647403,5.784332286444129,0.2994,2
2023091702,2483,0.9016,2,11.8500003814697,26.1700000762939,13,1.0339249354256,2.155945570886847,-0.4328748910595751,1.3641847382227985,0.0,2
2023091702,2515,0.8715,2,93.0,35.1399993896484,26,1.5204280090049822,0.9170608076364134,-0.7154747637072927,1.4812157169028461,0.0,2
2023091702,2599,0.0,0,106.819999694824,15.6700000762939,7,4.296650170254582,1.9636957972361135,-0.3388655936547593,2.178302091079188,0.0,2
2023091702,2663,0.0,0,88.8899993896484,45.6699981689453,11,4.245291056545895,1.3296635390041063,-0.5278404319637016,7.4732389229837946,0.0,2
2023091702,2718,0.0,0,66.9899978637695,49.0800018310547,17,3.0591813222750557,2.432321227544351,-0.6251212806311692,4.098877895229379,0.0,2
2023091702,2792,0.6108,1,49.8199996948242,26.2099990844727,9,1.167646506550141,0.3478505426198249,-0.5828501188190763,3.3791271062213672,0.0,2
2023091702,2817,0.2451,2,34.060001373291,28.2399997711182,10,2.491604708136615,1.401178425332144,0.2977553966194683,2.78044960393099,0.0,2
2023091702,2842,0.7552,1,11.75,1.64999997615814,21,0.734370481306744,1.1034491206453627,-0.6788227361371323,1.3420134127496657,0.476,2
2023091702,2900,0.0,0,19.6700000762939,39.9199981689453,10,3.946060067440708,3.6923311502522758,-0.5220884756133304,4.3871289016850215,0.0,2
2023091702,2981,0.8569,1,7.07999992370605,5.17999982833862,15,1.1086028554272438,0.7433034684150672,0.03412748706283272,1.1923925528113632,0.0,2
2023091702,3189,0.7545,2,54.6399993896484,25.5900001525879,9,1.62996940911743,0.2996660790138147,0.07077872801744593,2.1457399656062703,0.0,2
2023091702,3246,0.7076,1,11.1800003051758,51.1199989318848,24,1.7940172409202142,1.2814052235436728,0.7041837278610165,1.1761802582937682,0.0,2
2023091702,3269,0.1308,1,37.310001373291,24.5400009155273,7,2.6861320180714485,0.19646992212696454,-0.13948000027197516,5.3215223385794435,0.0,2
2023091702,3367,0.4489,1,10.2700004577637,49.3899993896484,20,1.8840907429996296,0.33241567818931705,-0.4222047078684443,1.7760912138738805,0.0,2
2023091702,3483,0.8085,1,38.5699996948242,15.539999961853,9,1.0462315408954528,0.4257936844157628,-0.2677224385187998,4.72451055666087,0.3777,2
2023091702,3661,0.0,0,28.7600002288818,37.0099983215332,7,5.070009629731689,1.3296626645569185,-0.37656006214913096,6.100008196715806,0.0,2
2023091702,3700,0.2595,1,40.189998626709,42.3600006103516,11,2.2214423585468244,0.5821526037517855,-0.02366759753793547,1.7280335644888394,0.0,2
2023091702,3771,0.4673,1,50.0800018310547,19.4599990844727,10,2.013579926369218,0.2816018415639088,0.2902454059204636,8.312027430176107,0.5327,2
2023091702,3796,0.2848,1,67.1399993896484,4.69999980926514,11,2.145554026478119,2.730018690695137,-0.5478186053211616,2.4151397475094534,0.0,2
2023091702,3876,0.0,0,69.879997253418,22.2099990844727,8,3.7284457644723803,1.492649486732504,-0.06152471901394349,4.3226149493101955,0.0,2
2023091702,3901,0.0,0,85.6100006103516,21.3799991607666,9,3.322800375145968,0.25298281597146355,-0.5973557753317204,2.3170886905770343,0.0,2
2023091702,4016,0.0,0,110.839996337891,0.800000011920929,10,3.1310706074375863,2.6058407089191027,0.24973149090693822,0.766550715869477,0.0,2
2023091703,104,0.4743,1,64.7600021362305,3.63000011444092,13,1.914811347255797,2.2122626344768292,-0.6184861211339465,4.405144719529655,0.0,2
2023091703,180,0.0,0,56.75,14.4399995803833,8,6.136122678646912,2.261525716172835,-0.4117598383662845,8.033791134949922,0.0,2
2023091703,210,0.0,0,35.8400001525879,6.76000022888184,13,7.495492202853479,4.547637005755927,-0.3457723841239701,3.268409399080842,0.0,2
2023091703,281,0.0,0,31.3099994659424,15.9499998092651,8,6.624348497824555,3.3452199540288463,-0.28902381642012653,4.256876789384443,0.0,2
2023091703,306,0.0,0,13.9300003051758,13.6700000762939,12,3.22504292209658,1.6981169029944387,-0.4919691966906754,3.4653859813879304,0.0,2
2023091703,530,0.0,0,49.9900016784668,6.63000011444092,7,7.793649670234441,2.8722100295946995,0.25118802771865495,3.3500597009605673,0.0,2
2023091703,582,0.0,0,61.1699981689453,28.9099998474121,8,3.800632836902428,0.8881459673278614,-0.12596314542618942,6.64049696935402,0.0,2
2023091703,629,0.1286,1,83.9100036621094,3.01999998092651,15,2.6142840836892915,0.232592509772773,-0.08664017285377075,0.9758073580374437,0.2012,2
2023091703,665,0.0,0,103.680000305176,17.0200004577637,12,3.0675076425671333,1.8209887910148426,-0.4399009202253108,2.419462750281555,0.0,2
2023091703,736,0.0,0,90.379997253418,36.3800010681152,8,10.41408497278187,0.5503605746178541,-0.337354461588026,8.012496489858817,0.0,2
2023091703,913,0.0,0,28.4400005340576,21.4799995422363,7,12.179564262137639,0.4382914402508602,-0.3071446185160802,12.861430713571485,0.0,2
2023091703,980,0.0,0,78.120002746582,7.44999980926514,9,4.756577027396379,2.1745127828085633,-0.5995344751500469,7.307564573782441,0.0,2
2023091703,1008,1.0977,1,70.370002746582,22.1200008392334,7,0.6977100277659616,0.19647033764703645,0.3932500591376688,1.6900887550658372,0.7974,2
2023091703,1062,0.2869,1,63.2599983215332,16.8400001525879,9,2.1392739927239903,0.5234489795876591,-0.2398760924445824,1.8240888136272315,0.0,2
2023091703,1131,0.0,0,46.7099990844727,6.73000001907349,8,13.144066217686452,0.5162370320839815,-0.17572877416189014,16.38289962125143,0.0,2
2023091703,1183,1.0995,1,35.8899993896484,25.1000003814697,7,0.7702600391781268,0.421900024576724,0.6742181233607574,1.2535549449465733,1.21,2
2023091703,1206,0.0,0,46.5,44.0299987792969,14,7.171784699526945,0.27294706017420217,-0.06368104457815126,9.613454113896836,0.0,2
2023091703,1238,0.9702,1,75.5199966430664,50.060001373291,19,1.1513442354904664,0.3821007413963828,-0.6608912500139588,1.4499655168313494,0.0,2
2023091703,1393,0.41,1,62.0200004577637,38.5699996948242,11,1.7700287974974187,0.42801924018790966,-0.27691016447109085,3.7144582377515025,0.0,2
2023091703,1496,0.7414,1,11.5699996948242,45.5800018310547,25,1.6541476652023974,0.5604479333441997,0.038426706241778665,5.302499410655316,0.0,2
2023091703,1586,0.0,0,41.1599998474121,33.3899993896484,8,4.318078762154257,1.3227628092690848,-0.019190693042043686,4.135516896350442,0.0,2
2023091703,1611,0.0,0,54.6800003051758,11.4200000762939,11,10.422020253801799,0.63150600326004,0.6749641594014324,8.750828532201966,0.0,2
2023091703,1663,0.3496,1,63.7000007629395,48.7599983215332,12,1.9513326580722414,0.7640044172890816,-0.41786331927139336,7.0804590246678245,0.0,2
2023091703,1771,0.0505,1,91.879997253418,33.5999984741211,8,2.8507036345730485,0.8839142012635542,0.40555527212488685,1.9108636790728926,0.0,2
2023091703,1865,0.3202,1,47.8300018310547,47.439998626709,12,2.1348982511135675,0.4632471102306747,0.07688689355283808,1.4610270360263715,0.0,2
2023091703,1890,0.2049,1,58.0900001525879,4.65000009536743,13,2.385162339593516,0.8935882729344112,-0.31647162988774363,2.7333861783509468,0.0,2
2023091703,1961,0.2125,1,61.9799995422363,5.1100001335144,10,2.3625414810980154,0.8802276212909221,-0.05184303203854328,4.232280709026754,0.0,2
2023091703,1986,0.7464,1,70.5800018310547,13.6099996566772,9,1.131370251077379,0.48600537970161967,0.5213903401203747,1.7800280896660088,0.0,2
2023091703,2062,1.5123,1,27.9400005340576,2.0699999332428,22,0.6016638611847797,0.4472130879696278,0.7578250801587125,1.252996408614167,0.0,2
2023091703,2182,0.0,0,101.410003662109,2.67000007629395,14,5.671158453253951,0.7655683024776817,-0.16794079291514377,5.028419234709843,0.0,2
2023091703,2268,0.7008,1,62.8300018310547,19.5599994659424,14,1.0727991763692801,0.5366566558001488,-0.2702633207531948,1.4073023839957095,0.0,2
2023091703,2397,0.0,0,30.2999992370605,32.189998626709,9,3.197656269087817,0.8792049006498,0.12005998609266465,2.55,0.0,2
2023091703,2498,0.0,0,16.8600006103516,38.3300018310547,6,4.643889141642743,1.0307770873532263,-0.07861444439612635,4.7332441306148585,0.0,2
2023091703,2638,0.2629,1,51.2000007629395,48.6100006103516,11,2.2111753033001587,0.23999923706127096,-0.0604756028053343,2.9191265817021317,0.0,2
2023091703,2754,0.0,0,89.6999969482422,43.1800003051758,12,4.210999959678203,1.279064738007135,-0.4028161625272137,4.092383168766089,0.0,2
2023091703,2872,0.0,0,106.629997253418,-1.74000000953674,19,4.758958790104717,3.010150537846553,0.31388920073731996,3.2296903876377985,0.0,2
2023091703,2960,0.2493,1,75.5299987792969,5.65999984741211,12,2.252109186646113,0.5080342574711235,-0.27855576349723377,4.480178567869803,0.0,2
2023091703,3017,0.0,0,68.1399993896484,5.65999984741211,11,3.8934429463759663,0.7569012703658254,0.06445794359826369,2.3950782868207128,0.0,2
2023091703,3069,0.0,0,40.3300018310547,4.07000017166138,18,9.188088378272951,5.699910454264475,0.4950919659393801,0.8755569655939028,0.0,2
2023091703,3135,0.0,0,60.2099990844727,42.1100006103516,9,8.281317388803098,0.5869414524088735,-0.5837641597431671,8.234864904781373,0.0,2
2023091703,3185,0.4732,1,50.810001373291,27.9400005340576,9,1.930726611673831,0.5721901947426837,0.1283065870450856,1.0123734488813896,0.0,2
2023091703,3215,0.0,0,40.2999992370605,49.2200012207031,11,16.357460332697336,0.166431867899316,-0.29032773912496346,15.317473682040388,0.0,2
2023091703,3361,0.0,0,16.7900009155273,50.439998626709,15,6.801323551396708,0.45541259503504666,-0.3102226760053584,4.7015848391792305,0.0,2
2023091703,3506,0.0,0,36.9199981689453,31.0900001525879,7,6.841053795199404,1.6780057478442367,-0.1947106768103563,6.572822833455957,0.0,2
2023091703,3544,0.0,0,43.9500007629395,35.7700004577637,7,3.134086411522232,1.426883914366813,-0.21875365107657926,2.5627524265913775,0.0,2
2023091703,3589,0.9177,1,49.4099998474121,35.8199996948242,9,0.6806617165043141,1.7302597935706365,-0.15280811909793354,4.107578362003581,0.1394,2
2023091703,3690,0.4929,1,82.1600036621094,37.5499992370605,14,2.0989795181741107,1.453447802062324,0.6196412394270289,1.2920139318134323,0.0,2
2023091703,3733,0.5851,1,63.6599998474121,23.5100002288818,8,1.2478784253985797,0.8848166401890263,0.0074732395181636505,2.7301648301888304,0.2288,2
2023091703,3827,0.0689,1,88.0,13.0200004577637,10,2.793224130588419,0.7043439520804183,-0.03209105455254158,3.1057527267958682,0.0,2
2023091703,3874,0.3814,1,114.589996337891,31.4899997711182,9,2.1455310269171686,0.46173640050730164,0.48038705991660813,1.5667801377347128,0.0,2
2023091703,4077,0.678,1,71.1500015258789,19.9400005340576,10,1.053611521464043,0.5103925996490561,0.35365243092633797,2.075620389184881,0.0,2
2023091703,4124,0.0,0,83.9599990844727,23.8899993896484,6,4.641422683704783,1.5417530832079203,-0.28809741600470173,5.266735231621202,0.0,2
2023091703,4149,0.0,0,91.4599990844727,21.2399997711182,7,4.550703477742202,0.8486467490230021,-0.14730515598738944,4.289009209596076,0.0,2
2023091703,4179,0.261,1,89.370002746582,19.1700000762939,7,2.305513726040689,0.2816034102410255,0.2751218819429268,4.44703271856639,0.0,2
2023091703,4278,0.0,0,73.870002746582,24.7099990844727,9,4.898908712508768,1.610095792020144,-0.11982865790121358,9.013068289988716,0.0,2
2023091703,4326,0.3247,1,64.9899978637695,41.4799995422363,8,2.2428977703697974,1.2822231643871043,-0.3481145365782928,3.20356051917238,0.0477,2
2023091703,4351,0.2976,1,50.1500015258789,34.2000007629395,12,2.107178747416155,2.0995490165749637,-0.4125459705076191,1.6378339354159162,0.0,2
2023091703,4401,0.0,0,35.4900016784668,6.86999988555908,15,3.2296742925207536,0.4580405880161336,-0.5887389231459232,3.862913408296904,0.0,2
2023091703,4448,0.5934,1,15.289999961853,2.83999991416931,12,1.2529964095274841,0.4161730592659512,0.03244774503304969,2.9446222168556697,0.0,2
2023091703,4478,0.2709,1,13.8299999237061,47.5400009155273,12,2.2986956199866198,1.353698079108078,-0.1151783170954418,2.6066453537065595,0.0,2
2023091704,60,0.0,0,82.2399978637695,18.5400009155273,6,4.449268028151719,0.6407784496140279,0.22503421826766593,2.148883430993877,0.0,2
2023091704,137,0.0,0,61.7299995422363,23.6900005340576,7,7.895821356347822,0.25238877972455376,-0.49429896993435046,4.3263379433419225,0.0,2
2023091704,206,0.0,0,48.8699989318848,17.6000003814697,5,7.024989970027104,0.5946416157017441,-0.013949427280230594,6.539273659971725,0.0,2
2023091704,368,0.0,0,29.6599998474121,37.9099998474121,7,3.55185885953149,0.5161394805466368,-0.23307641496422704,2.715308453932998,0.0,2
2023091704,565,0.4908,1,59.5699996948242,20.2999992370605,10,1.8613159643491808,0.09000076294001727,-0.36470749347761694,1.3168523075880614,0.0,2
2023091704,591,0.0,0,81.0400009155273,10.2600002288818,11,3.561178640211182,0.9847833780571992,-0.43815390243758334,3.1551386657324576,0.0,2
2023091704,683,0.0,0,96.9700012207031,13.6199998855591,14,5.111995726994155,1.522662328826848,-0.2662595411184358,0.8487638069569203,0.0,2
2023091704,706,0.0,0,93.8199996948242,33.9199981689453,8,3.0991949136110204,1.4257992678668279,-0.1623913532902417,3.106718526033539,0.0,2
2023091704,822,0.5072,1,117.800003051758,35.7999992370605,12,1.4782732876065923,0.4998030892880164,0.2500602591395917,1.8631693428134732,0.2544,2
2023091704,926,0.7027,1,72.2799987792969,37.1699981689453,9,0.8918518756336702,0.8300620844067688,0.019871006278614968,3.169873814523223,0.1448,2
2023091704,1127,0.8121,1,51.8699989318848,21.0699996948242,7,0.9144391768619333,1.2884480957666147,0.406285883923371,1.788071586933817,0.4955,2
2023091704,1309,1.0437,2,61.7299995422363,18.3199996948242,9,1.47030562668599,6.263520906057946,-0.6967175444873105,2.796032903955171,0.8977,2
2023091704,1332,0.0,0,64.7200012207031,17.1299991607666,8,5.542392652106267,0.6191137464609018,-0.4651977587553959,6.968048507293846,0.0,2
2023091704,1381,0.0,0,39.0999984741211,18.6299991607666,7,5.197817559534499,0.4870335433687388,-0.14427573929109325,1.9414685163555943,0.0,2
2023091704,1481,0.0,0,68.8600006103516,9.22000026702881,16,9.063802291010166,0.6016638408960592,-0.7371402927737442,5.331735177219514,0.0,2
2023091704,1584,0.8325,1,64.8300018310547,27.8700008392334,12,1.416509448914453,0.2599991607730482,0.6874900957996198,2.134900466063932,0.0,2
2023091704,1609,0.0,0,55.4900016784668,42.4900016784668,11,3.914946793040692,0.29546658617460286,-0.5145341983262559,5.720489489545451,0.0,2
2023091704,1738,1.0177,1,27.4799995422363,7.84999990463257,16,1.147911380504209,0.0921954507805527,-0.3847849867970367,1.9091883092036792,0.0,2
2023091704,1807,0.0,0,-0.379999995231628,25.2399997711182,16,3.4655447225121776,2.8595453713111625,0.602893403464844,2.3505318547086334,0.0,2
2023091704,2004,0.7747,1,61.5800018310547,16.6900005340576,8,1.6428316846888311,0.5798258881867503,0.471425487722505,2.0586646157157316,0.4187,2
2023091704,2036,0.0,0,68.0100021362305,9.14999961853027,9,5.366794213069078,0.7574281443170039,-0.6263427259816076,8.34513630805394,0.0,2
2023091704,2084,1.467,2,81.0899963378906,29.1800003051758,8,0.9073555352761488,0.4114594846205546,0.059141670732806025,1.2481185841096987,0.9062,2
2023091704,2109,0.0,0,89.4199981689453,49.0800018310547,11,3.654218771714383,1.7133010358544178,-0.4274922599712992,4.045540754954756,0.0,2
2023091704,2157,0.035,1,94.5999984741211,38.3600006103516,8,2.8949970452227407,0.817864434909244,-0.40466547331975766,4.454862511907641,0.0,2
2023091704,2182,0.2794,1,99.9000015258789,13.8299999237061,11,2.34401247358468,0.9563456927532761,-0.44919881561215586,4.44797706828621,0.0,2
2023091704,2214,0.3621,1,107.75,46.8199996948242,11,1.9137660883371446,1.966570841033415,-0.6335364182217845,1.8572291188757528,0.0,2
2023091704,2396,0.0,0,31.7700004577637,5.05000019073486,13,5.001449356281849,1.8667617135146404,-0.3307922670448409,4.532604108015613,0.0,2
2023091704,2421,0.0,0,49.4799995422363,19.6100006103516,13,7.95520574086661,1.414497134085009,-0.30009446848899485,4.624824320987768,0.0,2
2023091704,2490,0.3283,1,60.2099990844727,28.1200008392334,6,2.294015173279322,0.25238738315508175,-0.5865060987894254,3.19476133693896,0.0804,2
2023091704,2742,0.6113,1,58.9300003051758,13.539999961853,13,1.8599463750431364,0.5420334253738817,0.47254108813218054,0.8886506625215554,0.0993,2
2023091704,2767,0.0,0,50.7700004577637,31.8400001525879,8,3.0305939755039093,1.0599059988124597,-0.30086165661299424,0.6850547423381597,0.0,2
2023091704,2792,0.3543,1,44.2900009155273,37.2700004577637,7,2.162267881074759,0.5360046451433985,-0.22015140632356087,1.8313383084509562,0.0,2
2023091704,2817,0.0,0,17.4200000762939,54.0800018310547,24,4.108346969200566,2.604325161030395,0.16497660000304612,0.9968951800465334,0.0,2
2023091704,2857,0.0,0,39.2000007629395,42.2400016784668,10,4.9722950382485775,1.31867376459837,-0.25322363439727913,3.9901127803609717,0.0,2
2023091704,2880,0.0,0,40.4599990844727,34.7299995422363,6,7.095420055468974,0.7267039974791798,0.5164594112465862,5.710236422425959,0.0,2
2023091704,3010,0.0,0,42.0900001525879,11.6400003433228,8,10.238110148039125,0.6768306254797251,0.012038310912781987,8.394057421771665,0.0,2
2023091704,3079,1.0054,1,57.3499984741211,18.9899997711182,7,0.38079009185841217,0.38600539675399054,0.31635935370965473,2.321120419107978,0.4743,2
2023091704,3104,0.0,0,63.6300010681152,6.78000020980835,10,6.368334646859748,0.2308668461631705,-0.10553330000409729,6.292002860774935,0.0,2
2023091704,3134,0.166,1,76.3600006103516,19.75,12,2.510975772207609,0.854224516111615,-0.24166950067825158,2.3293775992741077,0.0,2
2023091704,3164,0.0,0,96.6800003051758,2.4300000667572,13,4.631986349546089,0.47010606441494796,-0.47614711787068403,1.7042300314218035,0.0,2
2023091704,3200,0.0,0,100.0,21.3799991607666,8,3.215493054825808,0.2765856965258303,0.008654104697062301,2.711825953117208,0.0,2
2023091704,3455,0.1814,1,36.8899993896484,9.22999954223633,12,2.5180356571258864,1.2932132345330216,-0.40382900877655786,2.714498111990501,0.0,2
2023091704,3571,0.0,0,57.4099998474121,51.1800003051758,17,8.66358482237507,0.5503632168034543,-0.4454193039916357,7.83257939634193,0.0,2
2023091704,3619,0.0,0,34.2099990844727,26.0,11,3.7165179283134346,0.0781017934337125,-0.12087570962505347,2.933939331342761,0.0,2
2023091704,3644,0.0,0,21.3799991607666,49.5099983215332,14,3.512063110766928,1.2650673371149705,0.04590017909112161,2.22315091705444,0.0,2
2023091704,3791,0.0,0,54.4700012207031,24.2999992370605,7,7.644303804062567,0.1979895750494585,-0.179942916728063,9.251751185586434,0.0,2
2023091704,3895,0.0,0,93.3300018310547,33.8600006103516,7,4.2596260902472345,0.46754754625762374,-0.04892531924454153,4.922154000028844,0.0,2
2023091704,3920,0.2445,2,84.75,37.9599990844727,8,2.4919479006592877,0.6868048731908346,-0.33938971658955946,2.821364917907639,0.0,2
2023091704,3991,0.0,0,76.1600036621094,38.1100006103516,8,5.21311029944258,1.7143232624159892,0.08572093077624396,4.680181620407482,0.0,2
2023091704,4016,0.0,0,38.9099998474121,28.2600002288818,8,4.128013791800578,0.5235455797350471,-0.22847988553786716,2.9942110814035834,0.0,2
2023091704,4041,0.3027,1,29.7600002288818,32.2299995422363,6,2.2913093774805167,0.60141485353291,-0.14546787999200328,4.014336806995648,0.0,2
2023091704,4086,0.0331,1,19.1200008392334,38.4500007629395,12,2.90062021976383,3.3842132307650457,-0.5495294054089969,1.6211415730897798,0.0,2
2023091704,4277,0.0,0,93.0599975585938,50.3699989318848,12,4.987231685907896,1.5815161236987056,-0.542199399763816,5.875755270601394,0.0,2
2023091704,4302,0.0,0,87.5899963378906,48.4900016784668,12,6.861207407804505,1.1610742488192074,-0.43788754123236234,11.94854384433517,0.0,2
2023091704,4327,0.9184,1,68.370002746582,37.2999992370605,9,0.9752967954010259,1.322008709580382,0.22787382324581582,0.5162363799656086,0.8828,2
2023091704,4350,0.0,0,77.4100036621094,18.5400009155273,9,3.905141202790869,2.824502532641609,0.11606043934883158,7.837805815405233,0.0,2
2023091704,4375,0.0,0,67.5199966430664,29.3999996185303,8,5.74209578091708,0.6432695166825203,-0.3005336273192469,8.270816162870501,0.0,2
2023091704,4457,0.0,0,49.3600006103516,26.7999992370605,9,6.411591822510835,1.1001823995396829,-0.4133712120320807,6.620815659720485,0.0,2
2023091705,103,0.0,0,42.3899993896484,42.9900016784668,12,7.715140083114422,7.344180093165481,-0.45515886894922675,1.9200260414900632,0.0,2
2023091705,175,0.0,0,75.6699981689453,20.9699993133545,7,4.251177399129982,2.6052646234583654,-0.08392666682903305,4.584157501657202,0.0,2
2023091705,267,0.0,0,91.8099975585938,32.7299995422363,8,6.876313092598579,2.58435445195818,-0.0240568306073101,7.43037684104918,0.0,2
2023091705,292,0.1253,1,92.2099990844727,15.9899997711182,7,2.624138774447105,2.436000089085005,-0.11037037102981428,3.2378542277255167,0.045,2
2023091705,391,0.0,0,38.5099983215332,44.2799987792969,12,11.707183118853722,2.2912025112936183,-0.07831040543608393,9.165244132045807,0.0,2
2023091705,480,0.5785,1,50.939998626709,15.3699998855591,8,1.4916438270972114,1.8333036911162792,0.08272942571983853,0.6907966415668222,0.0,2
2023091705,531,0.4905,1,80.9899978637695,46.9300003051758,14,1.5285593088904206,3.106185355606353,-0.7736329750211387,4.858847599997349,0.0,2
2023091705,561,0.0,0,92.129997253418,19.8400001525879,8,4.769200692694769,2.4515284339785532,-0.3227087917324889,7.988072358210077,0.0,2
2023091705,586,0.0,0,89.0999984741211,41.1599998474121,8,7.662752629009749,2.9767756751916177,-0.46173079756187235,2.1902054698132725,0.0,2
2023091705,641,0.1256,1,52.2799987792969,16.5300006866455,9,2.623221954961098,2.786269134415085,-0.6124444157771798,3.481264138211869,0.1926,2
2023091705,701,0.663,1,41.7099990844727,27.5200004577637,6,1.2880993608335667,4.004809022081602,-0.44344311156597815,1.4650938536489713,0.1998,2
2023091705,785,0.0,0,59.5699996948242,40.4599990844727,9,18.878103485868078,2.266318921210661,-0.5013469227538477,17.969780187859836,0.0,2
2023091705,859,0.0,0,17.2999992370605,7.5,13,5.992162277387522,3.5751507647543237,-0.13812233233657925,6.578518070203956,0.0,2
2023091705,906,0.0,0,27.0,14.5500001907349,7,5.886000225400236,3.0059276462865334,0.22438714547126407,1.521085138971517,0.0,2
2023091705,997,0.0408,1,41.4199981689453,4.21999979019165,11,2.900380694493799,1.1700017708999704,-0.2162619057747133,3.6183559802761236,0.0,2
2023091705,1027,0.0,0,41.3899993896484,32.9199981689453,8,4.704860566654896,1.3940245359182546,-0.4959240540238444,6.380070532525487,0.0,2
2023091705,1174,1.526,1,1.86000001430511,42.6399993896484,19,0.4301156772226935,0.6723091562333624,-0.35311757510158154,1.0123734488813907,0.3957,2
2023091705,1240,0.6458,1,53.0400009155273,38.810001373291,14,1.490403895585102,1.60124838573693,-0.2876517183395676,2.1582400237230357,0.0,2
2023091705,1285,0.0,0,50.1199989318848,49.0499992370605,13,5.13608903518951,2.1520467871650264,-0.5743831370750564,6.793180403905082,0.0,2
2023091705,1332,0.0,0,54.9500007629395,18.5499992370605,10,5.5087750898656225,2.786268881130265,0.07748704243944306,4.301546233623441,0.0,2
2023091705,1530,1.6711,2,91.0500030517578,21.0300006866455,27,0.11401900796473641,0.7983075884695987,-0.6944480448253318,3.336360292294581,0.0,2
2023091705,1657,0.5912,1,76.4899978637695,47.4700012207031,10,1.864536659428184,1.627542947183819,0.40043982446096266,1.7996944185055421,0.0,2
2023091705,1680,0.0,0,78.7099990844727,26.8600006103516,6,6.643318967802211,3.615534973659292,-0.18702161102345083,2.790286723618194,0.0,2
2023091705,1908,0.0,0,51.4300003051758,43.2900009155273,10,7.563525134305802,2.5446601553837236,-0.31300329962370194,9.259125228659565,0.0,2
2023091705,1933,0.0,0,52.9700012207031,14.2299995422363,9,15.241537392934552,2.257874284135545,-0.5044577454182237,16.389002410152976,0.0,2
2023091705,1958,0.0,0,66.6600036621094,12.7600002288818,8,3.6758908232474345,1.6155487111049245,-0.6293431899008005,6.483363324694991,0.0,2
2023091705,1995,0.0,0,78.3300018310547,28.1200008392334,5,7.511995061017868,3.8796373484920688,-0.034518745363915436,6.061105509723458,0.0,2
2023091705,2020,0.0,0,93.4300003051758,21.8199996948242,9,3.4598410218159494,2.3889115451103295,-0.4771264265981745,1.8122085972646862,0.0,2
2023091705,2045,0.4825,1,108.129997253418,4.3600001335144,12,1.5526134542906627,1.9103159671111922,-0.5536826740850948,0.9932270636667118,1.1481,2
2023091705,2132,0.678,1,79.879997253418,33.9000015258789,8,1.0024439161078078,0.39050939696916526,-0.07769196827881711,2.6082369524259064,0.2149,2
2023091705,2157,1.4363,1,50.5699996948242,3.96000003814697,18,0.43931785678581375,0.2184030137243856,-0.8519409263518528,0.8402380615039999,0.6606,2
2023091705,2200,0.0156,1,44.5699996948242,2.65000009536743,10,2.963544863097884,0.32893767189124457,-0.7036061258504959,6.015189107584232,0.0,2
2023091705,2230,0.288,1,42.8600006103516,23.9899997711182,6,2.286679274447479,1.356245401260582,-0.37229614887587265,3.8981662355523032,0.2055,2
2023091705,2380,0.6785,1,64.1699981689453,33.0900001525879,7,1.3120989156525156,1.4741116078343732,-0.1806464827162233,1.4723111084278364,0.2749,2
2023091705,2403,0.4631,1,86.7699966430664,44.2000007629395,22,1.610593273725958,1.9830565955906483,-0.7113862276125035,1.478681845428556,0.0,2
2023091705,2450,0.0,0,97.5699996948242,30.9400005340576,7,3.4198974669853626,2.7713713810432408,-0.41024166119325745,3.2249341078539966,0.0,2
2023091705,2480,0.0,0,110.080001831055,18.6599998474121,12,3.8629016971040606,1.4383653125480234,-0.29095046782984163,1.862713075060142,0.0,2
2023091705,2611,0.0,0,78.8300018310547,19.5799999237061,6,5.315883668951676,4.654085653877065,-0.21888620303706874,5.3675040754525725,0.0,2
2023091705,2636,0.2427,1,65.1800003051758,25.1299991607666,9,2.2719146034956847,4.958911578520034,-0.5577662364352506,4.950363623007914,0.0,2
2023091705,2722,0.0,0,20.8400001525879,39.4500007629395,8,7.619986855402986,2.1228511718391205,-0.3554628395638813,6.394005004689941,0.0,2
2023091705,2780,0.0,0,31.3500003814697,46.2999992370605,12,4.930435264516033,3.6862034486539783,0.3631928370158285,8.001412375324747,0.0,2
2023091705,2873,0.0,0,22.5699996948242,34.4900016784668,10,16.268548623068707,3.999998840332235,-0.5466601138109194,17.11057275487878,0.0,2
2023091705,2953,0.0,0,62.7599983215332,1.9099999666214,16,5.800001181734145,4.4721934370204925,0.3286070318086703,0.5408326913196007,0.0,2
2023091705,3097,0.8262,1,27.6299991607666,32.5999984741211,7,0.5215347353989486,0.41109727801080354,0.4199911260761158,3.243732418064103,0.5128,2
2023091705,3296,0.4512,1,118.440002441406,40.9599990844727,18,2.170922565445942,0.7766591206283581,0.589529721812598,1.1744360348695067,0.0,2
2023091705,3477,0.826,1,70.9000015258789,2.5699999332428,13,0.5220167807611708,0.22090874600009955,-0.685623771465133,1.702057578344515,0.0,2
2023091705,3578,0.044,1,41.5400009155273,46.2999992370605,12,2.86810160730672,1.7889952165640917,-0.5846462640412551,6.802014407511938,0.0,2
2023091705,3601,0.0,0,48.689998626709,12.8500003814697,8,10.602121391561525,1.5686936287655733,-0.5992295765273384,9.337820944952844,0.0,2
2023091705,3670,0.0,0,29.3899993896484,49.1500015258789,10,5.8013270318792385,1.555536867545004,-0.3128025968918717,5.7421424573063335,0.0,2
2023091705,3695,0.6452,1,9.02999973297119,53.189998626709,13,1.6127602080721768,0.9620798952875608,-0.04921177701568927,1.7601136326953448,0.0,2
2023091705,3789,0.345,1,20.3999996185303,15.9499998092651,13,2.1429416565387878,0.8832326187682996,-0.08871418411362374,8.22836557282186,0.0,2
2023091705,3867,0.3582,1,77.5500030517578,4.92999982833862,29,2.0396099652713247,1.9940183943685685,0.25085015676907835,4.958971667593997,0.0,2
2023091705,3890,0.0,0,39.1699981689453,32.8800010681152,7,5.579185054704559,0.7963059127583841,-0.3447927849552611,5.113139935499516,0.0,2
2023091705,3928,0.0,0,50.9000015258789,35.9199981689453,7,4.183898183514454,2.542380610751982,-0.36735016993678005,3.4179672321425185,0.0,2
2023091705,4032,0.0,0,78.2600021362305,40.4900016784668,7,4.9382166558628775,3.5276739753206736,-0.5536506381544499,3.07001628660175,0.0,2
2023091705,4064,0.0,0,83.2600021362305,17.7800006866455,8,11.160755727741362,1.5301285862977505,-0.14362706224698826,5.3941635125383405,0.0,2
2023091705,4117,0.0,0,96.9800033569336,24.0100002288818,5,7.059069531753133,1.279410856090895,0.15653296059322971,3.763004119051694,0.0,2
2023091705,4350,0.0,0,54.689998626709,45.2099990844727,17,7.843374398455565,1.7994705472696964,-0.1508104656607121,5.28251833882288,0.0,2
2023091706,77,0.2426,2,44.5400009155273,19.6499996185303,7,2.6318995064217514,2.4824373462836675,-0.10048042020449685,3.3657391461609163,0.019,2
2023091706,100,0.0,0,48.3800010681152,3.90000009536743,12,4.247598266048803,0.673645719481197,-0.3328725254699766,1.190378091196236,0.0,2
2023091706,237,0.1121,1,81.5100021362305,37.2099990844727,12,2.663775162062069,0.16999786377197496,-0.6841662197916424,1.1356495938448672,0.0,2
2023091706,329,0.7716,1,102.069999694824,14.3599996566772,9,0.886002663343913,0.48041680518282764,-0.10495186697162211,2.663268668384774,0.1899,2
2023091706,397,0.5433,1,65.2900009155273,19.1299991607666,13,1.8599990844728937,0.4560703774753305,-0.3155922550101402,3.40618554984898,0.0,2
2023091706,427,0.0,0,45.689998626709,52.5900001525879,14,4.270949116983858,3.810840365828142,0.5587741415490612,1.128937553631732,0.0,2
2023091706,472,0.0,0,40.6800003051758,3.8199999332428,10,3.449709980094279,0.41146111585760053,0.0015215066237563707,3.95101252845394,0.0,2
2023091706,676,0.0,0,65.2699966430664,22.4300003051758,11,5.085230695655662,4.119869316770531,-0.2571519615328791,2.54342289051585,0.0,2
2023091706,726,0.3476,1,79.8300018310547,18.1299991607666,8,2.190203493671977,1.053088676031864,-0.11462176523197684,5.158730463980465,0.0,2
2023091706,844,0.0,0,8.10999965667725,53.9099998474121,23,12.7709829543907,17.830608752027086,0.35452102663545854,0.909725233243534,0.0,2
2023091706,1028,0.649,1,68.5400009155273,11.789999961853,13,1.1042189531341866,2.085426382290681,-0.450460299524503,2.079663434308542,0.0,2
2023091706,1087,0.0,0,16.0200004577637,3.25,8,3.2831696244945228,0.39661038637960655,0.18227304506020583,6.6795583686348605,0.0,2
2023091706,1173,0.404,1,47.9599990844727,9.90999984741211,10,1.788100475688641,2.719062991592293,-0.11017479934415769,2.530316185776004,0.0,2
2023091706,1361,0.127,1,84.5800018310547,28.5499992370605,7,2.64461913974229,1.9833829051439311,0.0746456781547989,1.1125196627475824,0.0,2
2023091706,1433,0.0177,1,34.7200012207031,43.4099998474121,11,2.955756466983669,3.2420511450056946,-0.2257425921636786,6.947236860795808,0.0,2
2023091706,1514,0.0,0,83.9000015258789,2.08999991416931,16,3.0202649950774214,1.772793044816811,0.009706723193625628,3.428250282578564,0.0,2
2023091706,1537,0.0,0,67.3600006103516,39.2099990844727,7,5.78261080426689,1.881621439919592,-0.37712886290274694,5.240238544188606,0.0,2
2023091706,1562,0.0,0,81.4899978637695,37.6500015258789,9,4.449943966631383,0.3911543912822789,-0.050255174336484965,5.6651390097684375,0.0,2
2023091706,1703,0.0,0,80.9000015258789,24.0699996948242,7,4.362316200909905,0.5990841857157473,-0.23066478243541644,5.58000896056628,0.0,2
2023091706,1750,0.0,0,71.2600021362305,27.0400009155273,6,9.432631727280327,0.37855214607810267,-0.2503622867691221,8.863791513793633,0.0,2
2023091706,1797,0.0,0,56.7900009155273,12.2799997329712,9,3.5927991973161726,1.8921417943475183,-0.3728927846493608,4.381381060807197,0.0,2
2023091706,1829,0.3333,1,43.560001373291,6.69999980926514,11,2.0000261976438303,1.0904137765701505,-0.5553766682832022,3.674411517508621,0.0,2
2023091706,1852,0.0,0,40.3199996948242,49.7799987792969,15,5.418671247040001,0.768441042464363,-0.6506002706281548,1.1360017605620132,0.0,2
2023091706,1882,0.0,0,4.21000003814697,52.1500015258789,22,3.416563462338102,2.953118108638801,0.5466961152561318,1.0536128321162395,0.0,2
2023091706,2321,0.0,0,33.0400009155273,51.5099983215332,13,3.924501210392162,0.8543990243877955,-0.154336903861538,0.9859513172565878,0.0,2
2023091706,2395,0.2153,1,67.3499984741211,22.9599990844727,5,2.35410345745088,0.9308613813990342,-0.2547527797304712,3.8468818541774765,0.0231,2
2023091706,2465,0.1596,1,76.2900009155273,22.3799991607666,5,2.648244840545392,0.35468411643355185,0.033214014902601396,2.9233542378576036,0.1124,2
2023091706,2517,0.1549,2,86.7699966430664,35.9300003051758,8,2.710296577471417,0.47201918586831315,0.010601584444017277,2.96952858211535,0.0,2
2023091706,2542,0.0,0,87.8600006103516,19.0499992370605,8,4.648978032188921,1.3200384458091086,0.4787640553437473,6.561287983315473,0.0,2
2023091706,2583,0.8627,1,107.849998474121,48.5699996948242,25,0.41194705038013985,1.5788935106650812,-0.793985921942408,0.8765842800324442,0.0,2
2023091706,2669,0.1141,1,83.6500015258789,43.5400009155273,10,2.6576690602833963,1.4880861830836716,-0.24355626427647292,2.110734469325773,0.0,2
2023091706,2719,0.0868,1,51.8300018310547,4.30000019073486,16,2.807648854169842,5.372167250463515,0.6715956204051444,3.691314129141544,0.0,2
2023091706,2893,0.5522,1,55.1300010681152,48.7599983215332,15,1.3435041790064437,1.8840400821781473,-0.6973183172671248,3.248538132760644,0.0,2
2023091706,2962,0.0,0,25.6100006103516,30.8400001525879,6,8.420593191169008,1.276322237038547,-0.32428782918977517,8.722941017798986,0.0,2
2023091706,3033,0.0,0,88.6600036621094,35.0299987792969,7,7.774628884833695,1.78533290291578,-0.10935992499588769,5.582400917168168,0.0,2
2023091706,3129,0.2043,1,36.0499992370605,17.7199993133545,10,2.4124893646798915,1.0406249149545614,-0.2597078596534654,2.601883932845583,0.0,2
2023091706,3241,0.0,0,83.5599975585938,8.82999992370605,8,6.368992788073182,2.209274726374112,-0.4766279568679664,6.678001197963351,0.0,2
2023091706,3266,0.0,0,74.5899963378906,21.8899993896484,5,11.142680568931516,2.1612227984149746,0.35046374132162045,8.834891057619211,0.0,2
2023091706,3311,0.0,0,27.2900009155273,38.6500015258789,11,3.05764443481406,0.921303543751823,-0.25230857123178785,4.284763704103181,0.0,2
2023091706,3422,0.0,0,52.5999984741211,8.22000026702881,10,5.495179741083331,1.961556722995599,-0.3010475517784654,7.120252804500695,0.0,2
2023091706,3447,0.0,0,76.1800003051758,29.8400001525879,14,4.904742263415287,1.5915397942326337,-0.22983115603586216,2.2567454442182844,0.0,2
2023091706,3475,0.045,1,82.5,45.310001373291,14,2.89558398113381,0.8563284457404876,-0.5910600704667458,2.361715478206466,0.0,2
2023091706,3512,0.8539,2,113.819999694824,34.939998626709,15,1.123787656499631,0.600084708275891,-0.2135126443506007,1.9204166214652532,0.0,2
2023091706,3751,0.0163,1,55.8499984741211,18.1299991607666,9,2.9510154714309986,0.592113262427548,-0.3567793872448735,3.528002267572967,0.0,2
2023091706,3929,0.0,0,30.9300003051758,4.42999982833862,10,16.041374406732704,0.5508172787834701,-0.04248553989583866,14.781238107817629,0.0,2
2023091706,3981,0.0,0,36.0999984741211,22.0699996948242,10,4.844802716375353,3.703040375978278,0.019215128543425195,3.714364010163785,0.0,2
2023091707,55,0.0,0,80.1699981689453,1.05999994277954,10,5.058555507630555,2.4022709257579438,0.6798359165951788,8.824947591912377,0.0,2
2023091707,90,0.689,1,79.3600006103516,5.46999979019165,13,0.9330064141974586,0.36796765058862246,-0.01977861549309497,1.1211155159036958,0.0,2
2023091707,172,0.0,0,39.9199981689453,6.07999992370605,11,4.835754087198957,2.4067003747941227,-0.6675479131836569,4.013103537164222,0.0,2
2023091707,418,0.0,0,53.4300003051758,5.80999994277954,10,3.028531246558842,0.9457804078294924,-0.04205940088427443,1.4477914214416405,0.0,2
2023091707,470,0.0,0,40.6300010681152,7.17000007629395,9,3.8017111671940507,1.2621021343324215,-0.6379339347137396,4.564263357870579,0.0,2
2023091707,500,0.0,0,39.9900016784668,12.4300003051758,6,7.916073947516955,1.12969083489654,-0.25626363194163776,7.717674520216568,0.0,2
2023091707,547,0.0,0,34.1599998474121,6.86999988555908,9,3.2423754848316753,2.0489995712942624,-0.20800956457695152,1.8604300578092146,0.0,2
2023091707,577,1.134,1,13.7399997711182,49.2900009155273,8,0.6830821958715783,0.5758481399840549,0.5655549497260858,0.6107372593840983,0.8303,2
2023091707,750,0.3795,2,39.8600006103516,26.1599998474121,6,2.0902867732816,2.202043881594994,-0.25605234894024775,1.862605701698563,0.1973,2
2023091707,824,0.0,0,67.4400024414062,6.32999992370605,11,3.3207403090669265,1.981769008492388,-0.6328727358147715,3.030330015031362,0.0,2
2023091707,925,0.0711,1,101.940002441406,49.0699996948242,26,2.87680551110694,2.1078918107311093,0.825692820506009,1.0660675400742643,0.0,2
2023091707,948,0.5248,1,64.9300003051758,40.0400009155273,8,1.6086321271681827,1.1100441313902054,0.2402693688251702,5.26282243667787,0.0,2
2023091707,1022,0.0,0,95.0100021362305,43.6199989318848,9,3.898745773524247,1.7395418269843042,-0.5188171776377954,6.187123725932741,0.0,2
2023091707,1093,0.0,0,60.9799995422363,13.4200000762939,9,9.567037529973195,0.8542835495290253,0.2785899932129975,8.32780883546206,0.0,2
2023091707,1234,0.0,0,99.7900009155273,14.8699998855591,9,4.96910369174662,1.8322111054525378,-0.21080941235606754,4.740854353384006,0.0,2
2023091707,1259,0.1849,1,118.419998168945,50.8800010681152,17,2.6109385525373074,0.25000195312651313,0.02145437829602008,2.912043955712206,0.0,2
2023091707,1347,0.1516,1,111.309997558594,47.5499992370605,17,2.545311968257026,2.241787559606805,-0.27293502178687584,0.5672741841473161,0.0,2
2023091707,1413,0.5655,1,33.060001373291,8.61999988555908,31,1.984790810005101,0.4386335760796281,0.12273843328410215,1.1045361017187258,0.0,2
2023091707,1576,0.0,0,88.2399978637695,2.22000002861023,25,3.2206344782916645,1.0800475842116377,-0.40765207036702766,2.411244491958452,0.0,2
2023091707,1646,0.6373,1,112.120002746582,49.939998626709,17,1.0881171358712423,1.881753442262164,-0.5873171039320886,1.1940686747419522,0.0,2
2023091707,1739,0.0,0,58.8699989318848,33.1800003051758,7,3.267414163923009,2.2451047115929703,-0.19171454269503269,3.7308042028495647,0.0,2
2023091707,1808,0.0,0,38.4099998474121,29.7199993133545,8,5.102166425238923,3.671471162965698,-0.3035365476786296,2.870209051619758,0.0,2
2023091707,1891,0.0,0,25.6700000762939,16.7700004577637,8,3.9121479306481146,0.5663918397952757,0.6428268538545248,4.0047596681948345,0.0,2
2023091707,2041,0.9402,1,46.1599998474121,36.7099990844727,7,1.1307086633167722,0.4949756747355617,0.5201134905225544,1.374117898871861,0.4989,2
2023091707,2066,0.3711,1,55.939998626709,22.2999992370605,8,2.0915321078649667,2.5966528948062884,-0.42907538643433907,1.4358969322343438,0.0944,2
2023091707,2216,0.0,0,109.889999389648,-1.08000004291534,18,5.705093912484826,11.686068389820399,0.3175322051273368,4.011234224026312,0.0,2
2023091707,2334,0.6619,1,79.4899978637695,20.75,6,1.33405451636779,0.1565257137879702,0.35318264953798606,2.0748011952955894,0.2625,2
2023091707,2498,0.6388,1,33.2700004577637,16.1000003814697,8,1.7130379350675313,0.36878119074967,0.23575793108951626,1.130044246921331,0.0665,2
2023091707,2523,0.0,0,34.2200012207031,42.5200004577637,9,11.659175363893358,0.7513308545376228,-0.4481015555002073,12.604257217305582,0.0,2
2023091707,2592,0.0,0,58.2200012207031,41.25,7,5.175015841989813,1.0748950825443668,0.17946437008930888,7.8907667561524155,0.0,2
2023091707,2617,0.0,0,63.6100006103516,38.3600006103516,7,5.979999671349194,0.8452802024217402,-0.2806719696057366,4.565369645494216,0.0,2
2023091707,2678,0.0,0,84.9100036621094,9.19999980926514,9,6.348877049854784,1.3254836824169527,-0.5714440488318011,4.323251091481966,0.0,2
2023091707,2745,0.0,0,81.25,23.3099994659424,9,3.3716464377108144,1.9828261849102409,-0.1680777150627781,5.3027257141964235,0.0,2
2023091707,2792,0.0,0,60.0,39.5200004577637,13,5.04801984161013,0.8852682123172915,0.7026024326546068,2.912335832283084,0.0,2
2023091707,2817,0.0,0,42.0900001525879,34.189998626709,9,4.955018136831597,1.7525128521637146,-0.6103935503615235,8.202950688624187,0.0,2
2023091707,2878,0.0,0,107.660003662109,46.7099990844727,11,5.114730795063777,1.9499989295407736,-0.451341726701112,2.1004047229046163,0.0,2
2023091707,3010,0.0,0,83.2699966430664,14.8500003814697,10,6.085824429686091,0.3999976806716271,0.28368819324562083,8.889460051094225,0.0,2
2023091707,3091,0.0,0,43.060001373291,17.6200008392334,7,4.10202229063501,0.6726797596811103,0.07665488140345997,3.1217463061562163,0.0,2
2023091707,3185,0.0396,1,91.7600021362305,36.7000007629395,6,2.895601476932403,0.44553537803013926,-0.19271873621071886,4.428826029547781,0.0,2
2023091707,3324,0.0,0,48.75,13.1199998855591,9,7.732638663211975,0.3401470236694677,-0.25756988346340276,7.708125582786001,0.0,2
2023091707,3376,0.4538,1,69.370002746582,0.769999980926514,10,1.6386554127995516,1.3160903112184172,-0.23693092365153434,0.5907622195096663,0.0,2
2023091707,3399,0.323,2,77.9300003051758,26.6100006103516,10,2.3249952983194766,1.7095024839631467,-0.46827826234684355,3.8425512358327802,0.0,2
2023091707,3520,0.3709,1,23.6900005340576,35.5900001525879,12,1.887326651387705,0.5522685689090748,-0.40167207229809065,3.668855407344368,0.0,2
2023091707,3600,0.2028,1,10.3800001144409,32.7900009155273,8,2.4601838340922266,6.260966509590745,-0.4988484762497741,1.510926867852978,0.0,2
2023091707,3707,0.1677,1,64.2399978637695,36.2299995422363,6,2.5103205490610536,0.6363196074513916,-0.20737234888080652,3.799710515289281,0.0,2
2023091707,3782,0.0,0,76.9499969482422,22.4300003051758,7,5.315761140026162,1.166749978137567,0.023442615991022604,3.4437334391616323,0.0,2
2023091707,3807,0.0,0,114.410003662109,45.4099998474121,21,4.414808010883323,3.272265341021025,0.757878927733495,1.471054043874672,0.0,2
2023091707,3830,0.0,0,94.0500030517578,34.1300010681152,8,4.675764465823135,0.39204415646188884,-0.08414435011624385,5.440183820423724,0.0,2
2023091707,3855,0.0,0,98.9300003051758,39.9500007629395,8,4.709532149418509,1.5993115307647359,0.14745613780525935,5.105692901066415,0.0,2
2023091707,3880,0.2265,1,102.470001220703,38.7299995422363,6,2.434029684821819,2.0164573968600386,0.251349817055084,0.8796590248499596,0.0,2
2023091707,4001,1.3351,2,62.3899993896484,47.8699989318848,17,1.1245001900807468,1.6200319357660196,-0.30399357401859567,0.8949860334105773,0.3756,2
2023091708,94,0.0,0,52.2400016784668,5.32999992370605,10,5.821930992852588,0.5597309120018967,-0.26231242168070423,6.3890531379853135,0.0,2
2023091708,119,0.3569,1,66.5299987792969,17.0599994659424,8,2.1343146578081056,1.0796750349777364,0.5784482795082007,3.7914772846477702,0.0,2
2023091708,166,0.0008,1,106.410003662109,50.189998626709,20,2.997662973183871,1.6401256252691403,0.6532923675549006,4.2558665392608415,0.0,2
2023091708,189,0.0,0,81.0400009155273,53.4500007629395,13,5.152476194161232,5.596580431881527,0.33213855187873226,0.6907966415668189,0.0,2
2023091708,264,0.8328,1,65.1100006103516,15.6099996566772,8,0.8363013432229335,0.5188448487864964,0.1760421163382981,1.1621101496846125,0.2315,2
2023091708,289,0.0,0,63.7999992370605,42.3899993896484,9,5.935561711276329,0.7452507651816266,-0.12332534497392364,9.469556483806409,0.0,2
2023091708,319,0.3835,1,51.1399993896484,50.1699981689453,11,1.8493768415744862,0.7930934323183404,-0.16019962758484016,1.0978615577567141,0.0,2
2023091708,402,0.0,0,56.6800003051758,16.7299995422363,7,3.126979498054048,1.4933513908203369,-0.09158036144362992,6.691487129181374,0.0,2
2023091708,449,0.9292,1,83.4499969482422,20.5599994659424,10,0.78816458619161,0.4652956738424487,-0.5946265899585624,2.3940969069776608,0.0479,2
2023091708,494,0.6167,1,91.0199966430664,48.8400001525879,17,1.7584074080144645,0.9080185195508073,0.7197100248154498,4.122377954530617,0.0,2
2023091708,570,0.0,0,103.589996337891,34.4099998474121,7,4.319734792694102,0.7542543622398442,0.5191738290845672,2.243680012836059,0.0,2
2023091708,678,0.0767,1,80.6900024414062,7.67999982833862,10,2.769785715209444,3.209378688970737,-0.438397880190528,3.011345214351876,0.0,2
2023091708,792,0.0,0,46.7599983215332,42.3899993896484,13,3.046309045995484,0.4178516811848211,0.5359891461384008,2.3574774654278245,0.0,2
2023091708,846,0.6993,1,66.0299987792969,9.85999965667725,13,1.1030876845844728,0.31144947814516405,-0.24045056925016955,2.1856349191939612,0.0,2
2023091708,916,0.6377,1,85.8399963378906,2.5699999332428,13,1.1720101665269642,0.4494472330096351,0.20454609216612066,1.1673045875006198,0.0,2
2023091708,1110,0.1295,1,43.3699989318848,29.7999992370605,7,2.6797770313489933,0.34928584891137376,-0.5690322886078655,3.0536862969204925,0.0,2
2023091708,1168,0.0,0,31.2700004577637,20.6200008392334,7,3.159303508730852,0.884815513218724,-0.0124999055948736,5.193081936576773,0.0,2
2023091708,1325,0.0,0,59.689998626709,36.0400009155273,10,6.801653120941636,0.24041472524585686,-0.4627081826692945,3.3453400425068947,0.0,2
2023091708,1436,0.0,0,34.3400001525879,7.6100001335144,9,11.284795143370633,0.9664885599768971,0.051990373272137645,8.91596882004418,0.0,2
2023091708,1582,1.3533,1,86.6600036621094,48.7700004577637,28,0.37013774474766964,0.22203279630647843,-0.70808630830367,1.9068822721919674,0.0,2
2023091708,1628,0.8954,1,60.9000015258789,21.3899993896484,9,0.9060912206016978,0.43931839601688016,0.5128873213893862,1.927511348864125,0.1834,2
2023091708,1675,0.0,0,64.2900009155273,48.2299995422363,11,14.234833060472562,3.1302553846602876,-0.5673882750874669,11.79477850576261,0.0,2
2023091708,1727,0.2894,1,76.9400024414062,16.8999996185303,7,2.4000212248829804,1.3462924626865262,0.3183301046129982,5.213914076775717,0.0654,2
2023091708,1759,0.0,0,40.2700004577637,25.0,6,3.1345975096081355,1.3300380443209519,-0.14956853342162035,3.8590283751224232,0.0,2
2023091708,1864,0.0824,1,34.810001373291,6.8899998664856,9,2.752781712098973,0.4001263500001213,-0.3443046556494554,4.789999999999999,0.0,2
2023091708,1968,0.0,0,38.7200012207031,23.6299991607666,7,3.657280679464739,4.102339367276202,-0.11054542192521614,5.11618998865367,0.0,2
2023091708,1993,0.0,0,38.6300010681152,39.4000015258789,10,6.1756931188370086,2.6802969810716455,-0.6777843548664585,8.989221323340525,0.0,2
2023091708,2018,0.0,0,49.0,15.9200000762939,8,5.197085747662293,1.1140018412165358,-0.0039099468372053095,6.269968101992227,0.0,2
2023091708,2043,0.8325,2,66.5899963378906,27.0200004577637,9,1.8013638470915294,0.1920910819852251,0.3766092016535629,5.180038609894709,0.0,2
2023091708,2139,0.733,2,43.8400001525879,23.5900001525879,29,1.7114323610118092,2.2687442724402707,-0.927658196910483,1.7932372960654175,0.0,2
2023091708,2164,0.3816,1,28.5200004577637,17.6900005340576,6,2.2209233465318143,0.7003575942961048,-0.306704991346005,2.6496980960101864,0.4521,2
2023091708,2300,0.0,0,54.060001373291,10.0900001525879,10,12.67640984020199,0.2983294347898931,0.6489307508461755,15.063180275094636,0.0,2
2023091708,2456,0.0,0,107.720001220703,4.07000017166138,12,5.1968541282470655,0.3373413973560505,-0.2889909082117706,3.9729585953040063,0.0,2
2023091708,2522,0.0,0,78.2200012207031,25.8199996948242,7,4.686460433553778,0.8602337541726331,-0.309120027963326,3.5479853438254194,0.0,2
2023091708,2572,0.0,0,57.6399993896484,13.0100002288818,12,3.8470763800039145,1.3250278374969722,-0.24356272362472428,3.6412772484390645,0.0,2
2023091708,2698,0.0,0,19.9500007629395,10.5699996948242,8,3.223042816777381,0.622896749155201,-0.3103854057497748,4.456231591827336,0.0,2
2023091708,2766,0.4751,1,4.28000020980835,1.33000004291534,19,1.8917979558626312,0.9334879055149217,0.42884727606993106,1.390143877445785,0.0,2
2023091708,2886,0.0,0,45.0999984741211,31.3400001525879,9,6.2265551384054945,0.6191136528055609,-0.5442443137533141,1.773414785096818,0.0,2
2023091708,2933,0.0,0,52.4599990844727,7.94999980926514,13,13.228247222818762,0.6203234179717224,-0.24477287966549469,13.764766616256159,0.0,2
2023091708,2999,0.2412,1,67.4499969482422,32.5299987792969,14,2.4183435291156714,0.47508000715080684,0.4373349464892248,5.753060055309689,0.0,2
2023091708,3082,0.93,1,48.9700012207031,26.5200004577637,6,0.8547522773822318,0.9831084485860768,-0.18865096274405715,1.280156240464415,0.7725,2
2023091708,3128,1.044,1,16.2600002288818,51.189998626709,28,1.0604241756839865,2.497718225363925,0.851068272945115,5.1505339529023635,0.0,2
2023091708,3169,0.0,0,43.9099998474121,4.90999984741211,12,3.8223162669901516,0.5646238496138719,-0.4265828764200931,4.460044842823897,0.0,2
2023091708,3206,0.0,0,61.439998626709,37.7099990844727,13,9.173144789225738,0.23086951384837617,-0.5879959744818835,6.399882811427096,0.0,2
2023091708,3231,0.5524,1,108.059997558594,0.610000014305115,27,1.887325025723566,0.4044745920242079,0.17559768811958817,1.541200830521445,0.0,2
2023091708,3310,0.3526,1,87.7200012207031,23.3799991607666,8,2.166034586960999,1.8324013880995726,-0.5191858128758918,2.828161947272471,0.0,2
2023091708,3384,0.6489,1,104.099998474121,28.7999992370605,8,1.4735345876196357,1.0153338404782275,0.1552639833153076,1.4396180048887917,0.0912,2
2023091708,3512,0.0,0,103.699996948242,4.42000007629395,9,3.14382017290281,1.3520369256333764,0.4183144215686564,1.603121954188139,0.0,2
2023091708,3665,0.0,0,94.4199981689453,8.94999980926514,8,16.511342830242583,0.6020780765459628,-0.36624135157426574,17.18358519052412,0.0,2
2023091708,3755,0.8792,1,91.0999984741211,46.5400009155273,20,0.362355094627842,0.12041764380150559,-0.1752210399249043,2.19146070008111,0.0,2
2023091708,3780,0.0406,1,89.3499984741211,36.4799995422363,6,2.9024142467048355,0.8188420861576868,0.0013958162565362794,3.7352376095772075,0.0,2
2023091708,3805,0.0,0,98.3899993896484,25.1399993896484,7,3.776903474212223,0.6228959113744066,0.44401661706805523,4.655598779963757,0.0,2
2023091708,3886,0.3232,1,114.519996643066,32.1100006103516,10,2.340808590463478,0.976214328564281,0.7092470643124124,2.1048752932181056,0.0,2
2023091708,4048,0.0,0,89.370002746582,33.3300018310547,8,11.221896936058366,0.6041540413865949,-0.1942883059785244,9.198369420718,0.0,2
2023091708,4093,0.0,0,38.060001373291,46.9300003051758,10,14.493169964381766,0.1969763194196952,-0.650851249720216,10.922536335485452,0.0,2
2023091708,4145,0.1109,1,72.3399963378906,18.2700004577637,11,2.6671738698555485,1.8456469220977532,-0.414119598425161,1.7424408167854641,0.0,2
2023091708,4341,0.0,0,84.5500030517578,52.6699981689453,10,16.961728282895745,0.6576508764577346,-0.2739699883586941,16.048255356891605,0.0,2
2023091709,77,0.0,0,73.4199981689453,11.25,11,3.508003408641772,2.840157601725657,-0.5526417188305932,2.835507009337136,0.0,2
2023091709,102,0.0,0,64.3000030517578,37.5099983215332,7,3.51411749840762,1.412270631789259,-0.2495076466297011,5.602222773149958,0.0,2
2023091709,171,0.1061,1,52.0099983215332,7.15999984741211,14,2.6816769355249104,1.5821805899815524,-0.7008356326694264,1.2137956994486394,0.0,2
2023091709,243,0.0,0,36.4300003051758,21.1800003051758,10,3.965677937183642,4.2144517600389895,0.06023201392754413,0.6129437168288824,0.0,2
2023091709,386,0.0,0,41.5699996948242,45.5,9,4.7240343794125,1.473227951861036,-0.3094170699913053,6.67371710518209,0.0,2
2023091709,438,0.0,0,54.1300010681152,7.05000019073486,14,4.232929344865628,1.6405480606497884,-0.7190582855597967,4.370823720993562,0.0,2
2023091709,468,0.0,0,71.4899978637695,31.1700000762939,12,3.5192063793779225,2.488455298932466,-0.170893769073139,2.2679726629745836,0.0,2
2023091709,493,0.0,0,71.0699996948242,39.6100006103516,8,6.070494881430148,2.362561573013409,-0.14664514063519546,8.005623023850173,0.0,2
2023091709,583,0.0,0,73.3099975585938,19.0400009155273,7,5.711131504806371,2.328456939425009,-0.37178771804559685,7.8443482839557825,0.0,2
2023091709,718,0.0,0,76.6900024414062,25.4099998474121,7,5.139311189029718,2.707953465636304,-0.08411720368420364,1.440138882191575,0.0,2
2023091709,841,0.0182,1,103.930000305176,8.85000038146973,12,2.945521901748613,2.280898847919985,-0.5281848137694779,0.7600657866263962,0.0,2
2023091709,975,0.0344,1,64.2399978637695,31.9799995422363,7,2.8968929931353276,1.9833788830750176,-0.32861767567311656,0.9546203433826415,0.0,2
2023091709,998,0.2161,1,64.2399978637695,52.2099990844727,12,2.3900814269184076,0.4026160865392821,0.6410205470951923,3.264015931333673,0.0,2
2023091709,1028,0.0,0,62.8199996948242,21.9300003051758,8,4.996498349039361,1.682676200086059,-0.22366842249144894,3.508646462669043,0.0,2
2023091709,1058,0.0,0,44.560001373291,31.6900005340576,8,10.568880313983614,2.297128994513333,-0.4355634776651159,10.017624468904792,0.0,2
2023091709,1083,0.0,0,34.189998626709,27.1900005340576,7,9.054953079228591,3.477598466830067,-0.23343587094610332,5.249018955957388,0.0,2
2023091709,1228,0.6147,1,41.310001373291,27.7900009155273,7,1.621510666456909,0.274588953948758,-0.0009615255633890047,1.840027173712388,0.1419,2
2023091709,1302,0.0,0,97.1800003051758,5.48999977111816,25,4.197618707156378,2.3525733749833173,0.5419279707099991,2.0858091954922457,0.0,2
2023091709,1403,0.0,0,88.75,39.7900009155273,7,5.748260216266927,1.0912832283479545,-0.1637896184606551,4.669989293349609,0.0,2
2023091709,1462,0.0052,1,74.4800033569336,16.4200000762939,11,2.9845291464115635,0.6862226870660305,-0.13477551118793207,4.3248699402409745,0.0,2
2023091709,1524,0.6419,1,44.9000015258789,5.30999994277954,15,1.1778376619571518,0.9818351670519347,0.705548156131102,5.440312491024755,0.0,2
2023091709,1581,0.0,0,35.1800003051758,15.0299997329712,9,5.163816673939899,2.3032588168106205,-0.40797813223071966,3.164806471176398,0.0,2
2023091709,1808,0.0,0,53.3300018310547,10.4300003051758,8,10.206922313031047,1.4886240254884113,-0.5711330964301647,11.513231518561582,0.0,2
2023091709,1860,0.2157,1,84.5299987792969,34.8699989318848,12,2.352808274797702,0.3944621690791901,-0.5249201910993423,2.509760944791352,0.0,2
2023091709,1885,0.0,0,97.8300018310547,43.0699996948242,10,5.693793825083775,5.4649788626974765,-0.4140677564409289,3.6100554012369432,0.0,2
2023091709,2085,0.0,0,85.4499969482422,44.0200004577637,9,3.143307609359995,2.998680360089584,-0.3322819382094678,2.2111083193728827,0.0,2
2023091709,2159,0.2389,1,68.2300033569336,3.3199999332428,13,2.283159059637922,1.6918951718669395,-0.6919239180965054,4.341151920861562,0.0,2
2023091709,2189,0.0,0,65.7200012207031,41.0099983215332,10,3.911036850219962,0.564622698364314,0.4119380283962897,6.91859089699629,0.0,2
2023091709,2244,0.0,0,59.9599990844727,9.42000007629395,11,5.466734868407397,0.5968241104887979,0.19266111096801136,6.24064099271862,0.0,2
2023091709,2391,0.0,0,51.3800010681152,32.25,15,3.9560716155758,0.7725293121215744,0.5642836743649765,1.8848872645333463,0.0,2
2023091709,2440,0.0261,1,79.4199981689453,50.1199989318848,9,2.921590112908756,0.6560485088776156,-0.7274690421243157,6.006071927641227,0.0,2
2023091709,2477,0.0,0,75.4300003051758,46.4300003051758,9,16.314426485597217,0.7206250211745306,-0.002041787441480184,12.029364072967445,0.0,2
2023091709,2534,0.0,0,51.3400001525879,17.5,9,3.2032641018767323,1.2706298527810342,-0.03703530475266382,3.3131254126579623,0.0,2
2023091709,2617,0.0,0,47.189998626709,30.3099994659424,5,12.338831917181084,0.7441088217054002,0.2512470113956841,13.072463425077926,0.0,2
2023091709,2642,0.0,0,36.5299987792969,21.4599990844727,8,6.919225312017239,1.0737768551340512,-0.1497515642955191,5.64428914921977,0.0,2
2023091709,2676,0.0,0,51.4700012207031,31.8299999237061,12,7.200695348435268,0.42953418962594947,-0.06593756875912912,4.105812952388353,0.0,2
2023091709,2708,0.0,0,58.6800003051758,41.7000007629395,9,4.739420072594591,0.727804788931536,0.04560988585966983,5.805273464704311,0.0,2
2023091709,2785,0.0,0,107.949996948242,32.689998626709,24,4.371140932638539,2.3821386579251973,0.8011580995206473,2.4379089400549825,0.0,2
2023091709,2854,0.0,0,61.0999984741211,2.21000003814697,23,3.04435459820116,0.4110946361831732,-0.7886218188394762,1.8137254478007334,0.0,2
2023091709,2877,0.0,0,75.8899993896484,6.94000005722046,14,3.4520857137158987,2.5749752253109404,-0.6825762851283115,4.911588337798681,0.0,2
2023091709,2993,0.0,0,65.9000015258789,21.5200004577637,13,3.7528907774706766,2.3308598024818674,-0.3100816548544765,2.8327018904219297,0.0,2
2023091709,3018,0.5423,1,40.3899993896484,5.1100001335144,20,1.372952421487939,0.9702055561884104,-0.7760714142334131,3.0384206423732696,0.0,2
2023091709,3182,0.0,0,40.7999992370605,21.5,7,4.034179426705188,0.760592566922067,-0.2952080952424139,5.084761547998096,0.0,2
2023091709,3207,0.816,1,51.5900001525879,14.9899997711182,8,1.2316657353777436,0.4753945183951691,-0.3102806442614725,4.2544212297326665,0.1642,2
2023091709,3232,0.0,0,57.1199989318848,11.8500003814697,11,6.83814380054287,2.2232419647859993,0.004054269655614244,5.590939098219556,0.0,2
2023091709,3255,0.6087,1,65.4899978637695,28.4099998474121,11,1.1739269886111354,1.5220068773487867,-0.5766137427499212,1.5988120589988055,0.1272,2
2023091709,3278,0.0,0,59.5299987792969,32.560001373291,7,4.062142673212922,0.7302725150040832,0.36754747538134525,4.770010482168776,0.0,2
2023091709,3303,0.1792,1,66.8199996948242,46.0999984741211,11,2.637611459989836,0.9143842682867784,0.27454687773109016,2.05528586819449,0.0,2
2023091709,3326,0.0,0,64.0500030517578,34.2400016784668,7,5.158000843547681,1.5415541894010174,-0.3208062232792485,3.2784447532328533,0.0,2
2023091709,3390,0.0,0,81.7600021362305,10.9499998092651,9,4.870521466733777,0.7574284137633304,0.23254025420064747,6.958110375669529,0.0,2
2023091709,3480,0.0,0,83.0,47.6100006103516,13,7.209438634174136,3.74766653473425,0.2625376322590994,5.716861026822318,0.0,2
2023091709,3503,0.682,2,89.0599975585938,27.6499996185303,9,1.6388432833678819,0.2657087729915172,-0.19391727649199386,3.6640005458514793,0.0,2
2023091709,3640,0.8314,1,74.1900024414062,30.5900001525879,7,0.7780116359790578,0.8146795829538784,-0.4304797404255391,1.0373041983912017,0.467,2
2023091709,3736,0.5873,1,44.1199989318848,32.6100006103516,10,1.238225134277159,2.5805433898721826,-0.328499637106364,0.826377637645158,0.0,2
2023091709,3812,0.0,0,15.6700000762939,44.5400009155273,10,6.6239713419833715,6.47521381864669,-0.6747636589390799,2.9217118269945788,0.0,2
2023091709,3889,0.0712,1,48.8199996948242,22.1800003051758,8,2.786323902763918,0.7430339047076296,0.1704086800765764,2.682629307228262,0.0,2
2023091709,3944,0.0,0,42.2599983215332,29.5900001525879,7,6.327481247155808,1.332217841129421,-0.15596516984995087,5.290793891279453,0.0,2
2023091709,4189,0.6219,1,43.5299987792969,13.789999961853,8,1.260358311705236,1.308167550698202,-0.16967156881448472,2.385372088375314,0.1261,2
2023091709,4212,0.0,0,43.3600006103516,6.01999998092651,10,3.763840514240916,0.6735721516185216,-0.5139310825640327,5.108825696772201,0.0,2
2023091709,4269,0.0393,1,58.2999992370605,39.310001373291,11,2.884529260480465,1.7884632013438955,-0.20191271958654203,5.624677768548161,0.0,2
2023091709,4294,0.6496,1,74.1399993896484,35.4500007629395,10,1.7034386716599588,0.7473294515842014,0.6119630099346871,3.38053250243212,0.0,2
2023091709,4317,0.0,0,62.7200012207031,37.2799987792969,7,3.664926700457981,1.775640158826054,-0.062757345261727,4.976072748664354,0.0,2
2023091709,4342,0.9888,2,107.879997253418,43.8699989318848,28,0.9486849482901005,3.471903539065989,-0.45075735416245716,2.959256663420731,0.0,2
2023091709,4372,0.0,0,61.8800010681152,23.1399993896484,7,13.679998931884818,0.40521479809393457,-0.28172926792871383,14.915025980533859,0.0,2
2023091709,4397,0.0,0,80.6699981689453,19.6499996185303,8,5.716379505845458,1.2682283181746765,-0.24108035921491397,3.5192328709535574,0.0,2
2023091710,100,0.0,0,46.3899993896484,10.4899997711182,8,6.485985518889629,0.5142960783811873,-0.5137032544950251,6.851430507565556,0.0,2
2023091710,172,0.7786,1,82.0100021362305,47.6199989318848,17,1.396281799120316,0.25080055539172275,0.1540469543086514,0.9352005132590565,0.0,2
2023091710,230,0.4375,1,90.0199966430664,19.9500007629395,6,1.984064874114391,0.48414657543560075,0.36587208132438476,6.579977203607926,0.0939,2
2023091710,321,0.0,0,106.849998474121,46.3199996948242,10,3.3452068745006156,0.8947076415894468,-0.44994181652122833,2.7940114530903477,0.0,2
2023091710,402,0.3061,1,80.1100006103516,36.7900009155273,9,2.0817307856603877,0.5852352562662764,-0.01475550781392696,2.4730952266340243,0.0,2
2023091710,467,0.7068,2,44.9099998474121,38.0,8,1.1808896464342884,0.5869412834265925,-0.0375633366555781,2.4742069436488103,0.0197,2
2023091710,521,0.0,0,46.8699989318848,8.93000030517578,10,5.7112618808034865,0.343657262883071,-0.610829661035609,8.414279529466558,0.0,2
2023091710,689,0.0,0,71.2399978637695,35.5900001525879,8,3.7171205812636443,1.593139543015646,-0.19433580654528998,1.1666190466471877,0.0,2
2023091710,805,0.2298,2,22.4200000762939,34.9099998474121,10,2.6851628500996076,0.3640053687067336,-0.6070663833843819,4.5330012133243525,0.0,2
2023091710,921,0.0,0,62.5099983215332,6.17999982833862,9,11.601723165120271,1.368575435986858,0.5513987845120316,5.206928077091136,0.0,2
2023091710,973,0.2459,1,48.5099983215332,44.0200004577637,11,2.3436066785612666,1.0007980214261682,-0.045708291977573166,3.962473974677944,0.0,2
2023091710,1020,0.2815,1,48.2799987792969,12.8699998855591,9,2.250198772043043,0.3413197573974485,0.0013850997651745957,4.753104248804142,0.0,2
2023091710,1067,0.3432,1,32.9300003051758,16.8199996948242,8,2.0470713035043766,1.0645188139135893,-0.06880069134717637,2.7888707392061045,0.0,2
2023091710,1137,0.6896,1,26.5699996948242,12.8000001907349,9,0.9310744471629525,0.30083228184196653,0.12299308824836663,0.923471710449215,0.008,2
2023091710,1250,0.0,0,54.9199981689453,34.939998626709,10,4.68351146065171,2.9585277612838863,0.5103658633966939,1.655173706896044,0.0,2
2023091710,1322,1.3355,2,70.1900024414062,22.6399993896484,10,1.1317679235686844,0.8065359458448436,0.17737570164073926,1.995845685417583,0.5518,2
2023091710,1345,0.878,1,43.3899993896484,3.26999998092651,30,1.1820749702110354,1.6769322787984768,0.5456000732361511,2.0172506041640013,0.0,2
2023091710,1394,0.9541,2,54.5800018310547,25.8099994659424,10,1.6786310163141673,0.40607796838772214,0.38729816993777927,1.6260688792299063,0.0,2
2023091710,1460,0.4933,1,84.8600006103516,9.67000007629395,7,1.8630088129578792,0.30413860313578855,-0.5876274551528153,3.7571931012392734,0.093,2
2023091710,1485,0.0909,1,66.0800018310547,15.789999961853,12,2.7272345491887737,0.6815441511490934,-0.7101547952783432,3.898525362236333,0.0,2
2023091710,1510,0.0,0,68.0500030517578,28.8199996948242,7,10.221793341315319,0.2729498553664259,0.08217867021096108,10.691234727570059,0.0,2
2023091710,1538,0.7093,1,55.4300003051758,49.2200012207031,10,0.9936293872126094,2.2150387618076453,-0.4916185213317053,4.475175974193645,0.0,2
2023091710,1561,0.0,0,54.7999992370605,36.8400001525879,8,4.6072221326325575,0.4750783594654705,0.2840060187772465,3.123347563112371,0.0,2
2023091710,1678,0.0707,1,21.0599994659424,36.3199996948242,7,2.809269914369697,0.9265523843713492,0.42620517486131354,7.3401498622303345,0.0,2
2023091710,1820,0.7399,1,8.97999954223633,10.7299995422363,12,1.4926487629681455,0.6053922759167769,0.2675324326380244,1.3238202294873698,0.0,2
2023091710,1899,0.5053,1,38.7099990844727,15.0799999237061,7,1.7041721994674275,1.9059125878064815,-0.3895128914890478,4.892412492830098,0.3232,2
2023091710,1924,0.6624,1,45.6399993896484,23.0400009155273,6,1.5512896344753522,0.545620005302897,0.025237614932223113,5.5331907612154465,0.4441,2
2023091710,1949,0.2226,1,50.0900001525879,14.3999996185303,8,2.4960971699531624,0.8221918260381219,-0.14291762995799048,6.384770943424674,0.0,2
2023091710,2266,0.0,0,85.9499969482422,26.0200004577637,5,6.341006403327544,1.4176758080268916,0.150384381141367,8.915447268645579,0.0,2
2023091710,2452,0.0,0,85.4899978637695,2.4300000667572,15,4.231902361911333,0.6040716619964693,-0.306251643102906,5.570897593745554,0.0,2
2023091710,2627,0.0,0,117.769996643066,5.67999982833862,16,3.541891279936872,0.4816661416845259,0.040644164845569104,2.2019309707617984,0.0,2
2023091710,2686,0.0,0,70.4599990844727,50.6399993896484,10,3.685429828063428,0.6030751477140648,0.21349918803449364,4.1269964865504765,0.0,2
2023091710,2822,0.0,0,73.0400009155273,14.5900001525879,9,3.803681907182348,0.6835194959678302,-0.39546731011392733,3.9392638906272825,0.0,2
2023091710,2849,0.4997,1,75.9599990844727,8.4399995803833,9,1.9809092740001664,1.3060246130598163,0.5666030057577979,3.5599016840356743,0.0,2
2023091710,2958,0.0,0,89.3499984741211,40.5699996948242,9,6.827545588259952,0.5403687299060083,-0.2683517289923663,8.633336550835947,0.0,2
2023091710,3029,0.0,0,35.5400009155273,13.0900001525879,10,11.930602588255898,0.43381997547260087,-0.5942922464072038,13.921770720709343,0.0,2
2023091710,3145,0.1414,1,67.5400009155273,11.5600004196167,10,2.60754574714559,1.2403623482208364,-0.5431457772170927,3.473110997362454,0.0,2
2023091710,3223,0.0,0,27.7999992370605,3.61999988555908,15,6.340354234384262,0.43931738441847923,-0.560001162543481,5.606647839841554,0.0,2
2023091710,3299,0.0,0,19.1900005340576,5.65999984741211,10,3.090324093263361,1.3645880159177415,-0.599952624222897,5.3572100948161445,0.0,2
2023091710,3372,0.8288,1,47.2299995422363,4.59999990463257,12,0.6453683044099828,0.10197996010087114,0.6721293860842906,1.6337992532744054,0.3681,2
2023091710,3425,1.3011,1,56.9000015258789,3.71000003814697,7,0.07280148141974721,7.867869851698605,-0.27685892113309585,1.9821453024437932,0.6141,2
2023091710,3659,0.6886,1,60.8800010681152,49.3400001525879,21,0.9340765537041852,1.768162115199347,-0.6546431984048516,1.2965338406690348,0.0,2
2023091710,3682,0.0,0,39.25,15.4300003051758,10,4.61566871435375,0.5314133135925194,-0.175293232537511,6.634892614051863,0.0,2
2023091710,3707,1.47,2,74.5199966430664,51.8400001525879,22,0.6129419817047135,1.6700332976384769,-0.7286882574336551,2.404350224073026,0.9243,2
2023091710,3815,0.0,0,52.2299995422363,13.4700002670288,8,3.3021811486872217,0.24515351604604088,-0.19032204563017108,1.883215335536539,0.0,2
2023091710,3860,0.9816,1,97.9100036621094,50.25,29,0.7038451693904954,0.32649935844977523,0.3297336929875399,1.476482306023339,0.0,2
2023091710,3973,0.0,0,44.9300003051758,29.5499992370605,6,6.18596040563935,0.7244998043004104,-0.06708109517142757,4.200297608503473,0.0,2
2023091710,4021,0.4496,1,79.1699981689453,0.490000009536743,19,2.2461060211543704,1.656802918756942,0.583836842801725,0.6105735008989459,0.0,2
2023091710,4044,0.0,0,46.6399993896484,11.1300001144409,9,15.326607922359493,0.6476115615947053,-0.02779975729235303,11.81005080429377,0.0,2
2023091710,4103,1.1618,1,65.0800018310547,40.5099983215332,8,0.5348820493986038,2.020023064813669,0.441880278801116,5.428904125143492,0.7163,2
2023091710,4152,0.2383,1,52.8199996948242,39.5200004577637,9,2.539488511737266,0.7595391050498235,-0.11221795384815646,2.9447750338523324,0.0,2
2023091711,102,0.0,0,49.560001373291,13.9499998092651,13,6.180656295853153,0.7660927655706388,-0.5405181038931626,4.200428549564918,0.0,2
2023091711,182,0.0,0,80.629997253418,13.3599996566772,10,8.362119717925454,1.174565368135661,-0.6112563862234849,9.868540925587737,0.0,2
2023091711,271,0.3156,1,65.3600006103516,6.3600001335144,10,2.080096506484342,1.1179001646831686,-0.40658448464058833,1.9382982226685341,0.0,2
2023091711,504,0.0,0,40.3800010681152,3.40000009536743,9,4.446267042022977,2.535388783770178,-0.10770632911190968,2.9042382822351205,0.0,2
2023091711,551,0.0,0,54.939998626709,4.07000017166138,11,4.239871664489418,1.6601216873705695,-0.3546263947332856,6.141416774653872,0.0,2
2023091711,622,0.0,0,68.6500015258789,46.3199996948242,10,3.440129288306781,1.2714155511336804,-0.5309745756325133,5.270341544909585,0.0,2
2023091711,675,0.5722,1,83.2799987792969,23.3700008392334,10,1.7210460808557697,2.016458770293143,-0.23679640336434243,1.5037619492459615,0.0,2
2023091711,720,0.0,0,83.2399978637695,6.42000007629395,9,4.75464196992274,2.354762946183655,-0.4663557915760229,3.180015723231576,0.0,2
2023091711,750,0.6437,1,92.8199996948242,33.4900016784668,10,1.069018029942803,7.886095314365291,-0.5633190286926917,5.240610651441308,0.6263,2
2023091711,855,0.0,0,24.7399997711182,16.3899993896484,30,3.370534696637322,0.32557670718465287,-0.38825348673204385,7.8307151652962075,0.0,2
2023091711,1031,0.0,0,42.0099983215332,7.98999977111816,16,3.175214924424334,3.431105999369461,0.5031946659099786,3.1745550869373833,0.0,2
2023091711,1082,1.2791,1,68.2799987792969,50.9900016784668,27,0.9604164078763097,0.6103278182916535,-0.8679213989021494,1.2296747537458876,0.0,2
2023091711,1232,0.1624,1,96.120002746582,26.4400005340576,7,2.5446588721561043,0.7961129695579761,0.37637927762914747,3.0802110317314333,0.0,2
2023091711,1363,0.0546,1,72.1999969482422,44.3400001525879,12,2.8362104551854364,1.0826808984487577,-0.027947692629874333,1.1278741064498288,0.0,2
2023091711,1577,0.0,0,60.1500015258789,30.7000007629395,8,6.3747170191772735,2.728095929492863,-0.14388354141364684,4.760598701844134,0.0,2
2023091711,1680,0.0,0,31.5799999237061,40.7400016784668,9,8.182768529209161,0.7741431785080171,-0.7010149049693528,7.152684810614822,0.0,2
2023091711,1784,0.1388,1,12.8100004196167,41.4700012207031,6,2.58373762905697,0.722495991521989,-0.09747953399682162,1.8890473789717381,0.0,2
2023091711,1807,0.0214,1,6.8600001335144,30.8099994659424,8,2.935745247385627,2.633040485379463,-0.04612289903075502,1.8744599222175946,0.0755,2
2023091711,1960,0.0,0,38.25,21.0200004577637,7,8.172404354979259,1.9922350706637189,-0.36174596067615217,6.541223127214058,0.0,2
2023091711,2035,0.0328,1,76.0800018310547,24.9099998474121,9,2.9107562248564456,1.7888562108152255,-0.226865709929295,5.776988835024699,0.0,2
2023091711,2060,0.0,0,70.879997253418,23.8199996948242,7,6.858867713748755,1.5357381073710217,-0.24002973888622137,9.052872472315077,0.0,2
2023091711,2118,0.0,0,77.6999969482422,40.6399993896484,10,5.279864534895359,0.4177301158843426,-0.5943255092074426,8.796732347866442,0.0,2
2023091711,2150,0.525,1,47.3499984741211,49.9700012207031,20,1.879629017365852,1.888621890497831,-0.7384709607092557,1.294024729284572,0.0,2
2023091711,2456,0.0,0,55.5200004577637,21.9200000762939,7,8.330071845414505,1.9682475828419823,-0.32198786095033954,5.293410998590605,0.0,2
2023091711,2539,1.0013,3,110.269996643066,29.6499996185303,19,0.6603817280984464,1.546515248279055,-0.5985649603994634,2.469696337609141,0.0,2
2023091711,2647,0.5488,1,49.2200012207031,6.69999980926514,20,1.353662933339988,2.848384386129567,0.45790809323511916,2.668332812825272,0.0,2
2023091711,2693,0.5731,1,64.2200012207031,5.28999996185303,13,1.2808212009341549,6.3403876421380465,-0.7513198629691121,2.414062965210312,0.0,2
2023091711,2863,0.0,0,82.8099975585938,22.2700004577637,8,5.146622365323321,2.312252032209139,-0.42028559129617554,5.3285363844117635,0.0,2
2023091711,2939,0.0,0,63.7700004577637,19.6200008392334,7,13.162375184252628,3.1752962174293935,-0.519999474400264,12.987120543061117,0.0,2
2023091711,2998,0.0,0,52.1699981689453,18.5200004577637,8,4.6788869235129935,3.045289810495996,-0.21277134560946273,1.2601587201618671,0.0,2
2023091711,3023,0.0,0,41.7999992370605,11.0600004196167,7,9.257347585900174,1.9126945458491023,-0.5408865398165801,9.005026374197913,0.0,2
2023091711,3073,0.0,0,28.4899997711182,27.7000007629395,5,7.465393139246706,2.8000712042339435,-0.07111010349254142,6.36586207830487,0.0,2
2023091711,3211,0.0,0,29.5599994659424,45.6100006103516,12,4.447606666490976,1.816039867282954,-0.4341620119458097,1.4903690818049073,0.0,2
2023091711,3369,0.0,0,18.7099990844727,21.2800006866455,7,4.542796376143403,2.401603057181636,0.18702629021524114,2.240089283934905,0.0,2
2023091711,3511,0.0,0,52.0699996948242,18.6800003051758,10,6.406473714176935,6.542904191845676,0.3954743353384155,1.792344832893486,0.0,2
2023091711,3747,0.0,0,42.6199989318848,24.1499996185303,8,4.581898234262711,0.781855630490733,-0.33905385020213985,4.8668367550186025,0.0,2
2023091711,3794,0.0,0,28.0,36.1300010681152,8,4.785184994174009,1.9547373368387577,-0.13043227314529385,5.106623150380299,0.0,2
2023091711,3873,0.0,0,34.1800003051758,27.3600006103516,6,6.180493238697396,1.2220062769154372,-0.30148514108602015,7.552304284124152,0.0,2
2023091711,3920,1.7912,2,52.7299995422363,1.55999994277954,7,0.370134781182536,7.757351798370125,0.1899083624924265,2.7869158580768074,1.6722,2
2023091711,3943,0.3175,1,58.189998626709,19.1200008392334,10,2.1317838432715797,3.0813162577165696,-0.5578450721457289,2.1461127649776497,0.0,2
2023091711,4035,0.0,0,77.2200012207031,49.439998626709,7,8.870319554057387,0.46097697461102066,0.35212425518662477,10.012442259508925,0.0,2
2023091711,4071,0.0,0,98.9899978637695,36.3300018310547,6,8.11791508672227,2.687937921944039,-0.17153054865419085,3.5918379696194505,0.0,2
2023091711,4096,0.0,0,100.559997558594,46.1699981689453,9,4.693828306396471,0.8910698039529892,-0.3623902344671598,7.401303939171805,0.0,2
2023091711,4219,0.0,0,106.860000610352,19.6299991607666,6,3.4772694863569487,2.8565878442003414,-0.2138003096838026,3.113278015211619,0.0,2
2023091711,4471,0.0735,1,30.2600002288818,6.8899998664856,13,2.8171086843999387,1.6888455011681762,-0.20823098707184123,2.461970755309652,0.0,2
2023091711,4501,0.0,0,35.7000007629395,50.5999984741211,11,4.406005832524829,1.3616545049040527,-0.30583759345095646,9.17163562294098,0.0,2
2023091711,4524,0.0314,1,35.6800003051758,48.3600006103516,12,2.9059416629110912,3.1087611850956423,-0.3355638137447584,1.5915401345866262,0.0,2
2023091711,4592,0.0,0,58.5800018310547,51.5499992370605,17,3.544190465610208,1.9849416959651198,-0.5440918330106517,4.374757136116243,0.0,2
2023091711,4627,1.0941,3,104.379997253418,28.1399993896484,40,1.1060317443411405,4.671672633577848,-0.888695631657685,3.4698270850288804,0.0,2
2023091712,56,0.247,1,80.9000015258789,31.5499992370605,8,2.271784605723583,0.6488468328714834,-0.28131216233845197,3.815874735889532,0.0,2
2023091712,81,0.0,0,82.0699996948242,44.8199996948242,9,6.321217987902802,0.4904077880541548,0.08012582267660928,7.478462408811059,0.0,2
2023091712,318,0.0235,1,35.0,47.2000007629395,13,2.9386568849936503,2.344119630358284,-0.663241777962457,5.320620264593217,0.0,2
2023091712,343,0.0,0,46.2900009155273,37.3499984741211,8,6.156403795767187,1.4242545100602877,-0.34975092897231763,4.870256666747655,0.0,2
2023091712,420,0.0,0,60.5699996948242,9.77000045776367,10,8.51112820078059,0.7280115254927704,-0.6271476321497815,12.057611703815974,0.0,2
2023091712,445,0.0,0,77.870002746582,14.8800001144409,8,3.051034945138711,1.3699979684661356,-0.3590472620128758,1.9812369873389712,0.0,2
2023091712,643,0.2614,1,77.8899993896484,4.34000015258789,11,2.237877831636766,0.4785389630792194,-0.505234750209422,5.1634968771172876,0.0,2
2023091712,683,0.4497,1,69.3000030517578,2.82999992370605,13,1.6509714843237997,0.5728023773395788,-0.3042086460629535,1.130530848760881,0.0,2
2023091712,719,0.1327,2,59.0299987792969,36.3699989318848,12,2.739799449849072,1.0160698514954107,-0.396038000576309,2.9524396691549812,0.0,2
2023091712,788,0.7401,1,17.4699993133545,3.8199999332428,28,1.1013634077517742,0.332866953232892,0.536129602878659,3.43198193468439,0.0,2
2023091712,811,0.0,0,46.3400001525879,31.1499996185303,9,5.6086454936987105,1.536001652756484,-0.006585793832777825,3.357260788202188,0.0,2
2023091712,894,0.3317,1,66.6500015258789,-0.259999990463257,15,2.1758909565802855,1.0140010468340481,0.6988018299920803,5.206323078718803,0.0,2
2023091712,922,0.0,0,71.8600006103516,45.6800003051758,14,4.060788393941716,1.2727924219278328,-0.8081512337606572,6.944710217136499,0.0,2
2023091712,991,0.1631,1,47.7299995422363,15.5299997329712,11,2.510776242293878,1.620030374360038,-0.2751497003787373,4.9131863388233095,0.0,2
2023091712,1245,0.1363,1,43.0800018310547,17.9400005340576,10,2.591137911944183,2.0523636428580376,-0.25738039400184665,1.5339491516996246,0.0,2
2023091712,1304,0.0,0,80.9100036621094,54.5200004577637,27,3.5045426335612557,3.1626760465473724,0.5668656599835789,2.6703183330831513,0.0,2
2023091712,1493,0.0,0,81.629997253418,38.7999992370605,11,4.754290914363199,1.761389510707711,-0.48363731199088444,5.201047971322702,0.0,2
2023091712,1579,0.0,0,44.7599983215332,19.3700008392334,8,10.912424168134425,1.8744883917099553,-0.3459634213784633,8.920947259119965,0.0,2
2023091712,1639,0.0,0,57.9099998474121,32.6599998474121,8,4.108138433841013,1.9386853158221076,-0.3203385884793609,4.455838866027362,0.0,2
2023091712,1712,0.0,0,68.75,45.5400009155273,10,3.9792456766058244,2.6099993370320287,-0.33623214980543537,5.55666266746506,0.0,2
2023091712,1848,0.4181,1,89.0899963378906,34.2799987792969,9,1.745626202787634,0.9207100557998066,-0.4414518988392242,3.7052665221276615,0.0,2
2023091712,1921,0.0,0,87.620002746582,11.3000001907349,10,11.95321554190486,2.2419865013298295,-0.6255522144997862,9.656759290776597,0.0,2
2023091712,1946,0.0,0,79.4400024414062,8.77999973297119,10,5.125438926174916,0.33060792587741633,-0.3895276179264652,5.851401541511228,0.0,2
2023091712,2003,0.0,0,59.7000007629395,18.0599994659424,9,4.269999237060529,1.9568599928189034,-0.42626581958003057,2.4816929705344255,0.0,2
2023091712,2028,0.0,0,43.8899993896484,39.1399993896484,9,3.0632005257472255,1.9660364949594482,-0.48363452800629386,4.46014573752921,0.0,2
2023091712,2053,0.0931,1,35.7200012207031,14.8500003814697,10,2.7390699857621925,0.710634182592475,0.2143492645047697,2.0240800379431665,0.0,2
2023091712,2078,1.3318,2,15.8400001525879,48.7999992370605,18,0.45276851548428315,0.9104950616696954,-0.5969919218023847,3.0549795416663583,0.0,2
2023091712,2184,0.5116,1,10.0799999237061,43.5699996948242,9,1.6042441297712295,0.8523497856899545,-0.373264870451078,1.171537451385997,0.0714,2
2023091712,2480,0.0,0,62.3600006103516,6.73999977111816,10,3.70595526422971,0.37656329624259294,-0.0,6.600613607839799,0.0,2
2023091712,2579,0.0,0,22.9699993133545,4.76999998092651,12,4.809834334004897,0.7762088933067172,-0.6365529844783225,8.380095464850028,0.0,2
2023091712,2611,0.0,0,30.9599990844727,17.5900001525879,7,8.654999311900015,0.8318659276780737,0.048136666032451106,5.14716426782748,0.0,2
2023091712,2685,0.3205,1,46.8800010681152,14.1899995803833,8,2.038552425501384,1.586441439717145,-0.43266794876817605,2.3881582862113624,0.0,2
2023091712,2732,0.8194,1,69.5599975585938,49.6399993896484,21,0.5423094918654225,1.1765216782038967,-0.5432108932151946,1.3008458786497379,0.0,2
2023091712,2828,0.0,0,76.379997253418,19.5,8,6.795302271348312,2.4850971078622854,-0.1789815177510084,6.689073179447214,0.0,2
2023091712,2853,0.7121,1,80.8199996948242,24.6900005340576,7,0.86371241177225,3.6165320477958938,0.08058761274962241,6.174139616173245,0.3612,2
2023091712,2935,0.0,0,32.7599983215332,56.0099983215332,20,6.994489122103862,7.906263373877385,0.3749134723218672,1.5623699945915515,0.0,2
2023091712,3011,0.0,0,36.689998626709,49.5699996948242,12,3.5228526078773394,0.5099986446606418,-0.08480992197700592,3.597360143216137,0.0,2
2023091712,3163,0.0,0,19.3600006103516,34.810001373291,7,3.8991932454150575,0.20615435608426302,-0.46274287066371383,2.276927754672952,0.0,2
2023091712,3215,0.2749,1,33.2599983215332,22.2399997711182,14,2.2127357179762797,4.0949963831627425,0.21922581695251436,1.1496521212958293,0.0,2
2023091712,3306,0.3354,1,64.5199966430664,26.6700000762939,9,1.9937142093548013,0.970157898317326,-0.2500556070077471,2.402040798987396,0.0,2
2023091712,3331,0.5844,1,79.3199996948242,50.3300018310547,10,1.6003131235821815,1.6824085844476038,-0.06983343358728565,1.4492066795319447,0.0,2
2023091712,3479,0.9461,2,110.300003051758,7.38000011444092,9,1.9060181737821136,1.672151612861919,-0.17822190762616172,2.521447996687618,0.4966,2
2023091712,3576,0.1123,1,66.8300018310547,49.0200004577637,11,2.6629513645758713,0.4295338006399568,-0.42532965320007954,4.616925383845839,0.0,2
2023091712,3606,0.6864,1,25.9699993133545,6.84999990463257,30,0.9408499969369887,1.4787150422558548,-0.8199883941786447,7.448704585362475,0.0,2
2023091712,3844,0.0,0,45.8499984741211,36.5200004577637,7,3.0222027714363167,0.8544008102942094,-0.024219365463899953,7.389722592898873,0.0,2
2023091712,3903,0.0,0,52.9700012207031,36.7599983215332,7,12.519858624571322,1.3122879409249124,-0.3040485698554683,11.943219833863894,0.0,2
2023091712,3928,0.8042,1,104.73999786377,20.8600006103516,32,1.4582501729472923,2.311382710190169,0.631012282346665,0.9079647570252943,0.0,2
2023091712,3951,0.1071,1,69.6800003051758,32.7900009155273,14,2.678599563910276,1.6726318471628907,-0.2366989333920828,3.183975502418318,0.0,2
2023091712,3976,0.4289,1,79.9000015258789,10.4499998092651,11,1.7133000247906152,0.8521138920498706,-0.06281281960622347,1.0867382389517726,0.0,2
2023091712,4055,0.9098,1,109.25,2.45000004768372,13,0.7021395730001566,0.4026164309404905,0.17226825892118425,1.293213052826184,0.0,2
2023091712,4328,0.0,0,56.7700004577637,27.6499996185303,7,4.196879202016204,1.3644408520732703,-0.01663748475332307,4.361112243453495,0.0,2
2023091712,4353,0.0,0,62.4799995422363,31.4099998474121,9,5.417758292539677,1.2706301530020752,0.14362369881208653,2.0341583025910284,0.0,2
2023091712,4405,1.1208,2,75.1500015258789,15.8699998855591,9,1.472006589543871,0.4999987106330114,-0.11303768467997463,3.0723606559126506,0.0,2
2023091712,4428,0.3118,1,75.620002746582,26.4799995422363,12,2.0646039746526332,1.2776905540322758,-0.5100292855965324,1.8509727172489547,0.0,2
2023091712,4453,0.1213,1,79.5899963378906,45.2400016784668,14,2.69119280948231,0.5990866130316411,0.11276790791513833,1.7397988389466148,0.0,2
2023091800,101,0.1671,1,73.6600036621094,33.439998626709,7,2.6237534777541494,1.6484273909319014,-0.39861537275776365,4.482287362496968,0.0,2
2023091800,148,0.1875,1,49.6699981689453,51.4300003051758,17,2.437416135627314,1.3324020332565012,-0.558883699032321,1.6700299398513734,0.0,2
2023091800,429,0.5226,2,75.379997253418,24.2800006866455,10,1.8635741678846982,0.9160796636107792,0.07450763512106205,2.9124731758421354,0.0,2
2023091800,523,0.0,0,75.5800018310547,38.9900016784668,9,3.0265018133687835,1.0818984138368148,0.8677816915403347,2.7051247660690274,0.0,2
2023091800,646,0.0,0,70.0899963378906,15.6499996185303,7,3.560333720222627,1.7630054583489834,-0.25873822240080885,3.821020806015065,0.0,2
2023091800,720,1.0392,1,55.1599998474121,34.6500015258789,6,0.46043575048491453,10.56172683569469,-0.5632641266966231,5.797240722964675,0.7456,2
2023091800,743,0.0,0,50.6500015258789,15.6300001144409,7,3.725924216908315,0.8077762242345378,-0.26634995286300883,5.808967205966997,0.0,2
2023091800,790,0.0,0,46.3800010681152,12.2399997711182,10,8.361675564165175,0.5981648379853293,0.09441488673069263,7.825215651980461,0.0,2
2023091800,837,0.0,0,25.0400009155273,7.28999996185303,9,3.061846720371692,2.2383260020205915,-0.5510291110942825,4.731437413725345,0.0,2
2023091800,881,0.0,0,24.4300003051758,36.9900016784668,5,10.870041698807634,0.8839126700524832,-0.0723354956288411,10.997017777561334,0.0,2
2023091800,1027,0.0,0,28.3299999237061,26.0400009155273,7,6.093702575937274,1.5014666169961224,0.21178413578747335,2.463757293241359,0.0,2
2023091800,1072,0.0,0,87.5599975585938,42.5900001525879,9,4.042088607776533,1.6859996015355843,-0.7369288037110489,6.147137545231924,0.0,2
2023091800,1102,0.5963,1,69.8000030517578,7.19999980926514,18,1.211035658512881,1.5788948107470955,-0.6209813634378938,0.8786353054595505,0.0,2
2023091800,1236,1.0165,1,79.0699996948242,17.5499992370605,9,0.37802074363431465,0.041231722403013774,-0.36085406182583063,1.0323274674249456,0.453,2
2023091800,1340,0.9113,1,112.559997558594,4.23999977111816,23,1.2847178868662972,1.562625382178425,0.45566193527989607,1.077821877677388,0.0,2
2023091800,1363,0.6305,1,103.540000915527,3.57999992370605,21,1.1086018205481019,1.6378334858978025,-0.7084941333006352,1.15433963806152,0.4302,2
2023091800,1454,0.4884,2,117.169998168945,27.6399993896484,11,2.2141604352688766,2.1300957943873597,-0.17797497683466987,2.0941824180333386,0.0,2
2023091800,1477,0.0,0,107.790000915527,33.0800018310547,9,3.8265499294793415,1.154341065674666,0.20374779169621976,5.968483894591655,0.0,2
2023091800,1646,0.0,0,42.4599990844727,43.560001373291,9,4.902296253816467,0.4560700495970134,-0.4453930025727066,4.5170787019931335,0.0,2
2023091800,1705,0.2192,1,57.689998626709,34.2599983215332,8,2.4701804844952666,1.6107473375667287,-0.3504228065958612,4.608958667638495,0.0,2
2023091800,1730,0.0,0,67.0899963378906,8.35000038146973,12,7.941232047593694,9.767618271888779,-0.17185945030003805,0.6539113089708738,0.0,2
2023091800,1773,0.3648,1,90.6999969482422,16.7800006866455,9,2.362411336861936,0.43565729578157153,0.12585954319432316,2.9759872311554014,0.3236,2
2023091800,1854,0.7339,2,64.7699966430664,11.8500003814697,9,1.4241456752197899,1.0317430839168156,0.03581845861371461,1.6685922210054847,0.0691,2
2023091800,1920,0.1817,1,33.4199981689453,14.9099998474121,6,2.5109777259103856,2.197136032984745,-0.17724659444805452,4.307122008952153,0.0,2
2023091800,1945,0.8371,2,54.4799995422363,10.8900003433228,17,0.9044892955547327,2.469534780111898,-0.4305869497224924,2.001449474755733,0.7998,2
2023091800,1972,0.371,1,32.7599983215332,5.61999988555908,14,2.3597452876472995,0.631268571941488,0.8417218952033882,3.0709281984442423,0.0,2
2023091800,2098,0.0,0,53.5999984741211,16.3799991607666,8,5.986869708755147,2.3287983820631384,-0.19369019744888596,6.296101968678715,0.0,2
2023091800,2151,0.5372,1,63.6399993896484,15.1000003814697,7,1.600125694106268,0.2545586030720652,-0.2351142031077941,4.523549491273415,0.0,2
2023091800,2196,0.0,0,79.129997253418,53.1500015258789,20,7.119117646139856,2.8842004344368775,-0.13528399908168492,3.4012350697945033,0.0,2
2023091800,2430,0.0,0,78.379997253418,48.8199996948242,11,14.56555302919853,0.19924747037538865,0.5499320758734694,12.860559863396308,0.0,2
2023091800,2455,0.4508,1,52.7000007629395,4.94999980926514,18,2.146718326365718,0.8825537672228708,-0.535305235461247,1.9461757371830517,0.0,2
2023091800,2500,0.0,0,39.1800003051758,51.6199989318848,19,3.1488403200748936,3.4541126102012742,0.5732773136928541,0.7823042886243187,0.0,2
2023091800,2700,0.5005,1,39.1199989318848,31.1599998474121,10,1.498565723585888,0.4081662139426952,-0.10051157816919488,1.3038404810405289,0.0,2
2023091800,2839,0.0,0,37.5900001525879,19.6599998474121,7,3.826604265464073,1.5821818244315426,-0.14876870381870164,6.194481414937008,0.0,2
2023091800,2943,0.8329,1,73.879997253418,50.1599998474121,25,1.6001222506573272,0.9470455495037021,0.7368416315335796,1.2700000000000031,0.0,2
2023091800,2968,0.0,0,79.0999984741211,11.8599996566772,11,4.0935206535569915,0.8982220266423753,-0.010638385051848661,4.7660151069840255,0.0,2
2023091800,3042,0.0,0,97.8600006103516,18.6299991607666,8,4.203724435211947,1.4368010029901053,-0.41087300704698776,4.960252009726921,0.0,2
2023091800,3202,0.0,0,83.620002746582,20.9300003051758,7,4.60566166302472,4.095182212344461,-0.2741612039396666,0.5894064811316567,0.0,2
2023091800,3225,0.0,0,90.7200012207031,18.5699996948242,7,10.457505091466032,2.670299983513942,-0.06093495436573584,8.229082573409983,0.0,2
2023091800,3587,0.0,0,41.5800018310547,14.0799999237061,9,4.4249840503128635,1.381774052833726,-0.5939162491596351,9.470084476919938,0.0,2
2023091800,3634,0.0,0,69.9499969482422,4.55999994277954,7,3.5003601752665223,1.9285250236765192,-0.5763840613029523,4.5276925690687015,0.0,2
2023091800,3705,0.0612,1,94.129997253418,22.3099994659424,6,2.844294013470893,1.3197374834239721,-0.24402152780689587,4.080882257551671,0.0,2
2023091800,3852,0.6067,1,53.1599998474121,49.8499984741211,23,1.1800015258789103,1.3395901204010718,-0.8520120227378899,1.2304470732217583,0.0,2
2023091800,4057,0.0,0,39.2099990844727,39.1399993896484,8,4.926033249030836,0.26076877498107953,0.1332368807550635,6.579072883013227,0.0,2
2023091800,4114,0.0,0,51.25,55.939998626709,14,9.386670362768132,9.773703452679047,0.5444016460674292,1.9180198122021523,0.0,2
2023091800,4142,0.0,0,43.5,11.7299995422363,7,4.14030236913757,1.5741026486731204,-0.24448506442858176,5.420055350270881,0.0,2
2023091800,4167,0.0,0,47.0400009155273,6.09000015258789,10,4.015381993878528,0.23706595180198592,-0.45331758289198065,8.15138025122126,0.0,2
2023091800,4197,0.0,0,52.3199996948242,24.0,6,4.582488562803277,0.5714019506521594,-0.1828484045470198,8.355178035206672,0.0,2
2023091800,4222,0.0,0,78.2300033569336,1.11000001430511,20,3.3386248938397296,4.374771203833586,0.5576814456068411,0.8004998438475802,0.0,2
2023091800,4274,0.0,0,72.4400024414062,6.51000022888184,12,8.623552499332698,1.346290127894272,-0.6719538029401924,7.603058595065537,0.0,2
2023091800,4304,0.0,0,79.4199981689453,2.92000007629395,14,10.555857964526245,0.3807903082451835,0.06735452259222419,12.157520306378276,0.0,2
2023091800,4339,0.0381,1,106.559997558594,6.63000011444092,17,2.890329369649204,1.0867360082035733,0.6850323989118354,5.293203188996245,0.0,2
2023091800,4369,0.2253,1,107.970001220703,7.67000007629395,10,2.392319878920502,0.31304903917640226,-0.6232270876126302,3.063070355052268,0.0,2
2023091801,56,0.0,0,81.4199981689453,12.3199996948242,8,4.696082818206333,1.4860680188812865,0.12560414797180697,2.4216523284732663,0.0,2
2023091801,144,0.0,0,78.0100021362305,16.9500007629395,8,4.138793753367691,1.5134748591560128,-0.32089728697086506,4.773782567314936,0.0,2
2023091801,176,0.1296,1,73.5299987792969,45.0699996948242,7,2.6659320099070367,1.5283966719148567,-0.2405284398089061,1.7686718180600993,0.0,2
2023091801,230,0.0,0,59.939998626709,39.1399993896484,10,3.655473864270608,0.27658512553517567,-0.4447408967553362,7.103273893072118,0.0,2
2023091801,384,0.0,0,23.7800006866455,46.2299995422363,12,3.9831763624815877,3.8388808683934252,-0.6480037228148117,4.513734595653581,0.0,2
2023091801,592,0.0,0,19.8500003814697,-1.0,14,8.870541009585304,2.736512247887282,0.24839463529695213,5.77710134929274,0.0,2
2023091801,807,0.7516,1,86.129997253418,49.9700012207031,14,0.7451837054658652,0.22360387710571167,-0.5576656831677097,0.9073588044428719,0.9163,2
2023091801,911,0.5152,1,48.7099990844727,5.48000001907349,7,1.8270459912907906,1.2649102015534985,-0.4968196078060103,3.6540662281901795,0.4762,2
2023091801,1071,0.0,0,45.0699996948242,9.25,10,5.625700246127377,1.572800204151138,-0.4995025689549997,10.978693000535172,0.0,2
2023091801,1163,0.4923,1,100.169998168945,28.6399993896484,9,1.5232221482420754,0.20615383057095932,0.571699145798976,3.7835565279244827,0.0,2
2023091801,1216,0.4449,1,108.339996337891,11.0699996948242,6,2.248779080912419,2.5100036621090185,-0.12459040906232119,3.5943984197637286,0.469,2
2023091801,1304,0.3459,1,80.7399978637695,28.2000007629395,7,1.962368977638905,0.6451333764186712,-0.057607587672869144,2.676191323504359,0.0,2
2023091801,1351,0.0,0,78.3600006103516,15.7399997711182,9,10.323376911265575,0.6425736048951695,-0.013149586918729502,5.446953276832832,0.0,2
2023091801,1407,0.0,0,47.8400001525879,11.9899997711182,8,6.555188727902754,1.1011356740403033,-0.703697500475866,6.284910500556074,0.0,2
2023091801,1478,0.0,0,23.1100006103516,30.75,8,3.2503693168317342,0.22203663786654004,0.14170392142122545,3.4225283052153133,0.0,2
2023091801,1539,0.0,0,20.5100002288818,7.3899998664856,10,3.5696776558701413,0.5434153794826146,0.21688756327220046,8.166970062391563,0.0,2
2023091801,1615,0.0,0,47.7700004577637,12.6800003051758,9,6.061188453995977,0.26925778699911646,0.533886933724979,10.358928516019407,0.0,2
2023091801,1640,0.0,0,24.3799991607666,13.6899995803833,12,5.746173295742928,9.24175942282975,0.480177585222388,0.8886506625215577,0.0,2
2023091801,1743,0.719,1,61.75,52.0800018310547,22,0.842912989063685,1.0056824814131446,-0.547097178688898,1.48219431924428,0.0,2
2023091801,1838,0.0,0,92.4899978637695,33.8699989318848,7,11.40121309846378,0.9741652028341181,-0.4051241321930722,12.77989827815543,0.0,2
2023091801,1863,0.0,0,68.7900009155273,32.5800018310547,10,6.578022705558899,2.6174792701177507,0.018109063781053078,3.5960116796250876,0.0,2
2023091801,1945,0.5257,1,48.810001373291,26.0499992370605,10,1.6133502737587928,0.9749873985076192,0.18967996078097515,3.902832304878084,0.0,2
2023091801,1990,0.8908,1,44.939998626709,1.4099999666214,16,1.1672615505773614,1.7300299849976444,-0.27899624998160405,6.220289382335841,0.0,2
2023091801,2091,1.022,1,49.939998626709,51.8199996948242,14,0.9140027708193263,0.693542341617436,0.3455338697373548,1.007670581092845,0.0,2
2023091801,2116,0.3047,1,56.0900001525879,40.7299995422363,10,2.1666797850383595,1.170170767295953,-0.138074378831662,7.082492499113571,0.0,2
2023091801,2139,0.4262,1,40.2299995422363,38.2299995422363,9,2.0000254553129904,2.1455308668966433,0.5316526665846985,2.9449108645254496,0.0,2
2023091801,2253,0.0,0,25.5400009155273,11.1999998092651,8,7.598505505586474,1.0064787523407217,0.32556375502341894,8.66275360379135,0.0,2
2023091801,2308,0.0,0,52.8899993896484,10.3699998855591,8,9.925991727656095,0.5813778447487314,-0.5981762930037406,10.437058972718322,0.0,2
2023091801,2597,0.0,0,51.0999984741211,18.1100006103516,9,5.386243080883949,2.0725121318988715,0.08995265352397688,3.5300424926620906,0.0,2
2023091801,2698,0.0,0,73.2699966430664,8.90999984741211,9,7.811485919927971,2.5409660652856365,-0.13832109854441815,6.6826716214400275,0.0,2
2023091801,2723,0.1773,1,82.629997253418,13.1199998855591,7,2.52366886018079,2.0846350883417646,0.13157619747236124,1.5809174551506415,0.0,2
2023091801,2789,0.8333,1,81.379997253418,35.439998626709,6,0.500003021240507,0.05384960801036178,0.11124323209425743,0.5000999900019996,0.3782,2
2023091801,2955,0.0,0,51.6300010681152,12.25,13,3.3643577445700252,1.9109412034283626,-0.644175563629385,6.275746967493198,0.0,2
2023091801,3000,0.4827,1,51.4199981689453,8.39999961853027,11,1.5518390908555397,0.6352966408717449,-0.30537613617531495,4.387824062106415,0.0,2
2023091801,3131,0.0,0,67.0,51.8600006103516,12,4.22308000880197,4.700904718858057,0.4973442198689756,5.595614354116981,0.0,2
2023091801,3154,0.5318,1,69.5599975585938,24.3500003814697,6,1.7932376674881678,2.7580413585779198,-0.026450276818190833,2.4300205760445657,0.2537,2
2023091801,3179,0.2822,1,62.9900016784668,9.85000038146973,9,2.1534176016152364,1.798055915871943,-0.6181148475890881,2.8844410203711943,0.0,2
2023091801,3204,0.8182,1,7.8600001335144,7.69000005722046,32,0.9848856945810529,5.2344721937761,0.28162580497194245,3.4419325966671677,0.0,2
2023091801,3265,0.0,0,77.5500030517578,20.3899993896484,6,8.580737076691376,2.801893851537368,0.00957307311110108,8.177689160147871,0.0,2
2023091801,3509,0.0,0,107.98999786377,11.5,8,5.491536974166007,2.0338373275432198,-0.5279947880477548,6.715504448662066,0.0,2
2023091801,3554,0.5433,1,28.9599990844727,51.0099983215332,18,1.3700373991169437,1.3737920364195304,-0.6123333033075665,1.1080162453682714,0.7867,2
2023091801,3640,0.0,0,52.6100006103516,30.8600006103516,14,5.214526964863197,0.1878821301373413,0.3524581452079274,4.140591745149478,0.0,2
2023091801,3826,0.0,0,56.3899993896484,19.9699993133545,7,7.403815982594852,0.6129434006722237,0.03443348781602025,3.922371731491039,0.0,2
2023091801,4004,0.0,0,26.0799999237061,51.3800010681152,15,3.5105138523192196,2.588840883023871,-0.46668904778056375,5.456784767608118,0.0,2
2023091801,4169,0.2861,1,49.8600006103516,18.7999992370605,8,2.3547602012666706,1.2347055456361484,0.10837424734043351,3.17238080942374,0.0,2
2023091801,4371,0.0,0,28.4300003051758,9.85000038146973,9,11.712407559643772,1.6077625018799822,-0.45223836613497653,11.370070360380366,0.0,2
2023091801,4401,0.0,0,41.689998626709,45.75,10,4.922206143684415,1.7397135750939308,-0.3754358753485228,6.350787352761864,0.0,2
2023091801,4431,0.0953,2,56.5499992370605,15.1099996566772,11,2.810017452932517,0.820061732039134,-0.26340689815050294,3.7579382645275046,0.0,2
