game_id,play_id,crp,n_defenders_in_radius,ball_land_x,ball_land_y,num_frames_output,min_def_dist_arrival,rec_dist_to_ball,rec_closing_v,sep_at_throw,crp_at_release,week
2023090700,101,0.0,0,63.2599983215332,-0.219999998807907,21,4.865655010297731,3.145695059584158,0.31398396029972997,4.735652014242603,0.0,1
2023090700,194,0.6961,1,84.9400024414062,21.75,9,0.9118105004209333,1.3700015682037952,-0.5484157001086887,1.8832153355365413,0.158,1
2023090700,219,0.0,0,75.8499984741211,11.4899997711182,8,5.049830567794317,2.1512774858603163,-0.26656954525922943,4.906831971853125,0.0,1
2023090700,361,0.0,0,26.1000003814697,49.1800003051758,16,4.59922776482262,3.172884635725253,-0.12008465395419331,2.18013761033564,0.0,1
2023090700,436,0.0,0,34.8899993896484,34.8199996948242,7,3.393302828109024,0.8700581393056563,-0.1549581041386062,2.8727861041156535,0.0,1
2023090700,461,0.0,0,55.9099998474121,18.8299999237061,10,4.310568548703741,0.9333810051142596,-0.3556588264989184,3.8774218238411975,0.0,1
2023090700,530,0.256,1,88.6900024414062,15.1300001144409,8,2.3170864772485764,1.8069292664288017,-0.38973027552521267,3.4386189088062675,0.0,1
2023090700,621,0.4371,1,102.919998168945,18.2700004577637,7,2.190091884550219,0.9144413961652833,0.0992536189102397,1.4698639392814536,0.3613,1
2023090700,713,0.4645,1,79.9100036621094,8.97000026702881,8,1.6065526657276146,1.6810742458709993,-0.41787933613916695,1.387083270751974,0.3247,1
2023090700,736,0.0738,1,68.4700012207031,40.4500007629395,15,2.778526141047026,1.791759516997172,-0.7754043713632846,2.0784850252046496,0.0,1
2023090700,877,0.0,0,83.0599975585938,17.7099990844727,10,7.476927058118709,1.3154870492576065,-0.14798018765208606,5.272731739810009,0.0,1
2023090700,902,0.053,1,88.370002746582,31.4400005340576,7,2.842708387160767,1.39086227347547,-0.09273821454536113,3.658537959349329,0.0,1
2023090700,1001,0.0,0,115.610000610352,34.7999992370605,12,4.809926340724738,2.4144771191524006,-0.21739580702378553,7.106335201775945,0.0,1
2023090700,1069,0.0,0,82.3600006103516,29.0300006866455,6,7.156815804128604,2.1751788098729885,-0.10734919809335497,6.076224156497184,0.0,1
2023090700,1154,0.0,0,52.9599990844727,15.2399997711182,12,4.7966760869538945,1.622620471308587,-0.3469563290350709,11.01955534493112,0.0,1
2023090700,1201,0.0,0,51.3899993896484,16.4699993133545,7,8.1864822356152,4.2981498502984765,0.13338594224921954,1.8613167382259301,0.0,1
2023090700,1300,0.0,0,39.3600006103516,13.7700004577637,7,9.08657250256448,2.1236297188973823,-0.6035266951191544,7.0331287489992675,0.0,1
2023090700,1422,0.2571,1,44.6199989318848,15.4499998092651,22,2.228744908881937,1.9536877642367194,0.6468556463250181,0.6356099432828305,0.0,1
2023090700,1494,0.3179,1,50.0499992370605,19.5300006866455,12,2.0461916619377876,0.9626006353708231,-0.2825895467794547,0.8736704184073102,0.0,1
2023090700,1563,0.0,0,35.9700012207031,12.3100004196167,7,3.1038679357241095,1.2400391046456247,-0.23448481114905942,2.9652993103563765,0.0,1
2023090700,1588,1.4295,2,88.6100006103516,33.1100006103516,23,0.6216907606327928,1.287051276667077,0.8780628899906621,1.0282509421342652,0.0,1
2023090700,1618,0.0,0,54.1599998474121,33.3400001525879,7,5.260617944949035,2.1512786980354592,0.10628829673774341,5.172639558291294,0.0,1
2023090700,1679,0.2181,1,76.4000015258789,25.6299991607666,18,2.3458041115861885,1.7409176460968239,-0.6172351719456294,4.213798761212971,0.0,1
2023090700,1711,0.0,0,100.569999694824,50.0,19,6.057433194977801,1.9349679838782063,-0.7856905236774117,3.636660556059634,0.0,1
2023090700,1741,0.0,0,107.610000610352,21.5699996948242,7,4.395918315819026,3.147204429558655,-0.19033062352805352,3.412989891576004,0.0,1
2023090700,1812,0.0,0,82.2399978637695,39.2099990844727,7,3.9024338828436194,2.5005984684072113,-0.05030005461761219,1.9208331525668756,0.0,1
2023090700,1837,0.0,0,78.0100021362305,20.8400001525879,7,8.7666024946567,1.3290995482414136,-0.2937457263746552,4.601934375890205,0.0,1
2023090700,1869,0.0,0,72.0299987792969,31.0799999237061,7,5.206188130060449,1.905386087937428,0.07335224380066033,3.7571931012392707,0.0,1
2023090700,1940,0.0,0,52.9799995422363,48.5,14,5.660140891326632,2.0082326005970215,-0.5282996876604296,4.303591523367432,0.0,1
2023090700,2118,0.4175,1,55.5,34.5299987792969,8,1.9272012133150382,1.2000428866040223,0.23227113992175152,1.3189389675038035,0.0,1
2023090700,2141,0.1663,1,47.5099983215332,18.3999996185303,8,2.613964227246846,1.862607177928447,-0.25667981556750485,3.2172037548156625,0.1466,1
2023090700,2186,0.4182,1,100.730003356934,37.6500015258789,7,1.7575586934865568,1.9079061693234662,-0.33897333420576997,4.025481337678762,0.2818,1
2023090700,2261,0.0066,1,102.559997558594,20.6200008392334,8,2.9850268021867983,1.6316836857669839,-0.08346028586629593,2.3162469643800954,0.0,1
2023090700,2306,0.3373,1,65.4199981689453,31.6700000762939,10,1.9879901305639915,2.153348065652435,-0.48701386292772886,5.868986283848346,0.0,1
2023090700,2364,0.7854,1,57.5999984741211,23.0799999237061,7,1.5977805116719737,0.5234516176989565,0.0033112619695064506,1.4080127840328698,0.5705,1
2023090700,2435,0.0,0,27.9599990844727,45.6500015258789,13,18.385473928145057,2.3747406262569792,-0.5611873879286413,19.12361106067575,0.0,1
2023090700,2487,0.0866,1,80.2600021362305,28.4400005340576,20,2.8185822303402137,4.408183533650774,-0.8018229844411326,2.0214103987068017,0.0,1
2023090700,2510,0.0,0,49.3400001525879,15.5600004196167,8,3.6753500532695873,0.26248825046984003,-0.35239508939650965,7.161319710779571,0.0,1
2023090700,2613,0.2868,1,69.7900009155273,22.3299999237061,12,2.139743023711152,0.4272004372936843,-0.16205105724946123,1.2841339493993595,0.0,1
2023090700,2638,0.0,0,63.7799987792969,35.8600006103516,8,3.534175803267379,1.9620640470456132,-0.03128375971961989,3.619571797878861,0.0,1
2023090700,2825,0.0,0,28.5799999237061,18.3199996948242,9,13.732461623966842,1.424359312351899,-0.2641104132572844,16.11477893115509,0.0,1
2023090700,2906,0.0,0,82.9400024414062,6.1399998664856,7,13.874165333842308,2.307550710864082,-0.4017227406077785,12.586381529256133,0.0,1
2023090700,2936,0.0,0,95.5699996948242,31.4599990844727,6,4.025730524526492,2.1633315270432605,-0.10260027311927565,1.9320455481173284,0.0,1
2023090700,2959,0.0,0,95.3399963378906,24.4099998474121,6,7.2817959825401015,2.733864975874346,0.2269077552456585,4.425573409175366,0.0,1
2023090700,3032,0.2923,1,82.2200012207031,46.3899993896484,9,2.167234571632318,2.1484892039237247,-0.4491671136258704,2.9066303514551053,0.0,1
2023090700,3089,0.0,0,81.5199966430664,28.6200008392334,11,4.373216713324851,0.4052125330890275,-0.28745331080030795,4.709522268765695,0.0,1
2023090700,3114,0.0705,1,72.6500015258789,34.6399993896484,8,2.788565735041124,3.0875548580103893,-0.1373524620819942,3.9231874795885022,0.0,1
2023090700,3185,0.0541,1,47.7900009155273,19.8400001525879,7,2.8714099331641085,1.1335774801235876,0.028031870271444045,2.4446881191677576,0.0,1
2023090700,3233,0.0,0,50.9599990844727,13.3900003433228,10,13.808710083022017,1.0823120422702204,-0.6035523394392807,12.061981595077985,0.0,1
2023090700,3324,0.0,0,33.439998626709,34.3699989318848,9,5.059208795260001,2.701295751408053,0.3047655100393679,2.331179958733345,0.0,1
2023090700,3461,0.0,0,49.2700004577637,34.3199996948242,13,3.8733190544334,1.5030632539943465,-0.4877602551787989,3.3735589516117837,0.0,1
2023090700,3486,0.0,0,49.5800018310547,17.4099998474121,6,10.90653421921603,1.8832136178024985,0.013778328542080625,7.1775343955985305,0.0,1
2023090700,3566,0.0,0,76.9599990844727,19.5400009155273,10,4.564834138462327,2.1539044746890394,-0.3620614280654272,1.2899612397277704,0.0,1
2023090700,3674,0.0063,1,80.4100036621094,9.14000034332275,9,2.9810436352998506,1.990102999148077,-0.41480123080381986,4.332124190278946,0.0,1
2023090700,3912,0.0,0,47.9799995422363,35.8300018310547,13,3.9706189032052754,1.3994271201644994,-0.6087539705247681,7.060269116683868,0.0,1
2023090700,3971,0.0664,1,68.7799987792969,28.3700008392334,8,2.838536981731539,1.3606604974949377,-0.14134277307381163,6.202983153290043,0.0,1
2023090700,3994,0.8532,2,55.9700012207031,40.5800018310547,18,0.686221173905701,2.366476107524692,-0.15493712335886392,3.856591759572178,0.6919,1
2023090700,4041,0.8235,1,56.0800018310547,34.7599983215332,19,0.5295260977418949,1.5020632162614784,-0.10056885161072285,0.5147815070493551,0.0,1
2023091000,185,0.2049,1,55.5699996948242,27.7999992370605,9,2.4020410079823877,0.5813774221896666,-0.4104810814696317,3.3872260036791184,0.0,1
2023091000,661,0.5056,2,91.1500015258789,30.0699996948242,10,1.9301039451325315,2.721177732518694,-0.30519340186921173,1.9299999999999926,0.0,1
2023091000,842,0.4716,1,48.689998626709,16.4699993133545,10,1.9066478044521025,2.0412019760178706,-0.2824979093365487,2.6800186566514763,0.1247,1
2023091000,877,0.0,0,35.5299987792969,47.939998626709,8,4.885948825551352,2.107606434516618,-0.26696017653638326,12.119657585922138,0.0,1
2023091000,927,0.0,0,91.9800033569336,21.4599990844727,7,4.830209467988985,2.6683538006845096,-0.23191721485758315,3.072751210234892,0.0,1
2023091000,1046,0.1909,1,89.1999969482422,37.5,8,2.427382922823118,2.7359989017256052,-0.07877003713478972,7.066116330771813,0.0,1
2023091000,1193,0.527,1,52.0999984741211,28.0699996948242,9,1.7551368021023988,1.1401768169150461,-0.221384952051126,1.9859506539690281,0.142,1
2023091000,1240,0.0,0,59.2299995422363,27.8099994659424,8,10.429286369422204,2.388158936008714,0.2405479622005597,7.2153447596078175,0.0,1
2023091000,1300,0.0,0,67.9800033569336,31.1299991607666,8,3.485180889674484,1.697790628313785,0.021793262799319858,1.7740913167027148,0.0,1
2023091000,1325,0.3902,1,76.5,50.3899993896484,14,1.829371213189074,1.3741182586553329,-0.6182390386493161,1.1211155159036892,0.0,1
2023091000,1382,0.0,0,92.4599990844727,34.2999992370605,9,11.602009586424384,1.1107216120122165,-0.45735893072335926,8.637279664338761,0.0,1
2023091000,1429,0.385,1,106.809997558594,9.53999996185303,9,1.9386874385470252,0.7844767353638341,-0.3253997830005951,2.3385679378628335,0.0,1
2023091000,1599,0.0,0,77.0999984741211,22.2099990844727,9,4.042536902510246,0.3482798217406608,-0.061198194742583104,6.560121950085994,0.0,1
2023091000,1697,0.0964,1,42.0200004577637,52.439998626709,16,2.710902523640028,1.53560920579966,-0.19184812131433032,1.8529975715040734,0.7601,1
2023091000,1720,0.0,0,37.8199996948242,0.469999998807907,18,4.212837659377144,2.6542419064341,0.09241430303505692,0.6378871373526822,0.0,1
2023091000,1743,0.1416,1,39.5099983215332,22.2900009155273,12,2.575288181808783,2.150024929878796,-0.6232798867143095,0.4767598976424085,0.0,1
2023091000,1837,0.0,0,80.7200012207031,15.3199996948242,6,13.231074513276685,1.4405904640151033,-0.5430802400209822,13.049800764762654,0.0,1
2023091000,1925,0.0,0,86.6399993896484,38.4300003051758,6,7.574542225316025,1.6977920195652725,-0.5249937091205136,7.95369096709195,0.0,1
2023091000,1972,0.0,0,69.7900009155273,50.689998626709,12,3.659249017099423,1.6025618080927404,-0.3344353945631637,4.863095721862764,0.0,1
2023091000,2101,0.0733,1,35.5999984741211,36.6300010681152,10,2.7801600705182046,1.8748848011495791,-0.3375007426574134,2.8840596387730963,0.0,1
2023091000,2207,0.4364,1,46.8699989318848,31.5499992370605,9,2.0669287781576666,1.372952077097915,0.4725749696614455,2.293403584195335,0.5004,1
2023091000,2342,0.0,0,73.3899993896484,24.1200008392334,6,4.430168744871118,0.9126325721071621,-0.02262241621380292,5.166555912791423,0.0,1
2023091000,2389,0.8801,2,58.3499984741211,30.3600006103516,11,0.5813765823212005,0.862147059667252,-0.1556996769329007,1.283510810238853,0.0,1
2023091000,2580,0.0,0,70.0100021362305,45.5200004577637,9,5.493971493297915,0.07210950199667741,0.3721893707287668,9.792252039239996,0.0,1
2023091000,2793,0.0,0,64.8499984741211,11.1499996185303,8,7.986702835253864,1.2928266650368014,-0.5709707944160379,7.692073842599274,0.0,1
2023091000,2823,0.0,0,78.25,36.7400016784668,5,3.777206399390503,1.9785097690875484,-0.31057503906088685,3.4967699381000146,0.0,1
2023091000,3026,0.0,0,30.8899993896484,39.9300003051758,9,15.197270111087297,1.3636711655864695,-0.5414890057396787,15.556092054240358,0.0,1
2023091000,3078,0.0,0,87.0599975585938,3.02999997138977,27,3.134387459850041,2.079997735390548,0.46927157399759395,2.0467779557147856,0.0,1
2023091000,3260,0.0,0,86.6100006103516,49.0699996948242,8,4.234726088131883,1.8348029722621721,-0.4401209588800657,9.917988707394256,0.0,1
2023091000,3369,0.0,0,9.97999954223633,27.2600002288818,6,7.522619562742411,21.606640474577652,-0.6504207709168565,1.1065260954898462,0.0,1
2023091000,3421,0.0,0,18.1599998474121,5.09999990463257,12,4.304811342073167,2.9215921350327476,-0.49281272370950896,0.5390732788777409,0.0,1
2023091000,3486,0.0,0,56.7099990844727,41.2299995422363,11,4.68727981090934,2.692675021831391,-0.6326350288599762,5.571328387377645,0.0,1
2023091000,3533,0.2295,2,20.6299991607666,41.7099990844727,23,2.5128856770585424,1.8611814524455563,-0.7984984212302323,1.5480633061990698,0.0,1
2023091000,3886,0.0,0,38.4599990844727,28.1100006103516,7,8.735423208289937,1.9406451538811247,-0.20277076751540926,7.295238172945423,0.0,1
2023091000,3916,0.0,0,58.3300018310547,51.560001373291,14,3.813201559587208,1.592134680415379,-0.439415501329827,3.6402747149081973,0.0,1
2023091000,4107,0.468,1,67.8499984741211,43.3800010681152,9,1.595902227099312,2.1652942138648004,-0.7409644419335095,2.82347303865293,0.6862,1
2023091000,4155,0.0,0,75.3399963378906,24.4799995422363,8,4.314499373409748,2.4286030173703645,-0.06478839445695864,1.8760063965775813,0.0,1
2023091001,166,0.0,0,18.6200008392334,18.9799995422363,7,9.001494052811541,1.7780036000409718,-0.4081756240308716,7.064630209713737,0.0,1
2023091001,284,0.0,0,71.1100006103516,43.7400016784668,10,7.876401577477895,2.7373880157564416,-0.01580495862588632,9.354619179849063,0.0,1
2023091001,407,0.0775,1,81.3300018310547,7.55999994277954,11,2.8047263334604096,0.5056695171167473,-0.20004702804386343,7.035573892725456,0.1588,1
2023091001,532,0.2138,1,93.8399963378906,39.4599990844727,10,2.3584778173136107,2.923699866720038,-0.47828635171818673,0.39012818406262356,0.0,1
2023091001,559,0.0,0,91.9400024414062,48.9700012207031,11,3.58644826495988,3.3885110417535005,0.40198310946812993,2.0143485299222665,0.0,1
2023091001,893,0.0,0,94.4499969482422,48.0299987792969,17,4.288825309358085,1.6602731613278385,-0.552382300065978,5.509128787748566,0.0,1
2023091001,1042,0.0,0,64.8899993896484,15.0500001907349,12,6.893221942892056,1.6938706691873908,-0.7471970811483951,7.428923205956566,0.0,1
2023091001,1065,0.0,0,91.5299987792969,37.2799987792969,8,18.494019388034722,1.351184168509078,-0.2585065726317371,17.695674612740827,0.0,1
2023091001,1232,0.0,0,58.8899993896484,12.960000038147,11,9.00615287928526,0.6657321862974824,-0.06502567546933219,7.343357542704836,0.0,1
2023091001,1368,0.3949,1,42.2900009155273,21.8299999237061,9,2.0412980359344624,1.3106096989183915,-0.18464463297090064,2.2917242417009924,0.0,1
2023091001,1438,0.0,0,54.6800003051758,10.2399997711182,8,3.9832773610628904,2.957870483152548,-0.22237618605825354,5.7050942148224,0.0,1
2023091001,1470,0.0,0,57.6199989318848,39.189998626709,10,7.575520608971427,1.9888202425141703,-0.39514153641446276,7.0704526022030585,0.0,1
2023091001,1517,0.0,0,65.9199981689453,19.0200004577637,8,5.900484903097252,3.6600153246287688,-0.06070427084919998,6.392949241156229,0.0,1
2023091001,1549,0.0,0,72.1699981689453,7.8899998664856,10,4.110962774648203,1.997224696432662,-0.4517721639638017,3.6540388613149704,0.0,1
2023091001,1574,0.2889,1,85.629997253418,21.2299995422363,8,2.2323282522216417,1.555958742396421,-0.4200553063620441,4.350735569992732,0.0,1
2023091001,1797,0.3277,1,62.0400009155273,50.5699996948242,15,2.016954102432468,2.1367740794940424,-0.4083969119346755,2.9317059879871987,0.0156,1
2023091001,1948,0.0,0,52.0699996948242,4.51999998092651,12,3.5138585523124597,2.588223558920026,-0.5052948085608036,1.0916501271011652,0.0,1
2023091001,1980,0.1426,1,60.9799995422363,46.8699989318848,13,2.5723344078932833,1.9666479283537355,-0.47479680146738823,5.707416228031742,0.0,1
2023091001,2033,0.0,0,69.1399993896484,46.5699996948242,10,9.667471896955234,2.186801273730985,-0.2669443038863517,13.11327952878302,0.0,1
2023091001,2151,0.0,0,88.7399978637695,20.0400009155273,8,4.762364148863759,0.5375893366941583,-0.21156364291124782,4.301162633521313,0.0,1
2023091001,2351,0.0,0,57.4799995422363,3.3199999332428,15,4.491870894413655,2.5612501215342003,-0.5400517748102635,1.9350710581268067,0.0,1
2023091001,2432,0.0,0,63.6500015258789,39.5099983215332,9,3.5340181442346306,1.8597020113582916,0.28223175254438915,2.3900836805434187,0.0,1
2023091001,2469,0.0,0,94.3099975585938,29.8600006103516,10,4.981576387862807,2.741826627787019,-0.28004670711676727,4.579574216016157,0.0,1
2023091001,2523,0.0,0,103.879997253418,10.7200002670288,7,4.40447775551949,2.1163200547999166,-0.3663527021330157,4.382168413011995,0.0,1
2023091001,2759,0.0592,1,69.0899963378906,36.0999984741211,11,2.8225139531780337,1.9932356632971062,-0.37568430257099145,2.0530221625691314,0.0,1
2023091001,3086,0.3,1,69.3300018310547,29.0799999237061,8,2.1142624447849543,1.5747080480869706,-0.3437941943277948,1.7539099178692101,0.0,1
2023091001,3111,0.0,0,59.7900009155273,6.6100001335144,11,11.652914677729775,0.922280665636128,-0.020943906606355565,8.201134067920119,0.0,1
2023091001,3216,0.6199,1,41.2299995422363,38.6100006103516,13,1.6360012877817778,0.6862216697644459,0.5893834413188304,2.574218327958998,0.0,1
2023091001,3257,0.0,0,40.5299987792969,16.9599990844727,9,3.320510835069386,0.6505397492346625,0.41232830039854146,6.301468082915283,0.0,1
2023091001,3302,0.0552,1,39.560001373291,50.4099998474121,12,2.8355057075942924,2.46564287511384,-0.5151497567012097,2.4972184525988146,0.0,1
2023091001,3383,0.0,0,37.6699981689453,46.5999984741211,11,5.5197078837630436,0.3635908207281724,0.1026588620463679,7.710888405365489,0.0,1
2023091001,3514,0.4285,2,95.870002746582,37.4599990844727,8,2.382978844093114,1.69070735958089,0.1456986110786637,0.841189633792525,0.0,1
2023091001,3879,0.4227,1,44.2400016784668,52.5499992370605,18,2.0329772584085415,1.5101328173713437,0.6763649635685205,3.3012118986820593,0.0,1
2023091001,3902,0.0,0,39.9300003051758,21.2900009155273,10,4.594257561245673,2.614287552653642,-0.5835805308043981,1.4934523762075549,0.0,1
2023091001,4018,0.8751,1,23.7199993133545,7.09000015258789,20,0.37483271008194263,0.8709758266947136,-0.7926430693560629,1.124144118874447,0.0,1
2023091001,4191,0.0,0,35.310001373291,45.1300010681152,10,6.571818221677501,0.1868147553344124,-0.3881126772544368,9.917887879987354,0.0,1
2023091001,4216,0.0,0,58.9199981689453,23.8799991607666,13,3.4501305709683177,0.8234682667056191,-0.21709090140916643,1.0816653826391944,0.0,1
2023091001,4239,0.0903,1,52.7599983215332,50.439998626709,15,2.7291960547661964,2.506354095505148,-0.5999591104268387,0.9998499887483072,0.0,1
2023091001,4322,1.0135,1,69.4499969482422,18.9899997711182,8,0.9860036711140234,0.8649280822547035,0.46806591387064383,2.902033769617443,0.6562,1
2023091001,4392,0.0,0,56.6800003051758,16.7399997711182,11,14.437520476091368,6.547946581502016,0.10349683253410238,11.65556090456396,0.0,1
2023091001,4564,0.0,0,30.4699993133545,36.7900009155273,10,4.425403458990255,0.2915470059502894,-0.20340848497376868,2.8056015397771668,0.0,1
2023091001,4589,0.2388,1,38.2099990844727,47.9599990844727,14,2.283550926514631,1.9597206617329213,-0.41792517104150706,6.311196400049676,0.0,1
2023091001,4614,0.0,0,36.4599990844727,43.2299995422363,9,11.121745489058323,1.3206068227796421,-0.589423068006223,12.365019207425437,0.0,1
2023091001,4639,0.0,0,45.4900016784668,38.560001373291,8,6.82824829872979,2.8712346967962774,0.026468906645898054,8.861811327262616,0.0,1
2023091001,4662,0.0,0,43.25,37.9300003051758,9,9.683439237434584,0.9167879440074717,0.03737864115000041,9.109742038060133,0.0,1
2023091002,110,0.0,0,50.5699996948242,45.5900001525879,12,5.427578061182521,0.6083584394457318,-0.6595527445456806,5.61035649491189,0.0,1
2023091002,319,0.0,0,84.6600036621094,18.9599990844727,7,7.010773469534445,1.380581882926038,-0.4674867903588258,8.267103483082812,0.0,1
2023091002,444,0.3295,1,32.1100006103516,9.89000034332275,8,2.164115756374617,1.3136970571782396,-0.5637950001969984,2.643822989536178,0.2098,1
2023091002,599,1.4771,2,13.75,40.060001373291,25,0.8009993072023265,1.5226622236051781,-0.8203135585578193,3.811364585027259,0.0,1
2023091002,767,0.3858,1,30.8500003814697,25.4500007629395,7,2.0671228100264485,0.4280183168581836,0.5139978567660864,4.053603335305513,0.0,1
2023091002,819,0.3282,1,64.4000015258789,7.05999994277954,5,2.211177478591378,1.4506564820713828,-0.5080279353775495,1.7560182231400676,0.3837,1
2023091002,873,0.0,0,36.9599990844727,40.4300003051758,11,5.170068387256323,2.012485164990728,-0.18664391943727462,8.97008918573277,0.0,1
2023091002,975,0.0783,1,90.370002746582,40.2000007629395,10,2.7650845158455186,0.8664855513517971,0.10527738243766382,1.0317460927960918,0.0,1
2023091002,1048,0.0,0,98.2600021362305,19.0699996948242,6,9.516440555414182,1.4800334926645753,-0.22491475773833924,9.834576757542745,0.0,1
2023091002,1071,0.404,1,90.6500015258789,31.1100006103516,8,1.989095848601683,2.5423033079516233,-0.05585964518243954,0.7692203845452806,0.0,1
2023091002,1209,0.0,0,52.5499992370605,4.05000019073486,11,3.902166680049707,0.5186526250799947,-0.10738993043159072,5.956786046182961,0.0,1
2023091002,1260,0.7234,1,95.120002746582,13.8699998855591,34,0.8297582936275935,1.068314472180369,-0.4423288428706851,2.11101871142821,0.0,1
2023091002,1412,1.2964,1,23.0100002288818,51.2999992370605,21,0.6466059305572367,1.1314586865905023,0.7445688462783203,1.5652475842498497,0.0,1
2023091002,1464,0.0,0,29.5499992370605,43.4700012207031,9,6.436677141357399,0.7917714136274823,0.08888914475046068,8.743391790375174,0.0,1
2023091002,1540,0.0,0,67.6800003051758,22.2600002288818,12,4.237947989669879,1.2185237870992138,0.3182456075435024,5.389109388386919,0.0,1
2023091002,1832,0.1036,1,69.2900009155273,10.0299997329712,11,2.731905007181331,2.0366630379771498,-0.11169210095660144,5.818358875146839,0.0,1
2023091002,1944,0.0,0,87.0400009155273,53.060001373291,8,3.2239736871525033,0.3900013732920404,0.16783039045404616,6.555188784466856,0.0,1
2023091002,1974,0.0,0,67.5100021362305,0.790000021457672,22,9.548296166671527,13.332068237282135,0.2568574635980592,1.3061393493804492,0.0,1
2023091002,2039,0.0,0,74.0199966430664,15.6099996566772,11,6.5260090134169495,0.43046687575356857,-0.3144241927815026,7.455742753072965,0.0,1
2023091002,2095,0.0,0,70.4199981689453,49.5,12,6.723934554889783,1.4675166530423076,-0.5491819299274157,6.031160750634989,0.0,1
2023091002,2127,0.2902,1,83.629997253418,4.30000019073486,15,2.1294158170280446,1.1038585515317436,-0.6799854705691393,1.8461040057374913,0.0,1
2023091002,2179,0.1691,1,94.1699981689453,35.5200004577637,7,2.4927513425901746,0.9552499957209298,-0.036952968795025055,2.7679595372765244,0.0,1
2023091002,2211,0.7866,1,114.199996948242,51.6800003051758,22,1.1458590607354562,1.5132722032864494,0.06391597373480963,1.3853880322855414,0.0,1
2023091002,2441,0.7076,1,41.9500007629395,18.6599998474121,9,0.8770967431816934,0.48269995780830127,-0.22301211569804638,0.7333484846919646,0.0197,1
2023091002,2517,0.0,0,44.8199996948242,53.9199981689453,16,7.16463352157934,9.216342324296887,-0.04823627956306424,5.47438581029872,0.0,1
2023091002,2620,0.0,0,37.3199996948242,51.5299987792969,6,4.03044630206138,1.5432431124747414,-0.09955324358301122,3.371483353065829,0.0,1
2023091002,2693,0.0,0,62.8899993896484,36.2799987792969,17,4.041198952916415,0.6000013427734842,-0.6421322763621734,3.36879800522382,0.0,1
2023091002,2847,0.0,0,62.7000007629395,37.310001373291,8,7.974874572341744,0.6000819671611973,-0.16831423010369287,9.074006832706267,0.0,1
2023091002,2872,0.0624,1,50.5,51.5800018310547,12,2.8429753087145286,0.2213611733035597,0.7809517250101705,4.2408607616850595,0.0,1
2023091002,2942,0.6144,1,18.4799995422363,51.8400001525879,21,1.8405436915005713,0.8348654596362294,0.5065654600595335,1.1588356225107999,0.0,1
2023091002,3138,0.0,0,92.75,29.2099990844727,7,6.47151448608849,1.5720058228675968,-0.4152732098646273,5.929291694629304,0.0,1
2023091002,3170,0.1373,1,90.8199996948242,41.8800010681152,9,2.5985003275019163,1.3649902052759892,-0.44953780418401884,2.1444113411376966,0.0,1
2023091002,3253,0.493,1,74.3899993896484,49.7799987792969,14,2.0494134724492983,2.277279533829114,-0.5246189340142756,9.259211629507124,0.0,1
2023091002,3314,0.3682,1,56.0299987792969,3.1800000667572,17,1.8952564090191266,1.5200322086917177,-0.608745925817522,1.6024044433288336,0.1729,1
2023091002,3337,0.8704,1,67.2099990844727,30.9799995422363,7,0.967728638753073,0.5594648719930659,-0.02981326484266897,4.401238462069504,0.7617,1
2023091002,3409,0.0,0,73.7099990844727,37.310001373291,8,6.8960351790132695,0.7061155348541452,-0.09595893304258477,5.960209727853551,0.0,1
2023091002,3505,0.0,0,36.2000007629395,46.310001373291,9,3.882333113405538,0.4200007629417469,-0.08385127851522457,6.7501851826449935,0.0,1
2023091002,3571,0.3512,1,41.2099990844727,5.34000015258789,12,1.9465362796926948,1.2445890344305648,-0.5272656150332289,1.3151805959639196,0.0,1
2023091002,3594,0.0,0,47.939998626709,0.899999976158142,16,3.137468063891356,1.6402743660149424,0.16768854319622203,4.316225202651035,0.0,1
2023091002,3617,0.0,0,35.5099983215332,48.560001373291,9,12.299371890150187,0.43382114673932515,-0.27317640792443015,11.426355499458259,0.0,1
2023091002,3716,0.0371,1,8.89999961853027,41.7799987792969,10,2.921813249525347,0.5907619005229936,-0.3273872258451258,3.756660751252369,0.0,1
2023091002,3787,0.2046,2,39.7700004577637,20.3199996948242,7,2.5681506575126747,0.4588023675037412,-0.24713409549894122,4.421594734934444,0.0,1
2023091002,3812,0.2569,1,65.2300033569336,53.4799995422363,21,2.541911456953582,1.4119870019630472,0.7756444614957597,0.9889893831583838,0.0,1
2023091002,3835,0.0,0,38.8600006103516,10.1499996185303,7,4.481438864842029,0.34928457765411125,-0.004271575398788072,8.330954327086424,0.0,1
2023091002,4036,0.6645,1,64.5899963378906,6.07999992370605,18,1.0064806538592916,0.5178808563494905,-0.24236913948544142,4.730771607253935,0.0,1
2023091002,4124,0.0,0,87.870002746582,9.88000011444092,9,11.932029888484239,0.9323112669105718,-0.414815801127659,8.646999479588283,0.0,1
2023091003,81,0.6415,1,70.4700012207031,44.689998626709,12,1.0756401178885702,0.26019350920960654,-0.5700386922433678,5.420230622399753,0.0,1
2023091003,143,0.3506,1,49.9099998474121,26.2099990844727,5,2.0651876834437095,2.085042007718572,-0.1661806459033517,1.3435028842544383,0.1544,1
2023091003,166,0.0,0,48.3499984741211,16.1700000762939,7,5.612576452605599,2.850439903441153,-0.3305453341107417,3.7381546249453095,0.0,1
2023091003,191,0.236,1,57.75,-0.379999995231628,12,2.406595100585235,1.6249615332818932,0.24588734532211334,1.1901680553602485,0.0,1
2023091003,263,0.0371,1,100.779998779297,13.460000038147,7,2.8886144269350464,2.7508717412696932,-0.38790347349684423,3.7412564734324234,0.0,1
2023091003,358,0.1533,1,55.6399993896484,6.05999994277954,11,2.540000057220533,2.647640982558347,-0.458175921181776,1.5900000000000012,0.0,1
2023091003,410,0.0981,1,83.3499984741211,49.3699989318848,17,2.7056440952379774,1.5485818303945724,-0.7441038933979194,1.0153324578678633,0.0,1
2023091003,529,0.4891,1,116.690002441406,43.8899993896484,12,2.1576148618545377,1.9481506686699996,-0.10219270084780131,6.946085228385839,0.152,1
2023091003,662,0.0,0,71.5500030517578,47.2299995422363,9,7.565060797508795,0.37483638196142643,-0.33461857705642906,8.613042435748245,0.0,1
2023091003,687,0.0,0,63.5400009155273,44.310001373291,7,5.797630411106878,1.0660688153767715,0.019615083368804204,3.8713821821153194,0.0,1
2023091003,761,0.0626,1,38.9500007629395,33.1599998474121,8,2.812329998117424,0.46043529315239834,-0.1400585537603642,1.5976545308670511,0.0,1
2023091003,933,1.1418,2,68.0999984741211,40.5999984741211,12,1.0504300528369683,1.543145296467738,-0.43304548726058867,3.0567957079268484,0.0,1
2023091003,1171,0.0,0,54.9700012207031,43.939998626709,8,8.668040406770787,1.1997100174541713,-0.6528677264777786,10.76485485271399,0.0,1
2023091003,1503,0.0,0,57.7700004577637,7.28000020980835,9,16.257431729117766,0.6794113545312558,-0.45739497558030995,17.989232890815554,0.0,1
2023091003,1649,0.5033,1,44.5400009155273,40.75,10,1.4901342344305548,0.9484732862383608,-0.38860762168820606,3.1893886561534033,0.0,1
2023091003,1706,0.4725,1,4.76000022888184,52.1300010681152,22,1.8853380749028554,0.9963930784942837,0.3154598593488311,2.361228493814185,0.0,1
2023091003,1782,0.4047,2,53.1300010681152,6.11999988555908,16,1.9646892167892378,0.8215234375006808,-0.5999053539819537,4.5437099379251755,0.0,1
2023091003,1805,0.0,0,48.8899993896484,15.3800001144409,12,6.38850499288835,0.6080300581431957,-0.4921978271971207,3.3759295016335917,0.0,1
2023091003,1841,0.0,0,71.3300018310547,22.6000003814697,6,10.289046982729165,0.5110759112300268,-0.11978926552505374,9.869305953307956,0.0,1
2023091003,1929,0.0,0,55.8499984741211,16.2800006866455,10,3.9393521762912327,1.1327836661213428,-0.2893983995296177,3.0050790339024354,0.0,1
2023091003,1954,0.0,0,46.5900001525879,44.6500015258789,11,4.001850093994911,0.7589480377639665,0.5969645833389795,4.121674417030049,0.0,1
2023091003,2062,0.0,0,19.4300003051758,25.9300003051758,6,7.93045362485935,1.2399996948242402,-0.3427384598597856,8.056159134475932,0.0,1
2023091003,2087,0.0,0,27.5100002288818,16.8099994659424,8,5.777005564233538,0.8926930254616311,0.7497121282182618,9.17357618380095,0.0,1
2023091003,2204,0.1768,1,40.1199989318848,1.92999994754791,15,2.469514887330054,1.7007360031427603,-0.33261902391419296,1.7620442673213457,0.0,1
2023091003,2227,0.4739,1,38.2000007629395,47.0299987792969,12,1.578352632871796,1.619876244610511,-0.6191311360589136,2.1160340261914556,0.0,1
2023091003,2286,0.3862,1,62.6100006103516,23.5900001525879,7,1.8413315433179038,0.5755872404659041,-0.5043812080611452,1.663790852240752,0.0,1
2023091003,2369,0.2791,2,32.8899993896484,33.7599983215332,7,2.5355074174161936,1.2702759762789038,-0.28620613712483745,7.658805389876417,0.0,1
2023091003,2519,0.0,0,39.9300003051758,5.15000009536743,12,5.359449455504763,0.9633791832314313,-0.4713488672710395,5.239895037116678,0.0,1
2023091003,2571,0.7685,1,60.6399993896484,15.6700000762939,8,1.1237877413615718,2.7413313308528706,0.20277456365171134,3.3202409551115384,0.49,1
2023091003,2608,1.1289,1,70.8099975585938,1.53999996185303,16,1.0252781768729404,0.4492192009235887,0.6728735661280199,1.3703284277865655,0.6007,1
2023091003,2638,0.0,0,80.5999984741211,7.23000001907349,8,3.640015262163361,1.3724442020054188,-0.6257821112925386,3.492420364160077,0.0,1
2023091003,2798,0.0,0,89.2799987792969,42.5699996948242,10,4.48175089613117,0.8542245089672766,-0.06082063397381336,9.267475384375189,0.0,1
2023091003,2902,0.0,0,55.7900009155273,9.26000022888184,7,8.586133227196484,1.8031358217019857,-0.6525185145102222,8.218059381630184,0.0,1
2023091003,2979,0.0,0,59.4000015258789,20.2700004577637,6,6.4525437271311565,1.043070828339203,0.2638501776559886,8.643425246972402,0.0,1
2023091003,3002,0.4895,1,53.4700012207031,47.3199996948242,11,1.5316016755764057,0.9569233293751085,-0.643050869303953,4.309106635951348,0.0,1
2023091003,3202,0.0,0,35.6800003051758,25.0300006866455,5,6.419423577763043,1.0837431509470483,-0.387942827275053,6.874896362855231,0.0,1
2023091003,3335,0.6022,1,87.2799987792969,38.5400009155273,9,1.4447477359422611,0.7955489311218074,0.2115891377369297,1.0604244433244667,0.0026,1
2023091003,3409,0.5785,1,51.1399993896484,35.4799995422363,11,1.264357183522499,2.0678726078249556,0.17900253676923616,3.7667094392851657,0.076,1
2023091003,3645,0.0,0,66.370002746582,24.4899997711182,7,3.514553697234229,0.6685066113997389,0.4909118422825515,5.167562287965194,0.0,1
2023091003,3750,0.0,0,39.5,45.1399993896484,9,4.199262076811421,1.047378091569443,-0.3642588818225135,5.494014925352856,0.0,1
2023091003,3797,0.0,0,19.8500003814697,2.04999995231628,16,3.371364677439168,4.221812281754774,0.45648534685782743,2.3592583580439,0.0,1
2023091003,3820,0.0,0,34.8699989318848,18.2099990844727,7,10.928832121052752,0.44045328547043033,-0.2773840471159092,13.11739684541106,0.0,1
2023091003,3845,0.186,1,22.6399993896484,34.0699996948242,7,2.541534343672857,1.3087391850154408,0.2493873491478776,1.1595257651298672,0.0,1
2023091003,3975,0.2582,1,42.7400016784668,10.960000038147,14,2.4266842688811447,0.7851738949760834,0.29138647022452885,1.152779250333736,0.0,1
2023091003,3998,0.602,1,47.3400001525879,45.560001373291,11,1.1940258610934364,7.235136139596679,-0.6025030038284943,7.054431231502649,0.2501,1
2023091003,4047,0.0,0,38.189998626709,3.72000002861023,14,3.6066175618742125,0.46647731445567664,0.6217843995206296,5.098862618270867,0.0,1
2023091003,4153,0.3661,1,50.7599983215332,20.4599990844727,9,1.9016851031895639,0.22803333186866392,0.46713773612162934,2.9767431867730925,0.0,1
2023091003,4201,0.0,0,50.7799987792969,8.31999969482422,9,14.575023968475723,0.5682438349069523,-0.5603561604279513,11.55634025113487,0.0,1
2023091003,4258,0.3082,1,72.8000030517578,7.19000005722046,9,2.075424618858973,0.4123082301373182,-0.3114784024056474,4.272001872658773,0.0,1
2023091003,4283,0.0,0,80.4899978637695,14.710000038147,9,5.449231371653618,1.7240958047179813,0.12952993603522694,4.394564824871743,0.0,1
2023091003,4308,0.1962,1,86.0199966430664,12.2799997329712,7,2.512849649726972,0.9170633612782664,-0.13764103337753741,4.140772874717956,0.0,1
2023091003,4333,0.0,0,93.370002746582,3.53999996185303,10,11.574042759608542,0.297323948689087,-0.025173123083764567,6.802095265431097,0.0,1
2023091003,4363,0.6133,1,109.639999389648,3.35999989509583,13,1.6368565696211004,0.7984989176384367,0.147548241319505,2.3438643305447613,0.0,1
2023091003,4416,0.0,0,99.1100006103516,18.5200004577637,7,4.227066859564637,0.7783309078250139,0.6653451262079175,5.544005772002761,0.0,1
2023091003,4494,0.8279,1,112.080001831055,43.0400009155273,10,1.237135279076148,1.1152149790365815,0.4600769833128387,0.9178779875342898,0.0,1
2023091003,4551,0.2818,1,113.879997253418,-0.730000019073486,15,2.474206251619669,2.7408947346280597,0.5914558408781563,0.2973213749463725,0.0,1
2023091004,124,0.0,0,78.379997253418,29.1299991607666,10,3.3203595212675685,2.672000677213031,0.21901509899480695,0.8528774824088131,0.0,1
2023091004,196,0.623,1,70.7200012207031,47.1699981689453,23,1.6292927037092644,0.9666425160890928,0.6180313087013708,4.773531187705807,0.0,1
2023091004,219,0.0,0,36.4700012207031,23.25,5,12.09092926467609,3.510968197045596,-0.30724539198877227,10.579834592279791,0.0,1
2023091004,315,0.4033,1,87.3099975585938,39.0299987792969,10,1.8835066407189862,0.7891776215572759,0.12258385658370334,5.7849805531220255,0.0,1
2023091004,340,0.0,0,88.2799987792969,26.7800006866455,6,3.5130042623295523,1.372442141010666,-0.24666276883984983,3.367625276066208,0.0,1
2023091004,365,0.0,0,67.4499969482422,17.2600002288818,14,7.23160181696851,1.5461541925628688,-0.6586152969231813,1.280624847486571,0.0,1
2023091004,390,0.0,0,53.5999984741211,10.1199998855591,11,6.996720231069267,1.7492846852635564,-0.6321103595989558,6.367495583037338,0.0,1
2023091004,413,0.2129,1,49.9799995422363,26.9799995422363,7,2.361291970747916,0.8367792126265904,-0.1958102924466534,2.1612265036316756,0.0,1
2023091004,438,0.0,0,41.4900016784668,20.3299999237061,7,3.1852957981319268,0.6753532163695983,-0.3191766387913185,7.832017620000612,0.0,1
2023091004,542,0.0,0,42.6399993896484,9.78999996185303,9,4.034353012344244,2.6330973861192635,-0.6303830391806672,4.372241987813571,0.0,1
2023091004,592,0.3079,1,59.0099983215332,35.2999992370605,9,2.076248217082701,0.5375853686325872,0.5649433559415151,1.4026403673073182,0.0,1
2023091004,695,0.8524,1,86.9300003051758,4.32999992370605,28,0.44294438693758637,0.5852350985241211,0.1567406043626432,2.835207223467095,0.0,1
2023091004,766,0.0,0,82.6100006103516,28.1599998474121,8,5.692276013993286,0.9222803614215913,0.011814076050089531,5.992703897240371,0.0,1
2023091004,821,0.0,0,102.779998779297,20.5799999237061,9,5.560448680722418,2.252488618032574,-0.5782975479442427,1.8051038751274127,0.0,1
2023091004,936,0.0,0,94.8600006103516,8.10000038146973,9,12.984241112003442,2.9505428823314337,-0.02220694608321622,12.278249060839249,0.0,1
2023091004,983,0.0562,1,85.9800033569336,41.0800018310547,9,2.850353970148538,1.513802278661836,-0.6577581363361205,4.9782928800945445,0.0,1
2023091004,1190,0.0,0,39.4900016784668,19.7800006866455,11,3.000416355487642,1.8042163269876241,-0.35265553747301753,3.162941668763431,0.3255,1
2023091004,1300,0.0,0,69.9000015258789,9.84000015258789,8,3.626084529727066,1.8445859755693184,-0.5720305906071298,4.487694285487818,0.0,1
2023091004,1326,0.9389,1,106.959999084473,34.7700004577637,23,1.168117611751734,1.463284659883265,-0.7579881120769013,3.0829369114530984,0.0,1
2023091004,1540,0.0,0,58.5200004577637,30.6200008392334,14,4.93855247896224,1.7756400943749249,-0.5509292647897218,2.5266776604861985,0.0,1
2023091004,1594,0.0,0,58.689998626709,42.6500015258789,9,7.967994252995882,1.4508603352095994,-0.3654391893710985,7.665252768174056,0.0,1
2023091004,1641,0.0,0,77.1100006103516,19.8799991607666,11,4.916961390792452,0.39560053504291853,0.028980321350322275,1.8952572384771509,0.0,1
2023091004,1676,0.0,0,91.6100006103516,38.5499992370605,9,5.7418628370696805,1.7194476575904702,-0.5249721028828725,4.337798981050184,0.0,1
2023091004,1701,1.1194,1,113.669998168945,43.0299987792969,10,0.9082381142479089,0.19849491665666436,0.44397175958951896,0.6003332407921441,0.5227,1
2023091004,1746,0.1866,1,117.790000915527,4.09000015258789,17,2.4909833622413484,2.634026660410984,-0.13316022442245073,1.5586211855354715,0.0,1
2023091004,1839,0.0,0,76.3199996948242,17.2000007629395,7,5.795351430721615,1.4735332818237576,0.19027079017636572,5.353587582173295,0.0,1
2023091004,1933,0.1903,1,25.6499996185303,6.30999994277954,5,2.429156579478173,1.1833852751888507,-0.32614060092605796,2.629543686649837,0.0,1
2023091004,1958,0.2213,1,32.7099990844727,37.4300003051758,10,2.4046835290234263,1.6697311020418162,0.04158279504704149,2.0974746720759216,0.0,1
2023091004,2077,0.759,2,52.8800010681152,37.3199996948242,9,1.730665331667412,0.4801030811264665,0.6127354198013996,1.3761177275218857,0.0,1
2023091004,2102,0.3926,1,40.8600006103516,3.17000007629395,14,2.0450186962216197,1.4356186700798328,-0.49841119987732263,7.924291766460899,0.0,1
2023091004,2154,0.5517,2,19.7700004577637,37.5,13,2.16416297290461,0.8421998111201554,-0.5641921777132854,1.653602128687551,0.0,1
2023091004,2177,0.4817,1,9.86999988555908,21.1700000762939,20,1.619938323412732,2.0014493846034678,-0.7317170136729408,3.2457048541110454,0.0,1
2023091004,2234,0.6966,1,50.4500007629395,6.21000003814697,14,0.9100548214174675,1.6657123645538052,-0.7255604530327912,5.10545786389429,0.0,1
2023091004,2257,0.0,0,39.3499984741211,9.01000022888184,9,5.635292059735066,1.626900106992514,-0.3421977438354677,6.531653695657788,0.0,1
2023091004,2287,0.3575,1,44.6500015258789,9.32999992370605,10,2.060411614711018,1.3978541915896412,-0.47824434818821243,2.5987881791327285,0.0,1
2023091004,2312,0.0,0,64.2900009155273,30.0,13,5.350589040112551,1.979519292873993,-0.6153466734265015,2.0640978658968616,0.0,1
2023091004,2344,0.0,0,91.7799987792969,17.2199993133545,7,5.805558543905636,1.8999216967062569,-0.2653961173979839,3.8100524930767037,0.0,1
2023091004,2369,0.0436,1,106.150001525879,30.1299991607666,9,2.8701387737369073,2.221912758722918,-0.24809188081699052,3.4975705854206756,0.0,1
2023091004,2505,0.0,0,43.3199996948242,14.4399995803833,8,4.731522061345456,1.9262658185762005,-0.24290152964725137,6.369999999999997,0.0,1
2023091004,2607,0.0,0,64.4000015258789,35.0800018310547,8,10.419715026063372,2.384783961591218,0.05155412981022852,8.132724020892383,0.0,1
2023091004,2701,0.2674,1,95.3499984741211,38.6500015258789,8,2.297867780768796,1.1462983106064477,-0.17427943192117615,4.795633430528235,0.0,1
2023091004,2724,0.1604,1,91.129997253418,23.6100006103516,7,2.5187722269990793,0.6016647944746336,-0.15442238436937544,2.4629453911932364,0.0,1
2023091004,2749,0.0389,1,94.6399993896484,9.77999973297119,10,2.920771062501985,0.5166238712106398,-0.23209952355911245,4.377784827969506,0.0,1
2023091004,2827,0.0,0,98.5100021362305,16.0499992370605,7,5.135949477806312,1.697525420639086,-0.44486602996272184,5.567988864931394,0.0,1
2023091004,2850,0.0,0,109.389999389648,22.4400005340576,7,5.102959245259213,0.5571359090416789,0.10969729061585388,3.4322732991415514,0.0,1
2023091004,2936,0.2072,1,79.3399963378906,5.55000019073486,10,2.5738652246247065,0.19722880809282242,0.2770701291124235,7.384416022949956,0.0,1
2023091004,2961,0.2018,1,71.9300003051758,38.1399993896484,10,2.394535380553213,0.46010933944937543,0.1376548522337085,5.185383303093421,0.0,1
2023091004,3030,0.0,0,46.9099998474121,47.0400009155273,10,4.243500528410506,1.0804628397686535,0.16401512324782191,6.526898191331005,0.0,1
2023091004,3105,0.0,0,31.7099990844727,4.34999990463257,15,4.146925752652738,0.5503626047757179,-0.46666684522029633,7.339455020640157,0.0,1
2023091004,3177,0.0,0,28.0200004577637,22.9899997711182,7,3.377128824638779,0.5993329549132449,0.19658272627970783,1.9436306233438507,0.0,1
2023091004,3244,0.0,0,115.300003051758,1.21000003814697,15,3.0178326681443255,1.9498221473796777,0.3258391956902944,2.567508519946924,0.0,1
2023091004,3365,0.0,0,102.48999786377,12.6400003433228,9,6.113896171025043,0.3312112358080676,-0.7303879029921506,8.313152230050882,0.0,1
2023091004,3429,0.0,0,83.6500015258789,33.2900009155273,5,6.060775358749269,0.08485238217618588,0.21879952033396158,7.107693015317973,0.0,1
2023091004,3584,0.0,0,25.7299995422363,31.6800003051758,8,5.20972205359681,2.3400216256471795,-0.33320862518453054,4.729841434974329,0.0,1
2023091004,3616,0.0,0,29.7099990844727,23.2000007629395,10,4.99471834077884,2.3408770490754525,0.14494547867216206,4.390956615590731,0.0,1
2023091004,3641,0.0,0,41.7400016784668,17.5900001525879,9,5.503061709125314,4.012179931804984,0.08537578481589261,1.3260844618650778,0.0,1
2023091004,3690,0.0,0,84.1999969482422,11.1599998474121,9,4.121089291690094,3.2687901354467974,-0.20621870756449076,7.175911091979895,0.0,1
2023091004,3849,0.0,0,59.4799995422363,34.6800003051758,10,3.7169471613895184,0.8044869023331832,-0.2448855778227016,3.728444715964017,0.0,1
2023091004,3874,0.708,1,49.4799995422363,9.9399995803833,11,0.8759560520524382,0.3220247750560645,0.027709732772911447,5.160542607129604,0.0,1
2023091004,3922,0.4901,1,48.8899993896484,43.0400009155273,8,1.6278815421985589,0.143177272800259,-0.050963052703983054,2.8700522643324797,0.0,1
2023091004,4015,0.0,0,33.8899993896484,38.8800010681152,7,6.472620331731336,0.9244460786707691,-0.21346533709598164,6.9755286538010814,0.0,1
2023091004,4040,0.4937,1,46.689998626709,3.67000007629395,14,1.853025048273948,1.0323768176482797,-0.011292349251072696,5.950302513318126,0.0,1
2023091004,4122,0.0,0,61.689998626709,37.0400009155273,6,9.15593664706199,1.0072224396078024,-0.18145916866651987,8.795982037271337,0.0,1
2023091004,4249,0.0,0,39.6300010681152,48.6300010681152,11,3.758324907405054,1.6316870822486733,-0.6199657717239974,5.018565532101783,0.0,1
2023091005,159,0.4167,1,32.75,40.0800018310547,8,1.8225817233218848,1.2364875514323297,-0.22207342035434305,1.2525573839150068,0.0,1
2023091005,228,0.0,0,41.7299995422363,40.1300010681152,9,6.733349015976259,2.328626921959854,0.3813712028903073,16.10232902408841,0.0,1
2023091005,301,0.8014,1,58.7799987792969,52.4700012207031,22,1.5362936069898987,1.1845664835328111,0.7013330536047011,1.7085666507338835,0.0,1
2023091005,331,0.0,0,59.6399993896484,11.8500003814697,9,3.027358901171893,0.5714023672367528,-0.23933607935864967,3.1247399891830976,0.0,1
2023091005,383,0.0,0,73.629997253418,22.8199996948242,10,3.905404086533106,2.5904853324850126,-0.06915043249476077,5.081279366458806,0.0,1
2023091005,721,0.6267,1,58.1100006103516,20.4099998474121,9,1.7502566941690885,1.1200889265998293,0.48921595588681965,1.17,0.0,1
2023091005,768,0.0,0,29.2999992370605,12.3500003814697,12,7.2175957479227275,0.8998880469313598,-0.1256859440734662,3.1000967726830724,0.0,1
2023091005,793,1.0189,2,10.9700002670288,3.39000010490417,14,1.4136475554433106,0.23409421331610705,-0.34441291560491555,2.0665188119153415,0.0,1
2023091005,849,0.0,0,22.0900001525879,34.310001373291,8,3.747332089297345,1.486605961220895,-0.1310401655339117,5.692776124177025,0.0,1
2023091005,991,0.0,0,35.810001373291,37.0200004577637,7,4.097180547265611,1.000199256882768,0.12817343826686312,5.334838329321704,0.0,1
2023091005,1016,0.0,0,64.0999984741211,48.3600006103516,23,4.457016424028038,8.18476791845128,-0.6859628968027816,2.162267328523462,0.0,1
2023091005,1065,0.6334,1,80.5500030517578,15.5,9,1.550516121860698,1.477194317538189,0.312696123370225,0.6640783086353568,0.0,1
2023091005,1217,0.0,0,91.8000030517578,20.5900001525879,7,4.214275291833803,1.4523113817700049,-0.22768668493104063,2.3443762496664218,0.0,1
2023091005,1289,0.0,0,74.1900024414062,23.25,8,5.018537958628275,0.4875459213208137,0.48237692088915196,7.1350753324684675,0.0,1
2023091005,1394,0.707,1,43.3499984741211,36.2999992370605,10,1.0547506925527448,0.26248643822475753,0.0030938732803901196,2.0397303743387236,0.0,1
2023091005,1721,0.7284,1,51.7000007629395,30.9300003051758,13,0.8146771162316628,0.6262579454847955,-0.22051003896399426,0.7102816342831912,0.0,1
2023091005,1766,1.2682,2,64.3199996948242,10.1099996566772,19,0.9773947563005412,1.669281418440035,-0.8480563989389557,1.8626862323000108,1.216,1
2023091005,2166,0.0,0,51.5200004577637,26.6299991607666,8,4.209429591266109,1.4682301066239856,0.07304669142929544,2.764796556710819,0.0,1
2023091005,2251,0.0,0,43.1500015258789,25.2299995422363,8,3.4800576260062988,1.3341670400202126,0.01340824275954623,3.0494753647143953,0.0,1
2023091005,2283,0.393,1,25.8899993896484,30.7800006866455,10,1.8209878366014862,4.22906522572202,-0.55432408838579,1.7295664196555105,0.0,1
2023091005,2366,0.0,0,38.9199981689453,32.5900001525879,7,3.453260489865734,0.19313260061261667,0.09557960421921138,4.860041152089149,0.0,1
2023091005,2440,1.4252,2,103.639999389648,41.7000007629395,26,1.3917621217690386,1.8809579202514144,-0.8171288488396484,1.3514806694880905,0.8476,1
2023091005,2518,0.0,0,79.5199966430664,14.5299997329712,15,6.8843692675699115,0.3818354769567017,0.017647778425489806,3.2572994949804643,0.0,1
2023091005,2670,0.7298,1,48.0699996948242,23.3099994659424,11,0.9021083880347405,0.3580502097445987,-0.039067279425267415,1.155205609404663,0.0,1
2023091005,2720,0.3315,1,65.3899993896484,25.9300003051758,10,2.110095457114538,0.6912309320454988,0.3878179703395187,3.1180121872757356,0.0,1
2023091005,2834,0.3157,1,86.5100021362305,14.8199996948242,9,2.1422671321711917,1.9475636917699912,-0.48623132185928736,3.55787858140213,0.0,1
2023091005,2964,0.7778,1,57.8199996948242,4.01000022888184,13,0.8200605919014518,3.425682241834685,-0.6075722256165447,2.4216729754448703,0.0,1
2023091005,3042,0.0525,1,24.9599990844727,8.98999977111816,8,2.8821181436926504,0.16124609181279656,0.06897843262952749,4.862149730314772,0.0,1
2023091005,3067,0.4725,1,40.1800003051758,2.66000008583069,15,1.5825610372334038,3.163036302771265,-0.7013204157088619,1.0295630140987004,0.0,1
2023091005,3128,0.0,0,35.1399993896484,41.939998626709,11,3.710416265203444,0.5243075936518925,0.13996549993873159,2.0180436070610606,0.0,1
2023091005,3208,0.0,0,7.6100001335144,49.7599983215332,21,3.4881076998098597,0.2325956398167629,-0.6320316988951814,2.1779348015953084,0.0,1
2023091005,3358,0.874,1,69.6699981689453,26.6900005340576,12,1.1798729928426723,0.22360509176710633,-0.5512901174474124,2.0305910469614536,0.0,1
2023091005,3383,0.3594,1,57.6500015258789,52.0699996948242,11,2.0619654654753257,0.9207077123891109,-0.3081956818225617,1.9811612756158927,0.0,1
2023091005,3413,0.0,0,31.1800003051758,51.0699996948242,22,5.028846373026899,2.457091390609373,0.7591047306730423,6.299365047367871,0.0,1
2023091005,3436,0.0,0,54.4700012207031,27.4099998474121,7,4.436395346936264,1.2720068962827595,0.28172395818299045,3.4705186932215164,0.0,1
2023091005,3483,0.9469,1,34.7700004577637,50.8199996948242,14,1.170469485257169,0.16492459510522578,0.19805897132620534,1.4495861478366883,0.478,1
2023091005,3578,0.8831,1,38.1599998474121,8.8100004196167,8,1.0650817939977466,0.17117253020101106,0.3657443660089284,5.395785392322417,0.2911,1
2023091005,3603,0.8087,1,30.6599998474121,48.4500007629395,13,0.5738460498609244,0.987167061222781,-0.6066351905281848,1.128051417267849,0.0,1
2023091005,3698,0.0,0,29.5499992370605,21.9899997711182,8,5.554539117381372,0.5375875612847267,-0.27787400142842933,4.184268155842788,0.0,1
2023091005,3774,0.0,0,51.6500015258789,10.960000038147,12,3.9900498464050003,0.5554262706560579,-0.01112837079891192,3.774824499231716,0.0,1
2023091005,3850,0.0,0,45.4500007629395,15.0299997329712,7,12.558697372968668,1.459622609732528,-0.3278529220688872,13.022081246866799,0.0,1
2023091005,3875,0.5539,1,103.949996948242,11.2700004577637,34,1.3384330002386566,1.3588249560706167,-0.4289461514799636,5.650849493660224,0.0,1
2023091005,3984,0.0,0,73.0800018310547,43.0299987792969,11,9.42200097021435,0.6918111367495033,-0.31334195213369986,4.14598601058904,0.0,1
2023091005,4036,0.0,0,49.4300003051758,4.88000011444092,10,3.731715191696999,0.950157937021928,0.24369496627903608,2.5283393759541037,0.0,1
2023091005,4124,0.8365,1,19.0200004577637,4.75,13,0.49040843212376256,1.182074672347775,-0.7100815433941382,3.3533565274214436,0.0,1
2023091005,4147,0.0,0,21.5,29.2000007629395,9,3.4202339012069674,1.141402498817663,-0.2321271850096652,4.301964667451373,0.0,1
2023091005,4270,0.9139,1,41.5200004577637,30.9699993133545,9,1.3423851137359057,0.4884668350447552,-0.49222027434319954,2.281074308302999,0.5309,1
2023091006,55,0.0892,1,38.9500007629395,33.2799987792969,9,2.7655184478065302,0.6300786166125291,-0.10352795087921574,5.990826320300064,0.0,1
2023091006,144,0.5836,1,59.3800010681152,35.6699981689453,7,1.6453862098070944,0.7446458894097827,0.1642958724907736,4.96226762680128,0.0678,1
2023091006,213,0.0,0,58.0400009155273,14.539999961853,6,3.0945443499875758,0.308869686019008,-0.447722857655931,3.462369131100838,0.0,1
2023091006,282,0.1342,1,3.23000001907349,28.1800003051758,12,2.7057343702093073,0.2404165348823811,-0.6498493183041187,3.8633922917560364,0.0,1
2023091006,431,0.648,1,65.0299987792969,7.75,18,1.0560297939844132,1.1325182484222258,0.3177095088682117,1.1541230437002812,0.0425,1
2023091006,492,0.0,0,48.2599983215332,21.3199996948242,10,7.339168395661142,3.3677424725734446,-0.4870689984738741,3.608392994118014,0.0,1
2023091006,550,0.0,0,43.3400001525879,34.2900009155273,7,6.140008294413751,1.9194266981284485,-0.25857718395315626,3.217530108639237,0.0,1
2023091006,575,0.2955,1,29.2600002288818,29.3199996948242,10,2.268325738756375,2.096091981048942,-0.07326992911534871,0.9124143795447348,0.0,1
2023091006,598,0.0,0,39.7999992370605,47.060001373291,10,6.8669779751527,3.167647507025055,-0.18910164374087715,5.272001517450462,0.0,1
2023091006,775,0.0,0,38.5,40.2900009155273,6,5.443317035402328,1.5602877131489843,-0.6709516175492256,4.075904807524335,0.0,1
2023091006,822,0.0,0,63.9300003051758,22.3199996948242,15,3.3118269750392626,1.3465881342383976,0.5282883061987595,3.004330208216137,0.0,1
2023091006,899,0.0,0,78.4100036621094,28.3400001525879,7,8.805831271893194,5.327685345166204,-0.06329311212452543,3.7972226692676356,0.0,1
2023091006,960,0.248,1,59.9700012207031,27.6800003051758,9,2.2898917919733144,2.6791801086692373,-0.2967566685501172,1.7140595088852666,0.0,1
2023091006,1027,0.0,0,47.7200012207031,20.0200004577637,9,3.5935630708859287,2.838046196484589,0.05482116139291841,1.892511558749378,0.0,1
2023091006,1096,0.559,1,89.5599975585938,30.9500007629395,14,1.3230670877023485,0.5728012984631775,-0.6508760044344767,4.121468185003982,0.0,1
2023091006,1143,0.7005,1,109.980003356934,2.24000000953674,19,0.8984398872734278,1.0410073926240562,-0.589491486017838,1.348480626483007,0.8559,1
2023091006,1207,0.161,1,90.7600021362305,34.2099990844727,6,2.6123767154215907,0.5197091859346248,0.2525065484610912,7.261432365587386,0.0,1
2023091006,1421,0.0,0,56.9199981689453,26.5400009155273,7,8.800870068973419,0.734372199133168,-0.31853268915709465,8.017006922786086,0.0,1
2023091006,1446,0.0,0,78.7699966430664,14.8599996566772,11,3.471773770263424,0.34928163760050507,-0.004114396947586352,3.8008025468313917,0.0,1
2023091006,1717,0.0,0,64.0100021362305,36.2200012207031,8,3.3409290588583596,1.5859693635211451,-0.29285246473995546,3.453071096864356,0.0,1
2023091006,1828,0.0,0,43.7299995422363,9.46000003814697,11,4.280187252262352,0.19697755885284599,-0.13310744732849114,5.207725031143635,0.0,1
2023091006,1974,0.0,0,72.120002746582,42.0,9,3.14230645190028,1.170681989093396,-0.2869937720046852,2.7927047821064086,0.0,1
2023091006,1999,0.0,0,77.0100021362305,23.9699993133545,8,4.083747401101518,1.2738933951980962,0.35983020893788437,7.0408096125374655,0.0,1
2023091006,2156,0.0,0,102.650001525879,15.5299997329712,10,6.46474395392456,4.115970030391357,-0.6228406327053787,4.930253543176049,0.0,1
2023091006,2188,0.3648,1,51.4300003051758,36.7099990844727,30,2.332830750462519,2.617250057554758,0.8703751342276802,4.066767758306338,0.0,1
2023091006,2274,0.0,0,47.1300010681152,6.36999988555908,13,3.8378770282441996,0.6586355862082127,0.2760733655836994,3.4368590311503904,0.0,1
2023091006,2299,0.0,0,36.2000007629395,6.0,13,6.556600488362126,0.9454107144876515,-0.515265102521128,5.450467869825487,0.0,1
2023091006,2324,0.0,0,28.7399997711182,7.40999984741211,10,3.1025795020676945,1.6762157079957247,-0.5019484498797144,3.6626902680952993,0.0,1
2023091006,2380,0.4152,1,16.9400005340576,20.7000007629395,8,1.9736509516425154,0.6332447031486029,-0.16438072001506124,1.0623088063270478,0.0526,1
2023091006,2415,0.0,0,23.8099994659424,7.34999990463257,9,4.080011721061305,2.0112182782542862,-0.6741841659419437,10.166439888181115,0.0,1
2023091006,2470,0.8575,1,16.2000007629395,3.59999990463257,12,0.798812301427199,0.17029400366515343,0.4236766408500544,2.7299816849202485,0.0,1
2023091006,2529,0.9693,1,9.39000034332275,11.539999961853,8,0.9073586551946579,0.25612526141764935,0.07479143989858114,1.3756816492197614,0.7889,1
2023091006,2657,0.0,0,74.5100021362305,10.5600004196167,10,5.1441722370820395,0.3992511176318703,0.08348653657633308,3.3329416436535553,0.0,1
2023091006,2736,0.0,0,38.8800010681152,17.75,8,4.022746818751442,1.0822655192585533,-0.12728918286295504,5.6810650409936345,0.0,1
2023091006,2861,0.09,1,78.879997253418,22.9599990844727,14,2.766968735839919,2.308871333514584,-0.4192092491837584,4.332401181792842,0.0,1
2023091006,2930,0.0,0,61.7799987792969,8.1899995803833,14,3.81748495402515,0.4404530724132484,-0.42345594486937804,6.743923190547178,0.0,1
2023091006,3078,0.7152,1,20.1599998474121,49.9599990844727,13,1.1800425169449456,1.1173189799165089,-0.5741725521279513,4.519579626469704,0.0,1
2023091006,3137,0.2141,1,31.1100006103516,34.2000007629395,8,2.3577320192632545,6.279936853079295,0.04028005944068476,5.497026468919356,0.0,1
2023091006,3234,0.0,0,71.5699996948242,18.2199993133545,8,10.185185523461998,0.8598839109272772,-0.23548916695672267,10.20176945436427,0.0,1
2023091006,3295,0.0,0,91.9700012207031,7.8600001335144,10,4.321399670856862,0.9638452823712629,-0.17232996386060892,2.814409351888958,0.0,1
2023091006,3422,0.0,0,93.8300018310547,9.48999977111816,8,10.23298468863413,0.31384870094280654,-0.13071521146973547,10.049328335764526,0.0,1
2023091006,3447,0.0,0,98.2699966430664,9.84000015258789,8,5.2624362481767495,2.4782257292070606,-0.4083175858938907,10.747283377672696,0.0,1
2023091006,3472,0.0,0,119.779998779297,32.7000007629395,12,3.8550731457059366,8.710366939519469,0.2550396264301739,0.6090155991434011,0.0,1
2023091006,3596,0.0,0,47.810001373291,45.7200012207031,14,4.011795316714359,0.8039885617502758,-0.6232334505802765,3.1310221973023467,0.0,1
2023091006,3680,0.6576,1,68.8300018310547,8.14999961853027,13,1.4632840279617207,1.1655881106202122,-0.3867074914004847,1.7826384939184854,0.0,1
2023091006,3722,0.0,0,100.269996643066,45.7900009155273,12,3.9595577162557203,0.6220094419389492,-0.37595758718224875,6.964854628777266,0.0,1
2023091006,3754,0.0,0,89.25,7.01000022888184,12,4.7151031685117415,0.552267930671865,0.19330061140066468,4.575423477668489,0.0,1
2023091006,3779,0.0,0,73.7300033569336,6.26999998092651,12,5.500985073029458,1.303843302917302,-0.3049158328394092,5.150155337463139,0.0,1
2023091006,3804,0.054,1,73.2300033569336,11.9799995422363,8,2.8600732892676293,0.5220183186550765,-0.30148609323557085,5.6612454460127415,0.0,1
2023091006,3829,0.0,0,64.7099990844727,2.65000009536743,11,4.790374855433626,2.725471679112262,-0.3072900641144829,2.3269078194032535,0.0,1
2023091006,3881,1.1817,2,36.4300003051758,25.4099998474121,19,1.1871397171386282,1.5033296764073163,-0.445604308305556,0.9402127418834498,0.0,1
2023091006,4079,0.2951,1,93.4499969482422,38.4500007629395,11,2.2269729316092777,3.4213012031415277,-0.43532448692290293,3.5274495035365083,0.0,1
2023091006,4163,0.3449,1,85.0699996948242,4.8600001335144,11,2.0508775518683793,1.198081639579338,-0.6114242197783772,3.522002271435947,0.3315,1
2023091006,4186,0.0,0,81.5199966430664,10.3599996566772,8,5.670878620058487,1.5727648867677182,0.0469554350953372,5.192119027911434,0.0,1
2023091006,4211,0.0,0,72.3399963378906,25.8600006103516,7,5.119264076512559,1.15740761308463,-0.050148618839749026,3.530014164277532,0.0,1
2023091006,4270,0.0,0,77.3899993896484,15.7600002288818,9,5.13700240364638,1.0374000835795958,-0.4297691665812243,6.4862469888218115,0.0,1
2023091006,4315,0.0,0,77.2300033569336,33.1199989318848,9,12.306623679885867,1.3296651318303205,-0.3200716823226927,8.952228772769386,0.0,1
2023091006,4340,0.1874,1,56.1199989318848,15.0799999237061,12,2.4377244841669254,2.332594050794022,-0.21401271898134355,2.149790687485646,0.0,1
2023091006,4395,0.0,0,45.0699996948242,29.2900009155273,8,3.662812450009723,0.7716207355762966,-0.489658451803786,6.687189245116368,0.0,1
2023091006,4420,0.8622,1,35.7799987792969,43.7999992370605,8,0.999248296878992,0.4517729964640724,0.04455316438122228,3.7282301431108036,0.2511,1
2023091007,77,0.948,2,42.4700012207031,14.289999961853,7,1.1228522874906757,0.45398225499398065,0.1220635513609626,3.5621622646926157,0.2681,1
2023091007,124,0.0,0,57.75,28.7000007629395,8,3.344085075117694,1.9875866027775129,0.20722293224833863,4.821493544535756,0.0,1
2023091007,147,0.3512,1,58.5699996948242,21.25,10,2.1330028346276206,0.48373572986473534,0.2782818448118383,2.1772000367444444,0.0,1
2023091007,197,0.7877,1,60.9099998474121,43.939998626709,8,0.9654019324173734,0.7294530810732432,-0.31819900453290295,3.2724608477413346,0.4965,1
2023091007,220,0.0,0,55.4900016784668,17.0300006866455,8,12.444507030257908,0.3354083882814498,0.12105261373121017,11.290358718836167,0.0,1
2023091007,332,1.0071,1,82.8099975585938,20.6800003051758,7,0.8600574527481315,0.6040690120706309,0.23769794737062822,3.19903110331863,0.5772,1
2023091007,357,0.0,0,74.25,7.44000005722046,12,5.225600412760561,6.129420824335679,0.6035392806509651,5.616493568054719,0.0,1
2023091007,580,0.0,0,43.4099998474121,7.40999984741211,7,5.022549310938685,2.8207268777778984,-0.4914957047893795,4.698638100556371,0.0,1
2023091007,699,0.0,0,109.580001831055,48.4099998474121,7,4.071819518056737,1.0607530617954226,0.02134466948182746,2.998132752230963,0.0,1
2023091007,842,0.0,0,36.8800010681152,51.7000007629395,16,6.2701271857059835,0.5594628946323779,-0.1308720678284809,5.44074443435823,0.0,1
2023091007,935,0.7156,1,13.1199998855591,33.0999984741211,8,0.9108234553208585,0.7299316416065138,-0.22758602627424585,2.586426105652354,0.1709,1
2023091007,1167,0.9181,1,75.8899993896484,28.1100006103516,5,0.8823272380366104,0.27658706194036436,0.40592119559013284,1.4270599146496938,0.955,1
2023091007,1214,0.7501,1,81.9700012207031,38.0299987792969,9,0.7749209101547837,0.815657521503886,-0.6571717458749438,2.313114783144151,0.4042,1
2023091007,1371,0.0,0,52.5400009155273,26.2900009155273,9,7.142619710793003,0.1720477824756302,-0.7805228132702197,8.35393320538296,0.0,1
2023091007,1399,0.0,0,46.1599998474121,5.78999996185303,8,3.0173496962994317,0.36124788805073604,0.6608041080240854,6.675866984894169,0.0,1
2023091007,1424,0.7931,1,29.75,39.0800018310547,12,1.2020826095160977,0.5333869932550666,0.44969622899852196,2.7351416782316753,0.4735,1
2023091007,1620,0.0,0,53.5999984741211,7.57999992370605,11,4.340009994671398,1.0080165854418164,-0.25127495270582223,3.1391877930445666,0.0,1
2023091007,1679,0.4973,1,31.4099998474121,29.5599994659424,10,1.5080122737436434,2.5531358300193356,-0.7990208584989926,2.037473926213537,0.3415,1
2023091007,1764,0.0,0,26.8600006103516,24.0200004577637,7,4.430179913314048,0.2807127355378403,0.09505213281917604,5.523929760596164,0.0,1
2023091007,1794,0.0,0,48.560001373291,48.7799987792969,16,3.213096513160532,0.3584707671441452,-0.3711937350410894,6.688527491159767,0.0,1
2023091007,1848,0.3377,1,49.560001373291,43.7400016784668,7,2.0800226569787177,0.13928594234584787,0.5946220830752894,4.569343497702922,0.0,1
2023091007,1988,0.0,0,86.0199966430664,30.8500003814697,8,3.1269456201618775,0.28460168411786996,-0.12133041691491855,3.7084228453616275,0.0,1
2023091007,2013,0.7539,1,76.9899978637695,15.4899997711182,8,1.221022035219018,1.4340480903653967,0.08829573753036858,1.7582377541163197,0.2897,1
2023091007,2036,0.6141,1,78.2200012207031,21.7700004577637,7,1.220162710377877,0.4742350665198983,-0.2149582974688634,0.8676404785393566,0.5103,1
2023091007,2135,0.0,0,78.9700012207031,15.2399997711182,11,7.0734222763299535,0.7752428375779371,-0.486491752464919,5.088064465000416,0.0,1
2023091007,2160,0.0,0,50.5900001525879,57.3300018310547,18,5.7194857324824975,6.448954581062119,0.6813661505516097,6.413119365800083,0.0,1
2023091007,2183,0.0,0,59.060001373291,13.9799995422363,11,5.218514699563286,0.41593336921803964,0.3107577206516292,3.682662080615054,0.0,1
2023091007,2208,0.5806,2,45.1699981689453,16.8400001525879,10,1.8389661961372625,3.489324821591497,-0.4153414915863731,3.1053663229963715,0.0,1
2023091007,2238,0.3032,1,34.3499984741211,4.90000009536743,14,2.176075602494846,0.47169909097566154,0.562731586542158,2.356140912594152,0.0,1
2023091007,2359,0.5354,1,73.1100006103516,2.0699999332428,13,1.3938799704265517,0.2594226585640727,-0.17369973969885863,1.411736519326468,0.0,1
2023091007,2421,0.676,1,52.5999984741211,51.1100006103516,15,0.9720073701569706,0.24738796588913972,0.4468236357801775,1.3805071531868276,0.0,1
2023091007,2447,0.5423,1,48.5299987792969,25.5300006866455,6,1.3729516897801926,0.5727127306321463,-0.06149651273886215,2.1003809178337143,0.0874,1
2023091007,2472,0.8807,1,36.3800010681152,19.9500007629395,9,0.7000007629403142,1.4212683072087346,-0.27991509235980033,1.221024160285129,0.2149,1
2023091007,2495,1.2559,1,39.5499992370605,36.2000007629395,9,0.4201191578739259,0.17087962843259968,0.5529463923584231,1.7132717239247228,0.7125,1
2023091007,2672,1.169,2,40.0699996948242,33.4900016784668,7,1.5339497475490844,0.3847077209005644,-0.043410102096000436,2.8994482233694057,0.6616,1
2023091007,2719,0.92,1,50.6800003051758,37.5800018310547,8,0.7517967004529909,0.01999816894762823,-0.029712894704612598,3.5314161465338527,0.2791,1
2023091007,3145,0.0,0,32.3800010681152,15.25,9,3.6886030498154465,0.7877172881193908,-0.19417695686341221,6.007869838803102,0.0,1
2023091007,3542,0.9773,1,32.5800018310547,39.25,8,0.755842155006306,1.0800481262802637,0.15134847513773267,6.6343424693031965,0.8845,1
2023091007,3890,0.0,0,55.2400016784668,1.91999995708466,12,3.372134145824612,0.2641954561798525,0.008229726765018977,2.383023289856818,0.0,1
2023091007,4101,0.1359,1,38.3800010681152,38.5200004577637,8,2.696663458987156,0.24999887084977127,0.14748769472699488,4.568818227944727,0.0,1
2023091007,4182,0.2387,1,46.25,45.8400001525879,9,2.464406688543535,0.4554119517276562,-0.03117650111283148,4.905201321046879,0.0,1
2023091007,4234,0.0,0,42.5499992370605,9.77000045776367,10,12.738013991657477,0.890506122138043,0.033329273030322695,7.411045810140429,0.0,1
2023091007,4271,0.5899,1,60.9099998474121,14.0500001907349,12,1.230447199712108,1.5625941604929219,-0.621576665936645,1.2244182292011168,0.0,1
2023091008,125,0.0,0,80.8000030517578,5.59000015258789,10,9.33362365710762,4.330358722444176,-0.28033445328326795,10.442691224009257,0.0,1
2023091008,273,0.0,0,71.7699966430664,14.789999961853,9,4.624328468523956,1.9736783542909107,-0.05707742840923404,4.5164809309904115,0.0,1
2023091008,396,0.0,0,115.459999084473,48.4000015258789,15,4.858323446186837,7.408818635862905,0.43628474874158646,1.1506954418959054,0.0,1
2023091008,496,0.4094,1,117.400001525879,21.8600006103516,12,1.924189329988015,0.580518551239232,0.3351481504112096,0.6105735008989467,0.0,1
2023091008,572,0.0,0,55.25,47.689998626709,15,3.7297982483985406,2.1964065369181776,-0.6373544576979652,6.350118109137814,0.0,1
2023091008,619,0.0,0,54.6100006103516,11.9399995803833,9,6.956120348603896,1.6147138541678863,-0.5217798382978858,4.48362576493623,0.0,1
2023091008,735,0.0,0,44.2400016784668,5.5,11,4.102390979571593,1.6137221864517957,-0.3355429230604991,13.250094339286797,0.0,1
2023091008,840,0.0,0,49.0099983215332,37.5,11,3.978503651568617,4.458002896869187,0.34286509332981263,3.5261877431583253,0.3851,1
2023091008,888,0.0,0,34.3300018310547,24.5799999237061,7,5.628817812456107,1.0404310624244577,-0.27308683288555646,6.308288198869804,0.0,1
2023091008,1105,0.0,0,81.5599975585938,50.939998626709,11,4.732061112694469,0.8324066036451084,0.24649245284851873,4.942762385549197,0.0,1
2023091008,1130,0.0,0,95.3499984741211,36.439998626709,8,4.523282466107195,0.9708264446335887,0.0205301523688063,2.762209260718674,0.0,1
2023091008,1155,0.0,0,102.860000610352,9.71000003814697,7,5.580366759876917,0.482596613249007,0.10779908979972036,8.0887205415937,0.0,1
2023091008,1200,0.727,1,114.069999694824,12.8999996185303,11,0.819084398776777,0.992018025788498,-0.45836730937275116,0.6293647591023815,0.0,1
2023091008,1292,0.0,0,87.3199996948242,11.3699998855591,7,5.332954109839928,0.969329445689089,-0.2850414571169741,6.351511631100112,0.0,1
2023091008,1356,0.3221,1,70.879997253418,4.30000019073486,13,2.069587382598711,1.4648534075228499,0.2601554551537349,1.443675863897432,0.0,1
2023091008,1473,0.0,0,22.9500007629395,10.8100004196167,12,4.23520869086546,0.5423093335913295,0.07187045579821705,4.944178394839734,0.0,1
2023091008,1551,0.0,0,78.1999969482422,44.0,9,6.2760228804403075,0.6313462662592334,0.527878146948602,7.645868165224929,0.0,1
2023091008,1576,0.2428,1,75.7200012207031,24.75,6,2.3084638499835877,1.0248914529040631,-0.24092305001674774,3.7396523902630316,0.0,1
2023091008,1601,0.0,0,63.0499992370605,24.7800006866455,10,5.816665002744344,0.3701349393843724,0.1425197762371333,5.250238089839355,0.0,1
2023091008,1626,0.0,0,9.57999992370605,28.7299995422363,29,3.9607322222062864,3.1997812828182126,0.8559604039385195,4.1627034484815315,0.0,1
2023091008,1818,0.0,0,30.5599994659424,43.2099990844727,10,3.424675339953136,0.5805173618512878,-0.018115775682492816,6.2371788494478775,0.0,1
2023091008,1929,0.0,0,70.8600006103516,6.96000003814697,9,12.018153506802745,1.8509727355911998,-0.6339845340006801,13.430956779023603,0.0,1
2023091008,1952,0.0,0,32.560001373291,4.46999979019165,24,7.3446635406693,3.3043596610576156,0.8125825835731249,5.071735403192876,0.0,1
2023091008,1981,0.0,0,53.3499984741211,17.3700008392334,10,6.1868566382500605,0.5671846631218779,-0.4016466638849098,2.5685988398346677,0.0,1
2023091008,2007,0.0,0,24.2900009155273,40.060001373291,11,5.886229459800312,5.0028894269623,0.04654554474403991,2.660676605677586,0.0,1
2023091008,2390,0.0,0,25.8899993896484,44.7799987792969,8,12.548665664074939,0.5517258743538829,-0.46132780424454595,13.651937591419028,0.0,1
2023091008,2475,0.0,0,44.4300003051758,33.0099983215332,9,3.192648177207424,1.1440291400758653,0.4388076002883195,2.983186216111892,0.0,1
2023091008,2520,0.0,0,42.6100006103516,21.0599994659424,7,3.1366540381421615,2.477458465874881,-0.2558738672405915,2.2821919288263195,0.0,1
2023091008,2697,0.0,0,56.0099983215332,15.3199996948242,6,5.85495346689367,2.4412482417624233,-0.5011778569300674,5.781504994376468,0.0,1
2023091008,2749,0.9011,2,37.310001373291,48.0800018310547,15,1.3462927454678448,0.8266188968710912,-0.6039471098956155,1.9266551326067687,0.0,1
2023091008,2865,0.0,0,36.9599990844727,20.3700008392334,7,11.417364914046756,0.4070623338677626,0.3031520451023936,13.486422802211116,0.0,1
2023091008,2921,0.0603,1,53.9300003051758,8.28999996185303,12,2.848297708049363,1.583982082063322,-0.5566104672510345,2.294776677587602,0.0,1
2023091008,3010,0.755,1,111.949996948242,2.91000008583069,21,1.4294731283959052,1.146300685186327,-0.7971262342087031,1.4187318280774548,0.0,1
2023091008,3178,0.0,0,62.8499984741211,44.6500015258789,15,3.72521332855802,3.4234786642471473,-0.685344697163408,1.899289340779864,0.0,1
2023091008,3208,0.0,0,96.1500015258789,46.0699996948242,26,14.306397146605713,0.6747582348808726,-0.715296048324027,12.774576313913503,0.0,1
2023091008,3254,1.0024,1,112.699996948242,49.8600006103516,13,0.6378870129719421,0.1931351446313875,-0.2788469369309805,1.2619429464123955,0.0,1
2023091008,3354,0.0,0,83.3000030517578,14.6000003814697,8,5.636402480381152,1.736579645557847,-0.5897740387833118,5.021523673149407,0.0,1
2023091008,3377,0.7233,1,74.2799987792969,21.7600002288818,10,0.8300593885762384,4.744226830120904,-0.09759997742373379,2.1634232133357623,0.1781,1
2023091008,3495,0.0,0,69.1600036621094,26.0200004577637,6,8.270511290164977,2.4367433145431647,-0.18167883821124856,5.99030049329748,0.0,1
2023091008,3745,2.136,2,70.1800003051758,46.7099990844727,29,0.9154770738287713,0.7392556607059301,0.5624864781617338,4.702307943978147,0.0,1
2023091008,3826,0.0,0,74.2399978637695,49.4500007629395,10,4.639536630579597,1.4140016248569305,0.44302514290213785,4.684463683283285,0.0,1
2023091008,3851,0.0,0,63.8800010681152,53.4000015258789,13,5.548118379019215,5.556304028964196,0.6513318870504651,6.7769167030442325,0.0,1
2023091008,3923,0.0,0,47.310001373291,34.8199996948242,7,10.245867078512845,2.6144419589261862,-0.35160651381268476,10.17462038603898,0.0,1
2023091008,3975,0.0,0,33.8600006103516,45.6599998474121,8,3.440058748497744,1.547288019948198,0.41657335831505377,8.952882217476118,0.0,1
2023091008,3998,0.0,0,28.1800003051758,47.8499984741211,11,4.398192078660683,1.2306511447167676,-0.2561151533875948,8.060676150299056,0.0,1
2023091008,4021,0.0,0,30.7299995422363,18.9200000762939,8,3.9641514737763637,0.6224145387869795,0.38059496633943674,6.93618050514835,0.0,1
2023091008,4051,0.0,0,31.5100002288818,35.3800010681152,7,11.113172749291866,1.2748715869344032,-0.60499270037152,12.564859728624116,0.0,1
2023091008,4083,0.0,0,22.2199993133545,43.6500015258789,8,10.015113400118805,0.5110759261574829,-0.5356748083695085,8.038270958359139,0.0,1
2023091008,4452,0.0,0,82.7099990844727,18.0,8,11.042938137780428,0.6741652960783728,0.13992313018077326,9.812247448979262,0.0,1
2023091008,4491,0.0,0,75.8399963378906,40.4700012207031,9,13.610011031169993,0.2973229351215636,-0.21518804710483094,14.602140254086047,0.0,1
2023091008,4514,0.0,0,70.3499984741211,32.6599998474121,8,10.993219163424127,1.24522989134624,-0.27248171967445184,12.119872111536491,0.0,1
2023091008,4539,0.0,0,63.8400001525879,35.4199981689453,8,7.997757349384422,0.8508811243337774,0.21702920059728814,11.673397106241177,0.0,1
2023091009,103,0.1563,1,49.3300018310547,25.5900001525879,7,2.570993311953747,1.4892292963469909,-0.0370912103365158,2.5263412279421007,0.0,1
2023091009,306,0.5853,1,7.28000020980835,5.92000007629395,12,1.244025938468948,1.2549503930611154,-0.5449899779545629,1.1031772296417293,0.0375,1
2023091009,417,0.0,0,26.3199996948242,8.78999996185303,11,3.882074429584168,0.4019953247103444,-0.2881778911138276,4.390558051091001,0.0,1
2023091009,442,0.059,1,48.4900016784668,8.10000038146973,14,2.8230462934140537,1.477090207765094,-0.7379456343948136,7.567463247350466,0.0,1
2023091009,511,0.0,0,61.5499992370605,42.7400016784668,7,12.072717539142205,0.7335528954801649,-0.3408788971070244,12.979252674942423,0.0,1
2023091009,570,0.0,0,65.3000030517578,6.78000020980835,14,3.6084595012923937,2.223014741299119,-0.6221969459707153,6.620709931721823,0.0,1
2023091009,681,0.0,0,83.7200012207031,50.5299987792969,13,5.851579422539242,0.7592745078845564,-0.24620590530458603,5.3968972567578115,0.0,1
2023091009,750,0.0,0,99.6399993896484,22.8999996185303,8,8.303042289301898,1.8869294064271493,0.15737217542166337,3.0619764858666136,0.0,1
2023091009,797,0.7983,1,117.449996948242,7.61999988555908,10,1.6192912234915753,1.667366224241795,0.0808875960249366,1.6804761230080045,0.6048,1
2023091009,861,0.0,0,89.1999969482422,17.2399997711182,7,12.040470980117174,0.3661982310423665,-0.3821468699756671,12.064435336972887,0.0,1
2023091009,953,0.031,1,67.7200012207031,9.97999954223633,15,2.906887594920686,0.38275219152086243,-0.17061343644172533,4.036855211671583,0.0,1
2023091009,987,0.5898,1,81.1600036621094,4.30000019073486,14,1.230688195652912,0.3257265227957167,-0.6641792043749789,2.0746565980903933,0.0,1
2023091009,1017,0.282,1,83.1399993896484,10.9899997711182,8,2.2826525493673873,0.4052166413520968,0.030047640341731595,6.204780415131547,0.0,1
2023091009,1097,0.9826,2,118.620002746582,25.4799995422363,10,1.484488416722287,0.9849393161767271,0.015379115172415133,0.9437160589923219,1.3704,1
2023091009,1212,0.0015,1,67.0800018310547,49.2599983215332,10,2.995414318028765,0.39560210103719895,-0.22351942253304172,4.112468844866799,0.0,1
2023091009,1507,0.1282,1,21.6900005340576,6.76000022888184,8,2.6318999441429054,0.6801467939020533,-0.17184780916458728,4.0650953248355695,0.0,1
2023091009,1561,0.5323,1,31.1399993896484,30.2399997711182,8,1.7428998911348397,1.1340631451662775,0.3883453387822454,1.1269871339105844,0.0,1
2023091009,1621,0.0,0,34.7299995422363,16.1100006103516,7,5.432026044847842,1.5164439676854622,0.005693010632625418,5.722770308163699,0.0,1
2023091009,1680,0.6922,1,75.5299987792969,3.75,12,1.2523971740794335,0.5700865348594716,-0.38785356570930285,3.693142293494791,0.0,1
2023091009,1710,0.0,0,70.1699981689453,25.7700004577637,6,4.129755980000411,0.9924708272281905,0.2558640405636117,4.870318264754368,0.0,1
2023091009,1735,0.1751,1,65.0,30.9799995422363,5,2.5522150240391115,0.5990827466463354,-0.4075914003653358,4.590697114818189,0.0,1
2023091009,1772,0.0,0,60.4199981689453,13.25,9,5.350082280462427,0.4916281171472451,-0.39701813213812415,8.020006234411545,0.0,1
2023091009,1802,0.2567,1,50.3199996948242,6.51000022888184,8,2.3883253990338,0.31304989216658585,-0.1121348803815293,4.583939353874568,0.0,1
2023091009,1827,0.3898,1,46.5,9.5,7,2.1602083232873595,0.5322593352868497,0.440476969783925,2.7682846674430004,0.0,1
2023091009,1886,0.0,0,18.9799995422363,19.7199993133545,9,4.325609403156928,0.3862633524450448,0.06341786283727827,3.0592973049378513,0.0,1
2023091009,1946,0.0,0,1.33000004291534,43.5,10,3.0841530514278874,0.9102197965908679,-0.11287810966888417,0.8993886812718969,0.0,1
2023091009,2102,0.0,0,57.9900016784668,1.51999998092651,17,8.254845620831306,1.3641862181754607,-0.6633110573651531,4.627148149778651,0.0,1
2023091009,2430,0.8671,1,91.2699966430664,51.2400016784668,21,1.4580116894462567,0.769216696904268,0.5707634711733844,0.6389053137985253,0.6009,1
2023091009,2499,0.8445,1,76.1600036621094,22.0699996948242,10,0.8598223303163882,0.2267130292261842,0.06675897027795505,4.25836823208139,0.0,1
2023091009,2546,0.0,0,88.75,51.4000015258789,11,3.439607881775679,0.4933544016993893,-0.2483856088340554,5.783156577510236,0.0,1
2023091009,2609,0.0703,2,84.7900009155273,17.1399993896484,10,2.8974806108725306,1.4916424458564568,-0.06638205442578923,1.681338752304241,0.0,1
2023091009,2634,0.0,0,83.3399963378906,7.07000017166138,9,6.135148066170613,1.3423863251700092,-0.6006454532768704,8.305853357723096,0.0,1
2023091009,2826,0.4045,1,106.970001220703,21.2299995422363,8,1.9318889904477654,1.2918965850644015,-0.05738753676362863,1.9942417105255772,0.3439,1
2023091009,2849,0.6918,1,112.099998474121,49.5099983215332,10,0.9245562108476603,0.8702314187463502,-0.2413805953890186,0.6041522986797171,0.0,1
2023091009,2907,0.0952,1,84.0100021362305,13.7700004577637,9,2.7246487525165297,0.5643601242631661,-0.46195974349758256,4.239622624715544,0.0,1
2023091009,2932,0.0,0,83.9899978637695,12.3599996566772,7,6.328828694598478,0.7184686477000874,-0.5941873222318719,7.805158550599728,0.0,1
2023091009,3009,0.0,0,53.4199981689453,9.43000030517578,8,10.231839337004144,0.33541128845839957,-0.4418463432518132,10.903343523892106,0.0,1
2023091009,3108,0.0,0,75.4499969482422,8.36999988555908,9,5.904077810168356,2.1198139969204868,-0.42764992188887563,6.848948824454732,0.0,1
2023091009,3140,0.0,0,78.2900009155273,3.03999996185303,9,11.640111277104127,0.2844290545739074,-0.4393138356160855,12.400338705051567,0.0,1
2023091009,3170,0.0,0,84.5199966430664,38.8199996948242,8,6.642811450254671,0.8521172325962881,-0.5712232274404367,7.091431449291468,0.0,1
2023091009,3195,0.0963,1,88.5699996948242,2.76999998092651,9,2.7110517537866614,2.094421334023106,-0.31123894511215555,4.277756421303108,0.0,1
2023091009,3242,0.3639,1,102.269996643066,44.75,7,2.1821346925474083,1.932978576386672,-0.7219350202267477,3.206649341602542,0.1771,1
2023091009,3361,0.0,0,83.4700012207031,18.8099994659424,8,5.0866499063026485,1.0270357160597008,-0.21910747025854607,7.347768368695358,0.0,1
2023091009,3386,0.5024,1,68.5199966430664,4.21999979019165,19,1.6866853895928215,1.4366946829001324,-0.36999999610931245,1.7256882684888375,0.0,1
2023091009,3418,0.0,0,55.8699989318848,24.8799991607666,11,3.5106965817624847,1.6951683226428556,-0.2002363843046815,2.9054775855270383,0.0,1
2023091009,3454,0.0265,1,20.3700008392334,40.1500015258789,15,2.920358139963736,2.1631461909645626,-0.7288891974834844,2.7290474528670288,0.0,1
2023091009,3501,0.0,0,13.6099996566772,36.5999984741211,7,3.0200156030823924,3.0881881720379845,0.28565922973789865,2.456053745340276,0.0,1
2023091009,3587,0.0,0,43.2999992370605,17.1100006103516,10,3.6974864637065727,1.1473893056103606,-0.01662602839246273,3.5648281866031066,0.0,1
2023091009,3610,0.0,0,34.5999984741211,30.3299999237061,7,12.48168762570674,1.359597044882406,-0.30240640183149214,10.014135010074506,0.0,1
2023091009,3754,0.0,0,62.5699996948242,28.5799999237061,9,3.7019182808139437,1.0336824546804928,-0.06734822199547984,3.8011577183800207,0.0,1
2023091010,121,0.1874,1,60.8800010681152,32.939998626709,8,2.489097262440298,0.29410932665173806,0.07324350635516857,1.5454772725601613,0.0,1
2023091010,261,0.3792,1,80.9000015258789,-0.910000026226044,15,2.3158791408415245,2.6159881290785596,0.6087023039230464,2.31579360047479,0.0,1
2023091010,328,0.5506,1,67.2399978637695,4.21000003814697,20,1.8625269714053587,1.344022568424068,-0.6643611249046104,1.5478048972658027,0.0,1
2023091010,607,0.7797,1,67.0199966430664,34.8400001525879,26,0.660987360531793,3.0994385074220387,-0.9414126716972728,2.852823163114037,0.0,1
2023091010,630,0.3148,1,40.5299987792969,21.0599994659424,8,2.0557236166407433,4.677018978273869,-0.22597903945430642,3.884288866703918,0.0,1
2023091010,706,0.1894,1,94.9100036621094,41.1500015258789,16,2.43187404878954,4.830828105948803,-0.5837152676022273,0.5099019513592723,0.0,1
2023091010,767,0.0,0,77.6999969482422,41.3400001525879,10,3.0621917240624335,2.5893658837524116,-0.2844713639035605,1.8708554193202653,0.2041,1
2023091010,997,0.0,0,37.7700004577637,3.05999994277954,8,4.87354034595142,4.74709341761921,-0.42122541938512265,2.3876766950322232,0.0,1
2023091010,1040,0.0,0,69.4499969482422,28.6700000762939,16,4.754208866415575,3.6639980596358797,-0.6021060748769766,1.075174404457251,0.0,1
2023091010,1072,0.0,0,40.0,17.3700008392334,15,3.613819947385628,3.14186240611647,-0.6627795669476221,3.953795644693839,0.0,1
2023091010,1119,0.0,0,28.3799991607666,16.9500007629395,8,11.742950113955452,4.619663356554681,0.3069041876803354,8.582831700551985,0.0,1
2023091010,1249,0.4685,1,10.3100004196167,12.5100002288818,9,1.5945223298111315,1.879628100235974,-0.5664201123957995,1.8004999305748406,0.0,1
2023091010,1337,0.0,0,39.689998626709,30.8600006103516,6,3.8174875419331395,1.0778697034133642,-0.07747241021985796,4.971448481076723,0.0,1
2023091010,1438,0.3477,1,112.069999694824,20.8199996948242,6,2.150581129447657,1.6483020586391837,0.17694890945386627,0.9060905032059444,0.0211,1
2023091010,1513,0.8925,1,56.8600006103516,38.6699981689453,23,0.32248993141355164,2.1375925572760246,-0.8200043401449282,2.542479105125544,0.0,1
2023091010,1558,0.0,0,61.2700004577637,32.189998626709,9,3.2975735976748255,3.03726737933079,0.2986199958319201,1.84043473125238,0.1362,1
2023091010,1607,0.0,0,44.3699989318848,34.25,6,3.159399342972495,2.381701745464099,0.07971846334057993,1.2481185841096956,0.0,1
2023091010,1714,0.0,0,89.129997253418,13.710000038147,6,8.138265441006661,1.021813020749252,0.6812196409945478,5.677261663865778,0.0,1
2023091010,1761,0.4384,1,55.3699989318848,17.1900005340576,12,2.07639013029997,0.29698447046476284,-0.16444349454021423,6.7114826975862805,0.0,1
2023091010,1810,0.0,0,55.7799987792969,34.7299995422363,11,4.850772598236985,3.042531543026224,-0.019066621098569658,4.742204128883526,0.0,1
2023091010,1835,0.0468,1,50.9500007629395,46.0800018310547,13,2.8595447455386087,3.314406960952696,-0.7234744597957126,4.926662156064695,0.0,1
2023091010,1858,0.8834,2,36.8300018310547,11.4300003051758,15,1.6705699893626098,1.7280062755904793,-0.5316475824043841,1.4725827650763812,1.384,1
2023091010,1888,0.0,0,48.2700004577637,8.68000030517578,12,5.135951837355495,1.5601287495230216,-0.5450220378775528,6.215609382836084,0.0,1
2023091010,1940,0.3644,1,27.1499996185303,32.3699989318848,12,1.9494112900431548,2.2151528926120956,-0.36046332776043355,3.105173103065269,0.0,1
2023091010,2002,0.0,0,15.1300001144409,33.060001373291,9,3.3362390279467466,2.549077959050396,-0.7000864618061583,1.9865548066942418,0.0,1
2023091010,2027,0.0,0,6.46000003814697,23.1299991607666,10,4.404543824146698,4.151204550706028,-0.34274761276165366,3.910818328687746,0.0,1
2023091010,2103,0.0,0,37.7700004577637,40.7900009155273,7,3.0221844070289143,0.6606809675034728,-0.19281075326161165,4.281798687467682,0.0,1
2023091010,2151,0.0,0,43.4500007629395,17.5200004577637,8,3.994107293947155,2.9577857736387556,-0.20328767558910124,4.499355509403543,0.0,1
2023091010,2176,0.0,0,55.0,44.6500015258789,12,5.375519632744706,3.148363787327614,-0.6596751440340806,3.770411118167355,0.0,1
2023091010,2206,0.0,0,53.7200012207031,13.1700000762939,9,11.471049391709387,2.89913770575872,-0.5774467521942441,11.95458489450805,0.0,1
2023091010,2236,0.0,0,68.0100021362305,23.6299991607666,8,9.473441528903619,2.7662226330584385,-0.29824303556954224,3.8147739120424955,0.0,1
2023091010,2261,0.0,0,105.720001220703,54.5,24,4.838234061916727,2.11009550773395,0.6998521594406588,2.7784887978899517,0.0,1
2023091010,2284,0.0,0,79.6900024414062,5.15999984741211,11,3.936722098490541,3.1308123524629226,-0.5150627431324033,2.3015864094141634,0.0,1
2023091010,2372,0.0,0,65.9199981689453,47.0400009155273,20,4.594605030440154,1.3661971971491884,-0.43193041092078793,3.006659275674581,0.0,1
2023091010,2930,0.1646,1,64.2900009155273,35.0800018310547,13,2.619103868124719,2.4158013786885593,-0.44967310405364075,3.2093768865622425,0.0,1
2023091010,2982,0.0,0,40.9500007629395,30.1200008392334,8,5.557120502675021,2.1523011820884705,-0.2887794142341253,1.851728921845747,0.0,1
2023091010,3029,0.2505,1,27.9699993133545,19.25,9,2.248487935256849,1.3705832210355475,-0.33411116959172654,1.0278618584226196,0.0,1
2023091010,3064,0.4766,1,9.03999996185303,10.6800003051758,23,1.5701274790915132,1.671915016907583,-0.7751046198908293,0.9128526715741151,0.0,1
2023091010,3128,0.0,0,14.5299997329712,4.46000003814697,10,13.336540118841212,2.0416661623999675,-0.54203901902466,13.831449670949171,0.0,1
2023091010,3198,0.352,1,13.5299997329712,48.2099990844727,23,2.263559885536162,1.5100338506380668,-0.5600306588182964,1.7380736463107709,0.0,1
2023091010,3274,0.0,0,39.7099990844727,9.52999973297119,10,3.9583969582246814,2.440349095964608,-0.3778299988030158,3.4387933930377415,0.0,1
2023091010,3309,0.0,0,35.5400009155273,13.2700004577637,8,8.105614544057824,2.1170255696553357,-0.43260724733070094,5.620053380529405,0.0,1
2023091010,3494,0.0,0,18.3799991607666,43.3899993896484,9,7.719616985603624,2.2398656706044324,-0.40490363866345463,6.3343902626851145,0.0,1
2023091010,3640,0.26,1,44.8800010681152,50.5800018310547,17,2.4212807871102227,1.8162039210242544,-0.16681981778384553,1.5756268593801046,0.0,1
2023091010,3676,0.0,0,50.2799987792969,46.0999984741211,10,3.029883397443441,1.3805815425072026,-0.7158403889323208,3.5794552658190915,0.0,1
2023091010,3701,0.3493,2,75.1600036621094,20.7199993133545,11,2.1999972534194,3.5214874358713804,-0.4184426254323559,1.937524193397333,0.0,1
2023091010,3803,0.4658,1,80.9899978637695,14.1400003433228,10,1.6025623110664593,1.6229006287071044,-0.45267147504496763,1.656804152578081,0.0,1
2023091010,3826,2.0856,2,82.0,31.5599994659424,7,0.4382925786752019,0.17464261428670227,-0.3382708148714488,3.861825992972758,1.3068,1
2023091010,3890,0.312,1,78.9599990844727,5.51000022888184,10,2.0640003746094027,2.40933598151589,-0.6528322815601134,3.2743854385212448,0.4191,1
2023091010,4076,0.0,0,44.9099998474121,-1.69000005722046,21,4.6145857171849824,6.757588456055117,0.6723795482353974,2.7244265451650564,0.0,1
2023091010,4099,0.0,0,47.4799995422363,17.0,14,4.684656259146225,2.033764529091344,-0.6164808001212391,5.727172077037672,0.0,1
2023091010,4207,0.0,0,19.5400009155273,48.1800003051758,11,4.934208003131257,2.2061961818973206,-0.5723072835138459,3.4893265825944155,0.0,1
2023091010,4321,0.3033,1,35.7000007629395,12.6000003814697,11,2.0902145425294947,0.3224910196647836,0.38086594706720384,7.186438617284642,0.0,1
2023091010,4426,0.7182,1,78.2600021362305,8.42000007629395,26,1.4173579634309814,0.15132956691261817,0.9841756958041066,1.332704018152572,0.0,1
2023091010,4473,0.7473,1,101.430000305176,33.4500007629395,10,0.7580245575568798,1.7557056592897224,0.23038116732387198,4.300941757336407,0.1316,1
2023091010,4498,0.181,1,111.76000213623,33.1100006103516,7,2.625282421796459,1.5984047089305293,0.5701812148607546,2.05645325743135,0.0,1
2023091010,4528,0.0,0,93.9000015258789,17.4500007629395,10,9.707944719500803,1.4536175293081135,-0.624592759853962,12.80183190016178,0.0,1
2023091010,4558,0.8059,1,113.190002441406,5.90000009536743,16,0.5821514878215011,1.5250566169380286,-0.4800749151196994,0.8910667763978197,0.0,1
2023091010,4615,0.0,0,81.8600006103516,42.6699981689453,13,10.825387918406852,2.4681182884428585,-0.5720282798284805,7.692827828568634,0.0,1
2023091010,4699,0.0,0,81.8000030517578,34.9500007629395,11,5.6920061352746165,4.397115033136344,-0.40362540800253227,4.339792621773538,0.0,1
2023091011,55,0.0,0,32.689998626709,37.8600006103516,7,9.9284701985452,0.1280628660404715,-0.43731121714550064,13.152889416398207,0.0,1
2023091011,140,0.0,0,64.2200012207031,30.4799995422363,8,9.388954979999482,0.49203620256595587,-0.21901122453362218,9.83780971558202,0.0,1
2023091011,209,0.0,0,75.7900009155273,45.0800018310547,11,5.736969126490514,0.3720196836509358,-0.46347967554622194,5.519710137316994,0.0,1
2023091011,515,2.0257,3,76.2600021362305,22.6599998474121,8,0.9798998302749035,0.6203245482573068,0.24398895972003018,2.7228110474287424,1.1451,1
2023091011,614,0.3406,1,46.4300003051758,21.6499996185303,8,2.142824762895426,0.6628720499111945,0.3578537825999661,0.6168468205316496,0.0457,1
2023091011,637,0.4362,1,46.5999984741211,36.5200004577637,9,1.6914476115403376,0.7802559496257089,-0.21003250704873902,3.0746707140765515,0.8167,1
2023091011,766,0.1749,1,98.379997253418,51.5099983215332,15,2.4754210599084683,0.46840464166736145,-0.5819065070962639,2.8643498389686974,0.0,1
2023091011,849,1.2843,1,111.599998474121,2.09999990463257,10,0.39051353390413407,0.9794909745378559,-0.5171850690339101,1.9100261778310774,0.7147,1
2023091011,952,0.9498,1,61.939998626709,12.6000003814697,9,0.8523493112871702,0.7349840756735396,-0.25564475823915334,4.984475900232641,0.4586,1
2023091011,980,0.0849,1,59.189998626709,2.98000001907349,6,2.745321991176547,3.0955440431329007,-0.34044355384041763,1.882817038376275,0.0,1
2023091011,1034,0.0,0,20.9699993133545,10.0500001907349,8,7.020841101715923,1.505622925462208,-0.627228727231212,10.529320965760327,0.0,1
2023091011,1101,0.0,0,27.4599990844727,32.7599983215332,8,5.585062302777532,0.7516641429310461,0.5396657620505703,8.153391932196072,0.0,1
2023091011,1224,0.8673,1,71.9300003051758,37.6500015258789,8,0.5491796527713395,0.6594685258408508,0.22736735933884852,2.425283488584363,0.3889,1
2023091011,1418,0.7849,2,57.0699996948242,34.9199981689453,7,1.1182594207443846,0.24331050121903058,-0.31969588562335827,3.0067424232880335,0.032,1
2023091011,1443,0.0,0,63.9000015258789,9.69999980926514,12,4.530451015142603,0.6963481292898293,0.48199325168750745,3.4392586410446007,0.0,1
2023091011,1661,0.0833,1,48.9900016784668,41.0299987792969,8,2.7984619183188455,0.840952226334481,-0.31857492524789827,4.029516099980245,0.0,1
2023091011,1686,0.847,1,93.5899963378906,6.23999977111816,30,0.4589153921047576,1.3011557919680474,-0.6854361107564105,2.6794402400501482,0.0,1
2023091011,1734,0.0,0,56.439998626709,29.5799999237061,8,8.37631064373253,0.7920232297797463,0.5766219604729178,6.128295032062341,0.0,1
2023091011,1759,0.0,0,86.9300003051758,4.51999998092651,19,3.3700000190735033,0.5608921053484878,0.2574494688529572,3.1216982557575923,0.0,1
2023091011,1792,0.2245,1,92.4599990844727,31.2299995422363,9,2.3263923830205866,1.0890371202884663,-0.0649076361059363,1.9448907424325883,0.0,1
2023091011,1839,0.9628,2,114.620002746582,44.7400016784668,15,1.0600488284447322,0.6109822379204602,-0.39204455259764165,0.7833900688673565,0.0,1
2023091011,1964,0.4498,1,88.6399993896484,45.9000015258789,11,1.6506051062563154,0.26248645566389395,-0.19384978678752324,3.5166034749456867,0.0,1
2023091011,1989,0.0,0,86.4700012207031,27.8199996948242,9,4.200774987064267,1.7130391789918946,-0.49568508549547197,5.8993643725404805,0.0,1
2023091011,2093,0.052,1,55.4500007629395,25.5599994659424,11,2.8439577187938654,1.359999075496865,-0.33921509626720553,1.3930183056945056,0.0,1
2023091011,2125,0.0,0,68.9899978637695,25.6200008392334,11,4.581896978432019,0.7602652699189667,-0.3624561419263738,2.8624639735724107,0.0,1
2023091011,2196,0.0,0,86.9599990844727,6.34000015258789,14,6.475709380539048,1.300346567761795,-0.35903510926430426,6.273962065553157,0.0,1
2023091011,2221,0.1752,1,113.959999084473,31.5699996948242,16,2.6715155939747794,0.38897259095571163,0.7356265361552765,1.4144963768069543,0.0,1
2023091011,2363,0.0,0,82.3899993896484,21.6200008392334,8,7.334861262594996,0.5092142267495906,-0.20425921118397183,8.178832435011739,0.0,1
2023091011,2388,0.3396,1,59.7799987792969,0.790000021457672,19,1.9811349912052865,0.3687805820024046,-0.663789237416108,1.2020815280171295,0.4102,1
2023091011,2449,0.2753,2,51.9799995422363,22.0100002288818,11,2.392822694770437,1.9593116127481958,-0.27764758835280284,2.2916587878652432,0.0735,1
2023091011,2508,0.3261,1,63.2599983215332,4.92000007629395,11,2.0948046824017914,0.8376166491921022,-0.5726555680387296,2.226229997102723,0.0,1
2023091011,2555,0.0,0,66.8899993896484,13.3100004196167,9,9.708888411062727,0.5682432434786504,0.15169386074500002,9.86731979820255,0.0,1
2023091011,2580,0.0,0,72.1999969482422,12.3999996185303,8,7.478538834965568,1.1684628468671596,0.5811883271877395,6.146909792733248,0.0,1
2023091011,2643,1.341,2,100.319999694824,51.1300010681152,26,0.7879084692151427,1.5713683347978358,-0.7681019431616091,1.1768602295939803,0.0,1
2023091011,2809,0.2801,1,67.1800003051758,35.2999992370605,9,2.276927168963504,0.9247710634401105,0.18750927989038982,3.2854375659872086,0.0,1
2023091011,2834,0.0,0,53.6599998474121,36.4300003051758,12,5.830000152587908,6.1522762372288025,0.1424346431422623,1.3978555004005249,0.0,1
2023091011,2857,0.0,0,65.0800018310547,17.0599994659424,9,3.5157377902919262,0.7212508240295585,-0.062287476523801316,4.365329311747279,0.0,1
2023091011,3006,0.7251,1,4.1399998664856,3.96000003814697,28,0.8246212389231294,1.2998847380672411,0.7171661557981522,3.500642798115796,0.0,1
2023091011,3108,0.438,1,34.2200012207031,47.0299987792969,13,1.8597025512443361,0.384836010380815,-0.004184155955903688,1.2073938876770898,0.0,1
2023091011,3140,0.0,0,30.8700008392334,5.01000022888184,13,6.070493414619336,0.4242644139796675,-0.40062495024555983,11.010018165289281,0.0,1
2023091011,3187,0.0,0,51.939998626709,0.720000028610229,14,4.952132148849967,0.48764874482980514,-0.5471079647977409,2.535507838678473,0.0,1
2023091011,3217,0.2944,1,60.1699981689453,16.3299999237061,7,2.4301637347915888,0.3301533129098354,-0.4139295871463154,4.364974226728032,0.0988,1
2023091011,3262,1.2018,2,7.34999990463257,46.6699981689453,29,1.3520353532391005,1.2234774436241338,0.7297490105612743,1.5239750654128132,0.0,1
2023091011,3285,0.0468,1,49.1599998474121,47.7099990844727,11,2.859545043291876,0.6574194634728854,-0.3168562809337475,4.344939585310704,0.0,1
2023091011,3355,0.125,1,25.3899993896484,1.89999997615814,15,2.7479815482828758,1.944865489785316,0.6298998505859604,1.4413882197381795,0.0,1
2023091011,3425,0.0,0,36.5200004577637,44.5800018310547,12,9.24643266403327,0.5818924304909858,-0.48034321062974705,8.775625333843735,0.0,1
2023091011,3455,0.0,0,46.1599998474121,29.6000003814697,6,9.731541807176512,0.4981968294477205,-0.4305949371177228,10.852944300971968,0.0,1
2023091011,3491,0.2499,1,100.139999389648,2.66000008583069,26,2.2503782187152406,21.767776762882246,-0.0949250856906921,2.445178930058085,0.0,1
2023091011,3541,0.0,0,69.1100006103516,43.6800003051758,9,11.258498896113954,0.38275310444894306,-0.5353130553398282,7.1209900996982185,0.0,1
2023091011,3683,0.5983,1,46.7299995422363,52.3400001525879,30,1.2050724270530648,1.0440301685871438,-0.7482386229755216,0.9774456506629888,0.0,1
2023091011,3772,0.0,0,78.1100006103516,6.01999998092651,13,3.58669786764665,0.8998894769836905,0.021446969615712602,4.742035427957071,0.0,1
2023091011,3797,0.0,0,57.2999992370605,19.0100002288818,11,5.80679729399413,0.31953011107395946,-0.5915632633923498,4.857211133973901,0.0,1
2023091011,3915,0.0,0,48.5299987792969,19.5599994659424,8,3.3630058923377666,3.4750671257289856,0.28978201896604844,1.8363278574372288,0.0,1
2023091011,3976,0.0,0,73.9300003051758,14.8900003433228,29,4.058989659298311,10.056042730135907,0.17545100754757897,4.754671387172827,0.0,1
2023091011,4046,0.1053,1,87.1600036621094,28.7000007629395,12,2.748748032665895,0.692604166187153,0.49496565404252096,1.6951696080333694,0.0,1
2023091011,4071,0.0,0,87.2300033569336,34.2799987792969,5,6.334173826376801,0.34713058048140705,0.08653230715683803,8.433137020112984,0.0,1
2023091011,4096,0.0,0,117.199996948242,11.6000003814697,14,4.806005128018022,0.39812157168018886,-0.17240465471623054,2.6890146894355182,0.0,1
2023091011,4270,1.1081,1,85.7699966430664,22.2800006866455,14,0.9296235657898229,0.5093114550801838,0.6352413439229937,2.5725668115716616,0.0,1
2023091011,4317,0.0,0,74.5500030517578,9.06999969482422,15,4.137689658990979,0.7920206347062175,-0.7434026013344273,9.164114796312843,0.0,1
2023091011,4427,0.6156,1,47.4700012207031,19.7999992370605,8,1.3566508466725438,1.9688837240676198,-0.1603242312696113,0.5793962374748401,0.2764,1
2023091011,4457,0.0,0,58.0499992370605,43.6199989318848,11,5.698597373918553,2.291245511431294,-0.20979239746370712,6.434485216394558,0.0,1
2023091011,4485,0.3047,1,66.9000015258789,8.23999977111816,14,2.0858557502420485,3.1479663848152337,-0.6078465709929456,1.52085502267639,0.3204,1
2023091011,4557,0.0,0,77.3600006103516,7.40999984741211,13,13.288509868841638,0.4499995117188974,-0.6054588921139615,9.088327678951726,0.0,1
2023091011,4666,0.4286,1,101.290000915527,52.5,14,1.714058750423723,1.1790241279501985,-0.5539083484724886,2.3264780248263666,0.0,1
2023091012,55,0.0,0,37.9000015258789,9.47000026702881,10,3.4097494479675547,2.588628063121172,-0.34008337895667706,3.8908225351460075,0.0,1
2023091012,102,0.0,0,42.0400009155273,40.0299987792969,11,7.811586229374188,11.09700005567262,-0.5062045175654907,3.125331982366037,0.0,1
2023091012,176,0.0,0,74.8300018310547,3.16000008583069,18,3.5556280945641507,1.946405210781129,-0.6456352194698192,5.168558793319472,0.0,1
2023091012,327,0.5946,1,116.269996643066,50.3600006103516,16,1.3446961580895835,0.8598287083641161,0.051441049968735074,0.687677249878172,0.0,1
2023091012,439,0.7809,1,72.5400009155273,29.25,8,1.2165516932962102,0.475393687080215,0.30500688769540185,0.9962429422585646,0.5759,1
2023091012,582,0.0,0,42.0099983215332,40.6599998474121,8,4.032193756867684,1.0742429741600008,-0.41807048212718645,3.950012658207568,0.0,1
2023091012,605,0.614,1,34.9599990844727,31.4599990844727,9,1.2041997710616212,0.5044798031912227,-0.019836688277056785,2.3596821819897675,0.043,1
2023091012,652,0.1722,1,30.6599998474121,13.7600002288818,9,2.5675082575620025,0.5400924278561079,-0.20980439521613162,4.976464608534856,0.0,1
2023091012,677,0.0,0,18.3600006103516,24.4699993133545,9,4.450943981043607,0.2846058338346245,-0.408154541700423,5.18867998627782,0.0,1
2023091012,783,0.1017,1,23.8099994659424,42.0699996948242,9,2.7780027943563845,0.6363958764866705,0.3291025486978896,3.9331412382471065,0.0,1
2023091012,925,0.0,0,86.2200012207031,27.5900001525879,6,9.080667505137942,1.0748963246593273,0.12631840632102723,8.87225450491587,0.0,1
2023091012,950,0.0,0,68.1100006103516,15.0299997329712,9,3.028002952675097,0.24041681176272223,-0.32925314433437985,5.218170177370609,0.0,1
2023091012,1090,0.0,0,43.6599998474121,39.7200012207031,6,7.653103650376091,0.8736701546842933,-0.18549656278363325,8.408668146621078,0.0,1
2023091012,1165,0.0,0,26.7900009155273,36.4099998474121,8,3.780013277141624,0.4205951180134386,0.6111356283444782,2.90822970206963,0.0,1
2023091012,1212,0.0,0,4.5,1.71000003814697,19,4.22309124896835,0.17088003918823008,0.30162737195406364,2.208574200700534,0.0,1
2023091012,1392,0.3207,1,27.5900001525879,38.810001373291,8,2.0378921839058366,0.8955432083050944,0.15305127102510024,8.396195567041058,0.0,1
2023091012,1455,0.7764,1,57.2400016784668,31.9099998474121,7,1.2419754204287279,1.120715730041048,-0.23353170222293806,2.858006298103627,0.4087,1
2023091012,1641,0.0,0,44.0900001525879,31.0200004577637,9,4.333336348860308,1.4230246575606382,-0.38271436842307643,5.417019475689558,0.0,1
2023091012,1666,0.0,0,56.1399993896484,15.3999996185303,9,6.964947974564568,0.7006431556823902,-0.21343784643099162,4.78979122718308,0.0,1
2023091012,1713,0.3818,1,90.2900009155273,22.7800006866455,13,1.8545608185698297,4.573413258198094,0.3768417459809299,1.649757557946018,0.0,1
2023091012,1831,0.0,0,44.3899993896484,6.65000009536743,9,4.744554541834868,0.7592753974052792,-0.26798930276284016,4.608513860237376,0.0,1
2023091012,1956,0.0,0,53.1300010681152,24.3199996948242,10,6.348236773934962,2.881057850154865,-0.4083967086290136,6.945746900082092,0.0,1
2023091012,1979,0.0215,1,48.6199989318848,21.7099990844727,8,2.9381974337249144,1.361799309821968,0.38226850555709924,5.008572650965542,0.0,1
2023091012,2002,1.4171,2,49.2200012207031,27.2700004577637,10,1.5393506035868856,0.32557618696290336,0.5391495815274477,1.8523498589629301,0.457,1
2023091012,2034,0.0,0,61.4500007629395,27.75,10,3.4907013340922375,2.3176921138536772,-0.056134198345659435,2.6867266329122548,0.0,1
2023091012,2215,0.5667,1,45.189998626709,37.0299987792969,8,1.3060228149864568,1.6555947397428554,-0.2585380773053178,1.4621901381147357,0.802,1
2023091012,2240,0.0,0,80.8499984741211,41.2900009155273,20,6.4649913498069544,0.8637696900191091,0.8670093861140802,6.058919045506376,0.0,1
2023091012,2263,0.0,0,48.7200012207031,25.5300006866455,7,7.312625626174651,0.7071056698589886,-0.14750209703449757,6.239887819504447,0.0,1
2023091012,2310,0.2616,1,55.2400016784668,28.2999992370605,8,2.3284526149792004,0.09999819946365106,0.10323484175728573,3.4363352572180714,0.0,1
2023091012,2335,0.0,0,88.2900009155273,8.27999973297119,25,3.3185696254069916,0.6530701186204173,0.284278720200589,1.9206509313251046,0.0,1
2023091012,2476,0.0,0,75.5800018310547,7.30999994277954,8,3.3348631417538415,1.2814458164854676,-0.5142059988959224,4.403146602147151,0.0,1
2023091012,2499,0.0163,1,71.25,10.0500001907349,9,2.9510168379145427,1.9333133603522652,-0.40719827112340234,3.7753410441972046,0.0,1
2023091012,2543,0.0,0,29.6399993896484,6.65000009536743,11,7.458291009634453,0.42047574573695895,-0.5814521300518474,10.426706095407123,0.0,1
2023091012,2602,0.0,0,46.9199981689453,15.8400001525879,8,4.8944575659735525,2.499701446407242,0.19748126763234367,6.524852488754059,0.0,1
2023091012,2656,0.5493,1,74.370002746582,45.5200004577637,16,1.7102658757784979,0.6529945247648988,0.22566526250586455,0.7666159403508417,0.0,1
2023091012,2725,0.0,0,105.300003051758,1.61000001430511,19,6.205298101095527,9.880106455050353,0.3428922964807897,1.4085808461000675,0.0,1
2023091012,2791,0.0,0,90.9700012207031,46.4099998474121,7,6.918339180732208,1.1344149468911635,0.08828305528411459,10.202754530027661,0.0,1
2023091012,2956,0.0,0,31.3099994659424,36.8800010681152,9,8.152943874840275,0.6082772188140417,0.08546630588088165,10.27042842339111,0.0,1
2023091012,3068,0.4262,1,62.9000015258789,27.2099990844727,10,1.7215403326517273,0.39560256002861727,-0.5686098986093938,1.598155186457179,0.0,1
2023091012,3093,0.2129,1,41.8600006103516,22.2000007629395,14,2.3614406378283976,1.1005461457152614,-0.5689039215583329,5.852110730326281,0.0,1
2023091012,3140,0.0,0,28.2399997711182,8.17000007629395,9,5.668236097701768,0.8022466222705145,-0.15768692419479977,4.242381406710154,0.0,1
2023091012,3197,0.0,0,14.4899997711182,54.810001373291,19,3.7180786919930506,2.9002771621328285,0.6518406463736884,1.4638647478506999,0.0,1
2023091012,3298,0.0,0,11.1899995803833,44.8699989318848,8,3.5124077254696435,6.2931707266771495,0.08642975084159664,0.7381734213584241,0.0,1
2023091012,3382,0.0,0,32.7000007629395,43.1399993896484,9,5.277545802768336,0.6824231316180926,-0.12924301126089738,8.5340084368367,0.0,1
2023091012,3412,0.2684,1,40.3300018310547,37.4300003051758,6,2.386481603910681,1.4046337652241152,0.25489177568157595,1.3797463535012484,0.0,1
2023091012,3516,0.0,0,86.0,21.4300003051758,7,3.864297992470228,1.7887706827371885,-0.21072058279725428,3.8755902776222415,0.0,1
2023091012,3541,0.6054,1,63.4099998474121,50.8400001525879,19,1.8027758290196139,0.6166037290606212,0.48920449390323445,1.1326517558367253,0.0,1
2023091012,3618,0.0,0,31.7999992370605,53.5200004577637,20,4.20345032648386,1.8023594553595588,0.22880831521901424,4.736095438227571,0.0,1
2023091012,3663,0.4251,1,13.6300001144409,2.72000002861023,26,2.2321513106355186,1.1412711037296552,0.7730129532782265,1.6994410845922259,0.0,1
2023091012,3729,0.1238,1,47.3699989318848,32.5699996948242,9,2.6870435289806465,2.320776759373218,-0.36790505905846616,6.86288569043664,0.0,1
2023091013,422,0.0639,1,82.2300033569336,45.0499992370605,8,2.8145549122836453,2.584282560272843,-0.11833349681235977,2.7518175811634027,0.0,1
2023091013,485,0.8861,1,38.9700012207031,13.4499998092651,7,0.983513415728344,0.7244308658162539,0.325577239331642,1.864537476158631,0.4395,1
2023091013,539,0.0,0,57.2900009155273,46.4900016784668,19,8.61803369828834,0.30413754454149916,-0.09591611228605831,4.198690271977681,0.0,1
2023091013,616,1.3827,2,115.290000915527,45.4799995422363,14,0.23345333102049368,0.21023702415234247,-0.40043518592932476,2.0008498194517244,0.1356,1
2023091013,639,0.0,0,102.459999084473,9.40999984741211,8,7.623891006218714,1.3309028383440575,-0.33360382832900054,5.701096385784057,0.0,1
2023091013,801,0.0,0,92.3099975585938,16.0300006866455,9,3.7388763828792038,0.39217550678132584,0.4920886620835912,12.07881202767888,0.0,1
2023091013,1015,0.0083,1,88.120002746582,7.46000003814697,9,2.975116146225887,1.3961749856712755,-0.5978360000746166,4.020199000049621,0.0,1
2023091013,1072,0.7712,1,42.1599998474121,52.0499992370605,15,0.9720076527238141,1.3191277309576672,0.48984260874229474,0.846463230152373,0.0,1
2023091013,1117,0.0,0,51.3300018310547,44.3899993896484,10,5.7921338090986465,0.3667443303070122,-0.5252252097691509,8.150368089847229,0.0,1
2023091013,1142,0.1938,1,43.3699989318848,27.6499996185303,8,2.4186763119380315,1.6633097095128295,0.5792643823785198,3.1403343771006282,0.0,1
2023091013,1233,0.0,0,23.2800006866455,39.5699996948242,9,3.4641741811380693,0.6551341797354037,-0.13849997896689428,1.767059704707232,0.0,1
2023091013,1337,0.0,0,34.0400009155273,33.560001373291,11,4.454076642422624,2.1298363084538265,-0.39665122422699517,4.061539117132815,0.0,1
2023091013,1588,0.1535,1,44.3400001525879,16.6499996185303,7,2.539487900361354,1.3322533350191463,0.10449117551973544,3.247768464653846,0.0,1
2023091013,1635,0.0,0,50.9900016784668,42.9500007629395,10,4.016590679880268,1.145860293836742,-0.5988138573345021,4.277627847300421,0.0,1
2023091013,1687,0.7987,2,68.9599990844727,26.9099998474121,13,1.9338045607936916,2.22625163742792,0.11318868947352999,1.8225805880673747,0.0,1
2023091013,1737,0.0,0,75.8000030517578,42.2200012207031,10,4.012045261178517,0.32310988844476596,0.6482863529498404,4.073389252207555,0.0,1
2023091013,1813,0.0,0,87.370002746582,16.9799995422363,9,4.762056063730206,1.6381669551386469,-0.37696238700826834,4.5485162415891205,0.0,1
2023091013,1870,0.0,0,96.0,6.11999988555908,10,3.211619636403783,1.2306501342004683,-0.6074287523409845,5.366460658571905,0.0,1
2023091013,1943,0.4193,1,59.0499992370605,2.98000001907349,24,1.7419521866291623,3.4085194912713077,0.6158298416875259,1.4080127840328696,0.0,1
2023091013,2144,0.0,0,41.8699989318848,41.0200004577637,9,3.637938654822416,1.1420163362479143,-0.23840766570716426,2.098618593265583,0.0,1
2023091013,2213,0.3524,1,58.1300010681152,21.7600002288818,7,2.224680367474786,0.25632070171016935,0.5184130893653872,1.2210241602851262,0.0581,1
2023091013,2292,0.6457,2,107.309997558594,40.0900001525879,13,1.7366614046726008,0.8229813894103283,0.2980176451630744,2.68486498729452,0.0,1
2023091013,2515,0.2818,1,76.4599990844727,11.0500001907349,10,2.154552391989505,1.4358616172826038,-0.5098845922518093,2.122569197929718,0.0,1
2023091013,2572,0.0,0,81.5699996948242,7.63000011444092,10,7.820025269938265,2.289628806535329,-0.4505314810511737,10.419716886748892,0.0,1
2023091013,2738,0.0,0,57.939998626709,12.5600004196167,8,3.9385924198999733,0.30016615526441703,0.6855521872101497,7.150062936785947,0.0,1
2023091013,2802,0.0,0,66.2300033569336,31.6399993896484,10,3.7944400395361,2.7582934369529775,-0.14263469908371718,2.656633207652122,0.0,1
2023091013,2872,0.0,0,72.75,32.1800003051758,7,5.267988247614274,2.0348217230460546,-0.08170693914399296,6.8605903536066,0.0,1
2023091013,2897,0.0,0,69.879997253418,45.3800010681152,8,3.4877614061850357,1.59455041271375,-0.4663793014921086,3.529447548838208,0.0,1
2023091013,2932,0.0,0,67.129997253418,39.1300010681152,8,4.008441981207612,1.8573338997328186,0.1496761604774305,2.768266605657777,0.0,1
2023091013,3001,0.7201,1,50.3199996948242,21.8400001525879,10,1.0438866264784206,1.3352150893084112,-0.4506785866644467,1.0860018416190618,0.2779,1
2023091013,3024,0.0,0,53.6699981689453,22.3999996185303,10,5.654422013269074,1.9912293287842715,-0.009003433606387182,4.82130687677107,0.0,1
2023091013,3047,0.0,0,52.3600006103516,49.0,10,3.66365997255912,2.353572290552382,0.1015666763366152,1.3956002292920453,0.0,1
2023091013,3101,0.0,0,46.689998626709,47.3400001525879,16,5.028010340605071,1.7123363796512485,-0.2871462614129718,2.2737194198053583,0.0,1
2023091013,3210,0.0,0,23.1100006103516,29.7700004577637,6,7.191231064329798,2.154483999267866,-0.16832163046907134,7.725749154612774,0.0,1
2023091013,3257,0.4442,1,16.4500007629395,10.0,7,1.700735897779217,0.797056388286872,0.29951319610347843,3.6488080245471934,0.2625,1
2023091013,3357,0.0,0,42.0699996948242,34.0499992370605,8,3.0073418006291726,1.446271856434905,0.13122964088792238,1.3732079230764718,0.0,1
2023091013,3538,0.0,0,30.3799991607666,13.3800001144409,10,12.432096343676077,0.1272798949641738,-0.39698196049376255,12.912850188862253,0.0,1
2023091013,3686,0.8326,1,42.7799987792969,45.8600006103516,11,0.6140044004813137,0.2523899435310603,0.17313829118687818,2.993659967330953,0.0,1
2023091013,3711,0.0,0,42.2599983215332,22.25,8,10.121427793087372,0.9931782424333746,-0.1099608926279636,9.678222977385879,0.0,1
2023091013,3845,0.0154,1,47.1800003051758,38.0999984741211,9,2.9537254587547075,0.8720680544847407,0.3394261144309983,1.6256075787224922,0.0,1
2023091013,3870,0.3208,1,74.2600021362305,10.4799995422363,23,2.0376929331056566,2.5912374113589847,0.5879468041639471,4.901112118693064,0.0,1
2023091013,3974,0.0,0,22.7099990844727,20.7199993133545,17,4.500399777774369,9.400607502643798,0.030735885420017803,8.649190713587029,0.0,1
2023091100,58,0.8656,1,38.810001373291,16.9500007629395,7,0.8420211526942625,0.1702930213990537,-0.5297379361043528,1.352811886405496,0.4732,1
2023091100,152,0.0,0,58.3899993896484,41.8300018310547,8,3.6121611321253706,3.7290362940219057,0.12687001195424438,3.7466384933697587,0.2961,1
2023091100,299,0.0931,2,71.8399963378906,12.5299997329712,8,2.8155615708219344,0.5700846579192069,-0.2258124265014558,4.535063395367258,0.0,1
2023091100,331,0.0,0,69.0299987792969,17.2000007629395,7,10.702769316911759,0.8077732816592882,0.13395738203674382,10.510042816278157,0.0,1
2023091100,482,0.0,0,44.7099990844727,48.5900001525879,8,9.262619348413471,0.26925858604336717,-0.3963680278005989,8.698563099730901,0.0,1
2023091100,534,0.0,0,58.439998626709,47.8699989318848,9,7.352585888062504,0.19697884476821023,-0.2601393026840682,6.619675218619122,0.0,1
2023091100,559,0.0,0,75.7099990844727,23.3299999237061,9,4.951816931907461,0.07070978258274986,0.5573555378379366,3.107442678473733,0.0,1
2023091100,629,0.0,0,80.870002746582,48.1100006103516,13,13.134155213511695,0.12805995875081094,-0.012613661439782223,14.816808023322704,0.0,1
2023091100,779,0.0,0,89.7099990844727,9.56999969482422,9,3.2720015067026593,0.2549500180813865,-0.4694302925355165,5.0063259981747095,0.0,1
2023091100,804,0.0,0,70.0199966430664,35.3699989318848,13,6.856096432270081,0.33286905331228256,0.42619325693382054,4.287061930973236,0.0,1
2023091100,962,0.3596,1,80.3899993896484,15.2200002670288,8,2.135157413084619,0.3383785404270224,-0.137244539113492,7.224659161510663,0.0,1
2023091100,993,0.8105,1,23.5799999237061,22.0100002288818,28,0.5685945188513452,3.301514734517518,0.8254573793491787,1.8278402556022215,0.0,1
2023091100,1186,0.4501,1,84.7799987792969,47.9799995422363,11,1.649756266770295,0.7924633896141223,-0.314338894565922,1.8744599222175926,0.0,1
2023091100,1216,1.2237,2,66.9700012207031,33.2000007629395,7,0.5724509965357378,1.1747752951184127,0.4298729447196992,3.6637958458407636,1.1622,1
2023091100,1239,0.0,0,68.8399963378906,23.7199993133545,6,4.245300079812126,0.5869377101219162,-0.275896895462291,5.303300858899106,0.0,1
2023091100,1356,0.3744,2,30.0599994659424,36.2099990844727,10,2.039730075855576,1.1386391216617293,-0.20898379200514924,1.5996562130657968,0.0,1
2023091100,1499,0.0,0,33.5699996948242,40.310001373291,6,14.073837248290177,0.980202693609157,-0.40754517731864387,15.092120460690735,0.0,1
2023091100,1551,1.3748,2,58.189998626709,23.1399993896484,9,0.14422285510917918,3.5766060299341955,-0.2043862836132852,3.2202484376209224,0.5852,1
2023091100,1589,0.0,0,61.3400001525879,7.6399998664856,12,5.454429593845165,1.765559256242832,-0.08255726345391753,11.381757333557944,0.0,1
2023091100,1664,1.1057,1,37.1800003051758,16.2999992370605,6,0.4720165156698503,0.09055305940744952,0.503647749338829,0.8485281374238528,0.9785,1
2023091100,1701,0.6071,1,32.2099990844727,12.4099998474121,7,1.627543452513737,0.4876464905362759,0.009872061848101535,3.967694544694687,0.0993,1
2023091100,1775,1.0688,1,12.9799995422363,48.5800018310547,14,1.1734148060820366,0.8450441554365006,0.5715179836820974,1.0822661410207741,0.0,1
2023091100,1973,0.3299,1,45.1300010681152,24.3799991607666,8,2.0947540146078745,1.3189376347564397,0.1272396908685424,1.039422916814903,0.0,1
2023091100,2281,0.0,0,72.0400009155273,14.4700002670288,11,4.232884111724581,0.6319819039042441,0.08148973594243684,3.1304951684997038,0.0,1
2023091100,2306,0.0,0,71.9700012207031,11.6499996185303,8,5.939706656794047,0.2102391978826214,0.011064455849749332,4.814862407172199,0.0,1
2023091100,2358,0.0,0,62.3899993896484,36.1699981689453,9,11.715595656721847,0.7111253615142922,-0.14060226606896653,11.189539758184873,0.0,1
2023091100,2383,0.42,1,49.75,46.4599990844727,9,2.044137050923934,0.8414861375439453,0.17119748837932358,1.1216059914247951,0.0,1
2023091100,2428,1.1897,2,10.4899997711182,30.7800006866455,26,0.42059539917557026,0.8386303834857446,0.778051082113267,4.046096884653161,0.0,1
2023091100,2488,0.0,0,42.2000007629395,7.96000003814697,8,3.172080585841539,0.6400773579818018,0.08469508130508259,4.509988913511872,0.0,1
2023091100,2513,0.298,1,47.4099998474121,7.17000007629395,8,2.1060865643308984,0.5770614226918179,0.1401898600285232,4.720095338020196,0.0,1
2023091100,2536,0.0,0,45.5299987792969,19.3199996948242,7,10.256867247182221,0.6425739836504701,-0.3427418282773608,8.650046242650964,0.0,1
2023091100,2655,0.0,0,91.3399963378906,39.3300018310547,10,5.696609207022712,2.917323828499179,-0.5270393610098463,3.276339420756041,0.0,1
2023091100,2844,0.0,0,23.6499996185303,40.6399993896484,9,7.35220414755546,2.1191750872055213,-0.6738124943898517,7.27103844027798,0.0,1
2023091100,2916,0.0,0,26.6000003814697,11.3199996948242,11,7.476094948277467,0.17262708764672285,-0.1984504692823143,9.976818130045272,0.0,1
2023091100,2941,0.0,0,36.7099990844727,9.14999961853027,13,7.953270751193193,1.530521919141233,-0.282782179771071,14.016836304958405,0.0,1
2023091100,3015,0.9585,2,66.6100006103516,8.85999965667725,14,1.110180358668152,3.069364077409431,-0.7870992488750571,4.0849602201245485,0.0,1
2023091100,3098,0.0,0,59.0499992370605,11.9700002670288,10,15.893425871909832,1.5922622198930425,-0.5794315946994969,11.277029750781008,0.0,1
2023091100,3167,0.0,0,9.72000026702881,45.4599990844727,94,8.10245564868523,5.66427309966786,0.6944631556436657,6.022889671909983,0.0,1
2023091100,3214,0.4141,1,8.97000026702881,6.11999988555908,11,1.7576404779109824,1.725398426869977,-0.35707113301583776,1.165589979366671,0.6623,1
2023091100,3593,0.2566,1,46.9700012207031,47.9799995422363,11,2.2301561090546573,1.9541232456791504,-0.5208940905491825,1.6410362579784763,0.0,1
2023091100,3618,0.1025,1,61.0299987792969,18.4200000762939,11,2.6925261999361587,2.0843235658539547,-0.3418787424303677,3.4419325966671663,0.0,1
2023091100,3684,0.1788,1,66.5,36.4000015258789,12,2.46349263682318,1.9305172352653732,-0.40379590186782455,1.6577394246382686,0.0,1
2023091100,3716,0.2501,1,73.879997253418,37.3199996948242,7,2.3426915187992243,0.6824962439856626,0.3127992526235567,1.4329340529138157,0.0,1
2023091100,3942,0.0,0,78.2399978637695,43.4199981689453,9,3.719464638858011,0.9297285311366016,-0.4255233832312322,3.674411517508617,0.0,1
2023091100,3987,0.2682,1,73.870002746582,11.4799995422363,11,2.1953583778031183,1.9144965603196238,-0.0438430632016253,1.5564061166674898,0.0,1
