game_id,play_id,nfl_id,player_name,player_position,air_yards_approx
2023090700,101,44930,Josh Reynolds,WR,27.849998321533207
2023090700,194,41325,Jerick McKinnon,RB,12.679997558593811
2023090700,219,53591,Noah Gray,TE,10.02000152587891
2023090700,361,38696,Marvin Jones,WR,18.470000381469703
2023090700,436,53541,Amon-Ra St. Brown,WR,11.1099993896484
2023090700,461,44930,Josh Reynolds,WR,18.249999847412106
2023090700,530,53541,Amon-Ra St. Brown,WR,9.38000244140619
2023090700,621,53541,Amon-Ra St. Brown,WR,9.959998168945006
2023090700,713,53591,Noah Gray,TE,11.0699963378906
2023090700,736,46213,Justin Watson,WR,25.529998779296903
2023090700,877,46243,Marquez Valdes-Scantling,WR,21.419997558593806
2023090700,902,55920,Rashee Rice,WR,10.160002746582009
2023090700,1001,55920,Rashee Rice,WR,16.700000610352006
2023090700,1069,53959,Brock Wright,TE,9.459999389648388
2023090700,1154,53541,Amon-Ra St. Brown,WR,25.420000915527297
2023090700,1201,55899,Sam LaPorta,TE,7.120000610351596
2023090700,1300,55876,Jahmyr Gibbs,RB,5.479999389648405
2023090700,1422,53591,Noah Gray,TE,32.749998931884804
2023090700,1494,38696,Marvin Jones,WR,22.24000076293951
2023090700,1563,55920,Rashee Rice,WR,11.440001220703095
2023090700,1588,46309,Richie James,WR,44.180000610351605
2023090700,1618,55920,Rashee Rice,WR,8.549999847412103
2023090700,1679,46243,Marquez Valdes-Scantling,WR,40.7000015258789
2023090700,1711,46213,Justin Watson,WR,30.43999969482401
2023090700,1741,42460,Blake Bell,TE,9.340000610352007
2023090700,1812,55899,Sam LaPorta,TE,9.700002136230495
2023090700,1837,55899,Sam LaPorta,TE,11.049997863769505
2023090700,1869,44930,Josh Reynolds,WR,11.710001220703091
2023090700,1940,38696,Marvin Jones,WR,23.700000457763707
2023090700,2118,42460,Blake Bell,TE,16.509999999999998
2023090700,2141,53591,Noah Gray,TE,10.6999983215332
2023090700,2186,38696,Marvin Jones,WR,6.319996643065991
2023090700,2261,55899,Sam LaPorta,TE,10.000002441405996
2023090700,2306,53449,Kadarius Toney,WR,20.1599981689453
2023090700,2364,53449,Kadarius Toney,WR,11.129998474121102
2023090700,2435,54716,Isiah Pacheco,RB,3.3499990844726995
2023090700,2487,46213,Justin Watson,WR,41.4400021362305
2023090700,2510,46309,Richie James,WR,10.780000152587895
2023090700,2613,53541,Amon-Ra St. Brown,WR,25.809999084472693
2023090700,2638,55899,Sam LaPorta,TE,13.410001220703094
2023090700,2825,54716,Isiah Pacheco,RB,6.6199999237061
2023090700,2906,42460,Blake Bell,TE,7.880002441406191
2023090700,2936,54519,Skyy Moore,WR,8.1999996948242
2023090700,2959,53449,Kadarius Toney,WR,10.219996337890592
2023090700,3032,53541,Amon-Ra St. Brown,WR,8.8299987792969
2023090700,3089,43584,Kalif Raymond,WR,23.3500033569336
2023090700,3114,53541,Amon-Ra St. Brown,WR,12.329998474121098
2023090700,3185,53591,Noah Gray,TE,8.670000915527304
2023090700,3233,52440,Clyde Edwards-Helaire,RB,8.270000915527298
2023090700,3324,41325,Jerick McKinnon,RB,7.620001373291004
2023090700,3461,44930,Josh Reynolds,WR,25.9800004577637
2023090700,3486,53959,Brock Wright,TE,7.1600018310547
2023090700,3566,44930,Josh Reynolds,WR,22.149999084472697
2023090700,3674,54885,Justyn Ross,WR,11.169996337890595
2023090700,3912,53449,Kadarius Toney,WR,26.570000457763697
2023090700,3971,54519,Skyy Moore,WR,15.470001220703097
2023090700,3994,55920,Rashee Rice,WR,31.17999877929691
2023090700,4041,46213,Justin Watson,WR,32.65999816894529
2023091000,185,53488,Terrace Marshall Jr.,WR,18.060000305175798
2023091000,661,46094,Hayden Hurst,TE,18.709998474121093
2023091000,842,46094,Hayden Hurst,TE,18.039998626709
2023091000,877,53555,Chuba Hubbard,RB,2.3599987792969017
2023091000,927,54473,Drake London,WR,8.8699966430664
2023091000,1046,44931,Mack Hollins,WR,11.320003051757794
2023091000,1193,46094,Hayden Hurst,TE,16.329998474121098
2023091000,1240,53488,Terrace Marshall Jr.,WR,11.389999542236296
2023091000,1300,40488,Adam Thielen,WR,9.070003356933597
2023091000,1325,55904,Jonathan Mingo,WR,15.909999999999997
2023091000,1382,46094,Hayden Hurst,TE,10.729999084472695
2023091000,1429,46094,Hayden Hurst,TE,5.2499975585940035
2023091000,1599,44931,Mack Hollins,WR,17.550001525878912
2023091000,1697,53488,Terrace Marshall Jr.,WR,22.5500004577637
2023091000,1720,55904,Jonathan Mingo,WR,19.409999694824197
2023091000,1743,55904,Jonathan Mingo,WR,22.289998321533204
2023091000,1837,55872,Bijan Robinson,RB,4.059998779296905
2023091000,1925,52858,Giovanni Ricci,TE,4.6000006103516
2023091000,1972,46094,Hayden Hurst,TE,11.4899990844727
2023091000,2101,55904,Jonathan Mingo,WR,16.4700015258789
2023091000,2207,53433,Kyle Pitts,TE,17.4999989318848
2023091000,2342,47836,Miles Sanders,RB,9.190000610351603
2023091000,2389,53488,Terrace Marshall Jr.,WR,20.730001525878897
2023091000,2580,53555,Chuba Hubbard,RB,3.0999978637695023
2023091000,2793,53433,Kyle Pitts,TE,6.7799984741210935
2023091000,2823,54616,Tyler Allgeier,RB,7.8799999999999955
2023091000,3026,47836,Miles Sanders,RB,2.4199993896483996
2023091000,3078,53488,Terrace Marshall Jr.,WR,49.609997558593804
2023091000,3260,54616,Tyler Allgeier,RB,6.679999389648401
2023091000,3369,55904,Jonathan Mingo,WR,6.80999954223633
2023091000,3421,53488,Terrace Marshall Jr.,WR,13.2799998474121
2023091000,3486,44931,Mack Hollins,WR,14.630000915527305
2023091000,3533,53433,Kyle Pitts,TE,41.100000839233395
2023091000,3886,47836,Miles Sanders,RB,8.3099990844727
2023091000,3916,46094,Hayden Hurst,TE,16.8100018310547
2023091000,4107,47836,Miles Sanders,RB,8.239998474121094
2023091000,4155,40488,Adam Thielen,WR,12.229996337890597
2023091001,166,54604,Isaiah Likely,TE,5.9500008392333985
2023091001,284,54572,Dameon Pierce,RB,4.759999389648399
2023091001,407,55886,Zay Flowers,WR,4.7800018310547046
2023091001,532,55886,Zay Flowers,WR,10.0699963378906
2023091001,559,46206,Dalton Schultz,TE,11.0199975585938
2023091001,893,55886,Zay Flowers,WR,24.9199969482422
2023091001,1042,53518,Nico Collins,WR,24.5200006103516
2023091001,1065,46206,Dalton Schultz,TE,1.0100012207031028
2023091001,1232,53456,Rashod Bateman,WR,11.240000610351593
2023091001,1368,39989,Robert Woods,WR,16.2600009155273
2023091001,1438,39989,Robert Woods,WR,12.280000305175804
2023091001,1470,46206,Dalton Schultz,TE,11.869998931884801
2023091001,1517,39989,Robert Woods,WR,11.259998168945302
2023091001,1549,53518,Nico Collins,WR,9.3799981689453
2023091001,1574,53518,Nico Collins,WR,16.909997253418
2023091001,1797,41238,Odell Beckham,WR,11.939999084472703
2023091001,1948,55934,Tank Dell,WR,17.359999694824197
2023091001,1980,39989,Robert Woods,WR,14.8699995422363
2023091001,2033,46461,Mike Boone,RB,5.059999389648397
2023091001,2151,39989,Robert Woods,WR,14.729997863769498
2023091001,2351,55886,Zay Flowers,WR,24.5199995422363
2023091001,2432,55886,Zay Flowers,WR,9.270001525878897
2023091001,2469,53456,Rashod Bateman,WR,20.0199975585938
2023091001,2523,52463,J.K. Dobbins,RB,5.079997253418
2023091001,2759,53518,Nico Collins,WR,24.42000366210941
2023091001,3086,53518,Nico Collins,WR,14.899998168945302
2023091001,3111,55934,Tank Dell,WR,11.499999084472705
2023091001,3216,39989,Robert Woods,WR,
2023091001,3257,54593,Charlie Kolar,TE,18.079998779296904
2023091001,3302,41238,Odell Beckham,WR,14.190001373291
2023091001,3383,54635,Teagan Quitoriano,TE,9.6600018310547
2023091001,3514,46206,Dalton Schultz,TE,11.190002746581996
2023091001,3879,53518,Nico Collins,WR,22.650001678466797
2023091001,3902,53518,Nico Collins,WR,17.820000305175803
2023091001,4018,41238,Odell Beckham,WR,31.020000686645503
2023091001,4191,45052,Noah Brown,WR,10.560001373291001
2023091001,4216,39989,Robert Woods,WR,25.899998168945295
2023091001,4239,55934,Tank Dell,WR,21.169998321533203
2023091001,4322,39989,Robert Woods,WR,12.0699969482422
2023091001,4392,45052,Noah Brown,WR,5.3000003051758
2023091001,4564,56070,Xavier Hutchinson,WR,15.0299993133545
2023091001,4589,53518,Nico Collins,WR,12.659999084472698
2023091001,4614,46461,Mike Boone,RB,4.0599990844727
2023091001,4639,55934,Tank Dell,WR,10.670001678466797
2023091001,4662,46461,Mike Boone,RB,12.149999999999999
2023091002,110,53434,Ja'Marr Chase,WR,13.529999694824198
2023091002,319,46104,Nick Chubb,RB,10.459996337890601
2023091002,444,47833,Irv Smith,TE,5.380000610351598
2023091002,599,40026,Marquise Goodwin,WR,47.55
2023091002,767,43344,Tyler Boyd,WR,11.010000381469702
2023091002,819,46104,Nick Chubb,RB,7.359998474121099
2023091002,873,42347,Amari Cooper,WR,21.6900009155273
2023091002,975,53463,Elijah Moore,WR,10.760002746582003
2023091002,1048,44860,Joe Mixon,RB,1.8799978637695034
2023091002,1071,43344,Tyler Boyd,WR,9.989998474121094
2023091002,1209,42347,Amari Cooper,WR,10.559999237060495
2023091002,1260,40026,Marquise Goodwin,WR,53.620002746582
2023091002,1412,52441,Tee Higgins,WR,32.9999997711182
2023091002,1464,44841,David Njoku,TE,9.9999992370605
2023091002,1540,52595,Donovan Peoples-Jones,WR,27.8800003051758
2023091002,1832,42347,Amari Cooper,WR,22.9100009155273
2023091002,1944,43344,Tyler Boyd,WR,12.439999084472703
2023091002,1974,52441,Tee Higgins,WR,27.499997863769508
2023091002,2039,54564,David Bell,WR,19.589996643066407
2023091002,2095,42347,Amari Cooper,WR,16.5599981689453
2023091002,2127,52595,Donovan Peoples-Jones,WR,18.83999725341799
2023091002,2179,53463,Elijah Moore,WR,11.329998168945295
2023091002,2211,42347,Amari Cooper,WR,24.209996948242008
2023091002,2441,53463,Elijah Moore,WR,17.6900007629395
2023091002,2517,52441,Tee Higgins,WR,21.550000305175807
2023091002,2620,47833,Irv Smith,TE,10.880000305175805
2023091002,2693,53463,Elijah Moore,WR,35.6399993896484
2023091002,2847,44860,Joe Mixon,RB,6.769999237060496
2023091002,2872,53434,Ja'Marr Chase,WR,8.369999999999997
2023091002,2942,52441,Tee Higgins,WR,31.790000457763703
2023091002,3138,44841,David Njoku,TE,11.299999999999997
2023091002,3170,53463,Elijah Moore,WR,8.379999694824207
2023091002,3253,53434,Ja'Marr Chase,WR,15.040000610351612
2023091002,3314,52441,Tee Higgins,WR,21.470001220703097
2023091002,3337,47833,Irv Smith,TE,10.980000915527299
2023091002,3409,44841,David Njoku,TE,8.850000915527303
2023091002,3505,52523,Harrison Bryant,TE,10.209999237060494
2023091002,3571,52441,Tee Higgins,WR,12.839999084472698
2023091002,3594,53434,Ja'Marr Chase,WR,21.179998626708997
2023091002,3617,47833,Irv Smith,TE,8.329998321533203
2023091002,3716,52523,Harrison Bryant,TE,11.99000038146973
2023091002,3787,53434,Ja'Marr Chase,WR,10.9000004577637
2023091002,3812,53434,Ja'Marr Chase,WR,32.220003356933596
2023091002,3835,53631,Chris Evans,RB,4.910000610351595
2023091002,4036,53434,Ja'Marr Chase,WR,24.689996337890598
2023091002,4124,46167,Jordan Akins,TE,8.19999725341799
2023091003,81,54657,Andrew Ogletree,TE,20.239998779296897
2023091003,143,44849,Zay Jones,WR,8.899999847412104
2023091003,166,44835,Evan Engram,TE,8.059998474121102
2023091003,191,46095,Calvin Ridley,WR,12.46
2023091003,263,55944,Josh Downs,WR,8.460001220702992
2023091003,358,46116,Christian Kirk,WR,12.569999389648402
2023091003,410,46095,Calvin Ridley,WR,28.779998474121093
2023091003,529,46095,Calvin Ridley,WR,27.220002441405995
2023091003,662,53703,Deon Jackson,RB,10.069996948242206
2023091003,687,53556,Kylen Granson,TE,8.609999084472705
2023091003,761,55944,Josh Downs,WR,13.599999237060494
2023091003,933,46095,Calvin Ridley,WR,21.27000152587891
2023091003,1171,55953,Tank Bigsby,RB,7.729998779296906
2023091003,1503,53703,Deon Jackson,RB,7.140000457763698
2023091003,1649,46095,Calvin Ridley,WR,17.9599990844727
2023091003,1706,44849,Zay Jones,WR,31.38999977111816
2023091003,1782,44792,Mo Alie-Cox,TE,33.220001068115195
2023091003,1805,54657,Andrew Ogletree,TE,22.259999389648403
2023091003,1841,53703,Deon Jackson,RB,8.9100018310547
2023091003,1929,44849,Zay Jones,WR,17.390001525878894
2023091003,1954,46095,Calvin Ridley,WR,12.589999847412102
2023091003,2062,56041,Evan Hull,RB,9.550000305175798
2023091003,2087,54518,Alec Pierce,WR,13.0300002288818
2023091003,2204,46095,Calvin Ridley,WR,22.4799989318848
2023091003,2227,44849,Zay Jones,WR,21.640000762939504
2023091003,2286,52442,Michael Pittman,WR,16.279999389648403
2023091003,2369,52442,Michael Pittman,WR,11.7400006103516
2023091003,2519,46095,Calvin Ridley,WR,10.880000305175802
2023091003,2571,46116,Christian Kirk,WR,15.7599993896484
2023091003,2608,44835,Evan Engram,TE,28.129997558593807
2023091003,2638,44849,Zay Jones,WR,10.019998474121095
2023091003,2798,53703,Deon Jackson,RB,3.3100012207031
2023091003,2902,53454,Travis Etienne,RB,6.490000915527304
2023091003,2979,53703,Deon Jackson,RB,8.809998474121095
2023091003,3002,52442,Michael Pittman,WR,14.729998779296906
2023091003,3202,53454,Travis Etienne,RB,8.330000305175801
2023091003,3335,54518,Alec Pierce,WR,13.54000122070309
2023091003,3409,53556,Kylen Granson,TE,26.8799993896484
2023091003,3645,55944,Josh Downs,WR,14.150002746582004
2023091003,3750,44835,Evan Engram,TE,8.189999999999998
2023091003,3797,46095,Calvin Ridley,WR,23.559999618530295
2023091003,3820,53454,Travis Etienne,RB,8.5500010681152
2023091003,3845,44849,Zay Jones,WR,10.680000610351602
2023091003,3975,53556,Kylen Granson,TE,16.620001678466796
2023091003,3998,44792,Mo Alie-Cox,TE,21.7300001525879
2023091003,4047,44849,Zay Jones,WR,23.500001373291
2023091003,4153,53556,Kylen Granson,TE,20.5899983215332
2023091003,4201,53662,Jake Funk,RB,8.429998779296902
2023091003,4258,52442,Michael Pittman,WR,11.910003051757798
2023091003,4283,52442,Michael Pittman,WR,14.879997863769503
2023091003,4308,52442,Michael Pittman,WR,10.429996643066403
2023091003,4333,53556,Kylen Granson,TE,11.110002746581998
2023091003,4363,54518,Alec Pierce,WR,21.20999938964799
2023091003,4416,52442,Michael Pittman,WR,12.030000610351607
2023091003,4494,55944,Josh Downs,WR,10.470001831055
2023091003,4551,52442,Michael Pittman,WR,19.349997253417996
2023091004,124,52430,Justin Jefferson,WR,12.390002746581999
2023091004,196,54683,Ko Kieft,TE,37.8500012207031
2023091004,219,54556,Rachaad White,RB,0.21000122070309857
2023091004,315,52430,Justin Jefferson,WR,11.99000244140619
2023091004,340,43971,C.J. Ham,FB,6.990001220703093
2023091004,365,52430,Justin Jefferson,WR,24.990003051757796
2023091004,390,43971,C.J. Ham,FB,6.420001525878902
2023091004,413,47791,T.J. Hockenson,TE,11.6300004577637
2023091004,438,47885,Alexander Mattison,RB,9.6299983215332
2023091004,542,44896,Chris Godwin Jr.,WR,8.849999389648403
2023091004,592,54571,Cade Otton,TE,17.249998321533205
2023091004,695,41233,Mike Evans,WR,46.4600003051758
2023091004,766,47852,Josh Oliver,TE,7.5499993896483915
2023091004,821,54683,Ko Kieft,TE,18.859998779297
2023091004,936,43971,C.J. Ham,FB,5.109999389648394
2023091004,983,55887,Jordan Addison,WR,5.199996643066413
2023091004,1190,52430,Justin Jefferson,WR,18.930001678466798
2023091004,1300,47791,T.J. Hockenson,TE,6.7100015258789085
2023091004,1326,55887,Jordan Addison,WR,45.619999084472994
2023091004,1540,52584,K.J. Osborn,WR,27.3400004577637
2023091004,1594,52430,Justin Jefferson,WR,1.2399986267089957
2023091004,1641,52430,Justin Jefferson,WR,16.160000610351602
2023091004,1676,47852,Josh Oliver,TE,9.790000610351612
2023091004,1701,52584,K.J. Osborn,WR,17.609998168944998
2023091004,1746,55887,Jordan Addison,WR,21.650000915527002
2023091004,1839,56056,Trey Palmer,WR,10.1600003051758
2023091004,1933,47791,T.J. Hockenson,TE,4.7499996185303
2023091004,1958,52584,K.J. Osborn,WR,13.889999084472699
2023091004,2077,44896,Chris Godwin Jr.,WR,17.639998931884797
2023091004,2102,41233,Mike Evans,WR,16.409999389648405
2023091004,2154,55075,Deven Thompkins,WR,26.599999542236297
2023091004,2177,41233,Mike Evans,WR,37.24000011444092
2023091004,2234,52430,Justin Jefferson,WR,22.930000762939503
2023091004,2257,52430,Justin Jefferson,WR,10.539998474121102
2023091004,2287,47791,T.J. Hockenson,TE,11.920001525878902
2023091004,2312,52430,Justin Jefferson,WR,26.2200009155273
2023091004,2344,55887,Jordan Addison,WR,8.4399987792969
2023091004,2369,52584,K.J. Osborn,WR,15.230001525879004
2023091004,2505,41233,Mike Evans,WR,11.149999694824196
2023091004,2607,54571,Cade Otton,TE,9.110001525878907
2023091004,2701,41233,Mike Evans,WR,13.169998474121087
2023091004,2724,55075,Deven Thompkins,WR,9.979997253417991
2023091004,2749,54571,Cade Otton,TE,13.159999389648391
2023091004,2827,44896,Chris Godwin Jr.,WR,4.500002136230492
2023091004,2850,56056,Trey Palmer,WR,13.659999389647993
2023091004,2936,52430,Justin Jefferson,WR,10.6800036621094
2023091004,2961,47791,T.J. Hockenson,TE,13.989999694824206
2023091004,3030,47852,Josh Oliver,TE,16.1800001525879
2023091004,3105,55887,Jordan Addison,WR,19.310000915527304
2023091004,3177,47791,T.J. Hockenson,TE,13.539999542236302
2023091004,3244,47885,Alexander Mattison,RB,22.890003051758
2023091004,3365,47885,Alexander Mattison,RB,3.889997863770006
2023091004,3429,56663,Sean Tucker,RB,7.6399984741211
2023091004,3584,47791,T.J. Hockenson,TE,4.309999542236298
2023091004,3616,52584,K.J. Osborn,WR,9.459999084472699
2023091004,3641,52584,K.J. Osborn,WR,16.380001678466797
2023091004,3690,41233,Mike Evans,WR,9.380003051757797
2023091004,3849,44896,Chris Godwin Jr.,WR,19.090000457763693
2023091004,3874,41233,Mike Evans,WR,13.260000457763702
2023091004,3922,56056,Trey Palmer,WR,7.800000610351596
2023091004,4015,52430,Justin Jefferson,WR,9.499999389648401
2023091004,4040,55887,Jordan Addison,WR,16.999998626708997
2023091004,4122,41233,Mike Evans,WR,0.8700013732910037
2023091004,4249,44896,Chris Godwin Jr.,WR,16.539998931884803
2023091005,159,54608,Chig Okonkwo,TE,12.100000000000001
2023091005,228,55946,Tyjae Spears,RB,8.2000004577637
2023091005,301,43336,Michael Thomas,WR,30.349998779296904
2023091005,331,44947,Jamaal Williams,RB,7.729999389648405
2023091005,383,43336,Michael Thomas,WR,17.319997253417995
2023091005,721,39973,DeAndre Hopkins,WR,16.479999389648405
2023091005,768,39973,DeAndre Hopkins,WR,19.930000762939496
2023091005,793,55946,Tyjae Spears,RB,22.149999732971196
2023091005,849,53074,Nick Westbrook-Ikhine,WR,7.949999847412098
2023091005,991,52942,Juwan Johnson,TE,10.830001373291001
2023091005,1016,54476,Chris Olave,WR,39.31999847412109
2023091005,1065,53074,Nick Westbrook-Ikhine,WR,11.469996948242198
2023091005,1217,54476,Chris Olave,WR,11.8899969482422
2023091005,1289,52942,Juwan Johnson,TE,12.64999755859381
2023091005,1394,53074,Nick Westbrook-Ikhine,WR,13.7999984741211
2023091005,1721,39973,DeAndre Hopkins,WR,26.150000762939502
2023091005,1766,39973,DeAndre Hopkins,WR,34.2599996948242
2023091005,2166,55133,Rashid Shaheed,WR,13.599999542236304
2023091005,2251,43336,Michael Thomas,WR,13.539998474121099
2023091005,2283,52942,Juwan Johnson,TE,21.4000006103516
2023091005,2366,39973,DeAndre Hopkins,WR,9.709998168945297
2023091005,2440,43396,Chris Moore,WR,50.169999389648
2023091005,2518,54476,Chris Olave,WR,24.440003356933587
2023091005,2670,54483,Treylon Burks,WR,20.399999694824196
2023091005,2720,54483,Treylon Burks,WR,19.61999938964839
2023091005,2834,43336,Michael Thomas,WR,10.989997863769503
2023091005,2964,52942,Juwan Johnson,TE,15.960000305175804
2023091005,3042,39973,DeAndre Hopkins,WR,7.9699990844727004
2023091005,3067,39973,DeAndre Hopkins,WR,21.3100003051758
2023091005,3128,54476,Chris Olave,WR,10.360000610351598
2023091005,3208,55133,Rashid Shaheed,WR,29.219999866485598
2023091005,3358,39973,DeAndre Hopkins,WR,24.680001831054696
2023091005,3383,39973,DeAndre Hopkins,WR,18.759998474121097
2023091005,3413,54608,Chig Okonkwo,TE,37.179999694824204
2023091005,3436,53074,Nick Westbrook-Ikhine,WR,9.979998779296906
2023091005,3483,39973,DeAndre Hopkins,WR,17.309999542236298
2023091005,3578,55946,Tyjae Spears,RB,6.7800001525878955
2023091005,3603,39973,DeAndre Hopkins,WR,14.530000152587899
2023091005,3698,54476,Chris Olave,WR,11.9499992370605
2023091005,3774,54476,Chris Olave,WR,23.4400015258789
2023091005,3850,44947,Jamaal Williams,RB,3.0500007629395043
2023091005,3875,54476,Chris Olave,WR,60.789996948242006
2023091005,3984,53074,Nick Westbrook-Ikhine,WR,7.949998168945299
2023091005,4036,53074,Nick Westbrook-Ikhine,WR,10.8099996948242
2023091005,4124,53074,Nick Westbrook-Ikhine,WR,14.829999542236301
2023091005,4147,39973,DeAndre Hopkins,WR,12.61
2023091005,4270,43336,Michael Thomas,WR,14.9300004577637
2023091006,55,54517,George Pickens,WR,11.710000762939504
2023091006,144,47819,Deebo Samuel Sr.,WR,11.299998931884808
2023091006,213,44959,George Kittle,TE,5.249999084472698
2023091006,282,52433,Brandon Aiyuk,WR,23.97999998092651
2023091006,431,47849,Diontae Johnson,WR,31.2199987792969
2023091006,492,52433,Brandon Aiyuk,WR,17.000001678466802
2023091006,550,44959,George Kittle,TE,9.449999847412101
2023091006,575,52625,Jauan Jennings,WR,16.9899997711182
2023091006,598,44959,George Kittle,TE,9.410000762939504
2023091006,775,41290,Allen Robinson,WR,5.200000000000003
2023091006,822,47849,Diontae Johnson,WR,27.9800003051758
2023091006,899,44820,Christian McCaffrey,RB,5.629996337890603
2023091006,960,44959,George Kittle,TE,12.019998779296898
2023091006,1027,52433,Brandon Aiyuk,WR,12.169998779296904
2023091006,1096,47819,Deebo Samuel Sr.,WR,25.969997558593803
2023091006,1143,52433,Brandon Aiyuk,WR,25.790003356934008
2023091006,1207,54905,Jaylen Warren,RB,1.4899978637695028
2023091006,1421,47819,Deebo Samuel Sr.,WR,10.0499981689453
2023091006,1446,52433,Brandon Aiyuk,WR,21.929996643066403
2023091006,1717,53484,Pat Freiermuth,TE,14.1799978637695
2023091006,1828,44820,Christian McCaffrey,RB,13.0299995422363
2023091006,1974,47819,Deebo Samuel Sr.,WR,16.590002746582
2023091006,1999,44959,George Kittle,TE,11.730002136230496
2023091006,2156,54517,George Pickens,WR,8.83999847412099
2023091006,2188,54517,George Pickens,WR,53.859999694824204
2023091006,2274,41290,Allen Robinson,WR,18.1999989318848
2023091006,2299,47849,Diontae Johnson,WR,19.769999237060496
2023091006,2324,47849,Diontae Johnson,WR,11.8700002288818
2023091006,2380,47849,Diontae Johnson,WR,15.0599994659424
2023091006,2415,52532,Anthony McFarland,RB,8.750000534057602
2023091006,2470,54517,George Pickens,WR,11.9299992370605
2023091006,2529,53484,Pat Freiermuth,TE,10.74999965667725
2023091006,2657,47819,Deebo Samuel Sr.,WR,16.379997863769503
2023091006,2736,47849,Diontae Johnson,WR,11.1800010681152
2023091006,2861,52433,Brandon Aiyuk,WR,23.230002746582002
2023091006,2930,52433,Brandon Aiyuk,WR,23.690001220703095
2023091006,3078,54603,Calvin Austin III,WR,11.559999847412099
2023091006,3137,41290,Allen Robinson,WR,17.090000610351602
2023091006,3234,53453,Najee Harris,RB,9.099999694824206
2023091006,3295,54673,Connor Heyward,TE,13.210001220703091
2023091006,3422,52532,Anthony McFarland,RB,4.870001831054708
2023091006,3447,54905,Jaylen Warren,RB,3.8699966430664006
2023091006,3472,53484,Pat Freiermuth,TE,25.529998779297003
2023091006,3596,52433,Brandon Aiyuk,WR,21.100001373291
2023091006,3680,44820,Christian McCaffrey,RB,11.610001831054703
2023091006,3722,54603,Calvin Austin III,WR,11.730003356934006
2023091006,3754,41290,Allen Robinson,WR,16.72
2023091006,3779,54603,Calvin Austin III,WR,19.52999664306641
2023091006,3804,53453,Najee Harris,RB,7.799996643066407
2023091006,3829,54673,Connor Heyward,TE,16.140000915527295
2023091006,3881,54673,Connor Heyward,TE,29.199999694824193
2023091006,4079,47819,Deebo Samuel Sr.,WR,12.089996948242202
2023091006,4163,54905,Jaylen Warren,RB,8.060000305175791
2023091006,4186,54517,George Pickens,WR,11.00000335693359
2023091006,4211,54517,George Pickens,WR,13.080003662109405
2023091006,4270,54905,Jaylen Warren,RB,10.4600006103516
2023091006,4315,54905,Jaylen Warren,RB,8.669996643066412
2023091006,4340,41290,Allen Robinson,WR,23.950001068115192
2023091006,4395,41290,Allen Robinson,WR,14.460000305175804
2023091006,4420,54603,Calvin Austin III,WR,10.570001220703098
2023091007,77,54481,Jahan Dotson,WR,10.580001220703096
2023091007,124,41349,Logan Thomas,TE,19.200000000000003
2023091007,147,54481,Jahan Dotson,WR,20.179999694824197
2023091007,197,41349,Logan Thomas,TE,9.5999998474121
2023091007,220,44852,Curtis Samuel,WR,7.670001678466797
2023091007,332,39983,Zach Ertz,TE,12.610002441406195
2023091007,357,45102,Zach Pascal,WR,17.72
2023091007,580,54481,Jahan Dotson,WR,6.409999847412102
2023091007,699,54563,Brian Robinson,RB,10.630001831054997
2023091007,842,53478,Rondale Moore,WR,22.789998931884803
2023091007,935,39983,Zach Ertz,TE,14.9200001144409
2023091007,1167,39983,Zach Ertz,TE,9.909999389648391
2023091007,1214,47808,Marquise Brown,WR,14.740001220703093
2023091007,1371,47859,Terry McLaurin,WR,20.809999084472693
2023091007,1399,44852,Curtis Samuel,WR,6.340000152587898
2023091007,1424,54614,Cole Turner,TE,23.490000000000002
2023091007,1620,47859,Terry McLaurin,WR,11.800001525878905
2023091007,1679,47859,Terry McLaurin,WR,22.0300001525879
2023091007,1764,54520,Trey McBride,TE,12.450000610351601
2023091007,1794,54520,Trey McBride,TE,24.760001373291
2023091007,1848,39983,Zach Ertz,TE,9.000001373291
2023091007,1988,54481,Jahan Dotson,WR,18.8500033569336
2023091007,2013,47859,Terry McLaurin,WR,14.300002136230503
2023091007,2036,41349,Logan Thomas,TE,13.269998779296898
2023091007,2135,44852,Curtis Samuel,WR,20.17999877929691
2023091007,2160,54481,Jahan Dotson,WR,30.029999847412107
2023091007,2183,41349,Logan Thomas,TE,23.139998626709
2023091007,2208,54614,Cole Turner,TE,17.150001831054702
2023091007,2238,44852,Curtis Samuel,WR,28.1500015258789
2023091007,2359,47808,Marquise Brown,WR,19.829999389648393
2023091007,2421,55959,Michael Wilson,WR,22.810001525878896
2023091007,2447,39983,Zach Ertz,TE,11.910001220703094
2023091007,2472,39983,Zach Ertz,TE,19.3099989318848
2023091007,2495,47808,Marquise Brown,WR,14.8900007629395
2023091007,2672,41349,Logan Thomas,TE,12.439999694824198
2023091007,2719,54481,Jahan Dotson,WR,11.250000305175803
2023091007,3145,41349,Logan Thomas,TE,16.710001068115197
2023091007,3542,44917,James Conner,RB,10.7300018310547
2023091007,3890,47808,Marquise Brown,WR,15.710001678466796
2023091007,4101,55959,Michael Wilson,WR,10.670001068115198
2023091007,4182,44917,James Conner,RB,7.07
2023091007,4234,39983,Zach Ertz,TE,12.119999237060497
2023091007,4271,55959,Michael Wilson,WR,23.7099998474121
2023091008,125,55998,Tyler Scott,WR,5.6599969482421955
2023091008,273,54597,Romeo Doubs,WR,11.329996643066409
2023091008,396,56024,Dontayvion Wicks,WR,28.869999084472994
2023091008,496,54597,Romeo Doubs,WR,21.930001525879007
2023091008,572,52581,Darnell Mooney,WR,26.239999999999995
2023091008,619,53646,Khalil Herbert,RB,9.0099993896484
2023091008,735,44901,D'Onta Foreman,RB,6.659998321533202
2023091008,840,56220,Malik Heath,WR,20.109998321533205
2023091008,888,55907,Luke Musgrave,TE,11.4800018310547
2023091008,1105,46093,DJ Moore,WR,11.819997558593812
2023091008,1130,46093,DJ Moore,WR,13.989998474121094
2023091008,1155,52451,Cole Kmet,TE,11.250000610352004
2023091008,1200,52451,Cole Kmet,TE,22.279999694824
2023091008,1292,54597,Romeo Doubs,WR,1.290000305175795
2023091008,1356,55915,Jayden Reed,WR,16.220002746581997
2023091008,1473,48207,Khari Blasingame,FB,11.4300007629395
2023091008,1551,52470,AJ Dillon,RB,7.910003051757798
2023091008,1576,55907,Luke Musgrave,TE,11.5799987792969
2023091008,1601,54723,Samori Toure,WR,20.8300007629395
2023091008,1626,54723,Samori Toure,WR,56.55000007629395
2023091008,1818,52451,Cole Kmet,TE,11.8499994659424
2023091008,1929,44995,Aaron Jones,RB,3.1299993896483898
2023091008,1952,55907,Luke Musgrave,TE,42.489998626708996
2023091008,1981,55915,Jayden Reed,WR,20.800001525878905
2023091008,2007,56024,Dontayvion Wicks,WR,18.4199990844727
2023091008,2390,55980,Roschon Johnson,RB,7.999999389648398
2023091008,2475,54597,Romeo Doubs,WR,17.6299996948242
2023091008,2520,44995,Aaron Jones,RB,10.569999389648402
2023091008,2697,54723,Samori Toure,WR,5.300001678466799
2023091008,2749,55915,Jayden Reed,WR,20.609998626709
2023091008,2865,55980,Roschon Johnson,RB,6.539999084472697
2023091008,2921,52581,Darnell Mooney,WR,12.350000305175804
2023091008,3010,52581,Darnell Mooney,WR,30.649996948242006
2023091008,3178,55915,Jayden Reed,WR,22.2899984741211
2023091008,3208,55907,Luke Musgrave,TE,38.92000152587891
2023091008,3254,54597,Romeo Doubs,WR,11.559996948242002
2023091008,3354,52457,Chase Claypool,WR,12.799996948242196
2023091008,3377,52581,Darnell Mooney,WR,21.5300012207031
2023091008,3495,53646,Khalil Herbert,RB,9.879996337890603
2023091008,3745,55915,Jayden Reed,WR,51.42000030517579
2023091008,3826,52451,Cole Kmet,TE,11.620002136230497
2023091008,3851,44901,D'Onta Foreman,RB,7.019998931884807
2023091008,3923,52451,Cole Kmet,TE,9.579998626709
2023091008,3975,52581,Darnell Mooney,WR,5.929999389648401
2023091008,3998,55980,Roschon Johnson,RB,13.689999694824198
2023091008,4021,55980,Roschon Johnson,RB,11.050000457763701
2023091008,4051,55980,Roschon Johnson,RB,6.2399997711182
2023091008,4083,55980,Roschon Johnson,RB,6.380000686645502
2023091008,4452,52451,Cole Kmet,TE,12.1500009155273
2023091008,4491,52451,Cole Kmet,TE,5.220003662109406
2023091008,4514,55980,Roschon Johnson,RB,11.180001525878907
2023091008,4539,55998,Tyler Scott,WR,12.499999847412106
2023091009,103,41282,Davante Adams,WR,5.359998168945296
2023091009,306,48097,Jakobi Meyers,WR,11.59999979019165
2023091009,417,52513,Adam Trautman,TE,9.799999694824201
2023091009,442,54967,Brandon Johnson,WR,27.350001678466796
2023091009,511,53464,Javonte Williams,RB,8.419999237060495
2023091009,570,54967,Brandon Johnson,WR,16.7200030517578
2023091009,681,54545,Greg Dulcich,TE,20.8500012207031
2023091009,750,52513,Adam Trautman,TE,14.5399993896484
2023091009,797,48541,Lil'Jordan Humphrey,WR,19.999996948242
2023091009,861,47807,Josh Jacobs,RB,3.9000030517577926
2023091009,953,48097,Jakobi Meyers,WR,25.580001220703096
2023091009,987,48097,Jakobi Meyers,WR,19.1700036621094
2023091009,1017,47807,Josh Jacobs,RB,8.049999389648391
2023091009,1097,48097,Jakobi Meyers,WR,19.530002746582
2023091009,1212,48541,Lil'Jordan Humphrey,WR,9.899998168945302
2023091009,1507,41282,Davante Adams,WR,7.6600005340576
2023091009,1561,41282,Davante Adams,WR,11.379999389648397
2023091009,1621,48097,Jakobi Meyers,WR,10.489999542236301
2023091009,1680,46109,Courtland Sutton,WR,16.470001220703097
2023091009,1710,54545,Greg Dulcich,TE,11.540001831054695
2023091009,1735,44927,Samaje Perine,RB,8.760000000000005
2023091009,1772,44927,Samaje Perine,RB,9.480001831054707
2023091009,1802,44927,Samaje Perine,RB,8.860000305175802
2023091009,1827,46109,Courtland Sutton,WR,10.399999999999999
2023091009,1886,46109,Courtland Sutton,WR,17.5900004577637
2023091009,1946,46109,Courtland Sutton,WR,21.02999995708466
2023091009,2102,42372,Phillip Dorsett,WR,28.93999832153321
2023091009,2430,41282,Davante Adams,WR,34.36999664306641
2023091009,2499,41282,Davante Adams,WR,20.340003662109403
2023091009,2546,41282,Davante Adams,WR,15.75
2023091009,2609,48097,Jakobi Meyers,WR,15.540000915527301
2023091009,2634,54587,Zamir White,RB,6.189996337890591
2023091009,2826,41282,Davante Adams,WR,12.380001220702994
2023091009,2849,42397,Ameer Abdullah,RB,18.559998474120988
2023091009,2907,53464,Javonte Williams,RB,9.189997863769506
2023091009,2932,44927,Samaje Perine,RB,5.410002136230503
2023091009,3009,53464,Javonte Williams,RB,2.569998168945297
2023091009,3108,55928,Marvin Mims Jr.,WR,8.229996948242203
2023091009,3140,53464,Javonte Williams,RB,10.730000915527299
2023091009,3170,52513,Adam Trautman,TE,5.519996643066406
2023091009,3195,42511,Michael Burton,FB,10.659999694824208
2023091009,3242,52513,Adam Trautman,TE,6.839996643065987
2023091009,3361,47807,Josh Jacobs,RB,9.1899987792969
2023091009,3386,41282,Davante Adams,WR,26.1300033569336
2023091009,3418,48097,Jakobi Meyers,WR,18.790001068115195
2023091009,3454,43370,Austin Hooper,TE,23.1799991607666
2023091009,3501,48097,Jakobi Meyers,WR,9.350000343322801
2023091009,3587,46109,Courtland Sutton,WR,18.349999237060498
2023091009,3610,52513,Adam Trautman,TE,9.919998474121101
2023091009,3754,48097,Jakobi Meyers,WR,11.390000305175796
2023091010,121,53435,Jaylen Waddle,WR,11.600001068115198
2023091010,261,40024,Keenan Allen,WR,24.39999847412109
2023091010,328,40024,Keenan Allen,WR,31.000002136230492
2023091010,607,43454,Tyreek Hill,WR,40.989996643066405
2023091010,630,45900,River Cracraft,WR,12.519998779296902
2023091010,706,46192,Durham Smythe,TE,26.360003662109406
2023091010,767,46279,Braxton Berrios,WR,13.099996948242207
2023091010,997,52520,Joshua Kelley,RB,9.9000004577637
2023091010,1040,43454,Tyreek Hill,WR,26.820003051757794
2023091010,1072,43454,Tyreek Hill,WR,25.810000000000002
2023091010,1119,48233,Alec Ingold,FB,9.600000839233395
2023091010,1249,46192,Durham Smythe,TE,10.969999580383302
2023091010,1337,45573,Austin Ekeler,RB,9.179998626708997
2023091010,1438,48456,Donald Parham,TE,6.859999694824012
2023091010,1513,53435,Jaylen Waddle,WR,35.89999938964841
2023091010,1558,46192,Durham Smythe,TE,23.019999542236306
2023091010,1607,40024,Keenan Allen,WR,8.899998931884802
2023091010,1714,46192,Durham Smythe,TE,9.350002746582007
2023091010,1761,46192,Durham Smythe,TE,23.870001068115194
2023091010,1810,53435,Jaylen Waddle,WR,12.120001220703102
2023091010,1835,46192,Durham Smythe,TE,7.419999237060495
2023091010,1858,43454,Tyreek Hill,WR,23.5599981689453
2023091010,1888,46192,Durham Smythe,TE,13.199999542236299
2023091010,1940,43454,Tyreek Hill,WR,22.0100003814697
2023091010,2002,43454,Tyreek Hill,WR,12.109999885559098
2023091010,2027,45900,River Cracraft,WR,13.729999961853032
2023091010,2103,53506,Josh Palmer,WR,10.0200004577637
2023091010,2151,40024,Keenan Allen,WR,13.140000762939504
2023091010,2176,55885,Quentin Johnston,WR,14.61
2023091010,2206,45573,Austin Ekeler,RB,2.2000012207030935
2023091010,2236,48456,Donald Parham,TE,15.690002136230497
2023091010,2261,55885,Quentin Johnston,WR,38.440001220702996
2023091010,2284,44856,Gerald Everett,TE,11.38000244140619
2023091010,2372,53435,Jaylen Waddle,WR,28.810001831054706
2023091010,2930,43454,Tyreek Hill,WR,21.029999084472692
2023091010,2982,53435,Jaylen Waddle,WR,12.669999237060495
2023091010,3029,45900,River Cracraft,WR,15.830000686645498
2023091010,3064,46279,Braxton Berrios,WR,36.53000003814697
2023091010,3128,40024,Keenan Allen,WR,3.8999997329711995
2023091010,3198,43454,Tyreek Hill,WR,38.7300002670288
2023091010,3274,40024,Keenan Allen,WR,11.729999084472698
2023091010,3309,45573,Austin Ekeler,RB,7.8500009155273
2023091010,3494,48456,Donald Parham,TE,8.8300008392334
2023091010,3640,46279,Braxton Berrios,WR,26.2300010681152
2023091010,3676,48233,Alec Ingold,FB,10.139998779296903
2023091010,3701,46279,Braxton Berrios,WR,18.300003662109404
2023091010,3803,43454,Tyreek Hill,WR,12.989997863769503
2023091010,3826,42718,Raheem Mostert,RB,13.819999999999993
2023091010,3890,40024,Keenan Allen,WR,13.110000915527294
2023091010,4076,45573,Austin Ekeler,RB,28.280000152587895
2023091010,4099,44819,Mike Williams,WR,27.590000457763693
2023091010,4207,45573,Austin Ekeler,RB,9.789999084472697
2023091010,4321,52922,Salvon Ahmed,RB,9.450000762939503
2023091010,4426,43454,Tyreek Hill,WR,46.800002136230496
2023091010,4473,45900,River Cracraft,WR,23.56000030517599
2023091010,4498,45900,River Cracraft,WR,13.250002136229995
2023091010,4528,42718,Raheem Mostert,RB,0.8700015258789051
2023091010,4558,43454,Tyreek Hill,WR,13.470002441405995
2023091010,4615,44856,Gerald Everett,TE,12.619999389648399
2023091010,4699,44819,Mike Williams,WR,19.939996948242197
2023091011,55,53579,Kenneth Gainwell,RB,6.4099986267089974
2023091011,140,53579,Kenneth Gainwell,RB,10.780001220703099
2023091011,209,52608,Quez Watkins,WR,5.640000915527295
2023091011,515,43324,Hunter Henry,TE,15.239997863769503
2023091011,614,56075,DeMario Douglas,WR,12.329999694824195
2023091011,637,45185,Kendrick Bourne,WR,12.0000015258789
2023091011,766,47834,A.J. Brown,WR,17.629997253417997
2023091011,849,53439,DeVonta Smith,WR,15.359998474121
2023091011,952,44874,JuJu Smith-Schuster,WR,11.020001373290995
2023091011,980,45185,Kendrick Bourne,WR,9.880001373290995
2023091011,1034,52443,D'Andre Swift,RB,2.8199993133545007
2023091011,1101,47834,A.J. Brown,WR,11.709999084472699
2023091011,1224,45185,Kendrick Bourne,WR,13.030000305175797
2023091011,1418,45185,Kendrick Bourne,WR,12.869999694824195
2023091011,1443,44874,JuJu Smith-Schuster,WR,13.060001525878896
2023091011,1661,46111,Mike Gesicki,TE,11.480001678466799
2023091011,1686,45185,Kendrick Bourne,WR,49.639996337890594
2023091011,1734,44874,JuJu Smith-Schuster,WR,12.909998626708997
2023091011,1759,56075,DeMario Douglas,WR,26.250000305175796
2023091011,1792,42437,Ty Montgomery,WR,11.309999084472693
2023091011,1839,43324,Hunter Henry,TE,21.890002746582
2023091011,1964,47834,A.J. Brown,WR,15.830000610351604
2023091011,1989,52443,D'Andre Swift,RB,12.879998779296898
2023091011,2093,43324,Hunter Henry,TE,15.240000762939502
2023091011,2125,43324,Hunter Henry,TE,19.6799978637695
2023091011,2196,44874,JuJu Smith-Schuster,WR,10.549999084472702
2023091011,2221,45185,Kendrick Bourne,WR,32.109999084473
2023091011,2363,53549,Rhamondre Stevenson,RB,10.090000610351609
2023091011,2388,56052,Kayshon Boutte,WR,27.610001220703097
2023091011,2449,47834,A.J. Brown,WR,20.7499995422363
2023091011,2508,53439,DeVonta Smith,WR,12.819998321533205
2023091011,2555,53579,Kenneth Gainwell,RB,8.509999389648392
2023091011,2580,52608,Quez Watkins,WR,10.759996948242204
2023091011,2643,53439,DeVonta Smith,WR,39.62999969482401
2023091011,2809,44874,JuJu Smith-Schuster,WR,11.729999694824201
2023091011,2834,44874,JuJu Smith-Schuster,WR,21.590000152587898
2023091011,2857,45185,Kendrick Bourne,WR,11.429998168945303
2023091011,3006,56052,Kayshon Boutte,WR,50.6100001335144
2023091011,3108,53439,DeVonta Smith,WR,12.700001220703097
2023091011,3140,53579,Kenneth Gainwell,RB,5.640000839233398
2023091011,3187,53439,DeVonta Smith,WR,17.839998626708997
2023091011,3217,53439,DeVonta Smith,WR,13.789998168945296
2023091011,3262,47834,A.J. Brown,WR,57.59000009536743
2023091011,3285,53439,DeVonta Smith,WR,14.870000152587899
2023091011,3355,46118,Dallas Goedert,TE,24.380000610351605
2023091011,3425,46111,Mike Gesicki,TE,6.370000457763702
2023091011,3455,53549,Rhamondre Stevenson,RB,9.719999847412105
2023091011,3491,42437,Ty Montgomery,WR,38.969999389647995
2023091011,3541,53549,Rhamondre Stevenson,RB,4.760000610351611
2023091011,3683,47834,A.J. Brown,WR,55.110000457763704
2023091011,3772,47834,A.J. Brown,WR,24.09999938964839
2023091011,3797,47834,A.J. Brown,WR,20.9200007629395
2023091011,3915,47834,A.J. Brown,WR,10.650001220703096
2023091011,3976,56075,DeMario Douglas,WR,46.830000305175794
2023091011,4046,56075,DeMario Douglas,WR,24.690003662109405
2023091011,4071,53549,Rhamondre Stevenson,RB,8.180003356933597
2023091011,4096,45185,Kendrick Bourne,WR,26.719996948242
2023091011,4270,45185,Kendrick Bourne,WR,28.729996643066407
2023091011,4317,43324,Hunter Henry,TE,19.960003051757795
2023091011,4427,53439,DeVonta Smith,WR,13.369998779296907
2023091011,4457,45185,Kendrick Bourne,WR,10.9999992370605
2023091011,4485,56075,DeMario Douglas,WR,12.700001525878903
2023091011,4557,46111,Mike Gesicki,TE,11.76000061035161
2023091011,4666,56052,Kayshon Boutte,WR,19.150000915527002
2023091012,55,42412,Tyler Lockett,WR,9.760001525878899
2023091012,102,42412,Tyler Lockett,WR,6.4000009155273005
2023091012,176,47847,DK Metcalf,WR,27.6900018310547
2023091012,327,42412,Tyler Lockett,WR,32.879996643065994
2023091012,439,43399,Tyler Higbee,TE,14.109999084472705
2023091012,582,56042,Puka Nacua,WR,10.0500016784668
2023091012,605,52465,Van Jefferson,WR,17.600000915527303
2023091012,652,56042,Puka Nacua,WR,16.320000152587898
2023091012,677,43399,Tyler Higbee,TE,18.3799993896484
2023091012,783,56042,Puka Nacua,WR,8.980000534057599
2023091012,925,46189,Will Dissly,TE,7.029998779296903
2023091012,950,47847,DK Metcalf,WR,12.479999389648398
2023091012,1090,54506,Kenneth Walker III,RB,5.0800001525879
2023091012,1165,55884,Jaxon Smith-Njigba,WR,12.409999084472702
2023091012,1212,47847,DK Metcalf,WR,23.87
2023091012,1392,56042,Puka Nacua,WR,12.320000152587902
2023091012,1455,46189,Will Dissly,TE,10.429998321533205
2023091012,1641,56042,Puka Nacua,WR,17.590000152587898
2023091012,1666,52544,Brycen Hopkins,TE,17.6499993896484
2023091012,1713,53486,Tutu Atwell,WR,27.2200009155273
2023091012,1831,52552,DeeJay Dallas,RB,12.380000610351601
2023091012,1956,56042,Puka Nacua,WR,21.7300010681152
2023091012,1979,56042,Puka Nacua,WR,17.0199989318848
2023091012,2002,53486,Tutu Atwell,WR,17.610001220703097
2023091012,2034,56042,Puka Nacua,WR,20.810000762939502
2023091012,2215,56042,Puka Nacua,WR,13.629998626709
2023091012,2240,52465,Van Jefferson,WR,43.42999847412109
2023091012,2263,56042,Puka Nacua,WR,11.9200012207031
2023091012,2310,52465,Van Jefferson,WR,13.320001678466795
2023091012,2335,53486,Tutu Atwell,WR,40.9600009155273
2023091012,2476,52541,Colby Parkinson,TE,7.669998168945298
2023091012,2499,55884,Jaxon Smith-Njigba,WR,12.829999999999998
2023091012,2543,53486,Tutu Atwell,WR,8.6499993896484
2023091012,2602,56042,Puka Nacua,WR,10.5499981689453
2023091012,2656,43399,Tyler Higbee,TE,25.860002746582005
2023091012,2725,54629,Kyren Williams,RB,22.540003051757992
2023091012,2791,54506,Kenneth Walker III,RB,6.169998779296904
2023091012,2956,52544,Brycen Hopkins,TE,9.3699994659424
2023091012,3068,53486,Tutu Atwell,WR,20.8499984741211
2023091012,3093,53486,Tutu Atwell,WR,28.7199993896484
2023091012,3140,53486,Tutu Atwell,WR,17.200000228881798
2023091012,3197,54629,Kyren Williams,RB,17.4900002288818
2023091012,3298,53678,Ben Skowronek,WR,7.850000419616698
2023091012,3382,55884,Jaxon Smith-Njigba,WR,4.780000762939501
2023091012,3412,47847,DK Metcalf,WR,10.750001831054703
2023091012,3516,52465,Van Jefferson,WR,10.950000000000003
2023091012,3541,56042,Puka Nacua,WR,30.090000152587898
2023091012,3618,53678,Ben Skowronek,WR,26.9900007629395
2023091012,3663,56042,Puka Nacua,WR,40.219999885559105
2023091012,3729,52541,Colby Parkinson,TE,9.249998931884804
2023091013,422,42547,Darren Waller,TE,10.879996643066406
2023091013,485,54594,Jake Ferguson,TE,8.770001220703097
2023091013,539,52425,CeeDee Lamb,WR,24.2600009155273
2023091013,616,54594,Jake Ferguson,TE,18.930000915527003
2023091013,639,53117,KaVontae Turpin,WR,7.059999084472992
2023091013,801,46071,Saquon Barkley,RB,10.650002441406187
2023091013,1015,41246,Brandin Cooks,WR,9.019997253417998
2023091013,1072,54594,Jake Ferguson,TE,22.6800001525879
2023091013,1117,47911,Tony Pollard,RB,9.539998168945296
2023091013,1142,41246,Brandin Cooks,WR,12.130001068115199
2023091013,1233,54594,Jake Ferguson,TE,13.919999313354502
2023091013,1337,41246,Brandin Cooks,WR,23.189999084472696
2023091013,1588,42547,Darren Waller,TE,10.180000152587901
2023091013,1635,42547,Darren Waller,TE,9.6900016784668
2023091013,1687,52615,Isaiah Hodgins,WR,21.3399990844727
2023091013,1737,42547,Darren Waller,TE,16.0500030517578
2023091013,1813,46071,Saquon Barkley,RB,8.540002746582005
2023091013,1870,47842,Parris Campbell,WR,15.879999999999995
2023091013,1943,46150,Michael Gallup,WR,31.620000762939505
2023091013,2144,46150,Michael Gallup,WR,12.369998931884801
2023091013,2213,52425,CeeDee Lamb,WR,10.790001068115195
2023091013,2292,55157,Peyton Hendershot,TE,22.519997558594
2023091013,2515,46071,Saquon Barkley,RB,8.130000915527305
2023091013,2572,47954,Darius Slayton,WR,3.790000305175795
2023091013,2738,52425,CeeDee Lamb,WR,8.229998626708998
2023091013,2802,41246,Brandin Cooks,WR,18.660003356933593
2023091013,2872,54577,Daniel Bellinger,TE,8.11
2023091013,2897,47842,Parris Campbell,WR,7.990002746582007
2023091013,2932,47954,Darius Slayton,WR,11.510002746582003
2023091013,3001,43329,Sterling Shepard,WR,18.770000305175806
2023091013,3024,47842,Parris Campbell,WR,14.450001831054706
2023091013,3047,52615,Isaiah Hodgins,WR,17.4399993896484
2023091013,3101,52425,CeeDee Lamb,WR,22.280001373291
2023091013,3210,53117,KaVontae Turpin,WR,8.869999389648399
2023091013,3257,54594,Jake Ferguson,TE,5.449999237060499
2023091013,3357,52615,Isaiah Hodgins,WR,13.339999694824197
2023091013,3538,53047,Lawrence Cager,TE,7.269999160766602
2023091013,3686,47842,Parris Campbell,WR,9.119998779296907
2023091013,3711,53047,Lawrence Cager,TE,9.039998321533204
2023091013,3845,47954,Darius Slayton,WR,11.4800003051758
2023091013,3870,47954,Darius Slayton,WR,34.920002136230494
2023091013,3974,54553,Jalen Tolbert,WR,25.310000915527304
2023091100,58,42489,Stefon Diggs,WR,10.520001373291002
2023091100,152,42489,Stefon Diggs,WR,12.599999389648403
2023091100,299,54475,Garrett Wilson,WR,11.470003662109406
2023091100,331,53536,Michael Carter,RB,9.850001220703092
2023091100,482,48415,Deonte Harty,WR,6.6199990844726955
2023091100,534,47879,Dawson Knox,TE,6.899998626708999
2023091100,559,42489,Stefon Diggs,WR,17.8899990844727
2023091100,629,47870,Damien Harris,RB,12.620002746582003
2023091100,779,44853,Dalvin Cook,RB,10.440000915527307
2023091100,804,46705,Allen Lazard,WR,28.25000335693359
2023091100,962,54528,James Cook,RB,11.470000610351605
2023091100,993,48415,Deonte Harty,WR,59.7500000762939
2023091100,1186,42489,Stefon Diggs,WR,12.4500012207031
2023091100,1216,54528,James Cook,RB,13.989998779296897
2023091100,1239,55889,Dalton Kincaid,TE,10.390003662109407
2023091100,1356,52536,Gabe Davis,WR,24.9000005340576
2023091100,1499,46226,Tyler Conklin,TE,2.059999694824196
2023091100,1551,37139,Randall Cobb,WR,18.269998626708997
2023091100,1589,55889,Dalton Kincaid,TE,6.619999847412096
2023091100,1664,42489,Stefon Diggs,WR,10.039999694824196
2023091100,1701,55889,Dalton Kincaid,TE,10.680000915527302
2023091100,1775,54528,James Cook,RB,25.7400004577637
2023091100,1973,54475,Garrett Wilson,WR,18.1400010681152
2023091100,2281,47879,Dawson Knox,TE,22.779999084472692
2023091100,2306,55889,Dalton Kincaid,TE,4.979998779296906
2023091100,2358,54528,James Cook,RB,5.770000610351595
2023091100,2383,42489,Stefon Diggs,WR,14.269999999999996
2023091100,2428,42489,Stefon Diggs,WR,49.3800002288818
2023091100,2488,54475,Garrett Wilson,WR,0.9600007629395009
2023091100,2513,46705,Allen Lazard,WR,10.749999847412106
2023091100,2536,53536,Michael Carter,RB,10.169998779296904
2023091100,2655,54528,James Cook,RB,6.740003662109402
2023091100,2844,54528,James Cook,RB,7.349999618530298
2023091100,2916,47870,Damien Harris,RB,1.3200003814697006
2023091100,2941,40129,Latavius Murray,RB,7.459999084472699
2023091100,3015,52536,Gabe Davis,WR,21.740000610351608
2023091100,3098,46705,Allen Lazard,WR,9.820000762939507
2023091100,3167,54475,Garrett Wilson,WR,30.379999732971193
2023091100,3214,54475,Garrett Wilson,WR,8.43999973297119
2023091100,3593,52536,Gabe Davis,WR,13.530001220703099
2023091100,3618,42489,Stefon Diggs,WR,22.559998779296905
2023091100,3684,42489,Stefon Diggs,WR,22.47
2023091100,3716,42489,Stefon Diggs,WR,12.439997253418
2023091100,3942,47879,Dawson Knox,TE,18.980002136230496
2023091100,3987,42489,Stefon Diggs,WR,23.72999725341799
2023091400,56,53439,DeVonta Smith,WR,10.450002441406198
2023091400,151,53439,DeVonta Smith,WR,49.079999542236294
2023091400,293,52430,Justin Jefferson,WR,23.4699993896484
2023091400,318,52430,Justin Jefferson,WR,0.20999877929690314
2023091400,366,52584,K.J. Osborn,WR,16.7599987792969
2023091400,431,46118,Dallas Goedert,TE,24.09000061035161
2023091400,461,46118,Dallas Goedert,TE,7.270001220703094
2023091400,685,53439,DeVonta Smith,WR,28.439998168945294
2023091400,779,47834,A.J. Brown,WR,11.359999542236302
2023091400,928,55887,Jordan Addison,WR,11.289999084472697
2023091400,953,52584,K.J. Osborn,WR,13.729999847412095
2023091400,1000,47791,T.J. Hockenson,TE,6.970000305175802
2023091400,1025,47791,T.J. Hockenson,TE,15.9100004577637
2023091400,1072,52430,Justin Jefferson,WR,9.590000610351598
2023091400,1105,47791,T.J. Hockenson,TE,8.8699995422363
2023091400,1213,52443,D'Andre Swift,RB,4.019999847412102
2023091400,1420,47834,A.J. Brown,WR,13.410002441406192
2023091400,1588,47852,Josh Oliver,TE,11.879998779296898
2023091400,1645,47791,T.J. Hockenson,TE,11.499998321533198
2023091400,1677,52430,Justin Jefferson,WR,9.720001831054702
2023091400,1702,47885,Alexander Mattison,RB,13.990000610351593
2023091400,1725,52584,K.J. Osborn,WR,12.7299981689453
2023091400,1767,55887,Jordan Addison,WR,35.96
2023091400,1962,52443,D'Andre Swift,RB,8.590000000000003
2023091400,2247,47885,Alexander Mattison,RB,3.060001525878903
2023091400,2364,53439,DeVonta Smith,WR,49.2400012207031
2023091400,2450,52430,Justin Jefferson,WR,19.349997558593813
2023091400,2475,47852,Josh Oliver,TE,5.5799963378905915
2023091400,2500,52430,Justin Jefferson,WR,12.310000610351608
2023091400,2523,55887,Jordan Addison,WR,47.7399992370605
2023091400,2587,46118,Dallas Goedert,TE,15.3700006103516
2023091400,2645,52443,D'Andre Swift,RB,6.429999694824197
2023091400,2694,46118,Dallas Goedert,TE,11.780000152587899
2023091400,2768,55887,Jordan Addison,WR,8.830000610351604
2023091400,2793,52430,Justin Jefferson,WR,12.019998168945293
2023091400,2885,46118,Dallas Goedert,TE,10.380000305175802
2023091400,2976,46096,Rashaad Penny,RB,8.309998474121102
2023091400,3072,47834,A.J. Brown,WR,13.2000010681152
2023091400,3117,53439,DeVonta Smith,WR,15.770000762939503
2023091400,3333,52584,K.J. Osborn,WR,23.2300006103516
2023091400,3356,52430,Justin Jefferson,WR,9.099999771118199
2023091400,3413,52430,Justin Jefferson,WR,17.800001220703095
2023091400,3438,47852,Josh Oliver,TE,6.860002441406195
2023091400,3486,52430,Justin Jefferson,WR,20.16000152587891
2023091400,3516,52584,K.J. Osborn,WR,22.609998779297
2023091400,3668,47834,A.J. Brown,WR,9.500002441406195
2023091400,3813,52584,K.J. Osborn,WR,10.760001068115198
2023091400,3836,52430,Justin Jefferson,WR,18.069998321533202
2023091400,3927,47885,Alexander Mattison,RB,11.359999237060496
2023091400,3950,47791,T.J. Hockenson,TE,11.660000762939504
2023091400,3975,47791,T.J. Hockenson,TE,13.400000762939506
2023091400,4000,47885,Alexander Mattison,RB,10.130001831054699
2023091400,4084,47791,T.J. Hockenson,TE,27.329999389647995
2023091400,4107,52430,Justin Jefferson,WR,24.07000335693401
2023091400,4132,47791,T.J. Hockenson,TE,11.779996643066
2023091700,111,55907,Luke Musgrave,TE,22.5099995422363
2023091700,430,55872,Bijan Robinson,RB,6.9200009155273
2023091700,453,44912,Jonnu Smith,TE,17.5999995422363
2023091700,522,53433,Kyle Pitts,TE,20.46
2023091700,545,44912,Jonnu Smith,TE,10.059996643066405
2023091700,597,53433,Kyle Pitts,TE,13.999997253418002
2023091700,855,54597,Romeo Doubs,WR,14.250000305175789
2023091700,924,55907,Luke Musgrave,TE,6.259999389648399
2023091700,989,55915,Jayden Reed,WR,15.769998474121103
2023091700,1076,55907,Luke Musgrave,TE,10.760001220703103
2023091700,1311,54473,Drake London,WR,26.7700003051758
2023091700,1358,55872,Bijan Robinson,RB,6.2800018310547046
2023091700,1427,54473,Drake London,WR,12.089999237060496
2023091700,1457,52470,AJ Dillon,RB,11.449998779296905
2023091700,1546,56024,Dontayvion Wicks,WR,10.740003662109402
2023091700,1593,52502,Josiah Deguara,TE,7.0399987792969085
2023091700,1728,54473,Drake London,WR,0.4100036621094034
2023091700,1809,44931,Mack Hollins,WR,10.050000762939504
2023091700,1856,53433,Kyle Pitts,TE,8.510001831054701
2023091700,1959,44912,Jonnu Smith,TE,12.2700006866455
2023091700,1984,54473,Drake London,WR,11.120000076293898
2023091700,2147,54473,Drake London,WR,17.0099995422363
2023091700,2170,44931,Mack Hollins,WR,10.120000305175804
2023091700,2193,53433,Kyle Pitts,TE,18.279998626709
2023091700,2258,54723,Samori Toure,WR,12.030002746582
2023091700,2307,54597,Romeo Doubs,WR,22.939999084472703
2023091700,2337,52502,Josiah Deguara,TE,4.589999237060496
2023091700,2395,56024,Dontayvion Wicks,WR,22.570000915527302
2023091700,2859,55915,Jayden Reed,WR,12.449998626708997
2023091700,2911,55915,Jayden Reed,WR,13.129999313354496
2023091700,2941,55915,Jayden Reed,WR,13.749999885559099
2023091700,3163,44931,Mack Hollins,WR,52.2899991607666
2023091700,3232,54473,Drake London,WR,10.370000762939501
2023091700,3328,56024,Dontayvion Wicks,WR,31.810001678466797
2023091700,3373,56220,Malik Heath,WR,13.309998931884802
2023091700,3506,55872,Bijan Robinson,RB,13.700001525878896
2023091700,3585,44931,Mack Hollins,WR,12.720000686645498
2023091700,3781,54473,Drake London,WR,29.200001831054706
2023091700,3843,44931,Mack Hollins,WR,10.450000000000003
2023091700,3873,55872,Bijan Robinson,RB,8.140001525878901
2023091700,4143,55915,Jayden Reed,WR,18.949998626709
2023091700,4189,54597,Romeo Doubs,WR,37.94000244140619
2023091700,4212,54723,Samori Toure,WR,20.370000305175804
2023091701,102,41282,Davante Adams,WR,20.909998626708997
2023091701,339,47807,Josh Jacobs,RB,9.439999618530297
2023091701,415,42489,Stefon Diggs,WR,11.990000000000002
2023091701,487,42489,Stefon Diggs,WR,11.620000305175797
2023091701,512,42489,Stefon Diggs,WR,6.0400002288818015
2023091701,637,42397,Ameer Abdullah,RB,10.009998474121101
2023091701,662,41282,Davante Adams,WR,16.6300004577637
2023091701,757,47879,Dawson Knox,TE,7.9599981689453045
2023091701,782,47879,Dawson Knox,TE,8.460002746582006
2023091701,807,53079,Reggie Gilliam,FB,8.709997253417995
2023091701,832,52536,Gabe Davis,WR,10.090001831054707
2023091701,857,52536,Gabe Davis,WR,24.600001678466796
2023091701,936,42489,Stefon Diggs,WR,9.569996337890593
2023091701,1039,47879,Dawson Knox,TE,16.429999389648003
2023091701,1105,55965,Tre Tucker,WR,46.46000076293951
2023091701,1169,41282,Davante Adams,WR,23.2700033569336
2023091701,1194,47807,Josh Jacobs,RB,10.559996948242201
2023091701,1243,41282,Davante Adams,WR,18.530000915527303
2023091701,1317,42794,DeAndre Carter,WR,19.5099992370605
2023091701,1395,55889,Dalton Kincaid,TE,6.589999694824201
2023091701,1447,54528,James Cook,RB,10.010001220703103
2023091701,1573,41282,Davante Adams,WR,10.679997253417994
2023091701,1697,52536,Gabe Davis,WR,22.560002136230494
2023091701,1727,54528,James Cook,RB,7.079999084472696
2023091701,1752,42489,Stefon Diggs,WR,25.3300030517578
2023091701,1811,54528,James Cook,RB,5.020000305175799
2023091701,1908,52536,Gabe Davis,WR,20.4000009155273
2023091701,1938,55889,Dalton Kincaid,TE,22.449999084472992
2023091701,1961,54613,Khalil Shakir,WR,15.219996643065997
2023091701,2018,47807,Josh Jacobs,RB,11.4600036621094
2023091701,2055,55900,Michael Mayer,TE,10.879997253417997
2023091701,2168,55889,Dalton Kincaid,TE,10.4300015258789
2023091701,2267,42489,Stefon Diggs,WR,12.379996643066406
2023091701,2337,55889,Dalton Kincaid,TE,10.579996337890591
2023091701,2435,40129,Latavius Murray,RB,3.799997253417999
2023091701,2465,52536,Gabe Davis,WR,13.129996643065994
2023091701,2566,43370,Austin Hooper,TE,8.650003356933595
2023091701,2591,43370,Austin Hooper,TE,18.409996948242195
2023091701,2616,47807,Josh Jacobs,RB,10.5699984741211
2023091701,2675,55889,Dalton Kincaid,TE,14.209999084472699
2023091701,2705,40129,Latavius Murray,RB,9.819998779296903
2023091701,2752,55889,Dalton Kincaid,TE,19.8200006103516
2023091701,2777,47879,Dawson Knox,TE,3.0600012207031
2023091701,2953,41282,Davante Adams,WR,12.5500018310547
2023091701,3000,47807,Josh Jacobs,RB,13.3300001525879
2023091701,3025,41282,Davante Adams,WR,22.590003662109403
2023091701,3144,52536,Gabe Davis,WR,11.189997863769506
2023091701,3521,47932,Hunter Renfrow,WR,29.2599981689453
2023091702,55,54604,Isaiah Likely,TE,8.859997558593804
2023091702,134,41238,Odell Beckham,WR,13.649999694824203
2023091702,164,46155,Mark Andrews,TE,13.119998931884801
2023091702,189,46155,Mark Andrews,TE,8.850000610351593
2023091702,336,41238,Odell Beckham,WR,13.3899999237061
2023091702,504,43344,Tyler Boyd,WR,10.9399984741211
2023091702,529,47833,Irv Smith,TE,33.48999832153321
2023091702,584,41238,Odell Beckham,WR,14.279999694824198
2023091702,638,53456,Rashod Bateman,WR,6.660000610351595
2023091702,663,42363,Nelson Agholor,WR,56.530000085830686
2023091702,686,52500,Devin Duvernay,WR,11.760001373291004
2023091702,711,55886,Zay Flowers,WR,35.2899997711182
2023091702,842,47965,Trayveon Williams,RB,1.930001068115196
2023091702,1177,42363,Nelson Agholor,WR,19.349999847412104
2023091702,1228,53456,Rashod Bateman,WR,15.270001678466798
2023091702,1327,53456,Rashod Bateman,WR,12.919996337890595
2023091702,1556,52441,Tee Higgins,WR,10.850001068115198
2023091702,1590,52441,Tee Higgins,WR,13.550001525878898
2023091702,1681,44860,Joe Mixon,RB,2.4299990844726977
2023091702,1706,47965,Trayveon Williams,RB,2.029999389648399
2023091702,1736,53434,Ja'Marr Chase,WR,15.559999542236328
2023091702,1878,42363,Nelson Agholor,WR,15.730001525878897
2023091702,1903,47896,Justice Hill,RB,4.719999542236302
2023091702,1928,46155,Mark Andrews,TE,13.060003051757796
2023091702,1957,42363,Nelson Agholor,WR,22.2200003051758
2023091702,2094,46155,Mark Andrews,TE,15.6999996948242
2023091702,2136,46155,Mark Andrews,TE,12.1200024414062
2023091702,2298,44860,Joe Mixon,RB,8.659998474121096
2023091702,2374,52441,Tee Higgins,WR,15.410000610351595
2023091702,2399,44860,Joe Mixon,RB,2.479999084472702
2023091702,2429,47833,Irv Smith,TE,4.610001373290999
2023091702,2483,52441,Tee Higgins,WR,22.609999618530303
2023091702,2515,55886,Zay Flowers,WR,51.87
2023091702,2599,46155,Mark Andrews,TE,5.909999694824009
2023091702,2663,44860,Joe Mixon,RB,2.820000610351599
2023091702,2718,53434,Ja'Marr Chase,WR,18.8200021362305
2023091702,2792,43344,Tyler Boyd,WR,16.0900003051758
2023091702,2817,52441,Tee Higgins,WR,17.939998626709
2023091702,2842,52441,Tee Higgins,WR,23.700000000000003
2023091702,2900,53434,Ja'Marr Chase,WR,8.5799999237061
2023091702,2981,52441,Tee Higgins,WR,14.350000076293949
2023091702,3189,46155,Mark Andrews,TE,19.5000006103516
2023091702,3246,52500,Devin Duvernay,WR,38.4999996948242
2023091702,3269,42363,Nelson Agholor,WR,14.379998626708996
2023091702,3367,42363,Nelson Agholor,WR,24.099999542236297
2023091702,3483,47833,Irv Smith,TE,12.429999694824197
2023091702,3661,44860,Joe Mixon,RB,5.7800002288818
2023091702,3700,43344,Tyler Boyd,WR,17.739998626709
2023091702,3771,52441,Tee Higgins,WR,13.2000018310547
2023091702,3796,52441,Tee Higgins,WR,15.479999389648398
2023091702,3876,43344,Tyler Boyd,WR,12.539997253417994
2023091702,3901,52441,Tee Higgins,WR,18.70000061035161
2023091702,4016,53434,Ja'Marr Chase,WR,10.749996337890991
2023091703,104,55884,Jaxon Smith-Njigba,WR,11.639997863769509
2023091703,180,54506,Kenneth Walker III,RB,9.489999999999995
2023091703,210,47847,DK Metcalf,WR,22.039999847412105
2023091703,281,46189,Will Dissly,TE,9.420000534057596
2023091703,306,47847,DK Metcalf,WR,20.969999694824196
2023091703,530,55899,Sam LaPorta,TE,12.5500016784668
2023091703,582,55876,Jahmyr Gibbs,RB,10.459998168945297
2023091703,629,44930,Josh Reynolds,WR,23.650003662109405
2023091703,665,44930,Josh Reynolds,WR,23.260000305175993
2023091703,736,55884,Jaxon Smith-Njigba,WR,6.120002746582003
2023091703,913,55899,Sam LaPorta,TE,9.820000534057598
2023091703,980,56084,Antoine Green,WR,6.629997253417997
2023091703,1008,55876,Jahmyr Gibbs,RB,14.019997253417998
2023091703,1062,53541,Amon-Ra St. Brown,WR,16.390001678466803
2023091703,1131,55876,Jahmyr Gibbs,RB,2.750000915527302
2023091703,1183,55899,Sam LaPorta,TE,12.870000610351596
2023091703,1206,42412,Tyler Lockett,WR,14.530000000000001
2023091703,1238,47803,Noah Fant,TE,32.47999664306641
2023091703,1393,53541,Amon-Ra St. Brown,WR,14.599999542236304
2023091703,1496,43584,Kalif Raymond,WR,41.1100003051758
2023091703,1586,42412,Tyler Lockett,WR,12.939999847412103
2023091703,1611,55884,Jaxon Smith-Njigba,WR,17.040000305175802
2023091703,1663,56471,Jake Bobo,WR,9.740000762939502
2023091703,1771,55876,Jahmyr Gibbs,RB,14.940002746581996
2023091703,1865,55917,Zach Charbonnet,RB,9.500001831054703
2023091703,1890,42412,Tyler Lockett,WR,15.810000152587897
2023091703,1961,47803,Noah Fant,TE,12.1199995422363
2023091703,1986,42412,Tyler Lockett,WR,15.880001831054699
2023091703,2062,53541,Amon-Ra St. Brown,WR,42.1699994659424
2023091703,2182,52541,Colby Parkinson,TE,22.070003662109002
2023091703,2268,53541,Amon-Ra St. Brown,WR,29.549998168945294
2023091703,2397,53541,Amon-Ra St. Brown,WR,14.630000762939499
2023091703,2498,55899,Sam LaPorta,TE,8.799999389648399
2023091703,2638,42412,Tyler Lockett,WR,10.730000762939504
2023091703,2754,46189,Will Dissly,TE,13.8899969482422
2023091703,2872,55884,Jaxon Smith-Njigba,WR,12.459997253417995
2023091703,2960,47856,David Montgomery,RB,11.080001220703096
2023091703,3017,55876,Jahmyr Gibbs,RB,11.300000610351603
2023091703,3069,44930,Josh Reynolds,WR,34.439998168945294
2023091703,3135,55917,Zach Charbonnet,RB,8.899999084472697
2023091703,3185,46189,Will Dissly,TE,7.509998626708999
2023091703,3215,55884,Jaxon Smith-Njigba,WR,4.690000762939505
2023091703,3361,42412,Tyler Lockett,WR,18.1999990844727
2023091703,3506,55876,Jahmyr Gibbs,RB,10.409998168945297
2023091703,3544,44930,Josh Reynolds,WR,11.350000762939501
2023091703,3589,55876,Jahmyr Gibbs,RB,12.539999847412105
2023091703,3690,43584,Kalif Raymond,WR,29.8500036621094
2023091703,3733,55899,Sam LaPorta,TE,13.829999847412104
2023091703,3827,55899,Sam LaPorta,TE,15.200000000000003
2023091703,3874,44930,Josh Reynolds,WR,16.339996337890994
2023091703,4077,44930,Josh Reynolds,WR,18.21000152587891
2023091703,4124,55876,Jahmyr Gibbs,RB,8.429999084472698
2023091703,4149,53541,Amon-Ra St. Brown,WR,11.9899990844727
2023091703,4179,55876,Jahmyr Gibbs,RB,10.980002746582002
2023091703,4278,47803,Noah Fant,TE,19.239997253417997
2023091703,4326,47803,Noah Fant,TE,10.980002136230496
2023091703,4351,47847,DK Metcalf,WR,23.979998474121096
2023091703,4401,52541,Colby Parkinson,TE,19.829998321533203
2023091703,4448,47847,DK Metcalf,WR,12.170000038147
2023091703,4478,42412,Tyler Lockett,WR,13.9500000762939
2023091704,60,52442,Michael Pittman,WR,10.860002136230491
2023091704,137,53556,Kylen Granson,TE,12.310000457763707
2023091704,206,55944,Josh Downs,WR,8.7300010681152
2023091704,368,55934,Tank Dell,WR,9.479999847412099
2023091704,565,53518,Nico Collins,WR,19.609999694824197
2023091704,591,55934,Tank Dell,WR,11.310000915527297
2023091704,683,39989,Robert Woods,WR,21.860001220703097
2023091704,706,39989,Robert Woods,WR,12.419999694824199
2023091704,822,53518,Nico Collins,WR,23.62000305175799
2023091704,926,53556,Kylen Granson,TE,19.000001220703098
2023091704,1127,52442,Michael Pittman,WR,17.639998931884804
2023091704,1309,46206,Dalton Schultz,TE,15.230000457763694
2023091704,1332,55934,Tank Dell,WR,12.419998779296904
2023091704,1381,54518,Alec Pierce,WR,10.8399984741211
2023091704,1481,56027,Will Mallory,TE,27.280000610351607
2023091704,1584,53518,Nico Collins,WR,27.9499981689453
2023091704,1609,55934,Tank Dell,WR,11.179998321533205
2023091704,1738,39989,Robert Woods,WR,25.750000457763697
2023091704,1807,46206,Dalton Schultz,TE,29.17999999523163
2023091704,2004,52442,Michael Pittman,WR,12.3400018310547
2023091704,2036,52494,Zack Moss,RB,9.2800021362305
2023091704,2084,56027,Will Mallory,TE,14.229996337890597
2023091704,2109,52442,Michael Pittman,WR,15.639998168945297
2023091704,2157,52494,Zack Moss,RB,11.099998474121094
2023091704,2182,55944,Josh Downs,WR,14.100001525878909
2023091704,2214,53556,Kylen Granson,TE,11.579999999999998
2023091704,2396,55934,Tank Dell,WR,13.9100004577637
2023091704,2421,53518,Nico Collins,WR,25.4399995422363
2023091704,2490,55934,Tank Dell,WR,6.6199990844726955
2023091704,2742,54518,Alec Pierce,WR,25.459999694824198
2023091704,2767,52442,Michael Pittman,WR,10.099999542236297
2023091704,2792,52442,Michael Pittman,WR,10.149999084472697
2023091704,2817,52442,Michael Pittman,WR,35.8399999237061
2023091704,2857,55944,Josh Downs,WR,11.079999237060498
2023091704,2880,55944,Josh Downs,WR,10.090000915527298
2023091704,3010,46206,Dalton Schultz,TE,7.4700001525879
2023091704,3079,39989,Robert Woods,WR,12.8499984741211
2023091704,3104,46206,Dalton Schultz,TE,12.830001068115202
2023091704,3134,53518,Nico Collins,WR,25.680000610351605
2023091704,3164,55934,Tank Dell,WR,21.20000030517579
2023091704,3200,54572,Dameon Pierce,RB,12.079999999999998
2023091704,3455,52442,Michael Pittman,WR,9.749999389648401
2023091704,3571,39989,Robert Woods,WR,22.810000152587897
2023091704,3619,53576,Brevin Jordan,TE,22.0500009155273
2023091704,3644,55934,Tank Dell,WR,20.050000839233398
2023091704,3791,52494,Zack Moss,RB,9.5600012207031
2023091704,3895,46206,Dalton Schultz,TE,13.289998168945303
2023091704,3920,39989,Robert Woods,WR,13.129999999999995
2023091704,3991,53518,Nico Collins,WR,11.3199963378906
2023091704,4016,46206,Dalton Schultz,TE,15.2900001525879
2023091704,4041,46206,Dalton Schultz,TE,10.599999771118199
2023091704,4086,55934,Tank Dell,WR,26.8499991607666
2023091704,4277,53518,Nico Collins,WR,15.520002441406191
2023091704,4302,47857,Devin Singletary,RB,11.150003662109398
2023091704,4327,56070,Xavier Hutchinson,WR,18.619997253417992
2023091704,4350,39989,Robert Woods,WR,11.959996337890601
2023091704,4375,53576,Brevin Jordan,TE,15.310003356933592
2023091704,4457,54509,John Metchie III,WR,20.519999389648397
2023091705,103,46095,Calvin Ridley,WR,8.819999389648402
2023091705,175,46095,Calvin Ridley,WR,14.039998168945296
2023091705,267,46243,Marquez Valdes-Scantling,WR,12.780002441406197
2023091705,292,42377,Donovan Smith,T,5.840000915527298
2023091705,391,44849,Zay Jones,WR,14.569998321533202
2023091705,480,46095,Calvin Ridley,WR,11.859998626709
2023091705,531,46213,Justin Watson,WR,21.9600021362305
2023091705,561,54519,Skyy Moore,WR,9.100002746582007
2023091705,586,53449,Kadarius Toney,WR,7.050001525878912
2023091705,641,40011,Travis Kelce,TE,15.54000122070309
2023091705,701,46243,Marquez Valdes-Scantling,WR,11.810000915527304
2023091705,785,41325,Jerick McKinnon,RB,9.250000305175796
2023091705,859,47605,D'Ernest Johnson,RB,11.3999992370605
2023091705,906,44835,Evan Engram,TE,10.059999999999999
2023091705,997,44835,Evan Engram,TE,14.469998168945299
2023091705,1027,46116,Christian Kirk,WR,7.9699993896484
2023091705,1174,44849,Zay Jones,WR,32.34999998569489
2023091705,1240,54519,Skyy Moore,WR,24.7700009155273
2023091705,1285,55920,Rashee Rice,WR,11.169998931884798
2023091705,1332,46213,Justin Watson,WR,16.060000762939502
2023091705,1530,46213,Justin Watson,WR,52.780003051757795
2023091705,1657,46116,Christian Kirk,WR,11.120002136230497
2023091705,1680,44978,Jamal Agnew,WR,8.110000915527294
2023091705,1908,46243,Marquez Valdes-Scantling,WR,9.750000305175803
2023091705,1933,53591,Noah Gray,TE,6.750001220703098
2023091705,1958,52440,Clyde Edwards-Helaire,RB,4.720003662109406
2023091705,1995,40011,Travis Kelce,TE,5.550001831054701
2023091705,2020,53591,Noah Gray,TE,15.630000305175798
2023091705,2045,54519,Skyy Moore,WR,14.279997253418003
2023091705,2132,46116,Christian Kirk,WR,11.630002746582008
2023091705,2157,46095,Calvin Ridley,WR,31.680000305175803
2023091705,2200,46116,Christian Kirk,WR,11.380000305175805
2023091705,2230,53454,Travis Etienne,RB,7.869999389648399
2023091705,2380,40011,Travis Kelce,TE,12.389998168945297
2023091705,2403,46213,Justin Watson,WR,38.54999664306641
2023091705,2450,40011,Travis Kelce,TE,9.21999969482421
2023091705,2480,40011,Travis Kelce,TE,16.790001831054994
2023091705,2611,46116,Christian Kirk,WR,8.259998168945302
2023091705,2636,46116,Christian Kirk,WR,15.21999969482421
2023091705,2722,53591,Noah Gray,TE,3.0800001525878997
2023091705,2780,54716,Isiah Pacheco,RB,13.260000381469702
2023091705,2873,41325,Jerick McKinnon,RB,6.349999694824202
2023091705,2953,44849,Zay Jones,WR,20.0800016784668
2023091705,3097,40011,Travis Kelce,TE,13.209999160766602
2023091705,3296,44849,Zay Jones,WR,26.270002441405992
2023091705,3477,46213,Justin Watson,WR,21.059998474121087
2023091705,3578,46309,Richie James,WR,10.359999084472697
2023091705,3601,41325,Jerick McKinnon,RB,4.560001373291001
2023091705,3670,55920,Rashee Rice,WR,11.1500006103516
2023091705,3695,40011,Travis Kelce,TE,19.230000267028814
2023091705,3789,40011,Travis Kelce,TE,16.090000381469704
2023091705,3867,44849,Zay Jones,WR,49.850003051757795
2023091705,3890,46116,Christian Kirk,WR,11.469998168945299
2023091705,3928,46116,Christian Kirk,WR,12.780001525878902
2023091705,4032,44835,Evan Engram,TE,3.6300021362305017
2023091705,4064,44835,Evan Engram,TE,9.650002136230498
2023091705,4117,46095,Calvin Ridley,WR,8.240003356933599
2023091705,4350,54519,Skyy Moore,WR,27.850001373291008
2023091706,77,41233,Mike Evans,WR,14.950000915527301
2023091706,100,44896,Chris Godwin Jr.,WR,19.8900010681152
2023091706,237,41233,Mike Evans,WR,27.760002136230497
2023091706,329,44896,Chris Godwin Jr.,WR,14.999999694824012
2023091706,397,46093,DJ Moore,WR,26.7399990844727
2023091706,427,45635,Robert Tonyan,TE,13.480001373291003
2023091706,472,46093,DJ Moore,WR,14.609999694824197
2023091706,676,44896,Chris Godwin Jr.,WR,22.209996643066404
2023091706,726,54571,Cade Otton,TE,12.130001831054699
2023091706,844,56056,Trey Palmer,WR,30.940000343322748
2023091706,1028,41233,Mike Evans,WR,27.0199990844727
2023091706,1087,54556,Rachaad White,RB,9.3899995422363
2023091706,1173,52457,Chase Claypool,WR,21.2299990844727
2023091706,1361,54571,Cade Otton,TE,12.469998168945295
2023091706,1433,52457,Chase Claypool,WR,9.690001220703095
2023091706,1514,52451,Cole Kmet,TE,30.440001525878905
2023091706,1537,52451,Cole Kmet,TE,10.000000610351606
2023091706,1562,52451,Cole Kmet,TE,16.2599978637695
2023091706,1703,54571,Cade Otton,TE,11.25999847412109
2023091706,1750,54556,Rachaad White,RB,8.479997863769498
2023091706,1797,41233,Mike Evans,WR,10.419999084472693
2023091706,1829,41233,Mike Evans,WR,16.849998626708995
2023091706,1852,56056,Trey Palmer,WR,19.570000305175803
2023091706,1882,44896,Chris Godwin Jr.,WR,37.03999996185303
2023091706,2321,41233,Mike Evans,WR,17.0600009155273
2023091706,2395,46759,David Wells,TE,7.229998474121096
2023091706,2465,54571,Cade Otton,TE,6.980000915527299
2023091706,2517,56541,Rakim Jarrett,WR,11.459996643066404
2023091706,2542,46759,David Wells,TE,9.250000610351606
2023091706,2583,41233,Mike Evans,WR,38.969998474121
2023091706,2669,46093,DJ Moore,WR,9.289998474121091
2023091706,2719,45635,Robert Tonyan,TE,29.4199981689453
2023091706,2893,52457,Chase Claypool,WR,16.939998931884794
2023091706,2962,54571,Cade Otton,TE,3.9400006103516
2023091706,3033,54571,Cade Otton,TE,8.90999633789059
2023091706,3129,52451,Cole Kmet,TE,17.4699992370605
2023091706,3241,54556,Rachaad White,RB,8.140002441406196
2023091706,3266,41233,Mike Evans,WR,7.790003662109399
2023091706,3311,52451,Cole Kmet,TE,14.1500009155273
2023091706,3422,52457,Chase Claypool,WR,10.7099984741211
2023091706,3447,46093,DJ Moore,WR,29.5200003051758
2023091706,3475,46093,DJ Moore,WR,16.42
2023091706,3512,52457,Chase Claypool,WR,31.139999694824
2023091706,3751,44896,Chris Godwin Jr.,WR,15.110001525878893
2023091706,3929,55980,Roschon Johnson,RB,8.2100003051758
2023091706,3981,52457,Chase Claypool,WR,19.019998474121103
2023091707,55,52520,Joshua Kelley,RB,10.440001831054701
2023091707,90,55885,Quentin Johnston,WR,14.76999938964839
2023091707,172,53074,Nick Westbrook-Ikhine,WR,11.149998168945299
2023091707,418,40024,Keenan Allen,WR,12.729999694824194
2023091707,470,40024,Keenan Allen,WR,9.6299989318848
2023091707,500,44819,Mike Williams,WR,1.2699983215332011
2023091707,547,44819,Mike Williams,WR,9.880000152587897
2023091707,577,40024,Keenan Allen,WR,14.8700002288818
2023091707,750,39973,DeAndre Hopkins,WR,12.0300006103516
2023091707,824,44819,Mike Williams,WR,13.2699975585938
2023091707,925,44819,Mike Williams,WR,51.790002441405996
2023091707,948,53506,Josh Palmer,WR,11.390000305175796
2023091707,1022,43334,Derrick Henry,RB,5.7899978637695
2023091707,1093,56582,Elijah Dotson,RB,7.909999542236299
2023091707,1234,44856,Gerald Everett,TE,10.420000915527297
2023091707,1259,53506,Josh Palmer,WR,24.439998168944996
2023091707,1347,40024,Keenan Allen,WR,24.629997558594
2023091707,1413,54483,Treylon Burks,WR,59.78999862670899
2023091707,1576,40024,Keenan Allen,WR,43.8899978637695
2023091707,1646,55885,Quentin Johnston,WR,20.960002746582006
2023091707,1739,54483,Treylon Burks,WR,10.280001068115205
2023091707,1808,53074,Nick Westbrook-Ikhine,WR,13.130000152587897
2023091707,1891,54483,Treylon Burks,WR,10.539999923706102
2023091707,2041,39973,DeAndre Hopkins,WR,12.619999847412103
2023091707,2066,54608,Chig Okonkwo,TE,13.539998626709
2023091707,2216,54483,Treylon Burks,WR,30.519999389647992
2023091707,2334,44819,Mike Williams,WR,12.700002136230495
2023091707,2498,54608,Chig Okonkwo,TE,13.9000004577637
2023091707,2523,43334,Derrick Henry,RB,8.070001220703098
2023091707,2592,39973,DeAndre Hopkins,WR,6.920001220703099
2023091707,2617,47904,Trevon Wesco,TE,11.7400006103516
2023091707,2678,40024,Keenan Allen,WR,12.4299963378906
2023091707,2745,44819,Mike Williams,WR,17.849999999999994
2023091707,2792,55061,Stone Smartt,TE,26.120000000000005
2023091707,2817,44856,Gerald Everett,TE,19.679999847412105
2023091707,2878,40024,Keenan Allen,WR,15.720003662109008
2023091707,3010,54608,Chig Okonkwo,TE,12.00000335693359
2023091707,3091,56582,Elijah Dotson,RB,6.400001373291005
2023091707,3185,55946,Tyjae Spears,RB,9.739997863769503
2023091707,3324,44856,Gerald Everett,TE,10.729999999999997
2023091707,3376,44819,Mike Williams,WR,13.430002746582005
2023091707,3399,40024,Keenan Allen,WR,23.180000305175795
2023091707,3520,39973,DeAndre Hopkins,WR,21.1399994659424
2023091707,3600,53074,Nick Westbrook-Ikhine,WR,8.569999885559099
2023091707,3707,48456,Donald Parham,TE,11.3999978637695
2023091707,3782,40024,Keenan Allen,WR,12.859996948242198
2023091707,3807,48456,Donald Parham,TE,37.45000366210901
2023091707,3830,40024,Keenan Allen,WR,16.3600030517578
2023091707,3855,53506,Josh Palmer,WR,9.9100003051758
2023091707,3880,53506,Josh Palmer,WR,8.670001220703
2023091707,4001,44819,Mike Williams,WR,29.360000610351598
2023091708,94,39983,Zach Ertz,TE,7.610001678466794
2023091708,119,47808,Marquise Brown,WR,15.809998779296905
2023091708,166,39983,Zach Ertz,TE,41.81000366210901
2023091708,189,47808,Marquise Brown,WR,15.250000915527295
2023091708,264,52615,Isaiah Hodgins,WR,10.909999389648391
2023091708,289,46071,Saquon Barkley,RB,6.010000762939505
2023091708,319,47954,Darius Slayton,WR,12.950000610351601
2023091708,402,39983,Zach Ertz,TE,9.110000305175802
2023091708,449,47808,Marquise Brown,WR,23.1099969482422
2023091708,494,55959,Michael Wilson,WR,28.869996643066408
2023091708,570,47808,Marquise Brown,WR,12.799996337890988
2023091708,678,52615,Isaiah Hodgins,WR,8.7699975585938
2023091708,792,54520,Trey McBride,TE,24.889998321533202
2023091708,846,39983,Zach Ertz,TE,21.1499987792969
2023091708,916,53478,Rondale Moore,WR,24.839996337890597
2023091708,1110,42547,Darren Waller,TE,13.439998931884801
2023091708,1168,46071,Saquon Barkley,RB,6.750000457763701
2023091708,1325,47808,Marquise Brown,WR,17.760001373291004
2023091708,1436,56395,Emari Demercado,RB,5.619999847412103
2023091708,1582,47954,Darius Slayton,WR,45.980003662109404
2023091708,1628,42547,Darren Waller,TE,19.0000015258789
2023091708,1675,46071,Saquon Barkley,RB,10.880000915527305
2023091708,1727,46071,Saquon Barkley,RB,11.200002441406198
2023091708,1759,39983,Zach Ertz,TE,10.419999542236297
2023091708,1864,47808,Marquise Brown,WR,11.389998626709001
2023091708,1968,47842,Parris Campbell,WR,9.930001220703097
2023091708,1993,46071,Saquon Barkley,RB,3.6600010681152
2023091708,2018,52615,Isaiah Hodgins,WR,10.96
2023091708,2043,47842,Parris Campbell,WR,19.659996337890597
2023091708,2139,55938,Jalin Hyatt,WR,48.80999984741211
2023091708,2164,42547,Darren Waller,TE,4.7299995422363
2023091708,2300,45102,Zach Pascal,WR,4.680001373290999
2023091708,2456,47808,Marquise Brown,WR,8.270001220702994
2023091708,2522,42547,Darren Waller,TE,13.309998779296905
2023091708,2572,47954,Darius Slayton,WR,22.660000610351595
2023091708,2698,43329,Sterling Shepard,WR,10.899999237060502
2023091708,2766,52615,Isaiah Hodgins,WR,17.93999979019165
2023091708,2886,39983,Zach Ertz,TE,17.2799984741211
2023091708,2933,54520,Trey McBride,TE,12.479999084472702
2023091708,2999,55959,Michael Wilson,WR,27.439996948242204
2023091708,3082,47808,Marquise Brown,WR,11.1499987792969
2023091708,3128,47808,Marquise Brown,WR,45.1799997711182
2023091708,3169,47954,Darius Slayton,WR,22.179999847412102
2023091708,3206,42547,Darren Waller,TE,25.819998626709
2023091708,3231,47954,Darius Slayton,WR,45.279997558594005
2023091708,3310,42547,Darren Waller,TE,11.9500012207031
2023091708,3384,47842,Parris Campbell,WR,13.069998474120993
2023091708,3512,46071,Saquon Barkley,RB,9.239996948242009
2023091708,3665,56395,Emari Demercado,RB,6.490001831054698
2023091708,3755,55938,Jalin Hyatt,WR,38.70999847412109
2023091708,3780,47842,Parris Campbell,WR,4.7699984741210955
2023091708,3805,42547,Darren Waller,TE,12.87999938964839
2023091708,3886,52615,Isaiah Hodgins,WR,22.61999664306599
2023091708,4048,39983,Zach Ertz,TE,11.239997253417997
2023091708,4093,46071,Saquon Barkley,RB,8.380001373291002
2023091708,4145,47954,Darius Slayton,WR,23.029996337890594
2023091708,4341,55959,Michael Wilson,WR,14.289996948242205
2023091709,77,44959,George Kittle,TE,11.1600018310547
2023091709,102,44820,Christian McCaffrey,RB,11.809996948242201
2023091709,171,52433,Brandon Aiyuk,WR,17.06000167846679
2023091709,243,52433,Brandon Aiyuk,WR,16.7799996948242
2023091709,386,56042,Puka Nacua,WR,10.579999694824199
2023091709,438,53486,Tutu Atwell,WR,17.280001068115197
2023091709,468,53486,Tutu Atwell,WR,24.599997863769502
2023091709,493,56042,Puka Nacua,WR,1.4799996948242011
2023091709,583,54629,Kyren Williams,RB,8.819997558593812
2023091709,718,47819,Deebo Samuel Sr.,WR,11.439997558593802
2023091709,841,52433,Brandon Aiyuk,WR,11.380000305175997
2023091709,975,56042,Puka Nacua,WR,13.300002136230503
2023091709,998,43399,Tyler Higbee,TE,14.6000021362305
2023091709,1028,56042,Puka Nacua,WR,10.6200003051758
2023091709,1058,54629,Kyren Williams,RB,8.109998626709
2023091709,1083,56042,Puka Nacua,WR,9.150001373291005
2023091709,1228,44959,George Kittle,TE,13.330001373291001
2023091709,1302,52433,Brandon Aiyuk,WR,38.930000305175795
2023091709,1403,56042,Puka Nacua,WR,11.549999999999997
2023091709,1462,53486,Tutu Atwell,WR,19.569996643066403
2023091709,1524,53486,Tutu Atwell,WR,24.839998474121096
2023091709,1581,56042,Puka Nacua,WR,18.4499996948242
2023091709,1808,44820,Christian McCaffrey,RB,2.4100018310547
2023091709,1860,52625,Jauan Jennings,WR,23.029998779296903
2023091709,1885,52433,Brandon Aiyuk,WR,13.980001831054707
2023091709,2085,56042,Puka Nacua,WR,10.370003051757791
2023091709,2159,53486,Tutu Atwell,WR,17.85999664306641
2023091709,2189,43399,Tyler Higbee,TE,5.599998779296897
2023091709,2244,54629,Kyren Williams,RB,10.860000915527294
2023091709,2391,52625,Jauan Jennings,WR,28.080001068115198
2023091709,2440,53486,Tutu Atwell,WR,10.950001831054706
2023091709,2477,54629,Kyren Williams,RB,13.189999694824209
2023091709,2534,56042,Puka Nacua,WR,16.439999847412103
2023091709,2617,55145,Ronnie Rivers,RB,5.210001373291
2023091709,2642,54629,Kyren Williams,RB,14.690001220703095
2023091709,2676,52433,Brandon Aiyuk,WR,22.800001220703095
2023091709,2708,44959,George Kittle,TE,12.470000305175802
2023091709,2785,47819,Deebo Samuel Sr.,WR,45.799996948242004
2023091709,2854,53486,Tutu Atwell,WR,33.2300015258789
2023091709,2877,56042,Puka Nacua,WR,17.23000061035161
2023091709,2993,47819,Deebo Samuel Sr.,WR,24.159998474121096
2023091709,3018,52625,Jauan Jennings,WR,33.5800006103516
2023091709,3182,56042,Puka Nacua,WR,12.839999237060496
2023091709,3207,56042,Puka Nacua,WR,12.4000001525879
2023091709,3232,43399,Tyler Higbee,TE,10.009998931884802
2023091709,3255,56042,Puka Nacua,WR,18.339997863769504
2023091709,3278,56042,Puka Nacua,WR,11.789998779296901
2023091709,3303,53486,Tutu Atwell,WR,11.159999694824208
2023091709,3326,53678,Ben Skowronek,WR,9.140003051757802
2023091709,3390,43399,Tyler Higbee,TE,9.370002136230497
2023091709,3480,54629,Kyren Williams,RB,11.730000000000004
2023091709,3503,52465,Van Jefferson,WR,18.459997558593813
2023091709,3640,47819,Deebo Samuel Sr.,WR,9.579997558593803
2023091709,3736,52465,Van Jefferson,WR,18.539998931884803
2023091709,3812,47819,Deebo Samuel Sr.,WR,11.4399999237061
2023091709,3889,43399,Tyler Higbee,TE,15.399999694824196
2023091709,3944,56042,Puka Nacua,WR,12.089998321533201
2023091709,4189,43399,Tyler Higbee,TE,12.149998779296904
2023091709,4212,56042,Puka Nacua,WR,10.830000610351597
2023091709,4269,52465,Van Jefferson,WR,17.3599992370605
2023091709,4294,56042,Puka Nacua,WR,21.539999389648393
2023091709,4317,53486,Tutu Atwell,WR,11.4200012207031
2023091709,4342,52465,Van Jefferson,WR,51.949997253418
2023091709,4372,54629,Kyren Williams,RB,7.290001068115195
2023091709,4397,56042,Puka Nacua,WR,15.159998168945293
2023091710,100,47911,Tony Pollard,RB,5.239999389648403
2023091710,172,52425,CeeDee Lamb,WR,29.020002136230495
2023091710,230,47911,Tony Pollard,RB,9.959996643066404
2023091710,321,54594,Jake Ferguson,TE,8.549998474120997
2023091710,402,46705,Allen Lazard,WR,16.51999938964839
2023091710,467,52425,CeeDee Lamb,WR,10.3099998474121
2023091710,521,56077,Deuce Vaughn,RB,8.669998931884798
2023091710,689,54475,Garrett Wilson,WR,16.590002136230495
2023091710,805,52425,CeeDee Lamb,WR,14.890000076293898
2023091710,921,52425,CeeDee Lamb,WR,10.390001678466803
2023091710,973,54553,Jalen Tolbert,WR,10.480001678466799
2023091710,1020,47911,Tony Pollard,RB,3.630001220703093
2023091710,1067,54553,Jalen Tolbert,WR,15.669999694824199
2023091710,1137,46150,Michael Gallup,WR,10.1400003051758
2023091710,1250,37139,Randall Cobb,WR,21.649998168945295
2023091710,1322,46150,Michael Gallup,WR,21.999997558593805
2023091710,1345,54553,Jalen Tolbert,WR,50.380000610351594
2023091710,1394,54475,Garrett Wilson,WR,19.290001831054703
2023091710,1460,56077,Deuce Vaughn,RB,6.62999938964839
2023091710,1485,52425,CeeDee Lamb,WR,26.249998168945297
2023091710,1510,52425,CeeDee Lamb,WR,6.3999969482422046
2023091710,1538,52425,CeeDee Lamb,WR,7.8799996948242
2023091710,1561,53117,KaVontae Turpin,WR,11.440000762939498
2023091710,1678,47911,Tony Pollard,RB,7.050000534057599
2023091710,1820,55923,Luke Schoonmaker,TE,11.09000045776367
2023091710,1899,46226,Tyler Conklin,TE,9.8999990844727
2023091710,1924,53536,Michael Carter,RB,11.179999389648401
2023091710,1949,46226,Tyler Conklin,TE,11.920000152587896
2023091710,2266,54501,Breece Hall,RB,7.650003051757793
2023091710,2452,52425,CeeDee Lamb,WR,24.7099978637695
2023091710,2627,54594,Jake Ferguson,TE,18.889996643066
2023091710,2686,46705,Allen Lazard,WR,18.5900009155273
2023091710,2822,52425,CeeDee Lamb,WR,5.070000915527302
2023091710,2849,47911,Tony Pollard,RB,9.309999084472693
2023091710,2958,46226,Tyler Conklin,TE,10.650001525878906
2023091710,3029,47911,Tony Pollard,RB,10.750000915527302
2023091710,3145,47911,Tony Pollard,RB,8.810000915527304
2023091710,3223,52425,CeeDee Lamb,WR,19.780000762939498
2023091710,3299,47911,Tony Pollard,RB,9.1699994659424
2023091710,3372,54475,Garrett Wilson,WR,18.7899995422363
2023091710,3425,54475,Garrett Wilson,WR,15.2900015258789
2023091710,3659,54475,Garrett Wilson,WR,33.1300010681152
2023091710,3682,47839,Mecole Hardman,WR,12.760000000000002
2023091710,3707,46705,Allen Lazard,WR,42.36999664306641
2023091710,3815,46226,Tyler Conklin,TE,12.639999542236296
2023091710,3860,54475,Garrett Wilson,WR,49.4600036621094
2023091710,3973,46226,Tyler Conklin,TE,11.900000305175801
2023091710,4021,46705,Allen Lazard,WR,41.3499981689453
2023091710,4044,44853,Dalvin Cook,RB,2.7099993896484023
2023091710,4103,53536,Michael Carter,RB,11.430001831054703
2023091710,4152,54594,Jake Ferguson,TE,8.310000305175805
2023091711,102,54481,Jahan Dotson,WR,24.660001373291003
2023091711,182,53553,John Bates,TE,10.959997253417995
2023091711,271,52423,Jerry Jeudy,WR,12.469999389648393
2023091711,504,53511,Dyami Brown,WR,12.350001068115198
2023091711,551,53511,Dyami Brown,WR,14.519998626708997
2023091711,622,47859,Terry McLaurin,WR,9.940001525878905
2023091711,675,41349,Logan Thomas,TE,20.8599987792969
2023091711,720,54481,Jahan Dotson,WR,11.329997863769506
2023091711,750,54481,Jahan Dotson,WR,18.21999969482421
2023091711,855,55928,Marvin Mims Jr.,WR,52.5700002288818
2023091711,1031,48541,Lil'Jordan Humphrey,WR,29.799998321533202
2023091711,1082,55928,Marvin Mims Jr.,WR,50.4599987792969
2023091711,1232,54967,Brandon Johnson,WR,11.190002746581996
2023091711,1363,47859,Terry McLaurin,WR,20.8300030517578
2023091711,1577,47859,Terry McLaurin,WR,17.389998474121107
2023091711,1680,53553,John Bates,TE,10.780000076293899
2023091711,1784,41349,Logan Thomas,TE,5.9599995803833
2023091711,1807,41349,Logan Thomas,TE,14.3999998664856
2023091711,1960,52423,Jerry Jeudy,WR,10.620000000000001
2023091711,2035,44852,Curtis Samuel,WR,19.879998168945292
2023091711,2060,44852,Curtis Samuel,WR,10.720002746581997
2023091711,2118,52474,Antonio Gibson,RB,10.900003051757793
2023091711,2150,53553,John Bates,TE,35.770001525878904
2023091711,2456,53553,John Bates,TE,9.0600004577637
2023091711,2539,47859,Terry McLaurin,WR,39.879996643065994
2023091711,2647,52423,Jerry Jeudy,WR,31.669998779296904
2023091711,2693,46109,Courtland Sutton,WR,16.81999877929691
2023091711,2863,52474,Antonio Gibson,RB,9.609997558593804
2023091711,2939,44927,Samaje Perine,RB,5.209999542236304
2023091711,2998,46109,Courtland Sutton,WR,9.190001831054701
2023091711,3023,44927,Samaje Perine,RB,4.850000762939501
2023091711,3073,46109,Courtland Sutton,WR,7.0500002288818
2023091711,3211,47859,Terry McLaurin,WR,12.089999465942402
2023091711,3369,54614,Cole Turner,TE,13.430000915527302
2023091711,3511,53464,Javonte Williams,RB,18.999999694824197
2023091711,3747,46522,Byron Pringle,WR,10.3000010681152
2023091711,3794,53511,Dyami Brown,WR,11.780000000000001
2023091711,3873,53464,Javonte Williams,RB,7.490000305175801
2023091711,3920,46109,Courtland Sutton,WR,10.0499995422363
2023091711,3943,46109,Courtland Sutton,WR,20.829998626709
2023091711,4035,53464,Javonte Williams,RB,4.900001220703103
2023091711,4071,48541,Lil'Jordan Humphrey,WR,8.8999978637695
2023091711,4096,44927,Samaje Perine,RB,6.339997558594007
2023091711,4219,52513,Adam Trautman,TE,7.54000061035201
2023091711,4471,46109,Courtland Sutton,WR,22.1600002288818
2023091711,4501,54967,Brandon Johnson,WR,11.380000762939503
2023091711,4524,52423,Jerry Jeudy,WR,13.830000305175801
2023091711,4592,46109,Courtland Sutton,WR,22.0100018310547
2023091711,4627,54967,Brandon Johnson,WR,55.099997253417996
2023091712,56,46111,Mike Gesicki,TE,10.809998474121087
2023091712,81,42357,DeVante Parker,WR,0.05999969482419942
2023091712,318,46279,Braxton Berrios,WR,10.760000000000002
2023091712,343,53435,Jaylen Waddle,WR,10.660000915527299
2023091712,420,42718,Raheem Mostert,RB,5.839999694824201
2023091712,445,43454,Tyreek Hill,WR,11.430002746582005
2023091712,643,45185,Kendrick Bourne,WR,11.7400006103516
2023091712,683,42357,DeVante Parker,WR,16.429996948242206
2023091712,719,43324,Hunter Henry,TE,15.080001220703096
2023091712,788,45185,Kendrick Bourne,WR,39.8400006866455
2023091712,811,56075,DeMario Douglas,WR,10.939999847412103
2023091712,894,46279,Braxton Berrios,WR,19.28999847412109
2023091712,922,43454,Tyreek Hill,WR,15.719999389648393
2023091712,991,53435,Jaylen Waddle,WR,16.620000457763695
2023091712,1245,44874,JuJu Smith-Schuster,WR,13.540001831054703
2023091712,1304,45185,Kendrick Bourne,WR,44.860003662109406
2023091712,1493,43454,Tyreek Hill,WR,15.210002746582006
2023091712,1579,46111,Mike Gesicki,TE,8.079998321533203
2023091712,1639,43324,Hunter Henry,TE,10.409999847412102
2023091712,1712,42357,DeVante Parker,WR,10.649999999999999
2023091712,1848,42357,DeVante Parker,WR,18.0699963378906
2023091712,1921,52922,Salvon Ahmed,RB,3.6799972534179943
2023091712,1946,52922,Salvon Ahmed,RB,6.719997558593803
2023091712,2003,45900,River Cracraft,WR,17.069999237060493
2023091712,2028,46192,Durham Smythe,TE,10.820000610351599
2023091712,2053,45900,River Cracraft,WR,11.969998779296901
2023091712,2078,46279,Braxton Berrios,WR,22.369999847412103
2023091712,2184,43454,Tyreek Hill,WR,8.620000076293898
2023091712,2480,42357,DeVante Parker,WR,1.0599993896484037
2023091712,2579,46192,Durham Smythe,TE,10.4599993133545
2023091712,2611,43454,Tyreek Hill,WR,9.7199990844727
2023091712,2685,43454,Tyreek Hill,WR,11.320001068115197
2023091712,2732,53435,Jaylen Waddle,WR,29.279997558593806
2023091712,2828,55949,De'Von Achane,RB,10.689997253418
2023091712,2853,54590,Erik Ezukanma,WR,9.729999694824201
2023091712,2935,45185,Kendrick Bourne,WR,25.5500016784668
2023091712,3011,45185,Kendrick Bourne,WR,12.600001373291
2023091712,3163,53435,Jaylen Waddle,WR,11.780000610351602
2023091712,3215,43454,Tyreek Hill,WR,26.279998321533203
2023091712,3306,43324,Hunter Henry,TE,17.64999664306641
2023091712,3331,44874,JuJu Smith-Schuster,WR,18.089999694824208
2023091712,3479,43324,Hunter Henry,TE,14.000003051758
2023091712,3576,46192,Durham Smythe,TE,11.2299981689453
2023091712,3606,43454,Tyreek Hill,WR,47.3300006866455
2023091712,3844,46111,Mike Gesicki,TE,9.549998474121104
2023091712,3903,53549,Rhamondre Stevenson,RB,7.150001220703096
2023091712,3928,45185,Kendrick Bourne,WR,55.93999786377
2023091712,3951,42357,DeVante Parker,WR,20.930000305175795
2023091712,3976,43324,Hunter Henry,TE,15.090001525878904
2023091712,4055,44874,JuJu Smith-Schuster,WR,17.409999999999997
2023091712,4328,45185,Kendrick Bourne,WR,10.4100004577637
2023091712,4353,45185,Kendrick Bourne,WR,12.319999542236303
2023091712,4405,43324,Hunter Henry,TE,18.24000152587891
2023091712,4428,46111,Mike Gesicki,TE,21.980002746582002
2023091712,4453,46111,Mike Gesicki,TE,12.249996337890593
2023091800,101,43336,Michael Thomas,WR,10.109996337890593
2023091800,148,54476,Chris Olave,WR,25.640001831054704
2023091800,429,40488,Adam Thielen,WR,17.529997253417996
2023091800,523,46542,Keith Kirkwood,WR,17.109998168945296
2023091800,646,43336,Michael Thomas,WR,10.990003662109402
2023091800,720,54476,Chris Olave,WR,4.290000152587901
2023091800,743,54476,Chris Olave,WR,10.309998474121102
2023091800,790,47920,Foster Moreau,TE,10.359998931884803
2023091800,837,43336,Michael Thomas,WR,9.3099990844727
2023091800,881,47920,Foster Moreau,TE,8.279999694824202
2023091800,1027,40488,Adam Thielen,WR,11.2999999237061
2023091800,1072,47836,Miles Sanders,RB,7.690002441406193
2023091800,1102,40488,Adam Thielen,WR,20.339996948242202
2023091800,1236,43336,Michael Thomas,WR,11.729999694824201
2023091800,1340,43336,Michael Thomas,WR,34.36999755859401
2023091800,1363,43336,Michael Thomas,WR,24.710000915527004
2023091800,1454,54476,Chris Olave,WR,17.959998168945006
2023091800,1477,52762,Tony Jones,RB,10.240000915527006
2023091800,1646,55133,Rashid Shaheed,WR,7.769999084472701
2023091800,1705,43336,Michael Thomas,WR,10.819998626709001
2023091800,1730,43336,Michael Thomas,WR,13.339996337890597
2023091800,1773,46130,D.J. Chark,WR,18.200003051757804
2023091800,1854,55904,Jonathan Mingo,WR,15.730003356933594
2023091800,1920,43336,Michael Thomas,WR,9.309998168945299
2023091800,1945,54476,Chris Olave,WR,27.1099995422363
2023091800,1972,40488,Adam Thielen,WR,22.780001678466796
2023091800,2098,54476,Chris Olave,WR,9.269998474121103
2023091800,2151,55133,Rashid Shaheed,WR,10.459999389648402
2023091800,2196,54476,Chris Olave,WR,31.299997253418
2023091800,2430,53555,Chuba Hubbard,RB,9.500002746581998
2023091800,2455,40488,Adam Thielen,WR,25.089999237060503
2023091800,2500,55904,Jonathan Mingo,WR,30.539999694824196
2023091800,2700,55904,Jonathan Mingo,WR,17.5200010681152
2023091800,2839,54476,Chris Olave,WR,9.220000152587897
2023091800,2943,54476,Chris Olave,WR,43.909997253418
2023091800,2968,52942,Juwan Johnson,TE,6.169998474121087
2023091800,3042,52942,Juwan Johnson,TE,9.780000610351607
2023091800,3202,55904,Jonathan Mingo,WR,14.759997253417993
2023091800,3225,53555,Chuba Hubbard,RB,5.629998779296898
2023091800,3587,47836,Miles Sanders,RB,3.7400018310546983
2023091800,3634,46094,Hayden Hurst,TE,4.3799969482422085
2023091800,3705,46094,Hayden Hurst,TE,8.839997253417991
2023091800,3852,55133,Rashid Shaheed,WR,42.72000015258789
2023091800,4057,55904,Jonathan Mingo,WR,11.109999084472697
2023091800,4114,47836,Miles Sanders,RB,18.22
2023091800,4142,40488,Adam Thielen,WR,7.619999999999997
2023091800,4167,53555,Chuba Hubbard,RB,7.340000915527298
2023091800,4197,53555,Chuba Hubbard,RB,10.079999694824195
2023091800,4222,55904,Jonathan Mingo,WR,31.560003356933592
2023091800,4274,46094,Hayden Hurst,TE,9.85000244140619
2023091800,4304,53555,Chuba Hubbard,RB,8.719998168945295
2023091800,4339,55904,Jonathan Mingo,WR,29.70999755859401
2023091800,4369,40488,Adam Thielen,WR,7.180001220702991
2023091801,56,52523,Harrison Bryant,TE,9.600001831054698
2023091801,144,53463,Elijah Moore,WR,11.989997863769503
2023091801,176,42347,Amari Cooper,WR,9.730001220703102
2023091801,230,54564,David Bell,WR,10.320001373291007
2023091801,384,53463,Elijah Moore,WR,19.3899993133545
2023091801,592,53463,Elijah Moore,WR,24.7399996185303
2023091801,807,42347,Amari Cooper,WR,19.560002746582
2023091801,911,53463,Elijah Moore,WR,12.040000915527301
2023091801,1071,48988,Gunner Olszewski,WR,6.499999694824197
2023091801,1163,42347,Amari Cooper,WR,16.649998168945004
2023091801,1216,54621,Jerome Ford,RB,7.119996337890996
2023091801,1304,41290,Allen Robinson,WR,11.620002136230497
2023091801,1351,54905,Jaylen Warren,RB,8.569999389648402
2023091801,1407,54603,Calvin Austin III,WR,10.909999847412102
2023091801,1478,52523,Harrison Bryant,TE,11.840000610351602
2023091801,1539,54621,Jerome Ford,RB,15.2600002288818
2023091801,1615,53453,Najee Harris,RB,2.319999542236303
2023091801,1640,54517,George Pickens,WR,26.660000839233398
2023091801,1743,53463,Elijah Moore,WR,33.629999999999995
2023091801,1838,54905,Jaylen Warren,RB,9.310002136230494
2023091801,1863,54517,George Pickens,WR,18.5199990844727
2023091801,1945,42347,Amari Cooper,WR,21.300001373291
2023091801,1990,53463,Elijah Moore,WR,18.959998626708998
2023091801,2091,54603,Calvin Austin III,WR,18.780001373291
2023091801,2116,54905,Jaylen Warren,RB,2.6899998474121034
2023091801,2139,54517,George Pickens,WR,16.9800004577637
2023091801,2253,44841,David Njoku,TE,10.630000915527301
2023091801,2308,54621,Jerome Ford,RB,5.2799993896484025
2023091801,2597,54517,George Pickens,WR,20.9199984741211
2023091801,2698,54517,George Pickens,WR,9.879996643066406
2023091801,2723,54517,George Pickens,WR,10.079997253418
2023091801,2789,44841,David Njoku,TE,9.100002746582007
2023091801,2955,54517,George Pickens,WR,24.2200010681152
2023091801,3000,47876,Miles Boykin,WR,11.1299981689453
2023091801,3131,52595,Donovan Peoples-Jones,WR,10.510000000000005
2023091801,3154,42347,Amari Cooper,WR,9.63000244140619
2023091801,3179,54564,David Bell,WR,10.2799983215332
2023091801,3204,40026,Marquise Goodwin,WR,61.1399998664856
2023091801,3265,54621,Jerome Ford,RB,7.519996948242195
2023091801,3509,46167,Jordan Akins,TE,4.960002136230003
2023091801,3554,42347,Amari Cooper,WR,22.5699990844727
2023091801,3640,42347,Amari Cooper,WR,29.4600006103516
2023091801,3826,44841,David Njoku,TE,12.019999389648405
2023091801,4004,53463,Elijah Moore,WR,22.7599999237061
2023091801,4169,54592,Pierre Strong,RB,11.000000610351599
2023091801,4371,54564,David Bell,WR,8.3200003051758
2023091801,4401,42347,Amari Cooper,WR,10.769998626708997
2023091801,4431,53463,Elijah Moore,WR,20.2899992370605
2023092100,78,47819,Deebo Samuel Sr.,WR,9.740001831054698
2023092100,101,47819,Deebo Samuel Sr.,WR,9.44999725341799
2023092100,126,44959,George Kittle,TE,25.0900003051758
2023092100,213,52625,Jauan Jennings,WR,15.979999847412103
2023092100,307,47819,Deebo Samuel Sr.,WR,4.0699996185303
2023092100,330,47819,Deebo Samuel Sr.,WR,10.789999923706102
2023092100,353,47819,Deebo Samuel Sr.,WR,23.36000017166138
2023092100,423,47954,Darius Slayton,WR,32.75000076293951
2023092100,473,54508,Wan'Dale Robinson,WR,10.6900003051758
2023092100,498,54577,Daniel Bellinger,TE,8.9099981689453
2023092100,572,47842,Parris Campbell,WR,7.490001678466797
2023092100,627,53625,Gary Brightwell,RB,8.1600033569336
2023092100,672,47842,Parris Campbell,WR,8.299997863769505
2023092100,771,44959,George Kittle,TE,22.429997253417994
2023092100,851,52625,Jauan Jennings,WR,10.289998474121091
2023092100,971,54508,Wan'Dale Robinson,WR,8.030002746582
2023092100,1087,44959,George Kittle,TE,11.559998321533204
2023092100,1209,53623,Elijah Mitchell,RB,2.4400003051758006
2023092100,1336,56118,Ronnie Bell,WR,17.450000610352006
2023092100,1441,45186,Matt Breida,RB,12.679996948242206
2023092100,1506,47819,Deebo Samuel Sr.,WR,6.679998626708997
2023092100,1536,53623,Elijah Mitchell,RB,9.559998474121102
2023092100,1632,56118,Ronnie Bell,WR,10.080000915527307
2023092100,1744,44959,George Kittle,TE,12.479998779296906
2023092100,1856,47842,Parris Campbell,WR,7.800000915527306
2023092100,1881,42547,Darren Waller,TE,9.679997558593811
2023092100,1906,42547,Darren Waller,TE,7.3400021362304955
2023092100,1931,47954,Darius Slayton,WR,19.8999995422363
2023092100,1961,47842,Parris Campbell,WR,11.949999542236299
2023092100,1986,42547,Darren Waller,TE,13.9199990844727
2023092100,2016,52615,Isaiah Hodgins,WR,23.810000762939502
2023092100,2200,53625,Gary Brightwell,RB,4.829998321533203
2023092100,2397,52625,Jauan Jennings,WR,13.980001525878905
2023092100,2463,47842,Parris Campbell,WR,9.590000000000003
2023092100,2588,47819,Deebo Samuel Sr.,WR,25.89000335693359
2023092100,2633,44959,George Kittle,TE,15.829998168945295
2023092100,2718,44820,Christian McCaffrey,RB,4.950000762939503
2023092100,2993,54508,Wan'Dale Robinson,WR,9.6899999237061
2023092100,3052,42547,Darren Waller,TE,32.239998779296904
2023092100,3095,44959,George Kittle,TE,8.1799978637695
2023092100,3208,44959,George Kittle,TE,9.149998931884802
2023092100,3339,44959,George Kittle,TE,10.979999694824201
2023092100,3445,42547,Darren Waller,TE,13.730003051757805
2023092100,3470,47842,Parris Campbell,WR,9.270002746582009
2023092100,3495,42547,Darren Waller,TE,20.270003051757797
2023092100,3544,47819,Deebo Samuel Sr.,WR,6.159998474121103
2023092100,3579,44959,George Kittle,TE,11.269998321533201
2023092100,3677,44820,Christian McCaffrey,RB,8.790000305175795
2023092100,3724,47819,Deebo Samuel Sr.,WR,35.14999877929701
2023092100,3788,47954,Darius Slayton,WR,12.040001525878907
2023092100,3823,47954,Darius Slayton,WR,8.269997863769504
2023092100,3879,47954,Darius Slayton,WR,18.919999084472693
2023092100,3907,45186,Matt Breida,RB,7.2499992370605
2023092100,3957,42547,Darren Waller,TE,13.789999389648408
2023092100,4138,54508,Wan'Dale Robinson,WR,20.900000305175794
2023092400,109,54518,Alec Pierce,WR,25.850003051757795
2023092400,221,46155,Mark Andrews,TE,10.2999987792969
2023092400,268,55886,Zay Flowers,WR,11.539997253417994
2023092400,293,55886,Zay Flowers,WR,17.670001525878895
2023092400,362,53456,Rashod Bateman,WR,11.110000915527301
2023092400,419,54604,Isaiah Likely,TE,25.489999847412097
2023092400,527,55944,Josh Downs,WR,10.829998931884802
2023092400,601,53556,Kylen Granson,TE,8.340000152587898
2023092400,626,52442,Michael Pittman,WR,11.940000457763702
2023092400,724,46155,Mark Andrews,TE,23.5100001525879
2023092400,834,54657,Andrew Ogletree,TE,18.629999237060495
2023092400,857,44985,Isaiah McKenzie,WR,6.920001525878902
2023092400,882,52442,Michael Pittman,WR,12.9099995422363
2023092400,1134,54518,Alec Pierce,WR,27.220001831054702
2023092400,1189,53556,Kylen Granson,TE,12.470000915527308
2023092400,1236,55944,Josh Downs,WR,7.419998931884798
2023092400,1308,52442,Michael Pittman,WR,10.719999771118196
2023092400,1338,52494,Zack Moss,RB,21.1500003814697
2023092400,1460,52442,Michael Pittman,WR,9.669999847412097
2023092400,1552,53556,Kylen Granson,TE,19.0000004196167
2023092400,1878,52442,Michael Pittman,WR,16.909999237060497
2023092400,1925,55944,Josh Downs,WR,10.350001525878902
2023092400,2105,55886,Zay Flowers,WR,8.579998474121101
2023092400,2312,54657,Andrew Ogletree,TE,11.990001525878903
2023092400,2386,55944,Josh Downs,WR,29.459999847412096
2023092400,2452,55886,Zay Flowers,WR,9.910001220703098
2023092400,2505,46155,Mark Andrews,TE,15.270001373291002
2023092400,2614,53517,Trey Sermon,RB,9.9399987792969
2023092400,2639,55944,Josh Downs,WR,11.379998474121095
2023092400,2688,54518,Alec Pierce,WR,44.8400015258789
2023092400,2711,55944,Josh Downs,WR,34.7999998474121
2023092400,2814,55886,Zay Flowers,WR,9.1999996948242
2023092400,2910,42358,Melvin Gordon,RB,8.779997863769509
2023092400,2962,42363,Nelson Agholor,WR,10.450003356933593
2023092400,3110,55944,Josh Downs,WR,9.129999542236298
2023092400,3317,55886,Zay Flowers,WR,9.159998779296899
2023092400,3386,53456,Rashod Bateman,WR,7.089999237060496
2023092400,3409,42363,Nelson Agholor,WR,9.400000610351597
2023092400,3477,54518,Alec Pierce,WR,11.650000305175801
2023092400,3578,55944,Josh Downs,WR,14.030000152587895
2023092400,3798,53556,Kylen Granson,TE,13.5700003814697
2023092400,4066,54518,Alec Pierce,WR,18.039999084472697
2023092400,4091,55944,Josh Downs,WR,17.760002136230497
2023092400,4126,52442,Michael Pittman,WR,11.190002746582003
2023092400,4215,54518,Alec Pierce,WR,34.62999969482401
2023092400,4274,53456,Rashod Bateman,WR,37.7600009155273
2023092400,4297,55886,Zay Flowers,WR,9.810000000000002
2023092400,4322,42363,Nelson Agholor,WR,8.940000915527307
2023092400,4352,42358,Melvin Gordon,RB,10.64000030517579
2023092400,4419,52500,Devin Duvernay,WR,29.479999084472695
2023092400,4448,42363,Nelson Agholor,WR,19.999998168945297
2023092400,4590,52494,Zack Moss,RB,5.640001525878901
2023092400,4615,54518,Alec Pierce,WR,41.0800006103516
2023092400,4708,55886,Zay Flowers,WR,9.419998168945298
2023092400,4773,52442,Michael Pittman,WR,45.640000915527295
2023092400,4834,55944,Josh Downs,WR,8.900001068115195
2023092400,4903,43362,Kenyan Drake,RB,5.550000915527299
2023092400,4926,46155,Mark Andrews,TE,10.119999389648399
2023092400,4951,54604,Isaiah Likely,TE,14.170000915527304
2023092400,4974,55886,Zay Flowers,WR,12.109998168945296
2023092401,112,53463,Elijah Moore,WR,10.3400010681152
2023092401,189,53463,Elijah Moore,WR,13.729999084472702
2023092401,408,54483,Treylon Burks,WR,5.830001831054702
2023092401,518,42347,Amari Cooper,WR,10.870000457763702
2023092401,572,54621,Jerome Ford,RB,6.9899983215332036
2023092401,626,54483,Treylon Burks,WR,16.390001373291
2023092401,768,42347,Amari Cooper,WR,19.8399995422363
2023092401,793,53463,Elijah Moore,WR,8.84
2023092401,818,53463,Elijah Moore,WR,9.210000762939504
2023092401,1016,44841,David Njoku,TE,3.670002746582
2023092401,1063,42347,Amari Cooper,WR,11.9900006103516
2023092401,1241,53463,Elijah Moore,WR,15.580001068115202
2023092401,1288,54621,Jerome Ford,RB,28.060000190734897
2023092401,1382,39973,DeAndre Hopkins,WR,13.3799981689453
2023092401,1429,54608,Chig Okonkwo,TE,8.430000915527302
2023092401,1746,42347,Amari Cooper,WR,30.580001373290997
2023092401,1781,42347,Amari Cooper,WR,43.91999988555909
2023092401,1840,44841,David Njoku,TE,14.809998168945299
2023092401,1915,39973,DeAndre Hopkins,WR,34.519999237060496
2023092401,1938,54483,Treylon Burks,WR,27.550000915527303
2023092401,2005,39973,DeAndre Hopkins,WR,31.320001678466795
2023092401,2053,55946,Tyjae Spears,RB,8.6399984741211
2023092401,2083,55946,Tyjae Spears,RB,4.659999999999997
2023092401,2113,43396,Chris Moore,WR,32.860000610351605
2023092401,2138,39973,DeAndre Hopkins,WR,14.720000610352002
2023092401,2168,55946,Tyjae Spears,RB,7.229998474121089
2023092401,2308,39973,DeAndre Hopkins,WR,9.960000305175797
2023092401,2414,54483,Treylon Burks,WR,47.8199995422363
2023092401,2493,52595,Donovan Peoples-Jones,WR,34.010001373291004
2023092401,2662,42347,Amari Cooper,WR,11.589996337890597
2023092401,2687,52595,Donovan Peoples-Jones,WR,17.349997558593813
2023092401,2829,54483,Treylon Burks,WR,29.700000457763707
2023092401,2874,54608,Chig Okonkwo,TE,10.629996643066406
2023092401,2943,44898,Kareem Hunt,RB,10.82
2023092401,3015,42347,Amari Cooper,WR,20.4100004577637
2023092401,3045,53463,Elijah Moore,WR,4.930001678466795
2023092401,3075,53463,Elijah Moore,WR,5.370001831054701
2023092401,3100,52595,Donovan Peoples-Jones,WR,19.3400009155273
2023092401,3452,44841,David Njoku,TE,10.749998779296902
2023092401,3521,42347,Amari Cooper,WR,48.349999618530305
2023092401,3612,43396,Chris Moore,WR,11.380000305175805
2023092401,3710,54483,Treylon Burks,WR,32.2699990844727
2023092402,121,54616,Tyler Allgeier,RB,6.590001831054707
2023092402,215,55899,Sam LaPorta,TE,10.4000006866455
2023092402,306,53433,Kyle Pitts,TE,50.6999995422363
2023092402,347,54473,Drake London,WR,30.459999694824205
2023092402,470,55899,Sam LaPorta,TE,12.810001068115199
2023092402,540,53541,Amon-Ra St. Brown,WR,15.220001831054702
2023092402,565,55899,Sam LaPorta,TE,10.529998931884798
2023092402,612,43584,Kalif Raymond,WR,13.060000915527304
2023092402,728,43584,Kalif Raymond,WR,12.620003662109397
2023092402,845,53433,Kyle Pitts,TE,12.610003662109406
2023092402,912,53433,Kyle Pitts,TE,20.439996337890598
2023092402,937,44912,Jonnu Smith,TE,22.8600021362305
2023092402,1009,54473,Drake London,WR,8.80000274658201
2023092402,1078,43584,Kalif Raymond,WR,50.490000305175805
2023092402,1123,53541,Amon-Ra St. Brown,WR,17.15999938964839
2023092402,1200,55899,Sam LaPorta,TE,45.369999771118195
2023092402,1271,53433,Kyle Pitts,TE,17.5400015258789
2023092402,1316,53433,Kyle Pitts,TE,31.119998168945298
2023092402,1418,43584,Kalif Raymond,WR,22.579999847412104
2023092402,1443,55899,Sam LaPorta,TE,9.170001525878895
2023092402,1468,53541,Amon-Ra St. Brown,WR,11.680000457763697
2023092402,1515,43584,Kalif Raymond,WR,29.0999990844727
2023092402,1713,53541,Amon-Ra St. Brown,WR,12.9199999237061
2023092402,1909,53541,Amon-Ra St. Brown,WR,28.36000335693359
2023092402,1964,43584,Kalif Raymond,WR,14.110000305175802
2023092402,1987,55899,Sam LaPorta,TE,10.99999664306641
2023092402,2036,55872,Bijan Robinson,RB,9.5099999237061
2023092402,2066,55872,Bijan Robinson,RB,8.800000305175804
2023092402,2091,44912,Jonnu Smith,TE,15.170000152587896
2023092402,2184,55899,Sam LaPorta,TE,9.809997558593807
2023092402,2209,55876,Jahmyr Gibbs,RB,8.629996643066406
2023092402,2376,54616,Tyler Allgeier,RB,2.2199981689452954
2023092402,2423,53433,Kyle Pitts,TE,11.460001220703091
2023092402,2545,53541,Amon-Ra St. Brown,WR,6.079996948242197
2023092402,2634,53541,Amon-Ra St. Brown,WR,12.569999542236303
2023092402,2793,44912,Jonnu Smith,TE,15.630001525878896
2023092402,2819,44931,Mack Hollins,WR,20.890001525878898
2023092402,2901,55899,Sam LaPorta,TE,11.549998474121097
2023092402,2926,53541,Amon-Ra St. Brown,WR,11.239998779296897
2023092402,2951,55899,Sam LaPorta,TE,25.15000061035161
2023092402,3058,44931,Mack Hollins,WR,32.219998168945295
2023092402,3188,55899,Sam LaPorta,TE,12.530001525878902
2023092402,3211,53541,Amon-Ra St. Brown,WR,32.56
2023092402,3336,54473,Drake London,WR,10.109999694824197
2023092402,3360,54473,Drake London,WR,16.619999999999997
2023092402,3383,53541,Amon-Ra St. Brown,WR,16.340000610351595
2023092402,3509,53541,Amon-Ra St. Brown,WR,13.059998779297004
2023092402,3657,44931,Mack Hollins,WR,28.320003356933597
2023092402,3686,53433,Kyle Pitts,TE,10.3799975585938
2023092402,3714,55872,Bijan Robinson,RB,11.980000457763694
2023092402,3793,42486,MyCole Pruitt,TE,10.920000762939502
2023092402,3818,53433,Kyle Pitts,TE,9.810001678466797
2023092402,3841,44912,Jonnu Smith,TE,7.250001373290999
2023092402,3908,44912,Jonnu Smith,TE,12.520000000000003
2023092402,3933,46992,KhaDarel Hodge,WR,13.299999160766603
2023092402,3958,54473,Drake London,WR,17.979999961853032
2023092402,4005,54473,Drake London,WR,9.0499998474121
2023092402,4030,53433,Kyle Pitts,TE,10.5399997711182
2023092402,4300,55872,Bijan Robinson,RB,8.199996337890596
2023092402,4336,44912,Jonnu Smith,TE,14.340000610351609
2023092403,77,43336,Michael Thomas,WR,11.83000213623049
2023092403,203,55907,Luke Musgrave,TE,10.769998779296905
2023092403,250,54597,Romeo Doubs,WR,10.930001831054703
2023092403,393,54476,Chris Olave,WR,5.999998779296902
2023092403,474,52762,Tony Jones,RB,9.120000381469705
2023092403,526,46542,Keith Kirkwood,WR,25.56999999165535
2023092403,549,35534,Jimmy Graham,TE,13.929999732971199
2023092403,620,54597,Romeo Doubs,WR,16.209998168945297
2023092403,673,55907,Luke Musgrave,TE,47.8799978637695
2023092403,863,52942,Juwan Johnson,TE,7.969998474120999
2023092403,893,54476,Chris Olave,WR,8.310003356933592
2023092403,918,52762,Tony Jones,RB,9.590002441406199
2023092403,978,52762,Tony Jones,RB,5.949997863769497
2023092403,1129,55907,Luke Musgrave,TE,11.379996948242209
2023092403,1214,56220,Malik Heath,WR,17.650002441406187
2023092403,1237,54723,Samori Toure,WR,25.2100015258789
2023092403,1362,56024,Dontayvion Wicks,WR,20.7600009155273
2023092403,1409,54723,Samori Toure,WR,51.69999965667721
2023092403,1490,54597,Romeo Doubs,WR,10.659998474121103
2023092403,1546,56024,Dontayvion Wicks,WR,19.009999999999998
2023092403,1598,54597,Romeo Doubs,WR,29.7099996185303
2023092403,1704,55133,Rashid Shaheed,WR,66.97000091552701
2023092403,1749,45244,Taysom Hill,QB,5.790000762939506
2023092403,1835,54476,Chris Olave,WR,12.120003356933594
2023092403,1867,52762,Tony Jones,RB,2.5300030517578023
2023092403,1919,54476,Chris Olave,WR,30.149997253417993
2023092403,1989,54476,Chris Olave,WR,14.740003051757995
2023092403,2171,55907,Luke Musgrave,TE,11.240003356933599
2023092403,2220,54597,Romeo Doubs,WR,50.330001220703096
2023092403,2269,54476,Chris Olave,WR,14.079999237060498
2023092403,2437,56516,Emanuel Wilson,RB,5.759998168945003
2023092403,2462,54597,Romeo Doubs,WR,8.7799969482422
2023092403,2485,56024,Dontayvion Wicks,WR,12.529999694824198
2023092403,2528,52942,Juwan Johnson,TE,9.8600015258789
2023092403,2611,43336,Michael Thomas,WR,13.550003662109404
2023092403,2781,55907,Luke Musgrave,TE,19.940000915527307
2023092403,2855,52875,Patrick Taylor,RB,9.310001525878903
2023092403,2880,52875,Patrick Taylor,RB,13.200002136230495
2023092403,2905,54597,Romeo Doubs,WR,38.6200008392334
2023092403,2993,55907,Luke Musgrave,TE,4.9400006103516
2023092403,3038,52875,Patrick Taylor,RB,11.780000610352005
2023092403,3114,43336,Michael Thomas,WR,11.320002441406189
2023092403,3198,55915,Jayden Reed,WR,21.479998474121103
2023092403,3228,54597,Romeo Doubs,WR,22.910001220703094
2023092403,3275,55915,Jayden Reed,WR,29.990000915527006
2023092403,3310,56220,Malik Heath,WR,28.209999084472997
2023092403,3383,43336,Michael Thomas,WR,14.559997863769496
2023092403,3466,43336,Michael Thomas,WR,17.4499981689453
2023092403,3491,54476,Chris Olave,WR,28.279998168945298
2023092403,3620,54597,Romeo Doubs,WR,22.560003051758002
2023092403,3643,55907,Luke Musgrave,TE,19.740003051757995
2023092403,3666,55915,Jayden Reed,WR,17.070001525879007
2023092403,3691,55915,Jayden Reed,WR,12.09999938964799
2023092403,3714,55915,Jayden Reed,WR,7.680001220702991
2023092403,3824,43336,Michael Thomas,WR,9.690002441406193
2023092403,3873,54476,Chris Olave,WR,8.649996643066402
2023092403,3958,56024,Dontayvion Wicks,WR,11.1599984741211
2023092403,3983,55915,Jayden Reed,WR,28.2499993896484
2023092403,4055,54723,Samori Toure,WR,25.099998779296904
2023092403,4078,55915,Jayden Reed,WR,33.84
2023092403,4103,56024,Dontayvion Wicks,WR,11.6499978637695
2023092403,4128,54597,Romeo Doubs,WR,18.199997558594006
2023092403,4151,54597,Romeo Doubs,WR,15.170002746582
2023092403,4208,43336,Michael Thomas,WR,11.520000305175799
2023092403,4233,54476,Chris Olave,WR,31.27999969482419
2023092403,4263,52942,Juwan Johnson,TE,16.229999237060497
2023092403,4286,54476,Chris Olave,WR,11.610001678466794
2023092403,4340,54476,Chris Olave,WR,19.0199992370605
2023092403,4363,43336,Michael Thomas,WR,9.970000762939506
2023092404,62,55934,Tank Dell,WR,10.630000228881801
2023092404,185,46095,Calvin Ridley,WR,15.879998474121102
2023092404,255,53707,Tim Jones,WR,18.929999771118197
2023092404,299,54572,Dameon Pierce,RB,9.619998474121104
2023092404,397,55934,Tank Dell,WR,49.939998474121
2023092404,561,44978,Jamal Agnew,WR,10.749996948242199
2023092404,733,39989,Robert Woods,WR,12.369998321533203
2023092404,758,54509,John Metchie III,WR,5.479998931884801
2023092404,810,54635,Teagan Quitoriano,TE,7.729999237060497
2023092404,1027,46095,Calvin Ridley,WR,13.589999847412102
2023092404,1096,46095,Calvin Ridley,WR,9.049999084472702
2023092404,1200,39989,Robert Woods,WR,21.540001220703097
2023092404,1269,55934,Tank Dell,WR,10.5899992370605
2023092404,1367,53576,Brevin Jordan,TE,13.590000133514401
2023092404,1478,46095,Calvin Ridley,WR,15.3399981689453
2023092404,1505,46116,Christian Kirk,WR,9.5999984741211
2023092404,1677,39989,Robert Woods,WR,24.8699978637695
2023092404,1725,39989,Robert Woods,WR,14.779996337890594
2023092404,1845,53454,Travis Etienne,RB,3.3900009155273025
2023092404,1870,53707,Tim Jones,WR,10.949999542236299
2023092404,1924,53454,Travis Etienne,RB,9.450001525878903
2023092404,1947,46095,Calvin Ridley,WR,34.5899990844727
2023092404,1970,44978,Jamal Agnew,WR,19.60000335693359
2023092404,2033,47857,Devin Singletary,RB,5.950001831054706
2023092404,2063,55934,Tank Dell,WR,13.349999389648389
2023092404,2110,55934,Tank Dell,WR,44.6900005340576
2023092404,2178,46206,Dalton Schultz,TE,14.970001525878892
2023092404,2203,39989,Robert Woods,WR,12.250001373291
2023092404,2235,39989,Robert Woods,WR,15.469999542236302
2023092404,2265,53518,Nico Collins,WR,10.3700009155273
2023092404,2519,55953,Tank Bigsby,RB,9.11999755859381
2023092404,2744,53518,Nico Collins,WR,22.180002441406188
2023092404,2816,44835,Evan Engram,TE,9.2099984741211
2023092404,2841,44978,Jamal Agnew,WR,14.549999847412103
2023092404,2866,44835,Evan Engram,TE,10.569999542236303
2023092404,2918,53707,Tim Jones,WR,10.480000305175793
2023092404,3072,44835,Evan Engram,TE,5.880000152587897
2023092404,3122,44835,Evan Engram,TE,8.9999984741211
2023092404,3159,44835,Evan Engram,TE,9.359998474121099
2023092404,3183,44978,Jamal Agnew,WR,20.709998779296903
2023092404,3232,54572,Dameon Pierce,RB,10.499999847412106
2023092404,3257,55934,Tank Dell,WR,21.089998474121103
2023092404,3343,46206,Dalton Schultz,TE,20.719997863770004
2023092404,3516,44978,Jamal Agnew,WR,18.6499978637695
2023092404,3541,44835,Evan Engram,TE,11.190002441406193
2023092404,3566,46095,Calvin Ridley,WR,22.83
2023092404,3591,46116,Christian Kirk,WR,21.3200003814697
2023092404,3614,46116,Christian Kirk,WR,10.4600007629395
2023092404,3639,46116,Christian Kirk,WR,33.2299995422363
2023092404,3740,55934,Tank Dell,WR,34.7900021362305
2023092404,3804,46116,Christian Kirk,WR,24.230002136230496
2023092404,3829,53454,Travis Etienne,RB,9.130000915527305
2023092404,3882,44835,Evan Engram,TE,11.450000915527298
2023092404,3996,46116,Christian Kirk,WR,23.490000915527304
2023092404,4223,55926,Brenton Strange,TE,7.609997863769507
2023092404,4255,47605,D'Ernest Johnson,RB,12.070003051757794
2023092405,77,46192,Durham Smythe,TE,18.529999542236297
2023092405,102,43454,Tyreek Hill,WR,28.159998474121096
2023092405,210,46109,Courtland Sutton,WR,33.87000183105471
2023092405,297,42718,Raheem Mostert,RB,8.880001220703093
2023092405,344,42718,Raheem Mostert,RB,9.140000610351606
2023092405,416,43454,Tyreek Hill,WR,6.560000915527297
2023092405,529,52423,Jerry Jeudy,WR,22.8399981689453
2023092405,554,46109,Courtland Sutton,WR,12.869999389648406
2023092405,648,46109,Courtland Sutton,WR,12.009999694824199
2023092405,717,42302,Chris Manhertz,TE,19.390000305175782
2023092405,752,46109,Courtland Sutton,WR,28.13999999523163
2023092405,838,43454,Tyreek Hill,WR,20.5499990844727
2023092405,1036,46279,Braxton Berrios,WR,12.790000915527301
2023092405,1103,43454,Tyreek Hill,WR,11.8000018310547
2023092405,1241,56502,Nate Adkins,TE,6.270001373291002
2023092405,1321,55928,Marvin Mims Jr.,WR,46.0499996948242
2023092405,1640,46109,Courtland Sutton,WR,10.289998168945296
2023092405,1692,55928,Marvin Mims Jr.,WR,50.490003356934004
2023092405,1741,43454,Tyreek Hill,WR,22.439998168945294
2023092405,1773,42718,Raheem Mostert,RB,9.979999389648398
2023092405,1798,43454,Tyreek Hill,WR,21.2899984741211
2023092405,1828,45900,River Cracraft,WR,17.409998626708997
2023092405,1997,46109,Courtland Sutton,WR,10.369998626708998
2023092405,2098,44927,Samaje Perine,RB,9.829998474121101
2023092405,2123,46109,Courtland Sutton,WR,24.330000762939505
2023092405,2201,46109,Courtland Sutton,WR,9.659998474121096
2023092405,2226,55928,Marvin Mims Jr.,WR,41.560003356934004
2023092405,2250,55928,Marvin Mims Jr.,WR,15.470001220703097
2023092405,2312,44927,Samaje Perine,RB,7.090000915527298
2023092405,2337,46109,Courtland Sutton,WR,16.360000305176
2023092405,2505,52423,Jerry Jeudy,WR,12.709998321533202
2023092405,2672,43454,Tyreek Hill,WR,17.730001831054707
2023092405,2719,43454,Tyreek Hill,WR,29.830001373290997
2023092405,2742,46279,Braxton Berrios,WR,18.860000610351605
2023092405,2789,56410,Julian Hill,TE,15.05000020980835
2023092405,2844,43454,Tyreek Hill,WR,9.379999732971191
2023092405,2928,52423,Jerry Jeudy,WR,16.999998779296902
2023092405,2953,52513,Adam Trautman,TE,10.089998321533201
2023092405,3003,54967,Brandon Johnson,WR,9.2400012207031
2023092405,3028,52423,Jerry Jeudy,WR,54.18000335693401
2023092405,3073,46109,Courtland Sutton,WR,9.790002441406195
2023092405,3143,55949,De'Von Achane,RB,6.780000915527296
2023092405,3234,43454,Tyreek Hill,WR,11.020001525878904
2023092405,3259,43454,Tyreek Hill,WR,25.1099993896484
2023092405,3559,52423,Jerry Jeudy,WR,14.040000610351612
2023092405,3582,54967,Brandon Johnson,WR,28.620000762939505
2023092405,3804,53464,Javonte Williams,RB,11.599996643066405
2023092405,3916,43808,Robbie Chosen,WR,49.3300030517578
2023092405,4121,55928,Marvin Mims Jr.,WR,8.980001831054707
2023092405,4180,52423,Jerry Jeudy,WR,45.040001831054695
2023092406,115,40024,Keenan Allen,WR,11.159999999999997
2023092406,295,47852,Josh Oliver,TE,8.529999389648395
2023092406,320,47791,T.J. Hockenson,TE,15.669997558593806
2023092406,361,40024,Keenan Allen,WR,9.920003662109409
2023092406,415,40024,Keenan Allen,WR,9.15999633789059
2023092406,438,44819,Mike Williams,WR,4.84000366210941
2023092406,463,40024,Keenan Allen,WR,12.719998779296901
2023092406,535,44856,Gerald Everett,TE,14.120001525878898
2023092406,597,53506,Josh Palmer,WR,10.919998168945298
2023092406,620,40024,Keenan Allen,WR,26.509999771118203
2023092406,650,48456,Donald Parham,TE,4.279999618530299
2023092406,714,47885,Alexander Mattison,RB,8.799998626708998
2023092406,817,54634,Ty Chandler,RB,7.439998474121104
2023092406,949,44819,Mike Williams,WR,7.650000305175798
2023092406,1004,44819,Mike Williams,WR,42.0400021362305
2023092406,1027,55990,Derius Davis,WR,1.2200003051758017
2023092406,1052,40024,Keenan Allen,WR,11.7699981689453
2023092406,1115,40024,Keenan Allen,WR,15.869999389648392
2023092406,1183,47885,Alexander Mattison,RB,7.500002441406195
2023092406,1215,52430,Justin Jefferson,WR,21.8400012207031
2023092406,1240,52430,Justin Jefferson,WR,36.4499991607666
2023092406,1323,47852,Josh Oliver,TE,11.519999580383299
2023092406,1417,44819,Mike Williams,WR,10.990000762939502
2023092406,1467,53506,Josh Palmer,WR,6.880001220703093
2023092406,1537,43971,C.J. Ham,FB,9.159998321533202
2023092406,1663,52430,Justin Jefferson,WR,29.809999313354503
2023092406,1693,55887,Jordan Addison,WR,26.85999994277954
2023092406,1740,47885,Alexander Mattison,RB,8.939999618530297
2023092406,1863,52584,K.J. Osborn,WR,21.46000017166138
2023092406,1977,40024,Keenan Allen,WR,11.240001373291001
2023092406,2019,44856,Gerald Everett,TE,11.5699984741211
2023092406,2074,44819,Mike Williams,WR,11.9000009155273
2023092406,2099,53506,Josh Palmer,WR,35.769999084473
2023092406,2162,44856,Gerald Everett,TE,6.3600030517579995
2023092406,2230,48456,Donald Parham,TE,9.679996948242007
2023092406,2301,47791,T.J. Hockenson,TE,13.189999694824209
2023092406,2331,47791,T.J. Hockenson,TE,12.810001525878903
2023092406,2356,47791,T.J. Hockenson,TE,13.310000457763707
2023092406,2489,52430,Justin Jefferson,WR,24.919996643066405
2023092406,2512,52430,Justin Jefferson,WR,36.7499987792969
2023092406,2607,44819,Mike Williams,WR,40.03000061035161
2023092406,2691,40024,Keenan Allen,WR,19.880000915527305
2023092406,2741,53506,Josh Palmer,WR,22.419999847412097
2023092406,2764,55885,Quentin Johnston,WR,18.059999237060495
2023092406,2830,47885,Alexander Mattison,RB,8.500000152587894
2023092406,2855,52430,Justin Jefferson,WR,12.499999694824204
2023092406,2904,47791,T.J. Hockenson,TE,12.1100015258789
2023092406,3018,40024,Keenan Allen,WR,23.41000152587891
2023092406,3048,44819,Mike Williams,WR,3.6800036621094065
2023092406,3112,47791,T.J. Hockenson,TE,20.089998626708997
2023092406,3167,55887,Jordan Addison,WR,8.629998779296905
2023092406,3225,54634,Ty Chandler,RB,7.020002136230502
2023092406,3250,52430,Justin Jefferson,WR,7.0999966430664045
2023092406,3273,52430,Justin Jefferson,WR,36.359998168945
2023092406,3307,52584,K.J. Osborn,WR,20.96999664306641
2023092406,3364,40024,Keenan Allen,WR,11.5299984741211
2023092406,3617,55887,Jordan Addison,WR,9.879999999999995
2023092406,3642,55887,Jordan Addison,WR,10.349998474121094
2023092406,3667,55887,Jordan Addison,WR,12.1399984741211
2023092406,3692,55887,Jordan Addison,WR,25.420000305175797
2023092406,3757,52430,Justin Jefferson,WR,17.479999084472695
2023092406,3832,40024,Keenan Allen,WR,11.349999694824199
2023092406,3873,52520,Joshua Kelley,RB,7.9100018310547
2023092406,3898,44856,Gerald Everett,TE,8.710001831054704
2023092406,4004,40024,Keenan Allen,WR,28.2099990844727
2023092406,4029,53506,Josh Palmer,WR,34.200002746582
2023092406,4134,47791,T.J. Hockenson,TE,20.78999877929691
2023092406,4157,55887,Jordan Addison,WR,18.799996948242196
2023092406,4193,55887,Jordan Addison,WR,18.630000762939503
2023092406,4223,47885,Alexander Mattison,RB,7.860000305175802
2023092406,4414,52430,Justin Jefferson,WR,8.309999961853
2023092406,4448,40024,Keenan Allen,WR,12.5900005340576
2023092406,4524,40024,Keenan Allen,WR,9.429999465942402
2023092406,4611,52584,K.J. Osborn,WR,22.760000152587903
2023092406,4690,47791,T.J. Hockenson,TE,15.400000762939502
2023092406,4724,46830,Brandon Powell,WR,11.6999990844727
2023092406,4761,47791,T.J. Hockenson,TE,10.769999847412098
2023092406,4791,47791,T.J. Hockenson,TE,11.069999465942399
2023092406,4823,47791,T.J. Hockenson,TE,13.560000343322752
2023092407,191,46111,Mike Gesicki,TE,21.840001525878897
2023092407,243,43324,Hunter Henry,TE,12.319999694824197
2023092407,268,42357,DeVante Parker,WR,35.7300001144409
2023092407,356,54475,Garrett Wilson,WR,15.229998321533202
2023092407,391,46705,Allen Lazard,WR,19.2499984741211
2023092407,573,45185,Kendrick Bourne,WR,14.859999847412105
2023092407,620,53549,Rhamondre Stevenson,RB,5.759999542236301
2023092407,742,53536,Michael Carter,RB,9.070000228881801
2023092407,849,53549,Rhamondre Stevenson,RB,9.899999237060499
2023092407,872,45185,Kendrick Bourne,WR,17.2400012207031
2023092407,1190,56075,DeMario Douglas,WR,22.820001678466795
2023092407,1215,45339,Pharaoh Brown,TE,25.4600021362305
2023092407,1308,54501,Breece Hall,RB,10.569999389648402
2023092407,1405,42357,DeVante Parker,WR,10.3500005340576
2023092407,1430,44874,JuJu Smith-Schuster,WR,12.8099993896484
2023092407,1500,45185,Kendrick Bourne,WR,32.6699996948242
2023092407,1732,54475,Garrett Wilson,WR,10.629998779296905
2023092407,1836,43324,Hunter Henry,TE,13.719999999999999
2023092407,1881,43324,Hunter Henry,TE,14.7699981689453
2023092407,1933,56075,DeMario Douglas,WR,40.460001831055
2023092407,2129,45339,Pharaoh Brown,TE,9.849997558593813
2023092407,2220,53549,Rhamondre Stevenson,RB,6.220000305175802
2023092407,2250,56075,DeMario Douglas,WR,31.8200008392334
2023092407,2345,42500,C.J. Uzomah,TE,17.9999984741211
2023092407,2527,43293,Ezekiel Elliott,RB,8.319999084472698
2023092407,2687,46705,Allen Lazard,WR,16.739997863769503
2023092407,2710,46226,Tyler Conklin,TE,4.469999237060499
2023092407,2811,43324,Hunter Henry,TE,13.550001220703095
2023092407,2834,42357,DeVante Parker,WR,25.929998168945303
2023092407,2972,44853,Dalvin Cook,RB,5.019998779296905
2023092407,3022,37139,Randall Cobb,WR,9.289996643066402
2023092407,3257,54475,Garrett Wilson,WR,6.810000000000002
2023092407,3289,46705,Allen Lazard,WR,25.049996643066407
2023092407,3312,46226,Tyler Conklin,TE,24.019997863769504
2023092407,3337,44853,Dalvin Cook,RB,7.500001525878901
2023092407,3446,46705,Allen Lazard,WR,25.2000006103516
2023092407,3471,46705,Allen Lazard,WR,14.3700006103516
2023092407,3496,37139,Randall Cobb,WR,7.829999542236301
2023092407,3568,54475,Garrett Wilson,WR,13.109999885559098
2023092407,3712,45185,Kendrick Bourne,WR,11.1699990844727
2023092407,3766,45185,Kendrick Bourne,WR,11.2999995422363
2023092407,3791,44874,JuJu Smith-Schuster,WR,31.210000915527303
2023092407,3857,54501,Breece Hall,RB,5.980003356934006
2023092407,4027,44874,JuJu Smith-Schuster,WR,20.829999389648403
2023092407,4111,46226,Tyler Conklin,TE,26.639998779296903
2023092407,4134,54475,Garrett Wilson,WR,11.339998474121096
2023092407,4157,46226,Tyler Conklin,TE,11.399996948242205
2023092407,4288,54475,Garrett Wilson,WR,31.060002746582
2023092408,146,55889,Dalton Kincaid,TE,9.830001831054702
2023092408,171,42489,Stefon Diggs,WR,39.1200003051758
2023092408,196,47879,Dawson Knox,TE,9.530001831054705
2023092408,232,47879,Dawson Knox,TE,30.849999790191653
2023092408,372,47859,Terry McLaurin,WR,10.380001373291002
2023092408,419,47859,Terry McLaurin,WR,16.6200001525879
2023092408,449,54614,Cole Turner,TE,28.890002441406196
2023092408,514,53511,Dyami Brown,WR,24.430000305175795
2023092408,546,42489,Stefon Diggs,WR,27.079999389648393
2023092408,598,42489,Stefon Diggs,WR,12.359997863769507
2023092408,668,42489,Stefon Diggs,WR,28.2699987792969
2023092408,759,54481,Jahan Dotson,WR,15.2899993896484
2023092408,840,52536,Gabe Davis,WR,40.2399997329712
2023092408,911,44852,Curtis Samuel,WR,34.5499992370605
2023092408,990,47859,Terry McLaurin,WR,16.3399996948242
2023092408,1042,54614,Cole Turner,TE,25.900000009536743
2023092408,1065,54614,Cole Turner,TE,13.0499995422363
2023092408,1121,54614,Cole Turner,TE,15.289999923706052
2023092408,1197,54613,Khalil Shakir,WR,10.509999237060502
2023092408,1338,46671,Trent Sherfield,WR,27.61
2023092408,1368,42489,Stefon Diggs,WR,25.490001525878903
2023092408,1442,48415,Deonte Harty,WR,11.6200018310547
2023092408,1525,42489,Stefon Diggs,WR,10.2299981689453
2023092408,1574,46671,Trent Sherfield,WR,13.890000915527303
2023092408,1674,47859,Terry McLaurin,WR,9.8499990844727
2023092408,1699,54614,Cole Turner,TE,8.829997863769506
2023092408,1724,52474,Antonio Gibson,RB,10.550001220703095
2023092408,1803,48415,Deonte Harty,WR,11.280003356933591
2023092408,1826,52536,Gabe Davis,WR,32.719998168945
2023092408,1849,48415,Deonte Harty,WR,16.2000012207031
2023092408,2043,54614,Cole Turner,TE,21.3799993896484
2023092408,2100,47859,Terry McLaurin,WR,9.760000762939502
2023092408,2147,52474,Antonio Gibson,RB,7.209998626708998
2023092408,2177,54481,Jahan Dotson,WR,12.010000457763702
2023092408,2268,44852,Curtis Samuel,WR,24.020003662109005
2023092408,2295,42489,Stefon Diggs,WR,31.099998779296897
2023092408,2376,52536,Gabe Davis,WR,22.370001678466792
2023092408,2449,42489,Stefon Diggs,WR,16.380002746582008
2023092408,2629,52474,Antonio Gibson,RB,7.659998168945297
2023092408,2709,42489,Stefon Diggs,WR,26.9800009155273
2023092408,2893,54528,James Cook,RB,11.249996337890593
2023092408,2918,42489,Stefon Diggs,WR,11.419998779296904
2023092408,2965,40129,Latavius Murray,RB,7.690000305175801
2023092408,3073,53553,John Bates,TE,10.249999084472705
2023092408,3187,54614,Cole Turner,TE,9.380000915527305
2023092408,3518,47859,Terry McLaurin,WR,21.039997253417994
2023092408,3543,53553,John Bates,TE,12.520003051757797
2023092408,3575,54481,Jahan Dotson,WR,13.629998168945292
2023092408,3600,44852,Curtis Samuel,WR,25.290001831054703
2023092408,3762,44852,Curtis Samuel,WR,11.7700018310547
2023092409,100,52552,DeeJay Dallas,RB,7.480001831054707
2023092409,173,46130,D.J. Chark,WR,12.659999084472698
2023092409,196,40488,Adam Thielen,WR,24.420000610351597
2023092409,259,55904,Jonathan Mingo,WR,8.3200036621094
2023092409,289,47836,Miles Sanders,RB,9.920002441406197
2023092409,570,47847,DK Metcalf,WR,25.880000610351594
2023092409,595,47803,Noah Fant,TE,13.899998626709
2023092409,697,47847,DK Metcalf,WR,38.8599998664856
2023092409,752,42412,Tyler Lockett,WR,16.9300009155273
2023092409,818,40488,Adam Thielen,WR,14.6899984741211
2023092409,865,55904,Jonathan Mingo,WR,16.2700018310547
2023092409,930,42412,Tyler Lockett,WR,6.740001831054698
2023092409,967,47803,Noah Fant,TE,12.549998168945294
2023092409,1100,42412,Tyler Lockett,WR,16.279996337890594
2023092409,1390,42412,Tyler Lockett,WR,29.500001220703
2023092409,1413,55884,Jaxon Smith-Njigba,WR,13.609998474121
2023092409,1479,46130,D.J. Chark,WR,32.020000915527305
2023092409,1502,55904,Jonathan Mingo,WR,12.029999694824198
2023092409,1530,40488,Adam Thielen,WR,10.379999694824207
2023092409,1555,55904,Jonathan Mingo,WR,10.799999694824209
2023092409,1659,55904,Jonathan Mingo,WR,15.749998321533198
2023092409,1713,46130,D.J. Chark,WR,35.209999694824205
2023092409,1770,42412,Tyler Lockett,WR,42.07999664306641
2023092409,1824,55884,Jaxon Smith-Njigba,WR,15.0999984741211
2023092409,1875,40488,Adam Thielen,WR,8.900000457763703
2023092409,1922,40488,Adam Thielen,WR,22.7900009155273
2023092409,2015,47847,DK Metcalf,WR,22.040000762939506
2023092409,2040,55917,Zach Charbonnet,RB,10.159999999999997
2023092409,2070,42412,Tyler Lockett,WR,15.0399963378906
2023092409,2117,47803,Noah Fant,TE,13.239999694824206
2023092409,2270,40488,Adam Thielen,WR,13.479999694824201
2023092409,2302,47836,Miles Sanders,RB,8.969997253418
2023092409,2361,46130,D.J. Chark,WR,28.07000122070309
2023092409,2384,40488,Adam Thielen,WR,18.360001068115203
2023092409,2519,46094,Hayden Hurst,TE,19.279998779296903
2023092409,2659,47847,DK Metcalf,WR,12.429998474121092
2023092409,2684,52541,Colby Parkinson,TE,8.920001831054705
2023092409,2714,47847,DK Metcalf,WR,20.389999084472706
2023092409,2739,54506,Kenneth Walker III,RB,7.9699998474121045
2023092409,3023,46130,D.J. Chark,WR,9.859997253418001
2023092409,3046,47836,Miles Sanders,RB,16.60000244140619
2023092409,3090,52541,Colby Parkinson,TE,13.070000305175803
2023092409,3241,47803,Noah Fant,TE,14.4700008392334
2023092409,3478,46130,D.J. Chark,WR,10.86
2023092409,3503,40488,Adam Thielen,WR,34.0900018310547
2023092409,3576,47836,Miles Sanders,RB,1.9499989318847994
2023092409,3611,53512,Tommy Tremble,TE,21.1299990844727
2023092409,3639,40488,Adam Thielen,WR,9.180000000000007
2023092409,3745,52541,Colby Parkinson,TE,10.519999542236299
2023092409,3770,47803,Noah Fant,TE,10.529999237060494
2023092409,3984,40488,Adam Thielen,WR,15.089997253417991
2023092409,4009,53488,Terrace Marshall Jr.,WR,13.659996948242195
2023092409,4034,53555,Chuba Hubbard,RB,0.4500027465820011
2023092409,4081,46130,D.J. Chark,WR,37.590000610351595
2023092409,4104,47836,Miles Sanders,RB,9.7799984741211
2023092409,4182,40488,Adam Thielen,WR,21.029998474121108
2023092409,4309,55917,Zach Charbonnet,RB,1.3199991607666028
2023092409,4360,46094,Hayden Hurst,TE,9.8399981689453
2023092409,4383,47836,Miles Sanders,RB,11.630001220703093
2023092409,4406,46170,Ian Thomas,TE,6.470000305175802
2023092409,4611,56471,Jake Bobo,WR,15.84999938964799
2023092409,4673,53488,Terrace Marshall Jr.,WR,9.939997558593802
2023092409,4703,53488,Terrace Marshall Jr.,WR,16.469996337890592
2023092409,4726,40488,Adam Thielen,WR,11.010002136230497
2023092409,4751,46130,D.J. Chark,WR,8.669998168945298
2023092409,4776,53488,Terrace Marshall Jr.,WR,14.489998474121101
2023092409,4801,47836,Miles Sanders,RB,9.109998168945296
2023092409,4826,53488,Terrace Marshall Jr.,WR,15.779999542236297
2023092409,4938,53488,Terrace Marshall Jr.,WR,11.790000152587904
2023092409,4968,40488,Adam Thielen,WR,19.86
2023092410,55,54520,Trey McBride,TE,7.7099972534179955
2023092410,152,39983,Zach Ertz,TE,7.0300006103516
2023092410,374,55959,Michael Wilson,WR,22.350000915527303
2023092410,533,44917,James Conner,RB,4.030000610351603
2023092410,661,55157,Peyton Hendershot,TE,9.559999542236298
2023092410,686,54594,Jake Ferguson,TE,6.890001220703098
2023092410,765,56457,Hunter Luepke,FB,9.829999847412104
2023092410,810,46150,Michael Gallup,WR,9.000000457763697
2023092410,840,41246,Brandin Cooks,WR,10.319997253417995
2023092410,995,47808,Marquise Brown,WR,17.959999389648388
2023092410,1178,53478,Rondale Moore,WR,0.219999694824196
2023092410,1352,46150,Michael Gallup,WR,1.6100015258789
2023092410,1382,55923,Luke Schoonmaker,TE,6.719999999999999
2023092410,1405,41246,Brandin Cooks,WR,12.0900003051758
2023092410,1488,54594,Jake Ferguson,TE,7.7199981689452954
2023092410,1603,41246,Brandin Cooks,WR,26.719999866485598
2023092410,1736,47808,Marquise Brown,WR,7.639999313354501
2023092410,1912,47808,Marquise Brown,WR,26.2600009155273
2023092410,1969,44917,James Conner,RB,4.029999694824198
2023092410,1999,53478,Rondale Moore,WR,3.910002746582009
2023092410,2079,52425,CeeDee Lamb,WR,11.60999664306641
2023092410,2104,47911,Tony Pollard,RB,4.829998474121098
2023092410,2257,54594,Jake Ferguson,TE,8.980001525878905
2023092410,2320,47808,Marquise Brown,WR,21.4100004577637
2023092410,2402,53478,Rondale Moore,WR,36.969996948242205
2023092410,2550,54594,Jake Ferguson,TE,8.10999664306641
2023092410,2619,52425,CeeDee Lamb,WR,0.18000122070309033
2023092410,2644,47911,Tony Pollard,RB,3.2300033569335938
2023092410,2672,52425,CeeDee Lamb,WR,35.000000915527295
2023092410,2727,54594,Jake Ferguson,TE,7.4899999237060975
2023092410,3039,46150,Michael Gallup,WR,27.410003662109403
2023092410,3098,52425,CeeDee Lamb,WR,8.330001831054702
2023092410,3247,54594,Jake Ferguson,TE,9.839999084472698
2023092410,3367,47808,Marquise Brown,WR,27.469998931884803
2023092410,3526,41246,Brandin Cooks,WR,9.410000915527299
2023092410,3671,41246,Brandin Cooks,WR,13.379998168945292
2023092410,3696,46150,Michael Gallup,WR,11.389997253418002
2023092410,3775,52425,CeeDee Lamb,WR,19.269998168944994
2023092410,3860,55959,Michael Wilson,WR,34.5899981689453
2023092410,3937,47808,Marquise Brown,WR,11.880000381469701
2023092410,4023,46150,Michael Gallup,WR,12.949999847412101
2023092410,4048,54594,Jake Ferguson,TE,16.580001220703096
2023092410,4071,46150,Michael Gallup,WR,10.669996643066405
2023092410,4187,46150,Michael Gallup,WR,28.899997253417993
2023092410,4358,41246,Brandin Cooks,WR,13.429999084472996
2023092411,77,54885,Justyn Ross,WR,8.830000762939502
2023092411,195,55920,Rashee Rice,WR,22.2099978637695
2023092411,369,40011,Travis Kelce,TE,20.720001831054702
2023092411,401,54519,Skyy Moore,WR,22.0800018310547
2023092411,522,40011,Travis Kelce,TE,18.580000305176
2023092411,631,46093,DJ Moore,WR,42.1600016784668
2023092411,780,52440,Clyde Edwards-Helaire,RB,3.2200000762939
2023092411,856,40011,Travis Kelce,TE,2.730001373291003
2023092411,901,40011,Travis Kelce,TE,22.640001373291
2023092411,1002,41325,Jerick McKinnon,RB,4.490000762939502
2023092411,1030,55920,Rashee Rice,WR,13.080000457763703
2023092411,1319,54519,Skyy Moore,WR,14.269999694824207
2023092411,1351,46213,Justin Watson,WR,39.569998931884804
2023092411,1376,53591,Noah Gray,TE,0.40999786376950453
2023092411,1474,46243,Marquez Valdes-Scantling,WR,34.99999998807907
2023092411,1554,54716,Isiah Pacheco,RB,10.309999847412099
2023092411,1577,41325,Jerick McKinnon,RB,7.0000004196167005
2023092411,1730,54716,Isiah Pacheco,RB,5.2999995422363
2023092411,1760,54519,Skyy Moore,WR,23.5499999237061
2023092411,1837,46093,DJ Moore,WR,40.449996337890596
2023092411,1860,52457,Chase Claypool,WR,15.7699981689453
2023092411,1897,55920,Rashee Rice,WR,11.979999313354497
2023092411,1922,55920,Rashee Rice,WR,11.140000457763701
2023092411,2013,55980,Roschon Johnson,RB,8.389999694824198
2023092411,2043,52457,Chase Claypool,WR,49.690003356933595
2023092411,2208,46213,Justin Watson,WR,23.520001525878904
2023092411,2244,53591,Noah Gray,TE,11.870000381469705
2023092411,2267,40011,Travis Kelce,TE,9.000000457763697
2023092411,2395,53646,Khalil Herbert,RB,6.939996948242197
2023092411,2469,40011,Travis Kelce,TE,10.580001373291005
2023092411,2494,46243,Marquez Valdes-Scantling,WR,36.280001831054705
2023092411,2563,54519,Skyy Moore,WR,10.969996337890592
2023092411,2666,46213,Justin Watson,WR,21.51000213623
2023092411,2689,40011,Travis Kelce,TE,18.229998779297006
2023092411,2863,55998,Tyler Scott,WR,39.6100010681152
2023092411,2886,52581,Darnell Mooney,WR,36.739999999999995
2023092411,2966,54519,Skyy Moore,WR,11.589997863769497
2023092411,3350,54519,Skyy Moore,WR,18.620001220703102
2023092411,3515,55920,Rashee Rice,WR,22.74000137329101
2023092411,3587,55920,Rashee Rice,WR,13.180001678466795
2023092411,3643,52451,Cole Kmet,TE,9.8799981689453
2023092411,3717,55980,Roschon Johnson,RB,10.460001373291
2023092411,3742,46093,DJ Moore,WR,29.770000000000003
2023092411,3797,55998,Tyler Scott,WR,20.869997863769996
2023092411,3820,46093,DJ Moore,WR,13.810001525879002
2023092412,148,41282,Davante Adams,WR,9.2100006103516
2023092412,195,41282,Davante Adams,WR,17.570003051757794
2023092412,307,54603,Calvin Austin III,WR,21.6399990844727
2023092412,356,41282,Davante Adams,WR,14.769998168945293
2023092412,410,41282,Davante Adams,WR,24.650001831054695
2023092412,545,48097,Jakobi Meyers,WR,17.779998626709002
2023092412,592,41282,Davante Adams,WR,35.1599995422363
2023092412,658,54517,George Pickens,WR,8.5499995422363
2023092412,703,54603,Calvin Austin III,WR,45.489997253418
2023092412,792,48097,Jakobi Meyers,WR,16.810000610351608
2023092412,817,42397,Ameer Abdullah,RB,23.800001525878912
2023092412,866,54673,Connor Heyward,TE,11.120001068115197
2023092412,918,54517,George Pickens,WR,16.549998626708998
2023092412,965,41290,Allen Robinson,WR,8.509998168945302
2023092412,1052,41282,Davante Adams,WR,8.750000915527295
2023092412,1097,41282,Davante Adams,WR,10.209998626708998
2023092412,1175,41282,Davante Adams,WR,23.720003356933596
2023092412,1200,48097,Jakobi Meyers,WR,37.1700036621094
2023092412,1234,55900,Michael Mayer,TE,18.989996643066405
2023092412,1261,53484,Pat Freiermuth,TE,8.830000305175801
2023092412,1424,54603,Calvin Austin III,WR,21.900000457763703
2023092412,1512,41282,Davante Adams,WR,31.1300015258789
2023092412,1559,42397,Ameer Abdullah,RB,12.759999847412104
2023092412,1604,54517,George Pickens,WR,18.070002746582006
2023092412,1658,54517,George Pickens,WR,17.4799989318848
2023092412,1737,41290,Allen Robinson,WR,10.159998779296906
2023092412,1979,48097,Jakobi Meyers,WR,15.869999084472695
2023092412,2008,47807,Josh Jacobs,RB,8.110001220703097
2023092412,2164,48097,Jakobi Meyers,WR,14.1899987792969
2023092412,2187,41282,Davante Adams,WR,28.32000244140619
2023092412,2210,47932,Hunter Renfrow,WR,12.449997558593807
2023092412,2254,41290,Allen Robinson,WR,13.860000915527301
2023092412,2301,54603,Calvin Austin III,WR,32.719999084472704
2023092412,2346,54517,George Pickens,WR,9.010001068115198
2023092412,2371,54905,Jaylen Warren,RB,6.540000610351605
2023092412,2528,41282,Davante Adams,WR,6.160001220703094
2023092412,2553,47807,Josh Jacobs,RB,6.990001068115198
2023092412,2576,48097,Jakobi Meyers,WR,30.989998626708996
2023092412,2603,54517,George Pickens,WR,14.970000762939502
2023092412,2682,53484,Pat Freiermuth,TE,17.5500018310547
2023092412,2737,53484,Pat Freiermuth,TE,24.650002746582004
2023092412,2818,48097,Jakobi Meyers,WR,23.9699992370605
2023092412,2866,41282,Davante Adams,WR,13.1200018310547
2023092412,2901,42397,Ameer Abdullah,RB,8.009999847412104
2023092412,3099,48097,Jakobi Meyers,WR,20.71000152587891
2023092412,3129,48097,Jakobi Meyers,WR,9.539996643066402
2023092412,3255,41282,Davante Adams,WR,22.970000152587897
2023092412,3292,41282,Davante Adams,WR,2.5599984741211017
2023092412,3317,47932,Hunter Renfrow,WR,11.390001831054704
2023092412,3464,41282,Davante Adams,WR,9.399999694824203
2023092412,3572,41282,Davante Adams,WR,8.769997558594
2023092412,3653,54603,Calvin Austin III,WR,9.820002746582006
2023092412,3698,53484,Pat Freiermuth,TE,23.459998474121093
2023092412,3765,47807,Josh Jacobs,RB,9.0899989318848
2023092412,3790,41282,Davante Adams,WR,18.199998474121095
2023092412,3815,47807,Josh Jacobs,RB,11.079998474121098
2023092412,3940,47807,Josh Jacobs,RB,7.7099972534179955
2023092412,3965,41282,Davante Adams,WR,3.169997863770007
2023092412,4098,41290,Allen Robinson,WR,9.869999084472695
2023092500,100,44896,Chris Godwin Jr.,WR,11.390000152587895
2023092500,135,55075,Deven Thompkins,WR,36.1099978637695
2023092500,180,41233,Mike Evans,WR,27.799999999999997
2023092500,258,47834,A.J. Brown,WR,11.130000915527305
2023092500,288,47834,A.J. Brown,WR,24.0299996948242
2023092500,373,48374,Olamide Zaccheaus,WR,27.26000022888184
2023092500,418,54571,Cade Otton,TE,21.590000762939503
2023092500,450,41233,Mike Evans,WR,8.009999084472696
2023092500,651,53946,Jack Stoll,TE,14.069999389648398
2023092500,730,46118,Dallas Goedert,TE,10.639999465942399
2023092500,861,55075,Deven Thompkins,WR,26.799998626708998
2023092500,943,53439,DeVonta Smith,WR,24.080001525878913
2023092500,1081,54556,Rachaad White,RB,3.9200015258789023
2023092500,1155,41233,Mike Evans,WR,13.019998779296898
2023092500,1180,54556,Rachaad White,RB,4.139999694824198
2023092500,1235,44896,Chris Godwin Jr.,WR,14.3199984741211
2023092500,1384,41233,Mike Evans,WR,22.910000343322803
2023092500,1463,53579,Kenneth Gainwell,RB,9.4299997711182
2023092500,1488,47834,A.J. Brown,WR,18.300001525878898
2023092500,1511,46118,Dallas Goedert,TE,17.540001831054703
2023092500,1558,48374,Olamide Zaccheaus,WR,25.1900009155273
2023092500,1605,47834,A.J. Brown,WR,12.449996337890596
2023092500,1654,48374,Olamide Zaccheaus,WR,34.45999877929701
2023092500,1943,52443,D'Andre Swift,RB,13.2300024414062
2023092500,2007,54556,Rachaad White,RB,10.110001831054703
2023092500,2077,47834,A.J. Brown,WR,7.6200030517577915
2023092500,2285,53439,DeVonta Smith,WR,12.6600033569336
2023092500,2381,47834,A.J. Brown,WR,15.159999084472702
2023092500,2407,46118,Dallas Goedert,TE,14.120000610351603
2023092500,2530,47834,A.J. Brown,WR,6.7299995803833
2023092500,2658,56056,Trey Palmer,WR,14.580000457763699
2023092500,2705,41233,Mike Evans,WR,18.889999694824198
2023092500,2728,41233,Mike Evans,WR,61.019998779297005
2023092500,2844,53946,Jack Stoll,TE,16.1499963378906
2023092500,2896,53439,DeVonta Smith,WR,48.6099999237061
2023092500,3064,47834,A.J. Brown,WR,15.429998168945303
2023092500,3094,46118,Dallas Goedert,TE,12.319999847412099
2023092500,3119,47834,A.J. Brown,WR,11.860000152587904
2023092500,3164,47834,A.J. Brown,WR,18.149998168945004
2023092500,3272,41233,Mike Evans,WR,21.040002746582005
2023092500,3307,41233,Mike Evans,WR,24.080001525878906
2023092500,3359,55075,Deven Thompkins,WR,11.299999694824198
2023092500,3406,44896,Chris Godwin Jr.,WR,10.270000228881802
2023092500,3436,41233,Mike Evans,WR,16.540000019073485
2023092500,3481,41233,Mike Evans,WR,8.07000019073486
2023092500,3576,46118,Dallas Goedert,TE,10.109999694824197
2023092500,3696,53579,Kenneth Gainwell,RB,38.3600012207031
2023092500,3719,47834,A.J. Brown,WR,16.6700012207031
2023092500,3793,53439,DeVonta Smith,WR,2.160002441406192
2023092500,3891,47834,A.J. Brown,WR,7.5200024414059925
2023092501,79,43344,Tyler Boyd,WR,6.600000457763699
2023092501,109,43344,Tyler Boyd,WR,12.629999847412101
2023092501,156,55996,Charlie Jones,WR,2.440001068115201
2023092501,181,53434,Ja'Marr Chase,WR,12.3799981689453
2023092501,238,46797,Tanner Hudson,TE,13.409999694824208
2023092501,282,43399,Tyler Higbee,TE,18.529999542236297
2023092501,336,56042,Puka Nacua,WR,17.090000152587898
2023092501,459,54629,Kyren Williams,RB,13.209999847412101
2023092501,547,52673,Mitchell Wilcox,TE,12.349998931884802
2023092501,625,43344,Tyler Boyd,WR,11.729998626708998
2023092501,699,56042,Puka Nacua,WR,11.300001220703095
2023092501,724,54629,Kyren Williams,RB,4.239996948242208
2023092501,773,46797,Tanner Hudson,TE,10.879999237060495
2023092501,845,44860,Joe Mixon,RB,1.0199990844727012
2023092501,870,53434,Ja'Marr Chase,WR,9.939999847412103
2023092501,895,53434,Ja'Marr Chase,WR,14.309997863769503
2023092501,967,52673,Mitchell Wilcox,TE,6.990000457763699
2023092501,1056,43344,Tyler Boyd,WR,11.2699989318848
2023092501,1110,46797,Tanner Hudson,TE,11.149998474121098
2023092501,1176,56042,Puka Nacua,WR,12.469998626709
2023092501,1210,43399,Tyler Higbee,TE,17.8000009155273
2023092501,1235,53486,Tutu Atwell,WR,32.2800036621094
2023092501,1265,54629,Kyren Williams,RB,9.109996643065998
2023092501,1310,53486,Tutu Atwell,WR,22.309998779297004
2023092501,1398,52441,Tee Higgins,WR,15.809999389648397
2023092501,1421,53434,Ja'Marr Chase,WR,20.159996643066407
2023092501,1451,52441,Tee Higgins,WR,14.239997253417997
2023092501,1494,52441,Tee Higgins,WR,12.560003051757803
2023092501,1601,43399,Tyler Higbee,TE,13.570000305175803
2023092501,1659,53434,Ja'Marr Chase,WR,9.500001220703098
2023092501,1684,52441,Tee Higgins,WR,18.449998474121088
2023092501,1707,43344,Tyler Boyd,WR,11.800000610351603
2023092501,1730,53434,Ja'Marr Chase,WR,45.2999996948242
2023092501,1773,52465,Van Jefferson,WR,19.149998626709
2023092501,1916,52441,Tee Higgins,WR,31.4899984741211
2023092501,1939,53434,Ja'Marr Chase,WR,26.929998931884803
2023092501,2042,56042,Puka Nacua,WR,11.2700015258789
2023092501,2147,53434,Ja'Marr Chase,WR,16.870000000000005
2023092501,2177,46797,Tanner Hudson,TE,22.349998321533207
2023092501,2202,43344,Tyler Boyd,WR,18.0000003814697
2023092501,2335,43399,Tyler Higbee,TE,25.63999664306641
2023092501,2529,54629,Kyren Williams,RB,9.580000457763699
2023092501,2669,53434,Ja'Marr Chase,WR,16.749999694824197
2023092501,2745,53434,Ja'Marr Chase,WR,12.720000305175795
2023092501,2792,52441,Tee Higgins,WR,11.510001220703103
2023092501,2817,53434,Ja'Marr Chase,WR,4.429998168945303
2023092501,2910,52465,Van Jefferson,WR,47.4399992370605
2023092501,2962,52441,Tee Higgins,WR,25.0600009155273
2023092501,3026,53434,Ja'Marr Chase,WR,30.1600004577637
2023092501,3086,52441,Tee Higgins,WR,19.09000366210941
2023092501,3109,47965,Trayveon Williams,RB,10.669996337890595
2023092501,3175,54629,Kyren Williams,RB,6.2799969482422
2023092501,3417,44860,Joe Mixon,RB,3.859999694824211
2023092501,3440,43344,Tyler Boyd,WR,9.419999389648396
2023092501,3522,47835,Drew Sample,TE,4.7199989318847955
2023092501,3569,43344,Tyler Boyd,WR,24.1399993896484
2023092501,3596,53486,Tutu Atwell,WR,38.2999995422363
2023092501,3759,53434,Ja'Marr Chase,WR,9.220001373290998
2023092501,3848,53486,Tutu Atwell,WR,37.5499987792969
2023092501,3871,53486,Tutu Atwell,WR,25.1799981689453
2023092501,4092,43399,Tyler Higbee,TE,10.829998474121098
2023092501,4117,53486,Tutu Atwell,WR,12.749997558593805
2023092501,4153,52465,Van Jefferson,WR,42.670000610352005
2023092501,4176,53486,Tutu Atwell,WR,12.510000305175794
2023092501,4241,56042,Puka Nacua,WR,37.970003051758
2023092501,4318,53486,Tutu Atwell,WR,10.069996643065991
2023092800,78,43584,Kalif Raymond,WR,2.719998779296901
2023092800,103,53541,Amon-Ra St. Brown,WR,22.71000122070309
2023092800,188,54597,Romeo Doubs,WR,11.339998779296906
2023092800,322,55876,Jahmyr Gibbs,RB,10.69999725341799
2023092800,369,55899,Sam LaPorta,TE,18.690001525878905
2023092800,394,53541,Amon-Ra St. Brown,WR,25.719999237060502
2023092800,485,54597,Romeo Doubs,WR,9.500000915527302
2023092800,508,52470,AJ Dillon,RB,7.719999313354499
2023092800,596,44930,Josh Reynolds,WR,24.9799981689453
2023092800,648,44930,Josh Reynolds,WR,17.53
2023092800,873,54597,Romeo Doubs,WR,26.6800010681152
2023092800,916,44930,Josh Reynolds,WR,19.889998779296903
2023092800,1015,44930,Josh Reynolds,WR,10.939996337890989
2023092800,1072,38696,Marvin Jones,WR,16.75
2023092800,1156,54499,Christian Watson,WR,14.1299975585938
2023092800,1310,54499,Christian Watson,WR,11.879996948242209
2023092800,1359,53541,Amon-Ra St. Brown,WR,14.180001220703097
2023092800,1446,44930,Josh Reynolds,WR,16.6199993896484
2023092800,1493,55876,Jahmyr Gibbs,RB,15.859998779296902
2023092800,1548,55907,Luke Musgrave,TE,5.0099993896480015
2023092800,1573,54597,Romeo Doubs,WR,12.00999847412109
2023092800,1669,54597,Romeo Doubs,WR,21.3599987792969
2023092800,1748,55899,Sam LaPorta,TE,7.749998931884804
2023092800,1818,55899,Sam LaPorta,TE,18.350001831054705
2023092800,1841,53541,Amon-Ra St. Brown,WR,13.0400015258789
2023092800,1866,55899,Sam LaPorta,TE,23.300003662109404
2023092800,2035,52502,Josiah Deguara,TE,13.530002441406197
2023092800,2083,52502,Josiah Deguara,TE,18.920002441406197
2023092800,2228,55943,Tucker Kraft,TE,10.009999237060502
2023092800,2275,54597,Romeo Doubs,WR,13.290001220703097
2023092800,2300,54499,Christian Watson,WR,28.019999694824197
2023092800,2425,55943,Tucker Kraft,TE,7.230000000000004
2023092800,2511,54597,Romeo Doubs,WR,23.560001220703
2023092800,2561,54499,Christian Watson,WR,7.940000610352001
2023092800,2652,55876,Jahmyr Gibbs,RB,0.38000152587891023
2023092800,2677,53541,Amon-Ra St. Brown,WR,14.019999084472701
2023092800,2748,55915,Jayden Reed,WR,36.189998168945294
2023092800,2771,54597,Romeo Doubs,WR,27.8199993896484
2023092800,2889,55876,Jahmyr Gibbs,RB,7.489996948242208
2023092800,3032,54597,Romeo Doubs,WR,9.429999542236303
2023092800,3057,55915,Jayden Reed,WR,48.36999755859381
2023092800,3102,55915,Jayden Reed,WR,18.74000005722046
2023092800,3234,47856,David Montgomery,RB,8.950001678466798
2023092800,3325,44930,Josh Reynolds,WR,28.659997253418
2023092800,3618,55915,Jayden Reed,WR,12.0999990844727
2023092800,3643,54597,Romeo Doubs,WR,17.070001525878908
2023092800,3691,52502,Josiah Deguara,TE,12.199996948242202
2023092800,3763,55915,Jayden Reed,WR,9.520000305175802
2023092800,3791,54597,Romeo Doubs,WR,16.9400003051758
2023092800,3987,54597,Romeo Doubs,WR,17.6500009155273
2023092800,4178,53541,Amon-Ra St. Brown,WR,11.859999389648394
2023100100,146,44835,Evan Engram,TE,6.249998474121099
2023100100,171,44835,Evan Engram,TE,10.8799996948242
2023100100,275,55872,Bijan Robinson,RB,6.539998474120992
2023100100,334,53574,Luke Farrell,TE,6.520001068115199
2023100100,465,46116,Christian Kirk,WR,14.450002441406191
2023100100,522,46095,Calvin Ridley,WR,41.04000122070299
2023100100,762,46116,Christian Kirk,WR,28.22
2023100100,846,44835,Evan Engram,TE,9.179998474121092
2023100100,891,46116,Christian Kirk,WR,28.990000381469702
2023100100,972,54473,Drake London,WR,16.839998779296906
2023100100,995,44912,Jonnu Smith,TE,16.8599998474121
2023100100,1042,54473,Drake London,WR,44.8200012207031
2023100100,1111,44835,Evan Engram,TE,9.609997863769507
2023100100,1283,55872,Bijan Robinson,RB,7.0899992370605
2023100100,1313,44912,Jonnu Smith,TE,7.5299995422363
2023100100,1360,46992,KhaDarel Hodge,WR,19.0299990844727
2023100100,1429,54473,Drake London,WR,12.8399981689453
2023100100,1495,53433,Kyle Pitts,TE,25.700000610351598
2023100100,1560,46116,Christian Kirk,WR,11.519999389648397
2023100100,1686,54473,Drake London,WR,10.590000915527302
2023100100,1718,55872,Bijan Robinson,RB,4.2200000762939
2023100100,1748,44931,Mack Hollins,WR,42.459997558593805
2023100100,1771,53433,Kyle Pitts,TE,12.080001525878899
2023100100,1870,46116,Christian Kirk,WR,10.820003051757794
2023100100,1893,46116,Christian Kirk,WR,18.450003356933593
2023100100,1923,46116,Christian Kirk,WR,11.5899981689453
2023100100,2091,46992,KhaDarel Hodge,WR,11.349999237060498
2023100100,2161,54473,Drake London,WR,22.710000038147
2023100100,2220,46095,Calvin Ridley,WR,13.780001525878898
2023100100,2245,53454,Travis Etienne,RB,7.489999694824199
2023100100,2304,53574,Luke Farrell,TE,9.910000762939504
2023100100,2616,53433,Kyle Pitts,TE,16.270001525878904
2023100100,2676,44931,Mack Hollins,WR,20.9700016784668
2023100100,2735,55872,Bijan Robinson,RB,9.389999389648395
2023100100,2814,44835,Evan Engram,TE,9.9199991607666
2023100100,2892,44835,Evan Engram,TE,11.250000915527302
2023100100,2939,46116,Christian Kirk,WR,19.1499990844727
2023100100,2989,44835,Evan Engram,TE,14.380001831054699
2023100100,3109,46116,Christian Kirk,WR,8.869999999999997
2023100100,3134,52708,JaMycal Hasty,RB,39.14999988555908
2023100100,3200,44931,Mack Hollins,WR,16.470000610351597
2023100100,3245,54473,Drake London,WR,11.559999999999999
2023100100,3314,44912,Jonnu Smith,TE,17.7499969482422
2023100100,3392,44912,Jonnu Smith,TE,15.589998168945002
2023100100,3417,54473,Drake London,WR,21.410002136230005
2023100100,3469,44835,Evan Engram,TE,15.34000366210941
2023100100,3776,44912,Jonnu Smith,TE,13.560001678466797
2023100100,3806,44912,Jonnu Smith,TE,13.930001068115196
2023100101,81,48415,Deonte Harty,WR,1.2600033569335949
2023100101,128,55889,Dalton Kincaid,TE,9.740003662109402
2023100101,197,42489,Stefon Diggs,WR,29.799999999999997
2023100101,238,52536,Gabe Davis,WR,26.88999965667725
2023100101,302,46192,Durham Smythe,TE,8.219998168945299
2023100101,327,46192,Durham Smythe,TE,15.790001068115195
2023100101,374,53435,Jaylen Waddle,WR,13.050000305175793
2023100101,403,43454,Tyreek Hill,WR,23.430000305175795
2023100101,589,55889,Dalton Kincaid,TE,10.01000061035161
2023100101,614,46671,Trent Sherfield,WR,9.489997863769503
2023100101,639,47879,Dawson Knox,TE,10.599997253417996
2023100101,671,55889,Dalton Kincaid,TE,10.179999084472698
2023100101,892,43454,Tyreek Hill,WR,23.469998626709
2023100101,974,42718,Raheem Mostert,RB,26.70000167846679
2023100101,1009,43454,Tyreek Hill,WR,19.2099993896484
2023100101,1066,46279,Braxton Berrios,WR,20.390000457763698
2023100101,1198,42489,Stefon Diggs,WR,14.3899989318848
2023100101,1304,42489,Stefon Diggs,WR,13.10999633789099
2023100101,1507,46279,Braxton Berrios,WR,7.75999755859381
2023100101,1617,40129,Latavius Murray,RB,5.050001831054701
2023100101,1676,42489,Stefon Diggs,WR,10.849999542236297
2023100101,1795,42718,Raheem Mostert,RB,6.900000610351611
2023100101,1878,42489,Stefon Diggs,WR,22.009999389648392
2023100101,1960,42718,Raheem Mostert,RB,4.969998779296901
2023100101,1990,46277,Cedrick Wilson Jr.,WR,13.519998779296898
2023100101,2100,54613,Khalil Shakir,WR,31.100001220703092
2023100101,2190,46279,Braxton Berrios,WR,10.7200015258789
2023100101,2352,55949,De'Von Achane,RB,2.9100006866454997
2023100101,2493,53435,Jaylen Waddle,WR,18.7300009155273
2023100101,2590,46279,Braxton Berrios,WR,22.180001831054994
2023100101,2682,55889,Dalton Kincaid,TE,7.350001525878909
2023100101,2707,54528,James Cook,RB,13.340003356933593
2023100101,2892,43808,Robbie Chosen,WR,27.199998626709
2023100101,2941,52536,Gabe Davis,WR,8.889998779296903
2023100101,2966,48415,Deonte Harty,WR,7.600000686645501
2023100101,2996,42489,Stefon Diggs,WR,18.8099998855591
2023100101,3066,43454,Tyreek Hill,WR,19.599999389648403
2023100101,3135,46279,Braxton Berrios,WR,12.699999237060496
2023100101,3216,52536,Gabe Davis,WR,36.56000038146969
2023100101,3441,46192,Durham Smythe,TE,10.98
2023100101,3567,40129,Latavius Murray,RB,8.170000610351602
2023100101,3653,53435,Jaylen Waddle,WR,9.80000274658201
2023100101,3730,48233,Alec Ingold,FB,22.32000122070309
2023100101,3919,46192,Durham Smythe,TE,6.740000762939509
2023100101,3990,46277,Cedrick Wilson Jr.,WR,15.060001678466797
2023100102,313,52584,K.J. Osborn,WR,11.009998168945003
2023100102,430,47885,Alexander Mattison,RB,7.6099990844726975
2023100102,628,40488,Adam Thielen,WR,16.910001525878897
2023100102,722,46170,Ian Thomas,TE,19.45999995231628
2023100102,945,52460,Cam Akers,RB,3.550000610351603
2023100102,992,52430,Justin Jefferson,WR,13.409998779296899
2023100102,1015,52430,Justin Jefferson,WR,10.3900007629395
2023100102,1062,47791,T.J. Hockenson,TE,8.9500004577637
2023100102,1092,52430,Justin Jefferson,WR,22.839999694824204
2023100102,1166,52430,Justin Jefferson,WR,10.659999790191652
2023100102,1237,40488,Adam Thielen,WR,15.460001220703099
2023100102,1336,46094,Hayden Hurst,TE,11.190001220703095
2023100102,1390,46094,Hayden Hurst,TE,14.909996643066407
2023100102,1700,46130,D.J. Chark,WR,15.619999694824198
2023100102,1830,52584,K.J. Osborn,WR,21.889999694824198
2023100102,1855,52430,Justin Jefferson,WR,25.08
2023100102,1944,40488,Adam Thielen,WR,16.060001678466797
2023100102,2105,53488,Terrace Marshall Jr.,WR,6.829997558593803
2023100102,2260,47791,T.J. Hockenson,TE,21.7299984741211
2023100102,2320,53555,Chuba Hubbard,RB,1.3700018310550064
2023100102,2374,53488,Terrace Marshall Jr.,WR,16.450000915527298
2023100102,2437,53555,Chuba Hubbard,RB,3.4700015258788994
2023100102,2474,40488,Adam Thielen,WR,12.480001220703095
2023100102,2857,52460,Cam Akers,RB,8.159996643066407
2023100102,2887,52430,Justin Jefferson,WR,38.980001220703
2023100102,2980,53488,Terrace Marshall Jr.,WR,11.740001678466797
2023100102,3054,53488,Terrace Marshall Jr.,WR,10.659999999999997
2023100102,3175,47836,Miles Sanders,RB,0.4699996948242102
2023100102,3330,52430,Justin Jefferson,WR,31.22000030517581
2023100102,3413,47836,Miles Sanders,RB,5.460001525878898
2023100102,3460,53488,Terrace Marshall Jr.,WR,9.899999694824196
2023100102,3485,46130,D.J. Chark,WR,22.510002441406193
2023100102,3540,53488,Terrace Marshall Jr.,WR,19.270001220703094
2023100103,56,45635,Robert Tonyan,TE,9.250000305175803
2023100103,81,46093,DJ Moore,WR,12.610001068115196
2023100103,148,46093,DJ Moore,WR,20.500000152587894
2023100103,225,42302,Chris Manhertz,TE,11.719999999999999
2023100103,250,52423,Jerry Jeudy,WR,11.139998168945297
2023100103,297,56502,Nate Adkins,TE,7.769999389648397
2023100103,338,53464,Javonte Williams,RB,8.450000915527298
2023100103,540,52581,Darnell Mooney,WR,19.569998779296903
2023100103,609,52581,Darnell Mooney,WR,10.499999389648401
2023100103,685,52581,Darnell Mooney,WR,8.0399963378906
2023100103,735,46093,DJ Moore,WR,35.2300001144409
2023100103,868,53464,Javonte Williams,RB,6.9699999237061006
2023100103,1023,46093,DJ Moore,WR,20.659999389648398
2023100103,1075,52451,Cole Kmet,TE,25.0299996948242
2023100103,1231,46109,Courtland Sutton,WR,9.639999084472699
2023100103,1256,44927,Samaje Perine,RB,9.750000915527302
2023100103,1330,46276,Equanimeous St. Brown,WR,26.669998474121094
2023100103,1404,52451,Cole Kmet,TE,18.6699983215332
2023100103,1560,46109,Courtland Sutton,WR,7.0999998474121
2023100103,1607,56502,Nate Adkins,TE,6.910001525878897
2023100103,1751,46093,DJ Moore,WR,27.8200021362305
2023100103,1810,52451,Cole Kmet,TE,9.430003356933597
2023100103,1885,45635,Robert Tonyan,TE,6.369997863769498
2023100103,2000,52423,Jerry Jeudy,WR,11.359997863769507
2023100103,2174,46093,DJ Moore,WR,13.059999237060495
2023100103,2219,52451,Cole Kmet,TE,10.189998931884801
2023100103,2244,46093,DJ Moore,WR,13.519999389648397
2023100103,2371,53646,Khalil Herbert,RB,0.30000335693358693
2023100103,2396,52581,Darnell Mooney,WR,16.96000152587891
2023100103,2465,53646,Khalil Herbert,RB,11.600000305175996
2023100103,2587,44927,Samaje Perine,RB,6.320000152587895
2023100103,2636,56513,Jaleel McLaughlin,RB,7.180000152587905
2023100103,2709,54967,Brandon Johnson,WR,18.070000095367433
2023100103,2871,52451,Cole Kmet,TE,11.639999084472706
2023100103,2977,52423,Jerry Jeudy,WR,13.399999084472697
2023100103,3035,52423,Jerry Jeudy,WR,22.609997558593804
2023100103,3105,48541,Lil'Jordan Humphrey,WR,11.919996337890595
2023100103,3180,46109,Courtland Sutton,WR,18.33000091552701
2023100103,3244,53646,Khalil Herbert,RB,7.3199996948242045
2023100103,3409,53646,Khalil Herbert,RB,5.330001220703096
2023100103,3467,53646,Khalil Herbert,RB,8.650000305175794
2023100103,3733,55928,Marvin Mims Jr.,WR,38.890001831054704
2023100103,3816,46109,Courtland Sutton,WR,12.879996643066406
2023100103,3875,52451,Cole Kmet,TE,12.8799990844727
2023100103,3923,46093,DJ Moore,WR,22.21000122070309
2023100103,3958,46093,DJ Moore,WR,14.480003356933594
2023100103,4023,52451,Cole Kmet,TE,10.689999694824209
2023100103,4056,52451,Cole Kmet,TE,24.520001525878904
2023100104,228,52595,Donovan Peoples-Jones,WR,11.369998168945298
2023100104,291,44841,David Njoku,TE,11.1900009155273
2023100104,316,52523,Harrison Bryant,TE,5.639998321533206
2023100104,341,52595,Donovan Peoples-Jones,WR,17.2900021362305
2023100104,406,46437,Gus Edwards,RB,6.339997863769497
2023100104,517,46155,Mark Andrews,TE,9.669996643066412
2023100104,590,42347,Amari Cooper,WR,47.98000030517579
2023100104,613,42347,Amari Cooper,WR,12.729998321533202
2023100104,767,53463,Elijah Moore,WR,13.899999237060499
2023100104,903,54621,Jerome Ford,RB,9.289996948242205
2023100104,1034,55886,Zay Flowers,WR,19.850003051757795
2023100104,1137,40026,Marquise Goodwin,WR,5.5900013732910026
2023100104,1237,44841,David Njoku,TE,13.51999938964839
2023100104,1316,46155,Mark Andrews,TE,21.339999237060496
2023100104,1397,55886,Zay Flowers,WR,7.539998779296901
2023100104,1490,54621,Jerome Ford,RB,12.449998626709004
2023100104,1513,44841,David Njoku,TE,14.639998168945297
2023100104,1560,54621,Jerome Ford,RB,6.100000305175804
2023100104,1693,46155,Mark Andrews,TE,11.2899993896484
2023100104,1893,46167,Jordan Akins,TE,10.000002441406195
2023100104,2133,42358,Melvin Gordon,RB,20.310003051757796
2023100104,2229,55886,Zay Flowers,WR,46.3900012207031
2023100104,2293,42363,Nelson Agholor,WR,20.290001831054994
2023100104,2335,46155,Mark Andrews,TE,21.580001525879013
2023100104,2457,54621,Jerome Ford,RB,9.869998779296907
2023100104,2527,42347,Amari Cooper,WR,18.13000152587891
2023100104,2672,42363,Nelson Agholor,WR,9.969998168945295
2023100104,2853,42347,Amari Cooper,WR,24.6499963378906
2023100104,2914,42347,Amari Cooper,WR,26.99999664306641
2023100104,2937,53463,Elijah Moore,WR,21.899996948242205
2023100104,3048,44841,David Njoku,TE,28.9300021362305
2023100104,3160,52500,Devin Duvernay,WR,11.679999542236303
2023100104,3242,44841,David Njoku,TE,11.619996337890996
2023100104,3289,54621,Jerome Ford,RB,11.7600009155273
2023100104,3732,44841,David Njoku,TE,13.559999389648404
2023100104,3757,44841,David Njoku,TE,8.350000152587896
2023100104,3782,52595,Donovan Peoples-Jones,WR,18.119996337890598
2023100104,3844,52595,Donovan Peoples-Jones,WR,37.71000335693359
2023100104,3915,45268,Patrick Ricard,FB,8.499998168945297
2023100104,3984,46155,Mark Andrews,TE,10.590000228881799
2023100104,4305,55939,Cedric Tillman,WR,9.249999084472698
2023100104,4352,55939,Cedric Tillman,WR,32.499997558594
2023100105,62,55934,Tank Dell,WR,18.519997253417998
2023100105,436,53518,Nico Collins,WR,14.08000009536743
2023100105,524,53484,Pat Freiermuth,TE,8.300000152587899
2023100105,655,54603,Calvin Austin III,WR,46.7200021362305
2023100105,805,39989,Robert Woods,WR,10.079999084472696
2023100105,830,55934,Tank Dell,WR,17.220000076293896
2023100105,875,39989,Robert Woods,WR,24.0800001525879
2023100105,946,54517,George Pickens,WR,9.580001831054702
2023100105,1003,54905,Jaylen Warren,RB,9.910000762939504
2023100105,1103,46206,Dalton Schultz,TE,23.999999694824197
2023100105,1172,54509,John Metchie III,WR,20.679998474120993
2023100105,1195,39989,Robert Woods,WR,11.199996643066413
2023100105,1293,41290,Allen Robinson,WR,14.880003051757797
2023100105,1318,54517,George Pickens,WR,18.649998779296908
2023100105,1360,53518,Nico Collins,WR,14.919999694824199
2023100105,1439,46206,Dalton Schultz,TE,12.6199966430664
2023100105,1486,48096,Andrew Beck,FB,9.600002746582007
2023100105,1615,54905,Jaylen Warren,RB,3.9099963378905898
2023100105,1711,54509,John Metchie III,WR,20.1399984741211
2023100105,1780,53518,Nico Collins,WR,18.120003662109404
2023100105,1829,54517,George Pickens,WR,10.559996948242201
2023100105,1861,54603,Calvin Austin III,WR,22.869996948242203
2023100105,1922,54905,Jaylen Warren,RB,7.309997558593807
2023100105,2044,53484,Pat Freiermuth,TE,11.35000244140619
2023100105,2102,53518,Nico Collins,WR,18.5699984741211
2023100105,2318,54603,Calvin Austin III,WR,18.97999755859381
2023100105,2526,53518,Nico Collins,WR,13.790000000000006
2023100105,2610,53484,Pat Freiermuth,TE,7.339998779296906
2023100105,2664,53453,Najee Harris,RB,14.269998474121095
2023100105,2692,54517,George Pickens,WR,23.490000305175997
2023100105,2744,41290,Allen Robinson,WR,16.290001525879006
2023100105,2810,55934,Tank Dell,WR,3.670002746582
2023100105,2966,55958,Darnell Washington,TE,6.509999999999998
2023100105,3024,53453,Najee Harris,RB,21.96
2023100105,3047,54517,George Pickens,WR,22.060002746582
2023100105,3157,53518,Nico Collins,WR,22.739999389648396
2023100105,3246,53518,Nico Collins,WR,19.880000915527305
2023100105,3337,46206,Dalton Schultz,TE,16.100001220702993
2023100105,3403,54603,Calvin Austin III,WR,15.329996337890591
2023100105,3433,54517,George Pickens,WR,23.620000457763695
2023100105,3456,54517,George Pickens,WR,14.0700021362305
2023100105,3596,39989,Robert Woods,WR,20.6700018310547
2023100105,3752,39989,Robert Woods,WR,16.409999237060497
2023100105,3777,53518,Nico Collins,WR,30.60999847412109
2023100105,3916,54905,Jaylen Warren,RB,8.489998474121094
2023100105,3970,54905,Jaylen Warren,RB,4.549998168945294
2023100106,55,56042,Puka Nacua,WR,20.300001373291
2023100106,102,56042,Puka Nacua,WR,20.370003662109404
2023100106,158,52465,Van Jefferson,WR,21.269996948242195
2023100106,233,56042,Puka Nacua,WR,13.009999694824003
2023100106,369,53556,Kylen Granson,TE,12.3799990844727
2023100106,835,55944,Josh Downs,WR,11.720000152587893
2023100106,952,43399,Tyler Higbee,TE,27.03000152587891
2023100106,1186,52442,Michael Pittman,WR,28.039998779296905
2023100106,1596,55944,Josh Downs,WR,28.919999389648403
2023100106,1724,54657,Andrew Ogletree,TE,10.239996643066405
2023100106,2008,44985,Isaiah McKenzie,WR,29.780001373291
2023100106,2147,55944,Josh Downs,WR,32.759998626709
2023100106,2247,43399,Tyler Higbee,TE,12.650002136230498
2023100106,2337,56042,Puka Nacua,WR,25.4500003051758
2023100106,2543,44792,Mo Alie-Cox,TE,21.229996337890597
2023100106,2639,53486,Tutu Atwell,WR,24.139997558593805
2023100106,2695,53556,Kylen Granson,TE,22.509999999999998
2023100106,2827,53556,Kylen Granson,TE,14.0200033569336
2023100106,2926,43399,Tyler Higbee,TE,24.550000610351596
2023100106,3110,53486,Tutu Atwell,WR,14.5299984741211
2023100106,3189,52494,Zack Moss,RB,6.2600018310547085
2023100106,3212,54518,Alec Pierce,WR,39.4200006103516
2023100106,3248,52442,Michael Pittman,WR,16.710000381469698
2023100106,3398,55145,Ronnie Rivers,RB,7.689999771118199
2023100106,3423,43399,Tyler Higbee,TE,16.500001831054703
2023100106,3607,54657,Andrew Ogletree,TE,20.610002441406195
2023100106,3654,54657,Andrew Ogletree,TE,20.130001373290995
2023100106,3723,54518,Alec Pierce,WR,13.3000002288818
2023100106,3746,53556,Kylen Granson,TE,25.020000686645503
2023100106,3823,54657,Andrew Ogletree,TE,6.339999923706102
2023100106,3897,43399,Tyler Higbee,TE,13.630000762939503
2023100106,3927,53486,Tutu Atwell,WR,13.719998626709
2023100106,4002,43399,Tyler Higbee,TE,13.479999694824198
2023100106,4092,52442,Michael Pittman,WR,22.630000152587904
2023100106,4138,53556,Kylen Granson,TE,33.9599996948242
2023100106,4187,53486,Tutu Atwell,WR,13.8399989318848
2023100106,4212,56042,Puka Nacua,WR,12.789998779296901
2023100106,4237,52465,Van Jefferson,WR,23.9000015258789
2023100106,4391,56042,Puka Nacua,WR,23.5999984741211
2023100106,4438,54629,Kyren Williams,RB,6.420000457763699
2023100106,4470,54629,Kyren Williams,RB,8.610000915527301
2023100106,4565,56042,Puka Nacua,WR,20.4099975585938
2023100107,63,44879,Alvin Kamara,RB,3.8900006103516027
2023100107,116,43336,Michael Thomas,WR,14.370000610351596
2023100107,192,55133,Rashid Shaheed,WR,22.409999694824208
2023100107,336,45244,Taysom Hill,QB,12.629996948242209
2023100107,408,41233,Mike Evans,WR,23.4300021362305
2023100107,455,44896,Chris Godwin Jr.,WR,11.240000152587903
2023100107,584,54571,Cade Otton,TE,9.879996337890603
2023100107,609,54556,Rachaad White,RB,6.589996643066399
2023100107,653,43336,Michael Thomas,WR,19.979998779296903
2023100107,721,53932,Adam Prentice,FB,9.830001373291001
2023100107,808,44896,Chris Godwin Jr.,WR,27.470000152587893
2023100107,831,54571,Cade Otton,TE,15.940000762939498
2023100107,874,55133,Rashid Shaheed,WR,8.839999389648398
2023100107,996,44879,Alvin Kamara,RB,8.669998474121101
2023100107,1045,55133,Rashid Shaheed,WR,7.169999542236297
2023100107,1075,44879,Alvin Kamara,RB,0.1299996948241997
2023100107,1120,55936,Kendre Miller,RB,7.7500007629395
2023100107,1195,52484,Ke'Shawn Vaughn,RB,8.4800009155273
2023100107,1220,44896,Chris Godwin Jr.,WR,10.489999694824203
2023100107,1289,44896,Chris Godwin Jr.,WR,12.999998931884804
2023100107,1319,41233,Mike Evans,WR,26.690002746582003
2023100107,1374,56056,Trey Palmer,WR,22.8700009155273
2023100107,1451,55075,Deven Thompkins,WR,8.340000305175792
2023100107,1564,54556,Rachaad White,RB,6.439996337890591
2023100107,1634,54571,Cade Otton,TE,5.080003356934
2023100107,1775,55133,Rashid Shaheed,WR,17.949997863769497
2023100107,1936,41233,Mike Evans,WR,9.650000610351597
2023100107,1968,56056,Trey Palmer,WR,11.379998779296905
2023100107,2020,55075,Deven Thompkins,WR,14.2899993896484
2023100107,2097,44896,Chris Godwin Jr.,WR,11.670003662109409
2023100107,2127,44896,Chris Godwin Jr.,WR,24.129996643065994
2023100107,2214,56056,Trey Palmer,WR,9.059997253418004
2023100107,2587,54476,Chris Olave,WR,31.349998931884805
2023100107,2612,54476,Chris Olave,WR,59.879999771118165
2023100107,2915,43336,Michael Thomas,WR,10.410001373290996
2023100107,3008,44879,Alvin Kamara,RB,5.600001068115198
2023100107,3088,44879,Alvin Kamara,RB,8.999999771118198
2023100107,3178,44896,Chris Godwin Jr.,WR,25.920000610351597
2023100107,3413,53932,Adam Prentice,FB,6.019999084472698
2023100107,3497,43336,Michael Thomas,WR,14.880001678466797
2023100107,3522,55133,Rashid Shaheed,WR,30.659999999999997
2023100107,3550,43336,Michael Thomas,WR,15.449998626708997
2023100107,3575,44879,Alvin Kamara,RB,7.509999694824202
2023100107,3605,44879,Alvin Kamara,RB,3.7899978637695
2023100107,3666,44879,Alvin Kamara,RB,6.619998779296907
2023100107,3725,44879,Alvin Kamara,RB,5.300002136230503
2023100107,3773,44879,Alvin Kamara,RB,11.079997253418
2023100107,3843,54571,Cade Otton,TE,5.260002441406186
2023100107,3894,55075,Deven Thompkins,WR,10.059997863769496
2023100107,3919,44896,Chris Godwin Jr.,WR,16.069999237060493
2023100107,4000,44896,Chris Godwin Jr.,WR,11.169998626709003
2023100107,4063,44896,Chris Godwin Jr.,WR,12.72999982833862
2023100107,4093,55075,Deven Thompkins,WR,15.959999809265101
2023100107,4158,54476,Chris Olave,WR,52.31999847412109
2023100107,4181,52488,Lynn Bowden,WR,16.279998779296903
2023100107,4204,43336,Michael Thomas,WR,24.980001525878897
2023100107,4373,54476,Chris Olave,WR,41.5100009155273
2023100108,77,47859,Terry McLaurin,WR,14.379999237060495
2023100108,102,47859,Terry McLaurin,WR,16.969998931884803
2023100108,154,44852,Curtis Samuel,WR,12.499998779296902
2023100108,179,54481,Jahan Dotson,WR,15.8399981689453
2023100108,293,54481,Jahan Dotson,WR,32.270000305176
2023100108,461,52443,D'Andre Swift,RB,11.399996337890599
2023100108,486,47834,A.J. Brown,WR,12.5200033569336
2023100108,557,53439,DeVonta Smith,WR,16.019999999999996
2023100108,582,47834,A.J. Brown,WR,15.630000152587904
2023100108,724,46118,Dallas Goedert,TE,11.439999465942403
2023100108,896,47859,Terry McLaurin,WR,5.860002441406195
2023100108,926,47859,Terry McLaurin,WR,21.2699987792969
2023100108,990,41349,Logan Thomas,TE,29.829999084472696
2023100108,1155,47834,A.J. Brown,WR,13.149999999999999
2023100108,1180,53439,DeVonta Smith,WR,12.0999990844727
2023100108,1451,53439,DeVonta Smith,WR,53.84000335693359
2023100108,1500,54481,Jahan Dotson,WR,12.069996643066403
2023100108,1559,41349,Logan Thomas,TE,9.599996643066405
2023100108,1584,47859,Terry McLaurin,WR,52.1100000762939
2023100108,1607,53511,Dyami Brown,WR,22.440001525878905
2023100108,1659,54563,Brian Robinson,RB,8.420000534057596
2023100108,1800,54481,Jahan Dotson,WR,11.130000381469703
2023100108,1902,46118,Dallas Goedert,TE,13.589999237060496
2023100108,1925,47834,A.J. Brown,WR,14.869998931884801
2023100108,1972,53439,DeVonta Smith,WR,44.78000335693359
2023100108,1997,53579,Kenneth Gainwell,RB,4.199998474121088
2023100108,2213,47834,A.J. Brown,WR,34.85000335693359
2023100108,2431,47859,Terry McLaurin,WR,9.149997253417993
2023100108,2456,54481,Jahan Dotson,WR,14.829996948242197
2023100108,2587,53579,Kenneth Gainwell,RB,9.070000915527302
2023100108,2612,47834,A.J. Brown,WR,36.209999694824205
2023100108,2685,41349,Logan Thomas,TE,6.540000610351612
2023100108,2777,53553,John Bates,TE,9.880003662109402
2023100108,2805,53511,Dyami Brown,WR,50.0899996948242
2023100108,2940,46118,Dallas Goedert,TE,25.910001220703094
2023100108,3078,53439,DeVonta Smith,WR,9.479999084472695
2023100108,3103,46118,Dallas Goedert,TE,23.950000610352006
2023100108,3272,44852,Curtis Samuel,WR,9.8100012207031
2023100108,3297,52474,Antonio Gibson,RB,9.139999694824198
2023100108,3354,44852,Curtis Samuel,WR,10.680001831054703
2023100108,3417,44852,Curtis Samuel,WR,6.819999084472698
2023100108,3442,54481,Jahan Dotson,WR,33.610001831055
2023100108,3500,44852,Curtis Samuel,WR,13.160001220703094
2023100108,3681,47834,A.J. Brown,WR,19.730000610351603
2023100108,3704,47834,A.J. Brown,WR,37.720001373291
2023100108,3787,46522,Byron Pringle,WR,42.2099990844727
2023100108,3973,48374,Olamide Zaccheaus,WR,18.280001831054705
2023100108,3996,48374,Olamide Zaccheaus,WR,20.650001678466793
2023100108,4079,47834,A.J. Brown,WR,13.530001525878902
2023100108,4131,47834,A.J. Brown,WR,41.91999984741211
2023100108,4218,44852,Curtis Samuel,WR,8.509999694824195
2023100108,4293,46522,Byron Pringle,WR,23.289998168945296
2023100108,4318,53511,Dyami Brown,WR,9.64999755859381
2023100108,4382,47859,Terry McLaurin,WR,16.800003356933587
2023100108,4407,47859,Terry McLaurin,WR,19.47000335693359
2023100108,4437,44852,Curtis Samuel,WR,12.359999694824012
2023100108,4467,54481,Jahan Dotson,WR,19.379999999999995
2023100108,4570,54481,Jahan Dotson,WR,11.090000915527298
2023100108,4595,47859,Terry McLaurin,WR,31.8200015258789
2023100108,4666,47834,A.J. Brown,WR,13.709999084472699
2023100108,4696,47834,A.J. Brown,WR,48.5999990844727
2023100108,4793,52443,D'Andre Swift,RB,1.5799999999999983
2023100108,4879,53439,DeVonta Smith,WR,12.920001831054705
2023100109,146,52441,Tee Higgins,WR,9.04
2023100109,201,52441,Tee Higgins,WR,9.769999999999996
2023100109,253,52441,Tee Higgins,WR,10.949996948242003
2023100109,461,39973,DeAndre Hopkins,WR,58.039999771118154
2023100109,484,43396,Chris Moore,WR,26.349998321533207
2023100109,507,55946,Tyjae Spears,RB,10.660000762939497
2023100109,620,53074,Nick Westbrook-Ikhine,WR,12.509998474121097
2023100109,730,53434,Ja'Marr Chase,WR,2.7299984741211034
2023100109,787,52441,Tee Higgins,WR,20.979999237060497
2023100109,822,53434,Ja'Marr Chase,WR,18.299998779296907
2023100109,1274,54608,Chig Okonkwo,TE,8.8600007629395
2023100109,1504,39973,DeAndre Hopkins,WR,36.1900018310547
2023100109,1534,56012,Josh Whyle,TE,17.87000305175779
2023100109,1559,53074,Nick Westbrook-Ikhine,WR,7.770000915527305
2023100109,1673,47835,Drew Sample,TE,0.559997253418004
2023100109,1724,43396,Chris Moore,WR,23.359998474121102
2023100109,1789,53074,Nick Westbrook-Ikhine,WR,24.3099981689453
2023100109,1900,53434,Ja'Marr Chase,WR,12.049999084472702
2023100109,1947,46797,Tanner Hudson,TE,5.439997558593802
2023100109,1979,43344,Tyler Boyd,WR,36.77999847412111
2023100109,2042,43396,Chris Moore,WR,46.4400006103516
2023100109,2188,39973,DeAndre Hopkins,WR,17.979998779297006
2023100109,2211,39973,DeAndre Hopkins,WR,9.069996337890998
2023100109,2248,56012,Josh Whyle,TE,11.65000213623
2023100109,2439,39973,DeAndre Hopkins,WR,9.1199995422363
2023100109,2526,53074,Nick Westbrook-Ikhine,WR,6.840000839233397
2023100109,2607,54608,Chig Okonkwo,TE,17.4299993896484
2023100109,2717,39973,DeAndre Hopkins,WR,16.6099984741211
2023100109,2822,54608,Chig Okonkwo,TE,10.979996337890597
2023100109,2883,43344,Tyler Boyd,WR,10.670000915527297
2023100109,2908,43344,Tyler Boyd,WR,12.530003662109408
2023100109,2933,46797,Tanner Hudson,TE,14.460001220703091
2023100109,2958,43344,Tyler Boyd,WR,12.199998626708997
2023100109,3161,53074,Nick Westbrook-Ikhine,WR,33.4700006103516
2023100109,3287,44860,Joe Mixon,RB,1.2699999237061004
2023100109,3321,43344,Tyler Boyd,WR,16.700001220703097
2023100109,3363,53074,Nick Westbrook-Ikhine,WR,9.719998168945295
2023100109,3417,55946,Tyjae Spears,RB,5.289998168945303
2023100109,3469,56093,Colton Dowell,WR,44.100000686645494
2023100109,3518,53434,Ja'Marr Chase,WR,10.9599992370605
2023100109,3543,53434,Ja'Marr Chase,WR,11.099999313354498
2023100109,3568,53434,Ja'Marr Chase,WR,3.920001373291001
2023100109,3621,48471,Trenton Irwin,WR,13.070001220703098
2023100109,3742,43344,Tyler Boyd,WR,9.119996643066408
2023100110,107,55061,Stone Smartt,TE,27.489998474121094
2023100110,526,44856,Gerald Everett,TE,7.519999237060496
2023100110,556,53506,Josh Palmer,WR,26.289997253417994
2023100110,599,47807,Josh Jacobs,RB,9.89999755859381
2023100110,653,48097,Jakobi Meyers,WR,18.4299998474121
2023100110,963,53506,Josh Palmer,WR,14.2799995422363
2023100110,1008,55885,Quentin Johnston,WR,27.789998626708993
2023100110,1082,54588,Isaiah Spiller,RB,3.069998168945297
2023100110,1129,40024,Keenan Allen,WR,22.0599989318848
2023100110,1184,54588,Isaiah Spiller,RB,8.1199995422363
2023100110,1209,55885,Quentin Johnston,WR,11.609999542236299
2023100110,1252,48456,Donald Parham,TE,28.63999989509583
2023100110,1325,41282,Davante Adams,WR,23.1699996948242
2023100110,1623,47807,Josh Jacobs,RB,2.4300007629395033
2023100110,1752,53506,Josh Palmer,WR,18.479999313354497
2023100110,1922,47807,Josh Jacobs,RB,13.1600004577637
2023100110,1945,47932,Hunter Renfrow,WR,21.950001373291002
2023100110,2045,53506,Josh Palmer,WR,9.88000244140619
2023100110,2087,48097,Jakobi Meyers,WR,15.129998626709
2023100110,2148,43370,Austin Hooper,TE,12.809999237060499
2023100110,2173,47932,Hunter Renfrow,WR,10.250001373291
2023100110,2317,47749,Jakob Johnson,FB,7.850000000000001
2023100110,2435,55885,Quentin Johnston,WR,33.15999969482421
2023100110,2458,53506,Josh Palmer,WR,39.26999938964839
2023100110,2550,47807,Josh Jacobs,RB,11.329998931884802
2023100110,2575,47749,Jakob Johnson,FB,8.3100012207031
2023100110,2642,41282,Davante Adams,WR,10.9800024414062
2023100110,2747,41282,Davante Adams,WR,1.0399963378909973
2023100110,2979,53506,Josh Palmer,WR,22.77999969482419
2023100110,3002,53506,Josh Palmer,WR,37.54000122070309
2023100110,3067,47807,Josh Jacobs,RB,9.039998474121102
2023100110,3122,41282,Davante Adams,WR,42.900001525878906
2023100110,3150,47807,Josh Jacobs,RB,11.009999999999998
2023100110,3369,42397,Ameer Abdullah,RB,9.250000305175803
2023100110,3582,41282,Davante Adams,WR,17.709999237060494
2023100110,3607,43370,Austin Hooper,TE,10.099998626708995
2023100110,3642,42397,Ameer Abdullah,RB,12.0899996948242
2023100110,3667,41282,Davante Adams,WR,11.0900018310547
2023100110,3690,41282,Davante Adams,WR,19.739999923706097
2023100110,3720,41282,Davante Adams,WR,15.349999237060498
2023100110,3750,41282,Davante Adams,WR,10.0900004196167
2023100110,3803,41282,Davante Adams,WR,6.449999618530301
2023100110,3911,44856,Gerald Everett,TE,12.219998168945299
2023100110,3936,40024,Keenan Allen,WR,41.4399984741211
2023100110,4017,47932,Hunter Renfrow,WR,18.3200006103516
2023100110,4042,41282,Davante Adams,WR,13.3199996185303
2023100110,4088,48097,Jakobi Meyers,WR,19.0900007629395
2023100110,4111,41282,Davante Adams,WR,22.959999923706103
2023100110,4136,48097,Jakobi Meyers,WR,7.7200001144409
2023100110,4243,53506,Josh Palmer,WR,41.6300016784668
2023100111,55,47911,Tony Pollard,RB,3.7199993896484003
2023100111,80,46150,Michael Gallup,WR,22.32
2023100111,110,54553,Jalen Tolbert,WR,11.209997558593805
2023100111,157,55923,Luke Schoonmaker,TE,25.300001831055
2023100111,180,54594,Jake Ferguson,TE,8.3000003051758
2023100111,205,52425,CeeDee Lamb,WR,13.849998779296996
2023100111,228,54594,Jake Ferguson,TE,1.970001525878999
2023100111,318,43324,Hunter Henry,TE,19.469997253418
2023100111,365,53549,Rhamondre Stevenson,RB,12.420002441406197
2023100111,390,56075,DeMario Douglas,WR,24.6500009155273
2023100111,582,41246,Brandin Cooks,WR,19.509999237060498
2023100111,629,53041,Rico Dowdle,RB,11.1999981689453
2023100111,676,46150,Michael Gallup,WR,9.509997863769499
2023100111,723,47911,Tony Pollard,RB,9.150002136230498
2023100111,770,52425,CeeDee Lamb,WR,27.850000915527005
2023100111,881,46111,Mike Gesicki,TE,16.399996948242205
2023100111,948,44874,JuJu Smith-Schuster,WR,10.219999542236302
2023100111,1007,44874,JuJu Smith-Schuster,WR,24.539999694824203
2023100111,1086,56077,Deuce Vaughn,RB,5.899999694824203
2023100111,1294,53549,Rhamondre Stevenson,RB,5.309999694824196
2023100111,1341,42357,DeVante Parker,WR,10.189998626708999
2023100111,1422,54594,Jake Ferguson,TE,25.109997558593804
2023100111,1447,52425,CeeDee Lamb,WR,16.729998779296906
2023100111,1543,54594,Jake Ferguson,TE,9.649999771118196
2023100111,1613,52425,CeeDee Lamb,WR,6.780000686645501
2023100111,1681,53549,Rhamondre Stevenson,RB,5.609999542236299
2023100111,1737,45185,Kendrick Bourne,WR,14.199998779296905
2023100111,1811,43324,Hunter Henry,TE,9.339999084472701
2023100111,1865,45185,Kendrick Bourne,WR,12.889999694824205
2023100111,1955,43324,Hunter Henry,TE,10.139999389648402
2023100111,1982,43293,Ezekiel Elliott,RB,3.9200018310547016
2023100111,2025,54594,Jake Ferguson,TE,15.219998168945295
2023100111,2050,54594,Jake Ferguson,TE,15.8400003051758
2023100111,2252,43324,Hunter Henry,TE,22.529998779296903
2023100111,2361,44874,JuJu Smith-Schuster,WR,9.150001373291005
2023100111,2395,52425,CeeDee Lamb,WR,26.0899981689453
2023100111,2436,41246,Brandin Cooks,WR,10.180000305175803
2023100111,2483,54594,Jake Ferguson,TE,2.8499984741210938
2023100111,2512,55923,Luke Schoonmaker,TE,6.889996643066411
2023100111,2535,46150,Michael Gallup,WR,9.910000610351602
2023100111,2592,47911,Tony Pollard,RB,6.670003662109011
2023100111,2680,43293,Ezekiel Elliott,RB,8.450003356933593
2023100111,2727,42357,DeVante Parker,WR,21.450002136230495
2023100111,2791,41246,Brandin Cooks,WR,10.100001525878902
2023100111,2903,46150,Michael Gallup,WR,10.430002441406188
2023100111,2986,42357,DeVante Parker,WR,18.320003051757794
2023100111,3055,46111,Mike Gesicki,TE,31.220001220703097
2023100111,3089,44874,JuJu Smith-Schuster,WR,20.910001525878904
2023100111,3207,54553,Jalen Tolbert,WR,21.230000305175793
2023100111,3331,43324,Hunter Henry,TE,5.4499996948242
2023100111,3378,56075,DeMario Douglas,WR,16.9399989318848
2023100111,3540,53117,KaVontae Turpin,WR,9.1099996948242
2023100111,3658,45185,Kendrick Bourne,WR,18.869999389648402
2023100111,3683,44874,JuJu Smith-Schuster,WR,14.1499987792969
2023100111,3706,42357,DeVante Parker,WR,23.290001831054703
2023100111,3859,54553,Jalen Tolbert,WR,16.5200003051758
2023100111,3906,54553,Jalen Tolbert,WR,11.330000915527307
2023100112,55,47808,Marquise Brown,WR,11.8399981689453
2023100112,102,39983,Zach Ertz,TE,17.5899996948242
2023100112,307,52433,Brandon Aiyuk,WR,15.190001220703095
2023100112,332,44820,Christian McCaffrey,RB,9.510003356933595
2023100112,357,44820,Christian McCaffrey,RB,11.960001525878909
2023100112,471,53478,Rondale Moore,WR,5.250001220703098
2023100112,610,47808,Marquise Brown,WR,12.030002441406197
2023100112,667,55959,Michael Wilson,WR,11.349999999999994
2023100112,692,39983,Zach Ertz,TE,9.0
2023100112,804,55113,Jordan Mason,RB,12.4099981689453
2023100112,895,44959,George Kittle,TE,11.709999999999994
2023100112,940,44820,Christian McCaffrey,RB,9.349998779296904
2023100112,1183,47808,Marquise Brown,WR,17.960000457763698
2023100112,1253,47808,Marquise Brown,WR,40.93000000000001
2023100112,1351,45102,Zach Pascal,WR,14.569997863769501
2023100112,1376,45102,Zach Pascal,WR,11.410000610351602
2023100112,1432,39983,Zach Ertz,TE,22.779998779297003
2023100112,1498,52433,Brandon Aiyuk,WR,11.6900003051758
2023100112,1523,52433,Brandon Aiyuk,WR,47.4499989318848
2023100112,1548,46256,Ray-Ray McCloud,WR,17.5700006866455
2023100112,1595,44820,Christian McCaffrey,RB,10.239999923706101
2023100112,1734,53478,Rondale Moore,WR,11.2200009155273
2023100112,1838,44917,James Conner,RB,10.260001525878899
2023100112,1890,47808,Marquise Brown,WR,12.7999995422363
2023100112,1915,56395,Emari Demercado,RB,8.259999084472696
2023100112,1940,47808,Marquise Brown,WR,43.6600006103516
2023100112,1977,55959,Michael Wilson,WR,38.949996337890596
2023100112,2006,55959,Michael Wilson,WR,30.090000000000003
2023100112,2160,41500,Willie Snead,WR,12.9100000762939
2023100112,2207,52433,Brandon Aiyuk,WR,26.8099981689453
2023100112,2237,44820,Christian McCaffrey,RB,8.169996337890595
2023100112,2304,44820,Christian McCaffrey,RB,13.770002746582001
2023100112,2383,47808,Marquise Brown,WR,14.619996948242203
2023100112,2539,47808,Marquise Brown,WR,29.370001525878898
2023100112,2591,54520,Trey McBride,TE,12.679999084472698
2023100112,2648,55959,Michael Wilson,WR,12.2700000762939
2023100112,2709,52433,Brandon Aiyuk,WR,39.8299990844727
2023100112,2803,44820,Christian McCaffrey,RB,5.889998779296903
2023100112,2828,40078,Kyle Juszczyk,FB,9.510003662109398
2023100112,2878,44820,Christian McCaffrey,RB,9.4999995422363
2023100112,3012,39983,Zach Ertz,TE,16.439998779296904
2023100112,3060,55959,Michael Wilson,WR,11.680001678466798
2023100112,3091,47808,Marquise Brown,WR,21.070001220703098
2023100112,3119,55959,Michael Wilson,WR,4.030001678466796
2023100112,3439,52433,Brandon Aiyuk,WR,25.080000076293896
2023100112,3522,46256,Ray-Ray McCloud,WR,16.809999542236298
2023100112,3741,47808,Marquise Brown,WR,16.919999237060498
2023100112,3766,39983,Zach Ertz,TE,13.099998931884798
2023100112,3791,56395,Emari Demercado,RB,10.790000610351598
2023100112,3816,56395,Emari Demercado,RB,10.5600004577637
2023100112,3839,55959,Michael Wilson,WR,11.889998931884804
2023100112,3864,39983,Zach Ertz,TE,19.939996337890598
2023100112,3889,39983,Zach Ertz,TE,13.759999694824202
2023100112,3914,39983,Zach Ertz,TE,17.010000915527
2023100112,3950,45102,Zach Pascal,WR,4.129997863769503
2023100112,3980,39983,Zach Ertz,TE,19.81000030517599
2023100112,4010,45102,Zach Pascal,WR,28.699997558594006
2023100113,110,40011,Travis Kelce,TE,20.389997253417995
2023100113,135,40011,Travis Kelce,TE,14.159997558593801
2023100113,209,54519,Skyy Moore,WR,13.950002136230495
2023100113,298,54475,Garrett Wilson,WR,8.669997253418003
2023100113,323,54475,Garrett Wilson,WR,16.240001220703093
2023100113,377,53591,Noah Gray,TE,27.139999694824198
2023100113,580,54501,Breece Hall,RB,10.739997253417997
2023100113,627,46226,Tyler Conklin,TE,10.460003356933598
2023100113,724,54716,Isiah Pacheco,RB,13.679999237060496
2023100113,819,53591,Noah Gray,TE,23.330001525878913
2023100113,905,54501,Breece Hall,RB,9.259998779296907
2023100113,930,54475,Garrett Wilson,WR,15.750002136230492
2023100113,975,56252,Xavier Gipson,WR,7.710002746582006
2023100113,1020,46226,Tyler Conklin,TE,16.0099995422363
2023100113,1078,40011,Travis Kelce,TE,11.249999084473004
2023100113,1211,54475,Garrett Wilson,WR,23.229998779296903
2023100113,1236,46705,Allen Lazard,WR,46.730001525878905
2023100113,1261,54566,Jeremy Ruckert,TE,8.369998168945301
2023100113,1316,46226,Tyler Conklin,TE,21.140001831055002
2023100113,1389,53591,Noah Gray,TE,20.790002441406187
2023100113,1476,54475,Garrett Wilson,WR,36.92999847412099
2023100113,1521,37139,Randall Cobb,WR,11.420001525878902
2023100113,1618,42500,C.J. Uzomah,TE,14.02000152587901
2023100113,1682,54716,Isiah Pacheco,RB,10.040002746582005
2023100113,1751,40011,Travis Kelce,TE,11.610000305175802
2023100113,1796,53449,Kadarius Toney,WR,22.589998474121103
2023100113,1843,55920,Rashee Rice,WR,8.770000839233397
2023100113,2000,53536,Michael Carter,RB,12.2699989318848
2023100113,2025,46226,Tyler Conklin,TE,14.059999542236298
2023100113,2077,37139,Randall Cobb,WR,10.190000610351603
2023100113,2102,53536,Michael Carter,RB,14.940001525878905
2023100113,2183,40011,Travis Kelce,TE,31.660000305175807
2023100113,2239,54475,Garrett Wilson,WR,29.930003356933597
2023100113,2332,46226,Tyler Conklin,TE,28.819999847412102
2023100113,2357,46705,Allen Lazard,WR,17.560001525878903
2023100113,2451,54475,Garrett Wilson,WR,9.3700024414062
2023100113,2476,46705,Allen Lazard,WR,19.72
2023100113,2580,46243,Marquez Valdes-Scantling,WR,51.87000183105471
2023100113,2689,53536,Michael Carter,RB,8.099999389648403
2023100113,2957,37139,Randall Cobb,WR,10.440000610351603
2023100113,2980,37139,Randall Cobb,WR,20.449997253417997
2023100113,3023,55920,Rashee Rice,WR,8.500000305175789
2023100113,3082,54716,Isiah Pacheco,RB,6.680000000000007
2023100113,3112,40011,Travis Kelce,TE,9.749996337890593
2023100113,3137,46243,Marquez Valdes-Scantling,WR,11.949996643066413
2023100113,3167,46213,Justin Watson,WR,11.790000305175795
2023100113,3298,55920,Rashee Rice,WR,10.880001220703093
2023100113,3402,55920,Rashee Rice,WR,15.219998168944997
2023100113,3497,54475,Garrett Wilson,WR,9.639996337890594
2023100113,3522,54475,Garrett Wilson,WR,15.750003051757801
2023100113,3547,46226,Tyler Conklin,TE,8.529999694824198
2023100113,3911,40011,Travis Kelce,TE,12.1100030517578
2023100200,101,54577,Daniel Bellinger,TE,7.869997558593809
2023100200,148,47842,Parris Campbell,WR,8.9199983215332
2023100200,195,54508,Wan'Dale Robinson,WR,9.959999389648395
2023100200,376,55884,Jaxon Smith-Njigba,WR,4.300000915527303
2023100200,492,42547,Darren Waller,TE,10.539999084472697
2023100200,537,47954,Darius Slayton,WR,14.890000915527295
2023100200,578,47803,Noah Fant,TE,11.029998168945298
2023100200,709,42412,Tyler Lockett,WR,13.68
2023100200,779,48266,Cody Thompson,WR,14.319998626708998
2023100200,809,47847,DK Metcalf,WR,19.8799996948242
2023100200,976,47847,DK Metcalf,WR,23.359998474121
2023100200,1113,45186,Matt Breida,RB,20.51
2023100200,1236,47847,DK Metcalf,WR,21.790002441406187
2023100200,1439,52615,Isaiah Hodgins,WR,10.4699994659424
2023100200,1527,45186,Matt Breida,RB,6.710000457763702
2023100200,1584,52615,Isaiah Hodgins,WR,13.519999542236299
2023100200,1609,54508,Wan'Dale Robinson,WR,9.409999389648405
2023100200,1668,55938,Jalin Hyatt,WR,10.369999999999997
2023100200,1693,47842,Parris Campbell,WR,9.700002136230495
2023100200,1769,55884,Jaxon Smith-Njigba,WR,25.430003051757794
2023100200,1818,47847,DK Metcalf,WR,12.989998779296897
2023100200,1848,42412,Tyler Lockett,WR,14.870001831054708
2023100200,1878,55884,Jaxon Smith-Njigba,WR,32.83999969482419
2023100200,1901,47803,Noah Fant,TE,14.719999542236295
2023100200,2029,45186,Matt Breida,RB,2.6599991607666027
2023100200,2054,54508,Wan'Dale Robinson,WR,8.889998321533202
2023100200,2436,42412,Tyler Lockett,WR,17.4700030517578
2023100200,2461,42412,Tyler Lockett,WR,27.479999389648405
2023100200,2568,42412,Tyler Lockett,WR,15.400000686645498
2023100200,2615,55917,Zach Charbonnet,RB,9.039999542236302
2023100200,2649,54508,Wan'Dale Robinson,WR,8.5699999237061
2023100200,2946,55938,Jalin Hyatt,WR,10.080000610351604
2023100200,3020,52615,Isaiah Hodgins,WR,13.229997253417991
2023100200,3123,47842,Parris Campbell,WR,11.279997863770006
2023100200,3211,47954,Darius Slayton,WR,12.260000610351597
2023100200,3236,45186,Matt Breida,RB,13.0899981689453
2023100200,3331,54508,Wan'Dale Robinson,WR,12.329999084472703
2023100200,3423,43329,Sterling Shepard,WR,10.540000915527301
2023100200,3499,55884,Jaxon Smith-Njigba,WR,12.939998779296904
2023100200,3536,52541,Colby Parkinson,TE,35.13000061035161
2023100200,3568,52552,DeeJay Dallas,RB,16.049999847412103
2023100200,3685,47954,Darius Slayton,WR,10.259996643066401
2023100200,3950,42547,Darren Waller,TE,12.35000244140619
2023100200,4017,42547,Darren Waller,TE,12.569996948242206
2023100500,56,52581,Darnell Mooney,WR,37.890000305175796
2023100500,101,46093,DJ Moore,WR,41.7500010681152
2023100500,180,46093,DJ Moore,WR,33.99000019073486
2023100500,266,41349,Logan Thomas,TE,6.7799998474121
2023100500,381,45635,Robert Tonyan,TE,8.260001525878906
2023100500,406,52581,Darnell Mooney,WR,31.229998626709005
2023100500,476,45635,Robert Tonyan,TE,12.719999237060499
2023100500,592,52451,Cole Kmet,TE,11.9899997711182
2023100500,818,46093,DJ Moore,WR,11.950002441406198
2023100500,964,46093,DJ Moore,WR,26.790003662109
2023100500,1064,44852,Curtis Samuel,WR,8.74000244140619
2023100500,1089,41349,Logan Thomas,TE,4.969999389648393
2023100500,1119,54481,Jahan Dotson,WR,13.50000335693359
2023100500,1171,47859,Terry McLaurin,WR,9.370000152587899
2023100500,1201,41349,Logan Thomas,TE,13.120000610351603
2023100500,1226,53511,Dyami Brown,WR,46.539999656677196
2023100500,1421,52451,Cole Kmet,TE,20.480000610351595
2023100500,1535,46276,Equanimeous St. Brown,WR,7.429999389648401
2023100500,1631,52451,Cole Kmet,TE,9.339999389648398
2023100500,1656,52581,Darnell Mooney,WR,31.760001525879005
2023100500,1722,44852,Curtis Samuel,WR,17.609997863769507
2023100500,1872,52451,Cole Kmet,TE,10.439998168944996
2023100500,1963,52474,Antonio Gibson,RB,7.3299963378905915
2023100500,1993,52474,Antonio Gibson,RB,9.810000915527297
2023100500,2131,54563,Brian Robinson,RB,10.96
2023100500,2156,41349,Logan Thomas,TE,10.910000915527299
2023100500,2186,52474,Antonio Gibson,RB,8.1499987792969
2023100500,2255,41349,Logan Thomas,TE,14.739998474120995
2023100500,2400,46093,DJ Moore,WR,11.189997253418
2023100500,2425,53646,Khalil Herbert,RB,13.230000610351603
2023100500,2501,41349,Logan Thomas,TE,4.0300006103516
2023100500,2531,41349,Logan Thomas,TE,7.009998321533203
2023100500,2693,54563,Brian Robinson,RB,6.0800006103516
2023100500,2730,52474,Antonio Gibson,RB,32.3400016784668
2023100500,2755,54481,Jahan Dotson,WR,15.079996337890591
2023100500,2800,54481,Jahan Dotson,WR,11.040000610351612
2023100500,2964,46093,DJ Moore,WR,9.910002746582009
2023100500,3075,46093,DJ Moore,WR,36.390001525879
2023100500,3163,47859,Terry McLaurin,WR,15.960002746582006
2023100500,3199,46522,Byron Pringle,WR,14.1800036621094
2023100500,3224,46522,Byron Pringle,WR,13.119999694824195
2023100500,3247,42448,Jamison Crowder,WR,12.349999542236304
2023100500,3302,41349,Logan Thomas,TE,40.8800003814697
2023100500,3325,53511,Dyami Brown,WR,7.0700007629395
2023100500,3350,44852,Curtis Samuel,WR,24.3199996948242
2023100500,3375,41349,Logan Thomas,TE,4.030000152587903
2023100500,3398,53511,Dyami Brown,WR,6.220000038147001
2023100500,3421,44852,Curtis Samuel,WR,12.59000007629395
2023100500,3532,46093,DJ Moore,WR,10.1799992370605
2023100500,3575,52474,Antonio Gibson,RB,3.8100030517578034
2023100500,3605,44852,Curtis Samuel,WR,18.519998474121095
2023100500,3672,41349,Logan Thomas,TE,7.360003356933589
2023100500,3697,47859,Terry McLaurin,WR,47.469999465942394
2023100500,3745,47859,Terry McLaurin,WR,22.38999969482419
2023100500,3770,54481,Jahan Dotson,WR,29.099999580383297
2023100500,3793,54563,Brian Robinson,RB,0.21000106811519714
2023100500,3827,52474,Antonio Gibson,RB,3.0600015258788957
2023100500,3918,46093,DJ Moore,WR,10.870000762939505
2023100500,4002,44852,Curtis Samuel,WR,12.619996337890598
2023100500,4047,54614,Cole Turner,TE,10.340000000000003
2023100500,4195,44852,Curtis Samuel,WR,11.710003356933598
2023100500,4220,53553,John Bates,TE,10.219996337890592
2023100500,4268,47859,Terry McLaurin,WR,12.149999084472697
2023100500,4293,42448,Jamison Crowder,WR,13.670000915527297
2023100500,4318,53553,John Bates,TE,10.270000915527298
2023100800,62,53574,Luke Farrell,TE,8.710000305175798
2023100800,220,42489,Stefon Diggs,WR,10.020002441406191
2023100800,245,54528,James Cook,RB,7.129999694824207
2023100800,317,46116,Christian Kirk,WR,24.059998474121095
2023100800,657,47879,Dawson Knox,TE,5.889999389648395
2023100800,682,55889,Dalton Kincaid,TE,9.010003051757792
2023100800,783,46116,Christian Kirk,WR,26.4199996948242
2023100800,835,46095,Calvin Ridley,WR,21.469997558593803
2023100800,860,44835,Evan Engram,TE,39.97000091552701
2023100800,883,53454,Travis Etienne,RB,5.360000305175802
2023100800,1006,52536,Gabe Davis,WR,11.400003356933595
2023100800,1053,47879,Dawson Knox,TE,5.75
2023100800,1120,47879,Dawson Knox,TE,17.6799978637695
2023100800,1186,44849,Zay Jones,WR,10.409999694824208
2023100800,1238,44835,Evan Engram,TE,12.029997558593806
2023100800,1393,55926,Brenton Strange,TE,17.110000152587894
2023100800,1418,44849,Zay Jones,WR,23.900000457763696
2023100800,1479,42489,Stefon Diggs,WR,25.159999237060497
2023100800,1516,52536,Gabe Davis,WR,15.650000305175801
2023100800,1563,40129,Latavius Murray,RB,5.160001373291003
2023100800,1676,44835,Evan Engram,TE,14.130000610351601
2023100800,1699,44835,Evan Engram,TE,9.340003051757805
2023100800,1744,42489,Stefon Diggs,WR,17.2299990844727
2023100800,1796,48415,Deonte Harty,WR,23.8499984741211
2023100800,1821,54528,James Cook,RB,11.490000000000002
2023100800,1933,42489,Stefon Diggs,WR,8.7700018310547
2023100800,1990,52536,Gabe Davis,WR,17.049996643066407
2023100800,2020,42489,Stefon Diggs,WR,24.199998168945
2023100800,2077,53454,Travis Etienne,RB,8.159996643066407
2023100800,2102,44849,Zay Jones,WR,10.380001220703093
2023100800,2132,53454,Travis Etienne,RB,10.690002441406193
2023100800,2157,46095,Calvin Ridley,WR,21.250001373291
2023100800,2199,46116,Christian Kirk,WR,11.080000381469699
2023100800,2342,42489,Stefon Diggs,WR,12.929996643066403
2023100800,2389,52536,Gabe Davis,WR,9.989999999999995
2023100800,2782,54528,James Cook,RB,2.260000762939505
2023100800,2812,52536,Gabe Davis,WR,19.030001831054705
2023100800,2835,47879,Dawson Knox,TE,25.7900002288818
2023100800,2934,46095,Calvin Ridley,WR,22.48
2023100800,2981,53707,Tim Jones,WR,20.910001220703098
2023100800,3004,46095,Calvin Ridley,WR,19.7300010681152
2023100800,3066,44835,Evan Engram,TE,7.780001220703099
2023100800,3098,46116,Christian Kirk,WR,12.729999237060497
2023100800,3123,46116,Christian Kirk,WR,12.759997253418
2023100800,3234,46095,Calvin Ridley,WR,20.9400018310547
2023100800,3359,55889,Dalton Kincaid,TE,16.550001525878898
2023100800,3443,47879,Dawson Knox,TE,19.250002441406195
2023100800,3466,42489,Stefon Diggs,WR,56.2100009155273
2023100800,3504,46095,Calvin Ridley,WR,23.559997863769496
2023100800,3604,53454,Travis Etienne,RB,14.700002746582001
2023100800,3708,46116,Christian Kirk,WR,11.019999847412102
2023100800,3917,52536,Gabe Davis,WR,28.8399981689453
2023100800,3975,47879,Dawson Knox,TE,10.229999847412103
2023100800,4000,54528,James Cook,RB,9.4500018310547
2023100800,4030,42489,Stefon Diggs,WR,10.1400006103516
2023100800,4055,46671,Trent Sherfield,WR,12.230003356933594
2023100800,4113,54613,Khalil Shakir,WR,10.419999389648396
2023100800,4174,42489,Stefon Diggs,WR,12.649997253417993
2023100800,4235,52536,Gabe Davis,WR,25.499997863770005
2023100800,4350,46095,Calvin Ridley,WR,35.459999542236304
2023100800,4478,48415,Deonte Harty,WR,50.1000018310547
2023100800,4503,52536,Gabe Davis,WR,33.129998168944994
2023100800,4731,42489,Stefon Diggs,WR,24.420000381469702
2023100801,128,54473,Drake London,WR,18.060001831054706
2023100801,199,46206,Dalton Schultz,TE,10.649998168945295
2023100801,224,54509,John Metchie III,WR,8.680002746582005
2023100801,341,44912,Jonnu Smith,TE,5.759996643066401
2023100801,391,44912,Jonnu Smith,TE,14.6600004577637
2023100801,460,53433,Kyle Pitts,TE,22.480000839233398
2023100801,590,55934,Tank Dell,WR,8.420000457763699
2023100801,615,47857,Devin Singletary,RB,3.3299987792969006
2023100801,674,44931,Mack Hollins,WR,27.56000030517579
2023100801,779,44912,Jonnu Smith,TE,13.300001373290996
2023100801,868,55934,Tank Dell,WR,20.0400009155273
2023100801,915,53518,Nico Collins,WR,17.1300003051758
2023100801,982,46206,Dalton Schultz,TE,20.589999694824204
2023100801,1005,39989,Robert Woods,WR,10.420000000000002
2023100801,1119,44912,Jonnu Smith,TE,4.799999084472702
2023100801,1148,53433,Kyle Pitts,TE,15.0500009155273
2023100801,1191,54635,Teagan Quitoriano,TE,17.539996948242205
2023100801,1245,55934,Tank Dell,WR,20.479999847412095
2023100801,1268,39989,Robert Woods,WR,23.490000152587903
2023100801,1311,41808,Keith Smith,FB,24.170001678466797
2023100801,1365,46992,KhaDarel Hodge,WR,9.1300004577637
2023100801,1467,54616,Tyler Allgeier,RB,8.459997253417995
2023100801,1521,54473,Drake London,WR,22.120000305175793
2023100801,1591,39989,Robert Woods,WR,23.710003051757795
2023100801,1614,46206,Dalton Schultz,TE,9.980000000000004
2023100801,1680,39975,Cordarrelle Patterson,RB,6.899998168945295
2023100801,1782,53433,Kyle Pitts,TE,21.829999084472696
2023100801,1831,53433,Kyle Pitts,TE,22.829999084472703
2023100801,1876,53433,Kyle Pitts,TE,9.900001831054695
2023100801,1967,46206,Dalton Schultz,TE,9.629999999999995
2023100801,1999,46206,Dalton Schultz,TE,10.979996337890597
2023100801,2058,46206,Dalton Schultz,TE,13.320000915527302
2023100801,2081,39989,Robert Woods,WR,18.740001525878903
2023100801,2104,55934,Tank Dell,WR,28.919998779296904
2023100801,2132,53518,Nico Collins,WR,7.730001373291003
2023100801,2171,53518,Nico Collins,WR,8.280000534057603
2023100801,2346,54509,John Metchie III,WR,19.22999847412109
2023100801,2393,46206,Dalton Schultz,TE,13.839999084472694
2023100801,2418,46206,Dalton Schultz,TE,17.099998779296897
2023100801,2493,53518,Nico Collins,WR,14.729998474121103
2023100801,2675,46206,Dalton Schultz,TE,17.0599991607666
2023100801,2741,44912,Jonnu Smith,TE,15.3799989318848
2023100801,2793,53433,Kyle Pitts,TE,27.189996948242204
2023100801,2917,44931,Mack Hollins,WR,11.759998168945302
2023100801,2942,44912,Jonnu Smith,TE,13.239997863769503
2023100801,3107,53433,Kyle Pitts,TE,15.589998779296906
2023100801,3190,54473,Drake London,WR,10.320000152587895
2023100801,3358,42486,MyCole Pruitt,TE,8.049999237060497
2023100801,3481,39989,Robert Woods,WR,21.390000762939504
2023100801,3586,54473,Drake London,WR,34.0499990844727
2023100801,3667,44912,Jonnu Smith,TE,2.2199986267089997
2023100801,3692,53433,Kyle Pitts,TE,12.510000686645498
2023100801,3739,53433,Kyle Pitts,TE,5.659999160766603
2023100801,3774,54473,Drake London,WR,23.96000005722046
2023100801,3889,54572,Dameon Pierce,RB,11.860001678466794
2023100801,4012,39989,Robert Woods,WR,15.900003662109398
2023100801,4088,46206,Dalton Schultz,TE,27.609999084473003
2023100801,4145,55872,Bijan Robinson,RB,5.7199981689452954
2023100801,4175,54473,Drake London,WR,10.480003662109397
2023100801,4222,54473,Drake London,WR,11.140002441406196
2023100801,4252,53433,Kyle Pitts,TE,8.929999694824197
2023100801,4277,54473,Drake London,WR,24.610001068115203
2023100802,56,55904,Jonathan Mingo,WR,11.940001525878913
2023100802,152,46130,D.J. Chark,WR,23.849998779296897
2023100802,361,43584,Kalif Raymond,WR,25.860000152587897
2023100802,393,38696,Marvin Jones,WR,17.6900003051758
2023100802,535,40488,Adam Thielen,WR,14.609997558593804
2023100802,653,53959,Brock Wright,TE,9.220001220702997
2023100802,700,55899,Sam LaPorta,TE,6.939996948241998
2023100802,789,40488,Adam Thielen,WR,10.219996337890592
2023100802,829,40488,Adam Thielen,WR,11.229997558593809
2023100802,854,40488,Adam Thielen,WR,10.560001525878903
2023100802,901,55904,Jonathan Mingo,WR,10.2099998474121
2023100802,1052,40488,Adam Thielen,WR,10.260000762939505
2023100802,1148,55904,Jonathan Mingo,WR,18.510001220703003
2023100802,1193,53512,Tommy Tremble,TE,8.280002441405998
2023100802,1264,53959,Brock Wright,TE,11.979999694824201
2023100802,1311,44930,Josh Reynolds,WR,19.780003662109408
2023100802,1334,44930,Josh Reynolds,WR,30.100001220703092
2023100802,1370,54477,Jameson Williams,WR,16.489999237060495
2023100802,1393,38696,Marvin Jones,WR,10.099999542236297
2023100802,1418,55899,Sam LaPorta,TE,26.1699990844727
2023100802,1441,47856,David Montgomery,RB,6.1700006103516
2023100802,1729,44930,Josh Reynolds,WR,16.979999976158137
2023100802,1793,55904,Jonathan Mingo,WR,19.0699989318848
2023100802,1820,55899,Sam LaPorta,TE,23.9299996948242
2023100802,1884,46094,Hayden Hurst,TE,10.1899993896484
2023100802,1931,40488,Adam Thielen,WR,22.390002441406196
2023100802,1956,46094,Hayden Hurst,TE,8.659996948242195
2023100802,2051,40488,Adam Thielen,WR,28.250001525879
2023100802,2074,40488,Adam Thielen,WR,19.479999389648
2023100802,2283,55899,Sam LaPorta,TE,11.8
2023100802,2308,53959,Brock Wright,TE,12.500001831054703
2023100802,2355,47856,David Montgomery,RB,12.4199969482422
2023100802,2557,40488,Adam Thielen,WR,11.12999938964839
2023100802,2644,46094,Hayden Hurst,TE,12.599999389648389
2023100802,2743,47856,David Montgomery,RB,9.269999237060496
2023100802,2921,55904,Jonathan Mingo,WR,10.319999694824006
2023100802,3001,44930,Josh Reynolds,WR,12.140001068115197
2023100802,3033,54835,Bam Knight,RB,3.1300030517577966
2023100802,3103,43584,Kalif Raymond,WR,14.2100006103516
2023100802,3270,55904,Jonathan Mingo,WR,10.179999389648401
2023100802,3322,46130,D.J. Chark,WR,12.799999694824194
2023100802,3380,55904,Jonathan Mingo,WR,9.500002441406195
2023100802,3444,46130,D.J. Chark,WR,25.22999725341799
2023100802,3530,44930,Josh Reynolds,WR,24.449996643066413
2023100802,3769,46170,Ian Thomas,TE,26.719999084472697
2023100802,3816,40488,Adam Thielen,WR,10.570000305175796
2023100802,3841,53555,Chuba Hubbard,RB,9.0700036621094
2023100802,3866,40488,Adam Thielen,WR,11.739996337890602
2023100802,3891,53555,Chuba Hubbard,RB,6.040000000000006
2023100802,4044,40488,Adam Thielen,WR,12.959999999999994
2023100802,4069,40488,Adam Thielen,WR,7.239999389647991
2023100803,84,55944,Josh Downs,WR,10.869996948242203
2023100803,109,55944,Josh Downs,WR,5.830001525878913
2023100803,134,54518,Alec Pierce,WR,30.729998321533202
2023100803,157,52442,Michael Pittman,WR,45.7400003051758
2023100803,180,53556,Kylen Granson,TE,9.460003356933598
2023100803,255,39973,DeAndre Hopkins,WR,12.419999237060502
2023100803,314,47904,Trevon Wesco,TE,9.930001068115196
2023100803,339,39973,DeAndre Hopkins,WR,34.7700018310547
2023100803,442,53074,Nick Westbrook-Ikhine,WR,13.230002136230496
2023100803,489,54608,Chig Okonkwo,TE,11.159998474121096
2023100803,558,39973,DeAndre Hopkins,WR,13.169999389648396
2023100803,606,43334,Derrick Henry,RB,7.979999084472695
2023100803,631,54608,Chig Okonkwo,TE,13.799998474120997
2023100803,730,52442,Michael Pittman,WR,11.190000610351603
2023100803,925,54628,Kyle Philips,WR,29.719998626709
2023100803,974,52442,Michael Pittman,WR,9.2600016784668
2023100803,1028,54657,Andrew Ogletree,TE,16.879999237060495
2023100803,1135,55944,Josh Downs,WR,46.7300006103516
2023100803,1395,54608,Chig Okonkwo,TE,5.580002746581997
2023100803,1418,55946,Tyjae Spears,RB,6.800003356933587
2023100803,1476,54608,Chig Okonkwo,TE,9.200000915527298
2023100803,1528,55946,Tyjae Spears,RB,7.489999694824199
2023100803,1655,53556,Kylen Granson,TE,10.410000915527299
2023100803,1702,52442,Michael Pittman,WR,7.640000762939501
2023100803,1725,55944,Josh Downs,WR,8.969998779296901
2023100803,1750,54657,Andrew Ogletree,TE,8.780000000000001
2023100803,1884,53556,Kylen Granson,TE,7.7200009155270095
2023100803,2011,39973,DeAndre Hopkins,WR,17.539998626709
2023100803,2036,39973,DeAndre Hopkins,WR,33.4299969482422
2023100803,2144,44792,Mo Alie-Cox,TE,22.480003051757805
2023100803,2421,39973,DeAndre Hopkins,WR,13.230001220703095
2023100803,2504,39973,DeAndre Hopkins,WR,19.239999389648396
2023100803,2551,39973,DeAndre Hopkins,WR,14.639998168945297
2023100803,2644,53074,Nick Westbrook-Ikhine,WR,27.940002136230007
2023100803,2735,52442,Michael Pittman,WR,22.19999725341799
2023100803,2898,55944,Josh Downs,WR,8.560002441406198
2023100803,2923,52442,Michael Pittman,WR,15.759997253417993
2023100803,3029,54608,Chig Okonkwo,TE,14.499996337890593
2023100803,3098,39973,DeAndre Hopkins,WR,28.920000915527297
2023100803,3145,54608,Chig Okonkwo,TE,8.969999465942397
2023100803,3192,55946,Tyjae Spears,RB,8.130000228881801
2023100803,3276,55944,Josh Downs,WR,7.6899996185302975
2023100803,3301,52494,Zack Moss,RB,2.7499998474120986
2023100803,3494,54518,Alec Pierce,WR,15.130000305175798
2023100803,3700,54608,Chig Okonkwo,TE,22.9599963378906
2023100803,3723,54608,Chig Okonkwo,TE,13.190001220703095
2023100803,3776,56012,Josh Whyle,TE,13.69999725341799
2023100803,3855,39973,DeAndre Hopkins,WR,27.869998474121097
2023100804,79,52615,Isaiah Hodgins,WR,12.839998779296906
2023100804,148,54508,Wan'Dale Robinson,WR,10.790001678466794
2023100804,272,46277,Cedrick Wilson Jr.,WR,11.639999084472706
2023100804,366,53435,Jaylen Waddle,WR,16.160003662109006
2023100804,389,53435,Jaylen Waddle,WR,14.329999999999998
2023100804,513,43329,Sterling Shepard,WR,11.900000610351611
2023100804,695,42547,Darren Waller,TE,9.350000305175804
2023100804,851,43454,Tyreek Hill,WR,7.620001220703102
2023100804,946,42547,Darren Waller,TE,10.369998321533203
2023100804,1100,43454,Tyreek Hill,WR,9.700000305175791
2023100804,1209,42547,Darren Waller,TE,24.960000915527303
2023100804,1232,42547,Darren Waller,TE,13.909999694824197
2023100804,1393,54508,Wan'Dale Robinson,WR,5.749998779296902
2023100804,1488,42547,Darren Waller,TE,11.8700018310547
2023100804,1513,42547,Darren Waller,TE,26.79000061035201
2023100804,1725,53435,Jaylen Waddle,WR,19.030000028610228
2023100804,1755,53435,Jaylen Waddle,WR,10.490000190734902
2023100804,1828,46279,Braxton Berrios,WR,12.529999694824198
2023100804,1857,46277,Cedrick Wilson Jr.,WR,17.58
2023100804,1914,53435,Jaylen Waddle,WR,15.640000305175803
2023100804,1939,46277,Cedrick Wilson Jr.,WR,10.240000152587896
2023100804,2119,43454,Tyreek Hill,WR,35.1800015258789
2023100804,2142,46277,Cedrick Wilson Jr.,WR,11.479996948242203
2023100804,2167,43454,Tyreek Hill,WR,39.560001831054706
2023100804,2271,42547,Darren Waller,TE,6.879998321533201
2023100804,2296,45186,Matt Breida,RB,9.809998779296905
2023100804,2430,54508,Wan'Dale Robinson,WR,10.5800030517578
2023100804,2560,46279,Braxton Berrios,WR,3.780002136230493
2023100804,2585,53435,Jaylen Waddle,WR,9.620000305175793
2023100804,2689,54508,Wan'Dale Robinson,WR,13.140001525878901
2023100804,2986,54577,Daniel Bellinger,TE,8.420003356933591
2023100804,3128,53435,Jaylen Waddle,WR,15.699999847412101
2023100804,3205,42547,Darren Waller,TE,11.18999832153321
2023100804,3309,54508,Wan'Dale Robinson,WR,10.959999237060494
2023100804,3337,42547,Darren Waller,TE,28.470000305175798
2023100804,3467,43454,Tyreek Hill,WR,14.539999542236298
2023100804,3492,53435,Jaylen Waddle,WR,8.5400001525879
2023100804,3578,47842,Parris Campbell,WR,10.880003662109402
2023100804,3603,47842,Parris Campbell,WR,9.789999084472697
2023100804,3677,42547,Darren Waller,TE,22.1699969482422
2023100804,3702,42547,Darren Waller,TE,13.0500010681152
2023100804,3727,43329,Sterling Shepard,WR,10.0100001525879
2023100804,3825,47954,Darius Slayton,WR,14.079999084472696
2023100804,3850,52615,Isaiah Hodgins,WR,10.859999084472697
2023100804,4007,42718,Raheem Mostert,RB,5.7900004577637
2023100805,84,44879,Alvin Kamara,RB,10.389999694824198
2023100805,109,43336,Michael Thomas,WR,18.0000030517578
2023100805,180,54476,Chris Olave,WR,25.060000915527304
2023100805,247,43336,Michael Thomas,WR,31.860000457763704
2023100805,377,45185,Kendrick Bourne,WR,25.190001373291004
2023100805,400,43324,Hunter Henry,TE,35.2100010681152
2023100805,471,44879,Alvin Kamara,RB,2.0799987792969006
2023100805,525,35534,Jimmy Graham,TE,14.1200016784668
2023100805,600,53549,Rhamondre Stevenson,RB,14.750001678466798
2023100805,748,56075,DeMario Douglas,WR,32.8000010681152
2023100805,901,46111,Mike Gesicki,TE,9.24999664306641
2023100805,997,45244,Taysom Hill,QB,8.939998474121097
2023100805,1052,43336,Michael Thomas,WR,28.7700010681152
2023100805,1099,55133,Rashid Shaheed,WR,30.080000762939502
2023100805,1266,56075,DeMario Douglas,WR,13.619997253417992
2023100805,1311,42357,DeVante Parker,WR,23.750001220703098
2023100805,1353,55936,Kendre Miller,RB,5.8400018310547
2023100805,1476,54476,Chris Olave,WR,19.84000030517599
2023100805,1584,43293,Ezekiel Elliott,RB,7.669997558593806
2023100805,1721,42357,DeVante Parker,WR,32.860001373291
2023100805,1845,43336,Michael Thomas,WR,12.160000610351595
2023100805,1948,54476,Chris Olave,WR,10.35999664306641
2023100805,2053,42357,DeVante Parker,WR,20.9700015258789
2023100805,2095,45185,Kendrick Bourne,WR,18.2499984741211
2023100805,2226,43293,Ezekiel Elliott,RB,12.199999542236299
2023100805,2379,44874,JuJu Smith-Schuster,WR,6.12000061035161
2023100805,2452,46542,Keith Kirkwood,WR,9.239998779296897
2023100805,2586,45185,Kendrick Bourne,WR,24.340003356933593
2023100805,2633,42357,DeVante Parker,WR,13.660000152587891
2023100805,2735,55133,Rashid Shaheed,WR,10.6699994659424
2023100805,2836,44874,JuJu Smith-Schuster,WR,8.3399966430664
2023100805,2864,46111,Mike Gesicki,TE,21.6400030517578
2023100805,3057,43336,Michael Thomas,WR,18.0999989318848
2023100805,3179,43336,Michael Thomas,WR,28.449997253417997
2023100805,3222,42437,Ty Montgomery,WR,23.470000915527308
2023100805,3271,55936,Kendre Miller,RB,6.4099969482421955
2023100805,3338,44879,Alvin Kamara,RB,2.7399987792969043
2023100805,3510,43324,Hunter Henry,TE,30.2900004577637
2023100805,3646,55936,Kendre Miller,RB,8.070003051757794
2023100805,3691,42437,Ty Montgomery,WR,11.760001678466796
2023100805,3749,46111,Mike Gesicki,TE,10.470001678466797
2023100805,3774,45185,Kendrick Bourne,WR,36.069997253417995
2023100805,3863,54476,Chris Olave,WR,36.080000381469695
2023100805,3974,42437,Ty Montgomery,WR,29.7600007629395
2023100805,4019,43293,Ezekiel Elliott,RB,10.070000457763701
2023100805,4226,45185,Kendrick Bourne,WR,51.5500018310547
2023100805,4271,46111,Mike Gesicki,TE,14.780001525878898
2023100805,4313,42437,Ty Montgomery,WR,13.9999995422363
2023100806,54,53456,Rashod Bateman,WR,12.589999847412102
2023100806,133,55886,Zay Flowers,WR,29.14000152587891
2023100806,156,46155,Mark Andrews,TE,16.349996643066405
2023100806,179,55886,Zay Flowers,WR,20.5000030517578
2023100806,273,54673,Connor Heyward,TE,11.519998168945293
2023100806,425,42363,Nelson Agholor,WR,17.3099983215332
2023100806,450,42363,Nelson Agholor,WR,14.119997253418
2023100806,655,54603,Calvin Austin III,WR,20.22999847412109
2023100806,713,55886,Zay Flowers,WR,9.279998626709002
2023100806,745,47896,Justice Hill,RB,4.450000152587897
2023100806,814,46155,Mark Andrews,TE,19.149996948242205
2023100806,930,47896,Justice Hill,RB,5.569999084472698
2023100806,960,41238,Odell Beckham,WR,12.5500007629395
2023100806,1036,46155,Mark Andrews,TE,14.300000114440921
2023100806,1059,53456,Rashod Bateman,WR,17.86
2023100806,1143,55958,Darnell Washington,TE,13.32
2023100806,1166,54517,George Pickens,WR,26.3599998474121
2023100806,1203,41290,Allen Robinson,WR,14.2200009155273
2023100806,1255,54517,George Pickens,WR,26.449997558593807
2023100806,1300,54673,Connor Heyward,TE,14.620000457763702
2023100806,1348,41290,Allen Robinson,WR,11.2900030517578
2023100806,1464,46155,Mark Andrews,TE,21.220001220703097
2023100806,1582,54517,George Pickens,WR,17.219996948242205
2023100806,1629,47876,Miles Boykin,WR,11.009996643066401
2023100806,1743,46155,Mark Andrews,TE,16.13999664306641
2023100806,1768,55886,Zay Flowers,WR,15.469998474121098
2023100806,1813,46155,Mark Andrews,TE,17.8200006103516
2023100806,1892,55886,Zay Flowers,WR,29.83
2023100806,1924,46155,Mark Andrews,TE,9.930001831054703
2023100806,1977,42363,Nelson Agholor,WR,13.380000152587897
2023100806,2009,55886,Zay Flowers,WR,36.16000034332281
2023100806,2112,41290,Allen Robinson,WR,10.389997253418002
2023100806,2208,55886,Zay Flowers,WR,23.549998321533202
2023100806,2238,53456,Rashod Bateman,WR,39.0200003051758
2023100806,2324,54673,Connor Heyward,TE,9.749999084472705
2023100806,2431,54905,Jaylen Warren,RB,7.960003051757795
2023100806,2503,55958,Darnell Washington,TE,7.239997558593814
2023100806,2551,42363,Nelson Agholor,WR,31.509998321533203
2023100806,2718,42363,Nelson Agholor,WR,35.66000030517579
2023100806,2831,54517,George Pickens,WR,26.820002746582006
2023100806,2887,54517,George Pickens,WR,20.0700001525879
2023100806,3198,53453,Najee Harris,RB,5.949998321533201
2023100806,3254,54905,Jaylen Warren,RB,7.049998474121104
2023100806,3356,54517,George Pickens,WR,21.849999084472998
2023100806,3379,41290,Allen Robinson,WR,22.890001525879
2023100806,3445,55886,Zay Flowers,WR,45.6100007629395
2023100806,3468,41238,Odell Beckham,WR,12.849996643066405
2023100806,3672,54673,Connor Heyward,TE,10.649998321533204
2023100806,3707,41290,Allen Robinson,WR,18.409999237060497
2023100806,3732,41290,Allen Robinson,WR,9.120001373291004
2023100806,3755,54905,Jaylen Warren,RB,5.4699993896484
2023100806,3780,54517,George Pickens,WR,27.39999755859381
2023100806,3844,54517,George Pickens,WR,35.47
2023100806,3899,55886,Zay Flowers,WR,27.21000244140619
2023100806,4088,46155,Mark Andrews,TE,9.260003662109398
2023100806,4149,46155,Mark Andrews,TE,14.129998474121095
2023100806,4174,52500,Devin Duvernay,WR,28.390000915527295
2023100807,97,47808,Marquise Brown,WR,21.519998168945293
2023100807,162,48471,Trenton Irwin,WR,8.950001678466798
2023100807,187,53434,Ja'Marr Chase,WR,12.469998779296901
2023100807,234,48471,Trenton Irwin,WR,15.6400021362305
2023100807,286,53434,Ja'Marr Chase,WR,12.29000122070309
2023100807,380,44860,Joe Mixon,RB,4.280000915526998
2023100807,405,53434,Ja'Marr Chase,WR,20.479999694824002
2023100807,491,47808,Marquise Brown,WR,41.0900003051758
2023100807,594,48471,Trenton Irwin,WR,10.619998474121097
2023100807,644,53434,Ja'Marr Chase,WR,6.56999877929691
2023100807,674,53434,Ja'Marr Chase,WR,12.690002441405994
2023100807,709,48471,Trenton Irwin,WR,10.229999694824002
2023100807,810,54520,Trey McBride,TE,8.0600012207031
2023100807,904,47808,Marquise Brown,WR,8.380001220703093
2023100807,956,42589,Geoff Swaim,TE,10.209999999999994
2023100807,1026,47808,Marquise Brown,WR,26.62999694824201
2023100807,1197,47808,Marquise Brown,WR,34.7299993896484
2023100807,1249,42589,Geoff Swaim,TE,12.219999694824011
2023100807,1296,39983,Zach Ertz,TE,10.960002746582006
2023100807,1382,53434,Ja'Marr Chase,WR,19.769997863769504
2023100807,1459,54520,Trey McBride,TE,30.8099989318848
2023100807,1561,48471,Trenton Irwin,WR,9.660002136230503
2023100807,1640,53434,Ja'Marr Chase,WR,11.5600012207031
2023100807,1665,44860,Joe Mixon,RB,11.150001831054702
2023100807,1690,44860,Joe Mixon,RB,1.039999542236302
2023100807,1715,43344,Tyler Boyd,WR,19.019998779296905
2023100807,1933,45102,Zach Pascal,WR,13.819999847412099
2023100807,2044,47808,Marquise Brown,WR,11.780001373291
2023100807,2100,53434,Ja'Marr Chase,WR,20.07999969482421
2023100807,2125,43344,Tyler Boyd,WR,18.6200001525879
2023100807,2165,43344,Tyler Boyd,WR,10.409997558593801
2023100807,2309,43344,Tyler Boyd,WR,10.8499990844727
2023100807,2356,53434,Ja'Marr Chase,WR,58.1599997711182
2023100807,2442,54520,Trey McBride,TE,10.820000610351599
2023100807,2536,53478,Rondale Moore,WR,19.2800012207031
2023100807,2588,47808,Marquise Brown,WR,5.230000915527299
2023100807,2723,56028,Chase Brown,RB,1.0000030517578011
2023100807,2748,53434,Ja'Marr Chase,WR,11.3799990844727
2023100807,2847,48471,Trenton Irwin,WR,6.499998168945297
2023100807,2882,53434,Ja'Marr Chase,WR,13.189998931884801
2023100807,2905,48471,Trenton Irwin,WR,20.35
2023100807,3008,53478,Rondale Moore,WR,8.230001220703102
2023100807,3272,56071,Andrei Iosivas,WR,18.469997558593803
2023100807,3344,48471,Trenton Irwin,WR,14.69999725341799
2023100807,3412,48471,Trenton Irwin,WR,9.840000000000003
2023100807,3437,53434,Ja'Marr Chase,WR,12.609996948242198
2023100807,3845,39983,Zach Ertz,TE,14.2899963378906
2023100807,3875,47808,Marquise Brown,WR,10.559996337890595
2023100807,3900,39983,Zach Ertz,TE,19.27999786376951
2023100807,3959,43344,Tyler Boyd,WR,7.1900016784668
2023100807,4033,53478,Rondale Moore,WR,11.499998779296902
2023100807,4056,55959,Michael Wilson,WR,22.4700003051758
2023100807,4081,56395,Emari Demercado,RB,9.379996948242209
2023100807,4129,39983,Zach Ertz,TE,17.089998779296906
2023100807,4152,55959,Michael Wilson,WR,22.020000915527305
2023100807,4175,47808,Marquise Brown,WR,24.4100004577637
2023100807,4264,55005,Kwamie Lassiter,WR,0.47999755859380855
2023100808,80,46118,Dallas Goedert,TE,11.499997253418002
2023100808,157,47834,A.J. Brown,WR,18.8999995422363
2023100808,182,46118,Dallas Goedert,TE,10.070001068115197
2023100808,328,46118,Dallas Goedert,TE,16.80000022888184
2023100808,392,43399,Tyler Higbee,TE,9.009999237060498
2023100808,415,56042,Puka Nacua,WR,12.760001373291
2023100808,440,44881,Cooper Kupp,WR,12.93
2023100808,465,44881,Cooper Kupp,WR,14.570001678466795
2023100808,490,44881,Cooper Kupp,WR,15.210001220703099
2023100808,546,44881,Cooper Kupp,WR,14.6399969482422
2023100808,620,56042,Puka Nacua,WR,21.280002441406197
2023100808,643,44881,Cooper Kupp,WR,14.540003051757793
2023100808,715,53486,Tutu Atwell,WR,10.150001831054993
2023100808,801,46118,Dallas Goedert,TE,12.729997558593809
2023100808,826,47834,A.J. Brown,WR,11.710001525878909
2023100808,893,53439,DeVonta Smith,WR,15.310001525878896
2023100808,938,47834,A.J. Brown,WR,37.87999755859381
2023100808,984,52608,Quez Watkins,WR,27.8100018310547
2023100808,1125,44881,Cooper Kupp,WR,14.870000000000005
2023100808,1148,56042,Puka Nacua,WR,18.450000915527298
2023100808,1229,46118,Dallas Goedert,TE,11.2600001525879
2023100808,1252,53579,Kenneth Gainwell,RB,16.250000305175803
2023100808,1304,47834,A.J. Brown,WR,22.2699998474121
2023100808,1354,52443,D'Andre Swift,RB,15.789998321533204
2023100808,1401,53946,Jack Stoll,TE,12.869997863769498
2023100808,1652,44881,Cooper Kupp,WR,30.4200007629395
2023100808,1741,56042,Puka Nacua,WR,28.8399996185303
2023100808,1867,47834,A.J. Brown,WR,22.7500006103516
2023100808,2079,56042,Puka Nacua,WR,21.6800009155273
2023100808,2138,56042,Puka Nacua,WR,23.42999938964841
2023100808,2303,52443,D'Andre Swift,RB,6.940000305175801
2023100808,2333,52443,D'Andre Swift,RB,12.550000381469701
2023100808,2370,46118,Dallas Goedert,TE,35.1900003051758
2023100808,2417,46118,Dallas Goedert,TE,22.519997863769504
2023100808,2442,47834,A.J. Brown,WR,26.710001831054996
2023100808,2499,56042,Puka Nacua,WR,17.239999694824206
2023100808,2542,53678,Ben Skowronek,WR,21.669999542236297
2023100808,2805,53439,DeVonta Smith,WR,13.380001068115199
2023100808,2919,53439,DeVonta Smith,WR,2.9100003051757994
2023100808,2942,47834,A.J. Brown,WR,23.3599963378906
2023100808,3015,52443,D'Andre Swift,RB,11.530000457763698
2023100808,3107,53439,DeVonta Smith,WR,26.67
2023100808,3173,53486,Tutu Atwell,WR,12.039998931884803
2023100808,3242,53486,Tutu Atwell,WR,28.329999389648393
2023100808,3265,44881,Cooper Kupp,WR,13.010001525878899
2023100808,3290,44881,Cooper Kupp,WR,34.01000244140619
2023100808,3368,47834,A.J. Brown,WR,40.139999542236296
2023100808,3425,46118,Dallas Goedert,TE,13.370001220703095
2023100808,3652,53486,Tutu Atwell,WR,22.1299995422363
2023100808,3687,44881,Cooper Kupp,WR,14.610001220703097
2023100808,3712,44881,Cooper Kupp,WR,42.2100003051758
2023100808,4040,56042,Puka Nacua,WR,38.40000167846679
2023100808,4063,53486,Tutu Atwell,WR,25.4199990844727
2023100808,4108,43399,Tyler Higbee,TE,11.79
2023100808,4133,56042,Puka Nacua,WR,21.499999237060496
2023100809,97,53536,Michael Carter,RB,10.489999999999998
2023100809,168,46705,Allen Lazard,WR,11.849999999999994
2023100809,262,37139,Randall Cobb,WR,12.489999389647991
2023100809,328,52423,Jerry Jeudy,WR,5.289999694824203
2023100809,353,56513,Jaleel McLaughlin,RB,7.189996337890591
2023100809,660,54501,Breece Hall,RB,4.039999847412105
2023100809,709,53536,Michael Carter,RB,0.7199990844726969
2023100809,884,46705,Allen Lazard,WR,18.410000152587898
2023100809,994,52513,Adam Trautman,TE,31.419999542236297
2023100809,1398,54475,Garrett Wilson,WR,28.109999966621398
2023100809,1554,52423,Jerry Jeudy,WR,9.6200010681152
2023100809,1584,56502,Nate Adkins,TE,12.710000305175804
2023100809,1629,52513,Adam Trautman,TE,8.170002746582
2023100809,1681,52513,Adam Trautman,TE,5.849999389647991
2023100809,1817,46226,Tyler Conklin,TE,11.750003051757801
2023100809,1842,54475,Garrett Wilson,WR,20.250000610351606
2023100809,1895,46705,Allen Lazard,WR,19.920001373291
2023100809,1920,53536,Michael Carter,RB,9.8600007629395
2023100809,1999,46705,Allen Lazard,WR,17.4099990844727
2023100809,2036,42500,C.J. Uzomah,TE,12.500000915527302
2023100809,2119,56513,Jaleel McLaughlin,RB,12.5899966430664
2023100809,2344,46109,Courtland Sutton,WR,21.029997558593806
2023100809,2460,46226,Tyler Conklin,TE,11.420000000000002
2023100809,2529,54475,Garrett Wilson,WR,11.239998168945291
2023100809,2840,54501,Breece Hall,RB,11.100000152587896
2023100809,3128,46226,Tyler Conklin,TE,10.8899998855591
2023100809,3216,52423,Jerry Jeudy,WR,9.159999465942402
2023100809,3324,54475,Garrett Wilson,WR,36.170001678466804
2023100809,3517,52423,Jerry Jeudy,WR,26.319998321533202
2023100809,3580,44927,Samaje Perine,RB,8.569996643066403
2023100809,3627,52513,Adam Trautman,TE,9.980003051758004
2023100809,3764,46226,Tyler Conklin,TE,20.979997863769498
2023100809,3840,54475,Garrett Wilson,WR,24.749999771118198
2023100809,3874,54967,Brandon Johnson,WR,4.769999923706101
2023100809,3904,46109,Courtland Sutton,WR,15.360000839233399
2023100809,3929,44927,Samaje Perine,RB,8.0299990844727
2023100809,3981,52423,Jerry Jeudy,WR,18.3300004577637
2023100809,4095,52513,Adam Trautman,TE,19.7200003051758
2023100809,4120,52423,Jerry Jeudy,WR,33.029996643066404
2023100809,4157,44927,Samaje Perine,RB,8.850001068115198
2023100810,55,47852,Josh Oliver,TE,6.109999542236299
2023100810,165,40011,Travis Kelce,TE,11.009999999999998
2023100810,190,53449,Kadarius Toney,WR,9.600000457763699
2023100810,215,40011,Travis Kelce,TE,29.2300003814697
2023100810,238,53591,Noah Gray,TE,15.0299991607666
2023100810,411,47791,T.J. Hockenson,TE,8.019998321533201
2023100810,467,52430,Justin Jefferson,WR,13.4800018310547
2023100810,539,52584,K.J. Osborn,WR,10.420003051757796
2023100810,575,55887,Jordan Addison,WR,8.759999389648392
2023100810,678,47791,T.J. Hockenson,TE,18.389996337890594
2023100810,791,53449,Kadarius Toney,WR,11.980003051757805
2023100810,846,54885,Justyn Ross,WR,22.81999938964841
2023100810,985,40011,Travis Kelce,TE,10.729998779296906
2023100810,1076,52430,Justin Jefferson,WR,19.369998779296907
2023100810,1192,52460,Cam Akers,RB,6.7699989318848
2023100810,1343,55887,Jordan Addison,WR,13.060000686645502
2023100810,1368,52584,K.J. Osborn,WR,21.489999828338618
2023100810,1434,53449,Kadarius Toney,WR,6.080001373291001
2023100810,1479,46213,Justin Watson,WR,38.480002746582
2023100810,1584,47791,T.J. Hockenson,TE,13.720000610351605
2023100810,1637,52430,Justin Jefferson,WR,16.120001220703095
2023100810,1753,55887,Jordan Addison,WR,10.280000457763698
2023100810,1817,55887,Jordan Addison,WR,19.360000095367432
2023100810,1890,40011,Travis Kelce,TE,11.210000152587899
2023100810,1915,40011,Travis Kelce,TE,4.440001068115201
2023100810,1962,41325,Jerick McKinnon,RB,10.630001220703093
2023100810,2049,53591,Noah Gray,TE,10.320001220703091
2023100810,2151,54519,Skyy Moore,WR,8.569999694824205
2023100810,2294,46213,Justin Watson,WR,40.5500001525879
2023100810,2351,55920,Rashee Rice,WR,15.610001831054703
2023100810,2376,54885,Justyn Ross,WR,11.959996948242207
2023100810,2423,46243,Marquez Valdes-Scantling,WR,14.990001831054698
2023100810,2453,55920,Rashee Rice,WR,21.86999847412099
2023100810,2476,54885,Justyn Ross,WR,12.050000305175999
2023100810,2499,55920,Rashee Rice,WR,11.920000000000002
2023100810,2563,47791,T.J. Hockenson,TE,20.92999877929691
2023100810,2608,52430,Justin Jefferson,WR,31.090001525878897
2023100810,2707,54885,Justyn Ross,WR,19.170001373291
2023100810,2730,40011,Travis Kelce,TE,16.070000457763697
2023100810,2822,40011,Travis Kelce,TE,11.880000152587897
2023100810,2940,40011,Travis Kelce,TE,11.999997863769508
2023100810,2995,40011,Travis Kelce,TE,4.379998779296898
2023100810,3042,40011,Travis Kelce,TE,8.09999786377
2023100810,3121,52584,K.J. Osborn,WR,17.78
2023100810,3146,47791,T.J. Hockenson,TE,23.3699989318848
2023100810,3171,52460,Cam Akers,RB,10.789999847412105
2023100810,3283,52584,K.J. Osborn,WR,13.700000915527298
2023100810,3330,47852,Josh Oliver,TE,22.93999633789099
2023100810,3353,47791,T.J. Hockenson,TE,13.260001220703103
2023100810,3378,52584,K.J. Osborn,WR,10.179999694824204
2023100810,3401,55887,Jordan Addison,WR,18.82999969482401
2023100810,3524,53449,Kadarius Toney,WR,8.420000000000002
2023100810,3707,47791,T.J. Hockenson,TE,20.200001678466798
2023100810,3733,55887,Jordan Addison,WR,11.6999996948242
2023100810,3758,46830,Brandon Powell,WR,13.040001831054703
2023100810,3783,45094,Johnny Mundt,TE,9.1200010681152
2023100810,3830,52584,K.J. Osborn,WR,16.330002136230497
2023100810,3855,52584,K.J. Osborn,WR,0.17000335693359148
2023100810,4075,41325,Jerick McKinnon,RB,0.5700012207030909
2023100810,4133,46830,Brandon Powell,WR,18.949999084472697
2023100810,4156,47791,T.J. Hockenson,TE,8.8299998474121
2023100810,4181,46830,Brandon Powell,WR,28.839999694824197
2023100810,4204,46830,Brandon Powell,WR,7.229999694824198
2023100810,4252,46830,Brandon Powell,WR,23.179999084472698
2023100811,88,52433,Brandon Aiyuk,WR,11.32
2023100811,135,52433,Brandon Aiyuk,WR,14.070000305175796
2023100811,211,47819,Deebo Samuel Sr.,WR,9.160002136230503
2023100811,263,44959,George Kittle,TE,29.270000305175998
2023100811,360,55923,Luke Schoonmaker,TE,24.089999084472694
2023100811,383,46150,Michael Gallup,WR,28.780001373291
2023100811,533,47911,Tony Pollard,RB,3.0699969482422063
2023100811,570,52425,CeeDee Lamb,WR,12.710000305175797
2023100811,839,40078,Kyle Juszczyk,FB,5.799998474121097
2023100811,898,52433,Brandon Aiyuk,WR,25.709998474121093
2023100811,921,56118,Ronnie Bell,WR,16.569998474121093
2023100811,1168,46150,Michael Gallup,WR,43.489998626708996
2023100811,1191,46150,Michael Gallup,WR,11.3999995422363
2023100811,1267,44959,George Kittle,TE,26.020001678466798
2023100811,1439,41246,Brandin Cooks,WR,13.059998474121102
2023100811,1469,47911,Tony Pollard,RB,10.610001373290999
2023100811,1530,54594,Jake Ferguson,TE,10.920000305175805
2023100811,1561,53041,Rico Dowdle,RB,7.349999694824206
2023100811,1596,52425,CeeDee Lamb,WR,11.850003356933598
2023100811,1621,53117,KaVontae Turpin,WR,34.800001220702995
2023100811,1685,52433,Brandon Aiyuk,WR,20.5199987792969
2023100811,1880,47819,Deebo Samuel Sr.,WR,13.2999998855591
2023100811,1993,54594,Jake Ferguson,TE,8.210000915527303
2023100811,2018,47911,Tony Pollard,RB,8.170001525878902
2023100811,2041,54594,Jake Ferguson,TE,10.319998321533205
2023100811,2155,52433,Brandon Aiyuk,WR,14.690002136230504
2023100811,2352,52425,CeeDee Lamb,WR,18.4299993896484
2023100811,2399,47911,Tony Pollard,RB,9.739997558593814
2023100811,2513,52433,Brandon Aiyuk,WR,24.489997253417997
2023100811,2626,47819,Deebo Samuel Sr.,WR,28.9699992370605
2023100811,2651,40078,Kyle Juszczyk,FB,9.3500001525879
2023100811,2698,44959,George Kittle,TE,22.94999994277954
2023100811,2769,52425,CeeDee Lamb,WR,8.6399995422363
2023100811,2816,41246,Brandin Cooks,WR,50.9999981689453
2023100811,2894,55113,Jordan Mason,RB,11.039998474121099
2023100811,2917,44820,Christian McCaffrey,RB,8.1999983215332
2023100811,2942,52625,Jauan Jennings,WR,26.619999084472695
2023100811,3122,40078,Kyle Juszczyk,FB,9.220002746581997
2023100811,3190,52425,CeeDee Lamb,WR,20.50999847412109
2023100811,3213,46150,Michael Gallup,WR,12.010000000000005
2023100811,3351,41246,Brandin Cooks,WR,10.7399998474121
2023100811,3576,46150,Michael Gallup,WR,10.30000274658201
2023100811,3628,56077,Deuce Vaughn,RB,1.5399996948242034
2023100900,181,54499,Christian Watson,WR,11.4199990844727
2023100900,228,55915,Jayden Reed,WR,40.459997253417995
2023100900,295,55900,Michael Mayer,TE,6.6599969482421955
2023100900,349,41282,Davante Adams,WR,5.8200021362304994
2023100900,403,43370,Austin Hooper,TE,8.3199963378906
2023100900,551,52502,Josiah Deguara,TE,12.620000305175793
2023100900,710,55900,Michael Mayer,TE,19.780002746582
2023100900,803,48097,Jakobi Meyers,WR,20.229999389648405
2023100900,886,56529,Ben Sims,TE,9.440001831055
2023100900,933,52875,Patrick Taylor,RB,4.639999084472706
2023100900,1207,48097,Jakobi Meyers,WR,12.709999999999994
2023100900,1366,48097,Jakobi Meyers,WR,10.790002441405989
2023100900,1425,54597,Romeo Doubs,WR,9.930001831054696
2023100900,1487,47807,Josh Jacobs,RB,7.430001220702991
2023100900,1600,52875,Patrick Taylor,RB,10.099997558593813
2023100900,1630,55907,Luke Musgrave,TE,13.419996337890595
2023100900,1710,47932,Hunter Renfrow,WR,15.769998474121103
2023100900,1740,48097,Jakobi Meyers,WR,25.209998168945297
2023100900,1765,48097,Jakobi Meyers,WR,22.4000030517578
2023100900,1797,47932,Hunter Renfrow,WR,12.139997558593805
2023100900,1968,43370,Austin Hooper,TE,5.660000610351599
2023100900,1993,48097,Jakobi Meyers,WR,13.610001373290999
2023100900,2040,48097,Jakobi Meyers,WR,17.320001831054704
2023100900,2305,55900,Michael Mayer,TE,13.7799998474121
2023100900,2328,47807,Josh Jacobs,RB,0.12999816894529914
2023100900,2399,54499,Christian Watson,WR,37.300000915527306
2023100900,2656,48097,Jakobi Meyers,WR,20.0200018310547
2023100900,2681,41282,Davante Adams,WR,14.01999938964839
2023100900,2753,41282,Davante Adams,WR,10.449996948242003
2023100900,2892,54499,Christian Watson,WR,57.769997863769504
2023100900,2915,56024,Dontayvion Wicks,WR,18.859999237060496
2023100900,2962,54597,Romeo Doubs,WR,1.4200012207030994
2023100900,3031,55907,Luke Musgrave,TE,12.769997558593808
2023100900,3076,54499,Christian Watson,WR,20.280002441406197
2023100900,3103,48097,Jakobi Meyers,WR,11.519998168945293
2023100900,3330,54499,Christian Watson,WR,54.829997863769506
2023100900,3400,47807,Josh Jacobs,RB,9.929996948242206
2023100900,3498,47807,Josh Jacobs,RB,4.709998168945297
2023100900,3605,52875,Patrick Taylor,RB,7.299998474121104
2023100900,3630,55907,Luke Musgrave,TE,6.239998931884799
2023100900,3685,52875,Patrick Taylor,RB,12.229997558593809
2023100900,3730,54597,Romeo Doubs,WR,14.990001831054698
2023100900,3753,55907,Luke Musgrave,TE,17.050002441406193
2023100900,3776,54499,Christian Watson,WR,41.330000610352
2023101200,100,46109,Courtland Sutton,WR,7.499999084472698
2023101200,218,52513,Adam Trautman,TE,9.059999542236298
2023101200,332,40011,Travis Kelce,TE,14.200000152587897
2023101200,362,40011,Travis Kelce,TE,15.429999694824197
2023101200,414,53449,Kadarius Toney,WR,7.270000305175806
2023101200,437,55920,Rashee Rice,WR,13.4900000762939
2023101200,562,52423,Jerry Jeudy,WR,17.4100004577637
2023101200,589,40011,Travis Kelce,TE,22.210000610351592
2023101200,659,54716,Isiah Pacheco,RB,9.859999237060503
2023101200,990,53449,Kadarius Toney,WR,7.89999755859381
2023101200,1071,40011,Travis Kelce,TE,14.320001220703098
2023101200,1096,54716,Isiah Pacheco,RB,1.9799978637694977
2023101200,1165,40011,Travis Kelce,TE,11.340001525879003
2023101200,1190,54519,Skyy Moore,WR,14.249997863770005
2023101200,1277,54545,Greg Dulcich,TE,0.06999969482400559
2023101200,1365,40011,Travis Kelce,TE,13.130001831054699
2023101200,1397,53591,Noah Gray,TE,5.030001678466796
2023101200,1444,40011,Travis Kelce,TE,20.2400033569336
2023101200,1514,53449,Kadarius Toney,WR,5.400000000000006
2023101200,1771,53449,Kadarius Toney,WR,9.060001525878896
2023101200,1794,41325,Jerick McKinnon,RB,4.889998321533206
2023101200,1918,46109,Courtland Sutton,WR,5.969997558593803
2023101200,1941,46109,Courtland Sutton,WR,8.360002746581998
2023101200,2020,41325,Jerick McKinnon,RB,7.539999237060499
2023101200,2169,54716,Isiah Pacheco,RB,3.4699972534180006
2023101200,2251,40011,Travis Kelce,TE,4.910001525878904
2023101200,2276,54519,Skyy Moore,WR,7.399998168945295
2023101200,2306,41325,Jerick McKinnon,RB,17.7700002288818
2023101200,2334,55920,Rashee Rice,WR,5.4099986267089974
2023101200,2602,52423,Jerry Jeudy,WR,14.799996337890597
2023101200,2654,53591,Noah Gray,TE,8.0799987792969
2023101200,2760,54716,Isiah Pacheco,RB,3.319998168945304
2023101200,2994,46109,Courtland Sutton,WR,11.799998474121097
2023101200,3050,54967,Brandon Johnson,WR,31.190001525878905
2023101200,3195,46213,Justin Watson,WR,36.5100015258789
2023101200,3324,46109,Courtland Sutton,WR,26.159998931884807
2023101200,3425,56513,Jaleel McLaughlin,RB,7.750000915527302
2023101200,3484,46109,Courtland Sutton,WR,20.9500001335144
2023101200,3584,40011,Travis Kelce,TE,7.699999237060496
2023101200,3636,55920,Rashee Rice,WR,12.96
2023101200,3683,54519,Skyy Moore,WR,19.2300012207031
2023101200,3837,52513,Adam Trautman,TE,25.4800024414062
2023101200,3860,44927,Samaje Perine,RB,8.409996643066407
2023101500,140,55886,Zay Flowers,WR,22.129999999999995
2023101500,170,53456,Rashod Bateman,WR,11.709998321533206
2023101500,400,53074,Nick Westbrook-Ikhine,WR,13.950000000000003
2023101500,425,56012,Josh Whyle,TE,13.389998168945297
2023101500,651,41238,Odell Beckham,WR,10.239997863769503
2023101500,676,41238,Odell Beckham,WR,12.149999084472697
2023101500,701,42363,Nelson Agholor,WR,22.749999694824204
2023101500,823,41238,Odell Beckham,WR,31.9299999332428
2023101500,931,54608,Chig Okonkwo,TE,8.680000000000007
2023101500,1266,54628,Kyle Philips,WR,19.260003051757792
2023101500,1320,46155,Mark Andrews,TE,22.679999847412102
2023101500,1477,55886,Zay Flowers,WR,9.739997863769503
2023101500,1500,55886,Zay Flowers,WR,10.109998168945296
2023101500,1536,45268,Patrick Ricard,FB,11.260002441406186
2023101500,1561,55886,Zay Flowers,WR,13.240002746582007
2023101500,1655,39973,DeAndre Hopkins,WR,22.059997253418004
2023101500,1702,54608,Chig Okonkwo,TE,32.3300016784668
2023101500,1864,46155,Mark Andrews,TE,14.449998779296905
2023101500,1924,53456,Rashod Bateman,WR,9.790000762939506
2023101500,1949,55886,Zay Flowers,WR,40.160001525878904
2023101500,2098,53074,Nick Westbrook-Ikhine,WR,11.570001220703098
2023101500,2462,39973,DeAndre Hopkins,WR,22.230000610352008
2023101500,2584,53456,Rashod Bateman,WR,14.240000305175798
2023101500,2770,41238,Odell Beckham,WR,15.189996948242197
2023101500,2935,54608,Chig Okonkwo,TE,33.809997253418
2023101500,2984,47896,Justice Hill,RB,3.479996337890597
2023101500,3014,55886,Zay Flowers,WR,10.450001831054706
2023101500,3072,46155,Mark Andrews,TE,35.4599993133545
2023101500,3095,46155,Mark Andrews,TE,11.6900009155273
2023101500,3120,46437,Gus Edwards,RB,6.030000457763698
2023101500,3340,53074,Nick Westbrook-Ikhine,WR,13.780001220703099
2023101500,3557,46155,Mark Andrews,TE,34.9499984741211
2023101500,3604,46155,Mark Andrews,TE,17.599999694824206
2023101500,3873,54628,Kyle Philips,WR,13.280002746582
2023101500,3942,54608,Chig Okonkwo,TE,15.969996643066409
2023101500,4145,39973,DeAndre Hopkins,WR,29.72999988555908
2023101501,55,47859,Terry McLaurin,WR,6.109998168945296
2023101501,102,44852,Curtis Samuel,WR,24.620001220703102
2023101501,127,41349,Logan Thomas,TE,7.710003662109401
2023101501,152,47859,Terry McLaurin,WR,10.929999694824197
2023101501,177,53511,Dyami Brown,WR,37.6100000762939
2023101501,222,47859,Terry McLaurin,WR,26.98999816894529
2023101501,305,44852,Curtis Samuel,WR,17.2600007629395
2023101501,397,46992,KhaDarel Hodge,WR,26.080000762939502
2023101501,432,53433,Kyle Pitts,TE,6.039998321533204
2023101501,479,54473,Drake London,WR,14.5700007629395
2023101501,504,44931,Mack Hollins,WR,12.169996337890595
2023101501,590,54473,Drake London,WR,9.600003662109401
2023101501,644,53433,Kyle Pitts,TE,16.110002441405996
2023101501,753,47859,Terry McLaurin,WR,9.600000915527303
2023101501,836,47859,Terry McLaurin,WR,12.5999990844727
2023101501,859,47859,Terry McLaurin,WR,39.550001220703095
2023101501,908,53433,Kyle Pitts,TE,19.67
2023101501,973,55872,Bijan Robinson,RB,6.210000915527303
2023101501,1075,52474,Antonio Gibson,RB,5.839999694824002
2023101501,1161,54473,Drake London,WR,15.9100003051758
2023101501,1208,39975,Cordarrelle Patterson,RB,11.11999847412109
2023101501,1233,52465,Van Jefferson,WR,59.6500001525879
2023101501,1278,55872,Bijan Robinson,RB,27.449998474121095
2023101501,1301,55872,Bijan Robinson,RB,8.979999389648405
2023101501,1331,54481,Jahan Dotson,WR,28.959996337890594
2023101501,1388,47859,Terry McLaurin,WR,12.210001831054704
2023101501,1507,47859,Terry McLaurin,WR,25.010001220703003
2023101501,1532,44852,Curtis Samuel,WR,11.029999389647998
2023101501,1620,47991,Scott Miller,WR,9.010001525878906
2023101501,1645,53433,Kyle Pitts,TE,10.130000915527305
2023101501,1741,55872,Bijan Robinson,RB,12.690000457763702
2023101501,1844,54473,Drake London,WR,14.259999084472696
2023101501,2039,44912,Jonnu Smith,TE,10.06999877929691
2023101501,2069,54473,Drake London,WR,22.490000610351593
2023101501,2092,47991,Scott Miller,WR,11.470000305175809
2023101501,2252,54473,Drake London,WR,13.419999237060498
2023101501,2321,52465,Van Jefferson,WR,11.9499990844727
2023101501,2461,55872,Bijan Robinson,RB,8.049999694824198
2023101501,2792,44912,Jonnu Smith,TE,10.069999389648402
2023101501,2822,44912,Jonnu Smith,TE,17.1500030517578
2023101501,2847,44931,Mack Hollins,WR,10.89
2023101501,3012,44931,Mack Hollins,WR,9.1699990844727
2023101501,3083,44912,Jonnu Smith,TE,5.6099996566772
2023101501,3169,47859,Terry McLaurin,WR,6.0299993896484025
2023101501,3243,47859,Terry McLaurin,WR,17.1099978637695
2023101501,3286,54473,Drake London,WR,33.730001525878905
2023101501,3373,53433,Kyle Pitts,TE,9.429999847412105
2023101501,3442,54473,Drake London,WR,9.720000457763703
2023101501,3647,54473,Drake London,WR,18.860000114440922
2023101501,3806,44912,Jonnu Smith,TE,30.689999999999998
2023101501,3849,53433,Kyle Pitts,TE,26.5900009155273
2023101501,3923,47859,Terry McLaurin,WR,11.680002746582005
2023101501,3973,54473,Drake London,WR,15.090000610351609
2023101501,4005,54473,Drake London,WR,18.7799996948242
2023101501,4030,55872,Bijan Robinson,RB,9.0500003051758
2023101501,4060,44931,Mack Hollins,WR,18.820000915527302
2023101501,4087,42486,MyCole Pruitt,TE,8.9799989318848
2023101501,4151,55872,Bijan Robinson,RB,7.730001373291003
2023101502,260,55887,Jordan Addison,WR,17.90999832153321
2023101502,329,52584,K.J. Osborn,WR,9.759999694824195
2023101502,398,47885,Alexander Mattison,RB,6.9100010681152
2023101502,423,46830,Brandon Powell,WR,10.670001525878902
2023101502,548,52451,Cole Kmet,TE,7.520000000000003
2023101502,573,48207,Khari Blasingame,FB,7.040001068115195
2023101502,670,46093,DJ Moore,WR,12.740000915527304
2023101502,835,52451,Cole Kmet,TE,11.429999885559099
2023101502,965,52584,K.J. Osborn,WR,24.850001373291
2023101502,1034,52584,K.J. Osborn,WR,10.049997558593809
2023101502,1059,47885,Alexander Mattison,RB,8.27000152587891
2023101502,1228,44990,Trent Taylor,WR,9.919998168945298
2023101502,1306,55887,Jordan Addison,WR,34.3999966430664
2023101502,1408,47791,T.J. Hockenson,TE,25.760001373291004
2023101502,1446,47791,T.J. Hockenson,TE,11.420000000000002
2023101502,1489,52581,Darnell Mooney,WR,24.440003662109405
2023101502,1536,52501,Darrynton Evans,RB,9.080001220703096
2023101502,1672,47885,Alexander Mattison,RB,7.470001678466794
2023101502,1843,46830,Brandon Powell,WR,16.479998321533202
2023101502,1879,47791,T.J. Hockenson,TE,25.220000305175795
2023101502,1909,47791,T.J. Hockenson,TE,4.330002746581997
2023101502,1966,47791,T.J. Hockenson,TE,13.680002136230499
2023101502,2039,46830,Brandon Powell,WR,11.830000305175801
2023101502,2064,55887,Jordan Addison,WR,22.700000915527
2023101502,2224,47791,T.J. Hockenson,TE,6.030000000000001
2023101502,2253,52584,K.J. Osborn,WR,23.0000007629395
2023101502,2485,47885,Alexander Mattison,RB,6.789996948242006
2023101502,2532,47791,T.J. Hockenson,TE,12.049997253417999
2023101502,2602,54536,Velus Jones Jr.,RB,10.6299990844727
2023101502,2913,55998,Tyler Scott,WR,23.500002441406195
2023101502,2990,47885,Alexander Mattison,RB,8.190001373291004
2023101502,3191,46093,DJ Moore,WR,14.749998626709
2023101502,3320,55887,Jordan Addison,WR,18.5600018310547
2023101502,3407,46093,DJ Moore,WR,16.559998474121087
2023101502,3437,46093,DJ Moore,WR,28.2599995422363
2023101502,3509,44901,D'Onta Foreman,RB,9.249998168945297
2023101502,3534,45635,Robert Tonyan,TE,12.499999465942398
2023101502,3671,47791,T.J. Hockenson,TE,10.610000381469703
2023101502,3706,47885,Alexander Mattison,RB,11.810000686645502
2023101502,3816,55998,Tyler Scott,WR,26.1699969482422
2023101502,3915,55998,Tyler Scott,WR,15.009998321533203
2023101502,3940,46093,DJ Moore,WR,34.429999694824204
2023101503,55,42412,Tyler Lockett,WR,12.900003051757793
2023101503,126,54506,Kenneth Walker III,RB,8.9000001525879
2023101503,178,47803,Noah Fant,TE,13.529999694824198
2023101503,208,55884,Jaxon Smith-Njigba,WR,13.7000004577637
2023101503,233,42412,Tyler Lockett,WR,10.350000228881804
2023101503,452,44860,Joe Mixon,RB,1.0299993896484025
2023101503,504,47833,Irv Smith,TE,9.2499984741211
2023101503,529,44860,Joe Mixon,RB,6.830001068115202
2023101503,581,43344,Tyler Boyd,WR,7.759996948242204
2023101503,611,53434,Ja'Marr Chase,WR,4.089996337890597
2023101503,666,43344,Tyler Boyd,WR,8.6200009155273
2023101503,691,52441,Tee Higgins,WR,9.869996948242203
2023101503,746,43344,Tyler Boyd,WR,11.940002441405994
2023101503,810,47847,DK Metcalf,WR,34.6899992370605
2023101503,855,52552,DeeJay Dallas,RB,8.779999389648395
2023101503,935,53434,Ja'Marr Chase,WR,26.5600006103516
2023101503,997,53434,Ja'Marr Chase,WR,16.750001678466795
2023101503,1044,56028,Chase Brown,RB,10.3099993896484
2023101503,1091,56071,Andrei Iosivas,WR,15.260000171661382
2023101503,1219,42412,Tyler Lockett,WR,12.940000610351596
2023101503,1244,55917,Zach Charbonnet,RB,6.979999237060497
2023101503,1269,55917,Zach Charbonnet,RB,3.0100010681152014
2023101503,1305,42412,Tyler Lockett,WR,37.9700021362305
2023101503,1429,53434,Ja'Marr Chase,WR,12.959996337890601
2023101503,1483,43344,Tyler Boyd,WR,10.11999847412109
2023101503,1533,43344,Tyler Boyd,WR,10.969999999999999
2023101503,1578,46189,Will Dissly,TE,7.029999771118199
2023101503,1637,55884,Jaxon Smith-Njigba,WR,4.7899993896484006
2023101503,1696,47847,DK Metcalf,WR,16.729997253418
2023101503,1721,42412,Tyler Lockett,WR,39.520001220702994
2023101503,1839,53434,Ja'Marr Chase,WR,19.89000030517579
2023101503,1862,52441,Tee Higgins,WR,12.1799963378906
2023101503,1885,47835,Drew Sample,TE,12.090000915527298
2023101503,2066,53434,Ja'Marr Chase,WR,31.939997253418
2023101503,2130,47847,DK Metcalf,WR,13.610000915527294
2023101503,2266,56471,Jake Bobo,WR,15.529999771118199
2023101503,2347,55884,Jaxon Smith-Njigba,WR,19.0900000762939
2023101503,2374,44860,Joe Mixon,RB,6.1300003433228
2023101503,2411,53434,Ja'Marr Chase,WR,10.079999847412099
2023101503,2434,52441,Tee Higgins,WR,13.8600007629395
2023101503,2547,54506,Kenneth Walker III,RB,8.250000305175803
2023101503,2624,56471,Jake Bobo,WR,26.6500003814697
2023101503,2714,42412,Tyler Lockett,WR,12.260000267028799
2023101503,2829,43344,Tyler Boyd,WR,7.850000305175804
2023101503,2969,55884,Jaxon Smith-Njigba,WR,21.100001068115198
2023101503,3021,47847,DK Metcalf,WR,27.889996337890594
2023101503,3048,53434,Ja'Marr Chase,WR,13.660000152587898
2023101503,3071,53434,Ja'Marr Chase,WR,18.430001373291
2023101503,3094,47833,Irv Smith,TE,11.660000762939504
2023101503,3194,52541,Colby Parkinson,TE,7.570001068115197
2023101503,3230,54506,Kenneth Walker III,RB,6.800001831054701
2023101503,3356,53434,Ja'Marr Chase,WR,9.289999694824203
2023101503,3381,44860,Joe Mixon,RB,9.549999694824209
2023101503,3426,47965,Trayveon Williams,RB,5.4600012207030915
2023101503,3493,47847,DK Metcalf,WR,32.3800018310547
2023101503,3590,47847,DK Metcalf,WR,11.059998779296905
2023101503,3658,55884,Jaxon Smith-Njigba,WR,12.950002441406198
2023101503,3703,53434,Ja'Marr Chase,WR,39.4599990844727
2023101503,3755,52441,Tee Higgins,WR,25.939996948242197
2023101503,3822,52541,Colby Parkinson,TE,12.580000457763703
2023101503,3871,42412,Tyler Lockett,WR,38.789996948242205
2023101503,3896,52541,Colby Parkinson,TE,22.750003356934002
2023101503,3941,47847,DK Metcalf,WR,26.149996948242006
2023101504,310,53463,Elijah Moore,WR,8.889997253418002
2023101504,386,54564,David Bell,WR,9.170000000000002
2023101504,472,47819,Deebo Samuel Sr.,WR,9.060000305175798
2023101504,655,40026,Marquise Goodwin,WR,33.34000030517579
2023101504,678,42347,Amari Cooper,WR,13.239999237060495
2023101504,917,52433,Brandon Aiyuk,WR,38.7800009155273
2023101504,1123,53463,Elijah Moore,WR,7.209999389648388
2023101504,1173,53463,Elijah Moore,WR,11.3799983215332
2023101504,1256,52433,Brandon Aiyuk,WR,20.40999938964839
2023101504,1391,46256,Ray-Ray McCloud,WR,13.129999313354496
2023101504,1482,44820,Christian McCaffrey,RB,9.3299999237061
2023101504,1585,42347,Amari Cooper,WR,29.439998779296904
2023101504,1789,40078,Kyle Juszczyk,FB,15.579999389648393
2023101504,1919,52625,Jauan Jennings,WR,22.1700006103516
2023101504,1998,44959,George Kittle,TE,32.0399996185303
2023101504,2081,44841,David Njoku,TE,10.990000610351602
2023101504,2405,46167,Jordan Akins,TE,31.259998168945298
2023101504,2450,42347,Amari Cooper,WR,33.3100024414062
2023101504,2507,44841,David Njoku,TE,7.359999694824204
2023101504,2658,52433,Brandon Aiyuk,WR,25.940000610351596
2023101504,2703,52433,Brandon Aiyuk,WR,22.310000762939502
2023101504,2802,53463,Elijah Moore,WR,21.449999694824207
2023101504,2895,44959,George Kittle,TE,9.74000244140619
2023101504,3080,52523,Harrison Bryant,TE,11.70000366210941
2023101504,3327,52595,Donovan Peoples-Jones,WR,34.7400010681152
2023101504,3372,40026,Marquise Goodwin,WR,8.420002746582
2023101504,3454,52433,Brandon Aiyuk,WR,21.4999983215332
2023101504,3506,52433,Brandon Aiyuk,WR,22.020001373291002
2023101504,3619,42347,Amari Cooper,WR,22.0400021362305
2023101504,3712,44841,David Njoku,TE,12.699997558593807
2023101504,3794,42347,Amari Cooper,WR,16.919999847412107
2023101504,3861,44841,David Njoku,TE,29.38000076293951
2023101504,3886,54621,Jerome Ford,RB,14.599999389648396
2023101504,3911,54564,David Bell,WR,10.1699990844727
2023101504,3958,42347,Amari Cooper,WR,13.400001068115202
2023101504,3988,54564,David Bell,WR,11.969999084472697
2023101504,4129,52433,Brandon Aiyuk,WR,14.6700006103516
2023101504,4208,53463,Elijah Moore,WR,19.810002136230494
2023101504,4231,53463,Elijah Moore,WR,20.5399993896484
2023101504,4522,52625,Jauan Jennings,WR,18.7399992370605
2023101504,4545,52433,Brandon Aiyuk,WR,37.6399969482422
2023101504,4602,52433,Brandon Aiyuk,WR,11.9000015258789
2023101504,4627,52625,Jauan Jennings,WR,12.950000610351609
2023101504,4650,52433,Brandon Aiyuk,WR,10.959998474121093
2023101504,4675,52625,Jauan Jennings,WR,13.090002136230495
2023101505,118,46206,Dalton Schultz,TE,9.789999389648397
2023101505,147,46206,Dalton Schultz,TE,11.6800015258789
2023101505,170,53518,Nico Collins,WR,14.950001678466798
2023101505,240,45052,Noah Brown,WR,30.2400018310547
2023101505,281,44879,Alvin Kamara,RB,9.499998779296902
2023101505,335,55936,Kendre Miller,RB,4.970001525878899
2023101505,360,47920,Foster Moreau,TE,11.850000152587903
2023101505,429,54476,Chris Olave,WR,49.56999979019165
2023101505,452,45244,Taysom Hill,QB,12.7800006103516
2023101505,527,46206,Dalton Schultz,TE,14.46
2023101505,614,47857,Devin Singletary,RB,12.130003662109402
2023101505,637,45052,Noah Brown,WR,25.570001525878908
2023101505,684,46206,Dalton Schultz,TE,13.690000915527008
2023101505,787,45244,Taysom Hill,QB,31.099998321533207
2023101505,810,43336,Michael Thomas,WR,20.570001373291007
2023101505,838,43336,Michael Thomas,WR,15.310000915527297
2023101505,892,55133,Rashid Shaheed,WR,11.590001220703094
2023101505,937,55133,Rashid Shaheed,WR,40.5600003433228
2023101505,1053,53576,Brevin Jordan,TE,7.939999694824209
2023101505,1145,53518,Nico Collins,WR,31.529999923706104
2023101505,1192,47857,Devin Singletary,RB,11.799999160766603
2023101505,1217,45052,Noah Brown,WR,16.12999996185303
2023101505,1290,54476,Chris Olave,WR,29.170000152587896
2023101505,1389,53518,Nico Collins,WR,30.5899995422363
2023101505,1597,39989,Robert Woods,WR,15.330000038146972
2023101505,1663,45244,Taysom Hill,QB,12.5899995422363
2023101505,1688,44879,Alvin Kamara,RB,2.800001220703095
2023101505,1713,54476,Chris Olave,WR,10.259999084472696
2023101505,1738,45244,Taysom Hill,QB,10.299999389648399
2023101505,1770,45244,Taysom Hill,QB,10.079998626709
2023101505,1840,45244,Taysom Hill,QB,11.1600018310547
2023101505,1865,54476,Chris Olave,WR,21.449999694824207
2023101505,1931,45244,Taysom Hill,QB,17.329998168945295
2023101505,1960,54476,Chris Olave,WR,36.960000305175996
2023101505,2110,54476,Chris Olave,WR,10.470002136230491
2023101505,2213,44879,Alvin Kamara,RB,8.889999389648395
2023101505,2338,39989,Robert Woods,WR,13.360001068115196
2023101505,2414,55936,Kendre Miller,RB,8.129997558593999
2023101505,2487,46206,Dalton Schultz,TE,27.4300030517578
2023101505,2568,46206,Dalton Schultz,TE,7.920000610352005
2023101505,2701,47920,Foster Moreau,TE,20.799999084472702
2023101505,2726,43336,Michael Thomas,WR,5.010001220703103
2023101505,2800,54476,Chris Olave,WR,24.219999160766605
2023101505,2859,45244,Taysom Hill,QB,17.8199996185303
2023101505,2994,46206,Dalton Schultz,TE,11.23
2023101505,3019,53518,Nico Collins,WR,25.360000152587897
2023101505,3062,54476,Chris Olave,WR,26.320000305175803
2023101505,3129,43336,Michael Thomas,WR,10.9499981689453
2023101505,3198,54476,Chris Olave,WR,9.139997863769509
2023101505,3290,43336,Michael Thomas,WR,28.729999389648
2023101505,3419,39989,Robert Woods,WR,27.009998474121097
2023101505,3518,55133,Rashid Shaheed,WR,53.159998474121096
2023101505,3667,44879,Alvin Kamara,RB,2.149996337890599
2023101505,3792,53518,Nico Collins,WR,14.619998626709005
2023101505,3865,47920,Foster Moreau,TE,12.449999084472699
2023101505,3890,47920,Foster Moreau,TE,12.3000006103516
2023101505,3915,44879,Alvin Kamara,RB,8.230000457763701
2023101505,4007,43336,Michael Thomas,WR,12.260001831054701
2023101505,4072,44879,Alvin Kamara,RB,8.280000000000001
2023101505,4120,54476,Chris Olave,WR,18.3699978637695
2023101505,4198,55133,Rashid Shaheed,WR,39.000001831055
2023101505,4221,43336,Michael Thomas,WR,31.560000610352006
2023101506,64,55944,Josh Downs,WR,10.439999389648403
2023101506,93,54518,Alec Pierce,WR,10.349999237060498
2023101506,143,52449,Jonathan Taylor,RB,6.409999694824201
2023101506,212,55944,Josh Downs,WR,15.89999755859381
2023101506,259,52494,Zack Moss,RB,7.020000610351602
2023101506,284,52494,Zack Moss,RB,8.100000610351607
2023101506,309,52494,Zack Moss,RB,9.509997253417993
2023101506,386,52449,Jonathan Taylor,RB,8.819997863769999
2023101506,409,55944,Josh Downs,WR,12.679999694824005
2023101506,571,46095,Calvin Ridley,WR,26.260000457763695
2023101506,645,44835,Evan Engram,TE,12.239999237060495
2023101506,1038,54518,Alec Pierce,WR,35.0100015258789
2023101506,1153,55926,Brenton Strange,TE,33.8100012207031
2023101506,1183,44835,Evan Engram,TE,24.7599995422363
2023101506,1267,44835,Evan Engram,TE,10.289998779296901
2023101506,1365,52494,Zack Moss,RB,2.5200015258790103
2023101506,1390,52494,Zack Moss,RB,7.860003051757801
2023101506,1502,55953,Tank Bigsby,RB,8.510001831054701
2023101506,1618,52449,Jonathan Taylor,RB,11.749997558593805
2023101506,1648,55944,Josh Downs,WR,13.670000762939502
2023101506,1671,52442,Michael Pittman,WR,21.8899990844727
2023101506,1723,46116,Christian Kirk,WR,12.3700003051758
2023101506,1843,44835,Evan Engram,TE,10.2600030517578
2023101506,1875,46095,Calvin Ridley,WR,13.8799975585938
2023101506,1912,46116,Christian Kirk,WR,27.379999999999995
2023101506,2043,52442,Michael Pittman,WR,9.299998168945294
2023101506,2068,52494,Zack Moss,RB,9.380000610351601
2023101506,2093,52449,Jonathan Taylor,RB,8.520001525878897
2023101506,2293,46095,Calvin Ridley,WR,16.020000610351598
2023101506,2316,46116,Christian Kirk,WR,41.949997863769504
2023101506,2408,52442,Michael Pittman,WR,14.689996643066408
2023101506,2433,54518,Alec Pierce,WR,8.980001525878905
2023101506,2463,52442,Michael Pittman,WR,32.1600004577637
2023101506,2558,46095,Calvin Ridley,WR,24.280001831054705
2023101506,2581,46095,Calvin Ridley,WR,15.64
2023101506,2784,53454,Travis Etienne,RB,3.1700009155273
2023101506,2954,46116,Christian Kirk,WR,14.439997558593802
2023101506,2979,46116,Christian Kirk,WR,22.389996948242
2023101506,3110,52442,Michael Pittman,WR,20.3999993896484
2023101506,3133,54518,Alec Pierce,WR,18.6799978637695
2023101506,3156,54518,Alec Pierce,WR,24.799998474121097
2023101506,3181,52442,Michael Pittman,WR,34.589999389648405
2023101506,3275,52449,Jonathan Taylor,RB,6.010000305175797
2023101506,3367,55944,Josh Downs,WR,11.120003356934006
2023101506,3431,46095,Calvin Ridley,WR,36.2100018310547
2023101506,3454,46095,Calvin Ridley,WR,14.529998779296903
2023101506,3484,46116,Christian Kirk,WR,15.530003662109408
2023101506,3547,54518,Alec Pierce,WR,33.389999389648
2023101506,3570,52442,Michael Pittman,WR,18.520003051757797
2023101506,3605,52494,Zack Moss,RB,9.670000915527297
2023101506,3628,55944,Josh Downs,WR,8.869999694824202
2023101506,3675,52442,Michael Pittman,WR,26.239999694824007
2023101506,3803,53556,Kylen Granson,TE,40.83999755859381
2023101506,3828,53556,Kylen Granson,TE,21.560000000000002
2023101506,3853,55944,Josh Downs,WR,10.139996337890992
2023101506,3966,53454,Travis Etienne,RB,4.750000610351599
2023101506,4117,56027,Will Mallory,TE,18.4899998474121
2023101506,4285,52442,Michael Pittman,WR,15.1999993896484
2023101506,4310,54657,Andrew Ogletree,TE,18.509998321533203
2023101506,4333,52442,Michael Pittman,WR,14.6299990844727
2023101506,4358,53514,Amari Rodgers,WR,18.779999389648395
2023101506,4381,55944,Josh Downs,WR,16.20000061035161
2023101506,4404,53517,Trey Sermon,RB,9.1599995422363
2023101506,4434,53514,Amari Rodgers,WR,21.979997253418
2023101507,189,42718,Raheem Mostert,RB,4.439996337890591
2023101507,240,40488,Adam Thielen,WR,23.640001068115197
2023101507,321,40488,Adam Thielen,WR,12.96000244140619
2023101507,472,53435,Jaylen Waddle,WR,11.819999694824205
2023101507,593,53512,Tommy Tremble,TE,8.0200004577637
2023101507,635,40488,Adam Thielen,WR,16.610000305175795
2023101507,821,46094,Hayden Hurst,TE,18.06999664306599
2023101507,844,40488,Adam Thielen,WR,20.719999084473002
2023101507,901,43454,Tyreek Hill,WR,31.0599989318848
2023101507,946,53435,Jaylen Waddle,WR,51.38
2023101507,994,46279,Braxton Berrios,WR,10.629998474121095
2023101507,1078,53435,Jaylen Waddle,WR,13.210001220702992
2023101507,1211,40488,Adam Thielen,WR,9.079998474121098
2023101507,1236,55904,Jonathan Mingo,WR,18.549998931884808
2023101507,1283,55904,Jonathan Mingo,WR,19.939999542236293
2023101507,1306,46130,D.J. Chark,WR,43.180000381469696
2023101507,1471,53435,Jaylen Waddle,WR,18.469998474121
2023101507,1597,46130,D.J. Chark,WR,10.090001831054707
2023101507,1688,53435,Jaylen Waddle,WR,22.140000915527303
2023101507,1735,43454,Tyreek Hill,WR,12.420000915527304
2023101507,1758,42718,Raheem Mostert,RB,6.529998931884798
2023101507,1805,52922,Salvon Ahmed,RB,7.280002746581999
2023101507,1830,43454,Tyreek Hill,WR,40.799998779297006
2023101507,1959,40488,Adam Thielen,WR,20.9800003051758
2023101507,1984,40488,Adam Thielen,WR,21.480000000000004
2023101507,2009,40488,Adam Thielen,WR,13.0500003051758
2023101507,2176,43454,Tyreek Hill,WR,26.220001220703097
2023101507,2242,40488,Adam Thielen,WR,10.899996337890599
2023101507,2334,40488,Adam Thielen,WR,9.880001220703093
2023101507,2505,43454,Tyreek Hill,WR,30.8599995422363
2023101507,2535,53435,Jaylen Waddle,WR,13.090001220703101
2023101507,2560,52922,Salvon Ahmed,RB,3.9300015258789074
2023101507,2712,46130,D.J. Chark,WR,24.429998931884803
2023101507,2737,53512,Tommy Tremble,TE,11.859999084472697
2023101507,2855,46130,D.J. Chark,WR,9.189999313354498
2023101507,2878,46094,Hayden Hurst,TE,36.15000015258789
2023101507,2930,43454,Tyreek Hill,WR,27.390001831054704
2023101507,2992,53435,Jaylen Waddle,WR,24.569997253417995
2023101507,3015,46279,Braxton Berrios,WR,10.310002136230494
2023101507,3107,43454,Tyreek Hill,WR,22.329999465942404
2023101507,3302,55904,Jonathan Mingo,WR,13.0499984741211
2023101507,3516,52922,Salvon Ahmed,RB,22.000001068115203
2023101507,3581,40488,Adam Thielen,WR,12.469999618530299
2023101507,3637,46094,Hayden Hurst,TE,13.000000610351599
2023101507,3662,40488,Adam Thielen,WR,28.3899978637695
2023101507,3685,40488,Adam Thielen,WR,17.069998321533205
2023101507,3708,53488,Terrace Marshall Jr.,WR,18.559999542236298
2023101507,3731,53488,Terrace Marshall Jr.,WR,12.9100004577637
2023101507,3809,52922,Salvon Ahmed,RB,5.650001525878899
2023101507,4064,55014,Raheem Blackshear,RB,5.939999847412103
2023101507,4111,46130,D.J. Chark,WR,16.679998626709
2023101508,77,44896,Chris Godwin Jr.,WR,23.149999694824203
2023101508,124,56056,Trey Palmer,WR,8.630000610351601
2023101508,147,54556,Rachaad White,RB,21.759999694824195
2023101508,243,55899,Sam LaPorta,TE,18.7800001525879
2023101508,320,53541,Amon-Ra St. Brown,WR,16.500001831054703
2023101508,397,53541,Amon-Ra St. Brown,WR,6.330001831054702
2023101508,571,56036,Payne Durham,TE,9.430003356933597
2023101508,596,41233,Mike Evans,WR,10.920003662109409
2023101508,731,55899,Sam LaPorta,TE,5.6300015258789
2023101508,756,53541,Amon-Ra St. Brown,WR,18.8399989318848
2023101508,781,43584,Kalif Raymond,WR,10.290001678466794
2023101508,828,55899,Sam LaPorta,TE,20.990003051757796
2023101508,925,44896,Chris Godwin Jr.,WR,17.2599966430664
2023101508,1014,41233,Mike Evans,WR,23.019999237060496
2023101508,1056,53541,Amon-Ra St. Brown,WR,10.030000000000001
2023101508,1108,53541,Amon-Ra St. Brown,WR,10.620001525878905
2023101508,1199,54556,Rachaad White,RB,6.059998931884799
2023101508,1224,56056,Trey Palmer,WR,28.020001220703094
2023101508,1357,52484,Ke'Shawn Vaughn,RB,10.660003662109403
2023101508,1380,55075,Deven Thompkins,WR,10.880001831054699
2023101508,1505,44930,Josh Reynolds,WR,18.200000457763707
2023101508,1652,53541,Amon-Ra St. Brown,WR,14.070000915527302
2023101508,1725,54571,Cade Otton,TE,9.209998779296903
2023101508,1750,56056,Trey Palmer,WR,57.9300012207031
2023101508,1843,55899,Sam LaPorta,TE,18.159998168945293
2023101508,1873,55899,Sam LaPorta,TE,16.84000366210941
2023101508,1896,44930,Josh Reynolds,WR,22.349998168945305
2023101508,1921,55899,Sam LaPorta,TE,15.220001831054702
2023101508,2036,43584,Kalif Raymond,WR,12.1799989318848
2023101508,2086,53959,Brock Wright,TE,9.919997863769503
2023101508,2178,55899,Sam LaPorta,TE,20.329998474121098
2023101508,2222,44896,Chris Godwin Jr.,WR,10.879999847412101
2023101508,2254,41233,Mike Evans,WR,22.58
2023101508,2360,41233,Mike Evans,WR,18.9199993896484
2023101508,2466,55899,Sam LaPorta,TE,11.619998626708998
2023101508,2491,53541,Amon-Ra St. Brown,WR,17.5999998474121
2023101508,2540,54477,Jameson Williams,WR,16.1699984741211
2023101508,2598,43584,Kalif Raymond,WR,7.019998474121103
2023101508,2623,54477,Jameson Williams,WR,26.130001525878903
2023101508,2648,55899,Sam LaPorta,TE,11.920003051757796
2023101508,2671,54477,Jameson Williams,WR,51.380000915527006
2023101508,2989,53541,Amon-Ra St. Brown,WR,26.9899996948242
2023101508,3014,44930,Josh Reynolds,WR,11.5200010681152
2023101508,3039,38696,Marvin Jones,WR,12.2899996948242
2023101508,3064,55899,Sam LaPorta,TE,31.340000133514398
2023101508,3180,55075,Deven Thompkins,WR,3.000000152587898
2023101508,3205,41233,Mike Evans,WR,14.889999084472699
2023101508,3230,56056,Trey Palmer,WR,40.1499987792969
2023101508,3335,53541,Amon-Ra St. Brown,WR,11.219998168945295
2023101508,3365,53541,Amon-Ra St. Brown,WR,10.430000305175795
2023101508,3412,53541,Amon-Ra St. Brown,WR,13.830002441406194
2023101508,3437,48318,Devine Ozigbo,RB,6.509996337890598
2023101508,3484,55899,Sam LaPorta,TE,16.539999847412098
2023101508,3600,54556,Rachaad White,RB,7.679999885559099
2023101508,3625,41233,Mike Evans,WR,12.320000228881801
2023101508,3650,41233,Mike Evans,WR,33.8700018310547
2023101508,3673,44896,Chris Godwin Jr.,WR,14.239998779296904
2023101508,3729,44896,Chris Godwin Jr.,WR,7.279998168945298
2023101508,3754,56056,Trey Palmer,WR,26.9899990844727
2023101508,3809,44896,Chris Godwin Jr.,WR,24.540001525878907
2023101508,3834,55075,Deven Thompkins,WR,34.839999389648
2023101508,3857,56056,Trey Palmer,WR,41.279998474121
2023101508,3880,44896,Chris Godwin Jr.,WR,33.680000305175994
2023101508,3903,54571,Cade Otton,TE,42.57000122070299
2023101509,77,55900,Michael Mayer,TE,9.489999999999995
2023101509,104,55900,Michael Mayer,TE,14.40999633789059
2023101509,174,55900,Michael Mayer,TE,8.9799995422363
2023101509,380,42794,DeAndre Carter,WR,11.310000228881798
2023101509,604,53549,Rhamondre Stevenson,RB,5.120000152587902
2023101509,704,48097,Jakobi Meyers,WR,16.569999999999993
2023101509,729,47807,Josh Jacobs,RB,10.290001831054695
2023101509,831,41282,Davante Adams,WR,3.2599994659424034
2023101509,951,54587,Zamir White,RB,10.929998474121092
2023101509,1005,55900,Michael Mayer,TE,27.2799992370605
2023101509,1074,43370,Austin Hooper,TE,9.299997863769505
2023101509,1099,48097,Jakobi Meyers,WR,13.84000366210941
2023101509,1146,48097,Jakobi Meyers,WR,25.74000152587901
2023101509,1214,42357,DeVante Parker,WR,14.13999664306641
2023101509,1261,43293,Ezekiel Elliott,RB,3.8700006103516102
2023101509,1300,53549,Rhamondre Stevenson,RB,2.0199984741210955
2023101509,1325,45185,Kendrick Bourne,WR,12.410002746582009
2023101509,1408,42357,DeVante Parker,WR,14.990000686645502
2023101509,1474,54587,Zamir White,RB,11.119999389648402
2023101509,1670,43324,Hunter Henry,TE,4.769996643066406
2023101509,1695,46111,Mike Gesicki,TE,20.759998779296907
2023101509,1826,41282,Davante Adams,WR,9.0399992370605
2023101509,1909,48097,Jakobi Meyers,WR,16.520001220703094
2023101509,2005,47807,Josh Jacobs,RB,15.780001220703099
2023101509,2028,48097,Jakobi Meyers,WR,25.33999725341799
2023101509,2201,45339,Pharaoh Brown,TE,11.4100010681152
2023101509,2248,46111,Mike Gesicki,TE,9.939998168945294
2023101509,2328,46111,Mike Gesicki,TE,5.589996948242202
2023101509,2463,47807,Josh Jacobs,RB,11.120002136230497
2023101509,2512,55965,Tre Tucker,WR,50.140001831054704
2023101509,2591,55900,Michael Mayer,TE,11.719999771118196
2023101509,2672,55965,Tre Tucker,WR,11.8100000762939
2023101509,2697,55900,Michael Mayer,TE,16.310000343322802
2023101509,2783,54515,Tyquan Thornton,WR,13.639999847412103
2023101509,2808,43324,Hunter Henry,TE,8.600001373291
2023101509,2860,41282,Davante Adams,WR,24.630000305175805
2023101509,2980,43370,Austin Hooper,TE,8.409999999999997
2023101509,3118,45185,Kendrick Bourne,WR,9.439997863769506
2023101509,3197,45185,Kendrick Bourne,WR,4.649996643066402
2023101509,3222,45185,Kendrick Bourne,WR,10.109997253418001
2023101509,3374,45185,Kendrick Bourne,WR,12.5199989318848
2023101509,3399,45185,Kendrick Bourne,WR,17.719998931884803
2023101509,3424,45185,Kendrick Bourne,WR,4.890000228881803
2023101509,3449,42437,Ty Montgomery,WR,11.319999465942399
2023101509,3557,53549,Rhamondre Stevenson,RB,10.459999542236297
2023101509,3589,45185,Kendrick Bourne,WR,7.8399992370605
2023101509,3674,48097,Jakobi Meyers,WR,12.2
2023101509,3862,53549,Rhamondre Stevenson,RB,12.859996337890593
2023101509,3920,42357,DeVante Parker,WR,47.0200004577637
2023101510,77,47808,Marquise Brown,WR,9.100001220703092
2023101510,174,54666,Keaontay Ingram,RB,5.5399993896484006
2023101510,199,47808,Marquise Brown,WR,35.5199995422363
2023101510,280,44881,Cooper Kupp,WR,14.250001678466798
2023101510,333,44881,Cooper Kupp,WR,16.240001678466797
2023101510,499,53478,Rondale Moore,WR,10.470001831054702
2023101510,593,54520,Trey McBride,TE,8.2100006103516
2023101510,708,56042,Puka Nacua,WR,10.890001068115197
2023101510,733,44881,Cooper Kupp,WR,13.060001525878896
2023101510,804,56042,Puka Nacua,WR,31.529997253418003
2023101510,827,44881,Cooper Kupp,WR,25.439998779297
2023101510,916,54520,Trey McBride,TE,13.370003356933594
2023101510,966,53478,Rondale Moore,WR,4.32
2023101510,1025,39983,Zach Ertz,TE,11.290000610351598
2023101510,1103,47808,Marquise Brown,WR,22.949996643066
2023101510,1126,47808,Marquise Brown,WR,23.72000091552701
2023101510,1149,47808,Marquise Brown,WR,10.74000152587891
2023101510,1218,55145,Ronnie Rivers,RB,5.360003662109406
2023101510,1379,41712,Damien Williams,RB,10.839998474121096
2023101510,1533,43399,Tyler Higbee,TE,13.189998474121097
2023101510,1741,54666,Keaontay Ingram,RB,3.4299995422363025
2023101510,1984,44881,Cooper Kupp,WR,50.879999237060495
2023101510,2032,43399,Tyler Higbee,TE,16.1800003814697
2023101510,2381,44881,Cooper Kupp,WR,20.11999664306599
2023101510,2530,53478,Rondale Moore,WR,9.540003662109399
2023101510,2590,56042,Puka Nacua,WR,12.960000457763702
2023101510,2644,53486,Tutu Atwell,WR,27.389998626708998
2023101510,2764,43399,Tyler Higbee,TE,11.390001220702999
2023101510,2855,54520,Trey McBride,TE,9.8100012207031
2023101510,2940,47808,Marquise Brown,WR,25.5400003051758
2023101510,2985,39983,Zach Ertz,TE,11.039998474120992
2023101510,3056,56042,Puka Nacua,WR,12.519997253417998
2023101510,3101,44881,Cooper Kupp,WR,16.880000915527305
2023101510,3126,44881,Cooper Kupp,WR,29.019997253417998
2023101510,3213,44881,Cooper Kupp,WR,12.810001678466797
2023101510,3445,39983,Zach Ertz,TE,12.360000610351602
2023101510,3470,39983,Zach Ertz,TE,17.190000305175804
2023101510,3663,47808,Marquise Brown,WR,35.9700009155273
2023101510,3721,55959,Michael Wilson,WR,11.829999237060498
2023101510,3744,55959,Michael Wilson,WR,26.709998321533202
2023101510,3803,45102,Zach Pascal,WR,21.330000610351604
2023101510,4016,53478,Rondale Moore,WR,10.760001831054701
2023101510,4041,47808,Marquise Brown,WR,15.809998168945299
2023101510,4064,53478,Rondale Moore,WR,10.680000762939503
2023101510,4087,47808,Marquise Brown,WR,19.0499990844727
2023101510,4112,47808,Marquise Brown,WR,25.459999694824205
2023101510,4135,55959,Michael Wilson,WR,29.529998779296903
2023101510,4160,56395,Emari Demercado,RB,9.929999694824204
2023101510,4208,54520,Trey McBride,TE,29.930000000000007
2023101511,55,46705,Allen Lazard,WR,13.000002136230492
2023101511,134,54475,Garrett Wilson,WR,6.530003051757802
2023101511,181,54475,Garrett Wilson,WR,7.909999389648391
2023101511,230,52443,D'Andre Swift,RB,1.8499996566772001
2023101511,283,47834,A.J. Brown,WR,17.7500003051758
2023101511,336,52443,D'Andre Swift,RB,10.780001373291
2023101511,366,47834,A.J. Brown,WR,20.2200010681152
2023101511,396,53439,DeVonta Smith,WR,14.779999389648403
2023101511,533,53439,DeVonta Smith,WR,15.179998779296902
2023101511,558,46270,Boston Scott,RB,4.979999084472695
2023101511,708,48374,Olamide Zaccheaus,WR,23.060000000000002
2023101511,873,54475,Garrett Wilson,WR,11.5299969482422
2023101511,955,54475,Garrett Wilson,WR,16.54999832153321
2023101511,1153,47839,Mecole Hardman,WR,11.61000335693359
2023101511,1288,47834,A.J. Brown,WR,18.530002441406197
2023101511,1313,48374,Olamide Zaccheaus,WR,12.389998779296903
2023101511,1343,53439,DeVonta Smith,WR,13.570000457763697
2023101511,1366,47834,A.J. Brown,WR,14.810000762939502
2023101511,1391,53439,DeVonta Smith,WR,10.860001831054703
2023101511,1589,46226,Tyler Conklin,TE,13.070002441406196
2023101511,1614,47834,A.J. Brown,WR,59.4499999237061
2023101511,1637,52443,D'Andre Swift,RB,8.379998168945292
2023101511,1689,47834,A.J. Brown,WR,19.030001678466803
2023101511,1741,52443,D'Andre Swift,RB,12.5299995422363
2023101511,1810,54475,Garrett Wilson,WR,24.029998626709
2023101511,1833,46226,Tyler Conklin,TE,8.759999694824199
2023101511,1890,54501,Breece Hall,RB,8.8899969482422
2023101511,1920,54475,Garrett Wilson,WR,21.860000305176
2023101511,1943,42500,C.J. Uzomah,TE,20.429999389648003
2023101511,2108,52443,D'Andre Swift,RB,8.680001831054696
2023101511,2149,54475,Garrett Wilson,WR,12.079998931884802
2023101511,2238,54475,Garrett Wilson,WR,13.819997253417995
2023101511,2333,37139,Randall Cobb,WR,21.670001525878902
2023101511,2356,37139,Randall Cobb,WR,12.300002441406193
2023101511,2514,46118,Dallas Goedert,TE,13.189998931884801
2023101511,2591,53439,DeVonta Smith,WR,23.4399987792969
2023101511,2635,53579,Kenneth Gainwell,RB,17.139998779296903
2023101511,2716,54475,Garrett Wilson,WR,33.109998168945296
2023101511,2780,54501,Breece Hall,RB,5.18999832153321
2023101511,2887,46705,Allen Lazard,WR,17.9899996948242
2023101511,2910,54501,Breece Hall,RB,9.560000457763707
2023101511,3009,47834,A.J. Brown,WR,10.500000610351602
2023101511,3114,37139,Randall Cobb,WR,12.090000915527298
2023101511,3137,46705,Allen Lazard,WR,11.0100009155273
2023101511,3228,54475,Garrett Wilson,WR,9.560000305175798
2023101511,3273,54475,Garrett Wilson,WR,31.020000305175785
2023101511,3339,53439,DeVonta Smith,WR,24.7699981689453
2023101511,3510,46226,Tyler Conklin,TE,11.529998779296903
2023101511,3559,53536,Michael Carter,RB,10.289999084472697
2023101511,3660,47834,A.J. Brown,WR,41.859999084472705
2023101511,3785,46118,Dallas Goedert,TE,11.269999542236299
2023101511,3915,54566,Jeremy Ruckert,TE,7.2000004577637
2023101511,3940,54475,Garrett Wilson,WR,1.3900013732909997
2023101511,4033,52443,D'Andre Swift,RB,3.5100024414061863
2023101511,4085,52443,D'Andre Swift,RB,9.88000152587891
2023101511,4132,46118,Dallas Goedert,TE,20.60000244140619
2023101511,4227,46118,Dallas Goedert,TE,18.010001068115194
2023101511,4317,47834,A.J. Brown,WR,11.169999694824199
2023101511,4340,53439,DeVonta Smith,WR,17.720002746581997
2023101511,4363,53439,DeVonta Smith,WR,10.110002746581998
2023101511,4388,53439,DeVonta Smith,WR,52.7899984741211
2023101512,59,42489,Stefon Diggs,WR,6.290000305175795
2023101512,96,42489,Stefon Diggs,WR,11.840003356933593
2023101512,124,52536,Gabe Davis,WR,35.91999908447269
2023101512,178,47954,Darius Slayton,WR,9.139998779296903
2023101512,310,42489,Stefon Diggs,WR,17.6499963378906
2023101512,359,52536,Gabe Davis,WR,10.190001831054701
2023101512,423,52536,Gabe Davis,WR,10.929999847412098
2023101512,520,47954,Darius Slayton,WR,29.1699990844727
2023101512,596,54508,Wan'Dale Robinson,WR,11.51999938964839
2023101512,845,42489,Stefon Diggs,WR,32.9800006103516
2023101512,948,42489,Stefon Diggs,WR,7.850001678466796
2023101512,973,47879,Dawson Knox,TE,7.319998168945297
2023101512,1155,42489,Stefon Diggs,WR,13.590000000000003
2023101512,1405,45186,Matt Breida,RB,7.119998779296907
2023101512,1518,42489,Stefon Diggs,WR,13.989996948242208
2023101512,1541,42489,Stefon Diggs,WR,25.379996643066406
2023101512,1585,54508,Wan'Dale Robinson,WR,11.709999694824205
2023101512,1622,42547,Darren Waller,TE,14.3800004577637
2023101512,1696,54508,Wan'Dale Robinson,WR,10.809998779296905
2023101512,1787,42547,Darren Waller,TE,10.759999999999998
2023101512,2074,42489,Stefon Diggs,WR,21.8999993896484
2023101512,2108,47879,Dawson Knox,TE,17.209997253417995
2023101512,2161,55938,Jalin Hyatt,WR,8.119997863769498
2023101512,2193,47954,Darius Slayton,WR,33.3700015258789
2023101512,2296,46071,Saquon Barkley,RB,17.3300001144409
2023101512,2429,54508,Wan'Dale Robinson,WR,11.8300005340576
2023101512,2553,54508,Wan'Dale Robinson,WR,11.5299998474121
2023101512,2765,47879,Dawson Knox,TE,17.29999969482421
2023101512,2834,54613,Khalil Shakir,WR,6.160000915527306
2023101512,2913,42489,Stefon Diggs,WR,13.649999237060499
2023101512,2982,47879,Dawson Knox,TE,2.4599998474120994
2023101512,3464,52536,Gabe Davis,WR,15.6000009155273
2023101512,3572,42489,Stefon Diggs,WR,20.129996643066406
2023101512,3666,47879,Dawson Knox,TE,7.40999633789059
2023101512,3691,42489,Stefon Diggs,WR,10.589998474121089
2023101512,3738,53855,Quintin Morris,TE,23.220002136229994
2023101512,3806,54508,Wan'Dale Robinson,WR,10.249997558593805
2023101512,3865,42547,Darren Waller,TE,12.710001831054697
2023101512,3890,42547,Darren Waller,TE,10.450002441406198
2023101512,3937,55938,Jalin Hyatt,WR,54.659999847412095
2023101512,3967,47954,Darius Slayton,WR,40.1799998474121
2023101512,4068,47879,Dawson Knox,TE,22.03000030517579
2023101512,4112,46071,Saquon Barkley,RB,1.9199972534180034
2023101512,4167,46071,Saquon Barkley,RB,2.2200018310547023
2023101512,4197,42547,Darren Waller,TE,7.250001831054703
2023101512,4227,55938,Jalin Hyatt,WR,9.010001373291004
2023101512,4252,42547,Darren Waller,TE,11.14
2023101512,4307,47954,Darius Slayton,WR,13.619998168945301
2023101512,4337,46071,Saquon Barkley,RB,8.330001220703096
2023101512,4490,42547,Darren Waller,TE,11.66000011444092
2023101600,156,44856,Gerald Everett,TE,18.929998779296902
2023101600,307,40024,Keenan Allen,WR,6.729997863769995
2023101600,364,52425,CeeDee Lamb,WR,17.320001525878908
2023101600,389,52425,CeeDee Lamb,WR,21.369999389648406
2023101600,414,46150,Michael Gallup,WR,15.1999989318848
2023101600,513,46150,Michael Gallup,WR,24.919999961853
2023101600,697,44856,Gerald Everett,TE,8.719999084472697
2023101600,740,52425,CeeDee Lamb,WR,10.969997863769507
2023101600,848,46150,Michael Gallup,WR,11.019999389648397
2023101600,927,40024,Keenan Allen,WR,11.249999084472698
2023101600,952,45573,Austin Ekeler,RB,3.5200007629394996
2023101600,1165,44856,Gerald Everett,TE,13.2199993896484
2023101600,1188,40024,Keenan Allen,WR,17.1699981689453
2023101600,1260,47911,Tony Pollard,RB,2.8299995422362993
2023101600,1296,41246,Brandin Cooks,WR,9.499999389648398
2023101600,1515,41246,Brandin Cooks,WR,19.139999694824198
2023101600,1552,46150,Michael Gallup,WR,11.259998931884802
2023101600,1633,46150,Michael Gallup,WR,37.459999694824006
2023101600,1678,52425,CeeDee Lamb,WR,12.729997863769498
2023101600,1750,47911,Tony Pollard,RB,8.85000244140619
2023101600,1825,53506,Josh Palmer,WR,23.70999877929691
2023101600,1850,44856,Gerald Everett,TE,8.80000274658201
2023101600,1887,53506,Josh Palmer,WR,18.4000001525879
2023101600,1917,40024,Keenan Allen,WR,35.099998626708995
2023101600,1974,48456,Donald Parham,TE,7.9400033569335875
2023101600,2053,46150,Michael Gallup,WR,11.519998626708997
2023101600,2076,52425,CeeDee Lamb,WR,28.389998321533202
2023101600,2111,46150,Michael Gallup,WR,19.0800018310547
2023101600,2179,54594,Jake Ferguson,TE,15.750003662109407
2023101600,2220,47911,Tony Pollard,RB,10.889999084472706
2023101600,2370,53506,Josh Palmer,WR,21.4300021362305
2023101600,2507,53506,Josh Palmer,WR,10.460000152587902
2023101600,2532,48456,Donald Parham,TE,18.559999694824192
2023101600,2579,40024,Keenan Allen,WR,15.180001220703097
2023101600,2627,45573,Austin Ekeler,RB,8.770000381469703
2023101600,2674,53506,Josh Palmer,WR,15.309999847412099
2023101600,2835,52520,Joshua Kelley,RB,9.109999542236295
2023101600,2865,40024,Keenan Allen,WR,21.879998626708996
2023101600,2940,40024,Keenan Allen,WR,11.3400004577637
2023101600,3038,48456,Donald Parham,TE,23.069999985694885
2023101600,3168,47911,Tony Pollard,RB,11.119996337890598
2023101600,3298,52425,CeeDee Lamb,WR,12.190000839233399
2023101600,3357,41246,Brandin Cooks,WR,17.570000038146972
2023101600,3421,40024,Keenan Allen,WR,28.8599987792969
2023101600,3541,40024,Keenan Allen,WR,22.500000152587898
2023101600,3599,53506,Josh Palmer,WR,19.739998626709
2023101600,3755,53506,Josh Palmer,WR,16.119997863769996
2023101600,3778,45573,Austin Ekeler,RB,8.090000610352007
2023101600,3803,44856,Gerald Everett,TE,6.499996337890991
2023101600,3898,46150,Michael Gallup,WR,9.170002441406197
2023101600,4008,46150,Michael Gallup,WR,13.1399992370605
2023101600,4053,52425,CeeDee Lamb,WR,24.209999389648395
2023101600,4105,52934,Sean McKeon,TE,7.7800006103516
2023101600,4182,41246,Brandin Cooks,WR,20.4000006103516
2023101600,4288,47911,Tony Pollard,RB,29.369999885559082
2023101600,4456,55885,Quentin Johnston,WR,15.289999237060496
2023101900,78,44835,Evan Engram,TE,16.6600018310547
2023101900,172,44835,Evan Engram,TE,15.8899984741211
2023101900,227,46116,Christian Kirk,WR,12.299999999999997
2023101900,340,44879,Alvin Kamara,RB,7.720001525878899
2023101900,385,44879,Alvin Kamara,RB,8.620001831054708
2023101900,491,54476,Chris Olave,WR,6.610001678466801
2023101900,543,54476,Chris Olave,WR,17.8600009155273
2023101900,610,46116,Christian Kirk,WR,21.689999084472696
2023101900,680,54476,Chris Olave,WR,10.800001525878912
2023101900,705,55133,Rashid Shaheed,WR,29.0000006103516
2023101900,842,55133,Rashid Shaheed,WR,21.11999994277954
2023101900,867,43336,Michael Thomas,WR,16.91999977111816
2023101900,977,46116,Christian Kirk,WR,14.909998321533202
2023101900,1027,44978,Jamal Agnew,WR,23.7399984741211
2023101900,1173,55133,Rashid Shaheed,WR,11.3600010681152
2023101900,1203,47920,Foster Moreau,TE,19.3999995422363
2023101900,1277,43336,Michael Thomas,WR,27.290003356933596
2023101900,1300,54476,Chris Olave,WR,8.259999084472696
2023101900,1386,44835,Evan Engram,TE,22.809999084472693
2023101900,1429,44879,Alvin Kamara,RB,6.480000228881799
2023101900,1526,44879,Alvin Kamara,RB,6.4400016784668
2023101900,1553,54476,Chris Olave,WR,15.130001220703093
2023101900,1650,44978,Jamal Agnew,WR,17.36000335693359
2023101900,1704,44879,Alvin Kamara,RB,9.429999694824204
2023101900,1751,44879,Alvin Kamara,RB,9.7600030517578
2023101900,1776,44879,Alvin Kamara,RB,8.4000009155273
2023101900,1835,54476,Chris Olave,WR,16.1599975585938
2023101900,1928,46116,Christian Kirk,WR,15.37000061035161
2023101900,1958,44835,Evan Engram,TE,10.710001831054697
2023101900,2017,44978,Jamal Agnew,WR,10.500002441406195
2023101900,2070,44978,Jamal Agnew,WR,10.180000610351591
2023101900,2142,44835,Evan Engram,TE,8.430001068115196
2023101900,2174,46116,Christian Kirk,WR,9.579999694824195
2023101900,2211,44978,Jamal Agnew,WR,25.4499999237061
2023101900,2393,54476,Chris Olave,WR,20.7100006103516
2023101900,2455,47920,Foster Moreau,TE,6.569997863769501
2023101900,2480,55133,Rashid Shaheed,WR,9.390000457763705
2023101900,2527,54476,Chris Olave,WR,4.780001525878902
2023101900,2631,44879,Alvin Kamara,RB,13.710000915527303
2023101900,2654,47920,Foster Moreau,TE,12.990000000000002
2023101900,2785,53707,Tim Jones,WR,9.629998321533204
2023101900,2880,43336,Michael Thomas,WR,10.830002441406194
2023101900,2903,55133,Rashid Shaheed,WR,21.4899990844727
2023101900,2969,43336,Michael Thomas,WR,11.750002746581998
2023101900,3023,55133,Rashid Shaheed,WR,10.0599996948242
2023101900,3053,45244,Taysom Hill,QB,8.680000152587901
2023101900,3083,54476,Chris Olave,WR,12.689999999999998
2023101900,3160,44879,Alvin Kamara,RB,9.8400010681152
2023101900,3640,54476,Chris Olave,WR,9.8099995422363
2023101900,3665,54476,Chris Olave,WR,45.51000167846679
2023101900,3730,46095,Calvin Ridley,WR,31.150000762939506
2023101900,3875,43336,Michael Thomas,WR,12.4099989318848
2023101900,3907,45244,Taysom Hill,QB,23.939997863769506
2023101900,3932,43336,Michael Thomas,WR,26.310003356934004
2023101900,4066,46095,Calvin Ridley,WR,21.929998321533205
2023101900,4089,46095,Calvin Ridley,WR,43.5599993896484
2023101900,4155,45244,Taysom Hill,QB,10.160000152587902
2023101900,4274,46116,Christian Kirk,WR,7.9300007629395
2023101900,4336,45244,Taysom Hill,QB,18.039998474121102
2023101900,4361,44879,Alvin Kamara,RB,8.020001525878897
2023101900,4411,55133,Rashid Shaheed,WR,4.929999084472698
2023101900,4493,54476,Chris Olave,WR,11.680000305175795
2023101900,4586,47920,Foster Moreau,TE,20.030002136229996
2023101900,4616,54476,Chris Olave,WR,16.720001831055
2023102200,55,47896,Justice Hill,RB,4.789999542236298
2023102200,80,41238,Odell Beckham,WR,8.1399998474121
2023102200,110,55886,Zay Flowers,WR,26.1599981689453
2023102200,291,54477,Jameson Williams,WR,16.239999542236305
2023102200,389,45268,Patrick Ricard,FB,12.2700004577637
2023102200,421,46155,Mark Andrews,TE,18.019998474121103
2023102200,478,53456,Rashod Bateman,WR,20.540000610351598
2023102200,537,53456,Rashod Bateman,WR,20.959997253417995
2023102200,584,41238,Odell Beckham,WR,5.900000610351611
2023102200,661,41238,Odell Beckham,WR,9.719996948242198
2023102200,686,42363,Nelson Agholor,WR,25.260003662109
2023102200,754,55876,Jahmyr Gibbs,RB,6.0999966430664045
2023102200,801,55899,Sam LaPorta,TE,15.639998168945297
2023102200,857,41238,Odell Beckham,WR,24.339998626708997
2023102200,922,55886,Zay Flowers,WR,15.909999084472698
2023102200,967,55886,Zay Flowers,WR,29.5899983215332
2023102200,1017,45268,Patrick Ricard,FB,11.980000762939504
2023102200,1092,46155,Mark Andrews,TE,4.269999542236299
2023102200,1198,55899,Sam LaPorta,TE,14.3000018310547
2023102200,1316,46155,Mark Andrews,TE,17.020000839233397
2023102200,1478,53541,Amon-Ra St. Brown,WR,15.049999847412103
2023102200,1523,53541,Amon-Ra St. Brown,WR,8.869998321533203
2023102200,1546,53541,Amon-Ra St. Brown,WR,11.759998931884802
2023102200,1576,53541,Amon-Ra St. Brown,WR,26.000001220703098
2023102200,1639,46155,Mark Andrews,TE,16.589996337890597
2023102200,1686,55886,Zay Flowers,WR,10.149999847412104
2023102200,1785,55876,Jahmyr Gibbs,RB,8.510000457763699
2023102200,1810,53541,Amon-Ra St. Brown,WR,10.3399981689453
2023102200,1874,55899,Sam LaPorta,TE,11.770000915527298
2023102200,1904,53541,Amon-Ra St. Brown,WR,13.069998321533205
2023102200,1927,44930,Josh Reynolds,WR,24.1900009155273
2023102200,2027,53541,Amon-Ra St. Brown,WR,11.870000305175793
2023102200,2241,44930,Josh Reynolds,WR,22.2899995422363
2023102200,2343,53541,Amon-Ra St. Brown,WR,14.450000000000003
2023102200,2420,55876,Jahmyr Gibbs,RB,11.510000305175993
2023102200,2466,44930,Josh Reynolds,WR,20.619996337890996
2023102200,2518,46437,Gus Edwards,RB,7.020001525878911
2023102200,2565,46155,Mark Andrews,TE,21.7499999332428
2023102200,2639,53541,Amon-Ra St. Brown,WR,10.420000762939502
2023102200,2671,54477,Jameson Williams,WR,25.510003356933595
2023102200,2786,54477,Jameson Williams,WR,43.219996643066
2023102200,2970,55876,Jahmyr Gibbs,RB,11.969998474121102
2023102200,3022,55876,Jahmyr Gibbs,RB,5.460001068115197
2023102200,3047,55876,Jahmyr Gibbs,RB,7.410001525878897
2023102200,3116,55899,Sam LaPorta,TE,12.479998321533202
2023102200,3152,53541,Amon-Ra St. Brown,WR,16.4900007629395
2023102200,3273,41238,Odell Beckham,WR,15.489999389648396
2023102200,3405,41238,Odell Beckham,WR,7.380003662109402
2023102200,3498,55876,Jahmyr Gibbs,RB,4.409996643066407
2023102200,3523,55876,Jahmyr Gibbs,RB,11.350003662109401
2023102200,3553,55899,Sam LaPorta,TE,12.159997863769505
2023102200,3583,53541,Amon-Ra St. Brown,WR,7.849996948242207
2023102200,3608,55899,Sam LaPorta,TE,16.480000000000004
2023102200,3633,55899,Sam LaPorta,TE,10.819999084472698
2023102200,3658,53541,Amon-Ra St. Brown,WR,13.519999084472701
2023102200,3683,55876,Jahmyr Gibbs,RB,6.4699998474121045
2023102200,3708,53541,Amon-Ra St. Brown,WR,11.890000305175803
2023102200,3761,53541,Amon-Ra St. Brown,WR,9.879999237060499
2023102200,3784,54477,Jameson Williams,WR,6.449998321533201
2023102200,3807,56084,Antoine Green,WR,20.450000610351605
2023102200,3886,53456,Rashod Bateman,WR,33.800001373290996
2023102200,3950,54477,Jameson Williams,WR,45.2699984741211
2023102200,3980,53541,Amon-Ra St. Brown,WR,28.2799983215332
2023102200,4003,53541,Amon-Ra St. Brown,WR,11.309998168945299
2023102200,4028,53541,Amon-Ra St. Brown,WR,11.359998626709
2023102200,4053,54477,Jameson Williams,WR,52.6400002670288
2023102201,107,44901,D'Onta Foreman,RB,6.999996948242199
2023102201,173,41282,Davante Adams,WR,12.039998626709
2023102201,225,41282,Davante Adams,WR,6.230000305175793
2023102201,302,41282,Davante Adams,WR,7.90999633789059
2023102201,424,46093,DJ Moore,WR,11.930001678466795
2023102201,485,55998,Tyler Scott,WR,17.81000167846679
2023102201,755,55900,Michael Mayer,TE,27.62
2023102201,834,41282,Davante Adams,WR,16.349998931884798
2023102201,894,41282,Davante Adams,WR,14.339998779296906
2023102201,917,48097,Jakobi Meyers,WR,23.020002746582
2023102201,1040,52581,Darnell Mooney,WR,12.8099990844727
2023102201,1162,52581,Darnell Mooney,WR,14.560001373291001
2023102201,1187,46093,DJ Moore,WR,11.3400004577637
2023102201,1303,47807,Josh Jacobs,RB,9.650000000000006
2023102201,1396,30842,Marcedes Lewis,TE,14.429996948242206
2023102201,1527,48097,Jakobi Meyers,WR,10.440003051757799
2023102201,1552,48097,Jakobi Meyers,WR,12.909998168945293
2023102201,1582,48097,Jakobi Meyers,WR,8.389998168945297
2023102201,1634,48097,Jakobi Meyers,WR,13.680000152587901
2023102201,1682,43370,Austin Hooper,TE,9.0900018310547
2023102201,1764,48097,Jakobi Meyers,WR,25.8299999237061
2023102201,1843,48097,Jakobi Meyers,WR,11.009999999999998
2023102201,1873,55900,Michael Mayer,TE,13.889999465942399
2023102201,1946,55998,Tyler Scott,WR,10.870001373291
2023102201,1976,46093,DJ Moore,WR,12.120001373291
2023102201,2001,52581,Darnell Mooney,WR,13.2600003051758
2023102201,2089,46093,DJ Moore,WR,22.959999237060494
2023102201,2367,48097,Jakobi Meyers,WR,16.929999237060493
2023102201,2668,52501,Darrynton Evans,RB,0.6900003051758006
2023102201,2693,48207,Khari Blasingame,FB,9.709996643066404
2023102201,2765,46093,DJ Moore,WR,15.370003356934006
2023102201,2788,44901,D'Onta Foreman,RB,7.939998474120998
2023102201,2857,48097,Jakobi Meyers,WR,18.049997863769505
2023102201,2880,55900,Michael Mayer,TE,10.940002136230504
2023102201,2905,41282,Davante Adams,WR,11.780002441406197
2023102201,2935,55900,Michael Mayer,TE,10.700003356933593
2023102201,2960,48097,Jakobi Meyers,WR,11.590000610351602
2023102201,3005,41282,Davante Adams,WR,26.210000305175804
2023102201,3129,47807,Josh Jacobs,RB,23.120003356934006
2023102201,3197,41282,Davante Adams,WR,9.939998474120998
2023102201,3249,48097,Jakobi Meyers,WR,9.909997253417998
2023102201,3284,41282,Davante Adams,WR,17.940000305176
2023102201,3481,46093,DJ Moore,WR,11.5100003051758
2023102201,3726,41282,Davante Adams,WR,21.719998779296905
2023102201,3799,47932,Hunter Renfrow,WR,16.779999389648403
2023102201,3826,55965,Tre Tucker,WR,10.490000305175801
2023102201,3849,43370,Austin Hooper,TE,7.1800003814697
2023102201,3874,47932,Hunter Renfrow,WR,15.5999990844727
2023102201,3904,48097,Jakobi Meyers,WR,38.949996337890596
2023102201,4037,55965,Tre Tucker,WR,18.640000305175803
2023102201,4062,48700,Jesper Horsted,TE,7.709999237060494
2023102201,4092,54587,Zamir White,RB,9.2299981689453
2023102201,4117,54587,Zamir White,RB,9.4799981689453
2023102201,4142,54587,Zamir White,RB,6.870001831054708
2023102201,4167,55965,Tre Tucker,WR,9.949996643066413
2023102201,4199,47932,Hunter Renfrow,WR,6.979996337890597
2023102201,4224,48097,Jakobi Meyers,WR,10.400001525879006
2023102202,62,54621,Jerome Ford,RB,12.640002746581999
2023102202,205,55944,Josh Downs,WR,8.839998626708997
2023102202,230,56027,Will Mallory,TE,11.250000152587894
2023102202,287,55944,Josh Downs,WR,25.1300003051758
2023102202,443,40026,Marquise Goodwin,WR,34.84
2023102202,634,52595,Donovan Peoples-Jones,WR,10.390001525879
2023102202,685,55944,Josh Downs,WR,44.330001525878906
2023102202,715,52449,Jonathan Taylor,RB,22.999996337890593
2023102202,938,53463,Elijah Moore,WR,26.649997253417993
2023102202,1295,54518,Alec Pierce,WR,17.4400003051758
2023102202,1375,54518,Alec Pierce,WR,13.010001831054701
2023102202,1400,52449,Jonathan Taylor,RB,4.860001678466794
2023102202,1603,53463,Elijah Moore,WR,15.560003356933592
2023102202,1692,52494,Zack Moss,RB,5.570000610351599
2023102202,1717,55944,Josh Downs,WR,25.7299966430664
2023102202,1810,52442,Michael Pittman,WR,16.069999771118198
2023102202,1896,44841,David Njoku,TE,28.480001525878897
2023102202,1922,44841,David Njoku,TE,15.629998626708996
2023102202,2068,53463,Elijah Moore,WR,19.6300003051758
2023102202,2380,54621,Jerome Ford,RB,12.810000610351597
2023102202,2405,44841,David Njoku,TE,7.689998931884801
2023102202,2435,53463,Elijah Moore,WR,15.770000610351595
2023102202,2460,54621,Jerome Ford,RB,9.500000457763697
2023102202,2728,42347,Amari Cooper,WR,21.0500004577637
2023102202,2867,52442,Michael Pittman,WR,8.48000061035161
2023102202,2931,42347,Amari Cooper,WR,14.319996643066403
2023102202,3330,42347,Amari Cooper,WR,19.2000009155273
2023102202,3353,44841,David Njoku,TE,13.599999694824199
2023102202,3527,54518,Alec Pierce,WR,34.890000534057606
2023102202,3607,52442,Michael Pittman,WR,13.600002746582007
2023102202,3630,52449,Jonathan Taylor,RB,9.110002746581998
2023102202,3769,42347,Amari Cooper,WR,20.4399987792969
2023102202,3824,42347,Amari Cooper,WR,24.319999999999993
2023102202,3858,42347,Amari Cooper,WR,50.9200002288818
2023102202,4094,52595,Donovan Peoples-Jones,WR,22.500001220703098
2023102202,4175,52442,Michael Pittman,WR,19.430000762939503
2023102202,4265,44841,David Njoku,TE,6.899999694824203
2023102202,4513,42347,Amari Cooper,WR,14.920001525878902
2023102202,4536,53463,Elijah Moore,WR,31.199996337890596
2023102202,4617,52595,Donovan Peoples-Jones,WR,23.4399996948242
2023102202,4664,42347,Amari Cooper,WR,14.449999694824204
2023102202,4782,44841,David Njoku,TE,16.019999923706052
2023102202,4938,52442,Michael Pittman,WR,24.9700015258789
2023102203,56,56075,DeMario Douglas,WR,0.559997253418004
2023102203,150,45339,Pharaoh Brown,TE,9.720000610351597
2023102203,291,47879,Dawson Knox,TE,22.630001831054702
2023102203,318,43293,Ezekiel Elliott,RB,11.150000305175801
2023102203,422,56075,DeMario Douglas,WR,22.160000839233398
2023102203,567,54613,Khalil Shakir,WR,13.040001373291002
2023102203,625,54528,James Cook,RB,29.439998626709
2023102203,913,52536,Gabe Davis,WR,35.699999992847445
2023102203,1031,53549,Rhamondre Stevenson,RB,8.719999237060499
2023102203,1106,55889,Dalton Kincaid,TE,10.329999999999998
2023102203,1208,42489,Stefon Diggs,WR,35.65999633789059
2023102203,1266,45185,Kendrick Bourne,WR,7.970000915527301
2023102203,1347,45185,Kendrick Bourne,WR,12.13000152587901
2023102203,1415,55889,Dalton Kincaid,TE,10.54000122070309
2023102203,1462,55889,Dalton Kincaid,TE,17.7299966430664
2023102203,1487,52536,Gabe Davis,WR,10.929999237060493
2023102203,1588,55889,Dalton Kincaid,TE,11.600000000000001
2023102203,1706,45185,Kendrick Bourne,WR,10.570001068115197
2023102203,1743,46111,Mike Gesicki,TE,9.459999389648402
2023102203,1819,53549,Rhamondre Stevenson,RB,8.919998779296904
2023102203,1983,42489,Stefon Diggs,WR,20.409997863769505
2023102203,2008,55889,Dalton Kincaid,TE,11.09000366210941
2023102203,2066,48415,Deonte Harty,WR,12.159998474121096
2023102203,2152,47879,Dawson Knox,TE,8.170000381469702
2023102203,2199,52536,Gabe Davis,WR,32.12000000238419
2023102203,2224,54528,James Cook,RB,9.109999084472697
2023102203,2322,52429,Jalen Reagor,WR,13.6900009155273
2023102203,2347,43324,Hunter Henry,TE,18.390001831054704
2023102203,2438,53549,Rhamondre Stevenson,RB,2.060000305175791
2023102203,2580,42489,Stefon Diggs,WR,25.949999084472694
2023102203,2603,40129,Latavius Murray,RB,10.620001831054708
2023102203,2628,54613,Khalil Shakir,WR,13.2899963378906
2023102203,2729,55889,Dalton Kincaid,TE,15.480000457763694
2023102203,2841,42489,Stefon Diggs,WR,12.379998779296905
2023102203,2866,47879,Dawson Knox,TE,18.530003662109408
2023102203,3099,56075,DeMario Douglas,WR,21.739999694824203
2023102203,3146,45185,Kendrick Bourne,WR,8.830000038147
2023102203,3259,55889,Dalton Kincaid,TE,9.25
2023102203,3284,42489,Stefon Diggs,WR,12.8600001525879
2023102203,3343,46671,Trent Sherfield,WR,13.069999084472698
2023102203,3368,54613,Khalil Shakir,WR,9.639999084472706
2023102203,3393,42489,Stefon Diggs,WR,22.5399993896484
2023102203,3493,43324,Hunter Henry,TE,9.199998779296905
2023102203,3516,45185,Kendrick Bourne,WR,14.7000012207031
2023102203,3557,54613,Khalil Shakir,WR,22.14000030517579
2023102203,3651,55889,Dalton Kincaid,TE,9.420001220703
2023102203,3694,40129,Latavius Murray,RB,14.810002441405999
2023102203,3892,53549,Rhamondre Stevenson,RB,3.390000152587895
2023102203,3917,43324,Hunter Henry,TE,21.409998779296906
2023102203,3942,42357,DeVante Parker,WR,11.6200005340576
2023102203,3974,53549,Rhamondre Stevenson,RB,10.389999542236296
2023102203,4072,46111,Mike Gesicki,TE,13.150000190734861
2023102203,4129,42489,Stefon Diggs,WR,45.2899981689453
2023102204,215,41349,Logan Thomas,TE,12.440000000000001
2023102204,291,43329,Sterling Shepard,WR,8.059997863769496
2023102204,350,55938,Jalin Hyatt,WR,35.7200018310547
2023102204,471,55938,Jalin Hyatt,WR,29.3500001144409
2023102204,515,44852,Curtis Samuel,WR,10.0099987792969
2023102204,567,54481,Jahan Dotson,WR,19.6900009155273
2023102204,639,46071,Saquon Barkley,RB,2.289996948242006
2023102204,723,44852,Curtis Samuel,WR,11.4499983215332
2023102204,777,53553,John Bates,TE,15.169998474121087
2023102204,869,54508,Wan'Dale Robinson,WR,9.400002746582004
2023102204,894,47954,Darius Slayton,WR,14.739997863769503
2023102204,924,42547,Darren Waller,TE,16.5999996948242
2023102204,1076,42547,Darren Waller,TE,24.649998168945004
2023102204,1236,52615,Isaiah Hodgins,WR,9.200000228881802
2023102204,1403,54481,Jahan Dotson,WR,11.2299966430664
2023102204,1433,54481,Jahan Dotson,WR,28.2400018310547
2023102204,1481,42547,Darren Waller,TE,13.340000305175792
2023102204,1511,46071,Saquon Barkley,RB,6.429997558593811
2023102204,1597,47859,Terry McLaurin,WR,23.049996948242196
2023102204,1733,42547,Darren Waller,TE,31.1999989318848
2023102204,1799,47954,Darius Slayton,WR,17.5500001525879
2023102204,1933,54481,Jahan Dotson,WR,11.639999694824198
2023102204,2055,42547,Darren Waller,TE,11.290001068115195
2023102204,2201,41349,Logan Thomas,TE,7.929997558593811
2023102204,2246,44852,Curtis Samuel,WR,30.879999694824207
2023102204,2296,52615,Isaiah Hodgins,WR,11.059999237060495
2023102204,2321,52615,Isaiah Hodgins,WR,11.409999084472702
2023102204,2630,54481,Jahan Dotson,WR,9.3100000762939
2023102204,2660,44852,Curtis Samuel,WR,16.14
2023102204,2832,52615,Isaiah Hodgins,WR,10.470001068115202
2023102204,2855,42547,Darren Waller,TE,12.229998321533202
2023102204,2928,41349,Logan Thomas,TE,4.8799969482422085
2023102204,2992,47859,Terry McLaurin,WR,23.510003356933595
2023102204,3022,41349,Logan Thomas,TE,16.160000762939497
2023102204,3063,42547,Darren Waller,TE,15.059999389648404
2023102204,3251,52474,Antonio Gibson,RB,6.619998779297006
2023102204,3345,54508,Wan'Dale Robinson,WR,9.200001831054703
2023102204,3405,47859,Terry McLaurin,WR,32.95999755859381
2023102204,3510,47859,Terry McLaurin,WR,38.8400002288818
2023102204,3616,47859,Terry McLaurin,WR,9.680002746582005
2023102204,3797,46071,Saquon Barkley,RB,13.439999999999998
2023102204,3849,55938,Jalin Hyatt,WR,47.7500006103516
2023102204,4017,47859,Terry McLaurin,WR,19.2000009155273
2023102204,4074,54481,Jahan Dotson,WR,13.119999618530297
2023102204,4104,44852,Curtis Samuel,WR,6.749999237060496
2023102204,4129,41349,Logan Thomas,TE,23.880001220703097
2023102204,4152,41349,Logan Thomas,TE,9.679999694824197
2023102204,4177,44852,Curtis Samuel,WR,8.580001068115202
2023102204,4202,46522,Byron Pringle,WR,24.739996643066405
2023102204,4317,54481,Jahan Dotson,WR,15.430000000000007
2023102204,4347,44852,Curtis Samuel,WR,5.800001525878912
2023102204,4372,47859,Terry McLaurin,WR,10.5
2023102204,4452,47859,Terry McLaurin,WR,18.190001525879012
2023102204,4482,54481,Jahan Dotson,WR,16.170003356934004
2023102205,55,44896,Chris Godwin Jr.,WR,3.9999996948242007
2023102205,80,41233,Mike Evans,WR,13.379998931884803
2023102205,256,44896,Chris Godwin Jr.,WR,27.8199969482422
2023102205,279,56056,Trey Palmer,WR,10.950001525878903
2023102205,325,46992,KhaDarel Hodge,WR,17.610001525878893
2023102205,431,44912,Jonnu Smith,TE,21.1999997711182
2023102205,478,44912,Jonnu Smith,TE,6.5100003814697
2023102205,610,44896,Chris Godwin Jr.,WR,32.85000061035161
2023102205,644,54571,Cade Otton,TE,11.209998779296903
2023102205,715,54571,Cade Otton,TE,11.190002136230497
2023102205,784,41233,Mike Evans,WR,36.3499990844727
2023102205,870,53433,Kyle Pitts,TE,10.310000000000002
2023102205,895,53433,Kyle Pitts,TE,8.740001831054698
2023102205,968,54556,Rachaad White,RB,7.510001525878899
2023102205,1057,56056,Trey Palmer,WR,8.430001220703097
2023102205,1106,41233,Mike Evans,WR,10.250000305175803
2023102205,1180,47991,Scott Miller,WR,50.760001220703096
2023102205,1234,54473,Drake London,WR,7.139999084472706
2023102205,1326,54473,Drake London,WR,16.989999084473
2023102205,1432,44896,Chris Godwin Jr.,WR,11.059998168945299
2023102205,1457,44896,Chris Godwin Jr.,WR,15.529998168945298
2023102205,1487,56541,Rakim Jarrett,WR,62.4100000762939
2023102205,1510,56036,Payne Durham,TE,10.280002441406197
2023102205,1567,52484,Ke'Shawn Vaughn,RB,7.870000305175793
2023102205,1590,41233,Mike Evans,WR,11.7799983215332
2023102205,1637,55075,Deven Thompkins,WR,13.449999847412101
2023102205,1689,54556,Rachaad White,RB,12.520000000000003
2023102205,1749,41233,Mike Evans,WR,25.08999997138977
2023102205,1772,54556,Rachaad White,RB,4.549999847412099
2023102205,1845,53433,Kyle Pitts,TE,11.100001373291
2023102205,1897,54473,Drake London,WR,17.439998321533203
2023102205,2067,54473,Drake London,WR,12.549997558593802
2023102205,2321,54473,Drake London,WR,12.109997863769507
2023102205,2406,41233,Mike Evans,WR,26.579999694824195
2023102205,2458,44896,Chris Godwin Jr.,WR,11.4000000762939
2023102205,2613,54616,Tyler Allgeier,RB,11.529998321533206
2023102205,2682,54616,Tyler Allgeier,RB,4.6300000762939
2023102205,2707,54473,Drake London,WR,12.769999847412098
2023102205,2846,41233,Mike Evans,WR,11.6
2023102205,3035,52465,Van Jefferson,WR,12.279999923706104
2023102205,3147,54556,Rachaad White,RB,11.0699984741211
2023102205,3293,41233,Mike Evans,WR,10.760003051757792
2023102205,3318,44896,Chris Godwin Jr.,WR,12.630001678466797
2023102205,3383,54473,Drake London,WR,4.3699997711182
2023102205,3415,54616,Tyler Allgeier,RB,23.410000762939504
2023102205,3671,44896,Chris Godwin Jr.,WR,12.849997253417996
2023102205,3694,54571,Cade Otton,TE,11.969996948242198
2023102205,3744,54571,Cade Otton,TE,12.940001831054701
2023102205,3769,44896,Chris Godwin Jr.,WR,20.189999542236293
2023102205,3821,54571,Cade Otton,TE,20.179999923706102
2023102205,3959,44896,Chris Godwin Jr.,WR,16.479998779296906
2023102205,3982,54556,Rachaad White,RB,7.989999389648389
2023102205,4063,54571,Cade Otton,TE,12.130001373291002
2023102205,4149,44896,Chris Godwin Jr.,WR,11.120000305175802
2023102205,4258,53433,Kyle Pitts,TE,20.8499995422363
2023102206,55,53453,Najee Harris,RB,2.9700012207030966
2023102206,105,54517,George Pickens,WR,17.9299993896484
2023102206,148,44881,Cooper Kupp,WR,12.3300001525879
2023102206,227,44881,Cooper Kupp,WR,9.069997253417995
2023102206,401,54517,George Pickens,WR,11.5999990844727
2023102206,524,53486,Tutu Atwell,WR,18.910000839233398
2023102206,598,56042,Puka Nacua,WR,12.400000762939499
2023102206,650,43399,Tyler Higbee,TE,17.010003662109405
2023102206,673,44881,Cooper Kupp,WR,12.879998779296905
2023102206,746,47849,Diontae Johnson,WR,21.099999389648396
2023102206,853,54673,Connor Heyward,TE,16.269998626708997
2023102206,1059,44881,Cooper Kupp,WR,32.02999984741211
2023102206,1184,52544,Brycen Hopkins,TE,7.810003662109409
2023102206,1235,47849,Diontae Johnson,WR,24.590001220703098
2023102206,1443,56042,Puka Nacua,WR,25.090001373291003
2023102206,1517,56042,Puka Nacua,WR,10.9499997711182
2023102206,1606,54517,George Pickens,WR,24.0799981689453
2023102206,1658,54517,George Pickens,WR,17.720001831054702
2023102206,1786,56042,Puka Nacua,WR,12.510003356933595
2023102206,1889,56042,Puka Nacua,WR,23.370000381469705
2023102206,1919,53486,Tutu Atwell,WR,36.2000003433228
2023102206,2048,44881,Cooper Kupp,WR,13.0300006103516
2023102206,2097,53453,Najee Harris,RB,4.4899994659424
2023102206,2266,56042,Puka Nacua,WR,37.6900009155273
2023102206,2364,47853,Darrell Henderson,RB,2.260002136230497
2023102206,2387,56042,Puka Nacua,WR,9.659997558593801
2023102206,2525,47849,Diontae Johnson,WR,9.750001831054703
2023102206,2583,54673,Connor Heyward,TE,18.439998168945294
2023102206,2699,56042,Puka Nacua,WR,9.7099998474121
2023102206,2748,43399,Tyler Higbee,TE,12.000000457763697
2023102206,2895,43399,Tyler Higbee,TE,21.02999664306641
2023102206,2918,44881,Cooper Kupp,WR,14.529998168945298
2023102206,2971,53453,Najee Harris,RB,3.6299966430664057
2023102206,2996,54905,Jaylen Warren,RB,4.239997253417997
2023102206,3041,47849,Diontae Johnson,WR,15.709999237060494
2023102206,3198,56042,Puka Nacua,WR,12.6999996948242
2023102206,3239,54517,George Pickens,WR,12.920000457763699
2023102206,3348,54517,George Pickens,WR,23.9499996948242
2023102206,3422,47849,Diontae Johnson,WR,18.100000915527303
2023102206,3476,54673,Connor Heyward,TE,5.489996643066405
2023102206,3684,56042,Puka Nacua,WR,32.9100010681152
2023102206,3777,54517,George Pickens,WR,26.379998321533204
2023102206,3894,41290,Allen Robinson,WR,12.940001525878905
2023102207,55,42589,Geoff Swaim,TE,11.5500003051758
2023102207,80,54520,Trey McBride,TE,22.130001525878903
2023102207,178,53478,Rondale Moore,WR,10.040002746582005
2023102207,272,54506,Kenneth Walker III,RB,5.349999084472998
2023102207,297,56471,Jake Bobo,WR,30.260003051757792
2023102207,415,52552,DeeJay Dallas,RB,3.4500036621094097
2023102207,473,54520,Trey McBride,TE,15.3800001525879
2023102207,518,53478,Rondale Moore,WR,6.329999160766601
2023102207,574,42412,Tyler Lockett,WR,12.549997558593802
2023102207,631,55884,Jaxon Smith-Njigba,WR,31.159999961852996
2023102207,780,47808,Marquise Brown,WR,27.5799981689453
2023102207,867,56395,Emari Demercado,RB,1.5899978637694971
2023102207,897,56395,Emari Demercado,RB,5.599996948242207
2023102207,1046,54506,Kenneth Walker III,RB,2.9299969482422057
2023102207,1206,55884,Jaxon Smith-Njigba,WR,12.469998626709
2023102207,1276,39983,Zach Ertz,TE,15.530001220703099
2023102207,1372,55959,Michael Wilson,WR,16.630001373290995
2023102207,1589,55884,Jaxon Smith-Njigba,WR,18.610000152587897
2023102207,1614,55884,Jaxon Smith-Njigba,WR,16.549998779296907
2023102207,1695,55884,Jaxon Smith-Njigba,WR,12.000001831054703
2023102207,1718,42412,Tyler Lockett,WR,21.709999694824205
2023102207,1743,54506,Kenneth Walker III,RB,3.2399963378906023
2023102207,1788,42412,Tyler Lockett,WR,10.699999389648397
2023102207,1813,56471,Jake Bobo,WR,31.740002136230004
2023102207,1914,54520,Trey McBride,TE,14.259999694824202
2023102207,1959,47808,Marquise Brown,WR,14.810001831054706
2023102207,2017,54520,Trey McBride,TE,5.779998474121101
2023102207,2114,56395,Emari Demercado,RB,3.280003356933591
2023102207,2139,47808,Marquise Brown,WR,18.139998168945297
2023102207,2387,42412,Tyler Lockett,WR,11.480001373291003
2023102207,2461,52541,Colby Parkinson,TE,29.500003662109407
2023102207,2491,47803,Noah Fant,TE,29.340003051757805
2023102207,2638,52541,Colby Parkinson,TE,5.989998168944993
2023102207,2757,39983,Zach Ertz,TE,6.83000213623049
2023102207,3005,53478,Rondale Moore,WR,11.0099993896484
2023102207,3052,39983,Zach Ertz,TE,9.969996948242198
2023102207,3097,55959,Michael Wilson,WR,24.3200018310547
2023102207,3164,56471,Jake Bobo,WR,10.950003356933593
2023102207,3452,56062,Elijah Higgins,TE,6.370000457763702
2023102207,3530,56395,Emari Demercado,RB,11.6200003051758
2023102207,3624,55959,Michael Wilson,WR,10.679999084472698
2023102207,3647,39983,Zach Ertz,TE,12.050001220703095
2023102207,3748,56471,Jake Bobo,WR,10.810000457763707
2023102207,3887,55884,Jaxon Smith-Njigba,WR,14.430001220703097
2023102207,3953,56395,Emari Demercado,RB,12.0500010681152
2023102207,3978,47808,Marquise Brown,WR,23.5700006103516
2023102207,4069,55959,Michael Wilson,WR,18.150001220703096
2023102208,79,56502,Nate Adkins,TE,3.2799991607666
2023102208,109,46109,Courtland Sutton,WR,36.2099978637695
2023102208,156,53464,Javonte Williams,RB,7.230002136230496
2023102208,186,46109,Courtland Sutton,WR,9.960003356933598
2023102208,425,52470,AJ Dillon,RB,7.529998168945298
2023102208,521,52423,Jerry Jeudy,WR,9.7599999237061
2023102208,595,55907,Luke Musgrave,TE,6.889997253418002
2023102208,672,55915,Jayden Reed,WR,28.4499989318848
2023102208,798,46109,Courtland Sutton,WR,10.359998626709
2023102208,845,44927,Samaje Perine,RB,6.760000610351597
2023102208,940,46109,Courtland Sutton,WR,10.039999618530299
2023102208,1124,55907,Luke Musgrave,TE,10.7300010681152
2023102208,1169,54499,Christian Watson,WR,7.389999542236296
2023102208,1194,54499,Christian Watson,WR,7.619998321533203
2023102208,1219,54723,Samori Toure,WR,10.3000016784668
2023102208,1278,54499,Christian Watson,WR,12.910001373291003
2023102208,1350,53464,Javonte Williams,RB,2.569998474120993
2023102208,1494,52513,Adam Trautman,TE,41.6400006103516
2023102208,1555,56516,Emanuel Wilson,RB,5.590001220703098
2023102208,1726,44995,Aaron Jones,RB,7.6500033569335955
2023102208,1903,52423,Jerry Jeudy,WR,22.86999923706049
2023102208,1940,44927,Samaje Perine,RB,7.600001525878902
2023102208,1970,44927,Samaje Perine,RB,8.5
2023102208,2170,54597,Romeo Doubs,WR,42.29999832153321
2023102208,2193,56024,Dontayvion Wicks,WR,17.0000030517578
2023102208,2326,44995,Aaron Jones,RB,11.730000915527299
2023102208,2469,52423,Jerry Jeudy,WR,26.100001373291
2023102208,2647,46109,Courtland Sutton,WR,11.15999633789059
2023102208,2677,46109,Courtland Sutton,WR,25.929999084472996
2023102208,2741,54499,Christian Watson,WR,26.1599987792969
2023102208,2851,55907,Luke Musgrave,TE,9.4200006103516
2023102208,2876,44995,Aaron Jones,RB,9.030001678466796
2023102208,2899,55915,Jayden Reed,WR,14.579999084472696
2023102208,2973,54597,Romeo Doubs,WR,25.3999995803833
2023102208,3059,52513,Adam Trautman,TE,5.1799981689453
2023102208,3179,55907,Luke Musgrave,TE,20.830001220703096
2023102208,3287,56529,Ben Sims,TE,8.920002746582
2023102208,3429,44995,Aaron Jones,RB,11.730002746582002
2023102208,3454,55915,Jayden Reed,WR,9.059998474120988
2023102208,3518,52423,Jerry Jeudy,WR,12.160002441406192
2023102208,3592,53464,Javonte Williams,RB,10.070000610351599
2023102208,3617,52423,Jerry Jeudy,WR,10.6099992370605
2023102208,3681,53464,Javonte Williams,RB,6.590001678466798
2023102208,3801,52470,AJ Dillon,RB,8.129998931884803
2023102208,3899,54499,Christian Watson,WR,20.849998474121094
2023102208,3926,54723,Samori Toure,WR,53.889996337890594
2023102209,55,45573,Austin Ekeler,RB,6.30000274658201
2023102209,225,55920,Rashee Rice,WR,8.9899993896484
2023102209,277,40011,Travis Kelce,TE,17.4300004577637
2023102209,366,53591,Noah Gray,TE,15.879999999999995
2023102209,480,54519,Skyy Moore,WR,17.469998168945295
2023102209,510,47839,Mecole Hardman,WR,10.429998779296909
2023102209,613,40024,Keenan Allen,WR,24.83999984741211
2023102209,687,53506,Josh Palmer,WR,7.790000305175802
2023102209,820,53449,Kadarius Toney,WR,17.5800018310547
2023102209,867,40011,Travis Kelce,TE,7.320001525878901
2023102209,912,40011,Travis Kelce,TE,12.550001525878905
2023102209,937,46243,Marquez Valdes-Scantling,WR,21.7600003051758
2023102209,1084,48456,Donald Parham,TE,9.100001678466796
2023102209,1131,44856,Gerald Everett,TE,9.290001373290998
2023102209,1239,40011,Travis Kelce,TE,17.030000610351607
2023102209,1264,40011,Travis Kelce,TE,21.300000305175807
2023102209,1289,55920,Rashee Rice,WR,21.160000114440923
2023102209,1375,53506,Josh Palmer,WR,36.56000061035161
2023102209,1400,40024,Keenan Allen,WR,17.109996948242
2023102209,1445,44856,Gerald Everett,TE,10.89999755859401
2023102209,1509,40011,Travis Kelce,TE,18.4500012207031
2023102209,1556,46243,Marquez Valdes-Scantling,WR,10.609999084472705
2023102209,1579,47839,Mecole Hardman,WR,46.489999389648396
2023102209,1658,55885,Quentin Johnston,WR,21.300001220703095
2023102209,1688,40024,Keenan Allen,WR,13.789998931884803
2023102209,1731,44856,Gerald Everett,TE,15.3499990844727
2023102209,1776,55920,Rashee Rice,WR,16.4799996948242
2023102209,1808,40011,Travis Kelce,TE,19.7199992370605
2023102209,1833,40011,Travis Kelce,TE,11.920000915527304
2023102209,1865,46243,Marquez Valdes-Scantling,WR,18.4199984741211
2023102209,2105,54716,Isiah Pacheco,RB,8.629998474121095
2023102209,2157,54716,Isiah Pacheco,RB,3.969996643066409
2023102209,2182,40011,Travis Kelce,TE,18.659999847412102
2023102209,2207,54519,Skyy Moore,WR,35.5500004577637
2023102209,2304,42460,Blake Bell,TE,10.099999237060498
2023102209,2423,40024,Keenan Allen,WR,22.9200007629395
2023102209,2519,53506,Josh Palmer,WR,28.57999969482421
2023102209,2577,44856,Gerald Everett,TE,13.530003051758001
2023102209,2656,54519,Skyy Moore,WR,10.760002441406186
2023102209,2681,46243,Marquez Valdes-Scantling,WR,22.7200003051758
2023102209,2974,52440,Clyde Edwards-Helaire,RB,1.54000019073486
2023102209,3026,55920,Rashee Rice,WR,35.2999998474121
2023102209,3123,40024,Keenan Allen,WR,13.150003662109398
2023102209,3148,40024,Keenan Allen,WR,16.409999237060497
2023102209,3253,46243,Marquez Valdes-Scantling,WR,16.580000457763703
2023102209,3300,40011,Travis Kelce,TE,14.129999237060495
2023102209,3359,54716,Isiah Pacheco,RB,2.839999847412102
2023102209,3384,40011,Travis Kelce,TE,22.949996337890596
2023102209,3427,40024,Keenan Allen,WR,10.699999084472694
2023102209,3661,40011,Travis Kelce,TE,12.649996337890599
2023102209,3686,47839,Mecole Hardman,WR,14.7500015258789
2023102209,3770,48456,Donald Parham,TE,26.290003356933596
2023102209,3793,53506,Josh Palmer,WR,29.960000915527303
2023102209,3861,55061,Stone Smartt,TE,10.1699969482422
2023102209,3909,53506,Josh Palmer,WR,11.019999542236306
2023102209,4016,40024,Keenan Allen,WR,35.620000457763695
2023102210,196,53439,DeVonta Smith,WR,24.840002136230495
2023102210,219,52443,D'Andre Swift,RB,3.4000001525879
2023102210,244,46118,Dallas Goedert,TE,11.870000152587899
2023102210,274,46118,Dallas Goedert,TE,25.429998474121092
2023102210,462,43454,Tyreek Hill,WR,27.9000001525879
2023102210,514,43454,Tyreek Hill,WR,0.10999908447270457
2023102210,723,53435,Jaylen Waddle,WR,23.380000839233396
2023102210,775,43454,Tyreek Hill,WR,9.0200004577637
2023102210,837,43454,Tyreek Hill,WR,14.919999237060498
2023102210,932,53439,DeVonta Smith,WR,10.060000000000002
2023102210,1011,47834,A.J. Brown,WR,9.840000152587898
2023102210,1125,47834,A.J. Brown,WR,39.2800003433228
2023102210,1301,43454,Tyreek Hill,WR,10.260001525878899
2023102210,1331,46279,Braxton Berrios,WR,10.439999999999998
2023102210,1401,47834,A.J. Brown,WR,9.54999633789059
2023102210,1448,37079,Julio Jones,WR,10.739996948242208
2023102210,1536,53439,DeVonta Smith,WR,22.6999981689453
2023102210,1583,53439,DeVonta Smith,WR,10.570001068115197
2023102210,1852,46277,Cedrick Wilson Jr.,WR,39.7499993896484
2023102210,1882,46279,Braxton Berrios,WR,9.1200009155273
2023102210,1919,43454,Tyreek Hill,WR,20.629998779296905
2023102210,1944,46377,Jeff Wilson,RB,10.840000610351609
2023102210,1994,43454,Tyreek Hill,WR,38.730002441406
2023102210,2150,43454,Tyreek Hill,WR,20.699999389648404
2023102210,2229,52922,Salvon Ahmed,RB,8.320000610351606
2023102210,2295,52922,Salvon Ahmed,RB,25.5900018310547
2023102210,2391,47834,A.J. Brown,WR,14.5100009155273
2023102210,2506,47834,A.J. Brown,WR,13.079996948242197
2023102210,2606,43454,Tyreek Hill,WR,8.469997558593803
2023102210,2653,43454,Tyreek Hill,WR,17.919997253418003
2023102210,2676,46277,Cedrick Wilson Jr.,WR,20.95999786377
2023102210,2800,53439,DeVonta Smith,WR,20.379999389648397
2023102210,2832,47834,A.J. Brown,WR,17.8099998474121
2023102210,2879,52443,D'Andre Swift,RB,3.639999847412099
2023102210,2904,48374,Olamide Zaccheaus,WR,12.259999160766604
2023102210,2927,46118,Dallas Goedert,TE,12.3700006103516
2023102210,2952,47834,A.J. Brown,WR,12.699999923706102
2023102210,3016,53435,Jaylen Waddle,WR,19.3799981689453
2023102210,3114,43454,Tyreek Hill,WR,21.030001831054705
2023102210,3137,53435,Jaylen Waddle,WR,19.259998321533203
2023102210,3212,53435,Jaylen Waddle,WR,11.499999847412106
2023102210,3237,42718,Raheem Mostert,RB,31.849999656677202
2023102210,3338,47834,A.J. Brown,WR,12.089999847412102
2023102210,3418,47834,A.J. Brown,WR,17.819999847412102
2023102210,3441,47834,A.J. Brown,WR,12.090001220703094
2023102210,3510,47834,A.J. Brown,WR,11.280001525878902
2023102210,3568,47834,A.J. Brown,WR,47.4800018310547
2023102210,3683,53435,Jaylen Waddle,WR,13.270000305175799
2023102210,3748,43454,Tyreek Hill,WR,10.720002746581997
2023102300,79,47852,Josh Oliver,TE,6.9600006103515994
2023102300,104,55887,Jordan Addison,WR,7.690001373291004
2023102300,131,44959,George Kittle,TE,10.0599983215332
2023102300,161,52433,Brandon Aiyuk,WR,17.360001068115196
2023102300,191,52625,Jauan Jennings,WR,9.809998626708996
2023102300,328,47791,T.J. Hockenson,TE,13.679999389648398
2023102300,353,55887,Jordan Addison,WR,0.4499998474121014
2023102300,378,55887,Jordan Addison,WR,17.649998321533204
2023102300,449,47791,T.J. Hockenson,TE,24.419998779296904
2023102300,542,55887,Jordan Addison,WR,25.559998779297004
2023102300,628,52433,Brandon Aiyuk,WR,7.929997558593811
2023102300,699,52625,Jauan Jennings,WR,27.149998779296908
2023102300,724,44959,George Kittle,TE,24.540001831054703
2023102300,774,52433,Brandon Aiyuk,WR,6.539998931884803
2023102300,846,52625,Jauan Jennings,WR,11.980003051757805
2023102300,966,47791,T.J. Hockenson,TE,11.260000610351604
2023102300,996,47791,T.J. Hockenson,TE,5.520001678466798
2023102300,1134,52584,K.J. Osborn,WR,23.0199990844727
2023102300,1216,55887,Jordan Addison,WR,17.690000104904172
2023102300,1239,46830,Brandon Powell,WR,9.2799995803833
2023102300,1376,52433,Brandon Aiyuk,WR,24.7400015258789
2023102300,1428,52433,Brandon Aiyuk,WR,10.550002136230496
2023102300,1497,52625,Jauan Jennings,WR,7.699996643066413
2023102300,1680,52584,K.J. Osborn,WR,9.270003051757797
2023102300,1710,47791,T.J. Hockenson,TE,11.840003051757805
2023102300,1735,47885,Alexander Mattison,RB,9.110003662109406
2023102300,1790,55887,Jordan Addison,WR,29.9100010681152
2023102300,1937,52625,Jauan Jennings,WR,11.759998931884802
2023102300,2159,52584,K.J. Osborn,WR,24.7200030517578
2023102300,2191,47791,T.J. Hockenson,TE,9.820001831054697
2023102300,2238,55887,Jordan Addison,WR,14.370001373291004
2023102300,2286,46830,Brandon Powell,WR,18.819998626709
2023102300,2470,47885,Alexander Mattison,RB,12.300000038146969
2023102300,2536,44820,Christian McCaffrey,RB,8.030001525878898
2023102300,2561,44959,George Kittle,TE,26.7399990844727
2023102300,2705,52460,Cam Akers,RB,5.81999877929691
2023102300,2730,46830,Brandon Powell,WR,22.99999969482421
2023102300,2777,47791,T.J. Hockenson,TE,12.349997863769502
2023102300,2866,55887,Jordan Addison,WR,28.7900009155273
2023102300,2892,47791,T.J. Hockenson,TE,11.570001373291007
2023102300,2922,52836,Trishton Jackson,WR,12.019999847412102
2023102300,2995,52625,Jauan Jennings,WR,5.279999694824198
2023102300,3045,44959,George Kittle,TE,22.159999999999997
2023102300,3115,52433,Brandon Aiyuk,WR,12.929999389648401
2023102300,3221,52584,K.J. Osborn,WR,11.740001220703096
2023102300,3253,46830,Brandon Powell,WR,14.929998626709
2023102300,3278,46830,Brandon Powell,WR,10.500000457763697
2023102300,3325,47791,T.J. Hockenson,TE,6.6699978637695025
2023102300,3350,52584,K.J. Osborn,WR,24.900001525878906
2023102300,3391,44820,Christian McCaffrey,RB,7.989997558593814
2023102300,3421,44959,George Kittle,TE,17.930001525878907
2023102300,3539,52625,Jauan Jennings,WR,25.969998474121105
2023102300,3622,52584,K.J. Osborn,WR,17.8900006103516
2023102300,3669,47791,T.J. Hockenson,TE,8.670001678466797
2023102300,3697,47852,Josh Oliver,TE,12.599998321533207
2023102300,3729,55887,Jordan Addison,WR,17.539997253417994
2023102300,3873,44959,George Kittle,TE,18.720000915527308
2023102300,3896,46256,Ray-Ray McCloud,WR,16.270001220703094
2023102300,3921,46256,Ray-Ray McCloud,WR,12.789999847412098
2023102300,3969,46256,Ray-Ray McCloud,WR,23.4299996948242
2023102600,109,56056,Trey Palmer,WR,20.9299963378906
2023102600,138,41233,Mike Evans,WR,28.829999694824203
2023102600,210,54571,Cade Otton,TE,10.780000457763705
2023102600,253,54613,Khalil Shakir,WR,11.029999389648399
2023102600,307,54613,Khalil Shakir,WR,10.700000610351598
2023102600,337,52536,Gabe Davis,WR,14.6699969482422
2023102600,367,52536,Gabe Davis,WR,12.660002136230503
2023102600,451,54613,Khalil Shakir,WR,10.219996948242198
2023102600,476,42489,Stefon Diggs,WR,8.560002746582
2023102600,743,41233,Mike Evans,WR,11.859999542236302
2023102600,800,42489,Stefon Diggs,WR,21.780000915527303
2023102600,884,52536,Gabe Davis,WR,10.419998931884798
2023102600,934,54613,Khalil Shakir,WR,35.1699981689453
2023102600,1048,55889,Dalton Kincaid,TE,5.02
2023102600,1093,46203,Chase Edmonds,RB,15.490000152587902
2023102600,1116,56056,Trey Palmer,WR,18.6799996948242
2023102600,1363,44896,Chris Godwin Jr.,WR,23.6299993896484
2023102600,1459,56541,Rakim Jarrett,WR,20.790000305175795
2023102600,1482,44896,Chris Godwin Jr.,WR,11.9999978637695
2023102600,1644,44896,Chris Godwin Jr.,WR,12.089997558594007
2023102600,1731,52536,Gabe Davis,WR,16.869999389648406
2023102600,1859,52536,Gabe Davis,WR,13.890000534057602
2023102600,1904,55889,Dalton Kincaid,TE,14.2500003051758
2023102600,1997,54556,Rachaad White,RB,2.6400012207030983
2023102600,2055,44896,Chris Godwin Jr.,WR,11.150000762939506
2023102600,2080,54556,Rachaad White,RB,8.529999237060494
2023102600,2163,54571,Cade Otton,TE,10.380001068115199
2023102600,2318,55889,Dalton Kincaid,TE,8.830000610351604
2023102600,2453,42489,Stefon Diggs,WR,9.570000228881803
2023102600,2478,52536,Gabe Davis,WR,5.7600006103516
2023102600,2539,52536,Gabe Davis,WR,21.30999997138977
2023102600,2780,40129,Latavius Murray,RB,3.9699972534180006
2023102600,2805,55889,Dalton Kincaid,TE,21.250002746582
2023102600,2860,42489,Stefon Diggs,WR,32.479999084472695
2023102600,2883,42489,Stefon Diggs,WR,9.180000000000007
2023102600,2992,44896,Chris Godwin Jr.,WR,10.4200005340576
2023102600,3070,52536,Gabe Davis,WR,5.5999966430664045
2023102600,3129,42489,Stefon Diggs,WR,13.419997558593806
2023102600,3159,52536,Gabe Davis,WR,29.839999694824193
2023102600,3182,42489,Stefon Diggs,WR,5.089997253417991
2023102600,3318,42489,Stefon Diggs,WR,10.580002136230497
2023102600,3444,44896,Chris Godwin Jr.,WR,8.660003662109403
2023102600,3542,54613,Khalil Shakir,WR,13.719998321533204
2023102600,3619,55889,Dalton Kincaid,TE,10.799999389648399
2023102600,3729,56056,Trey Palmer,WR,14.059997863769496
2023102600,3752,54556,Rachaad White,RB,6.5199975585939995
2023102600,3843,46203,Chase Edmonds,RB,3.080003356933588
2023102600,3868,54556,Rachaad White,RB,7.009998168945302
2023102600,3928,54571,Cade Otton,TE,10.979998474121096
2023102600,3953,56056,Trey Palmer,WR,10.270001373291002
2023102600,4052,56036,Payne Durham,TE,25.7199984741211
2023102600,4096,54571,Cade Otton,TE,10.9500018310547
2023102600,4175,41233,Mike Evans,WR,38.950000038146975
2023102600,4198,54571,Cade Otton,TE,6.959999389648402
2023102600,4260,41233,Mike Evans,WR,27.630000190734897
2023102600,4422,42489,Stefon Diggs,WR,7.010001373291004
2023102600,4577,54571,Cade Otton,TE,14.970000915527308
2023102600,4607,54556,Rachaad White,RB,10.189997863769506
2023102600,4644,41233,Mike Evans,WR,13.11999847412109
2023102900,220,46094,Hayden Hurst,TE,8.639996643065999
2023102900,243,55904,Jonathan Mingo,WR,11.990003051757995
2023102900,413,55014,Raheem Blackshear,RB,6.579998779297
2023102900,494,55904,Jonathan Mingo,WR,13.719999084472704
2023102900,554,53518,Nico Collins,WR,5.980000457763701
2023102900,586,53518,Nico Collins,WR,54.3699996948242
2023102900,631,46461,Mike Boone,RB,7.8499990844726995
2023102900,660,55934,Tank Dell,WR,9.159998474121103
2023102900,751,53518,Nico Collins,WR,14.220003662109406
2023102900,825,45052,Noah Brown,WR,10.779999694824198
2023102900,934,45052,Noah Brown,WR,18.889999847412096
2023102900,1142,40488,Adam Thielen,WR,11.4600006103516
2023102900,1156,40488,Adam Thielen,WR,7.550000915527299
2023102900,1251,40488,Adam Thielen,WR,34.98999694824221
2023102900,1346,40488,Adam Thielen,WR,6.889997558594004
2023102900,1398,55934,Tank Dell,WR,8.670000610351607
2023102900,1423,45052,Noah Brown,WR,16.560000610351608
2023102900,1514,46130,D.J. Chark,WR,24.610001525878907
2023102900,1544,46130,D.J. Chark,WR,33.9000021362305
2023102900,1620,52659,Stephen Sullivan,TE,17.750002441406195
2023102900,1650,46130,D.J. Chark,WR,21.3699966430664
2023102900,1675,53488,Terrace Marshall Jr.,WR,14.539996643066402
2023102900,1764,40488,Adam Thielen,WR,7.569997253417995
2023102900,1818,53512,Tommy Tremble,TE,14.03999755859401
2023102900,2035,46130,D.J. Chark,WR,9.540000610351598
2023102900,2060,53512,Tommy Tremble,TE,6.470000915527301
2023102900,2247,55904,Jonathan Mingo,WR,30.030001831054705
2023102900,2294,40488,Adam Thielen,WR,19.3600003051758
2023102900,2414,48096,Andrew Beck,FB,12.289998626709
2023102900,2477,55014,Raheem Blackshear,RB,7.539998321533204
2023102900,2617,46206,Dalton Schultz,TE,12.919998931884802
2023102900,2785,53518,Nico Collins,WR,2.3700000000000045
2023102900,2995,40488,Adam Thielen,WR,10.729999847412103
2023102900,3139,46206,Dalton Schultz,TE,16.570000305175796
2023102900,3162,53518,Nico Collins,WR,10.430001525878907
2023102900,3350,47857,Devin Singletary,RB,9.679998321533205
2023102900,3407,53518,Nico Collins,WR,37.8800007629395
2023102900,3454,55934,Tank Dell,WR,23.7099984741211
2023102900,3497,46094,Hayden Hurst,TE,11.5499997711182
2023102900,3520,53555,Chuba Hubbard,RB,8.0200002288818
2023102900,3618,55904,Jonathan Mingo,WR,15.189999084472696
2023102900,3710,40488,Adam Thielen,WR,11.669997558593806
2023102900,3735,53555,Chuba Hubbard,RB,6.549999694824201
2023102901,148,52425,CeeDee Lamb,WR,12.690000915527307
2023102901,198,46150,Michael Gallup,WR,18.000000305175796
2023102901,223,52425,CeeDee Lamb,WR,2.7400015258789026
2023102901,248,54553,Jalen Tolbert,WR,8.590000152587898
2023102901,271,41246,Brandin Cooks,WR,23.719999084472697
2023102901,296,54594,Jake Ferguson,TE,25.7600001525879
2023102901,422,43399,Tyler Higbee,TE,20.93999755859381
2023102901,469,53486,Tutu Atwell,WR,14.130000915527305
2023102901,497,56042,Puka Nacua,WR,22.260002746582003
2023102901,544,44881,Cooper Kupp,WR,15.239998474120995
2023102901,635,52425,CeeDee Lamb,WR,10.099999389648389
2023102901,753,46150,Michael Gallup,WR,19.2300003051758
2023102901,861,44881,Cooper Kupp,WR,12.700001373291002
2023102901,1091,52425,CeeDee Lamb,WR,20.740001220702993
2023102901,1172,44881,Cooper Kupp,WR,12.469999999999999
2023102901,1197,53486,Tutu Atwell,WR,18.120000000000005
2023102901,1245,54594,Jake Ferguson,TE,8.679999542236299
2023102901,1321,52425,CeeDee Lamb,WR,20.0200004577637
2023102901,1368,52425,CeeDee Lamb,WR,52.869996948242004
2023102901,1391,53117,KaVontae Turpin,WR,11.159998779296906
2023102901,1447,54594,Jake Ferguson,TE,10.3299987792969
2023102901,1499,56042,Puka Nacua,WR,25.070003051757794
2023102901,1697,55923,Luke Schoonmaker,TE,8.900001068115202
2023102901,1726,52425,CeeDee Lamb,WR,13.949996948242202
2023102901,1776,53041,Rico Dowdle,RB,5.120002746582003
2023102901,1801,52425,CeeDee Lamb,WR,27.789996337890997
2023102901,1872,44881,Cooper Kupp,WR,13.789999084472697
2023102901,1897,56042,Puka Nacua,WR,16.310002441406198
2023102901,1973,43399,Tyler Higbee,TE,29.510000457763695
2023102901,2044,43399,Tyler Higbee,TE,13.579998474121098
2023102901,2069,53486,Tutu Atwell,WR,28.730001373291003
2023102901,2214,56042,Puka Nacua,WR,22.99
2023102901,2459,43399,Tyler Higbee,TE,12.950002746582001
2023102901,2629,46150,Michael Gallup,WR,8.399999084472697
2023102901,2681,52425,CeeDee Lamb,WR,9.709996643066404
2023102901,2801,41246,Brandin Cooks,WR,24.190000762939505
2023102901,2824,52425,CeeDee Lamb,WR,9.849999389648403
2023102901,2849,41246,Brandin Cooks,WR,9.810001373291001
2023102901,2903,52425,CeeDee Lamb,WR,13.350000610351604
2023102901,3120,43399,Tyler Higbee,TE,26.120001220703095
2023102901,3188,44881,Cooper Kupp,WR,25.109999847412105
2023102901,3233,47853,Darrell Henderson,RB,10.000000610351606
2023102901,3258,44881,Cooper Kupp,WR,18.6200018310547
2023102901,3281,52425,CeeDee Lamb,WR,26.529999389648395
2023102901,3316,54594,Jake Ferguson,TE,6.599999999999994
2023102901,3353,41246,Brandin Cooks,WR,34.96000213623
2023102901,3456,44881,Cooper Kupp,WR,11.889997253418002
2023102901,3541,56457,Hunter Luepke,FB,4.150000305175801
2023102901,3658,43399,Tyler Higbee,TE,12.6299981689453
2023102901,3683,44881,Cooper Kupp,WR,11.1300004577637
2023102901,3875,53117,KaVontae Turpin,WR,36.680002441406195
2023102902,62,55907,Luke Musgrave,TE,7.009999542236301
2023102902,283,52584,K.J. Osborn,WR,15.480001525878905
2023102902,306,55887,Jordan Addison,WR,16.1700012207031
2023102902,407,55887,Jordan Addison,WR,20.369999847412103
2023102902,477,47791,T.J. Hockenson,TE,14.7999995422363
2023102902,552,44995,Aaron Jones,RB,9.330001831054702
2023102902,575,55907,Luke Musgrave,TE,13.809999389648404
2023102902,861,55887,Jordan Addison,WR,17.750001068115196
2023102902,886,47791,T.J. Hockenson,TE,18.959999237060497
2023102902,1248,52584,K.J. Osborn,WR,25.1000004577637
2023102902,1298,47791,T.J. Hockenson,TE,23.660001220703094
2023102902,1357,55887,Jordan Addison,WR,19.299999999999997
2023102902,1380,55887,Jordan Addison,WR,11.789997253417994
2023102902,1503,54597,Romeo Doubs,WR,18.120003356933594
2023102902,1625,52584,K.J. Osborn,WR,7.719998474121102
2023102902,1672,52460,Cam Akers,RB,6.1599986267089974
2023102902,1697,46830,Brandon Powell,WR,16.4299993896484
2023102902,1751,52470,AJ Dillon,RB,1.7999999999999972
2023102902,1787,56024,Dontayvion Wicks,WR,24.79999969482421
2023102902,1810,54499,Christian Watson,WR,16.660003051757798
2023102902,2013,52470,AJ Dillon,RB,4.659999694824208
2023102902,2067,44995,Aaron Jones,RB,8.190001373290997
2023102902,2104,52470,AJ Dillon,RB,12.32
2023102902,2149,55915,Jayden Reed,WR,14.940001373291004
2023102902,2181,55907,Luke Musgrave,TE,9.879999618530295
2023102902,2322,47791,T.J. Hockenson,TE,14.86999847412109
2023102902,2367,52584,K.J. Osborn,WR,21.919997558593806
2023102902,2419,52584,K.J. Osborn,WR,11.779998626709002
2023102902,2449,52584,K.J. Osborn,WR,14.839998474121103
2023102902,2474,52584,K.J. Osborn,WR,9.170000839233396
2023102902,2521,47885,Alexander Mattison,RB,10.330000076293896
2023102902,2568,45094,Johnny Mundt,TE,2.6100007629394995
2023102902,2593,47791,T.J. Hockenson,TE,8.799999771118198
2023102902,2616,47791,T.J. Hockenson,TE,14.550000095367428
2023102902,2727,55915,Jayden Reed,WR,40.249997558593805
2023102902,2759,55887,Jordan Addison,WR,21.9299996566772
2023102902,2830,54499,Christian Watson,WR,9.6500001525879
2023102902,2877,54597,Romeo Doubs,WR,14.339999847412102
2023102902,2907,55915,Jayden Reed,WR,29.580002136230497
2023102902,2932,55915,Jayden Reed,WR,6.170000915527297
2023102902,2992,52470,AJ Dillon,RB,7.189999694824209
2023102902,3156,54499,Christian Watson,WR,17.699997558594006
2023102902,3225,54597,Romeo Doubs,WR,9.359998168944998
2023102902,3374,55887,Jordan Addison,WR,10.850000305175797
2023102902,3419,43971,C.J. Ham,FB,9.9599984741211
2023102902,3455,47791,T.J. Hockenson,TE,27.499996643066403
2023102902,3546,46830,Brandon Powell,WR,14.220000915527308
2023102902,3686,54499,Christian Watson,WR,19.25999862670899
2023102902,3711,54597,Romeo Doubs,WR,15.710000152587895
2023102902,3761,56024,Dontayvion Wicks,WR,16.8300009155273
2023102902,3838,56024,Dontayvion Wicks,WR,10.280000267028798
2023102902,3884,54597,Romeo Doubs,WR,18.42999954223633
2023102902,3936,52584,K.J. Osborn,WR,11.820000228881801
2023102902,4049,54499,Christian Watson,WR,32.740000057220456
2023102902,4116,47791,T.J. Hockenson,TE,12.250000839233397
2023102902,4146,47791,T.J. Hockenson,TE,13.030000381469701
2023102902,4298,54597,Romeo Doubs,WR,51.89999862670899
2023102902,4321,55915,Jayden Reed,WR,39.5300006103516
2023102902,4375,56024,Dontayvion Wicks,WR,18.2800007629395
2023102902,4400,54499,Christian Watson,WR,33.0599998474121
2023102902,4423,54499,Christian Watson,WR,42.85000045776367
2023102902,4483,54597,Romeo Doubs,WR,21.5900010681152
2023102903,100,52442,Michael Pittman,WR,7.2100006103515994
2023102903,173,43336,Michael Thomas,WR,18.630001373291
2023102903,203,44879,Alvin Kamara,RB,8.359998931884803
2023102903,250,43336,Michael Thomas,WR,9.3799989318848
2023102903,388,52442,Michael Pittman,WR,6.339999084472701
2023102903,493,52442,Michael Pittman,WR,5.589999542236299
2023102903,580,54476,Chris Olave,WR,53.1300021362305
2023102903,603,43336,Michael Thomas,WR,26.1199990844727
2023102903,652,55936,Kendre Miller,RB,6.329999389648393
2023102903,715,44879,Alvin Kamara,RB,11.520002441406191
2023102903,779,52442,Michael Pittman,WR,10.69999725341799
2023102903,804,55944,Josh Downs,WR,13.920002136230494
2023102903,885,55944,Josh Downs,WR,8.7400004577637
2023102903,937,52442,Michael Pittman,WR,13.489999542236301
2023102903,1170,54657,Andrew Ogletree,TE,28.489998779296997
2023102903,1193,55944,Josh Downs,WR,21.079998168945295
2023102903,1372,54476,Chris Olave,WR,14.579996643066409
2023102903,1421,43336,Michael Thomas,WR,12.829999389648393
2023102903,1525,54476,Chris Olave,WR,23.080001373291005
2023102903,1715,52449,Jonathan Taylor,RB,10.140000839233398
2023102903,1829,55133,Rashid Shaheed,WR,49.0999991607666
2023102903,1918,54518,Alec Pierce,WR,7.860000610351598
2023102903,1941,55944,Josh Downs,WR,14.280000762939501
2023102903,1995,54518,Alec Pierce,WR,8.7600001525879
2023102903,2086,52494,Zack Moss,RB,3.9999984741210994
2023102903,2140,55944,Josh Downs,WR,11.590000610351609
2023102903,2168,54518,Alec Pierce,WR,10.439998474121097
2023102903,2346,52942,Juwan Johnson,TE,8.6799963378906
2023102903,2371,43336,Michael Thomas,WR,12.150003662109398
2023102903,2420,44879,Alvin Kamara,RB,12.459997558593813
2023102903,2518,55944,Josh Downs,WR,10.729999084472698
2023102903,2543,56027,Will Mallory,TE,13.8900003814697
2023102903,2594,43336,Michael Thomas,WR,10.450001831054706
2023102903,2670,54476,Chris Olave,WR,24.800000686645504
2023102903,2693,54476,Chris Olave,WR,29.4800000762939
2023102903,2765,44792,Mo Alie-Cox,TE,10.1699996185303
2023102903,2886,52442,Michael Pittman,WR,35.119997863769996
2023102903,2920,54476,Chris Olave,WR,6.609999389648394
2023102903,2969,45244,Taysom Hill,QB,11.939998626708999
2023102903,3021,44879,Alvin Kamara,RB,9.090001220703094
2023102903,3217,52442,Michael Pittman,WR,10.4099989318848
2023102903,3262,55944,Josh Downs,WR,14.45000366210941
2023102903,3355,55133,Rashid Shaheed,WR,49.23
2023102903,3680,54518,Alec Pierce,WR,11.440000610351603
2023102903,3767,55944,Josh Downs,WR,9.510000762939505
2023102903,3792,52449,Jonathan Taylor,RB,8.6900009155273
2023102903,3874,54476,Chris Olave,WR,13.0599998474121
2023102903,3921,54476,Chris Olave,WR,11.579998168945295
2023102903,3968,54476,Chris Olave,WR,47.6500030517578
2023102903,3991,43336,Michael Thomas,WR,13.560001373291001
2023102903,4096,44792,Mo Alie-Cox,TE,13.280003356933591
2023102903,4119,54518,Alec Pierce,WR,24.040003051757793
2023102903,4190,47970,Juwann Winfree,WR,31.2400018310547
2023102903,4325,55133,Rashid Shaheed,WR,47.4200009155273
2023102903,4570,52442,Michael Pittman,WR,19.72999847412109
2023102903,4593,52442,Michael Pittman,WR,11.320001525878908
2023102904,55,56075,DeMario Douglas,WR,1.9400000000000013
2023102904,102,43324,Hunter Henry,TE,12.040000762939503
2023102904,180,48233,Alec Ingold,FB,6.269997558593801
2023102904,203,46279,Braxton Berrios,WR,11.440001831054701
2023102904,228,53435,Jaylen Waddle,WR,18.7300001525879
2023102904,302,52457,Chase Claypool,WR,21.4699987792969
2023102904,343,45339,Pharaoh Brown,TE,6.329999923706101
2023102904,446,53549,Rhamondre Stevenson,RB,4.889998779296903
2023102904,492,46192,Durham Smythe,TE,19.21999969482421
2023102904,566,43454,Tyreek Hill,WR,22.419997558593806
2023102904,643,45185,Kendrick Bourne,WR,16.42000030517579
2023102904,707,53435,Jaylen Waddle,WR,14.819997863769501
2023102904,764,48233,Alec Ingold,FB,5.920001220703099
2023102904,838,43454,Tyreek Hill,WR,49.95000011444092
2023102904,1014,53549,Rhamondre Stevenson,RB,15.440000610351603
2023102904,1131,56410,Julian Hill,TE,5.169998931884798
2023102904,1255,43454,Tyreek Hill,WR,16.6600003051758
2023102904,1417,43454,Tyreek Hill,WR,17.649998168945004
2023102904,1474,43454,Tyreek Hill,WR,10.819996948242007
2023102904,1497,46277,Cedrick Wilson Jr.,WR,8.880002746582008
2023102904,1561,45185,Kendrick Bourne,WR,14.169999084472693
2023102904,1631,56075,DeMario Douglas,WR,13.560002746582
2023102904,1722,42357,DeVante Parker,WR,11.3799989318848
2023102904,1747,45185,Kendrick Bourne,WR,20.670000915527304
2023102904,1781,46279,Braxton Berrios,WR,17.7700018310547
2023102904,1809,53435,Jaylen Waddle,WR,16.9299963378906
2023102904,1871,43454,Tyreek Hill,WR,11.540000305175795
2023102904,1903,53435,Jaylen Waddle,WR,22.109997558593804
2023102904,1928,53435,Jaylen Waddle,WR,11.790002746582005
2023102904,1958,52922,Salvon Ahmed,RB,1.439996643066408
2023102904,1983,43454,Tyreek Hill,WR,28.950002441406
2023102904,2172,56075,DeMario Douglas,WR,4.259999694824199
2023102904,2272,43454,Tyreek Hill,WR,23.819998168945297
2023102904,2343,53435,Jaylen Waddle,WR,27.709997558593805
2023102904,2366,53435,Jaylen Waddle,WR,20.909999999999997
2023102904,2413,52457,Chase Claypool,WR,13.720003662109406
2023102904,2469,46192,Durham Smythe,TE,8.24000152587901
2023102904,2562,45339,Pharaoh Brown,TE,25.049997253418
2023102904,2619,42357,DeVante Parker,WR,11.7900015258789
2023102904,2645,52429,Jalen Reagor,WR,21.589999237060503
2023102904,2717,46377,Jeff Wilson,RB,5.200000190734901
2023102904,2813,46377,Jeff Wilson,RB,6.01
2023102904,2843,56410,Julian Hill,TE,12.579998474121101
2023102904,2971,53435,Jaylen Waddle,WR,10.529998168945298
2023102904,3034,46111,Mike Gesicki,TE,10.270003051757797
2023102904,3079,45185,Kendrick Bourne,WR,13.68
2023102904,3156,53435,Jaylen Waddle,WR,5.279998168945298
2023102904,3272,43324,Hunter Henry,TE,17.680001678466795
2023102904,3338,56075,DeMario Douglas,WR,12.369997863769505
2023102904,3407,43324,Hunter Henry,TE,12.129997253417997
2023102904,3437,53549,Rhamondre Stevenson,RB,5.350000305175797
2023102904,3489,56075,DeMario Douglas,WR,20.999996643065998
2023102904,3566,44874,JuJu Smith-Schuster,WR,8.780000915526998
2023102904,3630,46279,Braxton Berrios,WR,4.489997558593814
2023102904,3709,53435,Jaylen Waddle,WR,29.639998779296903
2023102904,3732,43454,Tyreek Hill,WR,18.0599981689453
2023102904,3779,46192,Durham Smythe,TE,12.659999542236307
2023102904,3848,53435,Jaylen Waddle,WR,20.539999771118197
2023102904,3912,46111,Mike Gesicki,TE,27.7999989318848
2023102904,3954,46111,Mike Gesicki,TE,10.090000610351598
2023102905,55,54501,Breece Hall,RB,10.579996337890591
2023102905,233,47954,Darius Slayton,WR,23.679997253417994
2023102905,328,46705,Allen Lazard,WR,13.339999084472694
2023102905,353,56252,Xavier Gipson,WR,9.430002441406188
2023102905,547,54501,Breece Hall,RB,7.859996948242198
2023102905,618,42547,Darren Waller,TE,15.440001373291
2023102905,748,54475,Garrett Wilson,WR,11.959997253417995
2023102905,795,54475,Garrett Wilson,WR,18.140001373291
2023102905,818,54475,Garrett Wilson,WR,18.36
2023102905,841,53536,Michael Carter,RB,11.8200015258789
2023102905,979,54501,Breece Hall,RB,8.609998168945296
2023102905,1054,47954,Darius Slayton,WR,7.220000305175802
2023102905,1214,42547,Darren Waller,TE,11.2499984741211
2023102905,1289,54475,Garrett Wilson,WR,12.809998931884799
2023102905,1327,46226,Tyler Conklin,TE,6.189999542236301
2023102905,1595,54475,Garrett Wilson,WR,12.1099996185303
2023102905,1642,46705,Allen Lazard,WR,22.8099983215332
2023102905,1677,46705,Allen Lazard,WR,11.589999389648405
2023102905,1843,42500,C.J. Uzomah,TE,9.6699991607666
2023102905,1990,54577,Daniel Bellinger,TE,10.989996643066405
2023102905,2353,54508,Wan'Dale Robinson,WR,8.699999389648404
2023102905,2939,54475,Garrett Wilson,WR,12.229996948242203
2023102905,3154,54475,Garrett Wilson,WR,18.269996643066406
2023102905,3179,46226,Tyler Conklin,TE,10.990000305175798
2023102905,3413,54501,Breece Hall,RB,10.220000152587897
2023102905,3587,54475,Garrett Wilson,WR,24.130001220703093
2023102905,3698,54566,Jeremy Ruckert,TE,22.859997558593804
2023102905,4037,54501,Breece Hall,RB,7.010001220703096
2023102905,4067,54475,Garrett Wilson,WR,30.7599984741211
2023102905,4148,46705,Allen Lazard,WR,18.200000000000003
2023102905,4180,46705,Allen Lazard,WR,13.469998321533204
2023102905,4392,54475,Garrett Wilson,WR,34.5299987792969
2023102905,4428,46705,Allen Lazard,WR,24.250002441406195
2023102905,4603,46071,Saquon Barkley,RB,1.2599993896480015
2023102905,4697,54501,Breece Hall,RB,8.569999542236303
2023102905,4720,54475,Garrett Wilson,WR,18.3799990844727
2023102905,4778,54475,Garrett Wilson,WR,21.509999694824202
2023102906,56,47849,Diontae Johnson,WR,32.079998931884795
2023102906,152,46095,Calvin Ridley,WR,14.370002136230497
2023102906,311,44835,Evan Engram,TE,11.090003356933593
2023102906,428,47849,Diontae Johnson,WR,12.020002441406191
2023102906,536,46095,Calvin Ridley,WR,27.4300009155273
2023102906,606,44835,Evan Engram,TE,11.159997863769505
2023102906,674,47849,Diontae Johnson,WR,12.120002136230497
2023102906,721,54517,George Pickens,WR,28.950000152587897
2023102906,815,46116,Christian Kirk,WR,32.440001068115194
2023102906,928,44835,Evan Engram,TE,9.730002746582002
2023102906,1041,53453,Najee Harris,RB,9.670000457763699
2023102906,1066,54905,Jaylen Warren,RB,6.020000305175806
2023102906,1117,46095,Calvin Ridley,WR,11.740002136230501
2023102906,1198,46095,Calvin Ridley,WR,30.060000839233396
2023102906,1245,46095,Calvin Ridley,WR,20.0600001335144
2023102906,1308,47849,Diontae Johnson,WR,16.0900003051758
2023102906,1463,47849,Diontae Johnson,WR,12.279998779296903
2023102906,1493,47849,Diontae Johnson,WR,16.37999786377
2023102906,1572,47849,Diontae Johnson,WR,18.769996948241996
2023102906,1655,46095,Calvin Ridley,WR,12.5499987792969
2023102906,1724,46116,Christian Kirk,WR,12.420001678466797
2023102906,1854,46095,Calvin Ridley,WR,9.400000305175798
2023102906,1980,54673,Connor Heyward,TE,9.1599995422363
2023102906,2147,47849,Diontae Johnson,WR,42.349999389648
2023102906,2266,44835,Evan Engram,TE,9.579999389648393
2023102906,2315,53574,Luke Farrell,TE,11.5500003051758
2023102906,2340,46116,Christian Kirk,WR,17.120001220703102
2023102906,2370,46116,Christian Kirk,WR,6.670001220703099
2023102906,2577,54673,Connor Heyward,TE,18.320001373291
2023102906,2685,46095,Calvin Ridley,WR,32.7500016784668
2023102906,2708,46095,Calvin Ridley,WR,13.009997863769499
2023102906,2804,47849,Diontae Johnson,WR,25.190001068115198
2023102906,2860,54517,George Pickens,WR,23.730000915527302
2023102906,2981,53454,Travis Etienne,RB,26.379998779296898
2023102906,3036,53453,Najee Harris,RB,6.049998168945297
2023102906,3073,47849,Diontae Johnson,WR,20.339999694824197
2023102906,3148,47849,Diontae Johnson,WR,22.429999084472698
2023102906,3220,54517,George Pickens,WR,13.069997863769501
2023102906,3328,44835,Evan Engram,TE,9.509999847412104
2023102906,3353,53454,Travis Etienne,RB,5.359999389648401
2023102906,3402,46116,Christian Kirk,WR,11.599999542236297
2023102906,3454,44835,Evan Engram,TE,14.9399993896484
2023102906,3501,46095,Calvin Ridley,WR,24.519997253417998
2023102906,3655,41290,Allen Robinson,WR,40.0400001525879
2023102906,3711,44835,Evan Engram,TE,13.0699992370605
2023102906,3770,44835,Evan Engram,TE,10.710000152587895
2023102906,3928,54673,Connor Heyward,TE,12.119997863769498
2023102906,3953,54905,Jaylen Warren,RB,7.800002441406193
2023102906,3978,54673,Connor Heyward,TE,10.999997558593805
2023102906,4003,54905,Jaylen Warren,RB,11.780000915527296
2023102906,4055,55036,Rod Williams,TE,11.699999237060503
2023102906,4133,54905,Jaylen Warren,RB,16.430001068115196
2023102906,4320,54603,Calvin Austin III,WR,18.16999786376951
2023102906,4381,53453,Najee Harris,RB,8.790000610351612
2023102906,4406,53453,Najee Harris,RB,7.939999694824209
2023102906,4436,53453,Najee Harris,RB,10.57999969482421
2023102906,4461,55036,Rod Williams,TE,10.870001373291004
2023102906,4484,54673,Connor Heyward,TE,9.6199995422363
2023102907,234,54473,Drake London,WR,13.0400003814697
2023102907,281,42486,MyCole Pruitt,TE,17.44
2023102907,417,54608,Chig Okonkwo,TE,4.339999084472701
2023102907,475,54483,Treylon Burks,WR,46.4499981689453
2023102907,618,53433,Kyle Pitts,TE,42.989998474121094
2023102907,729,43334,Derrick Henry,RB,9.200000915527298
2023102907,759,39973,DeAndre Hopkins,WR,48.910001831055
2023102907,837,54473,Drake London,WR,15.629996948242209
2023102907,889,42486,MyCole Pruitt,TE,9.999997253418002
2023102907,914,54473,Drake London,WR,12.750000305175789
2023102907,1009,54608,Chig Okonkwo,TE,11.150002136230498
2023102907,1066,55946,Tyjae Spears,RB,11.839997863769497
2023102907,1192,55872,Bijan Robinson,RB,11.990000381469702
2023102907,1270,39973,DeAndre Hopkins,WR,37.770000915527305
2023102907,1387,53433,Kyle Pitts,TE,12.229999694824201
2023102907,1412,53433,Kyle Pitts,TE,16.14
2023102907,1437,54473,Drake London,WR,11.0900010681152
2023102907,1583,39973,DeAndre Hopkins,WR,12.939999313354498
2023102907,1705,54473,Drake London,WR,21.730000610351595
2023102907,2131,54628,Kyle Philips,WR,13.429999542236303
2023102907,2310,52465,Van Jefferson,WR,12.319998626709001
2023102907,2603,39973,DeAndre Hopkins,WR,10.159999237060497
2023102907,2779,53433,Kyle Pitts,TE,15.690000915527307
2023102907,2849,46992,KhaDarel Hodge,WR,22.879998626708996
2023102907,2896,54473,Drake London,WR,28.840000762939503
2023102907,2924,44931,Mack Hollins,WR,39.129999952316275
2023102907,3090,39973,DeAndre Hopkins,WR,49.4099963378906
2023102907,3169,46992,KhaDarel Hodge,WR,25.8399966430664
2023102907,3205,44931,Mack Hollins,WR,10.9999993133545
2023102907,3529,52465,Van Jefferson,WR,48.770002746582
2023102907,3659,54608,Chig Okonkwo,TE,18.40999633789059
2023102907,3729,43334,Derrick Henry,RB,3.110001068115203
2023102907,3809,53074,Nick Westbrook-Ikhine,WR,49.91000011444092
2023102907,3886,47991,Scott Miller,WR,12.1299996948242
2023102907,3933,52465,Van Jefferson,WR,17.6100007629395
2023102907,3958,46992,KhaDarel Hodge,WR,17.600000915527303
2023102907,4020,44931,Mack Hollins,WR,19.78000335693359
2023102907,4076,47991,Scott Miller,WR,22.349996643065992
2023102907,4317,52465,Van Jefferson,WR,12.300000839233398
2023102907,4371,52465,Van Jefferson,WR,12.4300015258789
2023102908,55,44852,Curtis Samuel,WR,11.259999694824199
2023102908,80,54481,Jahan Dotson,WR,9.859998321533205
2023102908,236,47859,Terry McLaurin,WR,1.1200009155272994
2023102908,357,46270,Boston Scott,RB,4.309998168945
2023102908,382,46118,Dallas Goedert,TE,10.549997253417999
2023102908,524,47859,Terry McLaurin,WR,36.290001831054994
2023102908,596,47834,A.J. Brown,WR,3.919996643066412
2023102908,621,52443,D'Andre Swift,RB,39.699998474121095
2023102908,696,46118,Dallas Goedert,TE,7.780001373291
2023102908,721,52443,D'Andre Swift,RB,11.600000610351593
2023102908,746,47834,A.J. Brown,WR,15.410001373291003
2023102908,771,48374,Olamide Zaccheaus,WR,43.3899998474121
2023102908,794,46118,Dallas Goedert,TE,13.120000457763702
2023102908,903,47859,Terry McLaurin,WR,14.570000152587898
2023102908,928,41349,Logan Thomas,TE,4.169999542236297
2023102908,958,54563,Brian Robinson,RB,4.819998321533205
2023102908,983,46522,Byron Pringle,WR,46.169998474121094
2023102908,1053,41349,Logan Thomas,TE,12.9399995422363
2023102908,1078,52474,Antonio Gibson,RB,12.300000762939504
2023102908,1146,44852,Curtis Samuel,WR,11.649998474121098
2023102908,1171,54481,Jahan Dotson,WR,28.889999694824198
2023102908,1235,37079,Julio Jones,WR,17.7600009155273
2023102908,1258,46118,Dallas Goedert,TE,13.999998321533202
2023102908,1283,47834,A.J. Brown,WR,26.520001220703097
2023102908,1313,46118,Dallas Goedert,TE,7.2000006103516085
2023102908,1365,47834,A.J. Brown,WR,23.1300003051758
2023102908,1410,53579,Kenneth Gainwell,RB,10.309996643066413
2023102908,1435,47834,A.J. Brown,WR,22.910000915527306
2023102908,1505,41349,Logan Thomas,TE,9.569997863769999
2023102908,1530,42448,Jamison Crowder,WR,21.839996337890597
2023102908,1602,54481,Jahan Dotson,WR,21.520000915527305
2023102908,1679,41349,Logan Thomas,TE,12.9900004577637
2023102908,1711,47859,Terry McLaurin,WR,10.890000457763698
2023102908,1741,48374,Olamide Zaccheaus,WR,12.560000915527304
2023102908,1781,53579,Kenneth Gainwell,RB,6.829999542236301
2023102908,1818,53579,Kenneth Gainwell,RB,8.250001220703098
2023102908,1848,53579,Kenneth Gainwell,RB,9.979998779296906
2023102908,1878,53439,DeVonta Smith,WR,17.540001220703097
2023102908,1908,53439,DeVonta Smith,WR,22.230001831054707
2023102908,1933,47834,A.J. Brown,WR,24.130001220702994
2023102908,1997,52474,Antonio Gibson,RB,6.720000305175802
2023102908,2027,42448,Jamison Crowder,WR,11.720001831054702
2023102908,2052,54481,Jahan Dotson,WR,23.239999237060495
2023102908,2084,54481,Jahan Dotson,WR,11.6400007629395
2023102908,2338,53579,Kenneth Gainwell,RB,9.669998779296904
2023102908,2508,41349,Logan Thomas,TE,9.3900002288818
2023102908,2574,54481,Jahan Dotson,WR,26.5299990844727
2023102908,2634,54481,Jahan Dotson,WR,11.099999618530298
2023102908,2793,53439,DeVonta Smith,WR,29.979999847412095
2023102908,2863,47834,A.J. Brown,WR,29.570000152587895
2023102908,2982,54481,Jahan Dotson,WR,10.309999694824196
2023102908,3007,42448,Jamison Crowder,WR,11.189998168945301
2023102908,3135,53553,John Bates,TE,24.090000762939503
2023102908,3160,47859,Terry McLaurin,WR,28.469999771118157
2023102908,3207,52474,Antonio Gibson,RB,8.96
2023102908,3299,41349,Logan Thomas,TE,18.00999992370605
2023102908,3409,47834,A.J. Brown,WR,19.2599989318848
2023102908,3478,46118,Dallas Goedert,TE,5.6000006103516
2023102908,3531,53439,DeVonta Smith,WR,38.480003051758
2023102908,3605,41349,Logan Thomas,TE,37.760001373291004
2023102908,3664,47859,Terry McLaurin,WR,19.67000335693359
2023102908,3725,37079,Julio Jones,WR,15.47999847412099
2023102908,3827,52474,Antonio Gibson,RB,18.979998626709005
2023102908,3897,47859,Terry McLaurin,WR,26.25
2023102908,3920,47859,Terry McLaurin,WR,21.900000457763703
2023102908,3979,46118,Dallas Goedert,TE,11.799999847412103
2023102908,4066,47859,Terry McLaurin,WR,13.339996337890597
2023102908,4091,54481,Jahan Dotson,WR,9.650002136230498
2023102908,4348,42448,Jamison Crowder,WR,10.14999755859381
2023102908,4378,47859,Terry McLaurin,WR,26.779998168945298
2023102908,4403,42448,Jamison Crowder,WR,11.929998168945296
2023102908,4433,42448,Jamison Crowder,WR,35.9600003814697
2023102909,84,42347,Amari Cooper,WR,13.8200036621094
2023102909,173,42412,Tyler Lockett,WR,13.6300015258789
2023102909,225,42412,Tyler Lockett,WR,16.3700009155273
2023102909,334,42412,Tyler Lockett,WR,10.350003662109401
2023102909,425,42347,Amari Cooper,WR,14.850003051757795
2023102909,470,42347,Amari Cooper,WR,27.070000305175803
2023102909,553,42412,Tyler Lockett,WR,15.450000305175791
2023102909,667,47847,DK Metcalf,WR,29.700002746582
2023102909,690,42412,Tyler Lockett,WR,26.249996643065998
2023102909,831,44841,David Njoku,TE,15.370000305175797
2023102909,895,56471,Jake Bobo,WR,9.429998321533205
2023102909,958,47847,DK Metcalf,WR,45.080001525878906
2023102909,983,47847,DK Metcalf,WR,22.840000610352007
2023102909,1087,53463,Elijah Moore,WR,34.540000762939506
2023102909,1110,42347,Amari Cooper,WR,12.230001525878905
2023102909,1133,42347,Amari Cooper,WR,27.4399987792969
2023102909,1280,46167,Jordan Akins,TE,10.529999694824198
2023102909,1332,44841,David Njoku,TE,12.429997558593811
2023102909,1410,42412,Tyler Lockett,WR,33.3699978637695
2023102909,1689,42347,Amari Cooper,WR,23.439997558593802
2023102909,1725,44841,David Njoku,TE,24.900003662109
2023102909,1817,47847,DK Metcalf,WR,12.87000061035161
2023102909,1906,56471,Jake Bobo,WR,15.800002136230503
2023102909,2071,42412,Tyler Lockett,WR,16.1499993896484
2023102909,2118,55884,Jaxon Smith-Njigba,WR,12.9000009155273
2023102909,2148,47847,DK Metcalf,WR,19.6599995422363
2023102909,2200,47847,DK Metcalf,WR,14.649999999999999
2023102909,2225,47847,DK Metcalf,WR,19.1700003051758
2023102909,2344,42412,Tyler Lockett,WR,10.240001068115198
2023102909,2513,42347,Amari Cooper,WR,12.290001678466794
2023102909,2565,53463,Elijah Moore,WR,23.2399991607666
2023102909,2590,52523,Harrison Bryant,TE,29.609999942779538
2023102909,2637,42347,Amari Cooper,WR,13.159999465942402
2023102909,2743,54506,Kenneth Walker III,RB,24.610001678466798
2023102909,2766,47803,Noah Fant,TE,9.979998779296903
2023102909,2952,42347,Amari Cooper,WR,13.5700003433228
2023102909,3040,47847,DK Metcalf,WR,5.2300010681152
2023102909,3065,55884,Jaxon Smith-Njigba,WR,11.369998779296907
2023102909,3149,53463,Elijah Moore,WR,37.53999847412109
2023102909,3270,53463,Elijah Moore,WR,12.1399995422363
2023102909,3385,54621,Jerome Ford,RB,8.1899987792969
2023102909,3435,47847,DK Metcalf,WR,9.509998168945302
2023102909,3518,55917,Zach Charbonnet,RB,8.75000335693359
2023102909,3570,47803,Noah Fant,TE,12.6699983215332
2023102909,3619,47847,DK Metcalf,WR,13.4300007629395
2023102909,3903,42412,Tyler Lockett,WR,12.430001068115196
2023102909,3928,47847,DK Metcalf,WR,13.160001220703094
2023102909,3971,47803,Noah Fant,TE,11.680000305175803
2023102909,4101,42347,Amari Cooper,WR,21.989998931884802
2023102909,4124,53463,Elijah Moore,WR,23.6899984741211
2023102909,4174,44841,David Njoku,TE,24.530001525878898
2023102910,165,55959,Michael Wilson,WR,15.470001068115202
2023102910,239,54520,Trey McBride,TE,9.4700009155273
2023102910,518,47896,Justice Hill,RB,8.369998321533203
2023102910,543,46155,Mark Andrews,TE,12.080000762939502
2023102910,568,41238,Odell Beckham,WR,12.920000305175805
2023102910,591,46437,Gus Edwards,RB,8.150000610351597
2023102910,638,53456,Rashod Bateman,WR,34.860000305175795
2023102910,751,46155,Mark Andrews,TE,21.260000915527
2023102910,815,54520,Trey McBride,TE,11.289996948242205
2023102910,1021,55886,Zay Flowers,WR,10.750001831054703
2023102910,1046,46437,Gus Edwards,RB,7.509999389648399
2023102910,1087,42363,Nelson Agholor,WR,19.979999084472702
2023102910,1234,55959,Michael Wilson,WR,10.8300009155273
2023102910,1259,47808,Marquise Brown,WR,10.220003356933596
2023102910,1428,41238,Odell Beckham,WR,10.360001373290999
2023102910,1562,41712,Damien Williams,RB,6.5299999237061
2023102910,1613,55886,Zay Flowers,WR,10.920001068115205
2023102910,1645,41238,Odell Beckham,WR,19.1900010681152
2023102910,1724,53478,Rondale Moore,WR,17.0800000762939
2023102910,1776,47808,Marquise Brown,WR,10.6299992370605
2023102910,1823,55959,Michael Wilson,WR,19.6800007629395
2023102910,1857,46155,Mark Andrews,TE,10.569999542236303
2023102910,1880,47896,Justice Hill,RB,6.870000152587899
2023102910,1932,46155,Mark Andrews,TE,10.860000610351602
2023102910,2216,55886,Zay Flowers,WR,35.4600021362305
2023102910,2321,54520,Trey McBride,TE,28.140000457763705
2023102910,2451,46155,Mark Andrews,TE,11.829998626709
2023102910,2524,41238,Odell Beckham,WR,33.180000610351605
2023102910,2621,54520,Trey McBride,TE,14.180000915527302
2023102910,2690,54520,Trey McBride,TE,22.520003051757797
2023102910,2829,54520,Trey McBride,TE,19.829999084472703
2023102910,2861,54604,Isaiah Likely,TE,16.100002746582007
2023102910,3029,56395,Emari Demercado,RB,6.890000534057599
2023102910,3268,53456,Rashod Bateman,WR,10.549998779296907
2023102910,3336,47808,Marquise Brown,WR,13.440001068115198
2023102910,3366,53478,Rondale Moore,WR,10.96
2023102910,3418,54520,Trey McBride,TE,10.4100003051758
2023102910,3478,55959,Michael Wilson,WR,26.040003356933596
2023102910,3503,55959,Michael Wilson,WR,25.979996643065988
2023102910,3549,54520,Trey McBride,TE,22.24000335693401
2023102910,3925,55959,Michael Wilson,WR,15.949998626709
2023102910,3950,54520,Trey McBride,TE,21.029997253417996
2023102910,3975,54666,Keaontay Ingram,RB,10.220001525878907
2023102910,4040,54520,Trey McBride,TE,12.1500009155273
2023102910,4099,53478,Rondale Moore,WR,9.170003356934004
2023102910,4134,47808,Marquise Brown,WR,23.110001220702998
2023102910,4157,54520,Trey McBride,TE,9.849998779296996
2023102910,4221,54520,Trey McBride,TE,6.400000000000006
2023102910,4256,47808,Marquise Brown,WR,13.950001220703001
2023102910,4368,47808,Marquise Brown,WR,11.420001525878902
2023102910,4421,54520,Trey McBride,TE,25.9199969482422
2023102911,77,54716,Isiah Pacheco,RB,6.3399992370605
2023102911,500,46213,Justin Watson,WR,35.019997253418
2023102911,604,40011,Travis Kelce,TE,10.630002746582008
2023102911,651,40011,Travis Kelce,TE,12.870002441406001
2023102911,889,52423,Jerry Jeudy,WR,12.790000152587897
2023102911,938,42460,Blake Bell,TE,8.579997863769506
2023102911,973,46243,Marquez Valdes-Scantling,WR,7.3299966430664085
2023102911,1034,46243,Marquez Valdes-Scantling,WR,21.590000610351602
2023102911,1082,52423,Jerry Jeudy,WR,43.320000610351606
2023102911,1144,52423,Jerry Jeudy,WR,26.480002746582002
2023102911,1265,53449,Kadarius Toney,WR,10.689999999999998
2023102911,1317,40011,Travis Kelce,TE,22.469999847412105
2023102911,1344,52423,Jerry Jeudy,WR,34.0700012207031
2023102911,1449,55920,Rashee Rice,WR,6.190000915527307
2023102911,1655,52423,Jerry Jeudy,WR,45.100001831054705
2023102911,1678,46109,Courtland Sutton,WR,5.610000305175802
2023102911,1801,46243,Marquez Valdes-Scantling,WR,24.250001373291
2023102911,1883,54519,Skyy Moore,WR,11.579998474121105
2023102911,1942,40011,Travis Kelce,TE,15.559998168945299
2023102911,2088,44927,Samaje Perine,RB,7.400000305175801
2023102911,2123,44927,Samaje Perine,RB,8.459998626709002
2023102911,2185,41325,Jerick McKinnon,RB,9.379999847412101
2023102911,2291,56513,Jaleel McLaughlin,RB,0.3600003051758023
2023102911,2321,46109,Courtland Sutton,WR,26.330000457763703
2023102911,2745,55920,Rashee Rice,WR,21.320000915527302
2023102911,2780,46213,Justin Watson,WR,12.180000152587901
2023102911,2851,54716,Isiah Pacheco,RB,8.8600001525879
2023102911,2881,46213,Justin Watson,WR,39.489997253418
2023102911,3378,46109,Courtland Sutton,WR,18.860001525879
2023102911,3453,54716,Isiah Pacheco,RB,11.730003356933594
2023102911,3476,40011,Travis Kelce,TE,10.779999389648395
2023102911,3518,55920,Rashee Rice,WR,19.1300006103516
2023102911,3543,40011,Travis Kelce,TE,7.469996337890592
2023102911,3590,41325,Jerick McKinnon,RB,10.4799981689453
2023102911,3613,53591,Noah Gray,TE,26.590000457763693
2023102911,3643,54519,Skyy Moore,WR,20.3999999237061
2023102911,3666,53591,Noah Gray,TE,13.039998321533204
2023102911,3714,54519,Skyy Moore,WR,38.20000009536743
2023102911,3916,46243,Marquez Valdes-Scantling,WR,50.579998321533196
2023102912,147,53434,Ja'Marr Chase,WR,10.889997863769509
2023102912,189,52441,Tee Higgins,WR,9.419999694824199
2023102912,218,47835,Drew Sample,TE,7.079997863769506
2023102912,243,53434,Ja'Marr Chase,WR,12.0200033569336
2023102912,266,52441,Tee Higgins,WR,17.450000915527298
2023102912,365,53434,Ja'Marr Chase,WR,18.799998321533202
2023102912,412,44860,Joe Mixon,RB,3.969999999999999
2023102912,437,43344,Tyler Boyd,WR,20.59999982833862
2023102912,501,44820,Christian McCaffrey,RB,10.0100001525879
2023102912,609,52433,Brandon Aiyuk,WR,33.0200030517578
2023102912,639,44959,George Kittle,TE,10.759999694824003
2023102912,823,43344,Tyler Boyd,WR,20.700000381469703
2023102912,875,56071,Andrei Iosivas,WR,16.12999994277954
2023102912,1022,52433,Brandon Aiyuk,WR,11.28999755859381
2023102912,1236,47833,Irv Smith,TE,8.85999969482421
2023102912,1355,52433,Brandon Aiyuk,WR,30.440000610351596
2023102912,1501,44820,Christian McCaffrey,RB,12.469998626709
2023102912,1613,52441,Tee Higgins,WR,14.429999084472698
2023102912,1650,52441,Tee Higgins,WR,8.589998779296906
2023102912,1675,53434,Ja'Marr Chase,WR,18.0399963378906
2023102912,1727,43344,Tyler Boyd,WR,18.809996643066413
2023102912,1752,53434,Ja'Marr Chase,WR,8.479998779296906
2023102912,1784,44860,Joe Mixon,RB,9.50999847412099
2023102912,1869,44959,George Kittle,TE,32.4100033569336
2023102912,1894,52433,Brandon Aiyuk,WR,30.980001068115193
2023102912,2005,52441,Tee Higgins,WR,18.8200036621094
2023102912,2271,44959,George Kittle,TE,28.680000305175803
2023102912,2296,52433,Brandon Aiyuk,WR,20.019998779296905
2023102912,2341,44959,George Kittle,TE,17.17000335693359
2023102912,2480,52433,Brandon Aiyuk,WR,26.5000004577637
2023102912,2517,44959,George Kittle,TE,11.870000457763702
2023102912,2542,44959,George Kittle,TE,6.040000762939506
2023102912,2741,52441,Tee Higgins,WR,28.570003051757794
2023102912,2837,53434,Ja'Marr Chase,WR,12.790002746582005
2023102912,2954,52433,Brandon Aiyuk,WR,18.860002746581998
2023102912,2988,53434,Ja'Marr Chase,WR,26.080001831055
2023102912,3052,44820,Christian McCaffrey,RB,10.010001831054709
2023102912,3099,52433,Brandon Aiyuk,WR,22.31999877929691
2023102912,3124,44820,Christian McCaffrey,RB,7.199999847412101
2023102912,3172,52433,Brandon Aiyuk,WR,16.160001220703094
2023102912,3219,44959,George Kittle,TE,10.5299990844727
2023102912,3267,44820,Christian McCaffrey,RB,12.13000015258789
2023102912,3368,48471,Trenton Irwin,WR,11.259998931884802
2023102912,3625,44959,George Kittle,TE,11.3800033569336
2023102912,3650,44959,George Kittle,TE,13.939999694824209
2023102912,3675,44959,George Kittle,TE,18.380000305175805
2023102913,62,52581,Darnell Mooney,WR,47.4599990844727
2023102913,222,40024,Keenan Allen,WR,9.660000686645501
2023102913,247,40024,Keenan Allen,WR,11.5700007629395
2023102913,294,40024,Keenan Allen,WR,11.799999237060497
2023102913,324,45573,Austin Ekeler,RB,5.759999389648399
2023102913,482,54536,Velus Jones Jr.,RB,8.850003051757795
2023102913,542,48207,Khari Blasingame,FB,12.549999999999997
2023102913,588,52451,Cole Kmet,TE,23.110000610351605
2023102913,655,53506,Josh Palmer,WR,13.680001373290999
2023102913,736,53506,Josh Palmer,WR,10.800002441406193
2023102913,793,45573,Austin Ekeler,RB,10.749998168945297
2023102913,879,53608,Simi Fehoko,WR,8.199999389648
2023102913,950,46093,DJ Moore,WR,0.4800030517578051
2023102913,975,55980,Roschon Johnson,RB,8.560001831054706
2023102913,1120,46093,DJ Moore,WR,15.459997863769502
2023102913,1152,54588,Isaiah Spiller,RB,6.939999084472703
2023102913,1184,48456,Donald Parham,TE,5.559997863769496
2023102913,1231,53506,Josh Palmer,WR,10.7200001525879
2023102913,1342,48456,Donald Parham,TE,10.880000915527305
2023102913,1453,46093,DJ Moore,WR,14.749998168945297
2023102913,1544,54536,Velus Jones Jr.,RB,50.330000915527
2023102913,1581,52451,Cole Kmet,TE,15.029997558593806
2023102913,1642,52451,Cole Kmet,TE,11.8600015258789
2023102913,1689,46093,DJ Moore,WR,11.000001220703098
2023102913,1714,52451,Cole Kmet,TE,12.409998474121096
2023102913,1862,55885,Quentin Johnston,WR,17.9299978637695
2023102913,1887,55885,Quentin Johnston,WR,8.699998779296905
2023102913,1975,40024,Keenan Allen,WR,11.300000305175796
2023102913,2037,55885,Quentin Johnston,WR,9.3999998474121
2023102913,2085,48456,Donald Parham,TE,11.4200008392334
2023102913,2236,40024,Keenan Allen,WR,9.780001525878898
2023102913,2261,45573,Austin Ekeler,RB,4.389999694824198
2023102913,2415,48456,Donald Parham,TE,17.8000009155273
2023102913,2540,40024,Keenan Allen,WR,10.990000610351608
2023102913,2630,44901,D'Onta Foreman,RB,8.489999694824206
2023102913,2655,46093,DJ Moore,WR,20.579999084472703
2023102913,2733,40024,Keenan Allen,WR,48.7199978637695
2023102913,2756,53608,Simi Fehoko,WR,23.4900003051758
2023102913,2863,52451,Cole Kmet,TE,12.809996643066413
2023102913,2895,52451,Cole Kmet,TE,5.909998474121096
2023102913,2964,45573,Austin Ekeler,RB,9.590000000000003
2023102913,3046,46093,DJ Moore,WR,15.850000915527303
2023102913,3093,55998,Tyler Scott,WR,18.260000610351597
2023102913,3145,52451,Cole Kmet,TE,3.1800015258789003
2023102913,3227,52501,Darrynton Evans,RB,10.469999999999999
2023102913,3421,40024,Keenan Allen,WR,31.129998474121102
2023102913,3451,40024,Keenan Allen,WR,10.790001678466794
2023102913,3553,55998,Tyler Scott,WR,47.0999990844727
2023102913,3576,45635,Robert Tonyan,TE,12.5600006103516
2023102913,3623,52501,Darrynton Evans,RB,6.689999999999998
2023102913,3648,52451,Cole Kmet,TE,13.379999389648397
2023102913,3673,52501,Darrynton Evans,RB,2.780000000000001
2023102913,3720,55998,Tyler Scott,WR,14.230000000000004
2023102913,3743,52581,Darnell Mooney,WR,19.7900021362305
2023102913,3849,55885,Quentin Johnston,WR,24.0600012207031
2023102913,3937,55980,Roschon Johnson,RB,7.43
2023102913,3969,55980,Roschon Johnson,RB,5.1700003051757975
2023102913,4019,52451,Cole Kmet,TE,23.67999877929691
2023102913,4044,55980,Roschon Johnson,RB,6.610003051757801
2023103000,109,55899,Sam LaPorta,TE,6.639996337890594
2023103000,213,55876,Jahmyr Gibbs,RB,9.229997863769498
2023103000,238,55876,Jahmyr Gibbs,RB,11.709999389648395
2023103000,358,55899,Sam LaPorta,TE,31.869999732971202
2023103000,424,47807,Josh Jacobs,RB,9.020000610351598
2023103000,465,47807,Josh Jacobs,RB,5.920000915527304
2023103000,586,44930,Josh Reynolds,WR,20.239996337890602
2023103000,627,41282,Davante Adams,WR,33.72999908447299
2023103000,654,55899,Sam LaPorta,TE,6.520000915527305
2023103000,829,47932,Hunter Renfrow,WR,33.2099987792969
2023103000,888,53541,Amon-Ra St. Brown,WR,13.690000610351596
2023103000,957,54477,Jameson Williams,WR,15.430000305175799
2023103000,980,43584,Kalif Raymond,WR,10.120000686645504
2023103000,1244,47932,Hunter Renfrow,WR,15.989999694824206
2023103000,1287,53541,Amon-Ra St. Brown,WR,26.039999237060496
2023103000,1357,53541,Amon-Ra St. Brown,WR,23.659998474121096
2023103000,1398,55899,Sam LaPorta,TE,14.110000915526996
2023103000,1511,43370,Austin Hooper,TE,7.140001831054704
2023103000,1829,54477,Jameson Williams,WR,24.9599984741211
2023103000,1949,53541,Amon-Ra St. Brown,WR,12.809999084472693
2023103000,2003,55899,Sam LaPorta,TE,4.010001525878906
2023103000,2038,55899,Sam LaPorta,TE,13.8199963378906
2023103000,2070,55899,Sam LaPorta,TE,18.029997558594005
2023103000,2202,41282,Davante Adams,WR,16.2599993896484
2023103000,2249,41282,Davante Adams,WR,27.449999084472694
2023103000,2388,53541,Amon-Ra St. Brown,WR,10.649999694824203
2023103000,2454,55899,Sam LaPorta,TE,9.069999694824197
2023103000,2506,53541,Amon-Ra St. Brown,WR,9.0400001525879
2023103000,2551,53541,Amon-Ra St. Brown,WR,18.430000305175803
2023103000,2642,48707,Craig Reynolds,RB,5.230003662109397
2023103000,2867,41282,Davante Adams,WR,13.609999389648394
2023103000,3036,55900,Michael Mayer,TE,24.250001220703098
2023103000,3085,55900,Michael Mayer,TE,22.719998321533197
2023103000,3212,55899,Sam LaPorta,TE,9.380000610351601
2023103000,3447,43584,Kalif Raymond,WR,14.390001678466795
2023103000,3536,41282,Davante Adams,WR,16.7600008392334
2023103000,3593,48097,Jakobi Meyers,WR,22.5099984741211
2023103000,3835,55899,Sam LaPorta,TE,7.850000762939498
2023103000,3886,47807,Josh Jacobs,RB,13.730000152587898
2023103000,3927,47807,Josh Jacobs,RB,10.509999084472696
2023103000,3950,41282,Davante Adams,WR,47.0899990844727
2023103000,3993,42397,Ameer Abdullah,RB,14.230001220703095
2023103000,4091,53959,Brock Wright,TE,7.620000457763702
2023110200,108,41290,Allen Robinson,WR,11.200000152587897
2023110200,180,54673,Connor Heyward,TE,5.180001831054703
2023110200,262,47849,Diontae Johnson,WR,19.6699990844727
2023110200,285,47849,Diontae Johnson,WR,4.810001831054706
2023110200,315,47849,Diontae Johnson,WR,23.9599963378906
2023110200,446,43334,Derrick Henry,RB,7.860000305175802
2023110200,539,39973,DeAndre Hopkins,WR,17.879998779296898
2023110200,932,54517,George Pickens,WR,16.609998474121102
2023110200,1063,39973,DeAndre Hopkins,WR,19.390002746582
2023110200,1122,54628,Kyle Philips,WR,10.770002746582009
2023110200,1258,54517,George Pickens,WR,10.079999389648393
2023110200,1281,54603,Calvin Austin III,WR,41.529998626709
2023110200,1330,39973,DeAndre Hopkins,WR,17.0399981689453
2023110200,1407,53074,Nick Westbrook-Ikhine,WR,28.049997253418
2023110200,1491,39973,DeAndre Hopkins,WR,7.649999694824203
2023110200,1846,54517,George Pickens,WR,7.850000762939498
2023110200,1902,41290,Allen Robinson,WR,19.729999618530268
2023110200,1993,39973,DeAndre Hopkins,WR,10.049998626708998
2023110200,2018,54628,Kyle Philips,WR,31.439996337890598
2023110200,2050,54628,Kyle Philips,WR,25.030002746582
2023110200,2087,39973,DeAndre Hopkins,WR,27.160002441405993
2023110200,2110,55946,Tyjae Spears,RB,24.13000152587901
2023110200,2240,39973,DeAndre Hopkins,WR,8.949999084472694
2023110200,2263,39973,DeAndre Hopkins,WR,16.249997253418
2023110200,2403,53453,Najee Harris,RB,6.9699981689452954
2023110200,2433,53453,Najee Harris,RB,4.610001373290999
2023110200,2546,55958,Darnell Washington,TE,9.439997863769506
2023110200,2571,53453,Najee Harris,RB,4.6399978637695085
2023110200,2677,54517,George Pickens,WR,22.18000244140599
2023110200,2782,39973,DeAndre Hopkins,WR,32.98999816894529
2023110200,2937,54483,Treylon Burks,WR,10.799999618530297
2023110200,3030,54673,Connor Heyward,TE,8.2600001525879
2023110200,3097,47849,Diontae Johnson,WR,14.299997253417999
2023110200,3217,54483,Treylon Burks,WR,26.389998321533206
2023110200,3346,55946,Tyjae Spears,RB,6.610001220703097
2023110200,3440,47876,Miles Boykin,WR,10.279999694824198
2023110200,3509,47849,Diontae Johnson,WR,11.219999999999999
2023110200,3554,47849,Diontae Johnson,WR,31.990000610351593
2023110200,3727,47849,Diontae Johnson,WR,11.09999988555908
2023110200,4038,39973,DeAndre Hopkins,WR,22.649999694824196
2023110200,4061,54628,Kyle Philips,WR,15.480001220703098
2023110200,4106,54608,Chig Okonkwo,TE,12.100000457763699
2023110200,4138,54628,Kyle Philips,WR,14.750000457763697
2023110200,4234,43396,Chris Moore,WR,29.0299990844727
2023110200,4282,54608,Chig Okonkwo,TE,13.960003051757795
2023110200,4312,54608,Chig Okonkwo,TE,24.92999664306599
2023110200,4335,54608,Chig Okonkwo,TE,11.999996337890593
2023110200,4365,56012,Josh Whyle,TE,22.749996643065998
2023110500,55,46243,Marquez Valdes-Scantling,WR,25.560001220703096
2023110500,80,40011,Travis Kelce,TE,10.170000000000002
2023110500,127,54519,Skyy Moore,WR,5.890001831054704
2023110500,157,53591,Noah Gray,TE,28.6999981689453
2023110500,187,46213,Justin Watson,WR,24.340000915527
2023110500,314,53435,Jaylen Waddle,WR,21.190002441406193
2023110500,723,43454,Tyreek Hill,WR,19.850000305175804
2023110500,748,46277,Cedrick Wilson Jr.,WR,16.770001525878897
2023110500,879,46213,Justin Watson,WR,14.7199995422363
2023110500,978,46213,Justin Watson,WR,52.8500003051758
2023110500,1102,43454,Tyreek Hill,WR,31.849999389648396
2023110500,1125,46377,Jeff Wilson,RB,9.240001525878903
2023110500,1212,46213,Justin Watson,WR,18.940002136230504
2023110500,1235,41325,Jerick McKinnon,RB,9.4499981689453
2023110500,1313,53435,Jaylen Waddle,WR,40.59000335693359
2023110500,1370,46377,Jeff Wilson,RB,18.1599996948242
2023110500,1477,55920,Rashee Rice,WR,13.290000000000006
2023110500,1631,53449,Kadarius Toney,WR,10.469996643066409
2023110500,1656,53591,Noah Gray,TE,10.5900003051758
2023110500,1743,54519,Skyy Moore,WR,25.100001220703092
2023110500,1817,41325,Jerick McKinnon,RB,7.620000457763702
2023110500,1907,53435,Jaylen Waddle,WR,15.999998321533205
2023110500,1932,43454,Tyreek Hill,WR,21.300002746582003
2023110500,1964,46192,Durham Smythe,TE,4.740001220703093
2023110500,2075,52922,Salvon Ahmed,RB,8.7999984741211
2023110500,2100,46277,Cedrick Wilson Jr.,WR,20.6599993896484
2023110500,2130,52922,Salvon Ahmed,RB,6.879998168945299
2023110500,2313,46277,Cedrick Wilson Jr.,WR,22.5800003051758
2023110500,2418,53591,Noah Gray,TE,5.099999237060501
2023110500,2465,54519,Skyy Moore,WR,8.579999542236301
2023110500,2566,46377,Jeff Wilson,RB,6.970001831054702
2023110500,2598,46192,Durham Smythe,TE,5.280000610351607
2023110500,2645,43454,Tyreek Hill,WR,16.740000610351593
2023110500,2692,46192,Durham Smythe,TE,11.4200012207031
2023110500,2783,46277,Cedrick Wilson Jr.,WR,39.3499995803833
2023110500,2855,46213,Justin Watson,WR,9.730000762939504
2023110500,2905,46243,Marquez Valdes-Scantling,WR,9.82
2023110500,3092,43454,Tyreek Hill,WR,22.439999771118202
2023110500,3115,46377,Jeff Wilson,RB,10.020001678466798
2023110500,3404,46243,Marquez Valdes-Scantling,WR,45.09000030517579
2023110500,3536,48233,Alec Ingold,FB,12.770001678466798
2023110500,3564,43454,Tyreek Hill,WR,14.160000610351599
2023110500,3596,53435,Jaylen Waddle,WR,12.469999084472697
2023110500,3665,43454,Tyreek Hill,WR,10.710000610351607
2023110500,3929,42718,Raheem Mostert,RB,10.049999389648391
2023110500,3952,53435,Jaylen Waddle,WR,24.3600030517578
2023110500,3975,46277,Cedrick Wilson Jr.,WR,24.999997863769508
2023110501,102,53433,Kyle Pitts,TE,19.419996643066412
2023110501,127,44912,Jonnu Smith,TE,7.019999999999996
2023110501,174,54616,Tyler Allgeier,RB,5.280003662109408
2023110501,338,46992,KhaDarel Hodge,WR,26.459999542236304
2023110501,414,53433,Kyle Pitts,TE,23.4699998474121
2023110501,480,45094,Johnny Mundt,TE,6.519999542236299
2023110501,556,47885,Alexander Mattison,RB,28.190002136230497
2023110501,581,46830,Brandon Powell,WR,9.67000030517579
2023110501,611,52584,K.J. Osborn,WR,8.739997558594013
2023110501,746,44931,Mack Hollins,WR,13.309996948242201
2023110501,776,44931,Mack Hollins,WR,14.989998626708996
2023110501,857,53433,Kyle Pitts,TE,11.279999389648403
2023110501,882,46992,KhaDarel Hodge,WR,36.920000915527304
2023110501,1003,47791,T.J. Hockenson,TE,9.080003356934
2023110501,1101,42899,Damiere Byrd,WR,28.310000610351608
2023110501,1125,44912,Jonnu Smith,TE,8.919998931884798
2023110501,1210,53433,Kyle Pitts,TE,9.280003356933591
2023110501,1290,44931,Mack Hollins,WR,10.029999084472692
2023110501,1646,52584,K.J. Osborn,WR,17.58
2023110501,1739,55887,Jordan Addison,WR,15.399999999999999
2023110501,1784,55887,Jordan Addison,WR,27.32
2023110501,1932,47885,Alexander Mattison,RB,10.840000381469698
2023110501,2076,46992,KhaDarel Hodge,WR,16.6400006103516
2023110501,2124,55872,Bijan Robinson,RB,7.5599983215332
2023110501,2147,52465,Van Jefferson,WR,27.520001220703094
2023110501,2264,55887,Jordan Addison,WR,7.059999389648397
2023110501,2403,46992,KhaDarel Hodge,WR,45.18999969482401
2023110501,2530,47791,T.J. Hockenson,TE,13.189998474121097
2023110501,2658,52836,Trishton Jackson,WR,17.979999656677197
2023110501,2724,44912,Jonnu Smith,TE,20.9399984741211
2023110501,2770,46992,KhaDarel Hodge,WR,19.659998626708997
2023110501,2936,55887,Jordan Addison,WR,22.09000366210941
2023110501,3055,47791,T.J. Hockenson,TE,10.549998321533202
2023110501,3078,47791,T.J. Hockenson,TE,11.749999694824197
2023110501,3199,42899,Damiere Byrd,WR,25.3500018310547
2023110501,3231,52460,Cam Akers,RB,8.110000305175802
2023110501,3256,47852,Josh Oliver,TE,6.749999084472698
2023110501,3425,54616,Tyler Allgeier,RB,18.4199981689453
2023110501,3448,53433,Kyle Pitts,TE,25.299999999999997
2023110501,3495,52465,Van Jefferson,WR,26.359999694824197
2023110501,3518,52465,Van Jefferson,WR,23.159998168945293
2023110501,3613,47791,T.J. Hockenson,TE,13.040001831054703
2023110501,3638,47791,T.J. Hockenson,TE,6.6700006103516
2023110501,3712,52836,Trishton Jackson,WR,5.929999847412105
2023110501,3742,47791,T.J. Hockenson,TE,15.2199963378906
2023110501,3784,52465,Van Jefferson,WR,18.259999694824202
2023110501,4181,55887,Jordan Addison,WR,14.160000305175803
2023110501,4213,47791,T.J. Hockenson,TE,9.5199996948242
2023110501,4238,55887,Jordan Addison,WR,29.42000335693359
2023110501,4268,47791,T.J. Hockenson,TE,24.059996337890595
2023110501,4363,46830,Brandon Powell,WR,28.3000003051758
2023110501,4413,52836,Trishton Jackson,WR,8.569997253417995
2023110501,4436,47791,T.J. Hockenson,TE,11.909997863770002
2023110501,4461,46830,Brandon Powell,WR,13.119997558594008
2023110501,4525,44912,Jonnu Smith,TE,8.090003356933593
2023110501,4550,46992,KhaDarel Hodge,WR,38.170000457763706
2023110501,4580,55872,Bijan Robinson,RB,9.96999969482421
2023110502,99,55884,Jaxon Smith-Njigba,WR,12.780001525878902
2023110502,142,46155,Mark Andrews,TE,15.409999084472702
2023110502,236,53456,Rashod Bateman,WR,45.7500006103516
2023110502,314,42412,Tyler Lockett,WR,23.530001068115197
2023110502,506,53456,Rashod Bateman,WR,17.739999999999995
2023110502,562,52541,Colby Parkinson,TE,12.1600004577637
2023110502,616,42412,Tyler Lockett,WR,11.410001373291003
2023110502,687,42412,Tyler Lockett,WR,14.869998474121104
2023110502,790,54604,Isaiah Likely,TE,12.299999084472702
2023110502,859,41238,Odell Beckham,WR,10.110001373290999
2023110502,889,53456,Rashod Bateman,WR,51.45000045776371
2023110502,912,46155,Mark Andrews,TE,16.709999542236304
2023110502,1001,46155,Mark Andrews,TE,10.940001525878913
2023110502,1176,42412,Tyler Lockett,WR,33.3699983215332
2023110502,1237,46155,Mark Andrews,TE,10.870003051757791
2023110502,1451,41238,Odell Beckham,WR,19.4599984741211
2023110502,1598,55886,Zay Flowers,WR,12.050000610351603
2023110502,1716,47847,DK Metcalf,WR,28.280001373291
2023110502,1746,42412,Tyler Lockett,WR,14.299999313354498
2023110502,1807,47847,DK Metcalf,WR,30.530000028610228
2023110502,1918,41238,Odell Beckham,WR,22.819999237060497
2023110502,2141,46155,Mark Andrews,TE,20.49000244140619
2023110502,2322,47896,Justice Hill,RB,30.3699999237061
2023110502,2345,53456,Rashod Bateman,WR,10.730000152587898
2023110502,2435,54506,Kenneth Walker III,RB,10.369999694824198
2023110502,2482,55917,Zach Charbonnet,RB,9.7100002288818
2023110502,2605,46155,Mark Andrews,TE,15.4599998474121
2023110502,2704,46155,Mark Andrews,TE,14.210000305175804
2023110502,2773,41238,Odell Beckham,WR,14.539999694824196
2023110502,2920,55884,Jaxon Smith-Njigba,WR,13.779999389648403
2023110502,3010,47803,Noah Fant,TE,11.7199990844727
2023110502,3065,53456,Rashod Bateman,WR,22.190000457763702
2023110502,3208,55884,Jaxon Smith-Njigba,WR,36.1599992370605
2023110502,3295,55884,Jaxon Smith-Njigba,WR,15.470000610351597
2023110502,3320,42412,Tyler Lockett,WR,34.66999977111816
2023110502,3343,54506,Kenneth Walker III,RB,6.880000305175805
2023110502,3373,55884,Jaxon Smith-Njigba,WR,8.429999465942398
2023110502,3405,47847,DK Metcalf,WR,31.809999828338622
2023110502,3507,46155,Mark Andrews,TE,22.840000610352007
2023110502,3530,54604,Isaiah Likely,TE,10.810002441406198
2023110502,3580,41238,Odell Beckham,WR,20.609998168944998
2023110502,3603,41238,Odell Beckham,WR,21.169999694824
2023110502,3809,54604,Isaiah Likely,TE,9.5200004577637
2023110503,84,54520,Trey McBride,TE,11.229999237060497
2023110503,283,54621,Jerome Ford,RB,1.7199987792969011
2023110503,354,44841,David Njoku,TE,11.030000915527296
2023110503,384,44898,Kareem Hunt,RB,11.399996337890599
2023110503,626,42347,Amari Cooper,WR,8.520001678466798
2023110503,676,54621,Jerome Ford,RB,6.109999999999999
2023110503,701,46167,Jordan Akins,TE,10.130000305175805
2023110503,838,42347,Amari Cooper,WR,44.78999938964841
2023110503,1088,47808,Marquise Brown,WR,17.880001525878903
2023110503,1611,44841,David Njoku,TE,2.220000915527301
2023110503,1743,47808,Marquise Brown,WR,8.409999999999997
2023110503,1839,54621,Jerome Ford,RB,9.739998168945299
2023110503,1864,40026,Marquise Goodwin,WR,48.15999969482421
2023110503,1931,46167,Jordan Akins,TE,11.670000610351607
2023110503,1976,46167,Jordan Akins,TE,10.380001373291002
2023110503,2001,54621,Jerome Ford,RB,12.769999694824207
2023110503,2024,53463,Elijah Moore,WR,14.969997558593803
2023110503,2213,40026,Marquise Goodwin,WR,45.2399984741211
2023110503,2313,47808,Marquise Brown,WR,13.8099997711182
2023110503,2404,54621,Jerome Ford,RB,0.9100030517577977
2023110503,2498,54621,Jerome Ford,RB,6.170000915527297
2023110503,2636,44841,David Njoku,TE,9.300000419616698
2023110503,2809,47808,Marquise Brown,WR,12.5100003051758
2023110503,3019,54520,Trey McBride,TE,19.6100021362305
2023110503,3046,42347,Amari Cooper,WR,23.339999389648398
2023110503,3313,47808,Marquise Brown,WR,19.7499993896484
2023110503,3410,54520,Trey McBride,TE,12.630000305175805
2023110503,3495,42347,Amari Cooper,WR,45.899997253418
2023110503,3828,54520,Trey McBride,TE,11.709996337890601
2023110503,3907,47808,Marquise Brown,WR,11.490003662109402
2023110504,101,56042,Puka Nacua,WR,12.780000000000001
2023110504,257,44995,Aaron Jones,RB,2.2000001144409005
2023110504,282,56024,Dontayvion Wicks,WR,9.8700006866455
2023110504,729,52502,Josiah Deguara,TE,13.340000915527298
2023110504,1020,53486,Tutu Atwell,WR,19.4100006103516
2023110504,1096,55907,Luke Musgrave,TE,7.289998931884803
2023110504,1141,54499,Christian Watson,WR,46.93
2023110504,1597,44881,Cooper Kupp,WR,27.859998474121102
2023110504,1692,56042,Puka Nacua,WR,11.5199981689453
2023110504,1746,43399,Tyler Higbee,TE,10.969999999999999
2023110504,1788,53486,Tutu Atwell,WR,20.420000610351607
2023110504,1903,54597,Romeo Doubs,WR,13.2600009155273
2023110504,1933,55915,Jayden Reed,WR,11.639998779296903
2023110504,2028,54597,Romeo Doubs,WR,27.809999389648404
2023110504,2129,55915,Jayden Reed,WR,11.389998321533206
2023110504,2271,56024,Dontayvion Wicks,WR,14.5999990844727
2023110504,2361,43415,Demarcus Robinson,WR,12.9199998474121
2023110504,2472,47853,Darrell Henderson,RB,11.0200010681152
2023110504,2854,55907,Luke Musgrave,TE,4.899999847412104
2023110504,2886,56024,Dontayvion Wicks,WR,26.450003051757797
2023110504,3049,53486,Tutu Atwell,WR,8.089997863769497
2023110504,3079,44881,Cooper Kupp,WR,18.980000000000004
2023110504,3102,56042,Puka Nacua,WR,24.769996337890603
2023110504,3127,53486,Tutu Atwell,WR,33.3900016784668
2023110504,3150,56042,Puka Nacua,WR,21.63000076293951
2023110504,3173,47853,Darrell Henderson,RB,9.319998626708994
2023110504,3364,44881,Cooper Kupp,WR,27.480000915527302
2023110504,3401,56024,Dontayvion Wicks,WR,16.400001831054695
2023110504,3596,56042,Puka Nacua,WR,10.550001678466796
2023110504,3619,53486,Tutu Atwell,WR,9.849998321533203
2023110504,3759,54597,Romeo Doubs,WR,20.019996337890603
2023110504,3876,55907,Luke Musgrave,TE,13.9400009155273
2023110504,3940,53486,Tutu Atwell,WR,11.790001678466794
2023110504,3970,44881,Cooper Kupp,WR,18.0500016784668
2023110504,3995,53486,Tutu Atwell,WR,11.349998168945298
2023110504,4025,44881,Cooper Kupp,WR,49.39999786377
2023110504,4048,54054,Austin Trammell,WR,13.109999694824204
2023110504,4073,44881,Cooper Kupp,WR,10.780003051757802
2023110504,4154,55915,Jayden Reed,WR,15.2099984741211
2023110505,56,55934,Tank Dell,WR,14.919998931884802
2023110505,109,46206,Dalton Schultz,TE,15.500000152587898
2023110505,145,54571,Cade Otton,TE,18.080001373291005
2023110505,203,54571,Cade Otton,TE,11.610000076293897
2023110505,226,54556,Rachaad White,RB,7.149999313354499
2023110505,294,46206,Dalton Schultz,TE,23.419999389648403
2023110505,341,55934,Tank Dell,WR,20.740002746582
2023110505,410,45052,Noah Brown,WR,20.3300009155273
2023110505,446,53518,Nico Collins,WR,10.420002441405998
2023110505,508,54556,Rachaad White,RB,9.219998168945295
2023110505,577,41233,Mike Evans,WR,11.550000457763701
2023110505,709,41233,Mike Evans,WR,8.7000003051758
2023110505,768,44896,Chris Godwin Jr.,WR,12.699999160766602
2023110505,837,54571,Cade Otton,TE,9.250000381469698
2023110505,925,55934,Tank Dell,WR,53.149996948242205
2023110505,1111,54571,Cade Otton,TE,12.9999995422363
2023110505,1282,41233,Mike Evans,WR,22.650001220703096
2023110505,1386,54556,Rachaad White,RB,10.309998779297004
2023110505,1467,47857,Devin Singletary,RB,6.780003356933591
2023110505,1492,55934,Tank Dell,WR,22.1300018310547
2023110505,1517,53518,Nico Collins,WR,15.3100006103516
2023110505,1540,55934,Tank Dell,WR,42.4999981689453
2023110505,1563,46206,Dalton Schultz,TE,15.659999389648398
2023110505,1588,54509,John Metchie III,WR,11.280001373291
2023110505,1768,52484,Ke'Shawn Vaughn,RB,6.100001220703099
2023110505,1812,46206,Dalton Schultz,TE,7.649996643066402
2023110505,1941,55934,Tank Dell,WR,17.410002441406192
2023110505,1986,47857,Devin Singletary,RB,2.3600015258789
2023110505,2138,54556,Rachaad White,RB,7.800001220703095
2023110505,2174,44896,Chris Godwin Jr.,WR,33.4300033569336
2023110505,2219,56056,Trey Palmer,WR,31.270003356933593
2023110505,2269,54571,Cade Otton,TE,8.9500012207031
2023110505,2344,45052,Noah Brown,WR,30.0
2023110505,2499,54571,Cade Otton,TE,9.260001831054709
2023110505,2639,53518,Nico Collins,WR,30.310002441406198
2023110505,2686,55934,Tank Dell,WR,28.000001068115203
2023110505,2769,55934,Tank Dell,WR,42.160000076293954
2023110505,2853,46203,Chase Edmonds,RB,5.750000228881799
2023110505,2949,46206,Dalton Schultz,TE,6.850000457763699
2023110505,3007,48096,Andrew Beck,FB,11.530000457763698
2023110505,3054,46206,Dalton Schultz,TE,9.050000534057599
2023110505,3145,53518,Nico Collins,WR,21.780003051758
2023110505,3174,46206,Dalton Schultz,TE,17.779996643066
2023110505,3257,54571,Cade Otton,TE,11.700002136230495
2023110505,3304,41233,Mike Evans,WR,58.660000114440905
2023110505,3355,44896,Chris Godwin Jr.,WR,6.28000007629395
2023110505,3434,45052,Noah Brown,WR,16.050000762939504
2023110505,3492,45052,Noah Brown,WR,30.87000305175779
2023110505,3607,46206,Dalton Schultz,TE,25.789998474120992
2023110505,3725,44896,Chris Godwin Jr.,WR,10.689998474121097
2023110505,3955,41233,Mike Evans,WR,11.040000000000006
2023110505,4103,56056,Trey Palmer,WR,24.8000018310547
2023110505,4179,56056,Trey Palmer,WR,19.599999694824202
2023110505,4222,54571,Cade Otton,TE,23.539999866485598
2023110505,4322,46206,Dalton Schultz,TE,14.059999999999999
2023110505,4347,46206,Dalton Schultz,TE,9.9899996948242
2023110505,4379,45052,Noah Brown,WR,19.760001220703096
2023110505,4434,55934,Tank Dell,WR,34.110002441406195
2023110505,4459,55934,Tank Dell,WR,27.610000915526996
2023110506,67,54563,Brian Robinson,RB,9.590000610351595
2023110506,114,54481,Jahan Dotson,WR,10.840000915527298
2023110506,157,56075,DeMario Douglas,WR,11.509996337890598
2023110506,204,53549,Rhamondre Stevenson,RB,6.800001525878912
2023110506,227,53549,Rhamondre Stevenson,RB,14.560003051757803
2023110506,296,43324,Hunter Henry,TE,11.5500018310547
2023110506,321,56075,DeMario Douglas,WR,9.749998626709
2023110506,366,54515,Tyquan Thornton,WR,14.300000762939497
2023110506,391,54515,Tyquan Thornton,WR,29.699999618530295
2023110506,443,53511,Dyami Brown,WR,16.120000762939505
2023110506,468,52474,Antonio Gibson,RB,4.96999969482421
2023110506,540,47859,Terry McLaurin,WR,4.669998779296904
2023110506,565,42448,Jamison Crowder,WR,12.8800033569336
2023110506,683,43293,Ezekiel Elliott,RB,8.059997558593807
2023110506,713,54515,Tyquan Thornton,WR,20.12999938964839
2023110506,791,54481,Jahan Dotson,WR,51.8700018310547
2023110506,814,46522,Byron Pringle,WR,23.5400015258789
2023110506,869,47859,Terry McLaurin,WR,45.560003662109004
2023110506,892,54481,Jahan Dotson,WR,11.010003356933595
2023110506,1006,54481,Jahan Dotson,WR,11.070000076293898
2023110506,1092,43324,Hunter Henry,TE,24.4200009155273
2023110506,1140,54515,Tyquan Thornton,WR,17.5300006103516
2023110506,1309,43324,Hunter Henry,TE,24.839998168945
2023110506,1402,54481,Jahan Dotson,WR,28.64000030517579
2023110506,1432,41349,Logan Thomas,TE,9.089999847412109
2023110506,1479,42448,Jamison Crowder,WR,22.3700001525879
2023110506,1693,46522,Byron Pringle,WR,19.659998168945293
2023110506,1740,52474,Antonio Gibson,RB,5.25999847412109
2023110506,1765,46522,Byron Pringle,WR,26.1599996948242
2023110506,1788,53511,Dyami Brown,WR,17.8900007629395
2023110506,1955,41349,Logan Thomas,TE,12.959998626709002
2023110506,1980,53511,Dyami Brown,WR,31.610000076293947
2023110506,2003,53553,John Bates,TE,39.49999996185303
2023110506,2026,46522,Byron Pringle,WR,25.8199996566772
2023110506,2061,54481,Jahan Dotson,WR,16.85000019073486
2023110506,2146,52429,Jalen Reagor,WR,12.100001220703096
2023110506,2171,56075,DeMario Douglas,WR,12.360001220703097
2023110506,2267,43293,Ezekiel Elliott,RB,10.1399969482422
2023110506,2412,52429,Jalen Reagor,WR,23.26000213623
2023110506,2435,46111,Mike Gesicki,TE,22.270000915527305
2023110506,2501,41349,Logan Thomas,TE,9.459996948242207
2023110506,2630,54563,Brian Robinson,RB,9.3099983215332
2023110506,2653,54481,Jahan Dotson,WR,42.44000030517578
2023110506,2739,43324,Hunter Henry,TE,14.449999847412101
2023110506,2794,52429,Jalen Reagor,WR,11.489998779296904
2023110506,2868,54481,Jahan Dotson,WR,6.699996643066413
2023110506,2920,47859,Terry McLaurin,WR,37.3600007629395
2023110506,2945,47859,Terry McLaurin,WR,13.009998168945302
2023110506,3133,52429,Jalen Reagor,WR,57.2500018310547
2023110506,3156,44874,JuJu Smith-Schuster,WR,12.059998779296905
2023110506,3201,43293,Ezekiel Elliott,RB,12.209999999999994
2023110506,3275,42448,Jamison Crowder,WR,10.909999084472698
2023110506,3369,41349,Logan Thomas,TE,4.999999084472698
2023110506,3456,56075,DeMario Douglas,WR,16.1800006103516
2023110506,3503,56075,DeMario Douglas,WR,25.199999389648397
2023110506,3531,53549,Rhamondre Stevenson,RB,26.640000610351606
2023110506,3838,52429,Jalen Reagor,WR,49.170001068115205
2023110506,3923,52474,Antonio Gibson,RB,7.250000228881801
2023110506,3953,47859,Terry McLaurin,WR,12.000000381469702
2023110506,4042,42448,Jamison Crowder,WR,12.750001831054703
2023110506,4176,53511,Dyami Brown,WR,37.760002746582
2023110506,4240,53549,Rhamondre Stevenson,RB,12.429997558593811
2023110506,4273,43324,Hunter Henry,TE,14.450000000000003
2023110506,4310,44874,JuJu Smith-Schuster,WR,20.550002136230503
2023110506,4335,43324,Hunter Henry,TE,13.280000305175797
2023110506,4358,46111,Mike Gesicki,TE,38.26999816894529
2023110506,4406,44874,JuJu Smith-Schuster,WR,14.1500009155273
2023110506,4458,44874,JuJu Smith-Schuster,WR,17.500000305175803
2023110507,55,52581,Darnell Mooney,WR,15.020000762939503
2023110507,80,46093,DJ Moore,WR,21.22
2023110507,250,52451,Cole Kmet,TE,31.109998779297
2023110507,319,54476,Chris Olave,WR,19.640002441406196
2023110507,366,44947,Jamaal Williams,RB,8.209999389648388
2023110507,391,54476,Chris Olave,WR,28.540001831054695
2023110507,507,52501,Darrynton Evans,RB,9.220001373290998
2023110507,597,52451,Cole Kmet,TE,17.7499992370605
2023110507,679,45244,Taysom Hill,QB,9.3000009155273
2023110507,726,54476,Chris Olave,WR,10.1600004577637
2023110507,755,55133,Rashid Shaheed,WR,14.650000305175798
2023110507,802,45244,Taysom Hill,QB,9.9599997329712
2023110507,911,52581,Darnell Mooney,WR,8.3199989318848
2023110507,960,46093,DJ Moore,WR,18.140000457763698
2023110507,1100,52451,Cole Kmet,TE,17.670000267028797
2023110507,1206,47920,Foster Moreau,TE,16.490000610351597
2023110507,1265,44947,Jamaal Williams,RB,7.780001373291
2023110507,1290,44879,Alvin Kamara,RB,17.799999084472702
2023110507,1389,52942,Juwan Johnson,TE,17.159998474121096
2023110507,1474,45244,Taysom Hill,QB,7.720001525878999
2023110507,1626,52581,Darnell Mooney,WR,9.0199996948242
2023110507,1651,52451,Cole Kmet,TE,6.900000457763703
2023110507,1856,44879,Alvin Kamara,RB,10.759998474121097
2023110507,1973,44879,Alvin Kamara,RB,6.160003662109403
2023110507,2090,54476,Chris Olave,WR,10.8200015258789
2023110507,2167,46093,DJ Moore,WR,20.27999786376951
2023110507,2237,45244,Taysom Hill,QB,5.680003051757794
2023110507,2332,52451,Cole Kmet,TE,2.390002746581999
2023110507,2425,52581,Darnell Mooney,WR,12.610000610351605
2023110507,2494,45635,Robert Tonyan,TE,13.219999694824196
2023110507,2519,55980,Roschon Johnson,RB,1.4899986267089957
2023110507,2672,46093,DJ Moore,WR,28.47999992370605
2023110507,2820,44879,Alvin Kamara,RB,5.000001831054703
2023110507,2843,52942,Juwan Johnson,TE,12.759998168945302
2023110507,3020,52942,Juwan Johnson,TE,11.569998168945304
2023110507,3045,55133,Rashid Shaheed,WR,9.190000457763702
2023110507,3118,52942,Juwan Johnson,TE,21.48000005245209
2023110507,3219,52581,Darnell Mooney,WR,19.259999389648403
2023110507,3382,45244,Taysom Hill,QB,10.770001525878897
2023110507,3407,54476,Chris Olave,WR,14.32
2023110507,3499,52451,Cole Kmet,TE,9.430000152587901
2023110507,3569,55998,Tyler Scott,WR,26.179999084472698
2023110507,3650,43336,Michael Thomas,WR,14.940001068115201
2023110507,3693,52451,Cole Kmet,TE,11.710000610351601
2023110507,3718,46093,DJ Moore,WR,52.450000305175806
2023110507,3852,54476,Chris Olave,WR,12.369999847412103
2023110508,281,55944,Josh Downs,WR,11.0099993896484
2023110508,349,55014,Raheem Blackshear,RB,6.969997863770004
2023110508,402,53555,Chuba Hubbard,RB,7.590000000000003
2023110508,519,55904,Jonathan Mingo,WR,15.030001068115197
2023110508,542,52659,Stephen Sullivan,TE,11.359999847412105
2023110508,645,52442,Michael Pittman,WR,10.650001678466797
2023110508,772,52449,Jonathan Taylor,RB,5.059998779296905
2023110508,1118,46094,Hayden Hurst,TE,11.039999618530299
2023110508,1285,54657,Andrew Ogletree,TE,22.650000000000006
2023110508,1310,52442,Michael Pittman,WR,10.4300007629395
2023110508,1588,55904,Jonathan Mingo,WR,13.3899969482422
2023110508,1655,47836,Miles Sanders,RB,7.410000610351602
2023110508,1678,40488,Adam Thielen,WR,11.400000000000006
2023110508,1827,52442,Michael Pittman,WR,20.060002746582
2023110508,1874,52449,Jonathan Taylor,RB,6.689996643066408
2023110508,1937,52442,Michael Pittman,WR,16.4100004577637
2023110508,1973,52449,Jonathan Taylor,RB,8.740001525878903
2023110508,2003,53556,Kylen Granson,TE,12.789998474121099
2023110508,2097,52659,Stephen Sullivan,TE,11.620000000000001
2023110508,2127,55904,Jonathan Mingo,WR,10.200001373291002
2023110508,2157,52659,Stephen Sullivan,TE,18.149998931884802
2023110508,2239,53555,Chuba Hubbard,RB,7.319999847412099
2023110508,2412,44985,Isaiah McKenzie,WR,6.7100021362305
2023110508,2437,54518,Alec Pierce,WR,17.49999664306641
2023110508,2579,40488,Adam Thielen,WR,9.240001373291001
2023110508,2631,47836,Miles Sanders,RB,10.570001678466795
2023110508,2801,53512,Tommy Tremble,TE,19.2700018310547
2023110508,2826,40488,Adam Thielen,WR,21.120002746582003
2023110508,2878,46130,D.J. Chark,WR,10.990002441405991
2023110508,2942,52442,Michael Pittman,WR,22.019997253417998
2023110508,2994,44985,Isaiah McKenzie,WR,11.7600009155273
2023110508,3064,54518,Alec Pierce,WR,17.669999084472693
2023110508,3162,40488,Adam Thielen,WR,11.700000610351598
2023110508,3262,46094,Hayden Hurst,TE,32.76000183105471
2023110508,3380,47836,Miles Sanders,RB,7.059999084472693
2023110508,3411,46130,D.J. Chark,WR,10.660002441406192
2023110508,3468,53555,Chuba Hubbard,RB,3.8299984741210977
2023110508,3516,53555,Chuba Hubbard,RB,4.6500033569335955
2023110508,3568,52659,Stephen Sullivan,TE,18.149999694824196
2023110508,3672,46130,D.J. Chark,WR,15.3200015258789
2023110508,3695,52659,Stephen Sullivan,TE,11.6299996948242
2023110508,3960,53555,Chuba Hubbard,RB,9.270001220703094
2023110508,3988,46094,Hayden Hurst,TE,24.17999877929691
2023110508,4115,40488,Adam Thielen,WR,9.979997253417991
2023110508,4140,40488,Adam Thielen,WR,11.290003662109399
2023110508,4188,53512,Tommy Tremble,TE,8.360002441406195
2023110509,62,46071,Saquon Barkley,RB,12.739998474121094
2023110509,85,54508,Wan'Dale Robinson,WR,13.460000305175797
2023110509,108,54577,Daniel Bellinger,TE,15.270003051757797
2023110509,273,48097,Jakobi Meyers,WR,12.490003051757796
2023110509,427,47954,Darius Slayton,WR,22.1900010681152
2023110509,494,55938,Jalin Hyatt,WR,48.070000038147
2023110509,583,55900,Michael Mayer,TE,8.6299990844727
2023110509,637,48097,Jakobi Meyers,WR,12.2200001525879
2023110509,706,46071,Saquon Barkley,RB,8.349999694824206
2023110509,774,55938,Jalin Hyatt,WR,52.979998779296906
2023110509,958,54577,Daniel Bellinger,TE,10.1700006103516
2023110509,1008,43370,Austin Hooper,TE,7.8399963378909945
2023110509,1354,47932,Hunter Renfrow,WR,10.139998779296903
2023110509,1391,47932,Hunter Renfrow,WR,9.7500003051758
2023110509,1516,55938,Jalin Hyatt,WR,51.589996337890994
2023110509,1543,55965,Tre Tucker,WR,53.790000381469696
2023110509,1597,55900,Michael Mayer,TE,5.950000839233397
2023110509,1689,47954,Darius Slayton,WR,15.8200010681152
2023110509,1738,41282,Davante Adams,WR,1.4100006866455033
2023110509,1960,41282,Davante Adams,WR,22.2300001525879
2023110509,2048,42397,Ameer Abdullah,RB,8.980001373291003
2023110509,2073,41282,Davante Adams,WR,32.2800024414062
2023110509,2096,48097,Jakobi Meyers,WR,24.870000762939505
2023110509,2119,48097,Jakobi Meyers,WR,12.049999999999997
2023110509,2166,41282,Davante Adams,WR,11.6000006103516
2023110509,2196,41282,Davante Adams,WR,12.3999978637695
2023110509,2276,41282,Davante Adams,WR,19.6599981689453
2023110509,2299,42397,Ameer Abdullah,RB,7.940001831054701
2023110509,2491,41282,Davante Adams,WR,10.370001220703095
2023110509,2521,48097,Jakobi Meyers,WR,19.529999237060498
2023110509,2599,47954,Darius Slayton,WR,28.580003662109405
2023110509,2624,54508,Wan'Dale Robinson,WR,11.010000457763695
2023110509,2743,46071,Saquon Barkley,RB,8.6600018310547
2023110509,2768,47954,Darius Slayton,WR,10.8900003051758
2023110509,2857,54508,Wan'Dale Robinson,WR,27.950001831055005
2023110509,3083,52615,Isaiah Hodgins,WR,24.289998931884803
2023110509,3106,55965,Tre Tucker,WR,40.04
2023110509,3260,47954,Darius Slayton,WR,9.889999084472699
2023110509,3293,54577,Daniel Bellinger,TE,24.919997253417996
2023110509,3345,54508,Wan'Dale Robinson,WR,9.820003356933597
2023110509,3390,45186,Matt Breida,RB,9.599998474121094
2023110509,3518,55938,Jalin Hyatt,WR,11.079999999999998
2023110509,3543,47954,Darius Slayton,WR,23.380001220703097
2023110509,3566,55938,Jalin Hyatt,WR,15.2500004577637
2023110509,3605,54508,Wan'Dale Robinson,WR,10.710001068115197
2023110509,3650,47842,Parris Campbell,WR,6.270001373291002
2023110509,3675,45186,Matt Breida,RB,9.479999084472702
2023110510,99,52425,CeeDee Lamb,WR,27.259998321533203
2023110510,148,47834,A.J. Brown,WR,12.140002746581999
2023110510,239,46118,Dallas Goedert,TE,12.620001831054708
2023110510,289,48374,Olamide Zaccheaus,WR,11.039996643066402
2023110510,314,47834,A.J. Brown,WR,18.650001831054695
2023110510,393,47834,A.J. Brown,WR,13.970000305175809
2023110510,418,47834,A.J. Brown,WR,12.039998931884803
2023110510,443,46118,Dallas Goedert,TE,23.2200003814697
2023110510,696,54594,Jake Ferguson,TE,8.980002136230496
2023110510,744,52425,CeeDee Lamb,WR,28.0299996948242
2023110510,774,54594,Jake Ferguson,TE,3.9000003051759933
2023110510,945,52425,CeeDee Lamb,WR,10.270000152587901
2023110510,988,47911,Tony Pollard,RB,4.539997558593811
2023110510,1021,54594,Jake Ferguson,TE,23.190002136230504
2023110510,1111,52425,CeeDee Lamb,WR,24.980000152587902
2023110510,1240,52425,CeeDee Lamb,WR,20.31999995231628
2023110510,1263,53117,KaVontae Turpin,WR,11.829999809265098
2023110510,1417,53439,DeVonta Smith,WR,25.2800021362305
2023110510,1759,52425,CeeDee Lamb,WR,12.090003051757805
2023110510,1831,52425,CeeDee Lamb,WR,20.210003356933598
2023110510,1856,54594,Jake Ferguson,TE,13.8700009155273
2023110510,1881,47911,Tony Pollard,RB,3.4799989318848006
2023110510,1933,46150,Michael Gallup,WR,10.490001831054698
2023110510,2026,53579,Kenneth Gainwell,RB,7.999999542236303
2023110510,2075,47834,A.J. Brown,WR,20.459999237060497
2023110510,2371,52443,D'Andre Swift,RB,22.020002136230495
2023110510,2396,53439,DeVonta Smith,WR,41.87000305175799
2023110510,2460,52425,CeeDee Lamb,WR,34.3599983215332
2023110510,2527,54553,Jalen Tolbert,WR,18.20999877929691
2023110510,2585,54594,Jake Ferguson,TE,22.249998931884797
2023110510,2635,54594,Jake Ferguson,TE,10.609998931884796
2023110510,2709,46118,Dallas Goedert,TE,12.819999389648398
2023110510,2898,47834,A.J. Brown,WR,50.490003356934004
2023110510,2921,46118,Dallas Goedert,TE,6.7999987792969065
2023110510,3016,47834,A.J. Brown,WR,4.689996337890989
2023110510,3087,52425,CeeDee Lamb,WR,9.929999389648401
2023110510,3112,46150,Michael Gallup,WR,19.2400004577637
2023110510,3157,47911,Tony Pollard,RB,4.640001831054704
2023110510,3209,46150,Michael Gallup,WR,17.670002746582
2023110510,3234,54594,Jake Ferguson,TE,9.809998474121087
2023110510,3257,52425,CeeDee Lamb,WR,12.569999084472698
2023110510,3437,55923,Luke Schoonmaker,TE,8.230000610352008
2023110510,3522,48374,Olamide Zaccheaus,WR,9.619996337890996
2023110510,3666,52425,CeeDee Lamb,WR,11.109999542236302
2023110510,3696,41246,Brandin Cooks,WR,25.339996948242202
2023110510,3719,54553,Jalen Tolbert,WR,33.30000274658201
2023110510,3789,54553,Jalen Tolbert,WR,22.780002746582
2023110510,3913,47834,A.J. Brown,WR,35.819998168945304
2023110510,3967,52425,CeeDee Lamb,WR,27.289998931884803
2023110510,4014,41246,Brandin Cooks,WR,9.420003051757796
2023110510,4050,52425,CeeDee Lamb,WR,49.36
2023110510,4073,47911,Tony Pollard,RB,11.270002746582001
2023110510,4096,54594,Jake Ferguson,TE,11.519996643066406
2023110510,4172,52425,CeeDee Lamb,WR,23.029998474121093
2023110510,4204,54553,Jalen Tolbert,WR,19.5899996948242
2023110510,4411,54594,Jake Ferguson,TE,16.25999664306641
2023110510,4457,52425,CeeDee Lamb,WR,13.770000915527305
2023110510,4607,52425,CeeDee Lamb,WR,32.749999389647996
2023110511,156,46797,Tanner Hudson,TE,9.170003051757796
2023110511,181,52441,Tee Higgins,WR,11.019999084472701
2023110511,233,47833,Irv Smith,TE,11.739996948242208
2023110511,258,47833,Irv Smith,TE,20.96000244140599
2023110511,329,55889,Dalton Kincaid,TE,4.229999389648398
2023110511,354,55889,Dalton Kincaid,TE,17.5200033569336
2023110511,377,42489,Stefon Diggs,WR,10.509996948242204
2023110511,427,54613,Khalil Shakir,WR,19.5899993896484
2023110511,452,55889,Dalton Kincaid,TE,9.970000152587904
2023110511,590,56071,Andrei Iosivas,WR,14.739998474121101
2023110511,682,43344,Tyler Boyd,WR,22.209997558593805
2023110511,712,46797,Tanner Hudson,TE,12.06999877929691
2023110511,746,52441,Tee Higgins,WR,19.410000915527007
2023110511,769,52441,Tee Higgins,WR,9.380003356934012
2023110511,829,53434,Ja'Marr Chase,WR,9.349996337891
2023110511,1265,47835,Drew Sample,TE,3.2999984741210966
2023110511,1310,48415,Deonte Harty,WR,57.27000335693359
2023110511,1340,52536,Gabe Davis,WR,24.3499996948242
2023110511,1367,46797,Tanner Hudson,TE,15.630000610351601
2023110511,1739,53434,Ja'Marr Chase,WR,34.639999389648395
2023110511,1762,43344,Tyler Boyd,WR,9.9300015258789
2023110511,1797,53434,Ja'Marr Chase,WR,11.54
2023110511,1851,43344,Tyler Boyd,WR,27.149999694824196
2023110511,1881,47835,Drew Sample,TE,5.989999389648403
2023110511,1945,54613,Khalil Shakir,WR,25.5799992370605
2023110511,1970,55889,Dalton Kincaid,TE,15.330002136230497
2023110511,2004,55889,Dalton Kincaid,TE,9.119999999999997
2023110511,2029,55889,Dalton Kincaid,TE,8.660001525878904
2023110511,2163,42489,Stefon Diggs,WR,10.379998168945292
2023110511,2222,42489,Stefon Diggs,WR,13.160003662109403
2023110511,2247,55889,Dalton Kincaid,TE,16.979997863769498
2023110511,2283,55889,Dalton Kincaid,TE,6.330002441406194
2023110511,2308,42489,Stefon Diggs,WR,22.120001525878898
2023110511,2338,54528,James Cook,RB,8.779998779296903
2023110511,2445,52536,Gabe Davis,WR,25.159999999999997
2023110511,2551,44860,Joe Mixon,RB,3.7900004577637
2023110511,2598,52441,Tee Higgins,WR,12.520000152587897
2023110511,2628,53434,Ja'Marr Chase,WR,52.21000061035161
2023110511,2651,44860,Joe Mixon,RB,3.699999084472701
2023110511,2718,54528,James Cook,RB,7.920002136229996
2023110511,2750,42489,Stefon Diggs,WR,14.440003662109405
2023110511,2859,52441,Tee Higgins,WR,17.889997558593805
2023110511,2916,52441,Tee Higgins,WR,15.720003662109406
2023110511,2950,43344,Tyler Boyd,WR,15.340003356933593
2023110511,2973,47835,Drew Sample,TE,6.470000610351605
2023110511,3034,55889,Dalton Kincaid,TE,10.589999084472694
2023110511,3081,54528,James Cook,RB,8.080000762939505
2023110511,3227,55889,Dalton Kincaid,TE,10.560000610351608
2023110511,3268,47833,Irv Smith,TE,11.810003051757803
2023110511,3310,52441,Tee Higgins,WR,16.7800015258789
2023110511,3340,46797,Tanner Hudson,TE,15.789998779296909
2023110511,3399,53434,Ja'Marr Chase,WR,33.34999832153321
2023110511,3482,52441,Tee Higgins,WR,13.2200008392334
2023110511,3536,47833,Irv Smith,TE,8.459999771118198
2023110511,3644,55889,Dalton Kincaid,TE,6.140000152587898
2023110511,3798,46671,Trent Sherfield,WR,16.369996337890598
2023110511,3908,54613,Khalil Shakir,WR,11.86
2023110511,3958,42489,Stefon Diggs,WR,28.27000274658201
2023110511,4013,43344,Tyler Boyd,WR,30.030000152587895
2023110600,78,55885,Quentin Johnston,WR,41.17
2023110600,172,42500,C.J. Uzomah,TE,18.67000366210941
2023110600,195,46705,Allen Lazard,WR,17.759999694824202
2023110600,306,54475,Garrett Wilson,WR,25.499998626709
2023110600,376,44853,Dalvin Cook,RB,8.149996337890599
2023110600,412,54475,Garrett Wilson,WR,0.12000106811520084
2023110600,534,40024,Keenan Allen,WR,11.380001068115199
2023110600,650,56252,Xavier Gipson,WR,23.529998931884798
2023110600,805,45573,Austin Ekeler,RB,11.879999694824207
2023110600,852,55885,Quentin Johnston,WR,12.009997863769499
2023110600,923,48456,Donald Parham,TE,26.079998474121
2023110600,1099,42500,C.J. Uzomah,TE,11.810000915527297
2023110600,1124,54475,Garrett Wilson,WR,38.0600001525879
2023110600,1167,44856,Gerald Everett,TE,1.5799993133544987
2023110600,1234,52520,Joshua Kelley,RB,8.3399981689453
2023110600,1349,46306,Nick Bawden,FB,7.060000686645502
2023110600,1463,45573,Austin Ekeler,RB,8.3200021362305
2023110600,1554,46705,Allen Lazard,WR,11.939999084472696
2023110600,1678,54566,Jeremy Ruckert,TE,9.5899966430664
2023110600,1703,53536,Michael Carter,RB,5.709996643066404
2023110600,1829,48556,Jalen Guyton,WR,16.8000003051758
2023110600,1852,48556,Jalen Guyton,WR,21.389997558593805
2023110600,1906,54475,Garrett Wilson,WR,9.440000610351596
2023110600,1953,56252,Xavier Gipson,WR,14.610000305175802
2023110600,2001,46705,Allen Lazard,WR,10.399998321533204
2023110600,2071,45573,Austin Ekeler,RB,6.449996337890596
2023110600,2116,40024,Keenan Allen,WR,14.409998168945293
2023110600,2153,40024,Keenan Allen,WR,19.4499981689453
2023110600,2176,48456,Donald Parham,TE,16.4300036621094
2023110600,2247,46705,Allen Lazard,WR,34.819998626708994
2023110600,2270,54475,Garrett Wilson,WR,19.870001525878898
2023110600,2293,46226,Tyler Conklin,TE,8.5099998474121
2023110600,2356,40024,Keenan Allen,WR,23.270001525878904
2023110600,2381,40024,Keenan Allen,WR,11.879999389648404
2023110600,2481,54475,Garrett Wilson,WR,35.1800003051758
2023110600,2533,42500,C.J. Uzomah,TE,15.689996948242204
2023110600,2558,54475,Garrett Wilson,WR,0.9700033569335886
2023110600,2583,46226,Tyler Conklin,TE,15.689999084472703
2023110600,2760,45573,Austin Ekeler,RB,9.409998168945293
2023110600,2843,54475,Garrett Wilson,WR,17.9500009155273
2023110600,2868,42500,C.J. Uzomah,TE,13.7000018310547
2023110600,2965,48624,Malik Taylor,WR,13.060001525878903
2023110600,3248,40024,Keenan Allen,WR,11.670001525878902
2023110600,3293,55885,Quentin Johnston,WR,17.8599987792969
2023110600,3363,40024,Keenan Allen,WR,10.390000457763698
2023110600,3443,40024,Keenan Allen,WR,26.540002746582005
2023110600,3488,55990,Derius Davis,WR,4.279996643066411
2023110600,3593,54475,Garrett Wilson,WR,16.059997863769496
2023110600,3616,54475,Garrett Wilson,WR,12.189998168945294
2023110600,3705,46226,Tyler Conklin,TE,12.270000305175799
2023110600,3886,46705,Allen Lazard,WR,11.740003051757796
2023110600,3918,54475,Garrett Wilson,WR,14.099999542236304
2023110600,4057,46705,Allen Lazard,WR,10.999996948242199
2023110600,4080,54475,Garrett Wilson,WR,29.4999984741211
2023110600,4130,53536,Michael Carter,RB,4.990003662109402
2023110600,4155,53536,Michael Carter,RB,9.270000610351602
2023110600,4180,53536,Michael Carter,RB,13.170001373291
2023110600,4246,48624,Malik Taylor,WR,47.4600007629395
2023110600,4269,53536,Michael Carter,RB,8.909998474121103
2023110600,4306,53536,Michael Carter,RB,5.460001831054704
2023110600,4331,46226,Tyler Conklin,TE,34.629999313354496
2023110600,4356,46226,Tyler Conklin,TE,11.580000038147
2023110600,4381,42500,C.J. Uzomah,TE,17.070000114440923
2023110600,4463,46226,Tyler Conklin,TE,12.499999885559099
2023110900,93,52501,Darrynton Evans,RB,11.160003662109403
2023110900,138,52451,Cole Kmet,TE,17.8099989318848
2023110900,282,40488,Adam Thielen,WR,11.690001525878898
2023110900,351,53488,Terrace Marshall Jr.,WR,18.8699981689453
2023110900,537,46093,DJ Moore,WR,17.32999664306641
2023110900,631,46093,DJ Moore,WR,5.0700021362304994
2023110900,683,44901,D'Onta Foreman,RB,10.27000152587891
2023110900,757,46093,DJ Moore,WR,41.31999998092651
2023110900,899,53658,Mike Strachan,WR,44.4699996948242
2023110900,929,40488,Adam Thielen,WR,7.940000610351603
2023110900,996,53512,Tommy Tremble,TE,8.360000152587904
2023110900,1043,55904,Jonathan Mingo,WR,9.0800008392334
2023110900,1131,52451,Cole Kmet,TE,11.780000305175804
2023110900,1258,55980,Roschon Johnson,RB,14.759998931884802
2023110900,1497,55980,Roschon Johnson,RB,8.149998321533204
2023110900,1545,52451,Cole Kmet,TE,11.7100036621094
2023110900,1570,52581,Darnell Mooney,WR,46.259999389648
2023110900,1593,55998,Tyler Scott,WR,23.1200024414062
2023110900,1845,55904,Jonathan Mingo,WR,13.820001068115197
2023110900,1875,55904,Jonathan Mingo,WR,12.6299990844727
2023110900,1936,55980,Roschon Johnson,RB,9.389999923706101
2023110900,1972,46093,DJ Moore,WR,10.769999389648405
2023110900,2033,46093,DJ Moore,WR,21.079996948242204
2023110900,2063,46276,Equanimeous St. Brown,WR,11.529999389648395
2023110900,2088,46093,DJ Moore,WR,16.8700018310547
2023110900,2111,52451,Cole Kmet,TE,12.639998474121093
2023110900,2229,55904,Jonathan Mingo,WR,13.9499989318848
2023110900,2274,53658,Mike Strachan,WR,28.87
2023110900,2366,44901,D'Onta Foreman,RB,5.9899990844727
2023110900,2479,55014,Raheem Blackshear,RB,11.169999313354499
2023110900,2557,46093,DJ Moore,WR,13.159999237060497
2023110900,2724,52581,Darnell Mooney,WR,10.16999977111816
2023110900,2820,40488,Adam Thielen,WR,23.530001525878898
2023110900,2843,53488,Terrace Marshall Jr.,WR,15.259999389648403
2023110900,2868,40488,Adam Thielen,WR,17.249999084472698
2023110900,2940,40488,Adam Thielen,WR,11.000001373291
2023110900,3304,53555,Chuba Hubbard,RB,9.62000061035161
2023110900,3353,53555,Chuba Hubbard,RB,6.899999084472697
2023110900,3378,53512,Tommy Tremble,TE,20.439998474121104
2023110900,3436,47836,Miles Sanders,RB,9.699999618530295
2023110900,3461,53488,Terrace Marshall Jr.,WR,11.7599998474121
2023110900,3561,52451,Cole Kmet,TE,9.9600006103516
2023110900,3635,52451,Cole Kmet,TE,19.8599963378906
2023110900,3754,40488,Adam Thielen,WR,11.7799984741211
2023110900,3828,46094,Hayden Hurst,TE,11.690001220703095
2023110900,3853,46094,Hayden Hurst,TE,17.62000061035161
2023110900,3876,40488,Adam Thielen,WR,10.510002441406186
2023110900,3921,53512,Tommy Tremble,TE,12.82999969482421
2023110900,3946,46094,Hayden Hurst,TE,11.57999969482421
2023110900,3978,47836,Miles Sanders,RB,11.529999389648403
2023110900,4008,46094,Hayden Hurst,TE,23.9899984741211
2023110900,4031,55904,Jonathan Mingo,WR,35.8200006866455
2023110900,4054,40488,Adam Thielen,WR,11.39
2023110900,4163,52581,Darnell Mooney,WR,14.099996643066405
2023111200,84,53549,Rhamondre Stevenson,RB,7.689999389648403
2023111200,116,46111,Mike Gesicki,TE,18.1199990844727
2023111200,185,53549,Rhamondre Stevenson,RB,9.280000457763698
2023111200,398,44792,Mo Alie-Cox,TE,20.4000009155273
2023111200,421,44985,Isaiah McKenzie,WR,3.6299969482422085
2023111200,446,44985,Isaiah McKenzie,WR,28.519998474121103
2023111200,867,43324,Hunter Henry,TE,10.39999755859381
2023111200,1023,56027,Will Mallory,TE,18.8799981689453
2023111200,1115,46111,Mike Gesicki,TE,11.5899996948242
2023111200,1200,56027,Will Mallory,TE,3.5200015258788966
2023111200,1301,56075,DeMario Douglas,WR,10.759996948242204
2023111200,1364,54518,Alec Pierce,WR,27.640001678466795
2023111200,1423,52442,Michael Pittman,WR,13.0099987792969
2023111200,1448,52442,Michael Pittman,WR,10.180002746582005
2023111200,1529,55944,Josh Downs,WR,34.24999847412109
2023111200,1603,43324,Hunter Henry,TE,11.139997253418002
2023111200,1779,52442,Michael Pittman,WR,17.4700015258789
2023111200,1843,52442,Michael Pittman,WR,11.119999999999997
2023111200,1866,52442,Michael Pittman,WR,30.409996643066407
2023111200,1889,52449,Jonathan Taylor,RB,10.600001068115198
2023111200,1914,55944,Josh Downs,WR,9.519999237060496
2023111200,2064,52442,Michael Pittman,WR,16.10000152587891
2023111200,2125,52442,Michael Pittman,WR,15.760001525878906
2023111200,2155,52442,Michael Pittman,WR,7.740001373291008
2023111200,2401,44985,Isaiah McKenzie,WR,9.040000915527301
2023111200,2459,53556,Kylen Granson,TE,11.530001831054705
2023111200,2655,44874,JuJu Smith-Schuster,WR,17.5099995422363
2023111200,2900,43324,Hunter Henry,TE,20.56000002861023
2023111200,3017,52442,Michael Pittman,WR,12.860001525878907
2023111200,3158,56052,Kayshon Boutte,WR,12.299996948242196
2023111200,3227,43324,Hunter Henry,TE,15.500000915527295
2023111200,3250,56075,DeMario Douglas,WR,12.859998779296902
2023111200,3278,56075,DeMario Douglas,WR,12.0100016784668
2023111200,3403,46111,Mike Gesicki,TE,19.099999961853
2023111200,3498,55944,Josh Downs,WR,33.0100009155273
2023111200,3581,52442,Michael Pittman,WR,17.9099983215332
2023111200,3668,56075,DeMario Douglas,WR,14.87000061035161
2023111200,3691,43324,Hunter Henry,TE,19.679998168945303
2023111200,3744,56075,DeMario Douglas,WR,18.349999694824206
2023111200,3767,56075,DeMario Douglas,WR,18.7199984741211
2023111200,3814,56075,DeMario Douglas,WR,30.049999084472702
2023111201,199,53463,Elijah Moore,WR,21.64
2023111201,222,44841,David Njoku,TE,17.110002746581998
2023111201,293,46155,Mark Andrews,TE,11.469999694824196
2023111201,371,53456,Rashod Bateman,WR,20.6600018310547
2023111201,396,46437,Gus Edwards,RB,10.940000610351603
2023111201,543,42347,Amari Cooper,WR,40.1599991607666
2023111201,589,53463,Elijah Moore,WR,25.390001831054704
2023111201,676,44841,David Njoku,TE,12.610000610351602
2023111201,699,55939,Cedric Tillman,WR,27.86000030517578
2023111201,845,55886,Zay Flowers,WR,17.8700018310547
2023111201,926,54604,Isaiah Likely,TE,13.609997253418001
2023111201,951,56205,Keaton Mitchell,RB,27.509998779297007
2023111201,1285,42347,Amari Cooper,WR,27.229999847412103
2023111201,1383,55939,Cedric Tillman,WR,40.099998168945
2023111201,1629,55886,Zay Flowers,WR,22.729997863769498
2023111201,1654,55886,Zay Flowers,WR,10.930000152587901
2023111201,1747,55886,Zay Flowers,WR,42.57999938964839
2023111201,1951,42347,Amari Cooper,WR,12.619997863769498
2023111201,2155,53456,Rashod Bateman,WR,34.7400018310547
2023111201,2239,53463,Elijah Moore,WR,13.680001068115196
2023111201,2420,53456,Rashod Bateman,WR,12.119996337890598
2023111201,2477,55886,Zay Flowers,WR,24.679998931884803
2023111201,2550,41238,Odell Beckham,WR,13.300000610351596
2023111201,2644,53463,Elijah Moore,WR,9.610001678466798
2023111201,2669,42347,Amari Cooper,WR,8.3700003051758
2023111201,2787,46167,Jordan Akins,TE,13.840000762939503
2023111201,2887,52523,Harrison Bryant,TE,8.050001220703095
2023111201,2912,44841,David Njoku,TE,5.709998779296903
2023111201,2937,44841,David Njoku,TE,5.329997253418
2023111201,3016,42347,Amari Cooper,WR,10.54999969482401
2023111201,3130,46155,Mark Andrews,TE,24.01999938964839
2023111201,3331,46155,Mark Andrews,TE,21.96000244140599
2023111201,3652,42347,Amari Cooper,WR,25.250001831054703
2023111201,3699,44841,David Njoku,TE,8.8499998474121
2023111201,3761,44841,David Njoku,TE,5.4000000762938996
2023111201,3786,53463,Elijah Moore,WR,8.809999809265099
2023111201,3951,53456,Rashod Bateman,WR,12.240001373291001
2023111201,3974,55886,Zay Flowers,WR,20.609999237060496
2023111201,3999,42363,Nelson Agholor,WR,25.6899989318848
2023111201,4182,54621,Jerome Ford,RB,5.889999694824198
2023111201,4237,42347,Amari Cooper,WR,26.7999987792969
2023111202,112,52673,Mitchell Wilcox,TE,8.049997863769505
2023111202,135,46797,Tanner Hudson,TE,13.989998321533207
2023111202,160,46797,Tanner Hudson,TE,10.479999999999997
2023111202,185,46797,Tanner Hudson,TE,4.5
2023111202,307,48471,Trenton Irwin,WR,33.110000457763704
2023111202,371,55934,Tank Dell,WR,11.0599998474121
2023111202,450,56070,Xavier Hutchinson,WR,7.939999847412103
2023111202,473,46206,Dalton Schultz,TE,7.390001373291
2023111202,617,43344,Tyler Boyd,WR,19.049999999999997
2023111202,640,47965,Trayveon Williams,RB,2.349998168945305
2023111202,723,46206,Dalton Schultz,TE,25.3300009155273
2023111202,823,39989,Robert Woods,WR,19.9100018310547
2023111202,870,39989,Robert Woods,WR,19.800002441405994
2023111202,893,55934,Tank Dell,WR,20.720001220702997
2023111202,916,55934,Tank Dell,WR,16.149998779296908
2023111202,1033,44860,Joe Mixon,RB,2.819999694824201
2023111202,1056,44860,Joe Mixon,RB,7.180000686645501
2023111202,1081,53434,Ja'Marr Chase,WR,13.0300004577637
2023111202,1210,55934,Tank Dell,WR,20.0600010681152
2023111202,1262,45052,Noah Brown,WR,12.559999313354503
2023111202,1298,55934,Tank Dell,WR,6.040000686645502
2023111202,1411,46797,Tanner Hudson,TE,22.529999237060494
2023111202,1463,45052,Noah Brown,WR,40.980000457763694
2023111202,1517,55934,Tank Dell,WR,27.310000457763707
2023111202,1574,46206,Dalton Schultz,TE,20.220001831054702
2023111202,1621,46206,Dalton Schultz,TE,9.320000152587895
2023111202,1721,43344,Tyler Boyd,WR,9.010001068115198
2023111202,1766,53434,Ja'Marr Chase,WR,19.980000762939504
2023111202,1933,47857,Devin Singletary,RB,12.069997558593812
2023111202,1956,45052,Noah Brown,WR,24.189999999999998
2023111202,1981,46461,Mike Boone,RB,13.050000762939504
2023111202,2011,46461,Mike Boone,RB,8.009999847412104
2023111202,2036,46206,Dalton Schultz,TE,24.2900002288818
2023111202,2221,45052,Noah Brown,WR,30.32000061035159
2023111202,2290,55934,Tank Dell,WR,11.6400006103516
2023111202,2315,54509,John Metchie III,WR,24.5900007629395
2023111202,2367,55934,Tank Dell,WR,19.969999971389772
2023111202,2532,43344,Tyler Boyd,WR,18.2299989318848
2023111202,2646,47857,Devin Singletary,RB,9.160000381469704
2023111202,2754,43344,Tyler Boyd,WR,16.72
2023111202,2835,46797,Tanner Hudson,TE,10.239999389648396
2023111202,2860,43344,Tyler Boyd,WR,10.319998474121093
2023111202,2971,54509,John Metchie III,WR,12.889998168945297
2023111202,2996,55934,Tank Dell,WR,41.020000915527305
2023111202,3039,43344,Tyler Boyd,WR,4.349998168945298
2023111202,3131,53434,Ja'Marr Chase,WR,44.330001220703096
2023111202,3230,45052,Noah Brown,WR,37.7600009155273
2023111202,3277,55934,Tank Dell,WR,16.970000915527308
2023111202,3441,43344,Tyler Boyd,WR,22.740000305175798
2023111202,3471,47835,Drew Sample,TE,5.329998779296901
2023111202,3496,56071,Andrei Iosivas,WR,34.3400006866455
2023111202,3541,47835,Drew Sample,TE,22.6000000762939
2023111202,3619,55934,Tank Dell,WR,17.650001831054702
2023111202,3688,45052,Noah Brown,WR,11.279997863769502
2023111202,3731,53434,Ja'Marr Chase,WR,28.489996643066405
2023111202,3761,48471,Trenton Irwin,WR,39.499999847412106
2023111202,3784,53434,Ja'Marr Chase,WR,15.980002136230496
2023111202,3832,47835,Drew Sample,TE,6.340001220703101
2023111202,3857,53434,Ja'Marr Chase,WR,11.509999999999998
2023111202,3972,55934,Tank Dell,WR,14.749998168945297
2023111202,4162,55934,Tank Dell,WR,33.77999847412109
2023111202,4241,43344,Tyler Boyd,WR,20.90999938964839
2023111202,4327,43344,Tyler Boyd,WR,22.54999954223633
2023111202,4393,55934,Tank Dell,WR,23.519999694824197
2023111202,4438,46206,Dalton Schultz,TE,29.2099984741211
2023111202,4463,46461,Mike Boone,RB,10.2099969482422
2023111202,4493,45052,Noah Brown,WR,12.3000018310547
2023111203,78,53707,Tim Jones,WR,12.210001220703091
2023111203,171,44820,Christian McCaffrey,RB,12.2900015258789
2023111203,196,44959,George Kittle,TE,17.720001831054702
2023111203,221,52433,Brandon Aiyuk,WR,20.570002136230002
2023111203,336,44835,Evan Engram,TE,10.230002746582002
2023111203,412,52433,Brandon Aiyuk,WR,25.329999389648393
2023111203,515,44959,George Kittle,TE,21.5699978637695
2023111203,538,52625,Jauan Jennings,WR,14.700003051757804
2023111203,741,53707,Tim Jones,WR,11.290000000000006
2023111203,816,55926,Brenton Strange,TE,20.7800006103516
2023111203,1068,53454,Travis Etienne,RB,28.230003051757805
2023111203,1198,40078,Kyle Juszczyk,FB,12.010001068115194
2023111203,1337,46116,Christian Kirk,WR,13.080000152587901
2023111203,1519,46116,Christian Kirk,WR,13.0899981689453
2023111203,1657,46116,Christian Kirk,WR,27.129999694824008
2023111203,1740,40078,Kyle Juszczyk,FB,9.01999938964839
2023111203,1897,44820,Christian McCaffrey,RB,11.140000457763698
2023111203,2160,47819,Deebo Samuel Sr.,WR,16.49999969482421
2023111203,2190,44959,George Kittle,TE,34.530001831054705
2023111203,2274,46095,Calvin Ridley,WR,21.7200010681152
2023111203,2299,46116,Christian Kirk,WR,22.529998779296903
2023111203,2434,47819,Deebo Samuel Sr.,WR,11.309998779296905
2023111203,2504,46095,Calvin Ridley,WR,12.4700009155273
2023111203,2536,46116,Christian Kirk,WR,38.4399998474121
2023111203,2581,53454,Travis Etienne,RB,6.369998168945301
2023111203,2663,46116,Christian Kirk,WR,45.5099996948242
2023111203,2688,46095,Calvin Ridley,WR,24.979996337890995
2023111203,2758,46116,Christian Kirk,WR,11.650002746582004
2023111203,2811,44820,Christian McCaffrey,RB,7.149999084472697
2023111203,2836,44820,Christian McCaffrey,RB,10.849997558593813
2023111203,2859,52433,Brandon Aiyuk,WR,27.459997253417995
2023111203,2911,44959,George Kittle,TE,24.999999694824204
2023111203,3082,44835,Evan Engram,TE,11.709998168945297
2023111203,3246,40078,Kyle Juszczyk,FB,23.489998168944993
2023111203,3310,46116,Christian Kirk,WR,28.799999084472702
2023111203,3482,56118,Ronnie Bell,WR,25.790001068115195
2023111203,3738,44820,Christian McCaffrey,RB,11.400001831054993
2023111203,3802,44835,Evan Engram,TE,9.849997558594012
2023111203,3827,44835,Evan Engram,TE,10.520003662109403
2023111204,55,55887,Jordan Addison,WR,12.289996948242205
2023111204,134,55887,Jordan Addison,WR,24.860000152587894
2023111204,164,47885,Alexander Mattison,RB,6.549999389648399
2023111204,227,47791,T.J. Hockenson,TE,11.629999542236298
2023111204,318,43336,Michael Thomas,WR,11.8399981689453
2023111204,341,43336,Michael Thomas,WR,6.389998931884804
2023111204,388,45244,Taysom Hill,QB,8.2099998474121
2023111204,468,55133,Rashid Shaheed,WR,9.119998931884801
2023111204,560,47791,T.J. Hockenson,TE,22.38000244140619
2023111204,665,45244,Taysom Hill,QB,12.419999237060495
2023111204,734,56060,A.T. Perry,WR,20.960000915527303
2023111204,792,52942,Juwan Johnson,TE,33.879998168944994
2023111204,815,56060,A.T. Perry,WR,14.659999084472702
2023111204,838,44947,Jamaal Williams,RB,7.360002746581998
2023111204,928,45094,Johnny Mundt,TE,5.410003356933601
2023111204,1065,47791,T.J. Hockenson,TE,21.929998474121092
2023111204,1088,46830,Brandon Powell,WR,11.200003051757797
2023111204,1173,47791,T.J. Hockenson,TE,14.300003356933587
2023111204,1198,47791,T.J. Hockenson,TE,9.340003051758003
2023111204,1370,55887,Jordan Addison,WR,23.070000762939504
2023111204,1424,46830,Brandon Powell,WR,11.7500007629395
2023111204,1449,47791,T.J. Hockenson,TE,15.6499978637695
2023111204,1485,47791,T.J. Hockenson,TE,24.2399969482422
2023111204,1573,55887,Jordan Addison,WR,18.630003662109004
2023111204,1635,55887,Jordan Addison,WR,9.519999389647992
2023111204,1866,47791,T.J. Hockenson,TE,11.750000457763697
2023111204,1891,47791,T.J. Hockenson,TE,7.340000152587898
2023111204,1948,47791,T.J. Hockenson,TE,11.469999999999999
2023111204,1973,47791,T.J. Hockenson,TE,11.949999084472694
2023111204,2069,47791,T.J. Hockenson,TE,32.770003662109005
2023111204,2143,44879,Alvin Kamara,RB,9.690001220703095
2023111204,2444,54656,Jalen Nailor,WR,10.960001220703099
2023111204,2519,47885,Alexander Mattison,RB,13.610000915527301
2023111204,2585,55133,Rashid Shaheed,WR,20.649998779296904
2023111204,2632,55133,Rashid Shaheed,WR,12.380001525878896
2023111204,2657,44879,Alvin Kamara,RB,7.729998779296906
2023111204,2712,54476,Chris Olave,WR,21.980001220703095
2023111204,2794,54476,Chris Olave,WR,17.9600021362305
2023111204,2819,54476,Chris Olave,WR,29.779996337890992
2023111204,2967,45244,Taysom Hill,QB,9.8099994659424
2023111204,2990,45244,Taysom Hill,QB,10.539999847412098
2023111204,3013,54476,Chris Olave,WR,46.869998474121104
2023111204,3117,47791,T.J. Hockenson,TE,11.940000152587892
2023111204,3197,46830,Brandon Powell,WR,12.1799984741211
2023111204,3271,52942,Juwan Johnson,TE,30.879998779296898
2023111204,3294,55133,Rashid Shaheed,WR,11.8600007629395
2023111204,3439,44879,Alvin Kamara,RB,9.930002136230499
2023111204,3464,54476,Chris Olave,WR,11.899999237060499
2023111204,3512,54476,Chris Olave,WR,10.399999618530298
2023111204,3537,56060,A.T. Perry,WR,25.62000015258789
2023111204,3599,55887,Jordan Addison,WR,10.729999389648402
2023111204,3622,46830,Brandon Powell,WR,27.420001220703096
2023111204,3645,46830,Brandon Powell,WR,20.419999389648403
2023111204,3861,52942,Juwan Johnson,TE,10.849998168945305
2023111204,3886,44879,Alvin Kamara,RB,5.720003662109008
2023111204,3991,47791,T.J. Hockenson,TE,13.8900006103516
2023111204,4059,44879,Alvin Kamara,RB,10.680002136230499
2023111204,4153,54476,Chris Olave,WR,25.059998474121087
2023111204,4245,52488,Lynn Bowden,WR,18.07999969482421
2023111204,4270,54476,Chris Olave,WR,42.2799989318848
2023111204,4397,56060,A.T. Perry,WR,28.719999694824203
2023111204,4460,55133,Rashid Shaheed,WR,44.1899999237061
2023111205,79,54517,George Pickens,WR,11.2799969482422
2023111205,109,54673,Connor Heyward,TE,7.070000610351599
2023111205,349,54499,Christian Watson,WR,15.209998779296903
2023111205,401,54499,Christian Watson,WR,19.049999084472702
2023111205,448,56024,Dontayvion Wicks,WR,22.6900018310547
2023111205,473,55943,Tucker Kraft,TE,10.340001525878904
2023111205,542,54499,Christian Watson,WR,17.33999725341799
2023111205,565,54597,Romeo Doubs,WR,25.440001831055
2023111205,639,55958,Darnell Washington,TE,6.519998168945293
2023111205,735,47849,Diontae Johnson,WR,15.220000457763703
2023111205,889,54905,Jaylen Warren,RB,6.219999694824196
2023111205,1103,54499,Christian Watson,WR,11.840000610351609
2023111205,1330,54673,Connor Heyward,TE,10.560002746582
2023111205,1554,56024,Dontayvion Wicks,WR,23.3799993896484
2023111205,1577,55915,Jayden Reed,WR,44.610000419616696
2023111205,1780,54673,Connor Heyward,TE,12.559999160766601
2023111205,1835,54597,Romeo Doubs,WR,50.0999991607666
2023111205,1880,44995,Aaron Jones,RB,6.349998626708995
2023111205,1928,47849,Diontae Johnson,WR,21.4300010681152
2023111205,1953,54517,George Pickens,WR,14.98
2023111205,1983,53453,Najee Harris,RB,7.6400009155273025
2023111205,2037,47849,Diontae Johnson,WR,13.869999237060497
2023111205,2255,54597,Romeo Doubs,WR,19.4199989318848
2023111205,2278,44995,Aaron Jones,RB,11.619999389648399
2023111205,2347,44995,Aaron Jones,RB,7.170000000000002
2023111205,2419,55907,Luke Musgrave,TE,34.089999923706046
2023111205,2547,53453,Najee Harris,RB,8.230000228881801
2023111205,2570,54673,Connor Heyward,TE,11.710000534057599
2023111205,2643,54597,Romeo Doubs,WR,26.869996948242203
2023111205,2690,54499,Christian Watson,WR,39.579999542236294
2023111205,2713,55907,Luke Musgrave,TE,32.130000915527305
2023111205,2785,55907,Luke Musgrave,TE,10.039999465942401
2023111205,2863,54517,George Pickens,WR,26.769998626708997
2023111205,2937,54905,Jaylen Warren,RB,7.739996337890602
2023111205,3233,47849,Diontae Johnson,WR,42.8299997711182
2023111205,3256,54517,George Pickens,WR,29.5199987792969
2023111205,3425,54597,Romeo Doubs,WR,7.439999389648399
2023111205,3455,52470,AJ Dillon,RB,9.3400010681152
2023111205,3478,55943,Tucker Kraft,TE,20.689999389648403
2023111205,3646,53453,Najee Harris,RB,5.680001220703097
2023111205,3820,56024,Dontayvion Wicks,WR,24.8900021362305
2023111205,4137,55915,Jayden Reed,WR,40.8800006103516
2023111205,4162,44995,Aaron Jones,RB,7.149996337890599
2023111205,4242,52470,AJ Dillon,RB,15.74999664306641
2023111205,4302,54499,Christian Watson,WR,23.969997558594002
2023111206,56,39973,DeAndre Hopkins,WR,20.3400010681152
2023111206,136,43396,Chris Moore,WR,11.699999694824207
2023111206,264,56012,Josh Whyle,TE,13.700000305175791
2023111206,311,56012,Josh Whyle,TE,13.299997863770002
2023111206,397,44896,Chris Godwin Jr.,WR,21.810003051757803
2023111206,444,41233,Mike Evans,WR,24.070001068115197
2023111206,511,55075,Deven Thompkins,WR,47.4800002670288
2023111206,592,54628,Kyle Philips,WR,16.340000915527302
2023111206,782,41233,Mike Evans,WR,17.6800009155273
2023111206,898,43396,Chris Moore,WR,11.5099987792969
2023111206,976,44896,Chris Godwin Jr.,WR,12.379998474121102
2023111206,1001,56056,Trey Palmer,WR,25.4000009155273
2023111206,1150,54608,Chig Okonkwo,TE,9.909999084472702
2023111206,1235,41233,Mike Evans,WR,18.8000010681152
2023111206,1282,54571,Cade Otton,TE,3.690001373291004
2023111206,1307,41233,Mike Evans,WR,20.409998474121103
2023111206,1401,53074,Nick Westbrook-Ikhine,WR,16.389998168945297
2023111206,1522,44896,Chris Godwin Jr.,WR,21.779998626709
2023111206,1664,41233,Mike Evans,WR,14.820000915527302
2023111206,1825,54556,Rachaad White,RB,4.759999084472696
2023111206,1877,54571,Cade Otton,TE,9.789996643066402
2023111206,1952,56056,Trey Palmer,WR,33.1799998474121
2023111206,1977,41233,Mike Evans,WR,45.729999771118194
2023111206,2071,41233,Mike Evans,WR,18.560000114440918
2023111206,2094,54556,Rachaad White,RB,15.19999961853027
2023111206,2160,53074,Nick Westbrook-Ikhine,WR,47.21999938964839
2023111206,2205,55946,Tyjae Spears,RB,5.949998626708997
2023111206,2311,43396,Chris Moore,WR,21.810000000000002
2023111206,2403,41233,Mike Evans,WR,15.069997558593812
2023111206,2450,44896,Chris Godwin Jr.,WR,23.890001678466803
2023111206,2475,56056,Trey Palmer,WR,10.940000762939505
2023111206,2527,41233,Mike Evans,WR,22.699999160766602
2023111206,2591,39973,DeAndre Hopkins,WR,14.240000762939502
2023111206,2711,39973,DeAndre Hopkins,WR,42.91999786377
2023111206,2809,39973,DeAndre Hopkins,WR,10.999999694824197
2023111206,2839,54608,Chig Okonkwo,TE,15.550000457763701
2023111206,2869,54608,Chig Okonkwo,TE,12.3399995422363
2023111206,2914,54628,Kyle Philips,WR,22.98999992370605
2023111206,3005,41233,Mike Evans,WR,53.219998168945295
2023111206,3308,54571,Cade Otton,TE,31.249996643065998
2023111206,3374,39973,DeAndre Hopkins,WR,19.989997558593814
2023111206,3397,54628,Kyle Philips,WR,26.6400030517578
2023111206,3645,56012,Josh Whyle,TE,28.8799990844727
2023111206,3723,39973,DeAndre Hopkins,WR,56.19999977111819
2023111206,3857,39973,DeAndre Hopkins,WR,20.86
2023111206,3880,55946,Tyjae Spears,RB,7.389999389648395
2023111206,3905,56012,Josh Whyle,TE,11.93000122070309
2023111206,3930,56012,Josh Whyle,TE,31.189999847412103
2023111206,3976,54608,Chig Okonkwo,TE,38.2799983215332
2023111207,203,53433,Kyle Pitts,TE,16.6799984741211
2023111207,245,54520,Trey McBride,TE,9.3799996948242
2023111207,326,45102,Zach Pascal,WR,18.5800015258789
2023111207,349,53478,Rondale Moore,WR,9.949999694824196
2023111207,400,42589,Geoff Swaim,TE,13.7400006103516
2023111207,429,54520,Trey McBride,TE,10.820001831054704
2023111207,505,54520,Trey McBride,TE,26.429996643066403
2023111207,546,55959,Michael Wilson,WR,20.669999389648396
2023111207,600,55959,Michael Wilson,WR,24.709999999999994
2023111207,755,53433,Kyle Pitts,TE,15.580001525878913
2023111207,802,55872,Bijan Robinson,RB,12.04999633789059
2023111207,1105,47991,Scott Miller,WR,12.019998168944994
2023111207,1169,54520,Trey McBride,TE,8.949998474121088
2023111207,1250,55959,Michael Wilson,WR,10.9999984741211
2023111207,1297,47808,Marquise Brown,WR,42.15999995231628
2023111207,1445,55872,Bijan Robinson,RB,7.480001220703095
2023111207,1500,54473,Drake London,WR,14.130001220703093
2023111207,1792,53478,Rondale Moore,WR,9.540002136230498
2023111207,1817,47808,Marquise Brown,WR,27.880000152587904
2023111207,1930,42589,Geoff Swaim,TE,11.8100004577637
2023111207,2175,53433,Kyle Pitts,TE,13.480000610351595
2023111207,2251,53478,Rondale Moore,WR,1.699996643066413
2023111207,2335,54520,Trey McBride,TE,12.190000152587892
2023111207,2360,54520,Trey McBride,TE,10.950000610351601
2023111207,2456,56062,Elijah Higgins,TE,24.6800015258789
2023111207,2502,53478,Rondale Moore,WR,8.879999847412101
2023111207,2701,54520,Trey McBride,TE,20.939997863769506
2023111207,3086,55959,Michael Wilson,WR,11.5999999237061
2023111207,3218,54616,Tyler Allgeier,RB,8.640000152587898
2023111207,3285,44912,Jonnu Smith,TE,22.4700007629395
2023111207,3426,53433,Kyle Pitts,TE,11.420003356933591
2023111207,3451,54473,Drake London,WR,22.990000152587903
2023111207,3498,54473,Drake London,WR,35.4899991607666
2023111207,3685,53478,Rondale Moore,WR,9.859999847412105
2023111207,3780,52465,Van Jefferson,WR,51.07000122070309
2023111207,3822,54473,Drake London,WR,18.469997558593803
2023111207,4033,53478,Rondale Moore,WR,11.840000915527302
2023111207,4080,55959,Michael Wilson,WR,24.95000061035161
2023111207,4110,53478,Rondale Moore,WR,45.0899981689453
2023111207,4189,54520,Trey McBride,TE,39.689997253418
2023111208,77,45573,Austin Ekeler,RB,8.9600021362305
2023111208,151,55899,Sam LaPorta,TE,13.400000762939502
2023111208,203,53541,Amon-Ra St. Brown,WR,36.2500009155273
2023111208,287,43584,Kalif Raymond,WR,14.679998779296909
2023111208,402,40024,Keenan Allen,WR,9.510001220703103
2023111208,427,40024,Keenan Allen,WR,14.890002136230493
2023111208,475,40024,Keenan Allen,WR,11.200001678466798
2023111208,527,45573,Austin Ekeler,RB,1.3500001525878957
2023111208,593,53541,Amon-Ra St. Brown,WR,6.729998779296903
2023111208,838,53541,Amon-Ra St. Brown,WR,34.159999084473
2023111208,861,44930,Josh Reynolds,WR,16.379998168945292
2023111208,938,53959,Brock Wright,TE,5.39999755859381
2023111208,1049,53541,Amon-Ra St. Brown,WR,13.859999618530301
2023111208,1146,40024,Keenan Allen,WR,7.549999809265099
2023111208,1188,40024,Keenan Allen,WR,11.059999847412099
2023111208,1213,45573,Austin Ekeler,RB,3.9800001525879
2023111208,1315,54477,Jameson Williams,WR,18.500000762939496
2023111208,1362,53541,Amon-Ra St. Brown,WR,15.449999618530295
2023111208,1431,55876,Jahmyr Gibbs,RB,3.4299996948241986
2023111208,1559,45573,Austin Ekeler,RB,7.2999995422363
2023111208,1606,48556,Jalen Guyton,WR,32.4699990844727
2023111208,1629,40024,Keenan Allen,WR,19.7699990844727
2023111208,1654,44856,Gerald Everett,TE,21.890002746582006
2023111208,1677,55990,Derius Davis,WR,3.340001525878904
2023111208,1724,40024,Keenan Allen,WR,31.940003662109007
2023111208,1932,40024,Keenan Allen,WR,10.320001373291
2023111208,1989,45573,Austin Ekeler,RB,4.250002441406195
2023111208,2012,40024,Keenan Allen,WR,29.5900009155273
2023111208,2037,48556,Jalen Guyton,WR,10.790002746582005
2023111208,2084,55061,Stone Smartt,TE,17.550000915527008
2023111208,2236,44930,Josh Reynolds,WR,16.280000305175804
2023111208,2259,55899,Sam LaPorta,TE,11.470001220703097
2023111208,2282,44930,Josh Reynolds,WR,11.890001678466795
2023111208,2340,53541,Amon-Ra St. Brown,WR,20.300001220703095
2023111208,2392,43584,Kalif Raymond,WR,11.819998474121093
2023111208,2458,45573,Austin Ekeler,RB,3.4800009155270004
2023111208,2546,48456,Donald Parham,TE,9.88000152587891
2023111208,2571,48456,Donald Parham,TE,6.479998626709005
2023111208,2599,55061,Stone Smartt,TE,26.809998779296905
2023111208,2622,40024,Keenan Allen,WR,10.080000762939498
2023111208,2669,48556,Jalen Guyton,WR,10.179998779296902
2023111208,2694,40024,Keenan Allen,WR,15.270000000000003
2023111208,2722,48556,Jalen Guyton,WR,21.7099997711182
2023111208,2830,44930,Josh Reynolds,WR,15.039999847412105
2023111208,2877,53959,Brock Wright,TE,5.380001678466797
2023111208,2900,53541,Amon-Ra St. Brown,WR,18.039997558593804
2023111208,3016,48556,Jalen Guyton,WR,9.9600006103516
2023111208,3088,55061,Stone Smartt,TE,22.779999389648403
2023111208,3483,55885,Quentin Johnston,WR,10.819996948242007
2023111208,3547,55876,Jahmyr Gibbs,RB,11.969996337890592
2023111208,3594,55899,Sam LaPorta,TE,11.380001831054699
2023111208,3619,55899,Sam LaPorta,TE,23.489998321533207
2023111208,3693,53959,Brock Wright,TE,23.240000610351604
2023111208,3768,48556,Jalen Guyton,WR,7.360000152587901
2023111208,3859,55885,Quentin Johnston,WR,10.990001831054698
2023111208,3906,40024,Keenan Allen,WR,24.03999755859381
2023111208,3977,43584,Kalif Raymond,WR,12.549999389648391
2023111208,4056,53541,Amon-Ra St. Brown,WR,18.1600016784668
2023111208,4093,55899,Sam LaPorta,TE,10.080001068115202
2023111209,55,41246,Brandin Cooks,WR,9.519999847412102
2023111209,80,52425,CeeDee Lamb,WR,11.0499989318848
2023111209,146,52425,CeeDee Lamb,WR,22.139997253417995
2023111209,248,52425,CeeDee Lamb,WR,4.479996337890995
2023111209,273,54594,Jake Ferguson,TE,18.079996643065996
2023111209,378,47954,Darius Slayton,WR,9.010001220703003
2023111209,427,55923,Luke Schoonmaker,TE,7.750000915527302
2023111209,479,54594,Jake Ferguson,TE,10.240000762939502
2023111209,635,54594,Jake Ferguson,TE,21.069997558593805
2023111209,660,52425,CeeDee Lamb,WR,39.590001220703
2023111209,804,47842,Parris Campbell,WR,6.030000000000001
2023111209,829,47954,Darius Slayton,WR,12.75999755859381
2023111209,878,54577,Daniel Bellinger,TE,9.330000915527307
2023111209,901,46071,Saquon Barkley,RB,5.080003662109405
2023111209,1040,53047,Lawrence Cager,TE,20.290000000000006
2023111209,1138,41246,Brandin Cooks,WR,7.599996337891
2023111209,1192,41246,Brandin Cooks,WR,14.720000610351605
2023111209,1217,52425,CeeDee Lamb,WR,28.510000457763695
2023111209,1242,56109,Jalen Brooks,WR,9.060000762939502
2023111209,1311,54594,Jake Ferguson,TE,13.809999971389772
2023111209,1377,54508,Wan'Dale Robinson,WR,12.379999847412101
2023111209,1477,41246,Brandin Cooks,WR,9.059998626709003
2023111209,1598,41246,Brandin Cooks,WR,22.16999984741211
2023111209,1657,46071,Saquon Barkley,RB,10.290001068115199
2023111209,1748,41246,Brandin Cooks,WR,32.8099969482422
2023111209,1773,56109,Jalen Brooks,WR,12.0500016784668
2023111209,1798,41246,Brandin Cooks,WR,21.749999847412106
2023111209,1830,52425,CeeDee Lamb,WR,26.6799996948242
2023111209,1921,52425,CeeDee Lamb,WR,16.300000381469705
2023111209,2118,54577,Daniel Bellinger,TE,4.8800004577637
2023111209,2219,54594,Jake Ferguson,TE,9.749996948242199
2023111209,2471,53047,Lawrence Cager,TE,7.019996337891001
2023111209,2548,52425,CeeDee Lamb,WR,6.359997253418001
2023111209,2607,54553,Jalen Tolbert,WR,9.939997253418
2023111209,2654,52425,CeeDee Lamb,WR,27.040001831054695
2023111209,2679,46150,Michael Gallup,WR,49.96000003814697
2023111209,2762,55938,Jalin Hyatt,WR,48.69999755859381
2023111209,2844,41246,Brandin Cooks,WR,41.2600001525879
2023111209,2898,41246,Brandin Cooks,WR,26.3499990844727
2023111209,2921,41246,Brandin Cooks,WR,16.450000915527298
2023111209,2951,54553,Jalen Tolbert,WR,20.97999980926514
2023111209,2974,52425,CeeDee Lamb,WR,20.44999965667725
2023111209,3170,52425,CeeDee Lamb,WR,9.6900004577637
2023111209,3202,52425,CeeDee Lamb,WR,9.6500008392334
2023111209,3227,56109,Jalen Brooks,WR,13.250000610351599
2023111209,3299,54553,Jalen Tolbert,WR,22.3599998474121
2023111209,3373,54508,Wan'Dale Robinson,WR,8.4100010681152
2023111209,3402,47954,Darius Slayton,WR,19.7299992370605
2023111209,3512,46150,Michael Gallup,WR,30.83
2023111209,3564,56077,Deuce Vaughn,RB,9.119997253418
2023111209,3589,54553,Jalen Tolbert,WR,35.60999633789099
2023111209,3634,56109,Jalen Brooks,WR,4.10000244140619
2023111209,3779,52615,Isaiah Hodgins,WR,17.97999725341799
2023111209,3824,54995,Jashaun Corbin,RB,5.779996643066411
2023111209,3859,54995,Jashaun Corbin,RB,11.749998779296902
2023111209,3891,54577,Daniel Bellinger,TE,9.659999084472702
2023111209,3968,54995,Jashaun Corbin,RB,9.549999694824194
2023111209,4031,43329,Sterling Shepard,WR,17.390000419616698
2023111209,4054,47954,Darius Slayton,WR,12.840000152587901
2023111209,4108,43329,Sterling Shepard,WR,19.499999904632567
2023111209,4176,43329,Sterling Shepard,WR,16.030000104904172
2023111210,85,53553,John Bates,TE,8.499998931884804
2023111210,132,54563,Brian Robinson,RB,9.330002136230497
2023111210,266,55884,Jaxon Smith-Njigba,WR,11.160000610351602
2023111210,332,46189,Will Dissly,TE,10.410001525878904
2023111210,453,55884,Jaxon Smith-Njigba,WR,6.529999542236297
2023111210,579,47859,Terry McLaurin,WR,15.639999389648402
2023111210,604,47859,Terry McLaurin,WR,25.760003356933595
2023111210,676,52474,Antonio Gibson,RB,11.3399996948242
2023111210,721,56471,Jake Bobo,WR,9.059998474121087
2023111210,844,47847,DK Metcalf,WR,35.9799983215332
2023111210,947,52474,Antonio Gibson,RB,5.690000305175801
2023111210,977,53553,John Bates,TE,4.929999694824197
2023111210,1027,54563,Brian Robinson,RB,8.4100018310547
2023111210,1052,41349,Logan Thomas,TE,9.630001831054699
2023111210,1082,45005,Alex Armah,RB,4.140000305175803
2023111210,1200,55884,Jaxon Smith-Njigba,WR,0.6100008392333969
2023111210,1248,47847,DK Metcalf,WR,33.070000610351606
2023111210,1271,42412,Tyler Lockett,WR,20.2699995422363
2023111210,1318,47847,DK Metcalf,WR,13.439996337890598
2023111210,1343,55917,Zach Charbonnet,RB,11.770002136230502
2023111210,1391,55917,Zach Charbonnet,RB,7.560003051757803
2023111210,1464,44852,Curtis Samuel,WR,11.600001220703092
2023111210,1563,42412,Tyler Lockett,WR,54.719996948242205
2023111210,1615,47847,DK Metcalf,WR,25.529997253417996
2023111210,1696,54563,Brian Robinson,RB,2.7399996948242062
2023111210,1798,47803,Noah Fant,TE,26.230001373291003
2023111210,1872,42412,Tyler Lockett,WR,7.390000762939501
2023111210,1924,56471,Jake Bobo,WR,14.7000012207031
2023111210,2005,52541,Colby Parkinson,TE,10.539997253417994
2023111210,2111,41349,Logan Thomas,TE,8.669996643066412
2023111210,2136,52474,Antonio Gibson,RB,5.5400027465820045
2023111210,2161,54481,Jahan Dotson,WR,11.989998474121094
2023111210,2204,47847,DK Metcalf,WR,20.43
2023111210,2267,55917,Zach Charbonnet,RB,10.479999847412103
2023111210,2369,47847,DK Metcalf,WR,11.259999694824202
2023111210,2594,54563,Brian Robinson,RB,12.120001831054708
2023111210,2647,47859,Terry McLaurin,WR,30.119999694824216
2023111210,2733,47847,DK Metcalf,WR,19.3200018310547
2023111210,2758,54506,Kenneth Walker III,RB,6.139998168945297
2023111210,2915,55884,Jaxon Smith-Njigba,WR,1.610000610351598
2023111210,3019,41349,Logan Thomas,TE,8.82999969482421
2023111210,3098,44852,Curtis Samuel,WR,9.860000610351605
2023111210,3123,46522,Byron Pringle,WR,10.999997863769508
2023111210,3153,53511,Dyami Brown,WR,11.449996643066413
2023111210,3178,47859,Terry McLaurin,WR,13.1899987792969
2023111210,3221,44852,Curtis Samuel,WR,16.9100003051758
2023111210,3270,42412,Tyler Lockett,WR,22.170000152587896
2023111210,3386,47803,Noah Fant,TE,4.480001678466792
2023111210,3669,41349,Logan Thomas,TE,10.269997253417998
2023111210,3694,47859,Terry McLaurin,WR,10.1899987792969
2023111210,3717,54563,Brian Robinson,RB,9.699998779296905
2023111210,3742,52474,Antonio Gibson,RB,23.000000915526996
2023111210,3882,42412,Tyler Lockett,WR,25.070000915527302
2023111210,3951,47803,Noah Fant,TE,5.2599984741210974
2023111210,4034,42412,Tyler Lockett,WR,9.740001068115198
2023111210,4130,42412,Tyler Lockett,WR,15.890000419616698
2023111210,4216,41349,Logan Thomas,TE,9.069998779296903
2023111210,4241,47859,Terry McLaurin,WR,9.2400012207031
2023111210,4296,42448,Jamison Crowder,WR,11.489996643066405
2023111210,4319,52474,Antonio Gibson,RB,9.440000610351596
2023111210,4351,47859,Terry McLaurin,WR,9.090002136230495
2023111210,4390,54481,Jahan Dotson,WR,11.050000610351603
2023111210,4413,46522,Byron Pringle,WR,29.019999389647992
2023111210,4436,53511,Dyami Brown,WR,22.379996643066406
2023111210,4493,55917,Zach Charbonnet,RB,5.999999389648394
2023111210,4525,55917,Zach Charbonnet,RB,3.1099990844727046
2023111210,4555,47847,DK Metcalf,WR,14.099998779296897
2023111210,4580,47847,DK Metcalf,WR,12.860001831054703
2023111210,4610,47847,DK Metcalf,WR,20.279998626709002
2023111211,105,41282,Davante Adams,WR,2.2499993896484014
2023111211,194,54475,Garrett Wilson,WR,11.139998168945297
2023111211,230,54475,Garrett Wilson,WR,21.479999084472695
2023111211,406,41282,Davante Adams,WR,23.9599989318848
2023111211,492,41282,Davante Adams,WR,10.470003356933589
2023111211,517,55900,Michael Mayer,TE,10.600003356933598
2023111211,629,56252,Xavier Gipson,WR,21.530003051757802
2023111211,654,54475,Garrett Wilson,WR,15.180000457763697
2023111211,679,54475,Garrett Wilson,WR,1.2500003051758029
2023111211,763,54475,Garrett Wilson,WR,15.889998168945297
2023111211,787,46226,Tyler Conklin,TE,11.5999998474121
2023111211,900,41282,Davante Adams,WR,15.559998168945299
2023111211,1059,54475,Garrett Wilson,WR,13.499998779296902
2023111211,1353,41282,Davante Adams,WR,53.890000152587895
2023111211,1650,48097,Jakobi Meyers,WR,12.760001525878899
2023111211,1675,41282,Davante Adams,WR,22.700000915527298
2023111211,1867,46226,Tyler Conklin,TE,10.4499989318848
2023111211,1916,46705,Allen Lazard,WR,31.909998779296906
2023111211,1979,41282,Davante Adams,WR,13.860000305175802
2023111211,2004,47807,Josh Jacobs,RB,5.849998168945305
2023111211,2029,55900,Michael Mayer,TE,12.389998321533199
2023111211,2072,41282,Davante Adams,WR,12.850000915527303
2023111211,2201,54475,Garrett Wilson,WR,10.069998168945304
2023111211,2523,54475,Garrett Wilson,WR,22.6699996948242
2023111211,2681,48097,Jakobi Meyers,WR,11.099998168945298
2023111211,2864,41282,Davante Adams,WR,13.550001525878912
2023111211,2937,54475,Garrett Wilson,WR,1.170002746582
2023111211,2997,48624,Malik Taylor,WR,57.59999832153321
2023111211,3046,55900,Michael Mayer,TE,6.400000457763703
2023111211,3166,55900,Michael Mayer,TE,17.81999998092651
2023111211,3243,54475,Garrett Wilson,WR,17.1999969482422
2023111211,3291,44853,Dalvin Cook,RB,8.980003662109397
2023111211,3495,43370,Austin Hooper,TE,10.830000915527307
2023111211,3627,46705,Allen Lazard,WR,14.520001373291002
2023111211,3659,54475,Garrett Wilson,WR,0.47000167846679375
2023111211,3684,54501,Breece Hall,RB,8.890001068115197
2023111211,3709,42500,C.J. Uzomah,TE,13.349998474121094
2023111211,3734,54475,Garrett Wilson,WR,43.11000213623
2023111211,3760,46226,Tyler Conklin,TE,10.120000610351603
2023111211,3785,46705,Allen Lazard,WR,16.269999999999996
2023111211,3808,46226,Tyler Conklin,TE,21.290002746582005
2023111211,3833,54475,Garrett Wilson,WR,10.61999847412109
2023111211,3890,46705,Allen Lazard,WR,12.900001525878906
2023111211,4074,46226,Tyler Conklin,TE,3.429999542236299
2023111211,4099,46226,Tyler Conklin,TE,31.4199996948242
2023111300,272,52536,Gabe Davis,WR,35.6799981689453
2023111300,295,55889,Dalton Kincaid,TE,4.060003662109409
2023111300,320,52536,Gabe Davis,WR,26.0699993896484
2023111300,440,55889,Dalton Kincaid,TE,10.590000762939503
2023111300,470,52536,Gabe Davis,WR,21.049999465942403
2023111300,506,48541,Lil'Jordan Humphrey,WR,14.05
2023111300,594,53464,Javonte Williams,RB,6.149998626708999
2023111300,710,55127,Lucas Krull,TE,4.819999542236303
2023111300,755,42489,Stefon Diggs,WR,10.250003662109407
2023111300,840,40129,Latavius Murray,RB,5.959998474121093
2023111300,863,42489,Stefon Diggs,WR,16.9999969482422
2023111300,961,42302,Chris Manhertz,TE,10.339998626708997
2023111300,1128,46109,Courtland Sutton,WR,31.649998931884802
2023111300,1153,52513,Adam Trautman,TE,8.099998779296897
2023111300,1229,40129,Latavius Murray,RB,2.639999160766603
2023111300,1254,55889,Dalton Kincaid,TE,14.759999847412104
2023111300,1337,46109,Courtland Sutton,WR,5.170000915527304
2023111300,1376,52423,Jerry Jeudy,WR,12.910000228881799
2023111300,1447,46109,Courtland Sutton,WR,9.819999771118198
2023111300,1617,54528,James Cook,RB,4.710000076293898
2023111300,1746,42489,Stefon Diggs,WR,7.3800009155273045
2023111300,1793,55889,Dalton Kincaid,TE,29.780000915526998
2023111300,1892,46109,Courtland Sutton,WR,26.650003356933595
2023111300,2166,48415,Deonte Harty,WR,23.700000305175802
2023111300,2234,56513,Jaleel McLaughlin,RB,0.13999938964840197
2023111300,2265,52423,Jerry Jeudy,WR,11.7599993896484
2023111300,2557,42489,Stefon Diggs,WR,11.800002136230503
2023111300,2580,55889,Dalton Kincaid,TE,10.8000018310547
2023111300,2605,54613,Khalil Shakir,WR,27.26000183105471
2023111300,2661,46109,Courtland Sutton,WR,4.920001525878902
2023111300,2691,46109,Courtland Sutton,WR,10.670002746582
2023111300,2839,54613,Khalil Shakir,WR,27.630000839233396
2023111300,3005,53464,Javonte Williams,RB,7.090001678466798
2023111300,3190,52536,Gabe Davis,WR,28.090002136230495
2023111300,3279,46109,Courtland Sutton,WR,13.660003051757798
2023111300,3306,46109,Courtland Sutton,WR,1.6799989318848034
2023111300,3371,55889,Dalton Kincaid,TE,8.5000000762939
2023111300,3423,42489,Stefon Diggs,WR,10.299998321533202
2023111300,3448,40129,Latavius Murray,RB,7.959999542236297
2023111300,3500,52536,Gabe Davis,WR,22.3099983215332
2023111300,3625,52423,Jerry Jeudy,WR,23.0900012207031
2023111300,3700,44927,Samaje Perine,RB,6.369998168945301
2023111300,3752,53464,Javonte Williams,RB,1.0199989318847997
2023111300,3790,46109,Courtland Sutton,WR,11.239999542236298
2023111300,3905,53464,Javonte Williams,RB,4.350000000000001
2023111300,4176,44927,Samaje Perine,RB,4.419998474121087
2023111300,4201,46109,Courtland Sutton,WR,9.150003051757793
2023111300,4264,44927,Samaje Perine,RB,8.620001525878898
2023111300,4289,52513,Adam Trautman,TE,11.239998931884799
2023111600,56,46155,Mark Andrews,TE,16.119999389648402
2023111600,113,55886,Zay Flowers,WR,12.809998626708996
2023111600,209,46155,Mark Andrews,TE,7.809996337890595
2023111600,364,46797,Tanner Hudson,TE,11.850001678466796
2023111600,448,43344,Tyler Boyd,WR,11.030001525878902
2023111600,526,41238,Odell Beckham,WR,58.45000335693359
2023111600,676,53434,Ja'Marr Chase,WR,21.010001220703103
2023111600,782,46437,Gus Edwards,RB,8.589998626708997
2023111600,883,43344,Tyler Boyd,WR,18.299999999999997
2023111600,977,53434,Ja'Marr Chase,WR,39.8499994659424
2023111600,1000,47835,Drew Sample,TE,3.4299992370604997
2023111600,1127,53456,Rashod Bateman,WR,46.1199996948242
2023111600,1243,47833,Irv Smith,TE,11.119998931884801
2023111600,1266,46797,Tanner Hudson,TE,21.0799984741211
2023111600,1313,47835,Drew Sample,TE,14.729998474121096
2023111600,1409,43344,Tyler Boyd,WR,19.339997863769497
2023111600,1510,44860,Joe Mixon,RB,14.360002441405996
2023111600,1535,44860,Joe Mixon,RB,6.630002136230004
2023111600,1683,46437,Gus Edwards,RB,11.610003662109406
2023111600,1715,41238,Odell Beckham,WR,18.22999755859381
2023111600,1769,47896,Justice Hill,RB,10.140001678466795
2023111600,1794,42363,Nelson Agholor,WR,14.629998779296905
2023111600,1862,48471,Trenton Irwin,WR,17.7600003051758
2023111600,1980,48471,Trenton Irwin,WR,17.8799990844727
2023111600,2120,54604,Isaiah Likely,TE,11.809996948242201
2023111600,2197,41238,Odell Beckham,WR,21.989999999999995
2023111600,2339,41238,Odell Beckham,WR,11.220001831054702
2023111600,2401,41238,Odell Beckham,WR,27.679999885559077
2023111600,2424,53456,Rashod Bateman,WR,21.259999914169313
2023111600,2610,48471,Trenton Irwin,WR,17.9099987792969
2023111600,2657,56613,Shedrick Jackson,WR,35.8300001525879
2023111600,2787,48471,Trenton Irwin,WR,8.8799996185303
2023111600,2882,54593,Charlie Kolar,TE,12.530000305175804
2023111600,2951,56205,Keaton Mitchell,RB,7.949998474121088
2023111600,3197,53434,Ja'Marr Chase,WR,45.17999877929691
2023111600,3294,41238,Odell Beckham,WR,39.759996337890996
2023111600,3421,46797,Tanner Hudson,TE,6.170000762939502
2023111600,3446,43344,Tyler Boyd,WR,17.130000610351598
2023111600,3702,44860,Joe Mixon,RB,2.820000228881799
2023111600,3826,41238,Odell Beckham,WR,41.4400004577637
2023111600,4082,46797,Tanner Hudson,TE,21.010002441406193
2023111600,4152,48471,Trenton Irwin,WR,9.289997253417994
2023111600,4181,53434,Ja'Marr Chase,WR,11.750001525879
2023111900,103,53117,KaVontae Turpin,WR,0.6700012207030994
2023111900,207,40488,Adam Thielen,WR,11.590002746582002
2023111900,299,40488,Adam Thielen,WR,10.5500016784668
2023111900,417,47911,Tony Pollard,RB,7.879999465942401
2023111900,471,52425,CeeDee Lamb,WR,30.799996643066407
2023111900,538,53041,Rico Dowdle,RB,7.6999996948242
2023111900,563,54553,Jalen Tolbert,WR,12.369996643066408
2023111900,640,55923,Luke Schoonmaker,TE,22.280001525879
2023111900,850,52425,CeeDee Lamb,WR,8.530000305175804
2023111900,882,41246,Brandin Cooks,WR,20.550001373291
2023111900,905,46150,Michael Gallup,WR,9.570000762939504
2023111900,955,41246,Brandin Cooks,WR,18.3700009155273
2023111900,1147,41246,Brandin Cooks,WR,12.3700009155273
2023111900,1318,55904,Jonathan Mingo,WR,10.939998779296904
2023111900,1455,54594,Jake Ferguson,TE,11.589997863769497
2023111900,1485,47911,Tony Pollard,RB,4.340001831054707
2023111900,1532,54553,Jalen Tolbert,WR,22.1199996948242
2023111900,1681,52659,Stephen Sullivan,TE,27.189999084472696
2023111900,1859,54594,Jake Ferguson,TE,9.020000305175799
2023111900,1882,46150,Michael Gallup,WR,27.9099996948242
2023111900,1907,46150,Michael Gallup,WR,13.04
2023111900,1930,54553,Jalen Tolbert,WR,12.629999389648404
2023111900,2008,54553,Jalen Tolbert,WR,12.820001373291
2023111900,2031,52425,CeeDee Lamb,WR,13.0299998474121
2023111900,2096,52425,CeeDee Lamb,WR,13.339999771118201
2023111900,2126,52425,CeeDee Lamb,WR,20.870000076293948
2023111900,2336,53555,Chuba Hubbard,RB,7.210001831054697
2023111900,2410,41246,Brandin Cooks,WR,19.049999694824198
2023111900,2440,54594,Jake Ferguson,TE,7.110001678466794
2023111900,2490,52425,CeeDee Lamb,WR,35.750002746582005
2023111900,2605,40488,Adam Thielen,WR,31.959998168945305
2023111900,2628,40488,Adam Thielen,WR,13.710000152587902
2023111900,2759,40488,Adam Thielen,WR,20.360001068115203
2023111900,2833,53512,Tommy Tremble,TE,10.389998779296903
2023111900,2856,40488,Adam Thielen,WR,10.439999999999998
2023111900,2903,53512,Tommy Tremble,TE,25.2099997711182
2023111900,2926,40488,Adam Thielen,WR,14.0200004577637
2023111900,2973,40488,Adam Thielen,WR,5.9599991607666
2023111900,3020,53512,Tommy Tremble,TE,4.68
2023111900,3141,47911,Tony Pollard,RB,6.369998779296907
2023111900,3164,54553,Jalen Tolbert,WR,8.999999389648401
2023111900,3189,54594,Jake Ferguson,TE,27.440000610351603
2023111900,3234,52425,CeeDee Lamb,WR,9.029998931884798
2023111900,3368,55904,Jonathan Mingo,WR,12.729998779296903
2023111900,3427,47836,Miles Sanders,RB,8.239998168945299
2023111900,3452,40488,Adam Thielen,WR,18.4699993896484
2023111900,3475,40488,Adam Thielen,WR,24.5300006103516
2023111900,3714,53041,Rico Dowdle,RB,2.6699996948242024
2023111900,3843,53555,Chuba Hubbard,RB,1.4699990844727004
2023111900,3888,40488,Adam Thielen,WR,12.5400004577637
2023111900,3993,55923,Luke Schoonmaker,TE,10.310000610351608
2023111900,4119,53117,KaVontae Turpin,WR,13.339996948242202
2023111901,169,42347,Amari Cooper,WR,12.2700004577637
2023111901,221,44841,David Njoku,TE,9.789999389648393
2023111901,338,41290,Allen Robinson,WR,13.409999389647993
2023111901,419,44841,David Njoku,TE,14.989997558593807
2023111901,446,54621,Jerome Ford,RB,3.5500030517577983
2023111901,677,54517,George Pickens,WR,9.209996948242207
2023111901,746,54905,Jaylen Warren,RB,0.8899981689452972
2023111901,771,55958,Darnell Washington,TE,10.029997558593806
2023111901,859,44841,David Njoku,TE,7.4899995422362995
2023111901,882,44841,David Njoku,TE,9.8200000762939
2023111901,1042,54517,George Pickens,WR,19.1500004577637
2023111901,1139,47849,Diontae Johnson,WR,14.819997253417995
2023111901,1431,53463,Elijah Moore,WR,15.880003662109402
2023111901,1461,53463,Elijah Moore,WR,9.100003051757795
2023111901,1699,42347,Amari Cooper,WR,10.4799995422363
2023111901,1724,42347,Amari Cooper,WR,10.2799984741211
2023111901,1781,44841,David Njoku,TE,9.8499990844727
2023111901,1813,53463,Elijah Moore,WR,11.130000228881798
2023111901,1868,44841,David Njoku,TE,15.02999977111816
2023111901,2155,54621,Jerome Ford,RB,2.6499981689453023
2023111901,2246,44841,David Njoku,TE,12.64000030517579
2023111901,2293,55939,Cedric Tillman,WR,11.240001373291008
2023111901,2316,42347,Amari Cooper,WR,20.230000762939504
2023111901,2413,53453,Najee Harris,RB,6.680000076293901
2023111901,2494,53463,Elijah Moore,WR,8.259996337890598
2023111901,2519,42347,Amari Cooper,WR,12.360001373290999
2023111901,2648,41290,Allen Robinson,WR,16.6200009155273
2023111901,2832,44841,David Njoku,TE,16.360000152587894
2023111901,2879,55939,Cedric Tillman,WR,9.870001831054708
2023111901,2941,44898,Kareem Hunt,RB,2.2599989318848017
2023111901,2966,42347,Amari Cooper,WR,12.010001068115201
2023111901,3038,47849,Diontae Johnson,WR,24.8299995422363
2023111901,3125,44841,David Njoku,TE,13.199999237060503
2023111901,3289,41290,Allen Robinson,WR,6.5200027465820085
2023111901,3314,47849,Diontae Johnson,WR,11.330000915527307
2023111901,3581,44841,David Njoku,TE,12.439999465942401
2023111901,3604,53463,Elijah Moore,WR,21.830000610351597
2023111901,3648,54517,George Pickens,WR,17.630001373290995
2023111901,3782,44898,Kareem Hunt,RB,3.7799999237061
2023111901,3836,44841,David Njoku,TE,7.130000305175805
2023111901,3859,44841,David Njoku,TE,8.450000305175802
2023111901,3884,44841,David Njoku,TE,11.350000915527303
2023111901,3940,47849,Diontae Johnson,WR,12.820001525878908
2023111901,3963,47849,Diontae Johnson,WR,47.140001068115204
2023111901,3986,47849,Diontae Johnson,WR,20.3800021362305
2023111901,4040,53463,Elijah Moore,WR,22.8300016784668
2023111901,4065,44898,Kareem Hunt,RB,5.410000305175799
2023111901,4095,42347,Amari Cooper,WR,9.220000610351605
2023111901,4120,44841,David Njoku,TE,9.790000915527301
2023111901,4321,54517,George Pickens,WR,16.510000000000005
2023111902,127,46093,DJ Moore,WR,13.370001678466792
2023111902,152,52451,Cole Kmet,TE,10.360001068115196
2023111902,177,46276,Equanimeous St. Brown,WR,21.1599999237061
2023111902,381,53541,Amon-Ra St. Brown,WR,9.760000610351597
2023111902,478,53541,Amon-Ra St. Brown,WR,14.640000305175803
2023111902,530,55899,Sam LaPorta,TE,18.499998474121092
2023111902,596,52451,Cole Kmet,TE,10.160000915527306
2023111902,665,52451,Cole Kmet,TE,11.239998168945291
2023111902,693,46093,DJ Moore,WR,8.8600001525879
2023111902,745,46093,DJ Moore,WR,54.92999992370605
2023111902,848,53541,Amon-Ra St. Brown,WR,13.540000762939503
2023111902,883,44930,Josh Reynolds,WR,19.059999542236298
2023111902,995,52595,Donovan Peoples-Jones,WR,17.520000000000003
2023111902,1075,55998,Tyler Scott,WR,12.880001068115199
2023111902,1261,53541,Amon-Ra St. Brown,WR,6.959999656677201
2023111902,1403,53646,Khalil Herbert,RB,12.089998626708997
2023111902,1428,52581,Darnell Mooney,WR,20.930000457763697
2023111902,1458,46276,Equanimeous St. Brown,WR,12.219999694824203
2023111902,1559,46093,DJ Moore,WR,24.550001525878912
2023111902,1604,46093,DJ Moore,WR,14.120000305175793
2023111902,1751,53541,Amon-Ra St. Brown,WR,11.830000610351604
2023111902,1776,53541,Amon-Ra St. Brown,WR,12.960001831054697
2023111902,1801,55876,Jahmyr Gibbs,RB,11.269999542236306
2023111902,1826,53541,Amon-Ra St. Brown,WR,16.320001373291
2023111902,1849,54477,Jameson Williams,WR,18.9300015258789
2023111902,1874,55876,Jahmyr Gibbs,RB,6.940001525878898
2023111902,1988,53541,Amon-Ra St. Brown,WR,13.960000152587892
2023111902,2133,43584,Kalif Raymond,WR,14.230000762939504
2023111902,2218,46093,DJ Moore,WR,13.929999694824204
2023111902,2275,46093,DJ Moore,WR,18.26000183105471
2023111902,2482,53646,Khalil Herbert,RB,7.2400012207031
2023111902,2695,46093,DJ Moore,WR,47.30999994277954
2023111902,2786,55876,Jahmyr Gibbs,RB,13.4999992370605
2023111902,2894,30842,Marcedes Lewis,TE,15.460001068115197
2023111902,3118,43584,Kalif Raymond,WR,11.660001220703094
2023111902,3146,55899,Sam LaPorta,TE,18.469997253418
2023111902,3608,55899,Sam LaPorta,TE,11.729999694824201
2023111902,3638,53541,Amon-Ra St. Brown,WR,14.130002136230502
2023111902,3663,55899,Sam LaPorta,TE,14.459998321533206
2023111902,3688,55876,Jahmyr Gibbs,RB,11.530000305175804
2023111902,3723,54477,Jameson Williams,WR,43.6399998664856
2023111902,3832,55998,Tyler Scott,WR,53.459999389648395
2023111902,3881,47856,David Montgomery,RB,10.3200036621094
2023111902,3906,54477,Jameson Williams,WR,48.2500000762939
2023111902,3970,55876,Jahmyr Gibbs,RB,11.310000305175798
2023111902,3995,55899,Sam LaPorta,TE,11.799999389648399
2023111902,4029,47856,David Montgomery,RB,8.870001220703095
2023111902,4076,53541,Amon-Ra St. Brown,WR,15.8899991607666
2023111903,73,54597,Romeo Doubs,WR,14.340000076293899
2023111903,121,54597,Romeo Doubs,WR,16.260001373291
2023111903,206,52470,AJ Dillon,RB,3.3200001525878946
2023111903,256,55907,Luke Musgrave,TE,6.110001678466794
2023111903,313,40024,Keenan Allen,WR,13.879998321533208
2023111903,338,40024,Keenan Allen,WR,15.200000305175806
2023111903,372,48456,Donald Parham,TE,17.970001678466794
2023111903,446,55915,Jayden Reed,WR,15.510000457763702
2023111903,551,48456,Donald Parham,TE,14.0999990844727
2023111903,598,40024,Keenan Allen,WR,9.7700033569336
2023111903,718,55885,Quentin Johnston,WR,11.100000076293899
2023111903,743,40024,Keenan Allen,WR,10.519999580383299
2023111903,831,54597,Romeo Doubs,WR,52.4799996948242
2023111903,899,52470,AJ Dillon,RB,6.059999237060495
2023111903,924,52470,AJ Dillon,RB,10.2399996948242
2023111903,1077,43663,Alex Erickson,WR,17.330000762939505
2023111903,1129,55885,Quentin Johnston,WR,44.3300021362305
2023111903,1152,55061,Stone Smartt,TE,24.060000000000002
2023111903,1248,56024,Dontayvion Wicks,WR,21.760002441406186
2023111903,1372,44995,Aaron Jones,RB,7.950001525878896
2023111903,1541,55885,Quentin Johnston,WR,15.159999999999997
2023111903,1604,56220,Malik Heath,WR,3.2200024414061943
2023111903,1681,56024,Dontayvion Wicks,WR,20.3199990844727
2023111903,1728,55915,Jayden Reed,WR,24.1799963378906
2023111903,1778,55915,Jayden Reed,WR,10.029999084472692
2023111903,1832,56516,Emanuel Wilson,RB,10.400001068115202
2023111903,1909,56516,Emanuel Wilson,RB,5.020001678466798
2023111903,2003,54499,Christian Watson,WR,17.6500002670288
2023111903,2166,40024,Keenan Allen,WR,16.890002441406196
2023111903,2238,40024,Keenan Allen,WR,42.219999732971196
2023111903,2359,40024,Keenan Allen,WR,15.0199998474121
2023111903,2453,55943,Tucker Kraft,TE,8.940000381469702
2023111903,2478,55907,Luke Musgrave,TE,18.699999237060496
2023111903,2547,55915,Jayden Reed,WR,9.310001373291001
2023111903,2580,54499,Christian Watson,WR,9.4700009155273
2023111903,2612,55907,Luke Musgrave,TE,11.239997863769503
2023111903,2699,40024,Keenan Allen,WR,13.24999664306641
2023111903,2758,40024,Keenan Allen,WR,10.760001525878906
2023111903,2823,56024,Dontayvion Wicks,WR,24.7100004577637
2023111903,2877,55943,Tucker Kraft,TE,8.320000915527302
2023111903,2958,54499,Christian Watson,WR,26.839997863769995
2023111903,3042,40024,Keenan Allen,WR,24.549998321533202
2023111903,3067,48456,Donald Parham,TE,27.50999847412109
2023111903,3092,48456,Donald Parham,TE,16.889996643066
2023111903,3122,40024,Keenan Allen,WR,18.220002136229994
2023111903,3235,54597,Romeo Doubs,WR,11.120002746582003
2023111903,3260,55907,Luke Musgrave,TE,23.580000915527307
2023111903,3283,56024,Dontayvion Wicks,WR,18.050003356933587
2023111903,3414,48456,Donald Parham,TE,18.9000001525879
2023111903,3439,40024,Keenan Allen,WR,10.3000009155273
2023111903,3503,40024,Keenan Allen,WR,25.980003356933594
2023111903,3650,55061,Stone Smartt,TE,16.610001220702998
2023111903,3673,40024,Keenan Allen,WR,19.91000152587901
2023111903,3823,54499,Christian Watson,WR,44.2899984741211
2023111903,3846,56024,Dontayvion Wicks,WR,12.419999389648396
2023111903,3893,54597,Romeo Doubs,WR,34.869999961853026
2023111903,3954,55885,Quentin Johnston,WR,13.860001678466798
2023111903,3977,45573,Austin Ekeler,RB,14.2799984741211
2023111903,4158,45573,Austin Ekeler,RB,13.579999237060498
2023111903,4285,40024,Keenan Allen,WR,12.600000457763699
2023111903,4310,55885,Quentin Johnston,WR,38.7700018310547
2023111904,136,53478,Rondale Moore,WR,50.79999755859401
2023111904,251,39989,Robert Woods,WR,12.700000610351609
2023111904,276,53518,Nico Collins,WR,16.5899981689453
2023111904,299,55934,Tank Dell,WR,28.749998321533198
2023111904,322,55934,Tank Dell,WR,22.269999999999996
2023111904,391,46206,Dalton Schultz,TE,14.409999999999997
2023111904,461,56062,Elijah Higgins,TE,7.6300004577637
2023111904,564,55934,Tank Dell,WR,23.100000915527303
2023111904,596,39989,Robert Woods,WR,20.5199995422363
2023111904,643,53518,Nico Collins,WR,14.539999465942397
2023111904,666,46206,Dalton Schultz,TE,22.689999961852998
2023111904,732,44917,James Conner,RB,11.8500009155273
2023111904,799,47808,Marquise Brown,WR,11.709999542236297
2023111904,1011,53518,Nico Collins,WR,9.270001220703094
2023111904,1036,39989,Robert Woods,WR,12.8200021362305
2023111904,1179,53518,Nico Collins,WR,17.9900036621094
2023111904,1282,47808,Marquise Brown,WR,50.640001373291
2023111904,1309,55934,Tank Dell,WR,27.279998168945298
2023111904,1356,54509,John Metchie III,WR,11.239998474121101
2023111904,1413,55934,Tank Dell,WR,21.590000000000003
2023111904,1483,53518,Nico Collins,WR,10.199998474121088
2023111904,1530,53518,Nico Collins,WR,22.329998779297
2023111904,1616,54520,Trey McBride,TE,11.489998168945291
2023111904,1790,55934,Tank Dell,WR,11.960000457763698
2023111904,1815,53518,Nico Collins,WR,11.3000018310547
2023111904,1840,46206,Dalton Schultz,TE,17.8700009155273
2023111904,1865,55934,Tank Dell,WR,50.790003051758
2023111904,1943,48646,Greg Dortch,WR,10.059998779296905
2023111904,1968,54520,Trey McBride,TE,15.570003356933597
2023111904,2095,47857,Devin Singletary,RB,4.940002746581996
2023111904,2194,55934,Tank Dell,WR,25.109998474121106
2023111904,2274,46461,Mike Boone,RB,11.999998321533205
2023111904,2371,42589,Geoff Swaim,TE,11.9199969482422
2023111904,2427,54520,Trey McBride,TE,16.650000610351604
2023111904,2848,48646,Greg Dortch,WR,10.680000610351598
2023111904,2893,48646,Greg Dortch,WR,21.670001831054705
2023111904,2945,56062,Elijah Higgins,TE,11.360001678466794
2023111904,3032,48646,Greg Dortch,WR,8.720000305175798
2023111904,3079,53518,Nico Collins,WR,9.959999084472699
2023111904,3238,55934,Tank Dell,WR,11.500000915527295
2023111904,3286,39989,Robert Woods,WR,10.900002441405988
2023111904,3398,52762,Tony Jones,RB,9.88000152587891
2023111904,3423,54520,Trey McBride,TE,18.8400010681152
2023111904,3468,39989,Robert Woods,WR,8.649999084472697
2023111904,3493,53518,Nico Collins,WR,26.089996337890597
2023111904,3540,55934,Tank Dell,WR,15.460000915527303
2023111904,3592,48646,Greg Dortch,WR,20.670001525878902
2023111904,3639,47808,Marquise Brown,WR,21.2299966430664
2023111904,3664,48646,Greg Dortch,WR,11.690001220703095
2023111904,3689,48646,Greg Dortch,WR,10.269998626708997
2023111904,3714,44917,James Conner,RB,5.409999237060497
2023111904,3771,42589,Geoff Swaim,TE,12.3100012207031
2023111904,3819,47808,Marquise Brown,WR,28.3199991607666
2023111905,208,46095,Calvin Ridley,WR,22.0400009155273
2023111905,233,44849,Zay Jones,WR,10.869998168945298
2023111905,285,46116,Christian Kirk,WR,22.8400003051758
2023111905,328,39973,DeAndre Hopkins,WR,15.239997253417997
2023111905,390,54608,Chig Okonkwo,TE,22.9899983215332
2023111905,469,44835,Evan Engram,TE,9.040001831054703
2023111905,528,46116,Christian Kirk,WR,27.2399990844727
2023111905,553,53574,Luke Farrell,TE,6.2999996948242085
2023111905,644,46095,Calvin Ridley,WR,18.949997558594006
2023111905,866,56012,Josh Whyle,TE,19.410002136230496
2023111905,943,39973,DeAndre Hopkins,WR,24.020003662109403
2023111905,1056,39973,DeAndre Hopkins,WR,7.379998474121095
2023111905,1220,44835,Evan Engram,TE,30.9299998474121
2023111905,1243,46116,Christian Kirk,WR,13.239998779296897
2023111905,1550,54608,Chig Okonkwo,TE,11.579998474121101
2023111905,1695,46095,Calvin Ridley,WR,23.600000152587903
2023111905,1719,44849,Zay Jones,WR,17.659998168945293
2023111905,1744,53454,Travis Etienne,RB,6.499999694824204
2023111905,1792,46095,Calvin Ridley,WR,35.90000061035161
2023111905,1822,46116,Christian Kirk,WR,26.639999847412106
2023111905,1845,44835,Evan Engram,TE,13.6300008392334
2023111905,1870,46095,Calvin Ridley,WR,18.0099999833107
2023111905,2065,53574,Luke Farrell,TE,10.410003051757798
2023111905,2168,47605,D'Ernest Johnson,RB,10.5
2023111905,2307,56012,Josh Whyle,TE,5.439999237060501
2023111905,2354,55946,Tyjae Spears,RB,7.770000839233397
2023111905,2450,46095,Calvin Ridley,WR,30.710001678466796
2023111905,2497,46116,Christian Kirk,WR,27.7300009155273
2023111905,2522,46095,Calvin Ridley,WR,33.95999996185303
2023111905,2615,53074,Nick Westbrook-Ikhine,WR,9.830000762939505
2023111905,2752,39973,DeAndre Hopkins,WR,41.27000244140599
2023111905,2905,44849,Zay Jones,WR,9.779998321533203
2023111905,3013,44835,Evan Engram,TE,9.510001525878906
2023111905,3038,44835,Evan Engram,TE,13.03999755859381
2023111905,3063,44849,Zay Jones,WR,12.119997253417992
2023111905,3383,47802,Jeffery Simmons,DT,8.9299997711182
2023111906,55,55900,Michael Mayer,TE,6.290001220703097
2023111906,143,41282,Davante Adams,WR,7.809998474121102
2023111906,168,55900,Michael Mayer,TE,12.129999542236298
2023111906,329,43454,Tyreek Hill,WR,10.190001220703095
2023111906,487,55900,Michael Mayer,TE,9.3899984741211
2023111906,557,41282,Davante Adams,WR,11.420001831054705
2023111906,587,41282,Davante Adams,WR,1.8899978637695085
2023111906,612,47932,Hunter Renfrow,WR,10.500000305175789
2023111906,733,43454,Tyreek Hill,WR,4.799997863769505
2023111906,838,43454,Tyreek Hill,WR,22.1800001525879
2023111906,863,53435,Jaylen Waddle,WR,10.200000915527298
2023111906,886,43454,Tyreek Hill,WR,21.220001831054702
2023111906,950,55965,Tre Tucker,WR,24.049999389648402
2023111906,1024,41282,Davante Adams,WR,45.95999633789099
2023111906,1180,43454,Tyreek Hill,WR,23.9900010681152
2023111906,1210,46277,Cedrick Wilson Jr.,WR,14.460001831054704
2023111906,1257,48233,Alec Ingold,FB,4.109998474121099
2023111906,1315,43454,Tyreek Hill,WR,7.820002746582006
2023111906,1398,52922,Salvon Ahmed,RB,7.0700036621094
2023111906,1506,55965,Tre Tucker,WR,9.789997253417994
2023111906,1608,53435,Jaylen Waddle,WR,13.069999694824205
2023111906,1633,53435,Jaylen Waddle,WR,9.759996948242204
2023111906,1658,43808,Robbie Chosen,WR,11.6800036621094
2023111906,1710,48233,Alec Ingold,FB,4.119997863769498
2023111906,1971,56410,Julian Hill,TE,9.5300009155273
2023111906,2062,41282,Davante Adams,WR,12.0200010681152
2023111906,2121,43808,Robbie Chosen,WR,31.120000762939505
2023111906,2187,53435,Jaylen Waddle,WR,44.640000915527295
2023111906,2236,55900,Michael Mayer,TE,10.969998321533204
2023111906,2338,43454,Tyreek Hill,WR,30.5000030517578
2023111906,2390,43454,Tyreek Hill,WR,20.819999694824197
2023111906,2437,46277,Cedrick Wilson Jr.,WR,11.319999694824197
2023111906,2462,46277,Cedrick Wilson Jr.,WR,20.009999999999998
2023111906,2507,55965,Tre Tucker,WR,24.1300003051758
2023111906,2585,53435,Jaylen Waddle,WR,13.8000016784668
2023111906,2636,53435,Jaylen Waddle,WR,15.5499999237061
2023111906,2659,53435,Jaylen Waddle,WR,16.819999771118198
2023111906,2725,55900,Michael Mayer,TE,13.639999694824198
2023111906,2772,41282,Davante Adams,WR,48.720003662109406
2023111906,2860,43454,Tyreek Hill,WR,28.6000033569336
2023111906,2917,46277,Cedrick Wilson Jr.,WR,18.810000305175798
2023111906,2942,48233,Alec Ingold,FB,3.6899984741211043
2023111906,3001,48233,Alec Ingold,FB,15.1299989318848
2023111906,3102,47932,Hunter Renfrow,WR,9.199997863769497
2023111906,3149,48097,Jakobi Meyers,WR,13.309998474121087
2023111906,3174,41282,Davante Adams,WR,32.1800004577637
2023111906,3417,47807,Josh Jacobs,RB,5.379998321533208
2023111906,3469,55965,Tre Tucker,WR,32.3000004577637
2023111906,3551,48097,Jakobi Meyers,WR,16.569998626709
2023111906,3576,48097,Jakobi Meyers,WR,39.68000019073486
2023111906,3678,42718,Raheem Mostert,RB,5.300001373291
2023111906,3752,48097,Jakobi Meyers,WR,23.309998779296905
2023111906,3815,47932,Hunter Renfrow,WR,12.180000000000007
2023111906,3860,47932,Hunter Renfrow,WR,12.1699990844727
2023111906,3885,55965,Tre Tucker,WR,9.770001678466798
2023111906,4111,41282,Davante Adams,WR,9.760000915527002
2023111906,4148,41282,Davante Adams,WR,42.5700018310547
2023111906,4171,48097,Jakobi Meyers,WR,8.8600015258789
2023111906,4196,55965,Tre Tucker,WR,24.639998168945297
2023111906,4221,42397,Ameer Abdullah,RB,11.259999694824202
2023111906,4246,41282,Davante Adams,WR,14.919999237060502
2023111906,4269,41282,Davante Adams,WR,28.320001678466795
2023111906,4306,43370,Austin Hooper,TE,21.209999542236297
2023111906,4329,55965,Tre Tucker,WR,49.07999954223633
2023111907,77,54508,Wan'Dale Robinson,WR,8.459998779296903
2023111907,102,46071,Saquon Barkley,RB,23.579998931884802
2023111907,307,53511,Dyami Brown,WR,48.1599996948242
2023111907,389,54577,Daniel Bellinger,TE,9.4900005340576
2023111907,440,47859,Terry McLaurin,WR,12.22999847412109
2023111907,472,41349,Logan Thomas,TE,4.019996337890603
2023111907,533,54508,Wan'Dale Robinson,WR,9.830000610351597
2023111907,556,47954,Darius Slayton,WR,22.380003356933592
2023111907,584,46071,Saquon Barkley,RB,35.5
2023111907,652,41349,Logan Thomas,TE,9.500000610351606
2023111907,746,41349,Logan Thomas,TE,22.849999694824202
2023111907,793,41349,Logan Thomas,TE,12.45000026702881
2023111907,979,44852,Curtis Samuel,WR,10.469998474121098
2023111907,1104,46071,Saquon Barkley,RB,10.670003051757803
2023111907,1136,47954,Darius Slayton,WR,12.029996643066411
2023111907,1161,46071,Saquon Barkley,RB,7.6800003051757955
2023111907,1184,52615,Isaiah Hodgins,WR,15.999998626709
2023111907,1209,54577,Daniel Bellinger,TE,11.4899990844727
2023111907,1278,52615,Isaiah Hodgins,WR,21.280001373291
2023111907,1360,47859,Terry McLaurin,WR,28.400001220703096
2023111907,1485,54508,Wan'Dale Robinson,WR,18.989999389648396
2023111907,1515,55938,Jalin Hyatt,WR,12.200001068115192
2023111907,1562,47954,Darius Slayton,WR,31.369999313354498
2023111907,1673,47859,Terry McLaurin,WR,10.760001220703096
2023111907,1747,53553,John Bates,TE,7.510003051757799
2023111907,1794,54563,Brian Robinson,RB,10.480003051757805
2023111907,1854,47859,Terry McLaurin,WR,13.840001831054707
2023111907,2025,52615,Isaiah Hodgins,WR,11.430003051757794
2023111907,2075,47954,Darius Slayton,WR,22.8199993896484
2023111907,2137,46522,Byron Pringle,WR,2.989999237060495
2023111907,2182,54481,Jahan Dotson,WR,6.629999847412101
2023111907,2356,54563,Brian Robinson,RB,5.449996948242003
2023111907,2565,53553,John Bates,TE,14.780001373291
2023111907,2612,41349,Logan Thomas,TE,45.69999999523163
2023111907,2725,54508,Wan'Dale Robinson,WR,11.089999847412102
2023111907,2789,55938,Jalin Hyatt,WR,40.8100003051758
2023111907,2943,41349,Logan Thomas,TE,11.2399998474121
2023111907,3082,54577,Daniel Bellinger,TE,24.8999998474121
2023111907,3134,43329,Sterling Shepard,WR,18.08999995231628
2023111907,3157,46071,Saquon Barkley,RB,9.719999694824198
2023111907,3221,54614,Cole Turner,TE,8.340001220703098
2023111907,3526,54563,Brian Robinson,RB,5.390000152587898
2023111907,3551,54481,Jahan Dotson,WR,16.190000305175804
2023111907,3641,54563,Brian Robinson,RB,9.540000762939506
2023111907,3671,47859,Terry McLaurin,WR,16.929996643066403
2023111907,3719,53511,Dyami Brown,WR,14.049998474121097
2023111907,3837,54563,Brian Robinson,RB,9.559996643066413
2023111907,3878,54481,Jahan Dotson,WR,17.010002746582003
2023111907,4053,54563,Brian Robinson,RB,10.329999999999998
2023111907,4083,46522,Byron Pringle,WR,17.9500010681152
2023111907,4108,54563,Brian Robinson,RB,10.249999084472698
2023111907,4192,41349,Logan Thomas,TE,14.219999999999999
2023111907,4273,41349,Logan Thomas,TE,10.229999084472702
2023111908,83,44959,George Kittle,TE,24.569997253417995
2023111908,108,47819,Deebo Samuel Sr.,WR,13.6899993896484
2023111908,131,44820,Christian McCaffrey,RB,12.450002441406198
2023111908,207,41233,Mike Evans,WR,28.590003662109403
2023111908,259,56541,Rakim Jarrett,WR,34.01999969482421
2023111908,308,47819,Deebo Samuel Sr.,WR,17.570000915527302
2023111908,364,44959,George Kittle,TE,29.710000915527303
2023111908,438,44959,George Kittle,TE,9.260001068115194
2023111908,463,44820,Christian McCaffrey,RB,11.799999389648399
2023111908,563,52433,Brandon Aiyuk,WR,19.8400010681152
2023111908,666,44820,Christian McCaffrey,RB,9.8399995803833
2023111908,1187,52433,Brandon Aiyuk,WR,20.840002746582
2023111908,1254,47819,Deebo Samuel Sr.,WR,11.760003051757792
2023111908,1322,56036,Payne Durham,TE,10.959999084472699
2023111908,1369,56056,Trey Palmer,WR,25.3300007629395
2023111908,1519,54571,Cade Otton,TE,25.810001373291
2023111908,1578,41233,Mike Evans,WR,11.80999997138977
2023111908,1649,52433,Brandon Aiyuk,WR,18.8599981689453
2023111908,1726,52433,Brandon Aiyuk,WR,12.279996337890594
2023111908,1758,44820,Christian McCaffrey,RB,4.909996643066407
2023111908,1795,44959,George Kittle,TE,12.690002441405994
2023111908,1825,52625,Jauan Jennings,WR,32.469999084473
2023111908,1993,41233,Mike Evans,WR,56.7600030517578
2023111908,2016,44896,Chris Godwin Jr.,WR,14.149999694824196
2023111908,2041,56056,Trey Palmer,WR,25.199997558593807
2023111908,2112,44959,George Kittle,TE,7.52000152587901
2023111908,2142,52433,Brandon Aiyuk,WR,39.7899989318848
2023111908,2274,41233,Mike Evans,WR,22.119999771118202
2023111908,2304,54556,Rachaad White,RB,7.160000152587902
2023111908,2359,54556,Rachaad White,RB,16.940000762939505
2023111908,2382,41233,Mike Evans,WR,23.25
2023111908,2478,44959,George Kittle,TE,8.850001831054698
2023111908,2530,47819,Deebo Samuel Sr.,WR,23.549998168945294
2023111908,2663,44959,George Kittle,TE,19.05999994277954
2023111908,2727,41233,Mike Evans,WR,9.370001525878898
2023111908,2774,44896,Chris Godwin Jr.,WR,11.7399990844727
2023111908,2819,56541,Rakim Jarrett,WR,29.5200004577637
2023111908,2992,44820,Christian McCaffrey,RB,9.639998168945297
2023111908,3024,52433,Brandon Aiyuk,WR,22.2099990844727
2023111908,3083,56056,Trey Palmer,WR,12.269996337890603
2023111908,3113,41233,Mike Evans,WR,19.679996643066403
2023111908,3143,44896,Chris Godwin Jr.,WR,16.859997253418
2023111908,3190,56056,Trey Palmer,WR,10.700000610351601
2023111908,3215,44896,Chris Godwin Jr.,WR,16.02999969482419
2023111908,3240,54556,Rachaad White,RB,2.9799981689453006
2023111908,3265,54556,Rachaad White,RB,6.290001678466794
2023111908,3290,44896,Chris Godwin Jr.,WR,18.7800012207031
2023111908,3315,56036,Payne Durham,TE,12.009998626708999
2023111908,3345,41233,Mike Evans,WR,42.890000095367434
2023111908,3391,41233,Mike Evans,WR,11.999998779296902
2023111908,3416,54571,Cade Otton,TE,10.999999237060504
2023111908,3446,55075,Deven Thompkins,WR,21.620000133514402
2023111908,3476,41233,Mike Evans,WR,19.639999694824198
2023111908,3631,54556,Rachaad White,RB,9.370000839233398
2023111908,3659,54571,Cade Otton,TE,17.959999809265142
2023111908,3766,44959,George Kittle,TE,9.339999237060496
2023111908,3903,54571,Cade Otton,TE,10.250001068115203
2023111908,4016,54571,Cade Otton,TE,9.720001220703097
2023111909,239,54501,Breece Hall,RB,12.999998321533198
2023111909,282,54475,Garrett Wilson,WR,35.42999877929691
2023111909,394,55889,Dalton Kincaid,TE,16.189999084472696
2023111909,458,55889,Dalton Kincaid,TE,9.369998626708998
2023111909,576,55889,Dalton Kincaid,TE,9.080003662109405
2023111909,623,53855,Quintin Morris,TE,19.480003662109
2023111909,758,54501,Breece Hall,RB,8.789998474121091
2023111909,922,42489,Stefon Diggs,WR,12.129999847412101
2023111909,949,47969,Ty Johnson,RB,12.539999694824196
2023111909,1008,54528,James Cook,RB,6.860001068115196
2023111909,1087,54613,Khalil Shakir,WR,19.270000305175806
2023111909,1189,55889,Dalton Kincaid,TE,3.7499992370605
2023111909,1214,53855,Quintin Morris,TE,12.7799994659424
2023111909,1539,54613,Khalil Shakir,WR,20.789998626709
2023111909,1562,55889,Dalton Kincaid,TE,29.1999995422363
2023111909,1633,54566,Jeremy Ruckert,TE,22.850000305175804
2023111909,1695,54475,Garrett Wilson,WR,17.459999237060497
2023111909,1863,54528,James Cook,RB,9.4199997711182
2023111909,1956,54475,Garrett Wilson,WR,24.990000610351597
2023111909,2152,54501,Breece Hall,RB,9.980000152587898
2023111909,2247,54501,Breece Hall,RB,8.910001220703094
2023111909,2272,46705,Allen Lazard,WR,13.169996948242002
2023111909,2381,54613,Khalil Shakir,WR,16.9099990844727
2023111909,2481,47969,Ty Johnson,RB,6.6299975585938
2023111909,2511,42489,Stefon Diggs,WR,33.8999989318848
2023111909,2697,42489,Stefon Diggs,WR,9.390001220703098
2023111909,2757,54528,James Cook,RB,3.259999542236301
2023111909,2828,42489,Stefon Diggs,WR,9.150001220703103
2023111909,2853,47969,Ty Johnson,RB,6.450001831054706
2023111909,3126,54613,Khalil Shakir,WR,29.999999084472698
2023111909,3216,46226,Tyler Conklin,TE,13.499998168945297
2023111909,3397,48415,Deonte Harty,WR,14.649999999999999
2023111909,3502,46226,Tyler Conklin,TE,9.580000762939498
2023111909,3527,54475,Garrett Wilson,WR,12.6799984741211
2023111909,3602,54475,Garrett Wilson,WR,12.640001525878908
2023111909,3813,44853,Dalvin Cook,RB,6.710001220703095
2023111909,3843,56252,Xavier Gipson,WR,18.339999084472698
2023111909,4223,54566,Jeremy Ruckert,TE,10.979998626708998
2023111909,4248,54566,Jeremy Ruckert,TE,12.479998474121103
2023111909,4273,54475,Garrett Wilson,WR,15.999998168945297
2023111909,4296,56252,Xavier Gipson,WR,11.7299989318848
2023111909,4321,56008,Israel Abanikanda,RB,13.43
2023111909,4369,54566,Jeremy Ruckert,TE,16.369999084472695
2023111909,4392,46226,Tyler Conklin,TE,15.380000305175798
2023111910,164,54506,Kenneth Walker III,RB,0.5099992370605015
2023111910,194,42412,Tyler Lockett,WR,15.430000152587898
2023111910,321,55884,Jaxon Smith-Njigba,WR,27.530000305175797
2023111910,390,55884,Jaxon Smith-Njigba,WR,13.160003662109403
2023111910,444,47847,DK Metcalf,WR,10.030002746582
2023111910,469,42412,Tyler Lockett,WR,10.930001525878907
2023111910,521,47847,DK Metcalf,WR,10.050002136230006
2023111910,741,44881,Cooper Kupp,WR,10.700001678466798
2023111910,866,53486,Tutu Atwell,WR,17.029999914169313
2023111910,942,46189,Will Dissly,TE,9.39
2023111910,1031,47847,DK Metcalf,WR,22.7600009155273
2023111910,1054,55917,Zach Charbonnet,RB,2.2700024414061915
2023111910,1165,53485,Dee Eskridge,WR,25.010000076293903
2023111910,1270,55917,Zach Charbonnet,RB,3.4599995422362966
2023111910,1295,56471,Jake Bobo,WR,9.560001525878896
2023111910,1418,43399,Tyler Higbee,TE,11.199999237060496
2023111910,1522,47847,DK Metcalf,WR,42.53999923706049
2023111910,1722,54054,Austin Trammell,WR,6.509999847412104
2023111910,1806,53486,Tutu Atwell,WR,15.05000274658201
2023111910,1865,43415,Demarcus Robinson,WR,2.309997863769496
2023111910,1890,56042,Puka Nacua,WR,8.779998168945
2023111910,2019,46189,Will Dissly,TE,10.159996948242195
2023111910,2067,47803,Noah Fant,TE,11.469997863769507
2023111910,2320,52552,DeeJay Dallas,RB,7.7199998474121045
2023111910,2350,55917,Zach Charbonnet,RB,5.6699990844727
2023111910,2375,47847,DK Metcalf,WR,40.59999984741211
2023111910,2431,47847,DK Metcalf,WR,10.879999847412101
2023111910,2461,42412,Tyler Lockett,WR,10.5500016784668
2023111910,2532,56042,Puka Nacua,WR,19.180000305175803
2023111910,2607,47853,Darrell Henderson,RB,3.1500003051758014
2023111910,2652,42412,Tyler Lockett,WR,12.219996643066409
2023111910,2883,47853,Darrell Henderson,RB,26.340000152587898
2023111910,2906,56042,Puka Nacua,WR,12.690000076293899
2023111910,3061,55884,Jaxon Smith-Njigba,WR,32.0200006103516
2023111910,3110,54054,Austin Trammell,WR,2.049997253417999
2023111910,3146,54054,Austin Trammell,WR,45.4499995422363
2023111910,3177,47803,Noah Fant,TE,7.449999160766602
2023111910,3231,55884,Jaxon Smith-Njigba,WR,42.21999786376951
2023111910,3280,43415,Demarcus Robinson,WR,22.970001220703097
2023111910,3391,43399,Tyler Higbee,TE,9.220000152587904
2023111910,3453,56042,Puka Nacua,WR,15.420000839233396
2023111910,3678,42412,Tyler Lockett,WR,39.5
2023111910,3721,56042,Puka Nacua,WR,29.689999389648392
2023111910,3746,54054,Austin Trammell,WR,7.050000762939497
2023111910,3793,53486,Tutu Atwell,WR,17.709998321533206
2023111910,3916,56042,Puka Nacua,WR,10.7299995422363
2023111910,4050,56042,Puka Nacua,WR,8.819999618530302
2023111910,4155,42412,Tyler Lockett,WR,17.6900009155273
2023111910,4203,55917,Zach Charbonnet,RB,7.590000305175799
2023111910,4286,47847,DK Metcalf,WR,25.180002441406195
2023111911,100,47852,Josh Oliver,TE,10.159998321533202
2023111911,165,52423,Jerry Jeudy,WR,8.939998931884801
2023111911,257,44927,Samaje Perine,RB,6.589999542236299
2023111911,374,47852,Josh Oliver,TE,11.4400009155273
2023111911,404,52584,K.J. Osborn,WR,11.260001525878899
2023111911,564,53464,Javonte Williams,RB,7.559998168945299
2023111911,589,46109,Courtland Sutton,WR,17.900000000000006
2023111911,638,54634,Ty Chandler,RB,7.689998168945301
2023111911,763,46830,Brandon Powell,WR,11.909997558593801
2023111911,938,46109,Courtland Sutton,WR,10.439998626708999
2023111911,1063,46830,Brandon Powell,WR,12.200002136230495
2023111911,1132,47791,T.J. Hockenson,TE,29.4100007629395
2023111911,1267,52423,Jerry Jeudy,WR,24.999999694824197
2023111911,1314,46109,Courtland Sutton,WR,37.680000610351605
2023111911,1361,56513,Jaleel McLaughlin,RB,1.189996337890591
2023111911,1386,52423,Jerry Jeudy,WR,10.450003356933593
2023111911,1503,55887,Jordan Addison,WR,23.320003051757794
2023111911,1575,47791,T.J. Hockenson,TE,13.400000305175794
2023111911,1670,55928,Marvin Mims Jr.,WR,11.230000457763701
2023111911,1702,52513,Adam Trautman,TE,22.859999237060496
2023111911,1727,52513,Adam Trautman,TE,17.000000915527302
2023111911,1766,44927,Samaje Perine,RB,8.110002746582005
2023111911,1833,52423,Jerry Jeudy,WR,45.99000122070299
2023111911,2009,44927,Samaje Perine,RB,6.700001831054706
2023111911,2094,55887,Jordan Addison,WR,23.469999389648393
2023111911,2168,54634,Ty Chandler,RB,8.419998779296904
2023111911,2227,55887,Jordan Addison,WR,28.660003662109403
2023111911,2321,55887,Jordan Addison,WR,15.150001525879006
2023111911,2405,56513,Jaleel McLaughlin,RB,1.2699975585938006
2023111911,2457,55928,Marvin Mims Jr.,WR,52.8499987792969
2023111911,2527,47852,Josh Oliver,TE,24.669999847412104
2023111911,2596,46830,Brandon Powell,WR,9.370001220703102
2023111911,2822,52423,Jerry Jeudy,WR,2.729996948242203
2023111911,3107,53464,Javonte Williams,RB,4.429998779296909
2023111911,3132,52423,Jerry Jeudy,WR,17.97
2023111911,3254,55887,Jordan Addison,WR,17.28
2023111911,3400,54634,Ty Chandler,RB,9.769999847412102
2023111911,3489,47791,T.J. Hockenson,TE,7.899999847412104
2023111911,3524,47791,T.J. Hockenson,TE,15.170000228881797
2023111911,3724,46109,Courtland Sutton,WR,15.3799983215332
2023111911,3760,44927,Samaje Perine,RB,8.3499990844727
2023111911,3785,44927,Samaje Perine,RB,9.069999389648395
2023111911,3817,44927,Samaje Perine,RB,5.639999694824198
2023111911,3881,44927,Samaje Perine,RB,5.3099984741210875
2023111911,3911,46109,Courtland Sutton,WR,29.13000152587901
2023111911,3973,47791,T.J. Hockenson,TE,13.689997253418
2023111911,3996,55887,Jordan Addison,WR,17.069997558593812
2023111911,4075,47791,T.J. Hockenson,TE,13.249996948242199
2023111911,4162,52584,K.J. Osborn,WR,41.1899993896484
2023112000,56,53591,Noah Gray,TE,17.779998779296903
2023112000,352,53449,Kadarius Toney,WR,11.65999633789059
2023112000,401,55920,Rashee Rice,WR,4.269997863769504
2023112000,480,46213,Justin Watson,WR,14.460003662109003
2023112000,544,53439,DeVonta Smith,WR,26.039999694824203
2023112000,705,53439,DeVonta Smith,WR,15.629999237060495
2023112000,969,47834,A.J. Brown,WR,11.650000762939506
2023112000,1045,47834,A.J. Brown,WR,24.640002441406196
2023112000,1128,46213,Justin Watson,WR,16.979998321533202
2023112000,1197,40011,Travis Kelce,TE,9.539999847412105
2023112000,1369,53946,Jack Stoll,TE,7.069999160766603
2023112000,1462,46213,Justin Watson,WR,9.779998626709002
2023112000,1626,40011,Travis Kelce,TE,6.460000000000001
2023112000,1727,53579,Kenneth Gainwell,RB,8.3599993133545
2023112000,1870,46213,Justin Watson,WR,15.889998474121107
2023112000,1893,46213,Justin Watson,WR,25.619999694824195
2023112000,1951,41325,Jerick McKinnon,RB,11.250001831054703
2023112000,2272,40011,Travis Kelce,TE,27.799999084472702
2023112000,2446,40011,Travis Kelce,TE,9.7299989318848
2023112000,2495,46213,Justin Watson,WR,37.49000152587891
2023112000,2544,53439,DeVonta Smith,WR,11.669997253418003
2023112000,2574,53439,DeVonta Smith,WR,11.459999084472699
2023112000,2643,47834,A.J. Brown,WR,24.21000045776367
2023112000,2666,53439,DeVonta Smith,WR,6.0900007629395
2023112000,2757,55920,Rashee Rice,WR,11.059999694824196
2023112000,2820,55920,Rashee Rice,WR,11.669998474121101
2023112000,2901,46243,Marquez Valdes-Scantling,WR,43.92000061035161
2023112000,3075,40011,Travis Kelce,TE,10.630000915527305
2023112000,3103,53449,Kadarius Toney,WR,11.899999999999999
2023112000,3157,40011,Travis Kelce,TE,9.0300002288818
2023112000,3311,55920,Rashee Rice,WR,11.009999084472696
2023112000,3334,46213,Justin Watson,WR,25.309999694824192
2023112000,3359,54716,Isiah Pacheco,RB,6.129999847412101
2023112000,3384,54519,Skyy Moore,WR,7.390001220703098
2023112000,3414,46213,Justin Watson,WR,12.319998168945297
2023112000,3533,53946,Jack Stoll,TE,13.610000610351598
2023112000,3556,53439,DeVonta Smith,WR,21.210002746582006
2023112000,3581,53439,DeVonta Smith,WR,47.119998474121
2023112000,3695,46243,Marquez Valdes-Scantling,WR,20.759999694824202
2023112000,3982,55920,Rashee Rice,WR,12.829997558593803
2023112000,4007,46213,Justin Watson,WR,8.579999999999998
2023112000,4032,40011,Travis Kelce,TE,8.719998168945295
2023112000,4055,40011,Travis Kelce,TE,9.559998168945299
2023112000,4080,40011,Travis Kelce,TE,15.109997558593804
2023112000,4150,46243,Marquez Valdes-Scantling,WR,55.7400001525879
2023112000,4207,46213,Justin Watson,WR,39.610000152587894
2023112300,55,54499,Christian Watson,WR,56.0499996948242
2023112300,80,54499,Christian Watson,WR,14.749999542236303
2023112300,149,55915,Jayden Reed,WR,9.1999997711182
2023112300,266,54477,Jameson Williams,WR,7.510000000000002
2023112300,347,55899,Sam LaPorta,TE,25.540001220703097
2023112300,401,55899,Sam LaPorta,TE,17.559996643066
2023112300,487,56220,Malik Heath,WR,23.500002136230492
2023112300,561,54499,Christian Watson,WR,17.740000915527304
2023112300,591,52470,AJ Dillon,RB,10.2400012207031
2023112300,643,54499,Christian Watson,WR,9.810000610351604
2023112300,690,55943,Tucker Kraft,TE,10.479999160766603
2023112300,952,55876,Jahmyr Gibbs,RB,8.419998168945298
2023112300,1072,55943,Tucker Kraft,TE,10.470000228881801
2023112300,1236,54653,Malcolm Rodriguez,ILB,12.599998779296897
2023112300,1271,53541,Amon-Ra St. Brown,WR,10.230003356933594
2023112300,1318,55899,Sam LaPorta,TE,15.860001373290999
2023112300,1361,52470,AJ Dillon,RB,9.089999847412098
2023112300,1439,54597,Romeo Doubs,WR,12.069999542236303
2023112300,1486,54597,Romeo Doubs,WR,26.389998168945297
2023112300,1533,55915,Jayden Reed,WR,11.650002441406187
2023112300,1556,54499,Christian Watson,WR,41.11999725341799
2023112300,1765,43584,Kalif Raymond,WR,12.869998168945301
2023112300,1828,53959,Brock Wright,TE,12.3800004577637
2023112300,1853,53541,Amon-Ra St. Brown,WR,11.5200018310547
2023112300,1955,55915,Jayden Reed,WR,21.800001525878905
2023112300,1978,52875,Patrick Taylor,RB,6.869998321533203
2023112300,2075,55899,Sam LaPorta,TE,20.7299966430664
2023112300,2098,53541,Amon-Ra St. Brown,WR,29.700001525878903
2023112300,2157,54477,Jameson Williams,WR,43.5700004577637
2023112300,2212,55915,Jayden Reed,WR,11.819998626709001
2023112300,2354,53541,Amon-Ra St. Brown,WR,28.219999389648393
2023112300,2401,44930,Josh Reynolds,WR,11.430003356933597
2023112300,2552,52470,AJ Dillon,RB,9.519999694824207
2023112300,2599,55915,Jayden Reed,WR,17.790000000000006
2023112300,2648,56220,Malik Heath,WR,21.360001373291
2023112300,2695,54597,Romeo Doubs,WR,10.609999084472705
2023112300,2771,53541,Amon-Ra St. Brown,WR,15.380000610351601
2023112300,2821,53541,Amon-Ra St. Brown,WR,11.1100000762939
2023112300,2851,53541,Amon-Ra St. Brown,WR,32.3899998474121
2023112300,2971,54597,Romeo Doubs,WR,24.5000006866455
2023112300,2996,54499,Christian Watson,WR,27.05000009536743
2023112300,3058,43584,Kalif Raymond,WR,12.950001373291002
2023112300,3268,55876,Jahmyr Gibbs,RB,12.4000015258789
2023112300,3376,56220,Malik Heath,WR,19.110001678466794
2023112300,3424,56220,Malik Heath,WR,10.150002441406194
2023112300,3454,55915,Jayden Reed,WR,29.2399969482422
2023112300,3596,54477,Jameson Williams,WR,21.2500030517578
2023112300,3621,55876,Jahmyr Gibbs,RB,7.020001525878897
2023112300,3644,43584,Kalif Raymond,WR,21.790000305175802
2023112300,3743,55899,Sam LaPorta,TE,22.94999996185303
2023112300,3887,54499,Christian Watson,WR,41.50999847412109
2023112300,3940,53541,Amon-Ra St. Brown,WR,12.70999877929691
2023112300,3970,55899,Sam LaPorta,TE,10.719999999999999
2023112300,4010,44930,Josh Reynolds,WR,9.209999389648388
2023112300,4033,55876,Jahmyr Gibbs,RB,9.830000915527307
2023112300,4058,55876,Jahmyr Gibbs,RB,10.809998474121087
2023112300,4083,55899,Sam LaPorta,TE,11.070000610351599
2023112300,4120,55876,Jahmyr Gibbs,RB,11.010001525878899
2023112300,4155,53541,Amon-Ra St. Brown,WR,9.710000457763698
2023112300,4242,53541,Amon-Ra St. Brown,WR,13.249996948242199
2023112300,4272,43584,Kalif Raymond,WR,29.3400002288818
2023112300,4297,44930,Josh Reynolds,WR,18.680000381469696
2023112301,99,54563,Brian Robinson,RB,3.5899966430663994
2023112301,149,47859,Terry McLaurin,WR,17.620001068115194
2023112301,217,46150,Michael Gallup,WR,18.9699998474121
2023112301,305,52425,CeeDee Lamb,WR,55.269997253418
2023112301,328,54553,Jalen Tolbert,WR,44.430000305175795
2023112301,439,47859,Terry McLaurin,WR,17.1199981689453
2023112301,468,44852,Curtis Samuel,WR,8.710003356933598
2023112301,493,54481,Jahan Dotson,WR,12.790000000000006
2023112301,518,44852,Curtis Samuel,WR,12.400000305175801
2023112301,543,54563,Brian Robinson,RB,5.5199989318848
2023112301,566,47859,Terry McLaurin,WR,13.6299996948242
2023112301,644,54594,Jake Ferguson,TE,35.0800015258789
2023112301,713,52425,CeeDee Lamb,WR,11.43
2023112301,738,41246,Brandin Cooks,WR,11.900003662109405
2023112301,818,54553,Jalen Tolbert,WR,23.79
2023112301,879,47911,Tony Pollard,RB,5.789998168945303
2023112301,930,52425,CeeDee Lamb,WR,30.490002746582007
2023112301,1059,47859,Terry McLaurin,WR,17.15000061035161
2023112301,1082,44852,Curtis Samuel,WR,25.190003356933587
2023112301,1134,54481,Jahan Dotson,WR,12.489998474121094
2023112301,1238,41349,Logan Thomas,TE,11.579997253418
2023112301,1306,47911,Tony Pollard,RB,9.170001525878902
2023112301,1353,55923,Luke Schoonmaker,TE,10.879997863769503
2023112301,1400,52425,CeeDee Lamb,WR,13.7300018310547
2023112301,1484,47859,Terry McLaurin,WR,39.8199987792969
2023112301,1507,41349,Logan Thomas,TE,10.1600010681152
2023112301,1730,47859,Terry McLaurin,WR,14.2399969482422
2023112301,1777,44852,Curtis Samuel,WR,13.870000305175793
2023112301,1800,54481,Jahan Dotson,WR,18.8599987792969
2023112301,1825,44852,Curtis Samuel,WR,12.000003051757801
2023112301,1944,41246,Brandin Cooks,WR,13.010003662109398
2023112301,2001,56109,Jalen Brooks,WR,18.719998931884795
2023112301,2026,54553,Jalen Tolbert,WR,33.3500006103516
2023112301,2109,44852,Curtis Samuel,WR,32.96999786376951
2023112301,2132,46522,Byron Pringle,WR,16.999998626708997
2023112301,2258,47911,Tony Pollard,RB,9.139999084472706
2023112301,2309,52425,CeeDee Lamb,WR,42.380000305175805
2023112301,2332,47911,Tony Pollard,RB,6.87999938964839
2023112301,2455,54481,Jahan Dotson,WR,10.380000305175805
2023112301,2505,54481,Jahan Dotson,WR,11.469998474121091
2023112301,2552,47859,Terry McLaurin,WR,38.700003051757996
2023112301,2662,54594,Jake Ferguson,TE,27.6800009155273
2023112301,2711,44852,Curtis Samuel,WR,11.720000610351597
2023112301,2765,44852,Curtis Samuel,WR,9.530001525878898
2023112301,2790,52474,Antonio Gibson,RB,4.949999237060496
2023112301,2861,44852,Curtis Samuel,WR,22.429999694824197
2023112301,2944,54594,Jake Ferguson,TE,29.499997863769508
2023112301,2967,41246,Brandin Cooks,WR,28.9499996948242
2023112301,3019,52425,CeeDee Lamb,WR,16.1899987792969
2023112301,3075,52425,CeeDee Lamb,WR,11.419999847412107
2023112301,3142,47911,Tony Pollard,RB,7.490003356933599
2023112301,3171,55923,Luke Schoonmaker,TE,11.779997558593806
2023112301,3266,41349,Logan Thomas,TE,10.170000000000002
2023112301,3301,46522,Byron Pringle,WR,25.380003662109402
2023112301,3368,41246,Brandin Cooks,WR,14.64
2023112301,3393,52425,CeeDee Lamb,WR,23.620001220703003
2023112301,3479,44852,Curtis Samuel,WR,12.619999694824202
2023112301,3504,47859,Terry McLaurin,WR,25.460001373291007
2023112301,3534,41349,Logan Thomas,TE,22.049998779296907
2023112301,3557,47859,Terry McLaurin,WR,13.750000152587894
2023112301,3582,47859,Terry McLaurin,WR,11.520001525878897
2023112301,3605,47859,Terry McLaurin,WR,21.4299993896484
2023112301,3721,53117,KaVontae Turpin,WR,46.219997863770004
2023112301,3778,52474,Antonio Gibson,RB,5.689996643066408
2023112301,3808,52474,Antonio Gibson,RB,9.640001525878901
2023112301,3831,54614,Cole Turner,TE,12.259998779296907
2023112301,3879,54481,Jahan Dotson,WR,13.489998931884799
2023112302,64,44820,Christian McCaffrey,RB,12.470000305175802
2023112302,89,44959,George Kittle,TE,36.1099963378906
2023112302,112,52598,Charlie Woerner,TE,6.400000305175801
2023112302,208,47819,Deebo Samuel Sr.,WR,11.450001831055005
2023112302,345,47847,DK Metcalf,WR,12.139998168945297
2023112302,368,47847,DK Metcalf,WR,17.740001678466797
2023112302,463,47819,Deebo Samuel Sr.,WR,18.809999542236298
2023112302,488,47819,Deebo Samuel Sr.,WR,26.509999389648392
2023112302,535,44820,Christian McCaffrey,RB,8.709996337890601
2023112302,696,52552,DeeJay Dallas,RB,7.7000021362299975
2023112302,815,52625,Jauan Jennings,WR,10.719998779296901
2023112302,862,44959,George Kittle,TE,2.1899972534179994
2023112302,947,44820,Christian McCaffrey,RB,11.5700007629395
2023112302,1087,42412,Tyler Lockett,WR,15.529998168945298
2023112302,1271,47847,DK Metcalf,WR,11.4799998474121
2023112302,1333,52433,Brandon Aiyuk,WR,18.1599996948242
2023112302,1403,44959,George Kittle,TE,17.309998626708996
2023112302,1428,52433,Brandon Aiyuk,WR,23.1099991607666
2023112302,1473,47819,Deebo Samuel Sr.,WR,10.840000839233397
2023112302,1853,47819,Deebo Samuel Sr.,WR,3.0599994659424006
2023112302,1958,47847,DK Metcalf,WR,11.170001831054702
2023112302,1983,47803,Noah Fant,TE,14.4800003051758
2023112302,2013,42412,Tyler Lockett,WR,15.8099983215332
2023112302,2043,47847,DK Metcalf,WR,15.210000915527303
2023112302,2187,46189,Will Dissly,TE,11.299998168945297
2023112302,2256,47847,DK Metcalf,WR,42.09999633789099
2023112302,2279,56471,Jake Bobo,WR,10.479998474121096
2023112302,2375,47819,Deebo Samuel Sr.,WR,12.310003051758002
2023112302,2398,44820,Christian McCaffrey,RB,9.000001220702998
2023112302,2488,47819,Deebo Samuel Sr.,WR,5.459999999999994
2023112302,2513,44959,George Kittle,TE,11.830002441406194
2023112302,2538,44959,George Kittle,TE,24.870000457763695
2023112302,2625,47847,DK Metcalf,WR,10.419999313354499
2023112302,2648,55884,Jaxon Smith-Njigba,WR,33.570001831054704
2023112302,2903,55884,Jaxon Smith-Njigba,WR,16.749999084473004
2023112302,3105,44820,Christian McCaffrey,RB,14.149999847412104
2023112302,3194,55917,Zach Charbonnet,RB,1.289998779297008
2023112302,3302,42412,Tyler Lockett,WR,16.699999084472694
2023112302,3396,47819,Deebo Samuel Sr.,WR,5.609999389648401
2023112302,3514,52433,Brandon Aiyuk,WR,28.17999664306599
2023112302,3585,55917,Zach Charbonnet,RB,5.5299969482422
2023112302,3630,47803,Noah Fant,TE,20.8699993896484
2023112302,3655,42412,Tyler Lockett,WR,16.959999237060494
2023112302,3707,55917,Zach Charbonnet,RB,6.8600015258789
2023112302,3754,52541,Colby Parkinson,TE,13.010001525878899
2023112302,3784,42412,Tyler Lockett,WR,32.319999771118155
2023112302,3928,46256,Ray-Ray McCloud,WR,18.460000457763698
2023112400,135,54566,Jeremy Ruckert,TE,10.209997558593813
2023112400,192,54475,Garrett Wilson,WR,9.670003356933591
2023112400,277,42718,Raheem Mostert,RB,9.570000610351599
2023112400,391,43454,Tyreek Hill,WR,30.7600001525879
2023112400,443,46192,Durham Smythe,TE,7.929997558593811
2023112400,582,43454,Tyreek Hill,WR,14.539998779297008
2023112400,657,46226,Tyler Conklin,TE,4.399999694824004
2023112400,730,46192,Durham Smythe,TE,14.839996337890597
2023112400,799,43454,Tyreek Hill,WR,4.650001525878906
2023112400,829,46192,Durham Smythe,TE,5.350002136230501
2023112400,921,54475,Garrett Wilson,WR,10.899998779296908
2023112400,990,54501,Breece Hall,RB,4.530000839233399
2023112400,1085,53435,Jaylen Waddle,WR,15.439998474121104
2023112400,1121,43454,Tyreek Hill,WR,12.959998626709002
2023112400,1166,46377,Jeff Wilson,RB,11.3300009155273
2023112400,1235,53435,Jaylen Waddle,WR,21.5399996185303
2023112400,1289,43454,Tyreek Hill,WR,6.760000762939498
2023112400,1403,54501,Breece Hall,RB,3.5499995422363
2023112400,1503,53435,Jaylen Waddle,WR,15.409999084472702
2023112400,1660,56248,Jason Brownlee,WR,10.829999237060502
2023112400,1714,54501,Breece Hall,RB,5.120000915527299
2023112400,1772,46279,Braxton Berrios,WR,8.70000366210941
2023112400,1917,53435,Jaylen Waddle,WR,13.890002746581999
2023112400,1977,53435,Jaylen Waddle,WR,16.900003356933595
2023112400,2007,43454,Tyreek Hill,WR,14.100001525878902
2023112400,2145,46377,Jeff Wilson,RB,5.379998626709
2023112400,2170,53435,Jaylen Waddle,WR,34.079997863769506
2023112400,2370,46226,Tyler Conklin,TE,5.579997253418
2023112400,2489,43454,Tyreek Hill,WR,11.289999847412098
2023112400,2817,43454,Tyreek Hill,WR,12.059999389648397
2023112400,2950,54501,Breece Hall,RB,8.989998779296904
2023112400,2975,54475,Garrett Wilson,WR,17.220001831054702
2023112400,3078,46226,Tyler Conklin,TE,13.229999694824194
2023112400,3103,46226,Tyler Conklin,TE,11.3099983215332
2023112400,3171,54475,Garrett Wilson,WR,9.7600030517578
2023112400,3196,54566,Jeremy Ruckert,TE,9.959999694824205
2023112400,3221,54566,Jeremy Ruckert,TE,8.919998474121087
2023112400,3278,54475,Garrett Wilson,WR,9.2200015258789
2023112400,3406,54501,Breece Hall,RB,7.379999084472701
2023112400,3567,54501,Breece Hall,RB,5.219997253418001
2023112400,3597,56248,Jason Brownlee,WR,10.500002136230492
2023112400,3622,46226,Tyler Conklin,TE,10.39000335693359
2023112400,3713,56252,Xavier Gipson,WR,12.190003356934
2023112400,3738,54475,Garrett Wilson,WR,16.92
2023112400,3976,54566,Jeremy Ruckert,TE,6.549999160766603
2023112400,4001,54475,Garrett Wilson,WR,18.7700009155273
2023112400,4031,44853,Dalvin Cook,RB,8.6099993896484
2023112400,4054,54475,Garrett Wilson,WR,10.510001373291004
2023112400,4079,44853,Dalvin Cook,RB,8.5400001525879
2023112400,4104,56252,Xavier Gipson,WR,9.199998474121102
2023112400,4136,54475,Garrett Wilson,WR,49.319999389648
2023112400,4179,46306,Nick Bawden,FB,8.659998779296906
2023112600,101,54476,Chris Olave,WR,11.429997253417994
2023112600,152,55872,Bijan Robinson,RB,8.210000915527303
2023112600,206,54473,Drake London,WR,12.909999999999997
2023112600,279,54476,Chris Olave,WR,35.32000152587891
2023112600,360,55133,Rashid Shaheed,WR,10.749999694824197
2023112600,407,54476,Chris Olave,WR,14.499999237060504
2023112600,476,55133,Rashid Shaheed,WR,13.879999999999999
2023112600,499,56060,A.T. Perry,WR,17.5799998664856
2023112600,614,54473,Drake London,WR,28.950000915527298
2023112600,728,52942,Juwan Johnson,TE,27.85000076293951
2023112600,795,54476,Chris Olave,WR,19.8099981689453
2023112600,818,45244,Taysom Hill,QB,45.200001831054706
2023112600,843,52942,Juwan Johnson,TE,4.030000076293899
2023112600,873,44879,Alvin Kamara,RB,6.8800001525879
2023112600,903,55133,Rashid Shaheed,WR,12.930000610351602
2023112600,1142,55133,Rashid Shaheed,WR,11.329998168945295
2023112600,1245,54473,Drake London,WR,19.760002136230497
2023112600,1361,53433,Kyle Pitts,TE,18.369999847412103
2023112600,1430,47991,Scott Miller,WR,4.870000076293902
2023112600,1526,52942,Juwan Johnson,TE,9.609999847412102
2023112600,1588,54476,Chris Olave,WR,17.029998931884798
2023112600,1645,54476,Chris Olave,WR,12.000001373291
2023112600,1694,55133,Rashid Shaheed,WR,12.999998168945297
2023112600,1720,54476,Chris Olave,WR,23.079997253418
2023112600,1783,54476,Chris Olave,WR,19.409996643066407
2023112600,1813,44879,Alvin Kamara,RB,22.369996948242004
2023112600,1836,52942,Juwan Johnson,TE,26.070001831054995
2023112600,1902,52465,Van Jefferson,WR,21.3699993896484
2023112600,2005,41808,Keith Smith,FB,10.270001525878904
2023112600,2097,55872,Bijan Robinson,RB,6.840000000000003
2023112600,2205,55872,Bijan Robinson,RB,14.980000419616701
2023112600,2323,53433,Kyle Pitts,TE,17.450000305175802
2023112600,2570,54476,Chris Olave,WR,39.5099995422363
2023112600,2602,52942,Juwan Johnson,TE,16.769997253417998
2023112600,2652,44879,Alvin Kamara,RB,7.3500030517577954
2023112600,2860,44879,Alvin Kamara,RB,9.380000915527305
2023112600,3005,55872,Bijan Robinson,RB,5.479998168945301
2023112600,3052,52465,Van Jefferson,WR,24.910000305175792
2023112600,3079,45244,Taysom Hill,QB,4.8500030517577954
2023112600,3262,54473,Drake London,WR,7.7399990844727
2023112600,3292,54473,Drake London,WR,20.86000335693359
2023112600,3361,54473,Drake London,WR,9.870001525878898
2023112600,3391,55872,Bijan Robinson,RB,31.310000267028805
2023112600,3596,44947,Jamaal Williams,RB,5.049999999999997
2023112600,3621,44947,Jamaal Williams,RB,6.900001220703103
2023112600,3981,46542,Keith Kirkwood,WR,27.130001373291
2023112600,4004,52488,Lynn Bowden,WR,25.0999990844727
2023112600,4027,46542,Keith Kirkwood,WR,20.959999237060497
2023112600,4052,46542,Keith Kirkwood,WR,11.9399987792969
2023112600,4077,52942,Juwan Johnson,TE,12.5900018310547
2023112600,4102,56060,A.T. Perry,WR,14.010001220703096
2023112600,4155,52942,Juwan Johnson,TE,12.429998168945303
2023112601,55,53484,Pat Freiermuth,TE,23.8900001525879
2023112601,280,54517,George Pickens,WR,10.710001831054704
2023112601,346,54905,Jaylen Warren,RB,8.200000915527298
2023112601,413,53484,Pat Freiermuth,TE,25.129996337890596
2023112601,516,47849,Diontae Johnson,WR,30.300000915527008
2023112601,577,53434,Ja'Marr Chase,WR,16.7399998474121
2023112601,690,47833,Irv Smith,TE,9.820001678466795
2023112601,857,47849,Diontae Johnson,WR,38.960000305175804
2023112601,904,53484,Pat Freiermuth,TE,33.659999866485606
2023112601,1005,46797,Tanner Hudson,TE,10.560001831054699
2023112601,1030,53434,Ja'Marr Chase,WR,8.200003662109403
2023112601,1085,47835,Drew Sample,TE,8.5200033569336
2023112601,1149,55958,Darnell Washington,TE,10.560000915527297
2023112601,1218,47849,Diontae Johnson,WR,14.669999847412107
2023112601,1288,52673,Mitchell Wilcox,TE,7.589999389648401
2023112601,1364,53484,Pat Freiermuth,TE,13.380001678466797
2023112601,1440,54905,Jaylen Warren,RB,2.2799981689452977
2023112601,1530,48471,Trenton Irwin,WR,17.8300000762939
2023112601,1566,53434,Ja'Marr Chase,WR,12.479996948242203
2023112601,1596,43344,Tyler Boyd,WR,9.7100006103516
2023112601,1631,43344,Tyler Boyd,WR,6.689998474121097
2023112601,1679,47849,Diontae Johnson,WR,9.109998168945296
2023112601,1709,53484,Pat Freiermuth,TE,12.450001525878903
2023112601,1734,53484,Pat Freiermuth,TE,16.60999664306641
2023112601,1833,53484,Pat Freiermuth,TE,14.609999847412105
2023112601,2024,56071,Andrei Iosivas,WR,9.179996948242206
2023112601,2093,46797,Tanner Hudson,TE,10.719999237060499
2023112601,2118,53434,Ja'Marr Chase,WR,24.6100009155273
2023112601,2170,47833,Irv Smith,TE,11.570000762939497
2023112601,2200,53434,Ja'Marr Chase,WR,11.290000305175798
2023112601,2286,54517,George Pickens,WR,18.3600015258789
2023112601,2309,54603,Calvin Austin III,WR,13.670000305175805
2023112601,2378,53484,Pat Freiermuth,TE,12.669999389648396
2023112601,2403,54517,George Pickens,WR,17.100000610351607
2023112601,2475,53484,Pat Freiermuth,TE,15.1800036621094
2023112601,2628,43344,Tyler Boyd,WR,14.890003051757802
2023112601,2846,54673,Connor Heyward,TE,4.610003662109406
2023112601,2883,54517,George Pickens,WR,30.939996948242197
2023112601,2906,47849,Diontae Johnson,WR,15.449999084472694
2023112601,2999,53484,Pat Freiermuth,TE,11.290001525878907
2023112601,3029,54517,George Pickens,WR,37.35000122070309
2023112601,3103,47849,Diontae Johnson,WR,22.7400000762939
2023112601,3169,46797,Tanner Hudson,TE,10.290001220703097
2023112601,3194,46797,Tanner Hudson,TE,11.7899981689453
2023112601,3326,41290,Allen Robinson,WR,5.759998321533203
2023112601,3402,53484,Pat Freiermuth,TE,9.730000305175796
2023112601,3510,56071,Andrei Iosivas,WR,31.600002746582007
2023112601,3533,43344,Tyler Boyd,WR,12.790000305175795
2023112601,3558,43344,Tyler Boyd,WR,12.20000366210941
2023112602,55,55934,Tank Dell,WR,19.750001220703098
2023112602,80,48096,Andrew Beck,FB,9.250002441406195
2023112602,226,44835,Evan Engram,TE,17.659999084472698
2023112602,295,44849,Zay Jones,WR,16.5500004577637
2023112602,342,46116,Christian Kirk,WR,19.439997863769506
2023112602,365,46116,Christian Kirk,WR,22.000001831054703
2023112602,412,44835,Evan Engram,TE,12.4800024414062
2023112602,548,55934,Tank Dell,WR,11.890002441406196
2023112602,596,55934,Tank Dell,WR,50.17999938964841
2023112602,678,46116,Christian Kirk,WR,14.080001831054702
2023112602,1011,53454,Travis Etienne,RB,11.409997253417998
2023112602,1256,39989,Robert Woods,WR,29.209999389648402
2023112602,1350,55934,Tank Dell,WR,16.440000610352
2023112602,1433,53574,Luke Farrell,TE,14.469996948242198
2023112602,1502,46116,Christian Kirk,WR,13.449999389648404
2023112602,1571,46095,Calvin Ridley,WR,45.64000001907348
2023112602,1666,47857,Devin Singletary,RB,8.990001525878899
2023112602,1728,55934,Tank Dell,WR,24.070001068115197
2023112602,1753,46206,Dalton Schultz,TE,15.720001220703097
2023112602,1805,55934,Tank Dell,WR,7.689999389648392
2023112602,1830,53518,Nico Collins,WR,15.260002441406186
2023112602,1958,53574,Luke Farrell,TE,7.189996948242197
2023112602,1983,44849,Zay Jones,WR,21.910000762939497
2023112602,2037,46116,Christian Kirk,WR,40.0699990844727
2023112602,2166,53454,Travis Etienne,RB,6.870001525878905
2023112602,2189,46095,Calvin Ridley,WR,17.410000610351602
2023112602,2269,46095,Calvin Ridley,WR,14.0999990844727
2023112602,2316,44835,Evan Engram,TE,13.920000152587896
2023112602,2343,47857,Devin Singletary,RB,7.440002441406193
2023112602,2375,53518,Nico Collins,WR,10.9899990844727
2023112602,2400,53518,Nico Collins,WR,17.3700009155273
2023112602,2556,46095,Calvin Ridley,WR,27.83
2023112602,2608,44835,Evan Engram,TE,12.549998779296907
2023112602,2689,44835,Evan Engram,TE,25.65000002861023
2023112602,2768,53574,Luke Farrell,TE,14.26000038146973
2023112602,2791,46095,Calvin Ridley,WR,18.31999995231628
2023112602,2848,53518,Nico Collins,WR,23.750000762939504
2023112602,2895,54509,John Metchie III,WR,12.789999389648393
2023112602,2987,53454,Travis Etienne,RB,10.620002746582003
2023112602,3071,46095,Calvin Ridley,WR,19.5800018310547
2023112602,3116,44835,Evan Engram,TE,11.420000000000002
2023112602,3196,53574,Luke Farrell,TE,12.5499981689453
2023112602,3221,44835,Evan Engram,TE,11.710002746582006
2023112602,3249,44835,Evan Engram,TE,10.839997863769497
2023112602,3419,53518,Nico Collins,WR,47.6700009155273
2023112602,3442,46206,Dalton Schultz,TE,41.8800006103516
2023112602,3516,46116,Christian Kirk,WR,27.0599981689453
2023112602,3561,47605,D'Ernest Johnson,RB,14.440003662109405
2023112602,3605,39989,Robert Woods,WR,14.100001373291008
2023112602,3635,56070,Xavier Hutchinson,WR,35.9499983215332
2023112602,3660,54572,Dameon Pierce,RB,16.8399993896484
2023112602,3685,47857,Devin Singletary,RB,5.620000686645504
2023112602,3710,53518,Nico Collins,WR,12.369999389648399
2023112602,3762,46116,Christian Kirk,WR,11.009999694824199
2023112602,3831,53574,Luke Farrell,TE,18.0000030517578
2023112602,3967,47857,Devin Singletary,RB,5.760000305175794
2023112602,3992,53576,Brevin Jordan,TE,11.090000305175792
2023112602,4037,53518,Nico Collins,WR,21.01999832153321
2023112602,4069,39989,Robert Woods,WR,18.539999694824196
2023112602,4114,53518,Nico Collins,WR,11.360001678466801
2023112602,4146,47857,Devin Singletary,RB,24.9199996948242
2023112603,80,41233,Mike Evans,WR,11.339998474121103
2023112603,105,54571,Cade Otton,TE,9.920000457763699
2023112603,174,41233,Mike Evans,WR,35.79999633789099
2023112603,219,56056,Trey Palmer,WR,11.649999084472697
2023112603,299,41233,Mike Evans,WR,23.499996948242
2023112603,444,44896,Chris Godwin Jr.,WR,20.879998474120995
2023112603,523,55944,Josh Downs,WR,9.540000915527301
2023112603,548,52442,Michael Pittman,WR,15.300000915527306
2023112603,607,54518,Alec Pierce,WR,10.919999237060502
2023112603,632,54518,Alec Pierce,WR,10.7200009155273
2023112603,657,52442,Michael Pittman,WR,12.280001678466796
2023112603,704,56027,Will Mallory,TE,16.719999084472697
2023112603,727,52442,Michael Pittman,WR,21.100000305175804
2023112603,813,54571,Cade Otton,TE,8.299998168945297
2023112603,876,41233,Mike Evans,WR,18.8799998474121
2023112603,937,52442,Michael Pittman,WR,14.759998931884802
2023112603,1209,54518,Alec Pierce,WR,14.640000915527303
2023112603,1234,52442,Michael Pittman,WR,8.599999389648403
2023112603,1304,52442,Michael Pittman,WR,13.359996948242198
2023112603,1329,55944,Josh Downs,WR,8.719997863769507
2023112603,1354,55944,Josh Downs,WR,5.369999084472994
2023112603,1521,54556,Rachaad White,RB,7.499996337890593
2023112603,1566,52442,Michael Pittman,WR,13.7899997711182
2023112603,1618,55944,Josh Downs,WR,11.1299990844727
2023112603,1667,56036,Payne Durham,TE,14.020000228881802
2023112603,1692,41233,Mike Evans,WR,15.63000003814697
2023112603,1767,52442,Michael Pittman,WR,24.329998626709
2023112603,1809,55944,Josh Downs,WR,9.489999389648403
2023112603,1832,54518,Alec Pierce,WR,24.700001678466798
2023112603,2058,44896,Chris Godwin Jr.,WR,15.14
2023112603,2143,52494,Zack Moss,RB,8.270001220703094
2023112603,2168,52494,Zack Moss,RB,10.3400003051758
2023112603,2214,55944,Josh Downs,WR,10.979998321533202
2023112603,2239,52442,Michael Pittman,WR,9.380001525878903
2023112603,2357,55944,Josh Downs,WR,4.309998779296905
2023112603,2382,56027,Will Mallory,TE,13.449997558593807
2023112603,2421,56027,Will Mallory,TE,10.019999847412102
2023112603,2469,52442,Michael Pittman,WR,7.369998474121104
2023112603,2538,54518,Alec Pierce,WR,29.15999984741211
2023112603,2561,55944,Josh Downs,WR,15.9700005340576
2023112603,2628,44896,Chris Godwin Jr.,WR,11.159999237060497
2023112603,2717,56056,Trey Palmer,WR,19.619998779296907
2023112603,2740,56056,Trey Palmer,WR,13.169997558593806
2023112603,2930,54518,Alec Pierce,WR,9.699999237060496
2023112603,2960,55944,Josh Downs,WR,10.140001525878901
2023112603,2983,55944,Josh Downs,WR,11.650001373291005
2023112603,3164,41233,Mike Evans,WR,18.9099989318848
2023112603,3199,44896,Chris Godwin Jr.,WR,21.1899995422363
2023112603,3222,44896,Chris Godwin Jr.,WR,26.149998626709
2023112603,3338,52442,Michael Pittman,WR,7.8800015258789
2023112603,3363,52442,Michael Pittman,WR,14.049998168945297
2023112603,3426,52494,Zack Moss,RB,3.4199992370604946
2023112603,3456,52442,Michael Pittman,WR,15.539999542236302
2023112603,3503,44792,Mo Alie-Cox,TE,21.39000152587891
2023112603,3668,41233,Mike Evans,WR,12.939997558593802
2023112603,3725,54571,Cade Otton,TE,10.6999981689453
2023112603,3750,41233,Mike Evans,WR,22.1300007629395
2023112603,4004,56056,Trey Palmer,WR,12.729996337890597
2023112604,111,55938,Jalin Hyatt,WR,34.81999847412109
2023112604,270,42357,DeVante Parker,WR,11.86
2023112604,319,55938,Jalin Hyatt,WR,24.8699995422363
2023112604,392,54508,Wan'Dale Robinson,WR,12.1099993896484
2023112604,489,46111,Mike Gesicki,TE,11.350003662109401
2023112604,534,43293,Ezekiel Elliott,RB,8.6300033569336
2023112604,559,53549,Rhamondre Stevenson,RB,10.2199993896484
2023112604,611,56075,DeMario Douglas,WR,24.8900012207031
2023112604,656,54515,Tyquan Thornton,WR,13.2700010681152
2023112604,756,47954,Darius Slayton,WR,7.100000381469702
2023112604,786,54508,Wan'Dale Robinson,WR,11.279998321533203
2023112604,874,53549,Rhamondre Stevenson,RB,9.809998168945299
2023112604,950,56075,DeMario Douglas,WR,33.43999832153321
2023112604,1024,43329,Sterling Shepard,WR,22.679998168945296
2023112604,1069,43329,Sterling Shepard,WR,6.809999542236298
2023112604,1250,55938,Jalin Hyatt,WR,33.719999084472704
2023112604,1355,56052,Kayshon Boutte,WR,1.9100000000000001
2023112604,1563,42357,DeVante Parker,WR,15.240003051757796
2023112604,1588,42357,DeVante Parker,WR,0.9599999999999937
2023112604,1618,42357,DeVante Parker,WR,15.519997253417998
2023112604,1641,56075,DeMario Douglas,WR,13.240001831054698
2023112604,1713,55938,Jalin Hyatt,WR,8.939998321533203
2023112604,1765,54508,Wan'Dale Robinson,WR,8.160000076293898
2023112604,1790,52615,Isaiah Hodgins,WR,10.719999237060502
2023112604,1866,56052,Kayshon Boutte,WR,38.8999989318848
2023112604,1990,54508,Wan'Dale Robinson,WR,11.320002441406189
2023112604,2065,47954,Darius Slayton,WR,11.540000305175795
2023112604,2359,44874,JuJu Smith-Schuster,WR,12.829997863769506
2023112604,2581,55938,Jalin Hyatt,WR,45.689998931884794
2023112604,2658,54577,Daniel Bellinger,TE,14.81000167846679
2023112604,2799,53549,Rhamondre Stevenson,RB,4.179998321533205
2023112604,2983,47954,Darius Slayton,WR,16.0700010681152
2023112604,3023,45186,Matt Breida,RB,7.750000305175799
2023112604,3159,44874,JuJu Smith-Schuster,WR,24.560000457763707
2023112604,3213,46071,Saquon Barkley,RB,7.749999389648394
2023112604,3315,43329,Sterling Shepard,WR,10.47999847412109
2023112604,3574,55938,Jalin Hyatt,WR,11.0699984741211
2023112604,3692,54515,Tyquan Thornton,WR,12.8000003051758
2023112604,3715,44874,JuJu Smith-Schuster,WR,9.7299981689453
2023112604,3752,54515,Tyquan Thornton,WR,9.580001220703096
2023112604,3826,44874,JuJu Smith-Schuster,WR,12.5899995422363
2023112605,62,39973,DeAndre Hopkins,WR,18.0999990844727
2023112605,87,53074,Nick Westbrook-Ikhine,WR,14.379999847412101
2023112605,173,55904,Jonathan Mingo,WR,19.739999999999995
2023112605,342,53074,Nick Westbrook-Ikhine,WR,13.3399995422363
2023112605,438,39973,DeAndre Hopkins,WR,13.109998321533205
2023112605,485,43396,Chris Moore,WR,12.399999694824196
2023112605,532,43396,Chris Moore,WR,19.0799995422363
2023112605,562,56012,Josh Whyle,TE,16.880003356933592
2023112605,587,53074,Nick Westbrook-Ikhine,WR,12.939997863769506
2023112605,634,54608,Chig Okonkwo,TE,22.78000335693359
2023112605,878,40488,Adam Thielen,WR,24.29999755859381
2023112605,1040,52659,Stephen Sullivan,TE,20.00999755859381
2023112605,1150,40488,Adam Thielen,WR,10.0600012207031
2023112605,1303,43334,Derrick Henry,RB,7.3600015258789
2023112605,1455,55904,Jonathan Mingo,WR,25.8900015258789
2023112605,1501,46130,D.J. Chark,WR,22.960000152587895
2023112605,1666,53555,Chuba Hubbard,RB,2.2899998474120977
2023112605,1691,55904,Jonathan Mingo,WR,11.830000152587896
2023112605,1823,55946,Tyjae Spears,RB,18.889999847412106
2023112605,1897,55904,Jonathan Mingo,WR,13.4699995422363
2023112605,1952,46130,D.J. Chark,WR,10.9500010681152
2023112605,1995,54608,Chig Okonkwo,TE,7.239997863769503
2023112605,2018,54608,Chig Okonkwo,TE,12.200003051757804
2023112605,2059,53074,Nick Westbrook-Ikhine,WR,16.970000457763703
2023112605,2258,46170,Ian Thomas,TE,10.840002136230495
2023112605,2400,53555,Chuba Hubbard,RB,10.5400015258789
2023112605,2591,54608,Chig Okonkwo,TE,8.540001831054703
2023112605,2665,43396,Chris Moore,WR,44.6300003051758
2023112605,2719,52450,Laviska Shenault Jr.,WR,13.980000915527299
2023112605,2796,53512,Tommy Tremble,TE,10.669999389648396
2023112605,2828,53555,Chuba Hubbard,RB,9.600002746582007
2023112605,2967,39973,DeAndre Hopkins,WR,24.520000152587897
2023112605,3029,39973,DeAndre Hopkins,WR,33.800001373290996
2023112605,3074,39973,DeAndre Hopkins,WR,11.0100001525879
2023112605,3296,40488,Adam Thielen,WR,18.640000915527303
2023112605,3355,43396,Chris Moore,WR,22.13000244140619
2023112605,3432,54628,Kyle Philips,WR,25.660001525878904
2023112605,3531,55904,Jonathan Mingo,WR,24.529998321533203
2023112605,3594,46130,D.J. Chark,WR,22.370001068115197
2023112605,3760,53074,Nick Westbrook-Ikhine,WR,14.170001831054705
2023112605,3979,53555,Chuba Hubbard,RB,5.860000228881802
2023112605,4029,53555,Chuba Hubbard,RB,11.549999694824201
2023112606,55,44881,Cooper Kupp,WR,10.01999938964839
2023112606,100,53486,Tutu Atwell,WR,40.7199992370605
2023112606,147,44881,Cooper Kupp,WR,27.700000610351605
2023112606,217,44881,Cooper Kupp,WR,6.5799990844727
2023112606,247,43399,Tyler Higbee,TE,10.640000076293898
2023112606,333,44917,James Conner,RB,9.9900004577637
2023112606,380,44917,James Conner,RB,1.9699987792969011
2023112606,405,47808,Marquise Brown,WR,12.880000915527305
2023112606,435,54520,Trey McBride,TE,10.410003051757798
2023112606,460,48646,Greg Dortch,WR,17.410001220703094
2023112606,485,44917,James Conner,RB,27.369996337890996
2023112606,573,54520,Trey McBride,TE,9.609999389647996
2023112606,715,54629,Kyren Williams,RB,9.409998168945293
2023112606,767,56042,Puka Nacua,WR,10.450003051757804
2023112606,797,54629,Kyren Williams,RB,8.960000915527303
2023112606,822,43415,Demarcus Robinson,WR,12.370001525878898
2023112606,942,47808,Marquise Brown,WR,16.4099996948242
2023112606,965,48646,Greg Dortch,WR,27.1600010681152
2023112606,988,54520,Trey McBride,TE,11.2700002288818
2023112606,1097,53486,Tutu Atwell,WR,18.690001220703095
2023112606,1127,56042,Puka Nacua,WR,6.5199984741210955
2023112606,1174,56040,Davis Allen,TE,8.060001831054706
2023112606,1226,43399,Tyler Higbee,TE,18.700000610352006
2023112606,1290,47808,Marquise Brown,WR,44.7400010681152
2023112606,1658,47808,Marquise Brown,WR,9.360000305175802
2023112606,1705,54520,Trey McBride,TE,14.640000457763705
2023112606,1735,43399,Tyler Higbee,TE,6.359999847412105
2023112606,1765,44881,Cooper Kupp,WR,8.900002746582004
2023112606,1795,53486,Tutu Atwell,WR,27.359997253418
2023112606,1891,54520,Trey McBride,TE,9.7200015258789
2023112606,1916,48646,Greg Dortch,WR,9.830000305175801
2023112606,1946,48646,Greg Dortch,WR,40.4400010681152
2023112606,2016,43399,Tyler Higbee,TE,13.079999237060498
2023112606,2046,56042,Puka Nacua,WR,17.300002441406193
2023112606,2073,53478,Rondale Moore,WR,9.610000915527294
2023112606,2349,47808,Marquise Brown,WR,48.2399998474121
2023112606,2475,47808,Marquise Brown,WR,13.89999755859381
2023112606,2510,44917,James Conner,RB,5.439996643066408
2023112606,2559,53478,Rondale Moore,WR,30.050003662109404
2023112606,2733,56042,Puka Nacua,WR,24.790002746582005
2023112606,2799,54520,Trey McBride,TE,7.75999755859381
2023112606,2829,47808,Marquise Brown,WR,8.839999084472694
2023112606,2854,56062,Elijah Higgins,TE,19.719999084472697
2023112606,2938,47808,Marquise Brown,WR,8.8600007629395
2023112606,2982,56042,Puka Nacua,WR,33.880002136230495
2023112606,3012,56042,Puka Nacua,WR,10.4799995422363
2023112606,3086,43415,Demarcus Robinson,WR,8.210000305175797
2023112606,3155,44881,Cooper Kupp,WR,10.229997863769498
2023112606,3315,54629,Kyren Williams,RB,10.589999694824199
2023112606,3379,44917,James Conner,RB,3.420000839233399
2023112606,3404,48646,Greg Dortch,WR,18.040000152587897
2023112606,3529,43399,Tyler Higbee,TE,12.059999389648404
2023112606,3644,48646,Greg Dortch,WR,18.1100009155273
2023112606,3775,53536,Michael Carter,RB,7.8200021362304994
2023112606,3835,53536,Michael Carter,RB,6.179996643066403
2023112606,3860,54520,Trey McBride,TE,9.729999694824201
2023112606,3912,48646,Greg Dortch,WR,16.420003356934004
2023112606,4085,54520,Trey McBride,TE,12.099998779296904
2023112606,4155,53536,Michael Carter,RB,10.610000915527301
2023112606,4180,53536,Michael Carter,RB,
2023112606,4230,48646,Greg Dortch,WR,11.5500009155273
2023112606,4255,47808,Marquise Brown,WR,11.789998626709
2023112606,4280,56062,Elijah Higgins,TE,20.500002441406195
2023112606,4330,47808,Marquise Brown,WR,18.870000610351603
2023112606,4355,47808,Marquise Brown,WR,41.919996643066
2023112606,4390,53478,Rondale Moore,WR,6.399997253417993
2023112607,82,54621,Jerome Ford,RB,6.600001220703096
2023112607,107,42347,Amari Cooper,WR,11.659999389648402
2023112607,328,55928,Marvin Mims Jr.,WR,21.549999999999997
2023112607,378,46109,Courtland Sutton,WR,29.080000305175798
2023112607,496,44841,David Njoku,TE,10.909998779296902
2023112607,526,55939,Cedric Tillman,WR,15.730000305175803
2023112607,556,42347,Amari Cooper,WR,10.859998321533205
2023112607,634,55939,Cedric Tillman,WR,9.410001373291003
2023112607,686,53464,Javonte Williams,RB,10.230000762939504
2023112607,866,44841,David Njoku,TE,24.3000009155273
2023112607,936,46109,Courtland Sutton,WR,13.939997863769506
2023112607,1084,53464,Javonte Williams,RB,4.349998779296904
2023112607,1129,55928,Marvin Mims Jr.,WR,19.999998779296902
2023112607,1344,42347,Amari Cooper,WR,24.96999969482421
2023112607,1506,53463,Elijah Moore,WR,22.0499998474121
2023112607,1529,53463,Elijah Moore,WR,13.529998626709002
2023112607,1618,53463,Elijah Moore,WR,37.230000009536745
2023112607,1641,54621,Jerome Ford,RB,12.110000152587904
2023112607,1707,55928,Marvin Mims Jr.,WR,5.379998474121102
2023112607,1840,46109,Courtland Sutton,WR,34.530000915527296
2023112607,1891,44927,Samaje Perine,RB,7.1900009155273
2023112607,1947,55939,Cedric Tillman,WR,19.720002441406194
2023112607,1984,54621,Jerome Ford,RB,7.679999389648401
2023112607,2101,54621,Jerome Ford,RB,4.539998626709
2023112607,2131,55939,Cedric Tillman,WR,19.9899993896484
2023112607,2328,53464,Javonte Williams,RB,3.8599969482421983
2023112607,2440,42347,Amari Cooper,WR,11.909998779296902
2023112607,2492,42347,Amari Cooper,WR,22.1700007629395
2023112607,2544,44841,David Njoku,TE,20.8799990844727
2023112607,2596,44841,David Njoku,TE,25.0500018310547
2023112607,2727,44841,David Njoku,TE,17.980003051758004
2023112607,2781,52523,Harrison Bryant,TE,10.299998779296999
2023112607,2878,53464,Javonte Williams,RB,8.090001525878904
2023112607,2903,48541,Lil'Jordan Humphrey,WR,8.750000610351606
2023112607,2994,52423,Jerry Jeudy,WR,24.499999771118162
2023112607,3104,44841,David Njoku,TE,16.240001373291
2023112607,3127,44841,David Njoku,TE,8.920001220703096
2023112607,3346,46109,Courtland Sutton,WR,26.329996643065996
2023112607,3689,52423,Jerry Jeudy,WR,11.069999694824197
2023112607,3762,54621,Jerome Ford,RB,9.3100012207031
2023112607,3810,53463,Elijah Moore,WR,28.659999389648398
2023112607,3840,53463,Elijah Moore,WR,42.239999952316275
2023112607,3888,42347,Amari Cooper,WR,13.920000915527304
2023112607,4013,46109,Courtland Sutton,WR,33.5300036621094
2023112607,4060,46109,Courtland Sutton,WR,12.450001831054706
2023112607,4169,53463,Elijah Moore,WR,15.85999969482421
2023112607,4204,44841,David Njoku,TE,8.360000305175802
2023112607,4234,53463,Elijah Moore,WR,18.810001373291
2023112607,4287,44841,David Njoku,TE,10.849999999999994
2023112607,4312,54621,Jerome Ford,RB,12.720001220703097
2023112607,4447,54564,David Bell,WR,10.909997863770002
2023112607,4470,53463,Elijah Moore,WR,20.350000305175797
2023112608,99,41282,Davante Adams,WR,21.559998779296905
2023112608,173,48097,Jakobi Meyers,WR,9.950001525878903
2023112608,245,48097,Jakobi Meyers,WR,10.129998779296898
2023112608,332,40011,Travis Kelce,TE,15.039998779296909
2023112608,463,48097,Jakobi Meyers,WR,20.109998321533205
2023112608,510,41282,Davante Adams,WR,10.5200018310547
2023112608,612,41282,Davante Adams,WR,10.35999664306641
2023112608,637,47932,Hunter Renfrow,WR,8.2100006103516
2023112608,731,41282,Davante Adams,WR,15.380002746582008
2023112608,777,54716,Isiah Pacheco,RB,6.069998168945304
2023112608,876,46213,Justin Watson,WR,41.0399990844727
2023112608,925,41282,Davante Adams,WR,11.05000274658201
2023112608,1054,40011,Travis Kelce,TE,12.580001373291001
2023112608,1123,53591,Noah Gray,TE,11.049998474121104
2023112608,1218,55920,Rashee Rice,WR,9.219996948242198
2023112608,1404,48097,Jakobi Meyers,WR,21.659998931884807
2023112608,1500,54716,Isiah Pacheco,RB,7.169999618530298
2023112608,1616,40011,Travis Kelce,TE,30.080001525878913
2023112608,1774,55900,Michael Mayer,TE,13.939996643066408
2023112608,1877,40011,Travis Kelce,TE,10.520000305175802
2023112608,1902,53591,Noah Gray,TE,11.2200001525879
2023112608,1996,55920,Rashee Rice,WR,9.549998168945294
2023112608,2021,55920,Rashee Rice,WR,14.889997863769509
2023112608,2172,41282,Davante Adams,WR,39.9600004577637
2023112608,2243,55920,Rashee Rice,WR,14.299999999999997
2023112608,2306,55900,Michael Mayer,TE,8.339997558593808
2023112608,2382,48097,Jakobi Meyers,WR,37.0099995422363
2023112608,2407,47807,Josh Jacobs,RB,4.020000610351595
2023112608,2459,41282,Davante Adams,WR,8.7100003051758
2023112608,2525,40011,Travis Kelce,TE,18.380000152587897
2023112608,2650,55920,Rashee Rice,WR,11.470001831054702
2023112608,2675,40011,Travis Kelce,TE,8.530000457763698
2023112608,2700,55920,Rashee Rice,WR,11.490001831054698
2023112608,2781,43370,Austin Hooper,TE,7.899998779296901
2023112608,2853,55900,Michael Mayer,TE,13.740001068115198
2023112608,2956,55920,Rashee Rice,WR,21.589998779296906
2023112608,3033,53591,Noah Gray,TE,14.680000305175795
2023112608,3101,47807,Josh Jacobs,RB,3.869999465942401
2023112608,3124,55965,Tre Tucker,WR,17.2800004577637
2023112608,3147,47932,Hunter Renfrow,WR,15.710000839233398
2023112608,3421,47932,Hunter Renfrow,WR,15.3000010681152
2023112608,3446,47807,Josh Jacobs,RB,2.9499986267089966
2023112608,3476,43370,Austin Hooper,TE,8.570000915527302
2023112609,301,54613,Khalil Shakir,WR,7.21999969482421
2023112609,324,55889,Dalton Kincaid,TE,6.139999694824198
2023112609,420,54528,James Cook,RB,5.179999389648401
2023112609,504,54528,James Cook,RB,24.299999694824198
2023112609,580,52536,Gabe Davis,WR,30.2800006866455
2023112609,687,53439,DeVonta Smith,WR,15.559998474121102
2023112609,1007,40129,Latavius Murray,RB,11.8099996948242
2023112609,1032,42489,Stefon Diggs,WR,15.31999877929691
2023112609,1082,42489,Stefon Diggs,WR,10.030001068115197
2023112609,1107,55889,Dalton Kincaid,TE,11.670003356933591
2023112609,1155,42489,Stefon Diggs,WR,11.079997863769506
2023112609,1256,54613,Khalil Shakir,WR,8.920002441406197
2023112609,1279,55889,Dalton Kincaid,TE,9.82999969482421
2023112609,1348,37079,Julio Jones,WR,13.4900006103516
2023112609,1436,54528,James Cook,RB,3.4900024414061903
2023112609,1461,54528,James Cook,RB,8.489999999999995
2023112609,1486,52536,Gabe Davis,WR,25.030002746582
2023112609,1599,46270,Boston Scott,RB,3.590002441406199
2023112609,1742,40129,Latavius Murray,RB,6.7900004196167
2023112609,1774,54613,Khalil Shakir,WR,31.509999847412104
2023112609,1829,55889,Dalton Kincaid,TE,27.750000915527302
2023112609,1852,46671,Trent Sherfield,WR,29.819996643066403
2023112609,1946,47834,A.J. Brown,WR,11.060003356933592
2023112609,2002,52536,Gabe Davis,WR,15.8000016784668
2023112609,2030,42489,Stefon Diggs,WR,10.719999237060499
2023112609,2060,42489,Stefon Diggs,WR,21.9699995422363
2023112609,2097,55889,Dalton Kincaid,TE,14.020000915527298
2023112609,2127,52536,Gabe Davis,WR,30.379998168944994
2023112609,2239,46671,Trent Sherfield,WR,24.940001220702996
2023112609,2283,47834,A.J. Brown,WR,10.139998779296903
2023112609,2377,40129,Latavius Murray,RB,8.480000305175793
2023112609,2465,55889,Dalton Kincaid,TE,12.170002136230494
2023112609,2513,42489,Stefon Diggs,WR,19.399999694824004
2023112609,2649,47834,A.J. Brown,WR,20.0599984741211
2023112609,2743,52536,Gabe Davis,WR,26.219998321533197
2023112609,2790,54613,Khalil Shakir,WR,12.780001068115205
2023112609,2815,54613,Khalil Shakir,WR,11.519999847412102
2023112609,2845,40129,Latavius Murray,RB,13.259998321533203
2023112609,2891,52536,Gabe Davis,WR,23.490000381469702
2023112609,3008,53946,Jack Stoll,TE,3.479998474121089
2023112609,3060,47834,A.J. Brown,WR,13.789997253417994
2023112609,3197,54528,James Cook,RB,7.490003051757796
2023112609,3406,53439,DeVonta Smith,WR,26.780001220703095
2023112609,3545,53439,DeVonta Smith,WR,25.360000076293947
2023112609,3631,42489,Stefon Diggs,WR,9.759999389648403
2023112609,3798,52536,Gabe Davis,WR,13.920001525878899
2023112609,3845,42489,Stefon Diggs,WR,24.29999938964839
2023112609,3968,53439,DeVonta Smith,WR,51.450001831054706
2023112609,4142,40129,Latavius Murray,RB,9.329998168945295
2023112609,4247,52536,Gabe Davis,WR,10.999997558594004
2023112609,4311,47834,A.J. Brown,WR,19.09999938964839
2023112609,4336,53579,Kenneth Gainwell,RB,7.159998779296899
2023112609,4366,47834,A.J. Brown,WR,11.490000305175798
2023112609,4391,53579,Kenneth Gainwell,RB,8.180000610351591
2023112609,4421,53439,DeVonta Smith,WR,12.759998168945302
2023112609,4586,47834,A.J. Brown,WR,10.9800018310547
2023112609,4804,42489,Stefon Diggs,WR,14.29
2023112609,4827,52536,Gabe Davis,WR,17.969998474121102
2023112609,4880,42489,Stefon Diggs,WR,19.690001220703095
2023112609,5048,52536,Gabe Davis,WR,33.010001220703
2023112609,5135,52443,D'Andre Swift,RB,3.2499996948242114
2023112609,5160,47834,A.J. Brown,WR,16.840000000000003
2023112609,5183,53439,DeVonta Smith,WR,26.369998779296907
2023112609,5235,47834,A.J. Brown,WR,11.3899998474121
2023112609,5258,53439,DeVonta Smith,WR,11.020001678466798
2023112610,99,44856,Gerald Everett,TE,34.2700004577637
2023112610,124,45573,Austin Ekeler,RB,2.000002136230499
2023112610,203,40024,Keenan Allen,WR,10.7400006103516
2023112610,439,41238,Odell Beckham,WR,11.189997558593802
2023112610,486,55886,Zay Flowers,WR,5.070000152587902
2023112610,631,40024,Keenan Allen,WR,6.1900002288818
2023112610,710,48556,Jalen Guyton,WR,36.809998931884806
2023112610,843,41238,Odell Beckham,WR,11.019998168945293
2023112610,888,56205,Keaton Mitchell,RB,7.129999389648404
2023112610,918,41238,Odell Beckham,WR,15.130001525878903
2023112610,965,53456,Rashod Bateman,WR,12.490003051757796
2023112610,988,53456,Rashod Bateman,WR,16.239997863769503
2023112610,1086,55886,Zay Flowers,WR,16.42999877929701
2023112610,1204,48556,Jalen Guyton,WR,44.239999237060495
2023112610,1343,54604,Isaiah Likely,TE,7.9900015258789026
2023112610,1390,54604,Isaiah Likely,TE,7.200000610351601
2023112610,1415,53456,Rashod Bateman,WR,9.479999999999997
2023112610,1587,40024,Keenan Allen,WR,12.6000006103516
2023112610,1805,40024,Keenan Allen,WR,12.4600006103516
2023112610,1830,40024,Keenan Allen,WR,13.279999389648395
2023112610,1855,45573,Austin Ekeler,RB,9.26999938964839
2023112610,1896,54604,Isaiah Likely,TE,17.6899981689453
2023112610,1919,54604,Isaiah Likely,TE,8.720000610351605
2023112610,1979,53456,Rashod Bateman,WR,29.710001831054704
2023112610,2105,55886,Zay Flowers,WR,9.969996643066409
2023112610,2218,47896,Justice Hill,RB,17.4500006103516
2023112610,2241,41238,Odell Beckham,WR,36.7699998855591
2023112610,2329,55885,Quentin Johnston,WR,11.570000610351599
2023112610,2354,55885,Quentin Johnston,WR,12.869999999999997
2023112610,2482,42363,Nelson Agholor,WR,23.449998474121095
2023112610,2568,53456,Rashod Bateman,WR,11.319998931884804
2023112610,2616,42363,Nelson Agholor,WR,17.430000457763697
2023112610,2659,40024,Keenan Allen,WR,12.8099995422363
2023112610,2691,44856,Gerald Everett,TE,4.719999847412101
2023112610,2741,40024,Keenan Allen,WR,8.390001068115197
2023112610,2791,55061,Stone Smartt,TE,6.310000915527304
2023112610,2865,55885,Quentin Johnston,WR,22.4500003051758
2023112610,2922,40024,Keenan Allen,WR,9.0999984741211
2023112610,3009,48556,Jalen Guyton,WR,9.829997558593803
2023112610,3032,40024,Keenan Allen,WR,13.110001525878907
2023112610,3157,40024,Keenan Allen,WR,17.2699999237061
2023112610,3187,44856,Gerald Everett,TE,11.2300007629395
2023112610,3237,52520,Joshua Kelley,RB,4.0799998474121
2023112610,3349,55886,Zay Flowers,WR,46.750002746582
2023112610,3398,40024,Keenan Allen,WR,11.259997863769499
2023112610,3487,45573,Austin Ekeler,RB,7.8000002288818
2023112610,3534,48556,Jalen Guyton,WR,20.52000000953674
2023112610,3557,44856,Gerald Everett,TE,7.5700001907349
2023112610,3621,46437,Gus Edwards,RB,12.9200009155273
2023112610,3724,55886,Zay Flowers,WR,2.980001373291003
2023112610,3749,56205,Keaton Mitchell,RB,8.889997558593805
2023112610,3893,43663,Alex Erickson,WR,23.799999542236293
2023112610,3946,48556,Jalen Guyton,WR,10.490001220703093
2023112610,3971,45573,Austin Ekeler,RB,8.100000915527303
2023112610,4148,40024,Keenan Allen,WR,27.069996948242206
2023112610,4178,40024,Keenan Allen,WR,27.689999694824202
2023112610,4221,43663,Alex Erickson,WR,31.329999847412104
2023112610,4244,40024,Keenan Allen,WR,24.86
2023112700,110,46093,DJ Moore,WR,11.459998474121093
2023112700,179,52451,Cole Kmet,TE,8.750003051757801
2023112700,204,52451,Cole Kmet,TE,11.629999237060495
2023112700,397,55887,Jordan Addison,WR,50.4999966430664
2023112700,529,55980,Roschon Johnson,RB,7.789999084472697
2023112700,608,52451,Cole Kmet,TE,12.839999237060503
2023112700,658,52451,Cole Kmet,TE,16.820001068115197
2023112700,890,55887,Jordan Addison,WR,24.5199996948242
2023112700,986,53646,Khalil Herbert,RB,6.920000762939502
2023112700,1011,52581,Darnell Mooney,WR,30.689997253418
2023112700,1156,55887,Jordan Addison,WR,11.400002441406187
2023112700,1215,43971,C.J. Ham,FB,11.880001068115199
2023112700,1262,55887,Jordan Addison,WR,19.330001525878906
2023112700,1365,46093,DJ Moore,WR,19.810000305175798
2023112700,1419,47885,Alexander Mattison,RB,4.1599978637695045
2023112700,1451,55887,Jordan Addison,WR,11.559996337890595
2023112700,1493,47791,T.J. Hockenson,TE,15.429999694824204
2023112700,1705,46830,Brandon Powell,WR,33.3999981689453
2023112700,1730,52584,K.J. Osborn,WR,21.7200016784668
2023112700,1990,47791,T.J. Hockenson,TE,12.360002136230491
2023112700,2015,47791,T.J. Hockenson,TE,13.910003051757798
2023112700,2045,47791,T.J. Hockenson,TE,14.559999542236298
2023112700,2466,43971,C.J. Ham,FB,5.670001831054705
2023112700,2491,55887,Jordan Addison,WR,10.4000015258789
2023112700,2516,54634,Ty Chandler,RB,3.18999832153321
2023112700,2541,52584,K.J. Osborn,WR,16.5599996948242
2023112700,2641,46093,DJ Moore,WR,19.699996337890596
2023112700,2666,52451,Cole Kmet,TE,10.670000915527304
2023112700,2799,55887,Jordan Addison,WR,10.5899989318848
2023112700,2854,55887,Jordan Addison,WR,11.570000457763697
2023112700,2950,52581,Darnell Mooney,WR,16.2199992370605
2023112700,3132,46830,Brandon Powell,WR,12.579999847412104
2023112700,3183,55887,Jordan Addison,WR,20.939999084472696
2023112700,3310,47791,T.J. Hockenson,TE,21.560001831054706
2023112700,3338,47791,T.J. Hockenson,TE,23.679997253417994
2023112700,3439,46093,DJ Moore,WR,10.040003662109399
2023112700,3675,46093,DJ Moore,WR,12.589996948242202
2023112700,3809,46093,DJ Moore,WR,30.589999084472694
2023112700,3988,52584,K.J. Osborn,WR,17.6700012207031
2023113000,87,52425,CeeDee Lamb,WR,26.900001220703103
2023113000,112,52425,CeeDee Lamb,WR,12.5600006103516
2023113000,159,41246,Brandin Cooks,WR,25.1700012207031
2023113000,240,52425,CeeDee Lamb,WR,7.080000305175798
2023113000,263,54594,Jake Ferguson,TE,24.43000019073486
2023113000,286,53117,KaVontae Turpin,WR,17.2500004196167
2023113000,501,47847,DK Metcalf,WR,23.9300010681152
2023113000,607,54594,Jake Ferguson,TE,10.770000915527305
2023113000,693,52425,CeeDee Lamb,WR,26.78999998092651
2023113000,757,42412,Tyler Lockett,WR,5.469999389648397
2023113000,823,42412,Tyler Lockett,WR,17.0999995422363
2023113000,892,47847,DK Metcalf,WR,36.79999755859381
2023113000,1044,55923,Luke Schoonmaker,TE,11.079999084472703
2023113000,1108,52425,CeeDee Lamb,WR,8.829998626709
2023113000,1244,53117,KaVontae Turpin,WR,4.530003356933591
2023113000,1296,52425,CeeDee Lamb,WR,13.129998779296898
2023113000,1368,52425,CeeDee Lamb,WR,26.11000366210901
2023113000,1391,41246,Brandin Cooks,WR,14.070003051757993
2023113000,1455,47803,Noah Fant,TE,8.620003356933594
2023113000,1507,47847,DK Metcalf,WR,11.3000018310547
2023113000,1530,55884,Jaxon Smith-Njigba,WR,9.999999389648394
2023113000,1594,55884,Jaxon Smith-Njigba,WR,26.600000009536743
2023113000,1760,54594,Jake Ferguson,TE,5.559999847412101
2023113000,1832,52425,CeeDee Lamb,WR,12.069996643066403
2023113000,1970,53041,Rico Dowdle,RB,8.130002746582008
2023113000,1995,41246,Brandin Cooks,WR,22.239997863769503
2023113000,2222,55917,Zach Charbonnet,RB,15.090001220703101
2023113000,2267,55884,Jaxon Smith-Njigba,WR,11.659998779296899
2023113000,2343,42412,Tyler Lockett,WR,12.639999389648402
2023113000,2407,42412,Tyler Lockett,WR,14.299998474121104
2023113000,2455,42412,Tyler Lockett,WR,13.8100012207031
2023113000,2522,47847,DK Metcalf,WR,10.029999980926512
2023113000,2740,55884,Jaxon Smith-Njigba,WR,6.9300010681152
2023113000,2765,47847,DK Metcalf,WR,14.750001373291
2023113000,2850,46189,Will Dissly,TE,18.249997863770005
2023113000,2873,47847,DK Metcalf,WR,12.459997253417995
2023113000,3117,54594,Jake Ferguson,TE,13.2999987792969
2023113000,3236,52425,CeeDee Lamb,WR,16.649999389648396
2023113000,3431,47911,Tony Pollard,RB,13.759999656677248
2023113000,3537,47847,DK Metcalf,WR,24.4000009155273
2023113000,3560,42412,Tyler Lockett,WR,17.6100009155273
2023113000,3616,52425,CeeDee Lamb,WR,9.229999389648405
2023113000,3644,41246,Brandin Cooks,WR,10.620000457763702
2023113000,3669,52425,CeeDee Lamb,WR,8.740000152587896
2023113000,3692,47803,Noah Fant,TE,29.769999084472698
2023113000,3822,47847,DK Metcalf,WR,23.289999971389772
2023113000,3974,47911,Tony Pollard,RB,5.170000000000002
2023113000,4021,52425,CeeDee Lamb,WR,25.089996643065987
2023113000,4208,55884,Jaxon Smith-Njigba,WR,10.850000305175797
2023113000,4233,42412,Tyler Lockett,WR,28.069998321533205
2023113000,4326,52425,CeeDee Lamb,WR,11.979998321533202
2023113000,4385,46150,Michael Gallup,WR,17.879997253417997
2023113000,4408,52425,CeeDee Lamb,WR,10.630003051757797
2023113000,4433,52425,CeeDee Lamb,WR,9.189998474121097
2023113000,4523,54594,Jake Ferguson,TE,17.599999084472998
2023113000,4585,55884,Jaxon Smith-Njigba,WR,19.940000610351603
2023113000,4655,55884,Jaxon Smith-Njigba,WR,11.249998779296902
2023113000,4678,55884,Jaxon Smith-Njigba,WR,27.159999237060497
2023113000,4812,52425,CeeDee Lamb,WR,30.019999999999996
2023113000,4885,42412,Tyler Lockett,WR,26.349998779296897
2023113000,4915,47803,Noah Fant,TE,9.719997253418
2023113000,4940,47803,Noah Fant,TE,11.090001220703101
2023113000,4963,55884,Jaxon Smith-Njigba,WR,7.619998626709005
2023120300,55,42357,DeVante Parker,WR,14.860001831054703
2023120300,151,48456,Donald Parham,TE,10.829998779296904
2023120300,198,40024,Keenan Allen,WR,17.5700006103516
2023120300,276,53549,Rhamondre Stevenson,RB,6.969997863769507
2023120300,369,44874,JuJu Smith-Schuster,WR,13.240001220703093
2023120300,728,43324,Hunter Henry,TE,17.630003662109402
2023120300,751,44874,JuJu Smith-Schuster,WR,8.230003051757805
2023120300,794,44856,Gerald Everett,TE,12.019999465942401
2023120300,826,44856,Gerald Everett,TE,11.640000305175803
2023120300,895,40024,Keenan Allen,WR,24.010000762939505
2023120300,927,48456,Donald Parham,TE,31.119999313354498
2023120300,977,48556,Jalen Guyton,WR,10.830001068115202
2023120300,1028,43293,Ezekiel Elliott,RB,10.010000915527302
2023120300,1178,55885,Quentin Johnston,WR,9.479999084472702
2023120300,1247,44856,Gerald Everett,TE,21.5300001525879
2023120300,1270,40024,Keenan Allen,WR,26.720000038147
2023120300,1410,44874,JuJu Smith-Schuster,WR,35.440003662109405
2023120300,1533,48456,Donald Parham,TE,12.289998474121091
2023120300,1558,44856,Gerald Everett,TE,9.480003356933594
2023120300,1658,55061,Stone Smartt,TE,11.8000016784668
2023120300,1681,55885,Quentin Johnston,WR,9.639999084472706
2023120300,1838,43293,Ezekiel Elliott,RB,8.839999961853
2023120300,1896,55885,Quentin Johnston,WR,13.540000686645499
2023120300,1926,48556,Jalen Guyton,WR,28.68000034332275
2023120300,2086,45573,Austin Ekeler,RB,11.890001525878901
2023120300,2111,40024,Keenan Allen,WR,22.5400009155273
2023120300,2134,55885,Quentin Johnston,WR,18.47999755859381
2023120300,2212,42357,DeVante Parker,WR,19.9200015258789
2023120300,2302,42357,DeVante Parker,WR,36.0100018310547
2023120300,2510,52520,Joshua Kelley,RB,2.8600018310550013
2023120300,2535,55885,Quentin Johnston,WR,27.300000610351603
2023120300,2560,40024,Keenan Allen,WR,11.189999084472703
2023120300,2632,40024,Keenan Allen,WR,23.060000915527297
2023120300,2655,40024,Keenan Allen,WR,22.990000915527304
2023120300,2705,52520,Joshua Kelley,RB,2.8000001525878986
2023120300,2728,55885,Quentin Johnston,WR,28.249999542236303
2023120300,2794,42357,DeVante Parker,WR,31.280001373291
2023120300,2859,54515,Tyquan Thornton,WR,48.080000305175794
2023120300,2885,43324,Hunter Henry,TE,10.670000152587896
2023120300,2959,52429,Jalen Reagor,WR,15.570000915527302
2023120300,3023,40024,Keenan Allen,WR,14.6800010681152
2023120300,3070,44856,Gerald Everett,TE,10.310000915527304
2023120300,3139,48556,Jalen Guyton,WR,12.660001220703094
2023120300,3204,43293,Ezekiel Elliott,RB,10.699996643066413
2023120300,3284,43324,Hunter Henry,TE,11.149998168945295
2023120300,3380,40024,Keenan Allen,WR,14.350000915527303
2023120300,3449,52520,Joshua Kelley,RB,8.140001373291
2023120300,3479,48456,Donald Parham,TE,16.339996948242202
2023120300,3522,42357,DeVante Parker,WR,19.3300018310547
2023120300,3660,42357,DeVante Parker,WR,51.69000091552731
2023120300,3695,42357,DeVante Parker,WR,18.7799992370605
2023120300,3718,43324,Hunter Henry,TE,20.2000003051758
2023120300,3801,43663,Alex Erickson,WR,30.940000305175793
2023120301,186,54477,Jameson Williams,WR,19.319999542236303
2023120301,325,52942,Juwan Johnson,TE,14.689999084472703
2023120301,385,44930,Josh Reynolds,WR,15.199998168945001
2023120301,408,55899,Sam LaPorta,TE,16.309997558594006
2023120301,494,44879,Alvin Kamara,RB,9.459998168945305
2023120301,529,56060,A.T. Perry,WR,21.929999694824204
2023120301,607,55899,Sam LaPorta,TE,20.889999389648395
2023120301,632,53541,Amon-Ra St. Brown,WR,11.590002441406199
2023120301,806,47856,David Montgomery,RB,1.9400016784667997
2023120301,838,53541,Amon-Ra St. Brown,WR,17.2099984741211
2023120301,923,44947,Jamaal Williams,RB,5.489997863769503
2023120301,1001,52942,Juwan Johnson,TE,17.570001068115197
2023120301,1038,56060,A.T. Perry,WR,27.210000610351592
2023120301,1153,44930,Josh Reynolds,WR,21.970001831054702
2023120301,1326,44879,Alvin Kamara,RB,7.710001220703099
2023120301,1373,52942,Juwan Johnson,TE,7.299998626708998
2023120301,1431,56060,A.T. Perry,WR,33.48
2023120301,1502,44879,Alvin Kamara,RB,10.130000305175798
2023120301,1527,54476,Chris Olave,WR,21.7299996948242
2023120301,1586,35534,Jimmy Graham,TE,18.470003662109008
2023120301,1713,55899,Sam LaPorta,TE,6.790000610351612
2023120301,1790,54476,Chris Olave,WR,12.0600003051758
2023120301,1938,55899,Sam LaPorta,TE,9.470003356933589
2023120301,1963,55899,Sam LaPorta,TE,21.669999542236297
2023120301,2032,53541,Amon-Ra St. Brown,WR,24.269999237060496
2023120301,2146,53541,Amon-Ra St. Brown,WR,21.870000267028807
2023120301,2169,52595,Donovan Peoples-Jones,WR,19.48000009536743
2023120301,2298,52488,Lynn Bowden,WR,9.670000762939502
2023120301,2345,54476,Chris Olave,WR,46.670002136230494
2023120301,2370,44879,Alvin Kamara,RB,8.659999389648405
2023120301,2420,45244,Taysom Hill,QB,10.6099993896484
2023120301,2467,45244,Taysom Hill,QB,5.369996948242203
2023120301,2492,54476,Chris Olave,WR,38.969997558594
2023120301,2673,55899,Sam LaPorta,TE,9.560002441406198
2023120301,2724,54476,Chris Olave,WR,24.539998626709
2023120301,2756,47920,Foster Moreau,TE,10.410000915527306
2023120301,3000,53959,Brock Wright,TE,8.1299990844727
2023120301,3058,55899,Sam LaPorta,TE,26.129999237060495
2023120301,3360,47920,Foster Moreau,TE,11.590001525878904
2023120301,3497,44879,Alvin Kamara,RB,8.3699995422363
2023120301,3601,54476,Chris Olave,WR,22.0799993133545
2023120301,3753,55899,Sam LaPorta,TE,10.120000000000001
2023120301,3783,47856,David Montgomery,RB,9.109999847412105
2023120301,3843,44879,Alvin Kamara,RB,7.219997253418001
2023120301,3965,54476,Chris Olave,WR,15.149999694824196
2023120301,3988,44879,Alvin Kamara,RB,15.439998474121104
2023120301,4014,54476,Chris Olave,WR,21.789999542236302
2023120301,4059,53541,Amon-Ra St. Brown,WR,22.829999389648393
2023120301,4089,55899,Sam LaPorta,TE,17.2600016784668
2023120301,4165,44930,Josh Reynolds,WR,11.3899969482422
2023120302,104,53433,Kyle Pitts,TE,21.3800009155273
2023120302,174,53433,Kyle Pitts,TE,22.1600018310547
2023120302,283,54501,Breece Hall,RB,11.009999694824202
2023120302,395,55872,Bijan Robinson,RB,11.46
2023120302,418,53433,Kyle Pitts,TE,33.699998779296905
2023120302,512,44853,Dalvin Cook,RB,11.269998168945293
2023120302,625,46226,Tyler Conklin,TE,18.440000457763702
2023120302,877,46226,Tyler Conklin,TE,25.949999084472694
2023120302,1001,54473,Drake London,WR,20.759996948242204
2023120302,1194,53433,Kyle Pitts,TE,22.780000305175804
2023120302,1246,42486,MyCole Pruitt,TE,31.60000020980835
2023120302,1366,54475,Garrett Wilson,WR,15.7400009155273
2023120302,1391,56252,Xavier Gipson,WR,39.360002441406195
2023120302,1476,46226,Tyler Conklin,TE,11.719999999999999
2023120302,1545,56252,Xavier Gipson,WR,4.299997558593802
2023120302,1575,46226,Tyler Conklin,TE,9.079998779297
2023120302,1768,39975,Cordarrelle Patterson,RB,15.11
2023120302,1793,53433,Kyle Pitts,TE,11.9399987792969
2023120302,1978,46226,Tyler Conklin,TE,34.019998779296905
2023120302,2060,55872,Bijan Robinson,RB,9.6599995422363
2023120302,2085,44912,Jonnu Smith,TE,5.469998474121098
2023120302,2144,54473,Drake London,WR,13.970000762939502
2023120302,2175,55872,Bijan Robinson,RB,10.589999771118201
2023120302,2253,44912,Jonnu Smith,TE,13.559999847412108
2023120302,2344,54475,Garrett Wilson,WR,33.5600009155273
2023120302,2401,54501,Breece Hall,RB,5.8299996948241954
2023120302,2449,54475,Garrett Wilson,WR,15.610002136230491
2023120302,2554,54475,Garrett Wilson,WR,27.050001525878912
2023120302,2746,55872,Bijan Robinson,RB,7.029999694824198
2023120302,2876,53433,Kyle Pitts,TE,18.429998931884803
2023120302,2923,44912,Jonnu Smith,TE,13.7300018310547
2023120302,3005,55872,Bijan Robinson,RB,8.149999237060499
2023120302,3074,54566,Jeremy Ruckert,TE,16.7499995422363
2023120302,3121,54475,Garrett Wilson,WR,10.170000457763699
2023120302,3251,46992,KhaDarel Hodge,WR,14.050003356933587
2023120302,3322,54475,Garrett Wilson,WR,33.1400036621094
2023120302,3463,53433,Kyle Pitts,TE,21.999998779296902
2023120302,3545,53433,Kyle Pitts,TE,18.100000610351607
2023120302,3588,46226,Tyler Conklin,TE,22.540001525878907
2023120302,3646,54475,Garrett Wilson,WR,10.919997558593806
2023120302,3669,54501,Breece Hall,RB,6.8400030517578045
2023120302,3715,44853,Dalvin Cook,RB,9.379999999999995
2023120302,3813,54473,Drake London,WR,53.8900009155273
2023120302,3858,54473,Drake London,WR,27.1399989318848
2023120302,3977,54501,Breece Hall,RB,10.330001831054702
2023120302,4135,54566,Jeremy Ruckert,TE,13.209999999999994
2023120302,4392,46226,Tyler Conklin,TE,32.110002746582
2023120302,4415,46226,Tyler Conklin,TE,27.92000366210941
2023120302,4472,56252,Xavier Gipson,WR,31.239997253417997
2023120302,4502,56252,Xavier Gipson,WR,34.3299996948242
2023120302,4525,54501,Breece Hall,RB,4.379996643066406
2023120303,75,54517,George Pickens,WR,12.890001831054704
2023120303,122,54517,George Pickens,WR,40.6499989318848
2023120303,176,54517,George Pickens,WR,11.899999542236301
2023120303,317,48646,Greg Dortch,WR,19.0299996948242
2023120303,484,54520,Trey McBride,TE,13.9199983215332
2023120303,651,53478,Rondale Moore,WR,9.569996643066403
2023120303,681,54520,Trey McBride,TE,10.550003662109404
2023120303,771,47849,Diontae Johnson,WR,10.01999938964839
2023120303,801,54905,Jaylen Warren,RB,5.859999084472705
2023120303,1197,53478,Rondale Moore,WR,49.0300000762939
2023120303,1378,54517,George Pickens,WR,10.680002441406195
2023120303,1472,53484,Pat Freiermuth,TE,9.9400003051758
2023120303,1589,42589,Geoff Swaim,TE,7.2200021362299935
2023120303,1646,56062,Elijah Higgins,TE,12.279996337890594
2023120303,1794,54520,Trey McBride,TE,24.389998779296903
2023120303,1945,54520,Trey McBride,TE,15.0899995422363
2023120303,1999,54520,Trey McBride,TE,19.39999996185303
2023120303,2072,54520,Trey McBride,TE,10.6300002670288
2023120303,2267,47808,Marquise Brown,WR,11.739997863769503
2023120303,2332,54673,Connor Heyward,TE,10.5099997711182
2023120303,2362,53484,Pat Freiermuth,TE,12.409999084472698
2023120303,2471,41290,Allen Robinson,WR,13.0499984741211
2023120303,2523,44917,James Conner,RB,27.900000114440903
2023120303,2803,53484,Pat Freiermuth,TE,12.529999389648403
2023120303,2850,47849,Diontae Johnson,WR,55.049998779297006
2023120303,2919,54517,George Pickens,WR,34.4700021362305
2023120303,2971,54905,Jaylen Warren,RB,6.870000915527299
2023120303,2994,54673,Connor Heyward,TE,33.249996643066
2023120303,3038,42589,Geoff Swaim,TE,12.400002136230498
2023120303,3226,48646,Greg Dortch,WR,22.8100018310547
2023120303,3494,54520,Trey McBride,TE,7.839997863769497
2023120303,3627,41290,Allen Robinson,WR,15.930000610351598
2023120303,3652,53453,Najee Harris,RB,13.4399987792969
2023120303,3699,53453,Najee Harris,RB,8.810003051757803
2023120303,3747,41290,Allen Robinson,WR,10.9800003051758
2023120303,3826,47849,Diontae Johnson,WR,31.119999313354498
2023120303,3873,47849,Diontae Johnson,WR,10.4500001907349
2023120304,77,44896,Chris Godwin Jr.,WR,12.219998168945295
2023120304,254,56056,Trey Palmer,WR,11.910002441406192
2023120304,354,55904,Jonathan Mingo,WR,23.950001831054706
2023120304,443,41233,Mike Evans,WR,9.529998626709002
2023120304,490,56056,Trey Palmer,WR,11.450001220703093
2023120304,538,56056,Trey Palmer,WR,18.879999389648397
2023120304,565,41233,Mike Evans,WR,33.189999084472696
2023120304,790,40488,Adam Thielen,WR,12.040002136230498
2023120304,820,46170,Ian Thomas,TE,8.110001220703097
2023120304,882,40488,Adam Thielen,WR,21.389999084472706
2023120304,951,55904,Jonathan Mingo,WR,8.4000001525879
2023120304,1034,55904,Jonathan Mingo,WR,12.609998168944998
2023120304,1218,55904,Jonathan Mingo,WR,8.769998474121103
2023120304,1371,41233,Mike Evans,WR,37.55999969482419
2023120304,1626,41233,Mike Evans,WR,14.630000915527305
2023120304,1700,41233,Mike Evans,WR,32.329998168945295
2023120304,1850,41233,Mike Evans,WR,18.06000366210941
2023120304,1880,56056,Trey Palmer,WR,11.240002746582007
2023120304,1905,56056,Trey Palmer,WR,16.8400012207031
2023120304,2004,54556,Rachaad White,RB,6.940003662109405
2023120304,2078,46130,D.J. Chark,WR,25.6599983215332
2023120304,2108,55904,Jonathan Mingo,WR,37.61999877929691
2023120304,2131,46130,D.J. Chark,WR,9.859996948242198
2023120304,2208,40488,Adam Thielen,WR,30.39999664306641
2023120304,2334,52659,Stephen Sullivan,TE,21.179996643066403
2023120304,2429,41233,Mike Evans,WR,22.0899981689453
2023120304,2501,55904,Jonathan Mingo,WR,10.830001831054702
2023120304,2588,44896,Chris Godwin Jr.,WR,35.4999987792969
2023120304,2618,55075,Deven Thompkins,WR,9.6299989318848
2023120304,2718,53658,Mike Strachan,WR,24.279999389648403
2023120304,2741,52659,Stephen Sullivan,TE,21.99000076293951
2023120304,2788,55904,Jonathan Mingo,WR,20.8799989318848
2023120304,2894,41233,Mike Evans,WR,23.499999694824197
2023120304,3013,40488,Adam Thielen,WR,19.260003356933595
2023120304,3059,46130,D.J. Chark,WR,24.3200021362305
2023120304,3166,41233,Mike Evans,WR,22.55
2023120304,3293,47836,Miles Sanders,RB,13.2700018310547
2023120304,3367,54556,Rachaad White,RB,7.430001220703097
2023120304,3442,41233,Mike Evans,WR,49.5700002288818
2023120304,3694,47836,Miles Sanders,RB,5.939999694824195
2023120304,3719,55904,Jonathan Mingo,WR,12.5799993896484
2023120304,3804,55904,Jonathan Mingo,WR,19.7900009155273
2023120304,3827,46130,D.J. Chark,WR,37.7100021362305
2023120304,3852,40488,Adam Thielen,WR,12.079999999999998
2023120304,3960,41233,Mike Evans,WR,10.370002136230497
2023120304,4035,44896,Chris Godwin Jr.,WR,23.879998474121102
2023120304,4152,40488,Adam Thielen,WR,26.680000305175795
2023120304,4206,41233,Mike Evans,WR,5.709999237060494
2023120305,84,54608,Chig Okonkwo,TE,31.809998474121095
2023120305,114,54608,Chig Okonkwo,TE,33.57000244140599
2023120305,232,56027,Will Mallory,TE,8.1500009155273
2023120305,273,54518,Alec Pierce,WR,50.840000076293954
2023120305,388,43334,Derrick Henry,RB,11.349998626708995
2023120305,568,39973,DeAndre Hopkins,WR,37.939997253418
2023120305,723,55946,Tyjae Spears,RB,6.089999389648405
2023120305,988,43396,Chris Moore,WR,14.269997863769504
2023120305,1067,56012,Josh Whyle,TE,17.910001831055
2023120305,1112,39973,DeAndre Hopkins,WR,21.960003662109003
2023120305,1243,55944,Josh Downs,WR,16.459998168945297
2023120305,1292,39973,DeAndre Hopkins,WR,27.7399990844727
2023120305,1445,39973,DeAndre Hopkins,WR,26.6600007629395
2023120305,1543,54798,Tyler Goodson,RB,6.7399990844727
2023120305,1606,53556,Kylen Granson,TE,29.3799990844727
2023120305,1645,52494,Zack Moss,RB,8.950003051757804
2023120305,1670,52442,Michael Pittman,WR,18.390001831054704
2023120305,1721,52442,Michael Pittman,WR,7.659996337890988
2023120305,1755,54518,Alec Pierce,WR,21.589996337890994
2023120305,1884,39973,DeAndre Hopkins,WR,9.920002136230494
2023120305,1960,52442,Michael Pittman,WR,11.29
2023120305,1985,55944,Josh Downs,WR,9.030000762939501
2023120305,2032,53517,Trey Sermon,RB,9.510001831054701
2023120305,2058,52442,Michael Pittman,WR,10.970000457763703
2023120305,2107,53556,Kylen Granson,TE,35.680002441406195
2023120305,2340,55944,Josh Downs,WR,11.879998474121095
2023120305,2363,52442,Michael Pittman,WR,8.799997558593809
2023120305,2416,52442,Michael Pittman,WR,10.699997863769497
2023120305,2601,52442,Michael Pittman,WR,11.3400015258789
2023120305,2648,54518,Alec Pierce,WR,51.620003356933594
2023120305,2693,52442,Michael Pittman,WR,11.9399987792969
2023120305,2743,56027,Will Mallory,TE,7.710003356933591
2023120305,2863,52442,Michael Pittman,WR,12.1100030517578
2023120305,2891,52442,Michael Pittman,WR,11.0399993896484
2023120305,2914,52442,Michael Pittman,WR,10.729999084472695
2023120305,3117,55946,Tyjae Spears,RB,10.440001220703095
2023120305,3169,54798,Tyler Goodson,RB,2.470000610351601
2023120305,3201,54657,Andrew Ogletree,TE,13.259998931884802
2023120305,3282,39973,DeAndre Hopkins,WR,29.11000030517581
2023120305,3339,55946,Tyjae Spears,RB,7.050000915527306
2023120305,3481,39973,DeAndre Hopkins,WR,12.700001220703097
2023120305,3709,53074,Nick Westbrook-Ikhine,WR,20.7299981689453
2023120305,3776,56012,Josh Whyle,TE,6.880001220703093
2023120305,3809,53074,Nick Westbrook-Ikhine,WR,17.1099969482422
2023120305,3959,39973,DeAndre Hopkins,WR,17.859999389647996
2023120305,4061,53556,Kylen Granson,TE,11.790001831054695
2023120305,4166,39973,DeAndre Hopkins,WR,11.489998931884799
2023120305,4189,54608,Chig Okonkwo,TE,7.160001678466799
2023120305,4241,52442,Michael Pittman,WR,19.1499963378906
2023120305,4264,54518,Alec Pierce,WR,14.019996337890603
2023120305,4340,39973,DeAndre Hopkins,WR,16.389998626708998
2023120305,4370,39973,DeAndre Hopkins,WR,27.7300010681152
2023120305,4440,54608,Chig Okonkwo,TE,12.530000305175804
2023120305,4928,54608,Chig Okonkwo,TE,12.4199969482422
2023120305,5057,52442,Michael Pittman,WR,12.279997558593806
2023120305,5135,54518,Alec Pierce,WR,42.039999694824196
2023120305,5160,54518,Alec Pierce,WR,8.5299995422363
2023120305,5186,52442,Michael Pittman,WR,15.000000190734859
2023120306,77,54481,Jahan Dotson,WR,8.030000305175804
2023120306,192,44852,Curtis Samuel,WR,11.61
2023120306,261,44852,Curtis Samuel,WR,8.579999694824203
2023120306,286,53553,John Bates,TE,14.07999755859381
2023120306,329,53435,Jaylen Waddle,WR,5.220003356933589
2023120306,388,43454,Tyreek Hill,WR,31.090001831054707
2023120306,479,41349,Logan Thomas,TE,18.1400006103516
2023120306,603,53435,Jaylen Waddle,WR,22.060000915527297
2023120306,672,48233,Alec Ingold,FB,4.729999237060497
2023120306,852,53435,Jaylen Waddle,WR,21.920000610351607
2023120306,1173,47859,Terry McLaurin,WR,43.0700002670288
2023120306,1196,44852,Curtis Samuel,WR,31.9599993896484
2023120306,1428,53435,Jaylen Waddle,WR,54.769997253418
2023120306,1480,43454,Tyreek Hill,WR,45.9600021362305
2023120306,1620,54481,Jahan Dotson,WR,12.810001525878896
2023120306,1838,43454,Tyreek Hill,WR,23.5399987792969
2023120306,1948,42718,Raheem Mostert,RB,3.4700015258788994
2023120306,1980,53435,Jaylen Waddle,WR,19.909997863770002
2023120306,2224,43454,Tyreek Hill,WR,9.820003356933597
2023120306,2249,55949,De'Von Achane,RB,12.439997558593802
2023120306,2296,45900,River Cracraft,WR,15.930000305175803
2023120306,2346,56410,Julian Hill,TE,13.3000007629395
2023120306,2465,52474,Antonio Gibson,RB,29.990003051757796
2023120306,2534,54481,Jahan Dotson,WR,19.180002746582005
2023120306,2564,47859,Terry McLaurin,WR,25.749996643065998
2023120306,2609,52474,Antonio Gibson,RB,3.2799981689452977
2023120306,2753,55949,De'Von Achane,RB,21.930001831054696
2023120306,2776,43454,Tyreek Hill,WR,35.2199992370605
2023120306,2825,52474,Antonio Gibson,RB,2.2900001525879006
2023120306,2971,54614,Cole Turner,TE,10.869998321533203
2023120306,3051,56410,Julian Hill,TE,4.890001373291
2023120306,3120,53435,Jaylen Waddle,WR,9.489999389648396
2023120307,146,46109,Courtland Sutton,WR,38.1700004577637
2023120307,169,46109,Courtland Sutton,WR,50.470003662109406
2023120307,233,53576,Brevin Jordan,TE,11.109999694824197
2023120307,265,48096,Andrew Beck,FB,7.700000381469703
2023120307,345,48096,Andrew Beck,FB,10.5199993133545
2023120307,495,53518,Nico Collins,WR,56.119999694824195
2023120307,559,53518,Nico Collins,WR,12.4099992370605
2023120307,672,53518,Nico Collins,WR,25.100000047683718
2023120307,719,53518,Nico Collins,WR,19.889999997615813
2023120307,808,48541,Lil'Jordan Humphrey,WR,10.660000305175803
2023120307,964,53518,Nico Collins,WR,38.00000213623049
2023120307,1045,47857,Devin Singletary,RB,8.869998779296907
2023120307,1208,55928,Marvin Mims Jr.,WR,57.6299990844727
2023120307,1324,53576,Brevin Jordan,TE,18.670000915527304
2023120307,1450,54509,John Metchie III,WR,27.020002136230495
2023120307,1671,46109,Courtland Sutton,WR,34.0200003814697
2023120307,1694,44927,Samaje Perine,RB,8.979999084472702
2023120307,1741,52513,Adam Trautman,TE,8.870001220703095
2023120307,1795,52423,Jerry Jeudy,WR,10.560000686645502
2023120307,1975,54509,John Metchie III,WR,39.9300009155273
2023120307,2246,53518,Nico Collins,WR,26.930000305175795
2023120307,2443,53464,Javonte Williams,RB,10.839997253417991
2023120307,2468,44927,Samaje Perine,RB,6.570001525878908
2023120307,2520,53576,Brevin Jordan,TE,12.1699998474121
2023120307,2579,45052,Noah Brown,WR,33.0199983215332
2023120307,2703,46109,Courtland Sutton,WR,49.8799998474121
2023120307,2773,44987,Eric Saubert,TE,11.019999694824197
2023120307,2798,53518,Nico Collins,WR,9.579998474121101
2023120307,2845,45052,Noah Brown,WR,17.2999981689453
2023120307,2992,53576,Brevin Jordan,TE,14.16999786376951
2023120307,3064,53518,Nico Collins,WR,19.780000095367427
2023120307,3206,52423,Jerry Jeudy,WR,34.49
2023120307,3329,53518,Nico Collins,WR,26.20000061035161
2023120307,3411,46109,Courtland Sutton,WR,39.6800030517578
2023120307,3463,54509,John Metchie III,WR,7.140000000000001
2023120307,3546,53518,Nico Collins,WR,12.180001068115196
2023120307,3660,46109,Courtland Sutton,WR,32.3599989318848
2023120307,3790,56513,Jaleel McLaughlin,RB,1.2200030517578
2023120307,3873,53464,Javonte Williams,RB,10.339997558593808
2023120307,3898,52423,Jerry Jeudy,WR,9.120002136230497
2023120307,3987,52513,Adam Trautman,TE,25.71999969482401
2023120307,4040,55127,Lucas Krull,TE,26.880000610352
2023120308,55,42347,Amari Cooper,WR,11.880001831054699
2023120308,146,55939,Cedric Tillman,WR,35.6499989318848
2023120308,169,42347,Amari Cooper,WR,22.610001068115203
2023120308,194,54621,Jerome Ford,RB,10.14
2023120308,241,54621,Jerome Ford,RB,25.670000381469702
2023120308,363,56042,Puka Nacua,WR,12.080001220703096
2023120308,453,43415,Demarcus Robinson,WR,9.230001831054707
2023120308,483,56042,Puka Nacua,WR,14.660002136230503
2023120308,600,55939,Cedric Tillman,WR,18.240003051757796
2023120308,649,53486,Tutu Atwell,WR,9.570000305175803
2023120308,686,56042,Puka Nacua,WR,28.270000305175806
2023120308,750,52523,Harrison Bryant,TE,23.1099969482422
2023120308,775,42347,Amari Cooper,WR,7.0499993896483915
2023120308,798,54621,Jerome Ford,RB,4.940000610351603
2023120308,823,55939,Cedric Tillman,WR,59.87000061035161
2023120308,888,44881,Cooper Kupp,WR,10.209999847412103
2023120308,929,53486,Tutu Atwell,WR,35.900001373291005
2023120308,1032,56042,Puka Nacua,WR,33.48000030517599
2023120308,1090,56042,Puka Nacua,WR,9.110001220703097
2023120308,1178,53463,Elijah Moore,WR,19.9399987792969
2023120308,1230,55939,Cedric Tillman,WR,20.400000610351597
2023120308,1326,44881,Cooper Kupp,WR,9.969999999999999
2023120308,1410,44898,Kareem Hunt,RB,3.189999694824195
2023120308,1442,42347,Amari Cooper,WR,13.000001678466795
2023120308,1467,42347,Amari Cooper,WR,11.409996337890597
2023120308,1522,56042,Puka Nacua,WR,24.679997253417994
2023120308,1607,53678,Ben Skowronek,WR,13.89000030517579
2023120308,1676,53463,Elijah Moore,WR,12.3600004577637
2023120308,1711,53463,Elijah Moore,WR,43.2000007629395
2023120308,1816,44881,Cooper Kupp,WR,16.86
2023120308,1866,53463,Elijah Moore,WR,48.20000061035161
2023120308,2069,53463,Elijah Moore,WR,31.540001831054994
2023120308,2150,54629,Kyren Williams,RB,6.550002441406193
2023120308,2182,43399,Tyler Higbee,TE,12.029996337890594
2023120308,2207,44881,Cooper Kupp,WR,13.680000000000007
2023120308,2230,53678,Ben Skowronek,WR,11.740000305175805
2023120308,2260,43399,Tyler Higbee,TE,8.820000152587902
2023120308,2290,44881,Cooper Kupp,WR,10.829999999999998
2023120308,2320,53678,Ben Skowronek,WR,29.66999977111816
2023120308,2370,54629,Kyren Williams,RB,16.0799999237061
2023120308,2564,54629,Kyren Williams,RB,4.3600007629394995
2023120308,2594,56042,Puka Nacua,WR,31.1099963378906
2023120308,2635,55939,Cedric Tillman,WR,18.689999084472703
2023120308,2692,44841,David Njoku,TE,10.030001831054705
2023120308,2717,52523,Harrison Bryant,TE,19.140003662109407
2023120308,2771,44841,David Njoku,TE,14.439999694824202
2023120308,2859,54564,David Bell,WR,13.129998474121102
2023120308,2884,54564,David Bell,WR,15.909998931884807
2023120308,2997,53463,Elijah Moore,WR,25.830000305175798
2023120308,3067,44841,David Njoku,TE,15.34000015258789
2023120308,3144,44881,Cooper Kupp,WR,8.329999999999998
2023120308,3271,43399,Tyler Higbee,TE,11.470000915527308
2023120308,3333,43415,Demarcus Robinson,WR,32.5999990844727
2023120308,3385,43415,Demarcus Robinson,WR,17.43999633789099
2023120308,3449,44841,David Njoku,TE,31.2999996948242
2023120308,3472,46167,Jordan Akins,TE,11.980001831054707
2023120308,3562,53463,Elijah Moore,WR,14.960000305175804
2023120308,3620,55939,Cedric Tillman,WR,13.739998474121101
2023120308,3668,52523,Harrison Bryant,TE,10.609998779296902
2023120308,3693,52523,Harrison Bryant,TE,8.579997863769506
2023120308,3768,52523,Harrison Bryant,TE,9.32000335693401
2023120308,3889,43415,Demarcus Robinson,WR,27.769999999999996
2023120308,3923,54629,Kyren Williams,RB,12.5500018310547
2023120308,3974,53463,Elijah Moore,WR,49.43999969482421
2023120308,4030,44881,Cooper Kupp,WR,8.6100007629395
2023120308,4104,44881,Cooper Kupp,WR,10.0100001144409
2023120308,4231,53463,Elijah Moore,WR,24.1499981689453
2023120308,4254,44841,David Njoku,TE,15.579999389648403
2023120308,4279,43415,Demarcus Robinson,WR,23.5499999237061
2023120308,4564,53463,Elijah Moore,WR,19.520001373291002
2023120309,55,52443,D'Andre Swift,RB,11.3000010681152
2023120309,100,47834,A.J. Brown,WR,14.619999847412103
2023120309,147,52608,Quez Watkins,WR,15.270000915527305
2023120309,292,47834,A.J. Brown,WR,19.320002136230002
2023120309,528,47834,A.J. Brown,WR,11.170000305175805
2023120309,560,53439,DeVonta Smith,WR,13.639998168945297
2023120309,637,53439,DeVonta Smith,WR,14.339998779296906
2023120309,667,53439,DeVonta Smith,WR,12.040002441406187
2023120309,697,47834,A.J. Brown,WR,11.4299963378906
2023120309,742,53579,Kenneth Gainwell,RB,10.829997558593803
2023120309,853,44959,George Kittle,TE,8.890002746581999
2023120309,1122,52433,Brandon Aiyuk,WR,10.9199992370605
2023120309,1147,44959,George Kittle,TE,11.789999847412101
2023120309,1172,52433,Brandon Aiyuk,WR,12.0500006103516
2023120309,1224,47819,Deebo Samuel Sr.,WR,8.189999847412103
2023120309,1271,44959,George Kittle,TE,7.400000610351604
2023120309,1330,44959,George Kittle,TE,5.290000000000006
2023120309,1387,52433,Brandon Aiyuk,WR,18.84999694824201
2023120309,1524,53579,Kenneth Gainwell,RB,8.080001831054702
2023120309,1549,52608,Quez Watkins,WR,49.739999923706094
2023120309,1678,44959,George Kittle,TE,17.5000015258789
2023120309,1759,52433,Brandon Aiyuk,WR,22.979996643066407
2023120309,1784,52625,Jauan Jennings,WR,20.96000152587891
2023120309,2068,52433,Brandon Aiyuk,WR,11.4899996948242
2023120309,2091,52625,Jauan Jennings,WR,16.260001373291
2023120309,2116,44959,George Kittle,TE,15.210001831054704
2023120309,2163,44820,Christian McCaffrey,RB,24.0499981689453
2023120309,2317,47834,A.J. Brown,WR,21.4199981689453
2023120309,2395,53439,DeVonta Smith,WR,23.649999084472697
2023120309,2425,53439,DeVonta Smith,WR,14.600000000000001
2023120309,2518,47834,A.J. Brown,WR,11.660000152587902
2023120309,2684,52433,Brandon Aiyuk,WR,19.429999694824197
2023120309,2736,47819,Deebo Samuel Sr.,WR,12.069999389648395
2023120309,2853,52443,D'Andre Swift,RB,10.589996948242202
2023120309,2965,44820,Christian McCaffrey,RB,9.470000305175802
2023120309,3077,52625,Jauan Jennings,WR,17.169999542236297
2023120309,3168,44820,Christian McCaffrey,RB,16.830000457763703
2023120309,3198,52625,Jauan Jennings,WR,13.379999618530295
2023120309,3272,53439,DeVonta Smith,WR,21.589998779296902
2023120309,3331,52443,D'Andre Swift,RB,1.259999237060498
2023120309,3427,53439,DeVonta Smith,WR,12.649999084472697
2023120309,3452,47834,A.J. Brown,WR,24.220002746582004
2023120309,3477,47834,A.J. Brown,WR,13.900000610351611
2023120309,3507,52608,Quez Watkins,WR,18.670000610352005
2023120309,3537,53439,DeVonta Smith,WR,12.52000152587901
2023120309,3623,47834,A.J. Brown,WR,7.569998474120993
2023120309,3646,53439,DeVonta Smith,WR,21.669997558594005
2023120309,3832,52526,Albert Okwuegbunam,TE,15.2699993133545
2023120309,3867,53579,Kenneth Gainwell,RB,9.6099999237061
2023120309,3892,52608,Quez Watkins,WR,16.9100003051758
2023120309,3963,46270,Boston Scott,RB,17.1000021362305
2023120309,3993,53579,Kenneth Gainwell,RB,12.859998779296902
2023120309,4042,52443,D'Andre Swift,RB,14.230002746582002
2023120309,4090,53439,DeVonta Smith,WR,40.979997863769995
2023120310,102,54499,Christian Watson,WR,28.300000305175807
2023120310,221,55943,Tucker Kraft,TE,12.140001525878901
2023120310,303,56024,Dontayvion Wicks,WR,11.809999160766601
2023120310,360,56529,Ben Sims,TE,11.28999980926514
2023120310,490,54716,Isiah Pacheco,RB,4.2699989318848
2023120310,515,54716,Isiah Pacheco,RB,6.129999237060495
2023120310,562,40011,Travis Kelce,TE,20.019998474121095
2023120310,648,46243,Marquez Valdes-Scantling,WR,20.32999664306641
2023120310,816,55943,Tucker Kraft,TE,16.020000610351598
2023120310,868,56024,Dontayvion Wicks,WR,29.9800018310547
2023120310,970,54499,Christian Watson,WR,17.060002746582
2023120310,1000,54499,Christian Watson,WR,20.759996337890996
2023120310,1079,54716,Isiah Pacheco,RB,4.379996337890603
2023120310,1104,54519,Skyy Moore,WR,12.54999633789059
2023120310,1151,40011,Travis Kelce,TE,18.930000000000007
2023120310,1252,55920,Rashee Rice,WR,13.630000839233396
2023120310,1360,55920,Rashee Rice,WR,9.5299996185303
2023120310,1477,54597,Romeo Doubs,WR,11.269999694824197
2023120310,1509,54499,Christian Watson,WR,16.9700015258789
2023120310,1614,52875,Patrick Taylor,RB,12.309997558593807
2023120310,1777,40011,Travis Kelce,TE,22.769998779296902
2023120310,1938,40011,Travis Kelce,TE,24.3000018310547
2023120310,2144,52470,AJ Dillon,RB,6.640001525878901
2023120310,2206,55915,Jayden Reed,WR,6.530001220703099
2023120310,2231,55915,Jayden Reed,WR,15.399998474121098
2023120310,2256,54597,Romeo Doubs,WR,42.01000061035161
2023120310,2303,54499,Christian Watson,WR,28.140000019073486
2023120310,2434,46309,Richie James,WR,8.780001373291
2023120310,2673,52440,Clyde Edwards-Helaire,RB,1.7200002670287997
2023120310,2696,53591,Noah Gray,TE,10.170000038146972
2023120310,2809,54499,Christian Watson,WR,9.060001373291001
2023120310,2839,54499,Christian Watson,WR,14.940000457763702
2023120310,2888,54597,Romeo Doubs,WR,28.219999389648393
2023120310,2911,56024,Dontayvion Wicks,WR,25.7699995422363
2023120310,3005,46243,Marquez Valdes-Scantling,WR,39.8700001525879
2023120310,3028,46309,Richie James,WR,18.279997558593806
2023120310,3133,54597,Romeo Doubs,WR,33.660001373291
2023120310,3185,56220,Malik Heath,WR,23.729999999999997
2023120310,3230,54499,Christian Watson,WR,23.8199990844727
2023120310,3253,56220,Malik Heath,WR,11.929998474121092
2023120310,3392,55920,Rashee Rice,WR,18.940003662109405
2023120310,3451,54519,Skyy Moore,WR,19.11000030517581
2023120310,3542,55943,Tucker Kraft,TE,28.11
2023120310,3798,54716,Isiah Pacheco,RB,12.100001831054698
2023120310,3871,55920,Rashee Rice,WR,6.730000152587898
2023120310,3976,46243,Marquez Valdes-Scantling,WR,52.2799996948242
2023120310,3999,52440,Clyde Edwards-Helaire,RB,11.690000915527307
2023120310,4024,46243,Marquez Valdes-Scantling,WR,18.3000003051758
2023120310,4054,46243,Marquez Valdes-Scantling,WR,43.36999980926514
2023120400,107,46797,Tanner Hudson,TE,9.599999847412104
2023120400,132,43344,Tyler Boyd,WR,10.059999542236298
2023120400,215,53434,Ja'Marr Chase,WR,11.340000915527298
2023120400,260,46116,Christian Kirk,WR,30.729998779296906
2023120400,351,46095,Calvin Ridley,WR,3.3700009155272994
2023120400,502,53434,Ja'Marr Chase,WR,3.050000610351603
2023120400,574,53434,Ja'Marr Chase,WR,2.540003662109399
2023120400,679,46095,Calvin Ridley,WR,50.0500001525879
2023120400,864,53434,Ja'Marr Chase,WR,25.8700024414062
2023120400,889,48471,Trenton Irwin,WR,22.779998779296903
2023120400,914,43344,Tyler Boyd,WR,5.579998779296901
2023120400,942,46797,Tanner Hudson,TE,15.670000915527304
2023120400,970,52441,Tee Higgins,WR,16.299999465942403
2023120400,1060,53574,Luke Farrell,TE,12.4299989318848
2023120400,1167,44835,Evan Engram,TE,10.689999084472696
2023120400,1284,46095,Calvin Ridley,WR,25.99000244140619
2023120400,1378,52441,Tee Higgins,WR,9.460002746582006
2023120400,1403,52673,Mitchell Wilcox,TE,4.5199984741210955
2023120400,1472,44860,Joe Mixon,RB,11.169998931884798
2023120400,1547,43344,Tyler Boyd,WR,19.6100006866455
2023120400,1606,47835,Drew Sample,TE,17.830000686645498
2023120400,1728,53454,Travis Etienne,RB,10.060001220703096
2023120400,1753,44849,Zay Jones,WR,13.620000152587899
2023120400,1803,46095,Calvin Ridley,WR,40.9799996948242
2023120400,1945,53707,Tim Jones,WR,18.259998626709
2023120400,1968,56050,Parker Washington,WR,16.889998168945297
2023120400,2064,46797,Tanner Hudson,TE,12.54999633789059
2023120400,2089,53434,Ja'Marr Chase,WR,27.38999664306641
2023120400,2160,44849,Zay Jones,WR,27.8199993896484
2023120400,2210,46095,Calvin Ridley,WR,46.3400006103516
2023120400,2257,44849,Zay Jones,WR,17.940000457763702
2023120400,2380,56050,Parker Washington,WR,19.939998474121097
2023120400,2409,53454,Travis Etienne,RB,5.219998779296901
2023120400,2457,56050,Parker Washington,WR,30.299997558594
2023120400,2589,46095,Calvin Ridley,WR,8.140001220702999
2023120400,2865,56050,Parker Washington,WR,8.0400006866455
2023120400,2958,44849,Zay Jones,WR,48.91999969482419
2023120400,3063,53434,Ja'Marr Chase,WR,16.090003356933593
2023120400,3137,43344,Tyler Boyd,WR,11.090000305175792
2023120400,3162,53434,Ja'Marr Chase,WR,10.389997863770006
2023120400,3185,53434,Ja'Marr Chase,WR,10.990000915527006
2023120400,3293,44835,Evan Engram,TE,27.469997558593803
2023120400,3375,44849,Zay Jones,WR,21.0100009155273
2023120400,3453,47605,D'Ernest Johnson,RB,8.2900001525879
2023120400,3529,43344,Tyler Boyd,WR,8.909998779296906
2023120400,3708,43344,Tyler Boyd,WR,12.5400030517578
2023120400,3821,44849,Zay Jones,WR,56.34000038146969
2023120400,3851,44835,Evan Engram,TE,10.459999999999994
2023120400,3876,44835,Evan Engram,TE,11.039998931884803
2023120400,3901,53454,Travis Etienne,RB,5.7200006103515975
2023120400,3931,56050,Parker Washington,WR,10.700001220703093
2023120400,4087,44860,Joe Mixon,RB,12.259998626708999
2023120400,4119,46797,Tanner Hudson,TE,3.2800015258789017
2023120400,4214,53454,Travis Etienne,RB,4.530000915527296
2023120400,4239,44835,Evan Engram,TE,12.020000915527305
2023120400,4323,44849,Zay Jones,WR,16.810001373291
2023120400,4462,53434,Ja'Marr Chase,WR,22.259999999999998
2023120400,4548,52441,Tee Higgins,WR,19.659999999999997
2023120400,4605,53434,Ja'Marr Chase,WR,3.319997863769501
2023120700,82,43293,Ezekiel Elliott,RB,7.559998321533204
2023120700,107,44874,JuJu Smith-Schuster,WR,37.0200036621094
2023120700,236,43293,Ezekiel Elliott,RB,6.089996643066399
2023120700,416,54517,George Pickens,WR,13.080000610351597
2023120700,542,54515,Tyquan Thornton,WR,39.99000122070309
2023120700,674,53484,Pat Freiermuth,TE,11.839997253417991
2023120700,769,54515,Tyquan Thornton,WR,11.330001068115198
2023120700,794,44874,JuJu Smith-Schuster,WR,22.110001831054703
2023120700,842,52429,Jalen Reagor,WR,13.050001220703095
2023120700,865,44874,JuJu Smith-Schuster,WR,27.429999389648394
2023120700,943,54905,Jaylen Warren,RB,9.069999694824205
2023120700,1094,43324,Hunter Henry,TE,24.09000001907349
2023120700,1180,53484,Pat Freiermuth,TE,11.6199984741211
2023120700,1205,47849,Diontae Johnson,WR,19.5500004577637
2023120700,1277,43293,Ezekiel Elliott,RB,9.420002136230494
2023120700,1312,43293,Ezekiel Elliott,RB,3.3499963378906017
2023120700,1412,47849,Diontae Johnson,WR,37.550002136230496
2023120700,1483,45339,Pharaoh Brown,TE,11.609999084472705
2023120700,1508,44874,JuJu Smith-Schuster,WR,16.6300004577637
2023120700,1533,43324,Hunter Henry,TE,28.7900001907349
2023120700,1637,54673,Connor Heyward,TE,9.889998626709001
2023120700,1789,47849,Diontae Johnson,WR,32.71999633789099
2023120700,1893,42437,Ty Montgomery,WR,12.329997253418
2023120700,1930,54515,Tyquan Thornton,WR,10.099996337890602
2023120700,1955,42437,Ty Montgomery,WR,11.149999694824203
2023120700,1985,43324,Hunter Henry,TE,14.59000366210941
2023120700,2217,53453,Najee Harris,RB,9.560000228881801
2023120700,2264,53484,Pat Freiermuth,TE,11.0599998474121
2023120700,2333,54673,Connor Heyward,TE,14.070001220703098
2023120700,2432,41290,Allen Robinson,WR,10.040002136230498
2023120700,2569,43293,Ezekiel Elliott,RB,6.360001831054703
2023120700,2655,54517,George Pickens,WR,9.389999694824198
2023120700,2709,54517,George Pickens,WR,11.779998321533203
2023120700,2820,44874,JuJu Smith-Schuster,WR,12.809998474121095
2023120700,2934,54905,Jaylen Warren,RB,3.579999923706101
2023120700,2959,54515,Tyquan Thornton,WR,1.579999618530298
2023120700,3011,54515,Tyquan Thornton,WR,14.140000457763701
2023120700,3076,55958,Darnell Washington,TE,9.610000228881802
2023120700,3231,43293,Ezekiel Elliott,RB,2.210000381469701
2023120700,3322,44874,JuJu Smith-Schuster,WR,7.990000305175805
2023120700,3370,53453,Najee Harris,RB,5.640003051757802
2023120700,3425,53484,Pat Freiermuth,TE,13.480000000000004
2023120700,3479,54517,George Pickens,WR,12.349997558593813
2023120700,3529,53484,Pat Freiermuth,TE,28.770001678466798
2023120700,3693,53484,Pat Freiermuth,TE,21.780003051757802
2023120700,3716,53453,Najee Harris,RB,5.790000000000006
2023120700,3741,47849,Diontae Johnson,WR,25.809998474121095
2023120700,3764,47849,Diontae Johnson,WR,8.439997253418
2023120700,3794,54517,George Pickens,WR,15.780000305175797
2023120700,3817,47849,Diontae Johnson,WR,41.5899996948242
2023120700,4016,47849,Diontae Johnson,WR,24.289997253417994
2023120700,4046,41290,Allen Robinson,WR,22.2700004577637
2023121000,77,44896,Chris Godwin Jr.,WR,10.2799984741211
2023121000,124,54571,Cade Otton,TE,8.669999694824199
2023121000,149,45039,David Moore,WR,9.960000152587902
2023121000,196,56056,Trey Palmer,WR,9.359998931884803
2023121000,311,55872,Bijan Robinson,RB,7.919998779296904
2023121000,395,54473,Drake London,WR,24.22
2023121000,540,54473,Drake London,WR,7.319999389648402
2023121000,565,53433,Kyle Pitts,TE,7.139998168945297
2023121000,641,55872,Bijan Robinson,RB,6.290001525879006
2023121000,707,41233,Mike Evans,WR,8.000000305175789
2023121000,752,44896,Chris Godwin Jr.,WR,23.33000213623049
2023121000,972,42486,MyCole Pruitt,TE,9.779998779296903
2023121000,1028,54473,Drake London,WR,21.9500012207031
2023121000,1083,53433,Kyle Pitts,TE,33.9800009155273
2023121000,1176,46203,Chase Edmonds,RB,10.3499984741211
2023121000,1245,46203,Chase Edmonds,RB,8.8799996948242
2023121000,1322,54556,Rachaad White,RB,5.560001068115199
2023121000,1369,46992,KhaDarel Hodge,WR,13.890001525878894
2023121000,1428,44931,Mack Hollins,WR,9.060001678466797
2023121000,1523,44896,Chris Godwin Jr.,WR,50.780003051757795
2023121000,1724,54571,Cade Otton,TE,12.1499987792969
2023121000,1813,54473,Drake London,WR,21.000000152587894
2023121000,1838,54473,Drake London,WR,12.9499981689453
2023121000,1875,44912,Jonnu Smith,TE,7.800001831054701
2023121000,2024,54473,Drake London,WR,12.8799990844727
2023121000,2132,44912,Jonnu Smith,TE,9.089999084472701
2023121000,2193,54683,Ko Kieft,TE,13.400001220703103
2023121000,2294,54473,Drake London,WR,34.3399993896484
2023121000,2324,46992,KhaDarel Hodge,WR,17.160001220703094
2023121000,2347,47991,Scott Miller,WR,46.6699978637695
2023121000,2449,44896,Chris Godwin Jr.,WR,12.110002746581998
2023121000,2534,53433,Kyle Pitts,TE,11.110001220703097
2023121000,2557,54473,Drake London,WR,10.889998168945297
2023121000,2582,53433,Kyle Pitts,TE,19.2300010681152
2023121000,2746,41233,Mike Evans,WR,12.5700007629395
2023121000,2793,54571,Cade Otton,TE,17.22
2023121000,2895,55872,Bijan Robinson,RB,3.6100009155273014
2023121000,2920,44912,Jonnu Smith,TE,13.099999694824199
2023121000,3022,47991,Scott Miller,WR,48.410002746582
2023121000,3045,44912,Jonnu Smith,TE,12.9000015258789
2023121000,3158,44896,Chris Godwin Jr.,WR,22.040000305175802
2023121000,3379,42486,MyCole Pruitt,TE,13.8800004577637
2023121000,3578,44896,Chris Godwin Jr.,WR,7.340001525878904
2023121000,3630,54571,Cade Otton,TE,35.890002441406
2023121000,3675,41233,Mike Evans,WR,26.909998474120997
2023121000,3769,54473,Drake London,WR,47.969999847412105
2023121000,4119,41233,Mike Evans,WR,32.070002441406196
2023121000,4142,44896,Chris Godwin Jr.,WR,20.769998474121095
2023121000,4165,44896,Chris Godwin Jr.,WR,25.519997558593808
2023121000,4291,44912,Jonnu Smith,TE,9.650001831054695
2023121000,4316,54473,Drake London,WR,27.7700004577637
2023121000,4348,53433,Kyle Pitts,TE,23.869999389648406
2023121000,4378,53433,Kyle Pitts,TE,21.940000915527307
2023121000,4426,54473,Drake London,WR,37.139999961853
2023121001,84,56205,Keaton Mitchell,RB,3.890000381469701
2023121001,114,54604,Isaiah Likely,TE,5.289999847412101
2023121001,435,43415,Demarcus Robinson,WR,11.169999237060502
2023121001,481,44881,Cooper Kupp,WR,28.419999895095827
2023121001,547,55886,Zay Flowers,WR,39.050002136230496
2023121001,570,41238,Odell Beckham,WR,24.750001373291003
2023121001,595,53456,Rashod Bateman,WR,55.08
2023121001,690,56042,Puka Nacua,WR,15.980002136230496
2023121001,745,56042,Puka Nacua,WR,10.969998168945295
2023121001,872,54604,Isaiah Likely,TE,33.3600009155273
2023121001,996,43415,Demarcus Robinson,WR,26.369999237060497
2023121001,1032,44881,Cooper Kupp,WR,6.590001525878904
2023121001,1138,44881,Cooper Kupp,WR,21.650001525879006
2023121001,1251,41238,Odell Beckham,WR,15.830000305175808
2023121001,1279,55886,Zay Flowers,WR,15.159999999999997
2023121001,1304,41238,Odell Beckham,WR,48.780000152587895
2023121001,1390,44881,Cooper Kupp,WR,12.080001678466797
2023121001,1533,56042,Puka Nacua,WR,20.800001220703095
2023121001,1563,53486,Tutu Atwell,WR,29.580001220702997
2023121001,1758,53456,Rashod Bateman,WR,47.680001373291006
2023121001,1870,56040,Davis Allen,TE,11.8300001525879
2023121001,1895,44881,Cooper Kupp,WR,4.170000915527297
2023121001,2020,41238,Odell Beckham,WR,12.730003051757805
2023121001,2043,42363,Nelson Agholor,WR,9.479997863769498
2023121001,2073,42363,Nelson Agholor,WR,8.720003662109406
2023121001,2125,54604,Isaiah Likely,TE,10.779998931884798
2023121001,2160,53456,Rashod Bateman,WR,20.7900015258789
2023121001,2185,55886,Zay Flowers,WR,17.5900000762939
2023121001,2213,53456,Rashod Bateman,WR,17.539999160766598
2023121001,2293,54604,Isaiah Likely,TE,11.289999237060503
2023121001,2419,54629,Kyren Williams,RB,3.680002746582005
2023121001,2447,43415,Demarcus Robinson,WR,25.200002746582
2023121001,2881,54629,Kyren Williams,RB,6.879998474121095
2023121001,2955,54604,Isaiah Likely,TE,6.679999771118201
2023121001,3075,56042,Puka Nacua,WR,10.2899993896484
2023121001,3100,44881,Cooper Kupp,WR,24.9300001525879
2023121001,3314,55886,Zay Flowers,WR,11.250000152587894
2023121001,3359,41238,Odell Beckham,WR,24.780000915527296
2023121001,3382,54604,Isaiah Likely,TE,8.499997863769508
2023121001,3433,41238,Odell Beckham,WR,25.0900016784668
2023121001,3480,55886,Zay Flowers,WR,15.170000228881797
2023121001,3568,56042,Puka Nacua,WR,26.5200009155273
2023121001,3613,43415,Demarcus Robinson,WR,24.3700001525879
2023121001,3713,55886,Zay Flowers,WR,14.019996643066406
2023121001,3820,56040,Davis Allen,TE,21.290000305175802
2023121001,3845,56042,Puka Nacua,WR,29.319996643066403
2023121001,3892,44881,Cooper Kupp,WR,8.540000305175795
2023121001,3944,43415,Demarcus Robinson,WR,19.890002441405997
2023121001,4058,47896,Justice Hill,RB,10.389999694824198
2023121001,4081,47896,Justice Hill,RB,10.949999389648397
2023121001,4145,55886,Zay Flowers,WR,10.540000610351605
2023121001,4170,55886,Zay Flowers,WR,13.920000915527297
2023121001,4218,41238,Odell Beckham,WR,21.8799983215332
2023121001,4266,42363,Nelson Agholor,WR,9.610000457763704
2023121001,4296,42363,Nelson Agholor,WR,12.7899993133545
2023121001,4388,55886,Zay Flowers,WR,33.2000004196167
2023121001,4466,43415,Demarcus Robinson,WR,23.3999992370605
2023121001,4496,44881,Cooper Kupp,WR,37.2699990844727
2023121001,4521,56040,Davis Allen,TE,6.249998474121099
2023121001,4590,43415,Demarcus Robinson,WR,34.399999084472995
2023121001,4750,41238,Odell Beckham,WR,56.1099983215332
2023121001,4773,54604,Isaiah Likely,TE,19.919996337890595
2023121001,4859,54629,Kyren Williams,RB,15.229999694824198
2023121001,4906,56040,Davis Allen,TE,13.4500004577637
2023121002,84,44901,D'Onta Foreman,RB,10.060001831054699
2023121002,131,52451,Cole Kmet,TE,10.0599998474121
2023121002,344,55899,Sam LaPorta,TE,18.7999975585938
2023121002,369,47856,David Montgomery,RB,5.160003662109403
2023121002,428,53541,Amon-Ra St. Brown,WR,12.6799978637695
2023121002,658,52581,Darnell Mooney,WR,10.0100016784668
2023121002,938,53541,Amon-Ra St. Brown,WR,12.2800036621094
2023121002,1009,55899,Sam LaPorta,TE,26.990002746582007
2023121002,1063,52451,Cole Kmet,TE,24.3400009155273
2023121002,1328,52595,Donovan Peoples-Jones,WR,22.040002746582005
2023121002,1592,53959,Brock Wright,TE,11.179997253417994
2023121002,1617,55899,Sam LaPorta,TE,16.27000244140619
2023121002,1798,43584,Kalif Raymond,WR,10.279996948242001
2023121002,1823,44930,Josh Reynolds,WR,18.709996948242008
2023121002,1896,52581,Darnell Mooney,WR,39.5
2023121002,1985,43584,Kalif Raymond,WR,18.450000305175802
2023121002,2032,54477,Jameson Williams,WR,41.9600003051758
2023121002,2165,54536,Velus Jones Jr.,RB,9.419999389648403
2023121002,2190,52581,Darnell Mooney,WR,12.109999542236302
2023121002,2213,46093,DJ Moore,WR,10.0999998474121
2023121002,2238,46093,DJ Moore,WR,21.619999694824195
2023121002,2307,55998,Tyler Scott,WR,11.2399994659424
2023121002,2467,44930,Josh Reynolds,WR,15.369999847412103
2023121002,2490,53541,Amon-Ra St. Brown,WR,16.290001831054703
2023121002,2513,55876,Jahmyr Gibbs,RB,10.119999618530297
2023121002,2607,52451,Cole Kmet,TE,10.280003662109408
2023121002,2632,52451,Cole Kmet,TE,9.2700033569336
2023121002,2757,55899,Sam LaPorta,TE,17.349998626709
2023121002,2840,46093,DJ Moore,WR,11.020000000000003
2023121002,2863,52451,Cole Kmet,TE,17.72
2023121002,2888,48207,Khari Blasingame,FB,8.420000457763699
2023121002,3021,46093,DJ Moore,WR,39.140000534057606
2023121002,3197,44901,D'Onta Foreman,RB,15.4800007629395
2023121002,3242,52451,Cole Kmet,TE,11.86
2023121002,3348,53959,Brock Wright,TE,6.849998474121094
2023121002,3378,55876,Jahmyr Gibbs,RB,4.439998474121097
2023121002,3403,44930,Josh Reynolds,WR,19.24000152587891
2023121002,3474,52581,Darnell Mooney,WR,14.559999389648397
2023121002,3497,46093,DJ Moore,WR,14.329996948242197
2023121002,3544,46093,DJ Moore,WR,19.099997253417996
2023121002,3569,52581,Darnell Mooney,WR,10.689998474120998
2023121002,3635,47856,David Montgomery,RB,8.519996643066406
2023121002,3752,53541,Amon-Ra St. Brown,WR,15.0799987792969
2023121002,3800,43584,Kalif Raymond,WR,10.820000152587895
2023121002,3853,53541,Amon-Ra St. Brown,WR,20.1500006103516
2023121002,3896,53541,Amon-Ra St. Brown,WR,27.2899998474121
2023121002,3948,46093,DJ Moore,WR,37.7799978637695
2023121002,4052,44930,Josh Reynolds,WR,27.730000305175793
2023121002,4104,55899,Sam LaPorta,TE,14.529998168945298
2023121003,76,55944,Josh Downs,WR,12.9700030517578
2023121003,101,54657,Andrew Ogletree,TE,11.769997253417998
2023121003,172,44860,Joe Mixon,RB,3.9499995422362986
2023121003,239,52442,Michael Pittman,WR,10.309999084472693
2023121003,271,52442,Michael Pittman,WR,16.7599993896484
2023121003,318,55944,Josh Downs,WR,16.88000152587891
2023121003,343,53556,Kylen Granson,TE,8.290000610351605
2023121003,386,43344,Tyler Boyd,WR,15.209999694824202
2023121003,440,53434,Ja'Marr Chase,WR,15.140000915527303
2023121003,529,52442,Michael Pittman,WR,9.030000610351607
2023121003,554,56027,Will Mallory,TE,6.529998474121101
2023121003,621,54518,Alec Pierce,WR,17.929998321533205
2023121003,759,53556,Kylen Granson,TE,27.650000381469695
2023121003,782,52494,Zack Moss,RB,7.409998779296906
2023121003,899,47835,Drew Sample,TE,9.060002746582
2023121003,954,53434,Ja'Marr Chase,WR,31.980000057220458
2023121003,1000,47835,Drew Sample,TE,2.9799992370605004
2023121003,1299,52494,Zack Moss,RB,8.240000762939498
2023121003,1322,53556,Kylen Granson,TE,14.8800008392334
2023121003,1358,56027,Will Mallory,TE,21.090000152587898
2023121003,1383,54518,Alec Pierce,WR,39.19
2023121003,1428,54518,Alec Pierce,WR,14.8100012207031
2023121003,1453,54657,Andrew Ogletree,TE,19.110002746581998
2023121003,1476,52442,Michael Pittman,WR,9.260001525878906
2023121003,1664,44792,Mo Alie-Cox,TE,15.520001831054998
2023121003,1759,46797,Tanner Hudson,TE,13.2700018310547
2023121003,1823,52441,Tee Higgins,WR,9.980002746582002
2023121003,1880,44860,Joe Mixon,RB,5.450002746582001
2023121003,2134,52441,Tee Higgins,WR,17.9400015258789
2023121003,2159,53434,Ja'Marr Chase,WR,23.710000610351607
2023121003,2233,46797,Tanner Hudson,TE,10.450001220703001
2023121003,2322,52494,Zack Moss,RB,6.219998779296901
2023121003,2379,52442,Michael Pittman,WR,10.059996643066413
2023121003,2402,52442,Michael Pittman,WR,18.93999832153321
2023121003,2493,52441,Tee Higgins,WR,46.86999877929691
2023121003,2518,52673,Mitchell Wilcox,TE,7.449996643066413
2023121003,2565,46797,Tanner Hudson,TE,19.129999999999995
2023121003,2645,43344,Tyler Boyd,WR,12.570003051757993
2023121003,2821,52494,Zack Moss,RB,7.7900024414061875
2023121003,2846,52442,Michael Pittman,WR,12.259999084472696
2023121003,2969,52441,Tee Higgins,WR,18.909998474121103
2023121003,3024,47965,Trayveon Williams,RB,8.470001678466794
2023121003,3241,55944,Josh Downs,WR,9.540001373291002
2023121003,3266,53556,Kylen Granson,TE,11.489998168945299
2023121003,3291,52442,Michael Pittman,WR,28.349996337890595
2023121003,3316,52442,Michael Pittman,WR,18.7599963378906
2023121003,3375,52494,Zack Moss,RB,10.939999694824209
2023121003,3589,56027,Will Mallory,TE,12.169998168945298
2023121003,3614,52494,Zack Moss,RB,2.809999847412101
2023121003,3639,52442,Michael Pittman,WR,15.640000305175803
2023121003,3703,56027,Will Mallory,TE,10.970000305175802
2023121003,3728,52494,Zack Moss,RB,10.070001678466795
2023121004,103,55939,Cedric Tillman,WR,17.39999755859381
2023121004,150,54621,Jerome Ford,RB,1.7799981689452977
2023121004,175,44841,David Njoku,TE,36.280001220703
2023121004,277,44835,Evan Engram,TE,10.890003051757802
2023121004,357,55939,Cedric Tillman,WR,8.650001678466793
2023121004,475,46095,Calvin Ridley,WR,11.2400006103516
2023121004,788,44835,Evan Engram,TE,5.670000610351607
2023121004,820,46095,Calvin Ridley,WR,11.249998779296902
2023121004,843,44849,Zay Jones,WR,5.869998168945301
2023121004,1029,44835,Evan Engram,TE,8.51000061035161
2023121004,1083,44849,Zay Jones,WR,35.420001831054705
2023121004,1153,46095,Calvin Ridley,WR,21.119999694824195
2023121004,1196,42347,Amari Cooper,WR,18.519998779296905
2023121004,1246,53463,Elijah Moore,WR,28.279998474121108
2023121004,1293,44841,David Njoku,TE,14.120001525878898
2023121004,1364,44849,Zay Jones,WR,52.9500009155273
2023121004,1391,42347,Amari Cooper,WR,9.369998168945301
2023121004,1494,55939,Cedric Tillman,WR,11.329998168945295
2023121004,1570,44849,Zay Jones,WR,17.5699969482422
2023121004,1680,42347,Amari Cooper,WR,14.399998474121091
2023121004,1759,44835,Evan Engram,TE,18.99000152587901
2023121004,1845,42347,Amari Cooper,WR,19.859996337890593
2023121004,1917,42347,Amari Cooper,WR,10.000000610351606
2023121004,2046,44849,Zay Jones,WR,10.5399993896484
2023121004,2169,44835,Evan Engram,TE,26.53000335693359
2023121004,2194,46095,Calvin Ridley,WR,20.11
2023121004,2283,54621,Jerome Ford,RB,1.8399966430663994
2023121004,2313,44841,David Njoku,TE,24.030003662109408
2023121004,2434,44841,David Njoku,TE,14.93000122070309
2023121004,2522,44849,Zay Jones,WR,22.200001831054703
2023121004,2588,53463,Elijah Moore,WR,30.039997253417994
2023121004,2611,44841,David Njoku,TE,11.240001831054698
2023121004,2669,53463,Elijah Moore,WR,8.140000610351606
2023121004,2694,54564,David Bell,WR,11.140000152587895
2023121004,2859,44849,Zay Jones,WR,24.66
2023121004,2906,56050,Parker Washington,WR,12.840000152587901
2023121004,2969,55939,Cedric Tillman,WR,10.4699993133545
2023121004,3042,44898,Kareem Hunt,RB,9.680000839233397
2023121004,3201,47605,D'Ernest Johnson,RB,11.1299993133545
2023121004,3312,44835,Evan Engram,TE,11.7999987792969
2023121004,3384,46095,Calvin Ridley,WR,24.39999847412099
2023121004,3572,46167,Jordan Akins,TE,11.929998168945303
2023121004,3597,53463,Elijah Moore,WR,20.9699987792969
2023121004,3627,42347,Amari Cooper,WR,9.469999237060499
2023121004,3652,54621,Jerome Ford,RB,1.7699981689452926
2023121004,3703,42347,Amari Cooper,WR,10.869999084472695
2023121004,3796,44835,Evan Engram,TE,11.9100033569336
2023121004,3848,42347,Amari Cooper,WR,11.659998474121096
2023121004,3895,42347,Amari Cooper,WR,29.289999694824203
2023121004,3918,54564,David Bell,WR,13.659996643066407
2023121004,3982,44849,Zay Jones,WR,11.569999084472698
2023121004,4068,46095,Calvin Ridley,WR,11.4999992370605
2023121004,4115,46095,Calvin Ridley,WR,16.189999084472696
2023121004,4140,44849,Zay Jones,WR,23.7700001525879
2023121004,4163,44835,Evan Engram,TE,10.310000228881798
2023121004,4198,56050,Parker Washington,WR,29.719999904632566
2023121004,4298,53463,Elijah Moore,WR,26.9700004577637
2023121004,4401,54621,Jerome Ford,RB,6.119998626708998
2023121004,4483,54564,David Bell,WR,16.159999847412102
2023121004,4556,42347,Amari Cooper,WR,23.64000152587891
2023121004,4601,42347,Amari Cooper,WR,20.500000305175796
2023121004,4642,44835,Evan Engram,TE,16.880000915527305
2023121004,4672,44835,Evan Engram,TE,11.720002136230491
2023121004,4711,46095,Calvin Ridley,WR,22.819998168945304
2023121004,4758,44849,Zay Jones,WR,16.720001831054702
2023121004,4841,53463,Elijah Moore,WR,9.489997863769503
2023121004,4929,53454,Travis Etienne,RB,9.370001220703102
2023121004,4962,53454,Travis Etienne,RB,7.490000305175805
2023121004,4994,53454,Travis Etienne,RB,5.219998931884803
2023121004,5019,44849,Zay Jones,WR,36.7500004196167
2023121004,5117,44849,Zay Jones,WR,8.7400002288818
2023121004,5147,46095,Calvin Ridley,WR,7.550000305175802
2023121004,5170,44835,Evan Engram,TE,14.969999942779541
2023121005,86,55904,Jonathan Mingo,WR,39.8500010681152
2023121005,119,52659,Stephen Sullivan,TE,39.8999995422363
2023121005,190,52942,Juwan Johnson,TE,10.890001831054704
2023121005,215,47920,Foster Moreau,TE,6.840000457763701
2023121005,262,54476,Chris Olave,WR,3.6099999999999994
2023121005,500,46130,D.J. Chark,WR,19.560000000000002
2023121005,574,44879,Alvin Kamara,RB,11.290001678466794
2023121005,755,54476,Chris Olave,WR,12.849998779296904
2023121005,1073,52659,Stephen Sullivan,TE,12.600000762939509
2023121005,1154,40488,Adam Thielen,WR,8.980001220703095
2023121005,1208,46130,D.J. Chark,WR,26.319999237060504
2023121005,1274,47920,Foster Moreau,TE,9.929999237060496
2023121005,1345,52488,Lynn Bowden,WR,10.0499995422363
2023121005,1410,44947,Jamaal Williams,RB,6.459998779296903
2023121005,1510,55904,Jonathan Mingo,WR,19.22000213623049
2023121005,1749,40488,Adam Thielen,WR,10.740000152587903
2023121005,1830,53555,Chuba Hubbard,RB,8.829998931884795
2023121005,1862,46130,D.J. Chark,WR,32.43999946594241
2023121005,1892,52942,Juwan Johnson,TE,8.610001678466794
2023121005,1922,54476,Chris Olave,WR,10.849997558593806
2023121005,1999,55904,Jonathan Mingo,WR,43.2499990844727
2023121005,2022,55904,Jonathan Mingo,WR,49.130000152587904
2023121005,2045,52659,Stephen Sullivan,TE,16.8600015258789
2023121005,2238,52488,Lynn Bowden,WR,5.610000152587901
2023121005,2263,44879,Alvin Kamara,RB,2.6300013732910017
2023121005,2288,54476,Chris Olave,WR,56.20000335693359
2023121005,2368,53512,Tommy Tremble,TE,6.029996337890594
2023121005,2450,55904,Jonathan Mingo,WR,13.000001220703098
2023121005,2473,40488,Adam Thielen,WR,25.809998474121087
2023121005,2503,55014,Raheem Blackshear,RB,8.509998626708992
2023121005,2836,40488,Adam Thielen,WR,34.2000012207031
2023121005,2975,52488,Lynn Bowden,WR,3.150002746582004
2023121005,3029,44879,Alvin Kamara,RB,12.640001525878901
2023121005,3183,40488,Adam Thielen,WR,6.5799996948242025
2023121005,3248,53555,Chuba Hubbard,RB,4.379999084472701
2023121005,3277,55014,Raheem Blackshear,RB,12.379999999999995
2023121005,3300,56060,A.T. Perry,WR,51.8499984741211
2023121005,3377,35534,Jimmy Graham,TE,18.159999313354497
2023121005,3402,54476,Chris Olave,WR,4.6200002288818
2023121005,3468,55904,Jonathan Mingo,WR,25.029999847412103
2023121005,3537,53512,Tommy Tremble,TE,43.5399963378906
2023121005,3636,35534,Jimmy Graham,TE,15.030000076293948
2023121005,3722,55904,Jonathan Mingo,WR,20.0000006103516
2023121005,3823,55904,Jonathan Mingo,WR,9.339998474121103
2023121005,3876,40488,Adam Thielen,WR,22.330001220703096
2023121005,3906,46130,D.J. Chark,WR,9.489996948242208
2023121005,3931,52659,Stephen Sullivan,TE,34.790003662109
2023121006,77,53518,Nico Collins,WR,18.7
2023121006,127,56070,Xavier Hutchinson,WR,12.789999542236302
2023121006,248,54475,Garrett Wilson,WR,19.650002746582004
2023121006,308,46226,Tyler Conklin,TE,24.730001525878897
2023121006,555,53576,Brevin Jordan,TE,10.869999237060497
2023121006,580,47857,Devin Singletary,RB,10.739998626708996
2023121006,751,54501,Breece Hall,RB,9.159999389648391
2023121006,1062,45052,Noah Brown,WR,59.9699987792969
2023121006,1162,46226,Tyler Conklin,TE,7.189998779296904
2023121006,1218,54501,Breece Hall,RB,8.800000457763701
2023121006,1270,54501,Breece Hall,RB,9.649996337890599
2023121006,1400,45052,Noah Brown,WR,14.559997253418004
2023121006,1495,54475,Garrett Wilson,WR,32.390000305175796
2023121006,1661,39989,Robert Woods,WR,19.2499984741211
2023121006,1756,54475,Garrett Wilson,WR,10.940001831054701
2023121006,1840,53576,Brevin Jordan,TE,10.949997863769497
2023121006,1912,39989,Robert Woods,WR,20.199998779296905
2023121006,2060,54566,Jeremy Ruckert,TE,11.880000305175798
2023121006,2085,54475,Garrett Wilson,WR,14.120001220703102
2023121006,2113,54475,Garrett Wilson,WR,24.6399983215332
2023121006,2184,54475,Garrett Wilson,WR,9.400001068115202
2023121006,2207,54475,Garrett Wilson,WR,30.8399990844727
2023121006,2232,37139,Randall Cobb,WR,12.6600007629395
2023121006,2296,56070,Xavier Hutchinson,WR,15.9900004577637
2023121006,2413,54566,Jeremy Ruckert,TE,17.420001525878902
2023121006,2480,46226,Tyler Conklin,TE,26.0199990844727
2023121006,2583,54475,Garrett Wilson,WR,10.330000457763703
2023121006,2608,54475,Garrett Wilson,WR,9.950000686645502
2023121006,2716,54509,John Metchie III,WR,21.299998474121104
2023121006,2739,54509,John Metchie III,WR,14.480000915527302
2023121006,2811,46226,Tyler Conklin,TE,13.459997253417995
2023121006,2901,48096,Andrew Beck,FB,20.489998474121094
2023121006,2931,53576,Brevin Jordan,TE,6.990002136230501
2023121006,3136,54501,Breece Hall,RB,9.949999389648404
2023121006,3161,54501,Breece Hall,RB,8.819998626709001
2023121006,3233,54566,Jeremy Ruckert,TE,19.810003356933592
2023121006,3258,54475,Garrett Wilson,WR,12.580002746581997
2023121006,3308,54501,Breece Hall,RB,7.54000061035201
2023121006,3394,56070,Xavier Hutchinson,WR,13.199996337890596
2023121006,3419,45052,Noah Brown,WR,18.58999847412109
2023121006,3442,45052,Noah Brown,WR,29.879999237060495
2023121006,3485,54475,Garrett Wilson,WR,16.810003356933592
2023121006,3616,54509,John Metchie III,WR,12.129998474121095
2023121006,3644,54509,John Metchie III,WR,32.570001678466795
2023121006,3671,45052,Noah Brown,WR,20.939999084472703
2023121006,3839,45719,Dare Ogunbowale,RB,11.66999786376951
2023121006,3862,45719,Dare Ogunbowale,RB,11.469998474121098
2023121006,3907,54509,John Metchie III,WR,19.429998474121092
2023121007,62,41282,Davante Adams,WR,10.020001678466798
2023121007,109,47807,Josh Jacobs,RB,13.0899989318848
2023121007,228,48097,Jakobi Meyers,WR,19.7800036621094
2023121007,253,41282,Davante Adams,WR,34.579998168945295
2023121007,401,52430,Justin Jefferson,WR,9.6700012207031
2023121007,485,41282,Davante Adams,WR,8.4499989318848
2023121007,626,43370,Austin Hooper,TE,8.849999542236297
2023121007,651,41282,Davante Adams,WR,11.549999694824194
2023121007,837,47791,T.J. Hockenson,TE,13.559998474121102
2023121007,1027,52430,Justin Jefferson,WR,22.4399990844727
2023121007,1103,52430,Justin Jefferson,WR,20.040000762939506
2023121007,1150,54634,Ty Chandler,RB,3.0999987792969037
2023121007,1197,52584,K.J. Osborn,WR,10.859997253418001
2023121007,1247,47791,T.J. Hockenson,TE,29.450000610352006
2023121007,1277,46830,Brandon Powell,WR,15.439998474121097
2023121007,1367,41282,Davante Adams,WR,12.010000305175794
2023121007,1399,47932,Hunter Renfrow,WR,8.149999542236301
2023121007,1442,55887,Jordan Addison,WR,10.999999160766603
2023121007,1496,52584,K.J. Osborn,WR,27.8600015258789
2023121007,1633,54656,Jalen Nailor,WR,12.449999694824207
2023121007,1761,55900,Michael Mayer,TE,14.079997863769506
2023121007,1786,47932,Hunter Renfrow,WR,15.479998779296906
2023121007,1816,42397,Ameer Abdullah,RB,11.749997558593805
2023121007,1944,47885,Alexander Mattison,RB,4.800000762939501
2023121007,1974,52584,K.J. Osborn,WR,12.130000762939503
2023121007,2029,47791,T.J. Hockenson,TE,34.729998626709
2023121007,2173,47932,Hunter Renfrow,WR,12.239999237060495
2023121007,2198,41282,Davante Adams,WR,1.4400005340575994
2023121007,2321,47791,T.J. Hockenson,TE,11.59
2023121007,2390,54634,Ty Chandler,RB,6.339998321533201
2023121007,2539,47807,Josh Jacobs,RB,4.449997863769497
2023121007,2564,48097,Jakobi Meyers,WR,11.190001525878913
2023121007,2611,41282,Davante Adams,WR,11.920003356933591
2023121007,2732,45094,Johnny Mundt,TE,8.400001068115202
2023121007,2885,52584,K.J. Osborn,WR,19.610000457763704
2023121007,2983,47932,Hunter Renfrow,WR,8.839999389648398
2023121007,3008,55900,Michael Mayer,TE,13.1299993133545
2023121007,3240,47791,T.J. Hockenson,TE,23.790002441406187
2023121007,3318,54656,Jalen Nailor,WR,22.32000061035159
2023121007,3341,54656,Jalen Nailor,WR,16.049998931884808
2023121007,3442,42397,Ameer Abdullah,RB,10.570000839233398
2023121007,3504,47791,T.J. Hockenson,TE,8.340000610351609
2023121007,3529,54656,Jalen Nailor,WR,35.4399993896484
2023121007,3552,52584,K.J. Osborn,WR,17.790000305175795
2023121007,3622,47791,T.J. Hockenson,TE,10.440001373290997
2023121007,3707,55887,Jordan Addison,WR,19.389998321533206
2023121007,3732,52584,K.J. Osborn,WR,6.350001678466796
2023121007,3760,47791,T.J. Hockenson,TE,14.189999237060498
2023121007,3895,41282,Davante Adams,WR,13.6199995422363
2023121007,4041,41282,Davante Adams,WR,14.7600001525879
2023121008,174,55884,Jaxon Smith-Njigba,WR,53.7300030517578
2023121008,204,47847,DK Metcalf,WR,10.720001678466794
2023121008,326,42412,Tyler Lockett,WR,12.430000610351605
2023121008,356,47847,DK Metcalf,WR,35.08999755859401
2023121008,459,44959,George Kittle,TE,17.89
2023121008,652,44959,George Kittle,TE,15.849996948242207
2023121008,675,47819,Deebo Samuel Sr.,WR,9.400002136230498
2023121008,826,54506,Kenneth Walker III,RB,3.2699981689452926
2023121008,978,52433,Brandon Aiyuk,WR,27.360001831054703
2023121008,1046,52433,Brandon Aiyuk,WR,11.839998474121103
2023121008,1071,52433,Brandon Aiyuk,WR,22.189997253418
2023121008,1134,46189,Will Dissly,TE,8.019999694824207
2023121008,1237,55884,Jaxon Smith-Njigba,WR,13.369998321533203
2023121008,1279,52433,Brandon Aiyuk,WR,13.179999847412102
2023121008,1358,47819,Deebo Samuel Sr.,WR,11.419998626708995
2023121008,1383,47819,Deebo Samuel Sr.,WR,46.190001525878905
2023121008,1442,42412,Tyler Lockett,WR,25.069996948242206
2023121008,1467,52541,Colby Parkinson,TE,7.920000762939502
2023121008,1517,55917,Zach Charbonnet,RB,6.85999664306641
2023121008,1642,52433,Brandon Aiyuk,WR,11.249998779296902
2023121008,1738,44959,George Kittle,TE,12.220001220703097
2023121008,1770,47819,Deebo Samuel Sr.,WR,15.599999694824206
2023121008,1954,47803,Noah Fant,TE,17.1400006103516
2023121008,1977,47803,Noah Fant,TE,9.290000305175802
2023121008,2082,44820,Christian McCaffrey,RB,9.960000915527303
2023121008,2107,55113,Jordan Mason,RB,4.579999389648393
2023121008,2278,42412,Tyler Lockett,WR,18.7899993896484
2023121008,2404,52433,Brandon Aiyuk,WR,41.520001373290995
2023121008,2436,52433,Brandon Aiyuk,WR,18.2200008392334
2023121008,2503,52598,Charlie Woerner,TE,6.6800003814697
2023121008,2528,47819,Deebo Samuel Sr.,WR,9.309999923706101
2023121008,2655,47803,Noah Fant,TE,22.500003356933597
2023121008,2690,52541,Colby Parkinson,TE,17.110000305175802
2023121008,2762,47819,Deebo Samuel Sr.,WR,8.899998779296908
2023121008,2829,44959,George Kittle,TE,22.5600012207031
2023121008,2904,47847,DK Metcalf,WR,45.059998474121095
2023121008,2953,52433,Brandon Aiyuk,WR,24.549996643066407
2023121008,3027,42412,Tyler Lockett,WR,24.03
2023121008,3074,47847,DK Metcalf,WR,11.139998168945297
2023121008,3206,47819,Deebo Samuel Sr.,WR,11.5499995422363
2023121008,3286,52625,Jauan Jennings,WR,14.830000610351597
2023121008,3356,42412,Tyler Lockett,WR,14.459999999999994
2023121008,3381,42412,Tyler Lockett,WR,12.980001831054707
2023121008,3495,55884,Jaxon Smith-Njigba,WR,2.579999542236301
2023121008,3520,54506,Kenneth Walker III,RB,10.9499989318848
2023121008,3659,44959,George Kittle,TE,24.760001220703096
2023121009,77,40011,Travis Kelce,TE,10.8300030517578
2023121009,106,53449,Kadarius Toney,WR,12.570000305175796
2023121009,153,40011,Travis Kelce,TE,39.64000030517579
2023121009,247,54528,James Cook,RB,10.000001678466795
2023121009,299,42489,Stefon Diggs,WR,10.779999389648395
2023121009,371,52440,Clyde Edwards-Helaire,RB,7.8999993896484
2023121009,536,47879,Dawson Knox,TE,15.250001220703098
2023121009,644,54528,James Cook,RB,21.24000152587891
2023121009,771,41325,Jerick McKinnon,RB,7.380001831054699
2023121009,816,42489,Stefon Diggs,WR,21.519998474121103
2023121009,942,54528,James Cook,RB,18.3100018310547
2023121009,1072,55889,Dalton Kincaid,TE,6.610000534057601
2023121009,1272,46309,Richie James,WR,25.530001525878898
2023121009,1295,40011,Travis Kelce,TE,24.700000152587897
2023121009,1320,46213,Justin Watson,WR,23.9400030517578
2023121009,1372,53449,Kadarius Toney,WR,11.460000915527303
2023121009,1395,46243,Marquez Valdes-Scantling,WR,30.390000915527303
2023121009,1478,55889,Dalton Kincaid,TE,9.830002441406194
2023121009,1527,54528,James Cook,RB,6.569997863769501
2023121009,1612,54528,James Cook,RB,7.410001220703094
2023121009,1644,46671,Trent Sherfield,WR,17.7699987792969
2023121009,1703,53449,Kadarius Toney,WR,8.2100007629395
2023121009,1728,40011,Travis Kelce,TE,5.370003356933594
2023121009,1817,55920,Rashee Rice,WR,8.909997863769505
2023121009,1877,46309,Richie James,WR,9.659999999999997
2023121009,1914,55920,Rashee Rice,WR,26.610001220702998
2023121009,1937,41325,Jerick McKinnon,RB,4.719997253418001
2023121009,2031,55889,Dalton Kincaid,TE,4.410003662109403
2023121009,2056,42489,Stefon Diggs,WR,36.639999542236296
2023121009,2079,47879,Dawson Knox,TE,4.3799999999999955
2023121009,2109,42489,Stefon Diggs,WR,13.929999389648408
2023121009,2134,52536,Gabe Davis,WR,50.08
2023121009,2331,47879,Dawson Knox,TE,15.600000915527303
2023121009,2502,42489,Stefon Diggs,WR,10.329999542236301
2023121009,2657,46243,Marquez Valdes-Scantling,WR,7.979998168945297
2023121009,2682,40011,Travis Kelce,TE,11.579998474121098
2023121009,2776,40011,Travis Kelce,TE,24.980003356933594
2023121009,2830,55920,Rashee Rice,WR,9.069996948242007
2023121009,2855,55920,Rashee Rice,WR,18.249997253418
2023121009,2926,47969,Ty Johnson,RB,1.009999084472696
2023121009,2973,42489,Stefon Diggs,WR,12.689998474121097
2023121009,3022,52440,Clyde Edwards-Helaire,RB,18.3299996948242
2023121009,3057,40011,Travis Kelce,TE,18.1000004577637
2023121009,3087,41325,Jerick McKinnon,RB,10.230000762939504
2023121009,3152,54519,Skyy Moore,WR,19.0599984741211
2023121009,3175,55920,Rashee Rice,WR,6.910000610351595
2023121009,3234,55889,Dalton Kincaid,TE,21.600000305175804
2023121009,3444,40011,Travis Kelce,TE,10.949999923706102
2023121009,3571,52536,Gabe Davis,WR,17.639999694824198
2023121009,3594,40129,Latavius Murray,RB,
2023121009,4037,48415,Deonte Harty,WR,28.799998779296907
2023121009,4208,42489,Stefon Diggs,WR,1.359998168945296
2023121009,4231,42489,Stefon Diggs,WR,27.899998779297007
2023121009,4254,55889,Dalton Kincaid,TE,9.9999984741211
2023121009,4337,46243,Marquez Valdes-Scantling,WR,14.349999694824206
2023121009,4362,55920,Rashee Rice,WR,26.0899995422363
2023121009,4427,55920,Rashee Rice,WR,7.600000915527303
2023121010,99,40024,Keenan Allen,WR,30.110001220703097
2023121010,196,55928,Marvin Mims Jr.,WR,9.740000305175798
2023121010,297,43663,Alex Erickson,WR,13.209997863769502
2023121010,322,55885,Quentin Johnston,WR,22.129996337891
2023121010,390,52423,Jerry Jeudy,WR,6.010002441406186
2023121010,437,53464,Javonte Williams,RB,9.1199966430664
2023121010,462,46109,Courtland Sutton,WR,11.279998779296903
2023121010,487,46109,Courtland Sutton,WR,1.309997863769496
2023121010,534,56513,Jaleel McLaughlin,RB,7.100000915527303
2023121010,599,43663,Alex Erickson,WR,26.089998779296906
2023121010,710,44856,Gerald Everett,TE,12.8399984741211
2023121010,1051,44856,Gerald Everett,TE,12.199998779296905
2023121010,1104,40024,Keenan Allen,WR,11.48999938964839
2023121010,1241,52423,Jerry Jeudy,WR,55.250000915527
2023121010,1362,48556,Jalen Guyton,WR,14.590002441406199
2023121010,1409,45573,Austin Ekeler,RB,11.980001525878905
2023121010,1434,44856,Gerald Everett,TE,11.820001831054697
2023121010,1459,48456,Donald Parham,TE,16.289999694824196
2023121010,1536,45573,Austin Ekeler,RB,9.3700003051758
2023121010,1595,52423,Jerry Jeudy,WR,50.2899996948242
2023121010,1753,40024,Keenan Allen,WR,9.5899966430664
2023121010,1783,44856,Gerald Everett,TE,12.269999999999996
2023121010,1911,44927,Samaje Perine,RB,4.229998168945301
2023121010,1941,44927,Samaje Perine,RB,7.209999084472699
2023121010,1966,44927,Samaje Perine,RB,8.0799987792969
2023121010,1991,52423,Jerry Jeudy,WR,26.270001525878904
2023121010,2036,55127,Lucas Krull,TE,31.2899963378906
2023121010,2107,52423,Jerry Jeudy,WR,19.33
2023121010,2456,40024,Keenan Allen,WR,10.3499990844727
2023121010,2635,53464,Javonte Williams,RB,2.3800036621094023
2023121010,2665,46109,Courtland Sutton,WR,57.64000017166138
2023121010,2740,40024,Keenan Allen,WR,22.620001068115197
2023121010,2797,43663,Alex Erickson,WR,18.3700001525879
2023121010,3062,45573,Austin Ekeler,RB,8.4400002288818
2023121010,3087,45573,Austin Ekeler,RB,10.5500002288818
2023121010,3112,40024,Keenan Allen,WR,11.420001068115198
2023121010,3137,43663,Alex Erickson,WR,20.1000007629395
2023121010,3160,44856,Gerald Everett,TE,9.9799995422363
2023121010,3228,40024,Keenan Allen,WR,11.579998474121105
2023121010,3258,45573,Austin Ekeler,RB,7.499997863769508
2023121010,3281,45573,Austin Ekeler,RB,7.200001525878896
2023121010,3311,48456,Donald Parham,TE,18.870001373291004
2023121010,3334,40024,Keenan Allen,WR,17.5599984741211
2023121010,3486,55885,Quentin Johnston,WR,56.81999877929691
2023121010,3511,55885,Quentin Johnston,WR,19.759999389648396
2023121010,3582,45573,Austin Ekeler,RB,7.330000190734902
2023121010,3726,52513,Adam Trautman,TE,5.610001220703097
2023121010,3773,42511,Michael Burton,FB,5.120003356933594
2023121010,3945,52513,Adam Trautman,TE,18.709997253417995
2023121010,4016,40024,Keenan Allen,WR,24.739997863769503
2023121010,4046,40024,Keenan Allen,WR,18.730001831054707
2023121010,4071,44856,Gerald Everett,TE,10.409998931884807
2023121010,4141,40024,Keenan Allen,WR,48.6499996948242
2023121011,64,47911,Tony Pollard,RB,9.999996948242199
2023121011,239,52425,CeeDee Lamb,WR,20.499999771118198
2023121011,262,47911,Tony Pollard,RB,3.040001220703097
2023121011,292,52425,CeeDee Lamb,WR,11.890000534057599
2023121011,445,47834,A.J. Brown,WR,40.2500012207031
2023121011,468,46118,Dallas Goedert,TE,17.3600009155273
2023121011,539,53439,DeVonta Smith,WR,15.020003356933593
2023121011,598,53439,DeVonta Smith,WR,22.7900009155273
2023121011,728,52425,CeeDee Lamb,WR,12.369997253417992
2023121011,753,41246,Brandin Cooks,WR,25.950003356933593
2023121011,776,52425,CeeDee Lamb,WR,26.219997253418
2023121011,845,46150,Michael Gallup,WR,14.820001373291
2023121011,1035,54594,Jake Ferguson,TE,11.490000762939502
2023121011,1058,52425,CeeDee Lamb,WR,10.829999542236301
2023121011,1081,53117,KaVontae Turpin,WR,20.5899996948242
2023121011,1214,53439,DeVonta Smith,WR,23.060000152587897
2023121011,1290,53439,DeVonta Smith,WR,16.730001525878897
2023121011,1315,47834,A.J. Brown,WR,34.3800003051758
2023121011,1403,54594,Jake Ferguson,TE,24.8599989318848
2023121011,1453,53041,Rico Dowdle,RB,5.1400021362305
2023121011,1637,54594,Jake Ferguson,TE,11.280002746582
2023121011,1788,47834,A.J. Brown,WR,14.720000305175802
2023121011,1884,47834,A.J. Brown,WR,29.130000228881798
2023121011,1909,46118,Dallas Goedert,TE,7.200000305175802
2023121011,2044,47911,Tony Pollard,RB,9.7299989318848
2023121011,2074,46150,Michael Gallup,WR,17.1699990844727
2023121011,2124,52425,CeeDee Lamb,WR,14.239998474121101
2023121011,2228,41246,Brandin Cooks,WR,35.51000183105501
2023121011,2275,41246,Brandin Cooks,WR,13.290001831054994
2023121011,2305,46150,Michael Gallup,WR,6.719998779297001
2023121011,2395,47834,A.J. Brown,WR,23.4900036621094
2023121011,2658,47834,A.J. Brown,WR,12.169998168945298
2023121011,2721,52425,CeeDee Lamb,WR,40.0299993896484
2023121011,2744,47911,Tony Pollard,RB,10.169996643066412
2023121011,2805,53439,DeVonta Smith,WR,27.080001068115198
2023121011,2857,53439,DeVonta Smith,WR,15.810001831054702
2023121011,2922,52425,CeeDee Lamb,WR,9.500001068115203
2023121011,3091,46150,Michael Gallup,WR,12.769996948242195
2023121011,3139,54594,Jake Ferguson,TE,15.150002746582004
2023121011,3342,47834,A.J. Brown,WR,15.349998931884802
2023121011,3433,46118,Dallas Goedert,TE,8.8700018310547
2023121011,3480,53439,DeVonta Smith,WR,39.68999633789099
2023121011,3503,47834,A.J. Brown,WR,12.360002746581998
2023121011,3528,53439,DeVonta Smith,WR,12.6399984741211
2023121011,3595,54594,Jake Ferguson,TE,7.370000610351596
2023121011,3654,52425,CeeDee Lamb,WR,11.920000915527304
2023121011,3701,54594,Jake Ferguson,TE,11.4000009155273
2023121011,3780,54594,Jake Ferguson,TE,5.539998168945296
2023121011,3918,47834,A.J. Brown,WR,11.320000305175796
2023121011,3951,53439,DeVonta Smith,WR,12.729997253417991
2023121011,3976,47834,A.J. Brown,WR,12.729998321533202
2023121011,4006,47834,A.J. Brown,WR,11.839999694824193
2023121011,4111,53439,DeVonta Smith,WR,14.4799995422363
2023121011,4203,46150,Michael Gallup,WR,43.700001831054706
2023121100,103,39973,DeAndre Hopkins,WR,13.889998168945297
2023121100,190,53435,Jaylen Waddle,WR,21.549997863769505
2023121100,272,43454,Tyreek Hill,WR,24.670000915527297
2023121100,297,46192,Durham Smythe,TE,13.050000610351596
2023121100,474,39973,DeAndre Hopkins,WR,23.5299998474121
2023121100,578,54608,Chig Okonkwo,TE,18.640001525878898
2023121100,738,53435,Jaylen Waddle,WR,11.759996337890598
2023121100,791,53435,Jaylen Waddle,WR,16.4300001525879
2023121100,945,53435,Jaylen Waddle,WR,14.339999389648398
2023121100,994,53074,Nick Westbrook-Ikhine,WR,13.679998474121092
2023121100,1068,39973,DeAndre Hopkins,WR,11.289997253417994
2023121100,1177,43396,Chris Moore,WR,24.970001220703097
2023121100,1560,46277,Cedrick Wilson Jr.,WR,14.0000015258789
2023121100,1785,55949,De'Von Achane,RB,8.420000152587896
2023121100,1839,53435,Jaylen Waddle,WR,15.680000305175803
2023121100,1862,55949,De'Von Achane,RB,20.3499990844727
2023121100,1911,54608,Chig Okonkwo,TE,11.0500018310547
2023121100,1936,39973,DeAndre Hopkins,WR,27.809999847412108
2023121100,2045,39973,DeAndre Hopkins,WR,52.18999961853031
2023121100,2100,39973,DeAndre Hopkins,WR,21.429999885559077
2023121100,2233,46277,Cedrick Wilson Jr.,WR,26.360000305175802
2023121100,2263,46277,Cedrick Wilson Jr.,WR,10.579996948242204
2023121100,2456,46277,Cedrick Wilson Jr.,WR,12.070001220702991
2023121100,2573,55946,Tyjae Spears,RB,11.299999694824209
2023121100,2654,54483,Treylon Burks,WR,56.879999999999995
2023121100,2697,53435,Jaylen Waddle,WR,6.190000839233399
2023121100,2734,46192,Durham Smythe,TE,18.310000152587897
2023121100,2757,55949,De'Von Achane,RB,44.7199993896484
2023121100,2868,39973,DeAndre Hopkins,WR,23.880000915527305
2023121100,2915,43334,Derrick Henry,RB,21.830001525878906
2023121100,3033,55946,Tyjae Spears,RB,30.3899993896484
2023121100,3163,53074,Nick Westbrook-Ikhine,WR,11.580000419616699
2023121100,3267,43454,Tyreek Hill,WR,30.590000762939503
2023121100,3341,48233,Alec Ingold,FB,6.879998321533201
2023121100,3366,43454,Tyreek Hill,WR,31.7699993896484
2023121100,3581,54608,Chig Okonkwo,TE,3.989999694824199
2023121100,3680,55949,De'Von Achane,RB,5.820002441406189
2023121100,3705,53435,Jaylen Waddle,WR,15.770003662109403
2023121100,3775,55949,De'Von Achane,RB,9.109999084472705
2023121100,3798,53435,Jaylen Waddle,WR,10.149999084472697
2023121100,4090,39973,DeAndre Hopkins,WR,13.969999847412101
2023121100,4138,54608,Chig Okonkwo,TE,9.679999694824197
2023121100,4269,55946,Tyjae Spears,RB,4.079998168945295
2023121100,4299,53074,Nick Westbrook-Ikhine,WR,26.36999847412099
2023121100,4334,39973,DeAndre Hopkins,WR,9.180002136230001
2023121100,4506,39973,DeAndre Hopkins,WR,26.910003051757798
2023121100,4697,46279,Braxton Berrios,WR,11.909997558593801
2023121100,4722,55949,De'Von Achane,RB,9.160002136230503
2023121100,4752,55949,De'Von Achane,RB,6.720001525878899
2023121100,4775,46192,Durham Smythe,TE,13.250002136230492
2023121101,116,55943,Tucker Kraft,TE,7.960001831054697
2023121101,229,56024,Dontayvion Wicks,WR,13.899999389648407
2023121101,272,55938,Jalin Hyatt,WR,9.709998168945297
2023121101,429,54508,Wan'Dale Robinson,WR,27.0700036621094
2023121101,518,54597,Romeo Doubs,WR,10.329999084472703
2023121101,543,52470,AJ Dillon,RB,13.940003051757799
2023121101,686,46071,Saquon Barkley,RB,2.7299966430664
2023121101,783,55915,Jayden Reed,WR,13.020000305175799
2023121101,815,56024,Dontayvion Wicks,WR,6.740000305175798
2023121101,845,52470,AJ Dillon,RB,14.069999389648409
2023121101,1100,52615,Isaiah Hodgins,WR,18.019998626708997
2023121101,1237,52875,Patrick Taylor,RB,10.160000610351599
2023121101,1306,56024,Dontayvion Wicks,WR,29.9400030517578
2023121101,1520,55938,Jalin Hyatt,WR,11.359999389648394
2023121101,1602,55938,Jalin Hyatt,WR,13.49999664306641
2023121101,1697,56024,Dontayvion Wicks,WR,33.4399984741211
2023121101,1768,46071,Saquon Barkley,RB,11.79000122070309
2023121101,1833,55943,Tucker Kraft,TE,11.089999847412102
2023121101,1956,54723,Samori Toure,WR,11.840002746582002
2023121101,2003,52875,Patrick Taylor,RB,6.310003051757803
2023121101,2028,54597,Romeo Doubs,WR,18.529998779297003
2023121101,2357,54508,Wan'Dale Robinson,WR,6.620001831054701
2023121101,2528,52470,AJ Dillon,RB,1.2199999999999989
2023121101,2553,56024,Dontayvion Wicks,WR,26.2300009155273
2023121101,2659,55915,Jayden Reed,WR,28.68000213623
2023121101,2725,47954,Darius Slayton,WR,11.580001831054702
2023121101,2804,54577,Daniel Bellinger,TE,9.4100018310547
2023121101,2907,54508,Wan'Dale Robinson,WR,32.4700003814697
2023121101,2985,52615,Isaiah Hodgins,WR,23.199999971389772
2023121101,3107,54723,Samori Toure,WR,12.039999542236298
2023121101,3201,54597,Romeo Doubs,WR,20.560001373291
2023121101,3248,55943,Tucker Kraft,TE,11.459999084472699
2023121101,3420,54577,Daniel Bellinger,TE,14.029998779296903
2023121101,3499,55943,Tucker Kraft,TE,31.470002746581997
2023121101,3531,55915,Jayden Reed,WR,4.950001831054699
2023121101,3561,54597,Romeo Doubs,WR,11.0299998474121
2023121101,3586,55915,Jayden Reed,WR,11.6100007629395
2023121101,3636,54723,Samori Toure,WR,40.06999969482422
2023121101,3843,54597,Romeo Doubs,WR,11.610000457763704
2023121101,3868,54597,Romeo Doubs,WR,27.110000076293947
2023121101,3898,55915,Jayden Reed,WR,7.540000686645499
2023121101,3950,56220,Malik Heath,WR,26.819999885559078
2023121101,4028,56220,Malik Heath,WR,14.00000045776367
2023121101,4083,54508,Wan'Dale Robinson,WR,10.600000762939501
2023121101,4108,46071,Saquon Barkley,RB,9.8099983215332
2023121101,4137,47954,Darius Slayton,WR,10.940001831054701
2023121101,4167,54508,Wan'Dale Robinson,WR,22.060000915527304
2023121400,110,44856,Gerald Everett,TE,9.749999084472705
2023121400,192,55965,Tre Tucker,WR,49.5300021362305
2023121400,237,41282,Davante Adams,WR,16.8100018310547
2023121400,260,41282,Davante Adams,WR,9.759999847412104
2023121400,365,41282,Davante Adams,WR,16.6400012207031
2023121400,390,48097,Jakobi Meyers,WR,9.849997558593813
2023121400,436,55900,Michael Mayer,TE,13.67000030517599
2023121400,551,44856,Gerald Everett,TE,6.349999389648389
2023121400,660,41282,Davante Adams,WR,16.499998779296902
2023121400,683,55900,Michael Mayer,TE,14.710001525878909
2023121400,708,55965,Tre Tucker,WR,43.25999847412099
2023121400,871,55965,Tre Tucker,WR,15.50999755859381
2023121400,918,48097,Jakobi Meyers,WR,26.66000152587901
2023121400,1028,44856,Gerald Everett,TE,12.819997863769501
2023121400,1093,55061,Stone Smartt,TE,10.2299981689453
2023121400,1245,42397,Ameer Abdullah,RB,14.0399963378906
2023121400,1354,55061,Stone Smartt,TE,0.010000381469701836
2023121400,1408,43663,Alex Erickson,WR,26.4399993896484
2023121400,1480,41282,Davante Adams,WR,19.8199963378906
2023121400,1622,55900,Michael Mayer,TE,9.0200007629395
2023121400,1751,55885,Quentin Johnston,WR,22.5399987792969
2023121400,1854,54587,Zamir White,RB,7.669997253418003
2023121400,1879,41282,Davante Adams,WR,13.840001678466791
2023121400,1904,41282,Davante Adams,WR,17.2199993896484
2023121400,2007,44856,Gerald Everett,TE,8.229999237060497
2023121400,2147,41282,Davante Adams,WR,12.730000610351603
2023121400,2172,54587,Zamir White,RB,5.860001373290999
2023121400,2197,47932,Hunter Renfrow,WR,11.949998626708997
2023121400,2274,55965,Tre Tucker,WR,31.739999961853034
2023121400,2420,41282,Davante Adams,WR,13.140001068115197
2023121400,2467,48097,Jakobi Meyers,WR,17.9599990844727
2023121400,2490,43370,Austin Hooper,TE,14.619996948242203
2023121400,2546,48097,Jakobi Meyers,WR,6.480002441406199
2023121400,2571,54587,Zamir White,RB,7.8399978637699945
2023121400,2596,41282,Davante Adams,WR,16.209999999999994
2023121400,2664,53506,Josh Palmer,WR,35.6299993896484
2023121400,2806,45573,Austin Ekeler,RB,1.830000305176
2023121400,2860,53506,Josh Palmer,WR,8.0100009155273
2023121400,2967,55900,Michael Mayer,TE,8.0899981689453
2023121400,3037,42397,Ameer Abdullah,RB,10.049998474121104
2023121400,3115,44856,Gerald Everett,TE,9.199998779296905
2023121400,3187,55885,Quentin Johnston,WR,47.420000457763706
2023121400,3210,52520,Joshua Kelley,RB,6.739996643066405
2023121400,3235,48556,Jalen Guyton,WR,9.030000915527296
2023121400,3494,55061,Stone Smartt,TE,12.549998626708998
2023121400,3585,55990,Derius Davis,WR,4.129998474121102
2023121400,3655,53506,Josh Palmer,WR,28.680000305175795
2023121400,3680,43663,Alex Erickson,WR,19.470002441405995
2023121400,3746,41282,Davante Adams,WR,13.049997253417999
2023121400,3771,47932,Hunter Renfrow,WR,14.360002136230491
2023121400,3901,53506,Josh Palmer,WR,10.5700007629395
2023121400,4092,55885,Quentin Johnston,WR,14.710003051757994
2023121600,130,52673,Mitchell Wilcox,TE,10.719999542236302
2023121600,177,47833,Irv Smith,TE,11.380001220703093
2023121600,202,53434,Ja'Marr Chase,WR,28.440002746582003
2023121600,266,46797,Tanner Hudson,TE,10.720003662109406
2023121600,439,52430,Justin Jefferson,WR,26.209998321533206
2023121600,508,47791,T.J. Hockenson,TE,12.909998321533202
2023121600,599,54634,Ty Chandler,RB,8.639999465942399
2023121600,690,43344,Tyler Boyd,WR,10.690001068115198
2023121600,821,54634,Ty Chandler,RB,7.670000000000002
2023121600,962,56028,Chase Brown,RB,7.2100012207030915
2023121600,1049,55996,Charlie Jones,WR,51.6499995422363
2023121600,1148,52430,Justin Jefferson,WR,13.3099998474121
2023121600,1195,47791,T.J. Hockenson,TE,13.9499997711182
2023121600,1245,47852,Josh Oliver,TE,9.730000457763701
2023121600,1280,55887,Jordan Addison,WR,24.380000915527305
2023121600,1327,45094,Johnny Mundt,TE,8.730000000000004
2023121600,1352,52584,K.J. Osborn,WR,27.090003051758003
2023121600,1397,47791,T.J. Hockenson,TE,14.069998474121093
2023121600,1466,52430,Justin Jefferson,WR,22.240001220702993
2023121600,1544,46797,Tanner Hudson,TE,9.750000305175789
2023121600,1683,52430,Justin Jefferson,WR,12.060001373291001
2023121600,1713,55887,Jordan Addison,WR,23.189997863769506
2023121600,1783,52430,Justin Jefferson,WR,10.350002746582007
2023121600,1910,52441,Tee Higgins,WR,44.9299990844727
2023121600,2136,52430,Justin Jefferson,WR,20.040001831054695
2023121600,2188,55887,Jordan Addison,WR,16.65999832153321
2023121600,2258,55887,Jordan Addison,WR,11.109998626709
2023121600,2398,55996,Charlie Jones,WR,4.429998474121099
2023121600,2428,47833,Irv Smith,TE,19.950000762939503
2023121600,2477,52430,Justin Jefferson,WR,19.590000152587898
2023121600,2527,52430,Justin Jefferson,WR,13.539998474121099
2023121600,2603,47852,Josh Oliver,TE,9.189999847412103
2023121600,2628,47791,T.J. Hockenson,TE,10.440000686645497
2023121600,2723,44860,Joe Mixon,RB,7.009999694824195
2023121600,2748,46797,Tanner Hudson,TE,9.830000305175801
2023121600,2773,46797,Tanner Hudson,TE,20.2599989318848
2023121600,2798,47833,Irv Smith,TE,10.190001525878905
2023121600,2848,53434,Ja'Marr Chase,WR,18.359997863769507
2023121600,2893,52441,Tee Higgins,WR,23.249999904632567
2023121600,2972,52430,Justin Jefferson,WR,39.489997253418
2023121600,3028,47791,T.J. Hockenson,TE,11.479998626708998
2023121600,3079,44860,Joe Mixon,RB,5.230003662109397
2023121600,3138,52441,Tee Higgins,WR,15.7399983215332
2023121600,3220,53434,Ja'Marr Chase,WR,27.7200009155273
2023121600,3245,52673,Mitchell Wilcox,TE,8.610000457763704
2023121600,3400,52430,Justin Jefferson,WR,23.099999847412104
2023121600,3508,55887,Jordan Addison,WR,11.089997863769504
2023121600,3582,55887,Jordan Addison,WR,15.000002136229995
2023121600,3639,46797,Tanner Hudson,TE,14.020003662109403
2023121600,3664,44860,Joe Mixon,RB,8.520000305175799
2023121600,3689,43344,Tyler Boyd,WR,7.689999694824209
2023121600,3741,52441,Tee Higgins,WR,19.8899992370605
2023121600,3821,56071,Andrei Iosivas,WR,4.270001068115199
2023121600,4168,52441,Tee Higgins,WR,39.46
2023121600,4217,47791,T.J. Hockenson,TE,14.900003051757793
2023121600,4264,47791,T.J. Hockenson,TE,10.100000457763699
2023121600,4362,56071,Andrei Iosivas,WR,9.540000610351598
2023121600,4385,43344,Tyler Boyd,WR,27.8799981689453
2023121601,155,52494,Zack Moss,RB,8.450000610351609
2023121601,180,52442,Michael Pittman,WR,10.48000061035161
2023121601,210,52442,Michael Pittman,WR,8.140002136230493
2023121601,240,55944,Josh Downs,WR,10.199999694824193
2023121601,354,55944,Josh Downs,WR,10.430001678466795
2023121601,400,41290,Allen Robinson,WR,9.239999542236298
2023121601,454,53484,Pat Freiermuth,TE,9.579997863769506
2023121601,524,54517,George Pickens,WR,23.150001525878906
2023121601,571,54517,George Pickens,WR,11.069998168945304
2023121601,823,52442,Michael Pittman,WR,18.879998168945292
2023121601,969,47849,Diontae Johnson,WR,11.0000004196167
2023121601,1056,52442,Michael Pittman,WR,18.379998474121102
2023121601,1202,52494,Zack Moss,RB,6.4599981689453045
2023121601,1378,54517,George Pickens,WR,46.15999969482421
2023121601,1489,54518,Alec Pierce,WR,28.810002136230494
2023121601,1525,54518,Alec Pierce,WR,15.770003051757797
2023121601,1722,54798,Tyler Goodson,RB,5.1299969482422085
2023121601,1753,54657,Andrew Ogletree,TE,20.170000915526998
2023121601,1808,48142,D.J. Montgomery,WR,14.130001220702994
2023121601,1884,47849,Diontae Johnson,WR,27.650001831054695
2023121601,1954,41290,Allen Robinson,WR,12.940000610351603
2023121601,1979,53484,Pat Freiermuth,TE,12.279999084472692
2023121601,2028,48142,D.J. Montgomery,WR,23.800000305175804
2023121601,2101,54518,Alec Pierce,WR,15.980003356934006
2023121601,2124,48142,D.J. Montgomery,WR,9.760003662109398
2023121601,2181,47849,Diontae Johnson,WR,20.2199987792969
2023121601,2204,54517,George Pickens,WR,41.5500018310547
2023121601,2227,54905,Jaylen Warren,RB,12.039998168945303
2023121601,2310,54798,Tyler Goodson,RB,9.300000152587899
2023121601,2335,48142,D.J. Montgomery,WR,13.569998931884804
2023121601,2528,44792,Mo Alie-Cox,TE,21.95999938964799
2023121601,2585,53484,Pat Freiermuth,TE,12.48000061035161
2023121601,2708,44792,Mo Alie-Cox,TE,8.919997253418003
2023121601,2733,44792,Mo Alie-Cox,TE,25.840002136229998
2023121601,2756,53556,Kylen Granson,TE,5.8700024414062
2023121601,2940,47849,Diontae Johnson,WR,27.839999389648398
2023121601,2987,54517,George Pickens,WR,25.349999999999994
2023121601,3449,54518,Alec Pierce,WR,12.0600003051758
2023121601,3537,54905,Jaylen Warren,RB,8.4999989318848
2023121601,3562,41290,Allen Robinson,WR,14.829998931884802
2023121601,3650,54905,Jaylen Warren,RB,11.349999847412104
2023121601,3680,47849,Diontae Johnson,WR,21.0200010681152
2023121601,3710,54517,George Pickens,WR,27.080003356933595
2023121601,3907,53484,Pat Freiermuth,TE,12.060000305175805
2023121602,90,53541,Amon-Ra St. Brown,WR,18.35999664306641
2023121602,115,54477,Jameson Williams,WR,39.3800016784668
2023121602,138,47856,David Montgomery,RB,5.399999694824203
2023121602,163,47856,David Montgomery,RB,11.330001831054702
2023121602,205,52423,Jerry Jeudy,WR,13.400000457763703
2023121602,476,52423,Jerry Jeudy,WR,13.189999694824198
2023121602,587,54477,Jameson Williams,WR,18.039998168945303
2023121602,612,43584,Kalif Raymond,WR,22.219998931884795
2023121602,664,55876,Jahmyr Gibbs,RB,4.159999237060497
2023121602,694,54477,Jameson Williams,WR,40.85999969482421
2023121602,903,52513,Adam Trautman,TE,11.0599996948242
2023121602,995,55899,Sam LaPorta,TE,17.180003356933597
2023121602,1064,52595,Donovan Peoples-Jones,WR,10.4099989318848
2023121602,1089,55899,Sam LaPorta,TE,8.110002136230499
2023121602,1114,44930,Josh Reynolds,WR,24.770000915527298
2023121602,1139,55899,Sam LaPorta,TE,11.749999694824211
2023121602,1294,44930,Josh Reynolds,WR,20.0100015258789
2023121602,1378,54477,Jameson Williams,WR,15.110002746581998
2023121602,1408,53541,Amon-Ra St. Brown,WR,19.93000335693401
2023121602,1431,55876,Jahmyr Gibbs,RB,13.659996643065995
2023121602,1502,56513,Jaleel McLaughlin,RB,0.09000183105470683
2023121602,1628,53464,Javonte Williams,RB,6.430002746582005
2023121602,1718,53541,Amon-Ra St. Brown,WR,15.7599995422363
2023121602,1743,44930,Josh Reynolds,WR,13.849999389648403
2023121602,1766,53541,Amon-Ra St. Brown,WR,15.7399998474121
2023121602,1893,53541,Amon-Ra St. Brown,WR,6.570000610351599
2023121602,1918,53541,Amon-Ra St. Brown,WR,22.380003051757996
2023121602,1948,53541,Amon-Ra St. Brown,WR,13.489998779296997
2023121602,2187,46109,Courtland Sutton,WR,11.6000021362305
2023121602,2262,48541,Lil'Jordan Humphrey,WR,6.830002136229993
2023121602,2314,54967,Brandon Johnson,WR,18.329996643065996
2023121602,2442,53541,Amon-Ra St. Brown,WR,22.5700036621094
2023121602,2467,54477,Jameson Williams,WR,24.440001525878905
2023121602,2614,55899,Sam LaPorta,TE,11.919999980926509
2023121602,2678,46109,Courtland Sutton,WR,6.719998168945299
2023121602,2749,52513,Adam Trautman,TE,9.0600012207031
2023121602,2774,55127,Lucas Krull,TE,41.790003051758
2023121602,2826,52423,Jerry Jeudy,WR,18.680003662109407
2023121602,2856,46109,Courtland Sutton,WR,12.099996337890602
2023121602,2881,46109,Courtland Sutton,WR,14.680000915527003
2023121602,2904,56513,Jaleel McLaughlin,RB,13.299997863770002
2023121602,3084,54477,Jameson Williams,WR,23.520000152587897
2023121602,3301,55127,Lucas Krull,TE,21.380003051757797
2023121602,3372,55928,Marvin Mims Jr.,WR,40.4200006103516
2023121602,3443,55899,Sam LaPorta,TE,22.3200015258789
2023121602,3542,44927,Samaje Perine,RB,8.4700030517578
2023121602,3574,52423,Jerry Jeudy,WR,11.7599995422363
2023121602,3602,46109,Courtland Sutton,WR,20.689999999999998
2023121602,3627,48541,Lil'Jordan Humphrey,WR,9.360000762939496
2023121602,3650,48541,Lil'Jordan Humphrey,WR,14.270000381469703
2023121602,3824,53541,Amon-Ra St. Brown,WR,8.729999999999997
2023121602,3978,55899,Sam LaPorta,TE,22.48999938964799
2023121700,56,44896,Chris Godwin Jr.,WR,11.520001678466798
2023121700,108,54556,Rachaad White,RB,12.049999389648399
2023121700,182,44896,Chris Godwin Jr.,WR,13.9499996948242
2023121700,317,54597,Romeo Doubs,WR,13.200003051757804
2023121700,413,55915,Jayden Reed,WR,29.270000610351595
2023121700,781,41233,Mike Evans,WR,14.069998474121093
2023121700,806,44896,Chris Godwin Jr.,WR,14.439998626708999
2023121700,878,41233,Mike Evans,WR,30.149999771118157
2023121700,962,56220,Malik Heath,WR,11.749998779296902
2023121700,1036,55943,Tucker Kraft,TE,30.210002746582006
2023121700,1088,55915,Jayden Reed,WR,8.290000610351612
2023121700,1113,44995,Aaron Jones,RB,11.25
2023121700,1341,56024,Dontayvion Wicks,WR,10.6599989318848
2023121700,1364,54597,Romeo Doubs,WR,9.529998931884798
2023121700,1466,55915,Jayden Reed,WR,14.14
2023121700,1566,41233,Mike Evans,WR,9.540000610351612
2023121700,1598,44896,Chris Godwin Jr.,WR,11.759999084472696
2023121700,1623,45039,David Moore,WR,23.24999969482421
2023121700,1648,44896,Chris Godwin Jr.,WR,24.469998321533197
2023121700,1741,44896,Chris Godwin Jr.,WR,27.949999389648404
2023121700,1954,55915,Jayden Reed,WR,33.5100009155273
2023121700,2039,44896,Chris Godwin Jr.,WR,25.760003662109405
2023121700,2062,41233,Mike Evans,WR,20.770000152587897
2023121700,2109,56056,Trey Palmer,WR,11.079999999999998
2023121700,2182,54556,Rachaad White,RB,18.000000610351606
2023121700,2268,44995,Aaron Jones,RB,8.760001220703103
2023121700,2293,56024,Dontayvion Wicks,WR,13.280003051757802
2023121700,2318,56024,Dontayvion Wicks,WR,15.4699993896484
2023121700,2359,56529,Ben Sims,TE,29.2299995422363
2023121700,2382,56024,Dontayvion Wicks,WR,25.229999389648405
2023121700,2443,56220,Malik Heath,WR,23.729999694824198
2023121700,2468,54694,Bo Melton,CB,9.939999694824198
2023121700,2498,52875,Patrick Taylor,RB,4.829999237060502
2023121700,2523,52875,Patrick Taylor,RB,4.270000305175802
2023121700,2553,55915,Jayden Reed,WR,28.450000228881837
2023121700,2618,54571,Cade Otton,TE,15.619999084472699
2023121700,2663,44896,Chris Godwin Jr.,WR,18.9400009155273
2023121700,2710,41233,Mike Evans,WR,9.459997558593813
2023121700,2789,54571,Cade Otton,TE,23.830002136229993
2023121700,2814,41233,Mike Evans,WR,15.580003662109007
2023121700,2846,54683,Ko Kieft,TE,7.180001525879007
2023121700,2910,55915,Jayden Reed,WR,5.579999389648393
2023121700,2985,56024,Dontayvion Wicks,WR,25.57999847412109
2023121700,3128,44995,Aaron Jones,RB,5.26999938964839
2023121700,3153,55943,Tucker Kraft,TE,13.74000244140619
2023121700,3261,44896,Chris Godwin Jr.,WR,17.6000036621094
2023121700,3330,45039,David Moore,WR,10.190000610351596
2023121700,3430,54597,Romeo Doubs,WR,19.6699984741211
2023121700,3455,56220,Malik Heath,WR,13.610001831054703
2023121700,3502,55943,Tucker Kraft,TE,16.25999755859381
2023121700,3527,56024,Dontayvion Wicks,WR,15.289997558593804
2023121700,3575,55943,Tucker Kraft,TE,15.270003051757797
2023121700,3598,54694,Bo Melton,CB,29.569997558593812
2023121701,81,53435,Jaylen Waddle,WR,4.6800003051757955
2023121701,299,56252,Xavier Gipson,WR,15.040001373291002
2023121701,509,46226,Tyler Conklin,TE,10.670000610351597
2023121701,545,46226,Tyler Conklin,TE,21.0500004577637
2023121701,593,56252,Xavier Gipson,WR,19.0299998474121
2023121701,685,55949,De'Von Achane,RB,6.8800009155273045
2023121701,737,46192,Durham Smythe,TE,12.310000000000002
2023121701,904,53435,Jaylen Waddle,WR,14.879996948242209
2023121701,1144,46192,Durham Smythe,TE,7.5100016784668
2023121701,1300,53435,Jaylen Waddle,WR,45.55000244140619
2023121701,1387,46705,Allen Lazard,WR,10.480000000000004
2023121701,1453,46705,Allen Lazard,WR,30.619998474121097
2023121701,1594,46277,Cedrick Wilson Jr.,WR,1.8100000762938997
2023121701,1624,53435,Jaylen Waddle,WR,12.180000610351598
2023121701,1687,53435,Jaylen Waddle,WR,15.319998474121093
2023121701,1710,46279,Braxton Berrios,WR,19.25999664306641
2023121701,1742,46277,Cedrick Wilson Jr.,WR,12.030002746582
2023121701,1787,53435,Jaylen Waddle,WR,17.109997558593804
2023121701,1907,46705,Allen Lazard,WR,11.040002441406187
2023121701,1936,54501,Breece Hall,RB,9.370002746582003
2023121701,1991,56252,Xavier Gipson,WR,34.310001373291
2023121701,2172,46226,Tyler Conklin,TE,12.539998474121091
2023121701,2195,54475,Garrett Wilson,WR,24.840000305175792
2023121701,2333,53435,Jaylen Waddle,WR,16.480001220703095
2023121701,2538,54475,Garrett Wilson,WR,10.489997863769503
2023121701,2585,46705,Allen Lazard,WR,15.6200024414062
2023121701,2639,54475,Garrett Wilson,WR,10.1199966430664
2023121701,2686,54475,Garrett Wilson,WR,9.4299984741211
2023121701,2745,37139,Randall Cobb,WR,39.29
2023121701,2831,46192,Durham Smythe,TE,9.240001373291001
2023121701,2888,46277,Cedrick Wilson Jr.,WR,4.159998474121103
2023121701,2913,46192,Durham Smythe,TE,13.349997558593806
2023121701,3148,46226,Tyler Conklin,TE,6.219998474121102
2023121701,3198,56252,Xavier Gipson,WR,12.559998168945299
2023121701,3221,56252,Xavier Gipson,WR,15.6299983215332
2023121701,3246,54566,Jeremy Ruckert,TE,11.750002441406195
2023121701,3304,37139,Randall Cobb,WR,11.980000610351603
2023121701,3563,56008,Israel Abanikanda,RB,4.109999237060499
2023121701,3588,46226,Tyler Conklin,TE,17.9500004577637
2023121701,3613,46226,Tyler Conklin,TE,5.930001373291002
2023121701,3638,46705,Allen Lazard,WR,17.42
2023121701,3661,54566,Jeremy Ruckert,TE,12.739999999999998
2023121701,3686,46705,Allen Lazard,WR,19.820000915527302
2023121701,3732,37139,Randall Cobb,WR,43.5999969482422
2023121701,3755,56252,Xavier Gipson,WR,38.9300030517578
2023121702,55,47954,Darius Slayton,WR,39.2899963378906
2023121702,178,46071,Saquon Barkley,RB,25.7300009155273
2023121702,208,42547,Darren Waller,TE,5.849996337890595
2023121702,334,52488,Lynn Bowden,WR,7.280002746581999
2023121702,359,47920,Foster Moreau,TE,11.290001525878907
2023121702,382,45244,Taysom Hill,QB,10.769999084472701
2023121702,557,47920,Foster Moreau,TE,10.00000335693359
2023121702,582,55133,Rashid Shaheed,WR,8.199996643066413
2023121702,651,52942,Juwan Johnson,TE,24.999998474121107
2023121702,704,52488,Lynn Bowden,WR,23.0600000762939
2023121702,780,46542,Keith Kirkwood,WR,14.870000228881839
2023121702,886,47954,Darius Slayton,WR,13.610002746581998
2023121702,949,44879,Alvin Kamara,RB,6.7700001525878974
2023121702,1020,44947,Jamaal Williams,RB,9.109999084472697
2023121702,1101,55938,Jalin Hyatt,WR,15.820003356933597
2023121702,1209,42547,Darren Waller,TE,17.960000915527303
2023121702,1261,54508,Wan'Dale Robinson,WR,3.700000000000003
2023121702,1286,47954,Darius Slayton,WR,29.3699999237061
2023121702,1378,44879,Alvin Kamara,RB,12.340001373291003
2023121702,1432,52488,Lynn Bowden,WR,12.570000762939504
2023121702,1574,55938,Jalin Hyatt,WR,13.560000152587897
2023121702,1638,54577,Daniel Bellinger,TE,11.999996337890593
2023121702,1730,45186,Matt Breida,RB,8.419998474121094
2023121702,1836,54508,Wan'Dale Robinson,WR,10.650000305175801
2023121702,1871,45186,Matt Breida,RB,10.359999084472697
2023121702,1901,45186,Matt Breida,RB,9.420000762939502
2023121702,2010,52488,Lynn Bowden,WR,21.1399998474121
2023121702,2066,55133,Rashid Shaheed,WR,22.860000305175802
2023121702,2113,47920,Foster Moreau,TE,10.269998626708997
2023121702,2267,35534,Jimmy Graham,TE,10.689996948242204
2023121702,2292,55133,Rashid Shaheed,WR,12.919996337890595
2023121702,2317,52942,Juwan Johnson,TE,27.060002746582
2023121702,2542,56060,A.T. Perry,WR,19.530002746582
2023121702,2596,47920,Foster Moreau,TE,11.239999389648396
2023121702,2908,44879,Alvin Kamara,RB,9.669999694824206
2023121702,2975,56060,A.T. Perry,WR,21.7299981689453
2023121702,3066,47920,Foster Moreau,TE,9.209999389648399
2023121702,3125,35534,Jimmy Graham,TE,14.499999990463259
2023121702,3191,54508,Wan'Dale Robinson,WR,8.8200015258789
2023121702,3243,42547,Darren Waller,TE,28.199999694824207
2023121702,3288,54508,Wan'Dale Robinson,WR,12.5899996948242
2023121702,3333,42547,Darren Waller,TE,10.030000915527303
2023121702,3358,42547,Darren Waller,TE,7.119999389648399
2023121702,3383,55938,Jalin Hyatt,WR,22.8999963378906
2023121702,3484,55133,Rashid Shaheed,WR,48.1899998474121
2023121702,3563,56037,Eric Gray,RB,2.8599996948241984
2023121702,3588,47954,Darius Slayton,WR,10.3499990844727
2023121702,3613,47954,Darius Slayton,WR,15.289999465942401
2023121702,3643,52615,Isaiah Hodgins,WR,26.579998626709
2023121702,3666,56037,Eric Gray,RB,2.960000457763698
2023121702,3719,47954,Darius Slayton,WR,36.3499978637695
2023121702,3747,56037,Eric Gray,RB,4.8299963378905915
2023121702,3809,53047,Lawrence Cager,TE,13.120003662109404
2023121702,3834,56037,Eric Gray,RB,16.349998474121094
2023121703,55,45052,Noah Brown,WR,9.450002441406198
2023121703,150,43334,Derrick Henry,RB,7.300000076293898
2023121703,263,54483,Treylon Burks,WR,30.710001831054704
2023121703,310,54608,Chig Okonkwo,TE,6.030000000000001
2023121703,338,53074,Nick Westbrook-Ikhine,WR,38.909996948242
2023121703,534,45052,Noah Brown,WR,8.029997253418003
2023121703,564,45052,Noah Brown,WR,13.470002136230491
2023121703,652,56070,Xavier Hutchinson,WR,8.500003051757801
2023121703,756,54483,Treylon Burks,WR,27.8799990844727
2023121703,803,39973,DeAndre Hopkins,WR,23.739997253417997
2023121703,937,45052,Noah Brown,WR,23.090002136230495
2023121703,1053,45719,Dare Ogunbowale,RB,12.939998931884801
2023121703,1184,45052,Noah Brown,WR,27.1999996948242
2023121703,1390,43334,Derrick Henry,RB,4.670003051758002
2023121703,1630,53576,Brevin Jordan,TE,12.769996337890596
2023121703,1788,45052,Noah Brown,WR,14.070000305175995
2023121703,1813,45052,Noah Brown,WR,21.139999694824
2023121703,1948,39973,DeAndre Hopkins,WR,10.110001831054703
2023121703,1973,54608,Chig Okonkwo,TE,10.1200009155273
2023121703,2030,39973,DeAndre Hopkins,WR,29.430003662109407
2023121703,2102,47857,Devin Singletary,RB,3.2900027465820045
2023121703,2182,46206,Dalton Schultz,TE,24.000001373291
2023121703,2216,39989,Robert Woods,WR,9.720000610351597
2023121703,2410,39973,DeAndre Hopkins,WR,47.04
2023121703,2562,39989,Robert Woods,WR,5.930001831054703
2023121703,2752,54608,Chig Okonkwo,TE,26.8299992370605
2023121703,2780,43334,Derrick Henry,RB,11.080001525878899
2023121703,2827,53074,Nick Westbrook-Ikhine,WR,19.309997558593807
2023121703,3034,39973,DeAndre Hopkins,WR,18.5699993896484
2023121703,3228,56070,Xavier Hutchinson,WR,27.210001525878898
2023121703,3251,46206,Dalton Schultz,TE,20.9299993896484
2023121703,3301,46206,Dalton Schultz,TE,11.470000457763703
2023121703,3326,45052,Noah Brown,WR,10.509997253418
2023121703,3484,45052,Noah Brown,WR,11.809999084472992
2023121703,3571,39973,DeAndre Hopkins,WR,40.7900015258789
2023121703,3594,43396,Chris Moore,WR,22.269998168945293
2023121703,3643,43396,Chris Moore,WR,11.969998779296901
2023121703,3680,39973,DeAndre Hopkins,WR,24.210001068115197
2023121703,3754,47857,Devin Singletary,RB,9.219999999999999
2023121703,3801,56070,Xavier Hutchinson,WR,24.4600007629395
2023121703,3824,45052,Noah Brown,WR,52.3599990844727
2023121703,3878,43396,Chris Moore,WR,48.53
2023121703,3983,39989,Robert Woods,WR,24.069998779296903
2023121703,4008,39989,Robert Woods,WR,24.8799981689453
2023121703,4160,43396,Chris Moore,WR,28.569999999999993
2023121703,4227,39973,DeAndre Hopkins,WR,47.7199993133545
2023121703,4421,39973,DeAndre Hopkins,WR,27.450001373291002
2023121703,4536,47857,Devin Singletary,RB,19.7699998474121
2023121704,123,54520,Trey McBride,TE,12.900003356933595
2023121704,153,54520,Trey McBride,TE,32.7300012207031
2023121704,317,52433,Brandon Aiyuk,WR,10.429998626708997
2023121704,386,52433,Brandon Aiyuk,WR,36.7899978637695
2023121704,409,47819,Deebo Samuel Sr.,WR,24.239997558593807
2023121704,488,47819,Deebo Samuel Sr.,WR,15.640002746581999
2023121704,582,42589,Geoff Swaim,TE,28.55000015258789
2023121704,697,54520,Trey McBride,TE,16.5599984741211
2023121704,942,54520,Trey McBride,TE,15.4200006103516
2023121704,1010,47819,Deebo Samuel Sr.,WR,24.999997558593805
2023121704,1055,44820,Christian McCaffrey,RB,11.679998168945303
2023121704,1351,56395,Emari Demercado,RB,10.920003662109409
2023121704,1508,40078,Kyle Juszczyk,FB,8.359998474121099
2023121704,1547,44959,George Kittle,TE,25.119999465942403
2023121704,1666,44959,George Kittle,TE,16.110000152587904
2023121704,1720,44820,Christian McCaffrey,RB,14.940000076293948
2023121704,1784,45102,Zach Pascal,WR,13.39
2023121704,1944,44820,Christian McCaffrey,RB,10.380000915527305
2023121704,1969,44820,Christian McCaffrey,RB,11.839998779296906
2023121704,1994,47819,Deebo Samuel Sr.,WR,18.0800003051758
2023121704,2024,52625,Jauan Jennings,WR,19.189996948242197
2023121704,2170,47819,Deebo Samuel Sr.,WR,13.36
2023121704,2193,44959,George Kittle,TE,20.199998626709
2023121704,2218,44820,Christian McCaffrey,RB,33.7299996948242
2023121704,2282,54520,Trey McBride,TE,4.929997558593811
2023121704,2537,54520,Trey McBride,TE,9.8399981689453
2023121704,2562,54520,Trey McBride,TE,20.330003662109405
2023121704,2643,56062,Elijah Higgins,TE,10.540000152587904
2023121704,2668,54520,Trey McBride,TE,15.020000152587901
2023121704,2698,53478,Rondale Moore,WR,22.05000000715256
2023121704,2762,55959,Michael Wilson,WR,28.44000019073486
2023121704,2835,44959,George Kittle,TE,23.779999694824205
2023121704,2858,52433,Brandon Aiyuk,WR,14.5800009155273
2023121704,3108,44917,James Conner,RB,6.209998779296903
2023121704,3138,44917,James Conner,RB,8.059999542236298
2023121704,3188,48646,Greg Dortch,WR,5.950001831054699
2023121704,3213,48646,Greg Dortch,WR,11.520001678466798
2023121704,3429,47819,Deebo Samuel Sr.,WR,26.080000114440903
2023121704,3520,55959,Michael Wilson,WR,17.220001373291
2023121704,3543,55959,Michael Wilson,WR,29.169998321533203
2023121704,3566,54520,Trey McBride,TE,16.309999694824196
2023121704,3602,45102,Zach Pascal,WR,31.21999847412109
2023121704,3663,40078,Kyle Juszczyk,FB,7.510000762939505
2023121704,3800,48646,Greg Dortch,WR,32.589997253418
2023121704,3877,54520,Trey McBride,TE,9.6900009155273
2023121704,3907,45102,Zach Pascal,WR,29.500000610351606
2023121704,3930,56062,Elijah Higgins,TE,15.93
2023121704,3955,53536,Michael Carter,RB,10.049998474121097
2023121704,3980,53536,Michael Carter,RB,6.760003051757792
2023121704,4012,56062,Elijah Higgins,TE,19.9499969482422
2023121704,4042,53536,Michael Carter,RB,7.070000915527004
2023121705,107,44852,Curtis Samuel,WR,9.230000000000004
2023121705,174,56042,Puka Nacua,WR,0.2300006866455
2023121705,221,43415,Demarcus Robinson,WR,24.4399995422363
2023121705,273,56042,Puka Nacua,WR,21.0299969482422
2023121705,462,52474,Antonio Gibson,RB,4.690000305175801
2023121705,492,52474,Antonio Gibson,RB,10.349997253417996
2023121705,624,46522,Byron Pringle,WR,8.960001220703091
2023121705,699,47859,Terry McLaurin,WR,22.8500012207031
2023121705,751,44852,Curtis Samuel,WR,12.869999237060501
2023121705,853,43399,Tyler Higbee,TE,11.149999313354499
2023121705,903,44881,Cooper Kupp,WR,12.719999084472704
2023121705,975,43399,Tyler Higbee,TE,22.140000457763705
2023121705,1027,54629,Kyren Williams,RB,4.2800010681152045
2023121705,1074,44881,Cooper Kupp,WR,7.219999084472697
2023121705,1311,44881,Cooper Kupp,WR,11.039999389648408
2023121705,1407,44881,Cooper Kupp,WR,11.340000534057598
2023121705,1547,53553,John Bates,TE,19.1800006103516
2023121705,1570,52474,Antonio Gibson,RB,8.780000152587899
2023121705,1675,47859,Terry McLaurin,WR,13.400000457763703
2023121705,1737,43399,Tyler Higbee,TE,12.700002746582001
2023121705,1796,43399,Tyler Higbee,TE,6.789999237060492
2023121705,1867,52474,Antonio Gibson,RB,5.309998931884799
2023121705,1892,44852,Curtis Samuel,WR,19.430001220703097
2023121705,2253,44881,Cooper Kupp,WR,46.7800021362305
2023121705,2378,47859,Terry McLaurin,WR,12.750001678466802
2023121705,2445,41349,Logan Thomas,TE,9.619998474121097
2023121705,2470,47859,Terry McLaurin,WR,27.460000915527303
2023121705,2573,43399,Tyler Higbee,TE,19.589998779296906
2023121705,2622,47859,Terry McLaurin,WR,11.340000762939503
2023121705,2704,47859,Terry McLaurin,WR,14.8099983215332
2023121705,2734,53511,Dyami Brown,WR,36.6700001335144
2023121705,2779,44852,Curtis Samuel,WR,34.79000000953674
2023121705,2843,54629,Kyren Williams,RB,9.6300015258789
2023121705,2868,44881,Cooper Kupp,WR,13.950000610351598
2023121705,2994,56042,Puka Nacua,WR,10.159999389648398
2023121705,3117,47859,Terry McLaurin,WR,44.979999389648405
2023121705,3172,56042,Puka Nacua,WR,6.500001220703098
2023121705,3217,56042,Puka Nacua,WR,13.7899992370605
2023121705,3269,54629,Kyren Williams,RB,26.1799996948242
2023121705,3372,47859,Terry McLaurin,WR,22.250000152587898
2023121705,3520,44881,Cooper Kupp,WR,9.2499984741211
2023121705,3550,56042,Puka Nacua,WR,10.719998626709
2023121705,3627,52474,Antonio Gibson,RB,6.119998779296907
2023121705,3652,54481,Jahan Dotson,WR,19.4900036621094
2023121705,3677,44852,Curtis Samuel,WR,16.39000335693359
2023121705,3702,47859,Terry McLaurin,WR,40.81000030517599
2023121705,3843,47859,Terry McLaurin,WR,22.539999847412105
2023121705,3873,47859,Terry McLaurin,WR,42.18
2023121705,4048,44852,Curtis Samuel,WR,11.399998474120991
2023121705,4143,44852,Curtis Samuel,WR,14.349998474120994
2023121705,4196,44852,Curtis Samuel,WR,14.899997863769997
2023121706,81,42489,Stefon Diggs,WR,5.009998168945298
2023121706,172,42489,Stefon Diggs,WR,22.5999990844727
2023121706,433,41246,Brandin Cooks,WR,62.1100000762939
2023121706,489,52425,CeeDee Lamb,WR,13.389998779296903
2023121706,667,52536,Gabe Davis,WR,51.8400009155273
2023121706,690,42489,Stefon Diggs,WR,11.719999542236298
2023121706,749,41246,Brandin Cooks,WR,22.360001373291
2023121706,783,47911,Tony Pollard,RB,8.810002136230494
2023121706,942,55889,Dalton Kincaid,TE,13.210001068115197
2023121706,1033,55889,Dalton Kincaid,TE,6.979998931884801
2023121706,1056,54528,James Cook,RB,9.1899987792969
2023121706,1179,54528,James Cook,RB,30.25999965667725
2023121706,1327,53041,Rico Dowdle,RB,10.350000457763699
2023121706,1352,52425,CeeDee Lamb,WR,24.489997863769503
2023121706,1588,42489,Stefon Diggs,WR,11.649998168945302
2023121706,1931,52425,CeeDee Lamb,WR,9.239998168945299
2023121706,1956,52425,CeeDee Lamb,WR,16.340000000000003
2023121706,1979,53041,Rico Dowdle,RB,11.739998474121101
2023121706,2004,54594,Jake Ferguson,TE,16.2800006103516
2023121706,2118,41246,Brandin Cooks,WR,16.370001831054708
2023121706,2187,54594,Jake Ferguson,TE,12.110002441406195
2023121706,2362,47969,Ty Johnson,RB,7.849999694824199
2023121706,2609,54528,James Cook,RB,11.199997863769994
2023121706,2881,54613,Khalil Shakir,WR,18.010001678466793
2023121706,3027,47911,Tony Pollard,RB,5.870001831054701
2023121706,3057,52425,CeeDee Lamb,WR,36.0799990844727
2023121706,3084,54594,Jake Ferguson,TE,17.2699993896484
2023121706,3121,52425,CeeDee Lamb,WR,18.549999694824194
2023121706,3160,52425,CeeDee Lamb,WR,8.929998931884803
2023121706,3212,41246,Brandin Cooks,WR,19.5200006103516
2023121706,3345,46150,Michael Gallup,WR,13.959998931884801
2023121706,3377,52425,CeeDee Lamb,WR,10.939998931884801
2023121706,3402,54594,Jake Ferguson,TE,11.350001525878902
2023121706,3427,54594,Jake Ferguson,TE,10.250000152587894
2023121706,3452,52425,CeeDee Lamb,WR,10.510001373291004
2023121706,3524,41246,Brandin Cooks,WR,13.639997863769509
2023121706,3547,54594,Jake Ferguson,TE,14.180001831054696
2023121706,3584,53041,Rico Dowdle,RB,3.740003051757796
2023121706,3629,52425,CeeDee Lamb,WR,8.2799984741211
2023121708,96,46095,Calvin Ridley,WR,24.159998779296902
2023121708,119,53454,Travis Etienne,RB,5.179999542236299
2023121708,191,44849,Zay Jones,WR,23.499996337890593
2023121708,263,54604,Isaiah Likely,TE,14.52000152587891
2023121708,288,53456,Rashod Bateman,WR,11.0399963378906
2023121708,313,53456,Rashod Bateman,WR,23.569998931884804
2023121708,439,54604,Isaiah Likely,TE,5.809999465942401
2023121708,590,53574,Luke Farrell,TE,29.150001525878906
2023121708,649,53454,Travis Etienne,RB,3.770000915527305
2023121708,889,44849,Zay Jones,WR,16.130000915527305
2023121708,1005,46095,Calvin Ridley,WR,33.15999969482421
2023121708,1049,46437,Gus Edwards,RB,11.019999237060496
2023121708,1103,42363,Nelson Agholor,WR,11.640000915527295
2023121708,1155,44835,Evan Engram,TE,12.679998779296909
2023121708,1180,44835,Evan Engram,TE,11.169999694824192
2023121708,1205,46095,Calvin Ridley,WR,19.459998626709
2023121708,1257,46095,Calvin Ridley,WR,16.440000457763702
2023121708,1282,44849,Zay Jones,WR,6.810000762939499
2023121708,1353,56050,Parker Washington,WR,20.0899994659424
2023121708,1449,56205,Keaton Mitchell,RB,1.4799989318848006
2023121708,1479,53456,Rashod Bateman,WR,17.589999237060496
2023121708,1584,41238,Odell Beckham,WR,23.5800009155273
2023121708,1609,53456,Rashod Bateman,WR,20.619996337890598
2023121708,1692,54593,Charlie Kolar,TE,15.230002441406
2023121708,1771,54604,Isaiah Likely,TE,24.369997253417992
2023121708,1842,44849,Zay Jones,WR,50.500000381469704
2023121708,1865,46095,Calvin Ridley,WR,19.299998626708998
2023121708,1924,44849,Zay Jones,WR,12.760001068115201
2023121708,2003,56050,Parker Washington,WR,7.470000381469701
2023121708,2135,41238,Odell Beckham,WR,32.269996643066406
2023121708,2238,55886,Zay Flowers,WR,14.590000915527298
2023121708,2342,44835,Evan Engram,TE,9.9300036621094
2023121708,2367,44835,Evan Engram,TE,10.5500018310547
2023121708,2419,44978,Jamal Agnew,WR,43.319998168945304
2023121708,2621,53456,Rashod Bateman,WR,34.6599993896484
2023121708,2716,53454,Travis Etienne,RB,12.329998168945295
2023121708,2892,54604,Isaiah Likely,TE,38.48999816894499
2023121708,3037,46095,Calvin Ridley,WR,16.0899995422363
2023121708,3062,44835,Evan Engram,TE,19.120000762939505
2023121708,3175,54604,Isaiah Likely,TE,4.739999389648389
2023121708,3370,53456,Rashod Bateman,WR,23.75000038146973
2023121708,3436,44849,Zay Jones,WR,49.4500030517578
2023121708,3459,46095,Calvin Ridley,WR,32.5900009155273
2023121708,3559,41238,Odell Beckham,WR,26.960000133514402
2023121708,3657,53454,Travis Etienne,RB,9.540000457763703
2023121708,3707,56050,Parker Washington,WR,20.629996337890603
2023121708,3730,46095,Calvin Ridley,WR,16.770001525878904
2023121708,3753,56050,Parker Washington,WR,11.219999999999999
2023121708,3805,46095,Calvin Ridley,WR,33.639999389648
2023121708,3855,56357,Elijah Cooks,WR,8.000001220703098
2023121708,3878,46095,Calvin Ridley,WR,29.450003356934005
2023121708,3913,46095,Calvin Ridley,WR,13.599996337891
2023121708,3972,44835,Evan Engram,TE,23.43000213623
2023121709,84,55233,Tucker Fisk,TE,11.590000762939503
2023121709,175,53433,Kyle Pitts,TE,14.130000915527305
2023121709,348,40488,Adam Thielen,WR,11.639998168945297
2023121709,468,55872,Bijan Robinson,RB,2.900000457763703
2023121709,534,55904,Jonathan Mingo,WR,12.370003662109397
2023121709,594,40488,Adam Thielen,WR,27.659998626708997
2023121709,1093,53555,Chuba Hubbard,RB,3.2500010681152
2023121709,1201,55872,Bijan Robinson,RB,11.970000305175802
2023121709,1233,46992,KhaDarel Hodge,WR,12.839999694824193
2023121709,1263,55872,Bijan Robinson,RB,13.4000015258789
2023121709,1320,52465,Van Jefferson,WR,36.2600006866455
2023121709,1440,55904,Jonathan Mingo,WR,11.7599999237061
2023121709,1489,44912,Jonnu Smith,TE,30.420000457763706
2023121709,1669,52659,Stephen Sullivan,TE,21.630002746582
2023121709,1747,40488,Adam Thielen,WR,10.749997253417995
2023121709,1777,53555,Chuba Hubbard,RB,19.690000610351603
2023121709,1807,40488,Adam Thielen,WR,21.850000915527303
2023121709,1832,40488,Adam Thielen,WR,6.530000610352005
2023121709,2093,53512,Tommy Tremble,TE,9.190000152587892
2023121709,2118,40488,Adam Thielen,WR,9.9100003051758
2023121709,2202,54473,Drake London,WR,25.420000610351597
2023121709,2225,53433,Kyle Pitts,TE,26.490001678466797
2023121709,2282,44912,Jonnu Smith,TE,8.640001068115197
2023121709,2616,55904,Jonathan Mingo,WR,32.0299989318848
2023121709,2686,39975,Cordarrelle Patterson,RB,4.070000076293898
2023121709,2769,53586,Ihmir Smith-Marsette,WR,2.9399999999999977
2023121709,2868,40488,Adam Thielen,WR,10.649998474120991
2023121709,2997,53433,Kyle Pitts,TE,18.3099981689453
2023121709,3020,54473,Drake London,WR,19.629998168945292
2023121709,3072,54473,Drake London,WR,16.610001068115196
2023121709,3178,53433,Kyle Pitts,TE,7.070000839233401
2023121709,3281,53512,Tommy Tremble,TE,26.629998626708996
2023121709,3395,55904,Jonathan Mingo,WR,28.5799963378906
2023121709,3472,47836,Miles Sanders,RB,10.650003356933595
2023121709,3546,47836,Miles Sanders,RB,6.259998779296907
2023121710,100,42347,Amari Cooper,WR,13.670001525878902
2023121710,149,52523,Harrison Bryant,TE,11.730000762939504
2023121710,206,44841,David Njoku,TE,12.270000000000003
2023121710,248,46093,DJ Moore,WR,43.1299987792969
2023121710,300,52451,Cole Kmet,TE,11.459996337890601
2023121710,374,53463,Elijah Moore,WR,53.190001220702996
2023121710,584,44841,David Njoku,TE,8.869998626708998
2023121710,721,46093,DJ Moore,WR,13.909997558593801
2023121710,774,46093,DJ Moore,WR,35.04000122070309
2023121710,935,44841,David Njoku,TE,8.819999465942402
2023121710,998,55939,Cedric Tillman,WR,20.8900012207031
2023121710,1084,52581,Darnell Mooney,WR,32.0499996948242
2023121710,1244,55939,Cedric Tillman,WR,25.73000061035161
2023121710,1430,52581,Darnell Mooney,WR,14.500000305175988
2023121710,1453,52451,Cole Kmet,TE,20.18999633789099
2023121710,1549,55939,Cedric Tillman,WR,13.020001220703094
2023121710,1574,54621,Jerome Ford,RB,7.6399978637695085
2023121710,1599,42347,Amari Cooper,WR,11.589996337890597
2023121710,1622,42347,Amari Cooper,WR,40.160000610351595
2023121710,1657,46167,Jordan Akins,TE,11.8300001525879
2023121710,1755,55939,Cedric Tillman,WR,13.330000457763703
2023121710,1806,44841,David Njoku,TE,16.050000028610228
2023121710,1892,52581,Darnell Mooney,WR,11.450000152587897
2023121710,1917,52581,Darnell Mooney,WR,11.580001525878899
2023121710,1976,53463,Elijah Moore,WR,17.38000244140619
2023121710,2001,42347,Amari Cooper,WR,12.25999755859381
2023121710,2067,55939,Cedric Tillman,WR,21.180002441406188
2023121710,2190,52451,Cole Kmet,TE,5.630000686645502
2023121710,2225,46093,DJ Moore,WR,27.749998626708997
2023121710,2250,52451,Cole Kmet,TE,7.140001373291
2023121710,2287,52451,Cole Kmet,TE,11.5999969482422
2023121710,2317,55980,Roschon Johnson,RB,8.559998779296905
2023121710,2342,52581,Darnell Mooney,WR,13.360001525878907
2023121710,2420,52581,Darnell Mooney,WR,16.549996948242196
2023121710,2623,55939,Cedric Tillman,WR,11.930000915527302
2023121710,2756,44841,David Njoku,TE,9.550000457763701
2023121710,2856,53646,Khalil Herbert,RB,8.209999389648388
2023121710,2908,55998,Tyler Scott,WR,13.169999389648403
2023121710,2970,55998,Tyler Scott,WR,12.3000009155273
2023121710,2995,46093,DJ Moore,WR,34.7
2023121710,3061,44841,David Njoku,TE,10.679999084472698
2023121710,3084,42347,Amari Cooper,WR,31.8399984741211
2023121710,3250,55939,Cedric Tillman,WR,10.170001373291
2023121710,3275,44841,David Njoku,TE,10.890000915527303
2023121710,3298,54592,Pierre Strong,RB,10.680000457763697
2023121710,3373,44841,David Njoku,TE,24.900001831054993
2023121710,3400,52451,Cole Kmet,TE,13.2299981689453
2023121710,3504,46093,DJ Moore,WR,11.020000000000003
2023121710,3622,40026,Marquise Goodwin,WR,51.280000915527296
2023121710,3647,44841,David Njoku,TE,9.8900003051758
2023121710,3710,42347,Amari Cooper,WR,13.7200005340576
2023121710,3733,44841,David Njoku,TE,9.900000762939502
2023121710,3930,44841,David Njoku,TE,13.549999084472702
2023121710,4179,53463,Elijah Moore,WR,10.410000915527306
2023121710,4262,44841,David Njoku,TE,12.5399978637695
2023121710,4297,42347,Amari Cooper,WR,31.719998931884795
2023121710,4399,55980,Roschon Johnson,RB,9.730000534057599
2023121710,4450,44841,David Njoku,TE,20.4999984741211
2023121710,4514,42347,Amari Cooper,WR,21.229999084472695
2023121710,4562,44841,David Njoku,TE,17.560000762939502
2023121710,4748,55998,Tyler Scott,WR,15.170001373291
2023121711,100,42357,DeVante Parker,WR,11.04999633789059
2023121711,125,56075,DeMario Douglas,WR,16.369997253417992
2023121711,168,53591,Noah Gray,TE,29.7600018310547
2023121711,317,41325,Jerick McKinnon,RB,16.990001220703093
2023121711,363,43324,Hunter Henry,TE,5.049998474121097
2023121711,400,43324,Hunter Henry,TE,14.729996948242203
2023121711,425,42357,DeVante Parker,WR,21.309999542236298
2023121711,450,42357,DeVante Parker,WR,6.769998626708997
2023121711,475,43324,Hunter Henry,TE,11.7399998474121
2023121711,503,56075,DeMario Douglas,WR,10.009999999999998
2023121711,652,40011,Travis Kelce,TE,9.510000610351597
2023121711,743,55920,Rashee Rice,WR,10.030003051757802
2023121711,844,45339,Pharaoh Brown,TE,7.619999694824202
2023121711,1089,54515,Tyquan Thornton,WR,9.999999389648401
2023121711,1114,43324,Hunter Henry,TE,19.649998474121098
2023121711,1150,43324,Hunter Henry,TE,3.4799986267089977
2023121711,1215,42357,DeVante Parker,WR,21.810000610351608
2023121711,1262,43293,Ezekiel Elliott,RB,5.050003051757798
2023121711,1314,43324,Hunter Henry,TE,22.130003051757996
2023121711,1378,42460,Blake Bell,TE,12.920000000000002
2023121711,1643,46213,Justin Watson,WR,38.9000009155273
2023121711,1717,55920,Rashee Rice,WR,22.1099984741211
2023121711,1857,41325,Jerick McKinnon,RB,7.6600006866455
2023121711,1986,55920,Rashee Rice,WR,14.419998168945298
2023121711,2101,46213,Justin Watson,WR,43.34
2023121711,2151,55920,Rashee Rice,WR,19.910003356933593
2023121711,2198,46309,Richie James,WR,11.379999694824207
2023121711,2228,40011,Travis Kelce,TE,26.739998168944993
2023121711,2276,40011,Travis Kelce,TE,35.47999847412099
2023121711,2349,43324,Hunter Henry,TE,13.010003051757792
2023121711,2381,52440,Clyde Edwards-Helaire,RB,0.9199990844726926
2023121711,2411,52440,Clyde Edwards-Helaire,RB,22.650003356934008
2023121711,2504,43324,Hunter Henry,TE,8.800001220703095
2023121711,2635,46243,Marquez Valdes-Scantling,WR,19.309998321533204
2023121711,2743,53591,Noah Gray,TE,9.260001525878906
2023121711,2875,56075,DeMario Douglas,WR,7.910003356933601
2023121711,2926,46213,Justin Watson,WR,17.5900006103516
2023121711,2984,53449,Kadarius Toney,WR,23.710000762939504
2023121711,3087,56075,DeMario Douglas,WR,31.649999389648393
2023121711,3110,43324,Hunter Henry,TE,8.289998168945296
2023121711,3226,52440,Clyde Edwards-Helaire,RB,5.240003662109402
2023121711,3256,40011,Travis Kelce,TE,8.470002441406194
2023121711,3403,46111,Mike Gesicki,TE,10.370000457763702
2023121711,3448,53449,Kadarius Toney,WR,10.949999389648397
2023121711,3626,55920,Rashee Rice,WR,16.700002136230495
2023121711,3883,43293,Ezekiel Elliott,RB,10.689999313354498
2023121711,3913,52429,Jalen Reagor,WR,9.3500007629395
2023121801,129,46118,Dallas Goedert,TE,18.5700006103516
2023121801,209,47834,A.J. Brown,WR,12.03999664306641
2023121801,483,54506,Kenneth Walker III,RB,2.6699975585938063
2023121801,530,47847,DK Metcalf,WR,10.640001220703098
2023121801,604,52443,D'Andre Swift,RB,37.930001678466795
2023121801,651,46118,Dallas Goedert,TE,12.4799992370605
2023121801,723,52541,Colby Parkinson,TE,9.400003356933595
2023121801,748,42412,Tyler Lockett,WR,21.650002441406187
2023121801,773,42412,Tyler Lockett,WR,14.8000018310547
2023121801,849,47803,Noah Fant,TE,10.949998474121088
2023121801,977,47834,A.J. Brown,WR,10.4700015258789
2023121801,1095,47834,A.J. Brown,WR,14.320000610351599
2023121801,1208,37079,Julio Jones,WR,11.5100006103516
2023121801,1469,46189,Will Dissly,TE,11.450002136230495
2023121801,1543,55917,Zach Charbonnet,RB,11.190003051757799
2023121801,1566,55884,Jaxon Smith-Njigba,WR,19.82000122070309
2023121801,1627,47847,DK Metcalf,WR,12.019999999999996
2023121801,1650,55884,Jaxon Smith-Njigba,WR,8.820002746582006
2023121801,1732,53439,DeVonta Smith,WR,23.349996948242207
2023121801,1814,47834,A.J. Brown,WR,26.880000305175805
2023121801,1863,47803,Noah Fant,TE,13.750001831054703
2023121801,1999,46118,Dallas Goedert,TE,24.580001525878906
2023121801,2196,54506,Kenneth Walker III,RB,1.1700009155273037
2023121801,2295,47803,Noah Fant,TE,9.180001831054696
2023121801,2386,53439,DeVonta Smith,WR,12.450001831054706
2023121801,2416,46118,Dallas Goedert,TE,7.410002441406192
2023121801,2546,47834,A.J. Brown,WR,18.54
2023121801,2596,46118,Dallas Goedert,TE,15.730000610351595
2023121801,2621,53439,DeVonta Smith,WR,17.0100002288818
2023121801,2733,42412,Tyler Lockett,WR,56.0100030517578
2023121801,2908,47834,A.J. Brown,WR,36.3499996948242
2023121801,3072,46189,Will Dissly,TE,6.839998474121103
2023121801,3097,42412,Tyler Lockett,WR,11.2999981689453
2023121801,3350,47834,A.J. Brown,WR,10.620001373291
2023121801,3397,53439,DeVonta Smith,WR,15.470001068115202
2023121801,3422,52608,Quez Watkins,WR,56.4
2023121801,3501,42412,Tyler Lockett,WR,15.590003356933593
2023121801,3737,47803,Noah Fant,TE,13.000003051757801
2023121801,3760,47847,DK Metcalf,WR,23.0900009155273
2023121801,3785,47803,Noah Fant,TE,13.74000152587891
2023121801,3815,47847,DK Metcalf,WR,11.38000244140619
2023121801,3870,42412,Tyler Lockett,WR,9.869999389648399
2023121801,3893,42412,Tyler Lockett,WR,19.420000152587896
2023121801,3916,47847,DK Metcalf,WR,39.5099995422363
2023121801,3974,42412,Tyler Lockett,WR,15.370001373291004
2023121801,3997,55884,Jaxon Smith-Njigba,WR,38.61000007629395
2023121801,4054,47834,A.J. Brown,WR,25.450000305175802
2023121801,4106,47834,A.J. Brown,WR,47.319997558593805
2023122100,78,54476,Chris Olave,WR,7.960000915527303
2023122100,103,54476,Chris Olave,WR,7.090001525878904
2023122100,161,54476,Chris Olave,WR,16.3700003051758
2023122100,208,52942,Juwan Johnson,TE,6.169999237060495
2023122100,300,43399,Tyler Higbee,TE,8.010000839233399
2023122100,357,44881,Cooper Kupp,WR,19.4699987792969
2023122100,380,56042,Puka Nacua,WR,11.680000610351598
2023122100,437,43415,Demarcus Robinson,WR,10.980001525878905
2023122100,467,44881,Cooper Kupp,WR,19.21000122070309
2023122100,657,44881,Cooper Kupp,WR,8.11999847412099
2023122100,680,56042,Puka Nacua,WR,8.330003662109007
2023122100,773,55133,Rashid Shaheed,WR,21.650002441406187
2023122100,820,47920,Foster Moreau,TE,10.600000305175804
2023122100,843,54476,Chris Olave,WR,14.150001373291005
2023122100,910,44879,Alvin Kamara,RB,9.589998474121096
2023122100,935,54476,Chris Olave,WR,12.579998168945295
2023122100,978,56042,Puka Nacua,WR,25.010000000000005
2023122100,1032,44881,Cooper Kupp,WR,11.64
2023122100,1101,44881,Cooper Kupp,WR,14.87000003814697
2023122100,1185,54476,Chris Olave,WR,21.6600004577637
2023122100,1210,55133,Rashid Shaheed,WR,13.139999389648402
2023122100,1343,44881,Cooper Kupp,WR,7.060003051757803
2023122100,1402,43415,Demarcus Robinson,WR,11.110001220703097
2023122100,1450,43415,Demarcus Robinson,WR,25.179998931884803
2023122100,1497,56042,Puka Nacua,WR,8.869999999999997
2023122100,1527,44881,Cooper Kupp,WR,15.640000305175803
2023122100,1571,52942,Juwan Johnson,TE,21.5500018310547
2023122100,1630,55133,Rashid Shaheed,WR,51.769998779297005
2023122100,1688,43415,Demarcus Robinson,WR,9.45999877929691
2023122100,1713,44881,Cooper Kupp,WR,26.5900012207031
2023122100,1789,54476,Chris Olave,WR,19.009999694824195
2023122100,1814,55133,Rashid Shaheed,WR,11.279999694824205
2023122100,1839,55133,Rashid Shaheed,WR,12.369999999999997
2023122100,1874,54476,Chris Olave,WR,11.770000000000003
2023122100,1897,52942,Juwan Johnson,TE,25.78999847412109
2023122100,1920,43415,Demarcus Robinson,WR,31.3000018310547
2023122100,1945,43399,Tyler Higbee,TE,11.549999389648399
2023122100,1982,56042,Puka Nacua,WR,17.2800006866455
2023122100,2036,43415,Demarcus Robinson,WR,19.59000000953674
2023122100,2100,55133,Rashid Shaheed,WR,51.67000061035161
2023122100,2182,56042,Puka Nacua,WR,47.39999725341799
2023122100,2207,43399,Tyler Higbee,TE,5.119996337890598
2023122100,2262,56042,Puka Nacua,WR,31.649997863769997
2023122100,2292,56042,Puka Nacua,WR,31.860002746581998
2023122100,2496,47920,Foster Moreau,TE,18.339996337890597
2023122100,2555,44879,Alvin Kamara,RB,7.369996337890598
2023122100,2578,52942,Juwan Johnson,TE,22.2699990844727
2023122100,2632,44881,Cooper Kupp,WR,5.540000610351612
2023122100,2762,54476,Chris Olave,WR,22.17000366210941
2023122100,2816,46542,Keith Kirkwood,WR,18.319999542236303
2023122100,2868,54476,Chris Olave,WR,26.8700002288818
2023122100,2891,54476,Chris Olave,WR,14.009998474121097
2023122100,2926,52942,Juwan Johnson,TE,10.570000152587895
2023122100,3013,56042,Puka Nacua,WR,24.339998779296902
2023122100,3107,56042,Puka Nacua,WR,16.67999877929691
2023122100,3168,44881,Cooper Kupp,WR,12.089999923706099
2023122100,3191,44881,Cooper Kupp,WR,11.520000839233397
2023122100,3266,44879,Alvin Kamara,RB,1.6100000762939004
2023122100,3321,54476,Chris Olave,WR,11.0300006103516
2023122100,3346,55133,Rashid Shaheed,WR,7.299999237060497
2023122100,3445,54476,Chris Olave,WR,10.510000610351604
2023122100,3470,52942,Juwan Johnson,TE,16.530003662109408
2023122100,3532,44879,Alvin Kamara,RB,8.569996948242007
2023122100,3562,52942,Juwan Johnson,TE,17.429999084472996
2023122100,3643,56042,Puka Nacua,WR,18.68999969482421
2023122100,3852,56060,A.T. Perry,WR,43.890003051758
2023122300,102,56071,Andrei Iosivas,WR,16.190002441406193
2023122300,127,44860,Joe Mixon,RB,4.009997253417993
2023122300,157,46797,Tanner Hudson,TE,10.979996948242203
2023122300,254,54517,George Pickens,WR,15.36
2023122300,333,48471,Trenton Irwin,WR,12.7200015258789
2023122300,358,52441,Tee Higgins,WR,22.340003356933593
2023122300,405,56071,Andrei Iosivas,WR,21.319999694824197
2023122300,430,52673,Mitchell Wilcox,TE,9.6999996948242
2023122300,509,56071,Andrei Iosivas,WR,9.320000152587898
2023122300,601,41290,Allen Robinson,WR,11.6500009155273
2023122300,670,54905,Jaylen Warren,RB,6.179999389648401
2023122300,717,41290,Allen Robinson,WR,20.2000024414062
2023122300,796,41290,Allen Robinson,WR,6.009999923706101
2023122300,1090,54603,Calvin Austin III,WR,35.320000076293894
2023122300,1158,56071,Andrei Iosivas,WR,11.800000534057599
2023122300,1230,43344,Tyler Boyd,WR,24.610000762939503
2023122300,1257,47849,Diontae Johnson,WR,26.040000209808348
2023122300,1407,43344,Tyler Boyd,WR,18.9200004577637
2023122300,1432,43344,Tyler Boyd,WR,21.50999847412109
2023122300,1462,47835,Drew Sample,TE,12.2200030517578
2023122300,1487,48471,Trenton Irwin,WR,11.25
2023122300,1512,48471,Trenton Irwin,WR,3.3200015258790074
2023122300,1564,52441,Tee Higgins,WR,18.829999389647995
2023122300,1616,54905,Jaylen Warren,RB,0.8300030517579984
2023122300,1703,54517,George Pickens,WR,19.9599963378906
2023122300,1726,47849,Diontae Johnson,WR,19.42000030517579
2023122300,1790,54905,Jaylen Warren,RB,9.46999969482421
2023122300,1813,47849,Diontae Johnson,WR,9.930000305175795
2023122300,1838,54517,George Pickens,WR,51.29000122070309
2023122300,1919,54905,Jaylen Warren,RB,8.479998779296906
2023122300,1949,54517,George Pickens,WR,18.7100003814697
2023122300,1972,54517,George Pickens,WR,9.1100001525879
2023122300,2143,47876,Miles Boykin,WR,11.310000000000002
2023122300,2195,54603,Calvin Austin III,WR,36.7200007629395
2023122300,2238,52441,Tee Higgins,WR,14.9099995422363
2023122300,2300,55958,Darnell Washington,TE,8.580001220703096
2023122300,2352,54517,George Pickens,WR,30.880000152587904
2023122300,2439,52441,Tee Higgins,WR,11.680000152587898
2023122300,2464,52441,Tee Higgins,WR,22.390000457763698
2023122300,2489,47835,Drew Sample,TE,5.9400009155273
2023122300,2525,44860,Joe Mixon,RB,11.540003662109399
2023122300,2557,52441,Tee Higgins,WR,13.520002136230495
2023122300,2580,46797,Tanner Hudson,TE,12.279999389648395
2023122300,2605,52441,Tee Higgins,WR,25.700000000000003
2023122300,2682,47849,Diontae Johnson,WR,16.5999963378906
2023122300,2779,56071,Andrei Iosivas,WR,18.7000018310547
2023122300,2804,43344,Tyler Boyd,WR,13.169996337890595
2023122300,2839,56071,Andrei Iosivas,WR,29.03999877929691
2023122300,2960,56028,Chase Brown,RB,5.830002441406194
2023122300,2990,56071,Andrei Iosivas,WR,18.639998779296903
2023122300,3025,52441,Tee Higgins,WR,26.20999877929691
2023122300,3097,44860,Joe Mixon,RB,10.060001831054706
2023122300,3297,47849,Diontae Johnson,WR,36.059998779296905
2023122300,3443,56071,Andrei Iosivas,WR,20.910000610351602
2023122300,3635,41290,Allen Robinson,WR,17.130002746582008
2023122300,3752,48471,Trenton Irwin,WR,20.75000030517579
2023122301,159,42489,Stefon Diggs,WR,27.969998474121105
2023122301,182,52536,Gabe Davis,WR,15.279999694824198
2023122301,225,45573,Austin Ekeler,RB,2.1599998474121005
2023122301,294,55885,Quentin Johnston,WR,25.000001831054703
2023122301,371,53506,Josh Palmer,WR,22.85999664306641
2023122301,423,55885,Quentin Johnston,WR,42.220002746582
2023122301,446,55061,Stone Smartt,TE,25.57999969482421
2023122301,525,53506,Josh Palmer,WR,20.68000213623
2023122301,631,52536,Gabe Davis,WR,23.060002746582
2023122301,700,52536,Gabe Davis,WR,29.1699992370605
2023122301,969,44856,Gerald Everett,TE,10.189996948242197
2023122301,1049,44856,Gerald Everett,TE,8.600000419616698
2023122301,1234,55889,Dalton Kincaid,TE,8.890000915527303
2023122301,1259,55889,Dalton Kincaid,TE,8.089998321533201
2023122301,1330,44856,Gerald Everett,TE,11.030000915527296
2023122301,1409,52536,Gabe Davis,WR,37.15999755859381
2023122301,1579,55885,Quentin Johnston,WR,27.979998779296906
2023122301,1716,47879,Dawson Knox,TE,8.019999237060496
2023122301,1797,52536,Gabe Davis,WR,11.500000610351606
2023122301,2027,44856,Gerald Everett,TE,9.60999664306641
2023122301,2113,45573,Austin Ekeler,RB,12.600001373291
2023122301,2221,42489,Stefon Diggs,WR,43.0599984741211
2023122301,2374,45573,Austin Ekeler,RB,4.349999237060494
2023122301,2399,54588,Isaiah Spiller,RB,9.159999084472702
2023122301,2536,42489,Stefon Diggs,WR,8.689998931884801
2023122301,2590,42489,Stefon Diggs,WR,9.069999847412099
2023122301,2615,54613,Khalil Shakir,WR,10.179999084472698
2023122301,2640,52536,Gabe Davis,WR,38.109999389648394
2023122301,2803,55885,Quentin Johnston,WR,8.769999694824207
2023122301,2832,43663,Alex Erickson,WR,11.750003051757801
2023122301,2899,48556,Jalen Guyton,WR,20.070001068115197
2023122301,2924,53506,Josh Palmer,WR,7.890000610351599
2023122301,2947,53506,Josh Palmer,WR,21.790002441406195
2023122301,3021,53506,Josh Palmer,WR,14.919998474121087
2023122301,3289,48556,Jalen Guyton,WR,16.899998168945295
2023122301,3312,43663,Alex Erickson,WR,26.35000335693359
2023122301,3394,44856,Gerald Everett,TE,10.25
2023122301,3419,55990,Derius Davis,WR,11.049996948242196
2023122301,3547,44856,Gerald Everett,TE,11.000003051757801
2023122301,3668,47879,Dawson Knox,TE,11.900000610351611
2023122301,3715,42489,Stefon Diggs,WR,10.410000762939497
2023122301,3762,42489,Stefon Diggs,WR,33.4799994659424
2023122301,3785,42489,Stefon Diggs,WR,17.8300003051758
2023122301,3864,54613,Khalil Shakir,WR,26.3899991607666
2023122301,4088,55885,Quentin Johnston,WR,35.4400016784668
2023122301,4111,53506,Josh Palmer,WR,15.370001068115197
2023122402,55,53556,Kylen Granson,TE,5.949996643066413
2023122402,78,55944,Josh Downs,WR,5.799997863769505
2023122402,150,54518,Alec Pierce,WR,11.710001831054697
2023122402,175,56027,Will Mallory,TE,14.679998626709
2023122402,428,55872,Bijan Robinson,RB,9.8799990844727
2023122402,453,54473,Drake London,WR,14.239998321533204
2023122402,476,47991,Scott Miller,WR,17.449998474121102
2023122402,636,55944,Josh Downs,WR,9.640001525878901
2023122402,671,55944,Josh Downs,WR,4.32999969482421
2023122402,729,53556,Kylen Granson,TE,23.559999847412108
2023122402,847,53433,Kyle Pitts,TE,22.680000610351602
2023122402,1054,48142,D.J. Montgomery,WR,14.649999694824196
2023122402,1310,55944,Josh Downs,WR,16.8000006103516
2023122402,1367,53556,Kylen Granson,TE,22.299999847412103
2023122402,1413,54518,Alec Pierce,WR,22.2399983215332
2023122402,1532,44912,Jonnu Smith,TE,5.350000457763699
2023122402,1557,55872,Bijan Robinson,RB,7.250000610351599
2023122402,1587,55872,Bijan Robinson,RB,10.290001831054703
2023122402,1612,44912,Jonnu Smith,TE,14.3100004577637
2023122402,1686,55872,Bijan Robinson,RB,3.6699981689452983
2023122402,1770,54473,Drake London,WR,22.0999990844727
2023122402,1817,54473,Drake London,WR,11.9200002288818
2023122402,1842,55872,Bijan Robinson,RB,15.249999904632569
2023122402,2018,44912,Jonnu Smith,TE,12.319998168945304
2023122402,2043,44912,Jonnu Smith,TE,14.840000915527298
2023122402,2066,53433,Kyle Pitts,TE,13.580001525878913
2023122402,2091,55872,Bijan Robinson,RB,8.719999694824203
2023122402,2148,52465,Van Jefferson,WR,13.289998474121099
2023122402,2326,55872,Bijan Robinson,RB,1.5500000000000007
2023122402,2378,44912,Jonnu Smith,TE,10.230001373291003
2023122402,2568,55944,Josh Downs,WR,8.749999084472705
2023122402,2593,56027,Will Mallory,TE,13.730000000000004
2023122402,2735,53556,Kylen Granson,TE,20.580000915527307
2023122402,2896,55944,Josh Downs,WR,18.5300000762939
2023122402,3081,46992,KhaDarel Hodge,WR,11.369998779296907
2023122402,3106,54473,Drake London,WR,19.9500018310547
2023122402,3222,52465,Van Jefferson,WR,38.87999991416931
2023122402,3288,53556,Kylen Granson,TE,11.509998931884802
2023122402,3318,55944,Josh Downs,WR,21.9699992370605
2023122402,3341,53556,Kylen Granson,TE,16.4199984741211
2023122402,3388,53556,Kylen Granson,TE,4.3499998474121
2023122402,3418,54518,Alec Pierce,WR,13.36
2023122402,3487,48142,D.J. Montgomery,WR,27.46999664306641
2023122402,3510,55872,Bijan Robinson,RB,8.319997253417995
2023122402,3564,55872,Bijan Robinson,RB,7.3699990844726955
2023122402,3635,54518,Alec Pierce,WR,32.86000076293951
2023122402,3658,54518,Alec Pierce,WR,34.4900007629395
2023122402,3934,48142,D.J. Montgomery,WR,47.009999084472696
2023122402,4155,55944,Josh Downs,WR,12.819999389648402
2023122402,4180,56027,Will Mallory,TE,10.9099989318848
2023122402,4205,54518,Alec Pierce,WR,21.850002746582
2023122402,4230,54798,Tyler Goodson,RB,6.059996948242201
2023122403,73,53512,Tommy Tremble,TE,6.480002136230496
2023122403,118,53512,Tommy Tremble,TE,25.410000610351602
2023122403,232,40488,Adam Thielen,WR,26.6699992370605
2023122403,394,55943,Tucker Kraft,TE,12.779998474121093
2023122403,601,53512,Tommy Tremble,TE,24.960000305175804
2023122403,661,47836,Miles Sanders,RB,14.739998626708996
2023122403,702,52659,Stephen Sullivan,TE,18.4100018310547
2023122403,815,54694,Bo Melton,CB,24.660000610351602
2023122403,928,55943,Tucker Kraft,TE,11.230002441406
2023122403,1123,46130,D.J. Chark,WR,16.2099995422363
2023122403,1146,46130,D.J. Chark,WR,25.609998474121102
2023122403,1215,40488,Adam Thielen,WR,16.769996643066406
2023122403,1323,54597,Romeo Doubs,WR,21.969998168945295
2023122403,1500,55943,Tucker Kraft,TE,17.650000610351597
2023122403,1566,53512,Tommy Tremble,TE,12.110000762939503
2023122403,1591,53586,Ihmir Smith-Marsette,WR,15.359998321533205
2023122403,1734,54694,Bo Melton,CB,16.789999237060492
2023122403,1781,55943,Tucker Kraft,TE,13.570000152587895
2023122403,1828,56220,Malik Heath,WR,5.259999999999998
2023122403,1860,44995,Aaron Jones,RB,11.810000000000002
2023122403,1890,54694,Bo Melton,CB,21.990001373291
2023122403,1977,56024,Dontayvion Wicks,WR,24.4800004196167
2023122403,2041,40488,Adam Thielen,WR,32.7399984741211
2023122403,2064,52659,Stephen Sullivan,TE,19.9800006103516
2023122403,2087,52659,Stephen Sullivan,TE,19.6899995422363
2023122403,2171,54723,Samori Toure,WR,20.540000762939506
2023122403,2194,56024,Dontayvion Wicks,WR,10.650002746582004
2023122403,2339,44995,Aaron Jones,RB,13.0999995422363
2023122403,2414,40488,Adam Thielen,WR,10.120001525878905
2023122403,2535,53512,Tommy Tremble,TE,31.0999990844727
2023122403,2569,52659,Stephen Sullivan,TE,13.6200016784668
2023122403,2830,54597,Romeo Doubs,WR,12.569999694824197
2023122403,3055,54597,Romeo Doubs,WR,13.390000267028801
2023122403,3154,52659,Stephen Sullivan,TE,10.7799984741211
2023122403,3279,54597,Romeo Doubs,WR,22.599997253417996
2023122403,3331,54694,Bo Melton,CB,17.0499975585938
2023122403,3403,40488,Adam Thielen,WR,9.649998931884802
2023122403,3428,53512,Tommy Tremble,TE,7.920003051757796
2023122403,3534,47836,Miles Sanders,RB,7.9699981689452954
2023122403,3559,46130,D.J. Chark,WR,20.279998474121093
2023122403,3607,46130,D.J. Chark,WR,20.980002746582002
2023122403,3783,52875,Patrick Taylor,RB,5.190003662109405
2023122403,3873,53555,Chuba Hubbard,RB,4.580000152587896
2023122403,3898,46130,D.J. Chark,WR,26.2100021362305
2023122403,3941,40488,Adam Thielen,WR,21.310003051757803
2023122403,4065,54597,Romeo Doubs,WR,40.850000305175804
2023122403,4186,55943,Tucker Kraft,TE,12.989999237060495
2023122403,4341,46130,D.J. Chark,WR,31.539999084472697
2023122403,4371,40488,Adam Thielen,WR,27.300002441406193
2023122404,68,42347,Amari Cooper,WR,52.859999465942394
2023122404,124,44841,David Njoku,TE,19.11000000476837
2023122404,224,47857,Devin Singletary,RB,7.509998321533203
2023122404,433,52523,Harrison Bryant,TE,8.330000305175801
2023122404,492,55939,Cedric Tillman,WR,13.909998779296899
2023122404,561,44898,Kareem Hunt,RB,4.240001831054698
2023122404,691,48096,Andrew Beck,FB,3.9599993896484023
2023122404,716,45719,Dare Ogunbowale,RB,18.8699981689453
2023122404,778,42347,Amari Cooper,WR,27.709997558593813
2023122404,868,44898,Kareem Hunt,RB,3.4899996948242062
2023122404,1101,46206,Dalton Schultz,TE,7.970001220703097
2023122404,1230,42347,Amari Cooper,WR,49.6800033569336
2023122404,1347,44841,David Njoku,TE,16.610000152587897
2023122404,1503,53518,Nico Collins,WR,9.569996643066403
2023122404,1642,39989,Robert Woods,WR,13.269998779296898
2023122404,1783,53463,Elijah Moore,WR,11.299999237060497
2023122404,1808,46167,Jordan Akins,TE,21.930001525878907
2023122404,1855,44841,David Njoku,TE,28.069996337891
2023122404,2042,40026,Marquise Goodwin,WR,49.3300030517578
2023122404,2069,47857,Devin Singletary,RB,9.279997863769509
2023122404,2116,53518,Nico Collins,WR,7.970000610351605
2023122404,2144,46206,Dalton Schultz,TE,8.060000915527297
2023122404,2176,46206,Dalton Schultz,TE,8.460002746582006
2023122404,2235,42347,Amari Cooper,WR,31.24000335693359
2023122404,2260,42347,Amari Cooper,WR,39.610000915526996
2023122404,2313,42347,Amari Cooper,WR,28.410000305176
2023122404,2433,46206,Dalton Schultz,TE,6.490003051757796
2023122404,2463,46206,Dalton Schultz,TE,13.689999847412103
2023122404,2513,44841,David Njoku,TE,7.480000534057599
2023122404,2545,44841,David Njoku,TE,7.2300003051758
2023122404,2570,42347,Amari Cooper,WR,9.0099998474121
2023122404,2644,46167,Jordan Akins,TE,10.270001525878897
2023122404,2691,44898,Kareem Hunt,RB,7.810001373291001
2023122404,2738,42347,Amari Cooper,WR,20.279997253417996
2023122404,2830,42347,Amari Cooper,WR,19.250000610351606
2023122404,2884,53463,Elijah Moore,WR,22.529997558594005
2023122404,2953,42347,Amari Cooper,WR,16.190001220702996
2023122404,3050,54509,John Metchie III,WR,25.8699981689453
2023122404,3100,42347,Amari Cooper,WR,21.440002136230497
2023122404,3137,53463,Elijah Moore,WR,24.9900033569336
2023122404,3224,55939,Cedric Tillman,WR,9.059998474121102
2023122404,3271,54564,David Bell,WR,8.439999694824198
2023122404,3319,42347,Amari Cooper,WR,14.0299999237061
2023122404,3460,46206,Dalton Schultz,TE,7.330000610351597
2023122404,3489,39989,Robert Woods,WR,6.3400013732910026
2023122404,3536,39989,Robert Woods,WR,21.919999237060495
2023122404,3702,45052,Noah Brown,WR,19.2100006103516
2023122404,3732,39989,Robert Woods,WR,8.809999237060495
2023122404,3755,45052,Noah Brown,WR,12.459998321533206
2023122404,3780,45052,Noah Brown,WR,21.849998168945298
2023122404,3805,56070,Xavier Hutchinson,WR,24.839999389648398
2023122404,3830,45052,Noah Brown,WR,29.469996643065997
2023122404,3862,39989,Robert Woods,WR,7.309997558593807
2023122404,3888,54509,John Metchie III,WR,10.5
2023122404,3911,54509,John Metchie III,WR,10.960000610351997
2023122404,3934,53518,Nico Collins,WR,12.890001220702999
2023122404,4043,56070,Xavier Hutchinson,WR,10.0200004577637
2023122404,4066,46206,Dalton Schultz,TE,13.929999084472698
2023122404,4094,54572,Dameon Pierce,RB,7.920003051757796
2023122404,4124,54572,Dameon Pierce,RB,10.339999389648398
2023122404,4149,53576,Brevin Jordan,TE,18.710000305175797
2023122404,4222,48096,Andrew Beck,FB,4.479998168945002
2023122404,4342,42347,Amari Cooper,WR,27.959999961853
2023122404,4394,42347,Amari Cooper,WR,20.4000008392334
2023122404,4536,45719,Dare Ogunbowale,RB,3.8599999999999994
2023122404,4559,45719,Dare Ogunbowale,RB,9.390000534057599
2023122404,4582,45052,Noah Brown,WR,12.690000457763702
2023122404,4614,53576,Brevin Jordan,TE,8.0100003051758
2023122404,4662,46206,Dalton Schultz,TE,6.540001678466794
2023122404,4687,39989,Robert Woods,WR,44.55
2023122404,4720,45052,Noah Brown,WR,16.0300006103516
2023122404,4743,46206,Dalton Schultz,TE,5.639998168945297
2023122405,55,44930,Josh Reynolds,WR,20.539996643066402
2023122405,124,55876,Jahmyr Gibbs,RB,2.4999984741211065
2023122405,176,53541,Amon-Ra St. Brown,WR,15.6200016784668
2023122405,259,43584,Kalif Raymond,WR,18.3300008392334
2023122405,329,54477,Jameson Williams,WR,11.749999771118198
2023122405,475,47852,Josh Oliver,TE,9.890000762939504
2023122405,505,52584,K.J. Osborn,WR,9.919996643066405
2023122405,535,52430,Justin Jefferson,WR,7.580002746581997
2023122405,582,52584,K.J. Osborn,WR,17.680002441406188
2023122405,686,47852,Josh Oliver,TE,14.069999389648004
2023122405,770,44930,Josh Reynolds,WR,28.18999633789059
2023122405,795,54477,Jameson Williams,WR,19.449997558593807
2023122405,924,47791,T.J. Hockenson,TE,15.6699983215332
2023122405,949,55887,Jordan Addison,WR,24.750000915527302
2023122405,976,53541,Amon-Ra St. Brown,WR,2.6799990844726977
2023122405,1048,55876,Jahmyr Gibbs,RB,12.3799981689453
2023122405,1122,55887,Jordan Addison,WR,8.680000000000007
2023122405,1216,53541,Amon-Ra St. Brown,WR,19.3100004577637
2023122405,1270,47856,David Montgomery,RB,10.9000015258789
2023122405,1339,55899,Sam LaPorta,TE,12.0899996948242
2023122405,1421,54477,Jameson Williams,WR,9.900002441406187
2023122405,1540,44930,Josh Reynolds,WR,21.730001831055006
2023122405,1835,47791,T.J. Hockenson,TE,12.620000305175992
2023122405,1865,55887,Jordan Addison,WR,41.569998626708994
2023122405,2045,47791,T.J. Hockenson,TE,13.789996948242205
2023122405,2070,52430,Justin Jefferson,WR,27.47000030517581
2023122405,2095,52584,K.J. Osborn,WR,21.749998779296902
2023122405,2138,52430,Justin Jefferson,WR,31.5199996948242
2023122405,2211,52430,Justin Jefferson,WR,39.650000047683726
2023122405,2268,53541,Amon-Ra St. Brown,WR,13.010001831054701
2023122405,2293,53541,Amon-Ra St. Brown,WR,11.450001678466798
2023122405,2323,55876,Jahmyr Gibbs,RB,7.150001831054702
2023122405,2413,47791,T.J. Hockenson,TE,27.0399981689453
2023122405,2460,52584,K.J. Osborn,WR,48.5499963378906
2023122405,2485,52584,K.J. Osborn,WR,19.580002136229993
2023122405,2549,43584,Kalif Raymond,WR,26.089999389648398
2023122405,2604,53541,Amon-Ra St. Brown,WR,12.650001831054695
2023122405,2634,55876,Jahmyr Gibbs,RB,10.5999998474121
2023122405,2710,55899,Sam LaPorta,TE,12.030000152587895
2023122405,2757,54477,Jameson Williams,WR,10.1399992370605
2023122405,2875,53541,Amon-Ra St. Brown,WR,17.6100000333786
2023122405,2966,45094,Johnny Mundt,TE,29.700000152587897
2023122405,2989,43971,C.J. Ham,FB,11.070000762939504
2023122405,3034,53541,Amon-Ra St. Brown,WR,5.9000009155273005
2023122405,3093,53541,Amon-Ra St. Brown,WR,27.0800018310547
2023122405,3158,53541,Amon-Ra St. Brown,WR,10.949999694824193
2023122405,3225,55899,Sam LaPorta,TE,7.620003356933594
2023122405,3302,52595,Donovan Peoples-Jones,WR,9.969999999999999
2023122405,3327,55876,Jahmyr Gibbs,RB,0.680002441406188
2023122405,3352,53541,Amon-Ra St. Brown,WR,12.310002441405999
2023122405,3375,55876,Jahmyr Gibbs,RB,4.489996948242208
2023122405,3493,46830,Brandon Powell,WR,10.959999084472699
2023122405,3529,52430,Justin Jefferson,WR,48.16999969482419
2023122405,3561,47856,David Montgomery,RB,3.3899983215332057
2023122405,3615,53541,Amon-Ra St. Brown,WR,11.389998321533206
2023122405,3696,52430,Justin Jefferson,WR,26.610001373291
2023122405,3743,52430,Justin Jefferson,WR,31.109999847412105
2023122405,3779,45094,Johnny Mundt,TE,30.009999084472696
2023122405,3809,52430,Justin Jefferson,WR,22.15999979019165
2023122405,4249,52584,K.J. Osborn,WR,29.289999694824203
2023122405,4272,46830,Brandon Powell,WR,26.799998168945294
2023122405,4357,52430,Justin Jefferson,WR,35.0600009155273
2023122405,4405,46830,Brandon Powell,WR,25.730001525878897
2023122405,4435,52430,Justin Jefferson,WR,34.9600002670288
2023122406,79,41349,Logan Thomas,TE,9.2100006103516
2023122406,106,54501,Breece Hall,RB,4.7600016784668
2023122406,161,56252,Xavier Gipson,WR,8.3099996948242
2023122406,186,54475,Garrett Wilson,WR,21.94000002861023
2023122406,252,54481,Jahan Dotson,WR,30.4400001525879
2023122406,422,56248,Jason Brownlee,WR,9.5300003051758
2023122406,608,54475,Garrett Wilson,WR,12.1500009155273
2023122406,790,53553,John Bates,TE,8.36
2023122406,813,46522,Byron Pringle,WR,34.080000610351604
2023122406,923,46226,Tyler Conklin,TE,10.010001831054709
2023122406,948,54475,Garrett Wilson,WR,13.469999389648393
2023122406,1173,56058,Chris Rodriguez Jr.,RB,4.6200003051758
2023122406,1198,47859,Terry McLaurin,WR,11.8899969482422
2023122406,1349,53715,Kenny Yeboah,TE,17.0100015258789
2023122406,1372,54475,Garrett Wilson,WR,11.9099996185303
2023122406,1395,54475,Garrett Wilson,WR,11.260000686645501
2023122406,1653,54475,Garrett Wilson,WR,10.679996337890998
2023122406,1732,46226,Tyler Conklin,TE,11.659999389647993
2023122406,1755,46226,Tyler Conklin,TE,22.510000305175993
2023122406,1865,41349,Logan Thomas,TE,10.59000366210941
2023122406,2080,54501,Breece Hall,RB,5.5200004577637
2023122406,2153,54475,Garrett Wilson,WR,11.200000000000003
2023122406,2178,54475,Garrett Wilson,WR,14.569999389648395
2023122406,2371,44852,Curtis Samuel,WR,13.450000000000003
2023122406,2394,52474,Antonio Gibson,RB,18.490000915527304
2023122406,2417,47859,Terry McLaurin,WR,11.870001220703102
2023122406,2505,54475,Garrett Wilson,WR,11.6099996185303
2023122406,2772,54501,Breece Hall,RB,6.510001068115201
2023122406,2866,41349,Logan Thomas,TE,10.56999877929691
2023122406,2945,46226,Tyler Conklin,TE,11.099998168945298
2023122406,2997,56252,Xavier Gipson,WR,12.940001831054701
2023122406,3124,42448,Jamison Crowder,WR,13.90999633789059
2023122406,3147,44852,Curtis Samuel,WR,12.500003051757801
2023122406,3228,56248,Jason Brownlee,WR,8.960001525879008
2023122406,3352,54481,Jahan Dotson,WR,12.500000839233401
2023122406,3377,54481,Jahan Dotson,WR,23.19999961853027
2023122406,3422,41349,Logan Thomas,TE,23.28
2023122406,3609,54501,Breece Hall,RB,10.05
2023122406,3634,54501,Breece Hall,RB,7.510000305175801
2023122406,3735,41349,Logan Thomas,TE,9.7699989318848
2023122406,3832,47859,Terry McLaurin,WR,11.189999084472696
2023122406,3855,47859,Terry McLaurin,WR,13.509998474121097
2023122406,3880,53553,John Bates,TE,9.939999694824209
2023122406,3939,53553,John Bates,TE,11.330001525879013
2023122406,4092,54475,Garrett Wilson,WR,8.060001525878903
2023122406,4115,46705,Allen Lazard,WR,33.6700007629395
2023122406,4269,54481,Jahan Dotson,WR,22.8599978637695
2023122406,4342,53553,John Bates,TE,6.350001525879009
2023122406,4432,54501,Breece Hall,RB,9.809998779296905
2023122406,4457,54475,Garrett Wilson,WR,13.900003356933595
2023122406,4480,54501,Breece Hall,RB,9.029998168945298
2023122406,4527,54475,Garrett Wilson,WR,11.5700021362305
2023122406,4609,54501,Breece Hall,RB,31.7699987792969
2023122406,4632,54501,Breece Hall,RB,12.649997253417993
2023122406,4799,46226,Tyler Conklin,TE,8.220003662109406
2023122406,4824,54501,Breece Hall,RB,9.519999084472701
2023122406,4881,54501,Breece Hall,RB,10.910000610351595
2023122406,4906,56248,Jason Brownlee,WR,11.839999084472701
2023122406,4951,54475,Garrett Wilson,WR,10.570001373291
2023122406,5017,41349,Logan Thomas,TE,12.690000610351596
2023122407,206,47847,DK Metcalf,WR,12.7600016784668
2023122407,294,52541,Colby Parkinson,TE,12.909997558593808
2023122407,406,56471,Jake Bobo,WR,16.7399981689453
2023122407,614,54608,Chig Okonkwo,TE,17.40999938964839
2023122407,661,43396,Chris Moore,WR,16.909999999999997
2023122407,693,55946,Tyjae Spears,RB,13.850000915527303
2023122407,1026,39973,DeAndre Hopkins,WR,15.149999084472697
2023122407,1051,54608,Chig Okonkwo,TE,21.889999084473004
2023122407,1171,47847,DK Metcalf,WR,16.769999237060496
2023122407,1225,52541,Colby Parkinson,TE,12.649999771118196
2023122407,1325,54608,Chig Okonkwo,TE,16.279999237060498
2023122407,1478,55946,Tyjae Spears,RB,9.0500018310547
2023122407,1722,42412,Tyler Lockett,WR,17.319998168945304
2023122407,1790,42412,Tyler Lockett,WR,25.390001068115197
2023122407,1813,56471,Jake Bobo,WR,15.159998626708997
2023122407,1838,42412,Tyler Lockett,WR,17.3300009155273
2023122407,1861,55917,Zach Charbonnet,RB,2.6099999999999994
2023122407,1884,55917,Zach Charbonnet,RB,4.289999999999999
2023122407,1958,39973,DeAndre Hopkins,WR,12.639999618530299
2023122407,2032,54608,Chig Okonkwo,TE,10.9899990844727
2023122407,2239,55884,Jaxon Smith-Njigba,WR,12.469999847412105
2023122407,2286,42412,Tyler Lockett,WR,24.990000381469702
2023122407,2338,52541,Colby Parkinson,TE,24.689999980926512
2023122407,2361,47847,DK Metcalf,WR,14.3099996185303
2023122407,2570,43396,Chris Moore,WR,17.990000000000002
2023122407,2644,54483,Treylon Burks,WR,13.709998474121093
2023122407,2698,55884,Jaxon Smith-Njigba,WR,18.5299969482422
2023122407,2867,42412,Tyler Lockett,WR,25.729999389648405
2023122407,2959,47847,DK Metcalf,WR,13.53999755859381
2023122407,3006,47847,DK Metcalf,WR,26.259997863769996
2023122407,3170,55946,Tyjae Spears,RB,6.310000915527297
2023122407,3222,54483,Treylon Burks,WR,17.190001373290997
2023122407,3468,55946,Tyjae Spears,RB,9.0699992370605
2023122407,3684,47847,DK Metcalf,WR,13.3100012207031
2023122407,3707,42412,Tyler Lockett,WR,13.879999999999999
2023122407,3779,55884,Jaxon Smith-Njigba,WR,22.0800015258789
2023122407,3845,42412,Tyler Lockett,WR,15.9699963378906
2023122407,3927,55884,Jaxon Smith-Njigba,WR,10.2600009155273
2023122407,3952,42412,Tyler Lockett,WR,15.76000061035161
2023122407,3982,56471,Jake Bobo,WR,22.4900021362305
2023122407,4090,52541,Colby Parkinson,TE,14.73999786377
2023122407,4178,54608,Chig Okonkwo,TE,16.809996337890595
2023122407,4233,54483,Treylon Burks,WR,8.809997253418004
2023122407,4283,56093,Colton Dowell,WR,8.629996948242209
2023122408,100,56056,Trey Palmer,WR,13.670000610351607
2023122408,258,44896,Chris Godwin Jr.,WR,26.380000000000003
2023122408,327,54556,Rachaad White,RB,2.8099999999999987
2023122408,474,44835,Evan Engram,TE,16.2300001525879
2023122408,509,53454,Travis Etienne,RB,6.310001525878896
2023122408,565,53707,Tim Jones,WR,35.2599987792969
2023122408,588,56050,Parker Washington,WR,20.2899978637695
2023122408,644,41233,Mike Evans,WR,8.259998779296907
2023122408,669,41233,Mike Evans,WR,24.750000152587894
2023122408,837,44896,Chris Godwin Jr.,WR,8.919999084472693
2023122408,882,41233,Mike Evans,WR,10.449996948242003
2023122408,946,44978,Jamal Agnew,WR,20.1300033569336
2023122408,1019,56357,Elijah Cooks,WR,28.700001525878896
2023122408,1100,56357,Elijah Cooks,WR,21.420001678466797
2023122408,1174,56357,Elijah Cooks,WR,6.949999084472701
2023122408,1220,54556,Rachaad White,RB,8.700000152587897
2023122408,1252,54556,Rachaad White,RB,11.389999084472699
2023122408,1327,56056,Trey Palmer,WR,15.4600006103516
2023122408,1428,54571,Cade Otton,TE,10.049999694824209
2023122408,1503,56050,Parker Washington,WR,19.1300021362305
2023122408,1526,44835,Evan Engram,TE,10.940001831054701
2023122408,1551,44835,Evan Engram,TE,11.26999938964839
2023122408,1583,44835,Evan Engram,TE,30.420001525878895
2023122408,1610,54556,Rachaad White,RB,3.810000305175805
2023122408,1640,44896,Chris Godwin Jr.,WR,10.230001678466799
2023122408,1670,41233,Mike Evans,WR,18.349996337890595
2023122408,1724,44896,Chris Godwin Jr.,WR,11.690002746582003
2023122408,1747,56056,Trey Palmer,WR,17.230002136230496
2023122408,1777,41233,Mike Evans,WR,14.099997253417996
2023122408,1802,41233,Mike Evans,WR,30.440001525879012
2023122408,1873,46095,Calvin Ridley,WR,18.3399966430664
2023122408,1896,44835,Evan Engram,TE,14.430001525878907
2023122408,2073,46095,Calvin Ridley,WR,26.380001678466797
2023122408,2150,54556,Rachaad White,RB,5.9999992370605
2023122408,2173,56056,Trey Palmer,WR,13.129999389648404
2023122408,2198,56036,Payne Durham,TE,28.7700004577637
2023122408,2289,46095,Calvin Ridley,WR,22.459999694824198
2023122408,2314,44978,Jamal Agnew,WR,24.819997253417995
2023122408,2337,56050,Parker Washington,WR,11.379998626708996
2023122408,2415,44835,Evan Engram,TE,23.8099996948242
2023122408,2462,44978,Jamal Agnew,WR,25.599996337890595
2023122408,2536,44896,Chris Godwin Jr.,WR,23.659998931884807
2023122408,2605,54556,Rachaad White,RB,5.920001373291001
2023122408,2774,46095,Calvin Ridley,WR,18.5800001525879
2023122408,2832,44835,Evan Engram,TE,11.069999847412099
2023122408,2882,44835,Evan Engram,TE,11.21
2023122408,2907,44835,Evan Engram,TE,10.3500006103516
2023122408,2957,56050,Parker Washington,WR,10.569996643066403
2023122408,2982,46095,Calvin Ridley,WR,25.309999694824
2023122408,3139,44896,Chris Godwin Jr.,WR,15.130000152587897
2023122408,3190,44835,Evan Engram,TE,9.519996948242195
2023122408,3215,44835,Evan Engram,TE,9.540001831054695
2023122408,3352,41233,Mike Evans,WR,14.679999389648401
2023122408,3377,44896,Chris Godwin Jr.,WR,39.650000915527
2023122408,3400,46095,Calvin Ridley,WR,13.4500012207031
2023122408,3466,44835,Evan Engram,TE,15.4799981689453
2023122408,3491,53707,Tim Jones,WR,10.5100016784668
2023122408,3516,53707,Tim Jones,WR,16.949998474121102
2023122408,3541,53454,Travis Etienne,RB,5.450001831054699
2023122408,3571,53707,Tim Jones,WR,16.2599999237061
2023122408,3596,44835,Evan Engram,TE,8.689999237060501
2023122408,3669,46095,Calvin Ridley,WR,26.2600002288818
2023122408,3864,44835,Evan Engram,TE,15.6800015258789
2023122408,3894,46095,Calvin Ridley,WR,20.5000015258789
2023122408,3919,44835,Evan Engram,TE,9.009999999999998
2023122408,4039,46095,Calvin Ridley,WR,10.149999828338618
2023122408,4169,44896,Chris Godwin Jr.,WR,16.780001831054705
2023122408,4245,44896,Chris Godwin Jr.,WR,16.129998474121095
2023122409,84,46093,DJ Moore,WR,11.670001678466797
2023122409,148,52451,Cole Kmet,TE,10.560000000000002
2023122409,286,56062,Elijah Higgins,TE,10.21999969482421
2023122409,360,52451,Cole Kmet,TE,57.20999694824221
2023122409,589,54520,Trey McBride,TE,22.9100018310547
2023122409,639,54520,Trey McBride,TE,14.639999694824198
2023122409,671,55959,Michael Wilson,WR,12.889999847412106
2023122409,716,53478,Rondale Moore,WR,25.009999389648407
2023122409,810,52451,Cole Kmet,TE,25.149999694824196
2023122409,880,52581,Darnell Mooney,WR,13.779998779296903
2023122409,1148,53536,Michael Carter,RB,16.289998321533204
2023122409,1171,56395,Emari Demercado,RB,0.5800000762938993
2023122409,1223,52451,Cole Kmet,TE,10.989999237060495
2023122409,1319,52451,Cole Kmet,TE,33.469999160766605
2023122409,1393,30842,Marcedes Lewis,TE,18.38000000953674
2023122409,1457,56062,Elijah Higgins,TE,9.529998779296903
2023122409,1504,54520,Trey McBride,TE,12.310003051757796
2023122409,1554,53478,Rondale Moore,WR,10.590001220703094
2023122409,1654,44917,James Conner,RB,9.690003356933587
2023122409,1718,52581,Darnell Mooney,WR,14.600001525878909
2023122409,1741,46093,DJ Moore,WR,27.890001678466803
2023122409,1769,55980,Roschon Johnson,RB,5.330003051757799
2023122409,1862,54520,Trey McBride,TE,10.510000762939505
2023122409,1887,56395,Emari Demercado,RB,7.8700003051758
2023122409,2066,55980,Roschon Johnson,RB,7.2799969482422
2023122409,2091,46093,DJ Moore,WR,25.359999084472705
2023122409,2168,53478,Rondale Moore,WR,26.6699984741211
2023122409,2405,56395,Emari Demercado,RB,2.4500006103516014
2023122409,2615,52581,Darnell Mooney,WR,11.7699996948242
2023122409,2650,46093,DJ Moore,WR,19.400001068115202
2023122409,2757,56395,Emari Demercado,RB,7.039997558593811
2023122409,2832,53646,Khalil Herbert,RB,11.23
2023122409,2923,45635,Robert Tonyan,TE,18.0899981689453
2023122409,2993,55980,Roschon Johnson,RB,3.959999084472699
2023122409,3081,48646,Greg Dortch,WR,22.739997253417997
2023122409,3104,54520,Trey McBride,TE,11.820001831054697
2023122409,3370,53646,Khalil Herbert,RB,24.539999809265105
2023122409,3430,44917,James Conner,RB,7.060000457763699
2023122409,3487,44917,James Conner,RB,3.560000305175805
2023122409,3583,54520,Trey McBride,TE,14.750000305175796
2023122409,3631,48646,Greg Dortch,WR,12.940001831054701
2023122409,3713,46093,DJ Moore,WR,10.799999389648391
2023122409,3782,44917,James Conner,RB,9.270000381469702
2023122409,3807,48646,Greg Dortch,WR,17.7200010681152
2023122409,3852,56395,Emari Demercado,RB,11.840001831054703
2023122409,3877,56395,Emari Demercado,RB,10.899999542236301
2023122409,3900,55959,Michael Wilson,WR,20.1599984741211
2023122409,3923,48646,Greg Dortch,WR,37.660000915527306
2023122409,3997,46093,DJ Moore,WR,10.469999618530299
2023122409,4181,56395,Emari Demercado,RB,10.2400004577637
2023122409,4229,54520,Trey McBride,TE,7.010001831054701
2023122409,4254,56395,Emari Demercado,RB,13.709997253417995
2023122410,55,52425,CeeDee Lamb,WR,11.469999237060499
2023122410,112,52425,CeeDee Lamb,WR,6.899998779296901
2023122410,203,52425,CeeDee Lamb,WR,10.649999694824196
2023122410,295,56457,Hunter Luepke,FB,6.610000915527294
2023122410,349,54594,Jake Ferguson,TE,3.1999972534179904
2023122410,504,43454,Tyreek Hill,WR,38.21000122070309
2023122410,551,53435,Jaylen Waddle,WR,49.08000091552731
2023122410,625,46377,Jeff Wilson,RB,7.990000762939502
2023122410,655,53435,Jaylen Waddle,WR,26.3999995422363
2023122410,773,52425,CeeDee Lamb,WR,21.430001831054703
2023122410,820,52425,CeeDee Lamb,WR,12.709996337890594
2023122410,884,53435,Jaylen Waddle,WR,11.840000610351609
2023122410,907,46277,Cedrick Wilson Jr.,WR,20.16999786376951
2023122410,932,43808,Robbie Chosen,WR,24.8199990844727
2023122410,1056,48233,Alec Ingold,FB,3.8700000000000045
2023122410,1191,46277,Cedrick Wilson Jr.,WR,16.669997558594005
2023122410,1452,43454,Tyreek Hill,WR,21.799999999999997
2023122410,1477,46192,Durham Smythe,TE,6.639999389648395
2023122410,1524,55949,De'Von Achane,RB,10.639998779296903
2023122410,1709,46192,Durham Smythe,TE,12.520001220703097
2023122410,1734,55949,De'Von Achane,RB,27.839997253417998
2023122410,1757,46277,Cedrick Wilson Jr.,WR,12.8099996948242
2023122410,1811,46192,Durham Smythe,TE,10.710001831054697
2023122410,1836,46192,Durham Smythe,TE,10.810000915527297
2023122410,1861,43454,Tyreek Hill,WR,9.820002746582006
2023122410,1939,42718,Raheem Mostert,RB,12.339997558594007
2023122410,2141,43454,Tyreek Hill,WR,15.299998626708998
2023122410,2213,54594,Jake Ferguson,TE,16.8599993133545
2023122410,2236,54594,Jake Ferguson,TE,11.819999961853
2023122410,2278,43454,Tyreek Hill,WR,19.11
2023122410,2332,43454,Tyreek Hill,WR,10.8700009155273
2023122410,2428,41246,Brandin Cooks,WR,13.530000152587899
2023122410,2453,54553,Jalen Tolbert,WR,50.270001220703094
2023122410,2568,47911,Tony Pollard,RB,10.31999877929691
2023122410,2636,43454,Tyreek Hill,WR,27.6000021362305
2023122410,2661,46192,Durham Smythe,TE,15.280001068115205
2023122410,2691,43454,Tyreek Hill,WR,39.1999996185303
2023122410,2744,43454,Tyreek Hill,WR,19.139998626709
2023122410,2823,46277,Cedrick Wilson Jr.,WR,19.1800009155273
2023122410,2904,54594,Jake Ferguson,TE,13.940001373291
2023122410,2929,54594,Jake Ferguson,TE,9.739999389648403
2023122410,3092,54553,Jalen Tolbert,WR,11.930000152587905
2023122410,3227,43454,Tyreek Hill,WR,12.539998168945296
2023122410,3385,52425,CeeDee Lamb,WR,20.529998474121108
2023122410,3415,55923,Luke Schoonmaker,TE,6.029999694824191
2023122410,3474,52425,CeeDee Lamb,WR,18.6999990844727
2023122410,3497,52425,CeeDee Lamb,WR,9.900001678466793
2023122410,3522,54594,Jake Ferguson,TE,9.939999847412103
2023122410,3569,46150,Michael Gallup,WR,14.830000381469699
2023122410,3638,52425,CeeDee Lamb,WR,20.32999995231628
2023122410,3661,55157,Peyton Hendershot,TE,10.8800003051758
2023122410,3738,52425,CeeDee Lamb,WR,20.76
2023122410,3761,41246,Brandin Cooks,WR,21.21000015258789
2023122410,3861,46277,Cedrick Wilson Jr.,WR,11.189999237060498
2023122410,3893,43454,Tyreek Hill,WR,9.509999999999998
2023122410,3922,43454,Tyreek Hill,WR,21.6099978637695
2023122410,3945,48233,Alec Ingold,FB,4.4899990844727
2023122411,131,52513,Adam Trautman,TE,18.14000003814697
2023122411,293,56075,DeMario Douglas,WR,19.6799995422363
2023122411,393,46109,Courtland Sutton,WR,41.4599990844727
2023122411,548,56513,Jaleel McLaughlin,RB,3.370001525878898
2023122411,622,42511,Michael Burton,FB,9.5499999237061
2023122411,738,43293,Ezekiel Elliott,RB,13.599998779296904
2023122411,810,45339,Pharaoh Brown,TE,5.130000610351601
2023122411,860,52429,Jalen Reagor,WR,28.050000305175793
2023122411,999,56075,DeMario Douglas,WR,12.2499996948242
2023122411,1116,56513,Jaleel McLaughlin,RB,8.450000152587897
2023122411,1141,53464,Javonte Williams,RB,1.1999990844726938
2023122411,1192,42357,DeVante Parker,WR,9.690002441406193
2023122411,1310,55928,Marvin Mims Jr.,WR,2.699999618530299
2023122411,1364,56513,Jaleel McLaughlin,RB,1.5600002288818011
2023122411,1576,45339,Pharaoh Brown,TE,23.299999237060497
2023122411,1630,56075,DeMario Douglas,WR,13.189998474121104
2023122411,1662,56075,DeMario Douglas,WR,8.849999389648403
2023122411,1691,42357,DeVante Parker,WR,30.63000015258789
2023122411,1804,44927,Samaje Perine,RB,9.519999389648405
2023122411,1829,55127,Lucas Krull,TE,9.059998931884799
2023122411,1866,44927,Samaje Perine,RB,6.799999694824194
2023122411,2025,55127,Lucas Krull,TE,11.579999542236301
2023122411,2070,56075,DeMario Douglas,WR,42.199998779296905
2023122411,2124,56075,DeMario Douglas,WR,11.68
2023122411,2176,43293,Ezekiel Elliott,RB,6.020000000000003
2023122411,2240,54967,Brandon Johnson,WR,17.8499996948242
2023122411,2287,54967,Brandon Johnson,WR,25.68
2023122411,2368,43293,Ezekiel Elliott,RB,7.8600015258789
2023122411,2422,56075,DeMario Douglas,WR,15.189997558593802
2023122411,2508,55928,Marvin Mims Jr.,WR,15.5200002288818
2023122411,2602,42357,DeVante Parker,WR,33.4999993133545
2023122411,2665,56075,DeMario Douglas,WR,12.340000228881799
2023122411,2713,46111,Mike Gesicki,TE,23.22999998569489
2023122411,3067,44927,Samaje Perine,RB,11.470000305175802
2023122411,3099,55928,Marvin Mims Jr.,WR,14.180002441406188
2023122411,3192,55928,Marvin Mims Jr.,WR,50.4199995422363
2023122411,3305,52423,Jerry Jeudy,WR,17.710000190734895
2023122411,3330,55127,Lucas Krull,TE,21.06999977111816
2023122411,3422,43293,Ezekiel Elliott,RB,11.140001678466795
2023122411,3447,52429,Jalen Reagor,WR,9.2500015258789
2023122411,3491,55127,Lucas Krull,TE,10.6499978637695
2023122411,3538,52423,Jerry Jeudy,WR,11.369997863769498
2023122411,3568,56513,Jaleel McLaughlin,RB,4.909999694824201
2023122411,3636,52423,Jerry Jeudy,WR,49.97999980926514
2023122411,3669,52423,Jerry Jeudy,WR,44.86000011444089
2023122411,3692,54967,Brandon Johnson,WR,10.1599995422363
2023122411,3720,54967,Brandon Johnson,WR,39.36000003814697
2023122411,3789,52423,Jerry Jeudy,WR,23.549999847412103
2023122411,3814,54967,Brandon Johnson,WR,14.8300005340576
2023122411,3872,43293,Ezekiel Elliott,RB,10.740000762939502
2023122411,4057,55127,Lucas Krull,TE,30.989998779296897
2023122411,4151,42357,DeVante Parker,WR,28.3300004577637
2023122411,4183,43293,Ezekiel Elliott,RB,12.469998474121091
2023122411,4208,46111,Mike Gesicki,TE,10.6200018310547
2023122500,285,40011,Travis Kelce,TE,11.979999999999997
2023122500,470,55094,Cole Fotheringham,TE,8.520002136230502
2023122500,495,41282,Davante Adams,WR,10.419999389648396
2023122500,520,43370,Austin Hooper,TE,11.65999633789059
2023122500,572,48097,Jakobi Meyers,WR,20.350000152587903
2023122500,602,48097,Jakobi Meyers,WR,12.3200015258789
2023122500,625,48097,Jakobi Meyers,WR,11.650000305175801
2023122500,722,43370,Austin Hooper,TE,9.420000915527304
2023122500,771,42397,Ameer Abdullah,RB,8.539999885559102
2023122500,997,55920,Rashee Rice,WR,21.4099975585938
2023122500,1047,41282,Davante Adams,WR,25.169998779296904
2023122500,1086,41282,Davante Adams,WR,9.170001373291
2023122500,1109,41282,Davante Adams,WR,36.129999389648404
2023122500,1181,46243,Marquez Valdes-Scantling,WR,18.7099990844727
2023122500,1211,55920,Rashee Rice,WR,20.989996643066405
2023122500,1290,46309,Richie James,WR,10.460000915527303
2023122500,1340,40011,Travis Kelce,TE,2.6400003051758034
2023122500,1516,41282,Davante Adams,WR,21.060000152587897
2023122500,1642,46213,Justin Watson,WR,13.280003356933591
2023122500,1771,46213,Justin Watson,WR,10.209999999999994
2023122500,1818,55920,Rashee Rice,WR,27.309999389648404
2023122500,1959,54716,Isiah Pacheco,RB,2.2799984741211006
2023122500,1991,40011,Travis Kelce,TE,7.990001068115198
2023122500,2016,46213,Justin Watson,WR,11.149999542236301
2023122500,2094,40011,Travis Kelce,TE,9.189998626708999
2023122500,2328,48097,Jakobi Meyers,WR,49.2799995422363
2023122500,2463,54885,Justyn Ross,WR,9.260000152587903
2023122500,2657,55920,Rashee Rice,WR,12.800002746582003
2023122500,2680,55920,Rashee Rice,WR,32.720002746582004
2023122500,2714,43370,Austin Hooper,TE,15.089999084472694
2023122500,2850,54716,Isiah Pacheco,RB,10.9400006866455
2023122500,2875,46213,Justin Watson,WR,29.939999237060498
2023122500,3052,41282,Davante Adams,WR,14.499999465942398
2023122500,3118,55920,Rashee Rice,WR,11.230000305175803
2023122500,3163,55920,Rashee Rice,WR,7.260002136230497
2023122500,3210,53591,Noah Gray,TE,9.310000762939502
2023122500,3235,53591,Noah Gray,TE,16.6699989318848
2023122500,3379,52440,Clyde Edwards-Helaire,RB,8.699999694824193
2023122500,3582,55920,Rashee Rice,WR,8.9599998855591
2023122500,3612,55920,Rashee Rice,WR,16.80000022888184
2023122500,3755,47932,Hunter Renfrow,WR,12.9600018310547
2023122500,3851,42460,Blake Bell,TE,5.349999694824206
2023122500,3920,46309,Richie James,WR,5.879997253417997
2023122500,3950,46309,Richie James,WR,27.849999389648396
2023122500,4009,53591,Noah Gray,TE,21.51999994754791
2023122500,4032,46213,Justin Watson,WR,15.280000152587892
2023122501,311,54577,Daniel Bellinger,TE,10.900001678466793
2023122501,336,46071,Saquon Barkley,RB,16.4700003051758
2023122501,503,42547,Darren Waller,TE,11.170002136230494
2023122501,632,46118,Dallas Goedert,TE,25.719997253418
2023122501,684,53439,DeVonta Smith,WR,13.069997863769501
2023122501,709,47834,A.J. Brown,WR,15.8799996948242
2023122501,868,46118,Dallas Goedert,TE,13.710000305175804
2023122501,893,47834,A.J. Brown,WR,14.8700002288818
2023122501,918,37079,Julio Jones,WR,5.220000762939502
2023122501,941,54663,Grant Calcaterra,TE,16.2000001525879
2023122501,1078,46118,Dallas Goedert,TE,13.229996643065988
2023122501,1214,45186,Matt Breida,RB,2.2199975585938034
2023122501,1299,53439,DeVonta Smith,WR,14.250000915527295
2023122501,1322,53439,DeVonta Smith,WR,18.730000305175793
2023122501,1570,37079,Julio Jones,WR,31.5
2023122501,1619,42547,Darren Waller,TE,13.49000244140619
2023122501,1863,54577,Daniel Bellinger,TE,11.119998168945301
2023122501,1888,54577,Daniel Bellinger,TE,14.9400009155273
2023122501,1911,54577,Daniel Bellinger,TE,12.799999999999997
2023122501,1958,53579,Kenneth Gainwell,RB,9.0700010681152
2023122501,1995,53579,Kenneth Gainwell,RB,5.6399992370605005
2023122501,2151,53439,DeVonta Smith,WR,19.4799993896484
2023122501,2439,46118,Dallas Goedert,TE,6.659998321533202
2023122501,2686,47954,Darius Slayton,WR,18.15999832153321
2023122501,2755,46071,Saquon Barkley,RB,10.850001831054705
2023122501,2822,47834,A.J. Brown,WR,13.209999923706102
2023122501,2882,53579,Kenneth Gainwell,RB,3.820000228881801
2023122501,2973,54663,Grant Calcaterra,TE,13.2899981689453
2023122501,3025,47834,A.J. Brown,WR,16.840002746582
2023122501,3050,47834,A.J. Brown,WR,29.999998779296902
2023122501,3115,46118,Dallas Goedert,TE,11.990001220703093
2023122501,3176,47834,A.J. Brown,WR,15.189998168945294
2023122501,3206,46118,Dallas Goedert,TE,13.680003356933597
2023122501,3275,47834,A.J. Brown,WR,18.889998168945297
2023122501,3364,47834,A.J. Brown,WR,18.420003051757803
2023122501,3436,47834,A.J. Brown,WR,30.629999542236305
2023122501,3510,47834,A.J. Brown,WR,9.189999237060501
2023122501,3618,54577,Daniel Bellinger,TE,22.4900003051758
2023122501,3687,42547,Darren Waller,TE,20.749996643066403
2023122501,3710,54508,Wan'Dale Robinson,WR,5.990002746582
2023122501,3784,46118,Dallas Goedert,TE,8.220001525878892
2023122501,4343,42547,Darren Waller,TE,13.1100001525879
2023122501,4391,46071,Saquon Barkley,RB,10.919998626708995
2023122501,4421,54508,Wan'Dale Robinson,WR,44.159998779296906
2023122502,91,53456,Rashod Bateman,WR,12.709999542236297
2023122502,114,42363,Nelson Agholor,WR,21.380001220703093
2023122502,157,44820,Christian McCaffrey,RB,0.3799969482420096
2023122502,186,40078,Kyle Juszczyk,FB,11.180003051757794
2023122502,209,44959,George Kittle,TE,17.850000305175797
2023122502,241,44959,George Kittle,TE,20.0499998474121
2023122502,274,47819,Deebo Samuel Sr.,WR,24.89000038146973
2023122502,330,55886,Zay Flowers,WR,26.459999847412103
2023122502,353,55886,Zay Flowers,WR,13.1900002288818
2023122502,485,52433,Brandon Aiyuk,WR,24.559999237060502
2023122502,515,44959,George Kittle,TE,26.1900001525879
2023122502,685,44820,Christian McCaffrey,RB,11.430000152587901
2023122502,751,55886,Zay Flowers,WR,11.119998168945298
2023122502,781,55886,Zay Flowers,WR,2.639999847412099
2023122502,972,42363,Nelson Agholor,WR,7.240000610351601
2023122502,1040,44959,George Kittle,TE,21.150002441406187
2023122502,1113,47819,Deebo Samuel Sr.,WR,20.679999694824204
2023122502,1192,53456,Rashod Bateman,WR,12.969998168945295
2023122502,1267,53456,Rashod Bateman,WR,15.370000839233398
2023122502,1315,41238,Odell Beckham,WR,11.179999389648398
2023122502,1363,41238,Odell Beckham,WR,30.69000022888184
2023122502,1386,54604,Isaiah Likely,TE,8.7500006866455
2023122502,1506,47819,Deebo Samuel Sr.,WR,4.2799991607666
2023122502,1531,44959,George Kittle,TE,17.409998168945297
2023122502,1602,55886,Zay Flowers,WR,9.149999999999999
2023122502,1625,55886,Zay Flowers,WR,10.550000534057599
2023122502,1779,44820,Christian McCaffrey,RB,7.699999237060496
2023122502,1933,54604,Isaiah Likely,TE,14.529998779296903
2023122502,2044,47896,Justice Hill,RB,6.790001525878907
2023122502,2074,41238,Odell Beckham,WR,10.110001220703097
2023122502,2104,54593,Charlie Kolar,TE,24.9300009155273
2023122502,2174,55886,Zay Flowers,WR,17.230000457763694
2023122502,2210,54604,Isaiah Likely,TE,28.410000381469704
2023122502,2260,55886,Zay Flowers,WR,30.82999994277954
2023122502,2366,44959,George Kittle,TE,8.199999237060496
2023122502,2391,41500,Willie Snead,WR,14.760000000000002
2023122502,2490,46437,Gus Edwards,RB,11.009999694824195
2023122502,2549,42363,Nelson Agholor,WR,14.570000209808349
2023122502,2640,55886,Zay Flowers,WR,19.04999980926514
2023122502,2718,47819,Deebo Samuel Sr.,WR,11.009999694824202
2023122502,2741,47819,Deebo Samuel Sr.,WR,26.16
2023122502,2766,40078,Kyle Juszczyk,FB,7.729998779296906
2023122502,2818,47819,Deebo Samuel Sr.,WR,9.369999237060497
2023122502,2956,54604,Isaiah Likely,TE,25.5099978637695
2023122502,2981,47896,Justice Hill,RB,8.210001373291
2023122502,3028,55886,Zay Flowers,WR,8.400000457763703
2023122502,3188,44959,George Kittle,TE,24.4699998474121
2023122502,3340,47819,Deebo Samuel Sr.,WR,12.539998321533204
2023122502,3363,44820,Christian McCaffrey,RB,1.4499986267089966
2023122502,3574,44820,Christian McCaffrey,RB,10.030002746582
2023122502,3610,47819,Deebo Samuel Sr.,WR,13.190003051757799
2023122502,3656,52433,Brandon Aiyuk,WR,15.390003662109407
2023122502,3711,52433,Brandon Aiyuk,WR,17.120000762939505
2023122502,3764,52433,Brandon Aiyuk,WR,11.710000915527303
2023122502,3793,44959,George Kittle,TE,11.119999160766604
2023122502,3823,41500,Willie Snead,WR,11.049999160766603
2023122502,3848,44820,Christian McCaffrey,RB,10.2699997711182
2023122502,3871,56118,Ronnie Bell,WR,21.560000343322752
2023122502,4055,44959,George Kittle,TE,6.880000610351601
2023122502,4085,47819,Deebo Samuel Sr.,WR,21.009999694824195
2023122502,4108,47819,Deebo Samuel Sr.,WR,10.479999694824201
2023122502,4190,44820,Christian McCaffrey,RB,11.869999694824195
2023122502,4213,52433,Brandon Aiyuk,WR,15.2600001525879
2023122502,4238,52433,Brandon Aiyuk,WR,12.370000152587902
2023122502,4263,52433,Brandon Aiyuk,WR,26.87
2023122502,4419,44959,George Kittle,TE,26.83000011444092
2023122800,138,44841,David Njoku,TE,13.630001678466797
2023122800,209,44841,David Njoku,TE,23.1599987792969
2023122800,234,54621,Jerome Ford,RB,10.599997558594012
2023122800,320,54475,Garrett Wilson,WR,19.9100018310547
2023122800,432,54501,Breece Hall,RB,9.279999694824202
2023122800,501,52523,Harrison Bryant,TE,10.9399995422363
2023122800,613,44841,David Njoku,TE,11.2699989318848
2023122800,638,44841,David Njoku,TE,11.519998474121103
2023122800,752,55939,Cedric Tillman,WR,12.989999999999995
2023122800,858,55939,Cedric Tillman,WR,27.590001220703
2023122800,932,54475,Garrett Wilson,WR,17.4299963378906
2023122800,1094,53715,Kenny Yeboah,TE,10.779999694824198
2023122800,1141,54501,Breece Hall,RB,5.389996337890594
2023122800,1279,44841,David Njoku,TE,10.140003662109407
2023122800,1342,54475,Garrett Wilson,WR,15.740001525878903
2023122800,1421,53463,Elijah Moore,WR,7.969998779296901
2023122800,1483,53463,Elijah Moore,WR,20.979996337890597
2023122800,1508,46167,Jordan Akins,TE,28.4400016784668
2023122800,1555,52523,Harrison Bryant,TE,9.590000000000003
2023122800,1602,53463,Elijah Moore,WR,6.629999084472701
2023122800,1649,53463,Elijah Moore,WR,19.13999969482422
2023122800,1801,52523,Harrison Bryant,TE,7.489997253417997
2023122800,1998,53463,Elijah Moore,WR,25.9900036621094
2023122800,2033,54621,Jerome Ford,RB,15.2900015258789
2023122800,2129,54501,Breece Hall,RB,6.320000152587895
2023122800,2154,54475,Garrett Wilson,WR,14.960001525878901
2023122800,2179,46226,Tyler Conklin,TE,8.400000305175801
2023122800,2211,46226,Tyler Conklin,TE,22.0200003051758
2023122800,2524,56248,Jason Brownlee,WR,24.279996337890594
2023122800,2594,54475,Garrett Wilson,WR,0.8699996948242017
2023122800,2797,54564,David Bell,WR,12.379996643066406
2023122800,2849,56252,Xavier Gipson,WR,1.5100013732910043
2023122800,2906,46306,Nick Bawden,FB,5.520000305175806
2023122800,2931,54501,Breece Hall,RB,5.619998321533203
2023122800,3024,56248,Jason Brownlee,WR,6.860001373290999
2023122800,3049,54475,Garrett Wilson,WR,16.0899981689453
2023122800,3114,44841,David Njoku,TE,30.090000000000003
2023122800,3144,55939,Cedric Tillman,WR,21.099997863769502
2023122800,3391,54475,Garrett Wilson,WR,14.380001525878896
2023122800,3463,54475,Garrett Wilson,WR,12.909999389648405
2023122800,3689,56252,Xavier Gipson,WR,12.110000610351598
2023122800,3776,56252,Xavier Gipson,WR,5.199999847412101
2023122800,3832,54501,Breece Hall,RB,8.270001373291002
2023122800,3958,44898,Kareem Hunt,RB,18.350000305175804
2023122800,4009,44841,David Njoku,TE,9.089998321533201
2023122800,4097,54501,Breece Hall,RB,5.279998168945298
2023122800,4122,54501,Breece Hall,RB,7.04999633789059
2023122800,4343,53715,Kenny Yeboah,TE,6.5900030517578045
2023122800,4368,56008,Israel Abanikanda,RB,11.920002746582
2023122800,4415,46226,Tyler Conklin,TE,11.229997253417991
2023122800,4440,56008,Israel Abanikanda,RB,4.909999694824208
2023122800,4463,56008,Israel Abanikanda,RB,9.7400006103516
2023122800,4495,46226,Tyler Conklin,TE,9.769998168945293
2023122800,4520,56008,Israel Abanikanda,RB,5.1500016784667935
2023122800,4545,56008,Israel Abanikanda,RB,3.8199992370605003
2023122800,4570,56008,Israel Abanikanda,RB,11.979999084472702
2023122800,4628,53715,Kenny Yeboah,TE,11.1799984741211
2023123000,78,44930,Josh Reynolds,WR,12.4400009155273
2023123000,101,43584,Kalif Raymond,WR,15.969998931884803
2023123000,126,53541,Amon-Ra St. Brown,WR,22.18
2023123000,231,55876,Jahmyr Gibbs,RB,1.1199993896483988
2023123000,356,54594,Jake Ferguson,TE,11.7100006103516
2023123000,403,52425,CeeDee Lamb,WR,11.959999389648388
2023123000,428,55157,Peyton Hendershot,TE,9.9200006103516
2023123000,458,41246,Brandin Cooks,WR,48.620000052452085
2023123000,481,52425,CeeDee Lamb,WR,17.7500003814697
2023123000,675,54594,Jake Ferguson,TE,28.669997558593806
2023123000,698,52425,CeeDee Lamb,WR,46.1599992370605
2023123000,820,55899,Sam LaPorta,TE,7.779998626708998
2023123000,916,47911,Tony Pollard,RB,4.909999084472702
2023123000,941,54594,Jake Ferguson,TE,24.87999938964839
2023123000,1032,53541,Amon-Ra St. Brown,WR,26.190000457763702
2023123000,1089,41246,Brandin Cooks,WR,23.859998168945296
2023123000,1143,41246,Brandin Cooks,WR,12.740003051757796
2023123000,1246,52425,CeeDee Lamb,WR,8.580001525879013
2023123000,1303,55899,Sam LaPorta,TE,19.0099963378906
2023123000,1326,54477,Jameson Williams,WR,24.38999664306641
2023123000,1471,55899,Sam LaPorta,TE,18.95000022888184
2023123000,1521,55899,Sam LaPorta,TE,19.00999996185303
2023123000,1549,54594,Jake Ferguson,TE,6.8300002670288
2023123000,1603,52425,CeeDee Lamb,WR,3.989999847412097
2023123000,1633,52425,CeeDee Lamb,WR,19.3799993896484
2023123000,1731,54594,Jake Ferguson,TE,10.420001373291
2023123000,1813,54477,Jameson Williams,WR,11.320002441406189
2023123000,1916,52425,CeeDee Lamb,WR,12.8899995422363
2023123000,2048,52425,CeeDee Lamb,WR,9.129999542236298
2023123000,2073,52425,CeeDee Lamb,WR,9.479999389648402
2023123000,2120,47911,Tony Pollard,RB,11.2999989318848
2023123000,2143,52425,CeeDee Lamb,WR,15.899999694824196
2023123000,2314,55899,Sam LaPorta,TE,8.580000457763703
2023123000,2339,55899,Sam LaPorta,TE,10.920000457763699
2023123000,2408,44930,Josh Reynolds,WR,11.309999313354503
2023123000,2655,52425,CeeDee Lamb,WR,13.169999389648396
2023123000,2687,41246,Brandin Cooks,WR,5.700001831054706
2023123000,2712,52425,CeeDee Lamb,WR,10.999997863769508
2023123000,2735,52425,CeeDee Lamb,WR,10.890002746581999
2023123000,2876,54477,Jameson Williams,WR,51.959999694824205
2023123000,2926,53541,Amon-Ra St. Brown,WR,9.38999664306641
2023123000,2951,55876,Jahmyr Gibbs,RB,8.279998779297003
2023123000,3041,52425,CeeDee Lamb,WR,13.180000305175795
2023123000,3071,52425,CeeDee Lamb,WR,11.680000000000007
2023123000,3119,41246,Brandin Cooks,WR,27.079998474121105
2023123000,3171,54553,Jalen Tolbert,WR,13.180000152587901
2023123000,3240,41246,Brandin Cooks,WR,20.41999994277954
2023123000,3304,54642,James Mitchell,TE,8.030000152587899
2023123000,3479,47911,Tony Pollard,RB,16.82999969482421
2023123000,3502,52425,CeeDee Lamb,WR,14.030003051757802
2023123000,3636,55899,Sam LaPorta,TE,12.3599993133545
2023123000,3661,55899,Sam LaPorta,TE,12.350001831054701
2023123000,3740,52425,CeeDee Lamb,WR,12.7999995422363
2023123000,3795,54594,Jake Ferguson,TE,9.159998321533202
2023123000,3870,55899,Sam LaPorta,TE,11.990001525878899
2023123000,3895,55899,Sam LaPorta,TE,26.120000610351603
2023123000,3943,53541,Amon-Ra St. Brown,WR,21.7799990844727
2023123000,3991,53541,Amon-Ra St. Brown,WR,21.650003051757793
2023123000,4014,55899,Sam LaPorta,TE,11.580000915527307
2023123000,4062,53541,Amon-Ra St. Brown,WR,10.040002136230001
2023123101,106,43454,Tyreek Hill,WR,16.549996948242203
2023123101,135,48233,Alec Ingold,FB,7.739996948242201
2023123101,214,43454,Tyreek Hill,WR,9.859996643065998
2023123101,237,46277,Cedrick Wilson Jr.,WR,15.779996948242001
2023123101,308,53456,Rashod Bateman,WR,40.480000762939504
2023123101,428,55886,Zay Flowers,WR,35.58000015258789
2023123101,475,53456,Rashod Bateman,WR,11.760001373291004
2023123101,500,47896,Justice Hill,RB,25.4599998092651
2023123101,576,43454,Tyreek Hill,WR,21.629998779296905
2023123101,672,43454,Tyreek Hill,WR,22.169996948242
2023123101,796,42363,Nelson Agholor,WR,9.730001525878905
2023123101,903,43454,Tyreek Hill,WR,16.2499995422363
2023123101,968,46192,Durham Smythe,TE,18.42999755859381
2023123101,1038,46277,Cedrick Wilson Jr.,WR,18.710000152587902
2023123101,1132,42363,Nelson Agholor,WR,13.780001220703095
2023123101,1282,41238,Odell Beckham,WR,39.380000610352
2023123101,1486,46192,Durham Smythe,TE,21.6699983215332
2023123101,1556,43808,Robbie Chosen,WR,30.7999989318848
2023123101,1579,43454,Tyreek Hill,WR,32.0500003814697
2023123101,1654,43454,Tyreek Hill,WR,14.4299993133545
2023123101,1724,55886,Zay Flowers,WR,43.090002746582
2023123101,1830,46192,Durham Smythe,TE,13.319999084472698
2023123101,1855,46277,Cedrick Wilson Jr.,WR,16.560000152587897
2023123101,1941,53456,Rashod Bateman,WR,19.370001220703102
2023123101,1976,54604,Isaiah Likely,TE,18.359996337890593
2023123101,2040,46377,Jeff Wilson,RB,4.849998474121094
2023123101,2065,46377,Jeff Wilson,RB,8.640000610351606
2023123101,2090,43454,Tyreek Hill,WR,11.969998168945295
2023123101,2126,46377,Jeff Wilson,RB,26.169998779296904
2023123101,2149,43454,Tyreek Hill,WR,15.370000762939505
2023123101,2400,54604,Isaiah Likely,TE,9.859999923706102
2023123101,2568,46279,Braxton Berrios,WR,4.119998779296907
2023123101,2672,54604,Isaiah Likely,TE,20.57999969482421
2023123101,2695,47896,Justice Hill,RB,9.980003356933594
2023123101,2785,43454,Tyreek Hill,WR,23.129998474121095
2023123101,2822,55886,Zay Flowers,WR,3.1299993896483898
2023123101,2946,56410,Julian Hill,TE,7.399998474121102
2023123101,3102,46277,Cedrick Wilson Jr.,WR,24.570001220703098
2023123101,3150,52457,Chase Claypool,WR,41.539996337891
2023123101,3173,46377,Jeff Wilson,RB,11.0100009155273
2023123101,3198,46279,Braxton Berrios,WR,11.150001525878906
2023123101,3380,53456,Rashod Bateman,WR,18.3000001525879
2023123101,3405,53456,Rashod Bateman,WR,14.609998168945296
2023123101,3518,45268,Patrick Ricard,FB,13.850001831054996
2023123101,3984,54593,Charlie Kolar,TE,29.889999084473004
2023123102,158,55889,Dalton Kincaid,TE,41.23000061035161
2023123102,201,46111,Mike Gesicki,TE,10.350002746582007
2023123102,299,42489,Stefon Diggs,WR,29.899998779297007
2023123102,456,46111,Mike Gesicki,TE,17.95000030517579
2023123102,610,46671,Trent Sherfield,WR,10.539999847412105
2023123102,668,42357,DeVante Parker,WR,12.189996643066408
2023123102,853,45339,Pharaoh Brown,TE,6.909997558593801
2023123102,1023,55889,Dalton Kincaid,TE,19.89999664306599
2023123102,1258,54528,James Cook,RB,24.2400018310547
2023123102,1281,52536,Gabe Davis,WR,14.189999389648392
2023123102,1388,42357,DeVante Parker,WR,23.469998321533204
2023123102,1465,52429,Jalen Reagor,WR,12.170001068115198
2023123102,1579,54648,Kevin Harris,RB,7.580001831054702
2023123102,1625,56075,DeMario Douglas,WR,32.829997863769506
2023123102,1821,55889,Dalton Kincaid,TE,17.400002441406187
2023123102,1870,46671,Trent Sherfield,WR,26.9400016784668
2023123102,1893,54613,Khalil Shakir,WR,14.25999847412109
2023123102,1940,52536,Gabe Davis,WR,9.719998321533197
2023123102,2024,55889,Dalton Kincaid,TE,44.500000381469704
2023123102,2089,54515,Tyquan Thornton,WR,21.4199984741211
2023123102,2155,46111,Mike Gesicki,TE,9.9899983215332
2023123102,2185,56075,DeMario Douglas,WR,21.3299963378906
2023123102,2232,56075,DeMario Douglas,WR,40.510003662109
2023123102,2255,46111,Mike Gesicki,TE,8.830003662109405
2023123102,2315,42489,Stefon Diggs,WR,14.309996948242201
2023123102,2374,40129,Latavius Murray,RB,9.539998779296909
2023123102,2532,52536,Gabe Davis,WR,19.199998779296905
2023123102,2557,55889,Dalton Kincaid,TE,37.5700003051758
2023123102,2759,46111,Mike Gesicki,TE,9.210001373291
2023123102,2806,43293,Ezekiel Elliott,RB,9.419998626708995
2023123102,2962,54515,Tyquan Thornton,WR,11.82999755859381
2023123102,3037,42489,Stefon Diggs,WR,58.7899981689453
2023123102,3340,52429,Jalen Reagor,WR,42.820001678466795
2023123102,3365,52429,Jalen Reagor,WR,17.9699998474121
2023123102,3542,54613,Khalil Shakir,WR,21.7599990844727
2023123102,3589,42489,Stefon Diggs,WR,5.069998626709001
2023123102,3636,46671,Trent Sherfield,WR,19.830002136230497
2023123102,3773,54515,Tyquan Thornton,WR,9.750001525879
2023123102,3880,54613,Khalil Shakir,WR,10.420000000000002
2023123102,3927,42489,Stefon Diggs,WR,13.4899990844727
2023123103,55,54473,Drake London,WR,27.689999999999998
2023123103,112,53433,Kyle Pitts,TE,45.099999771118156
2023123103,167,54473,Drake London,WR,10.300000610351596
2023123103,221,46093,DJ Moore,WR,37.099996643066405
2023123103,326,55980,Roschon Johnson,RB,9.629997253417997
2023123103,380,55998,Tyler Scott,WR,6.300001831054999
2023123103,410,46093,DJ Moore,WR,23.10000152587901
2023123103,599,54473,Drake London,WR,27.710000457763698
2023123103,668,52465,Van Jefferson,WR,32.83999977111816
2023123103,779,46093,DJ Moore,WR,38.8300009155273
2023123103,910,45635,Robert Tonyan,TE,17.690000686645497
2023123103,1109,45635,Robert Tonyan,TE,11.489996337890602
2023123103,1202,53433,Kyle Pitts,TE,26.250001220703098
2023123103,1319,46093,DJ Moore,WR,17.2700003051758
2023123103,1371,55998,Tyler Scott,WR,10.9899996948242
2023123103,1401,48207,Khari Blasingame,FB,13.820000610351599
2023123103,1424,45635,Robert Tonyan,TE,15.409999237060497
2023123103,1655,46992,KhaDarel Hodge,WR,24.039998474121102
2023123103,1858,54473,Drake London,WR,17.8400015258789
2023123103,2053,46093,DJ Moore,WR,27.93
2023123103,2122,46093,DJ Moore,WR,17.340001831055005
2023123103,2174,55998,Tyler Scott,WR,23.130002746582008
2023123103,2258,55872,Bijan Robinson,RB,0.04999664306640739
2023123103,2315,52465,Van Jefferson,WR,10.33000213623049
2023123103,2367,42486,MyCole Pruitt,TE,21.829999542236294
2023123103,2455,44912,Jonnu Smith,TE,12.069999694824201
2023123103,2528,55998,Tyler Scott,WR,29.430003662109407
2023123103,2632,52573,Collin Johnson,WR,14.860000610351598
2023123103,2723,46093,DJ Moore,WR,19.729998779296906
2023123103,2813,55872,Bijan Robinson,RB,9.030000000000001
2023123103,2843,44912,Jonnu Smith,TE,18.959999237060494
2023123103,2968,46093,DJ Moore,WR,16.9799995422363
2023123103,2998,55998,Tyler Scott,WR,44.529998474121
2023123103,3046,46093,DJ Moore,WR,11.060003051757803
2023123103,3195,53433,Kyle Pitts,TE,17.8300010681152
2023123103,3262,44912,Jonnu Smith,TE,34.4700018310547
2023123103,3285,52465,Van Jefferson,WR,12.239998474121094
2023123103,3321,52465,Van Jefferson,WR,10.619998779296907
2023123103,3346,44912,Jonnu Smith,TE,18.3100012207031
2023123103,3430,46093,DJ Moore,WR,11.519998474121095
2023123103,3540,55980,Roschon Johnson,RB,7.3799975585938
2023123103,3589,54473,Drake London,WR,11.4900004577637
2023123103,3619,52465,Van Jefferson,WR,21.4000004577637
2023123103,3779,45635,Robert Tonyan,TE,30.4400003051758
2023123103,3802,46093,DJ Moore,WR,38.749999771118155
2023123103,3906,54473,Drake London,WR,16.820001678466795
2023123103,3929,46992,KhaDarel Hodge,WR,31.8700001525879
2023123103,4093,53433,Kyle Pitts,TE,11.289998626709
2023123103,4118,55872,Bijan Robinson,RB,12.7099998474121
2023123103,4143,54473,Drake London,WR,12.309999237060495
2023123104,80,54483,Treylon Burks,WR,55.5199998474121
2023123104,103,43396,Chris Moore,WR,12.070001220703091
2023123104,184,47857,Devin Singletary,RB,8.139998168945297
2023123104,209,45052,Noah Brown,WR,12.069998626709001
2023123104,281,53518,Nico Collins,WR,11.7600030517578
2023123104,428,45052,Noah Brown,WR,30.480003051758004
2023123104,613,39973,DeAndre Hopkins,WR,20.0199996948242
2023123104,638,55946,Tyjae Spears,RB,11.169998474121101
2023123104,683,43396,Chris Moore,WR,45.359999465942394
2023123104,755,47857,Devin Singletary,RB,2.6899998474121
2023123104,780,46206,Dalton Schultz,TE,17.4999998474121
2023123104,862,46206,Dalton Schultz,TE,5.839999465942402
2023123104,907,54572,Dameon Pierce,RB,10.570000305175796
2023123104,1023,47857,Devin Singletary,RB,4.489999389648403
2023123104,1048,53518,Nico Collins,WR,18.7599998474121
2023123104,1073,53576,Brevin Jordan,TE,7.010000762939498
2023123104,1229,39973,DeAndre Hopkins,WR,7.9200009155273
2023123104,1290,54608,Chig Okonkwo,TE,7.930001373291002
2023123104,1341,53518,Nico Collins,WR,28.2599981689453
2023123104,1404,53518,Nico Collins,WR,11.169998779296904
2023123104,1682,39989,Robert Woods,WR,17.7699990844727
2023123104,1769,43396,Chris Moore,WR,35.289999694824196
2023123104,1801,55946,Tyjae Spears,RB,6.579998321533203
2023123104,1878,39973,DeAndre Hopkins,WR,24.499999389648394
2023123104,1964,53576,Brevin Jordan,TE,4.150000305175798
2023123104,2011,39989,Robert Woods,WR,27.710001525878898
2023123104,2036,54509,John Metchie III,WR,9.649999237060499
2023123104,2083,46206,Dalton Schultz,TE,24.810003051757796
2023123104,2131,39989,Robert Woods,WR,11.209999389648388
2023123104,2192,54509,John Metchie III,WR,15.480001831055006
2023123104,2403,54483,Treylon Burks,WR,8.340000915527298
2023123104,2452,43334,Derrick Henry,RB,10.209999237060494
2023123104,2475,39973,DeAndre Hopkins,WR,20.269999847412098
2023123104,2500,39973,DeAndre Hopkins,WR,8.7299999237061
2023123104,2657,46446,Kevin Rader,TE,9.050000381469701
2023123104,2715,54608,Chig Okonkwo,TE,7.670000152587898
2023123104,2767,46206,Dalton Schultz,TE,7.450000762939499
2023123104,2834,44987,Eric Saubert,TE,3.8499999999999943
2023123104,2925,54509,John Metchie III,WR,13.760001678466793
2023123104,2968,56070,Xavier Hutchinson,WR,14.310001525878903
2023123104,3052,54608,Chig Okonkwo,TE,14.930000686645501
2023123104,3077,54608,Chig Okonkwo,TE,9.970000610351597
2023123105,100,55944,Josh Downs,WR,22.680000305175803
2023123105,235,41282,Davante Adams,WR,5.680003356933597
2023123105,265,54587,Zamir White,RB,5.819996643066403
2023123105,317,54587,Zamir White,RB,11.850003662109401
2023123105,415,42397,Ameer Abdullah,RB,10.819999542236303
2023123105,511,48097,Jakobi Meyers,WR,18.0500009155273
2023123105,600,52442,Michael Pittman,WR,11.929998779296902
2023123105,716,41282,Davante Adams,WR,11.059996643066413
2023123105,746,41282,Davante Adams,WR,24.849998779296897
2023123105,789,53556,Kylen Granson,TE,7.979999618530298
2023123105,819,52442,Michael Pittman,WR,12.519999771118199
2023123105,892,41282,Davante Adams,WR,53.0299996185303
2023123105,922,48097,Jakobi Meyers,WR,17.080001373290997
2023123105,947,43370,Austin Hooper,TE,10.059998168945299
2023123105,994,48097,Jakobi Meyers,WR,10.229999084472702
2023123105,1124,56027,Will Mallory,TE,15.590001831054707
2023123105,1182,52442,Michael Pittman,WR,12.490002746582007
2023123105,1207,55944,Josh Downs,WR,13.050003051757798
2023123105,1232,44792,Mo Alie-Cox,TE,13.429996643066403
2023123105,1384,41282,Davante Adams,WR,12.169999237060495
2023123105,1453,55965,Tre Tucker,WR,29.8199990844727
2023123105,1604,53517,Trey Sermon,RB,9.499999389648394
2023123105,1629,53517,Trey Sermon,RB,11.129997253417997
2023123105,1654,54518,Alec Pierce,WR,37.9000015258789
2023123105,1767,48097,Jakobi Meyers,WR,15.909998626708997
2023123105,1819,41282,Davante Adams,WR,27.060000000000002
2023123105,1842,41282,Davante Adams,WR,18.0700021362305
2023123105,2051,41282,Davante Adams,WR,19.249999847412106
2023123105,2224,43370,Austin Hooper,TE,11.710003356933598
2023123105,2252,43370,Austin Hooper,TE,9.900003356933595
2023123105,2402,41282,Davante Adams,WR,11.279996337890992
2023123105,2489,53556,Kylen Granson,TE,34.7800003051758
2023123105,2512,53556,Kylen Granson,TE,18.620000305175793
2023123105,2537,44792,Mo Alie-Cox,TE,10.690001220703095
2023123105,2562,44792,Mo Alie-Cox,TE,12.529999389648403
2023123105,2636,52442,Michael Pittman,WR,13.589998474121103
2023123105,2672,52442,Michael Pittman,WR,22.750000228881802
2023123105,2926,41282,Davante Adams,WR,9.630003662109402
2023123105,2988,48097,Jakobi Meyers,WR,23.7500006103516
2023123105,3013,54587,Zamir White,RB,6.720000915527308
2023123105,3043,41282,Davante Adams,WR,10.090000762939503
2023123105,3318,48097,Jakobi Meyers,WR,13.930002136230499
2023123105,3343,41282,Davante Adams,WR,10.53000030517579
2023123105,3366,55965,Tre Tucker,WR,49.840000762939496
2023123105,3389,48097,Jakobi Meyers,WR,19.400001678466793
2023123105,3412,55965,Tre Tucker,WR,22.469998168945295
2023123105,3441,41282,Davante Adams,WR,18.0899989318848
2023123105,3471,41282,Davante Adams,WR,22.2500006866455
2023123105,3501,48097,Jakobi Meyers,WR,10.600000457763699
2023123105,3531,41282,Davante Adams,WR,18.3399999237061
2023123105,3554,41282,Davante Adams,WR,20.0500003051758
2023123105,3889,55965,Tre Tucker,WR,29.9100018310547
2023123105,3936,41282,Davante Adams,WR,20.470001220703097
2023123105,3961,41282,Davante Adams,WR,22.1999989318848
2023123105,3991,48097,Jakobi Meyers,WR,13.1500005340576
2023123105,4023,55965,Tre Tucker,WR,9.0199996185303
2023123105,4052,41282,Davante Adams,WR,8.629999160766602
2023123105,4099,41282,Davante Adams,WR,8.28999998092651
2023123106,109,44835,Evan Engram,TE,10.550001525878905
2023123106,134,44978,Jamal Agnew,WR,10.2300003051758
2023123106,186,46095,Calvin Ridley,WR,18.259998626709
2023123106,233,53574,Luke Farrell,TE,9.139999237060504
2023123106,329,55926,Brenton Strange,TE,9.230000610351603
2023123106,415,40488,Adam Thielen,WR,9.819999694824197
2023123106,462,53586,Ihmir Smith-Marsette,WR,16.839999847412102
2023123106,487,53555,Chuba Hubbard,RB,7.839998779296906
2023123106,579,52659,Stephen Sullivan,TE,12.080000610351604
2023123106,602,40488,Adam Thielen,WR,12.340001220703094
2023123106,843,46095,Calvin Ridley,WR,20.810000610351608
2023123106,921,55904,Jonathan Mingo,WR,25.609997253418
2023123106,983,46095,Calvin Ridley,WR,10.539998626709
2023123106,1015,53454,Travis Etienne,RB,7.579999847412104
2023123106,1065,56050,Parker Washington,WR,7.850002136230501
2023123106,1090,44835,Evan Engram,TE,8.270000915527298
2023123106,1160,44835,Evan Engram,TE,10.990000915527304
2023123106,1210,44835,Evan Engram,TE,11.4800024414062
2023123106,1453,44978,Jamal Agnew,WR,39.790000610351605
2023123106,1478,55926,Brenton Strange,TE,6.230000000000004
2023123106,1536,46095,Calvin Ridley,WR,12.370000915527001
2023123106,1699,53707,Tim Jones,WR,16.8200004577637
2023123106,1722,44835,Evan Engram,TE,7.179998779296902
2023123106,1811,53512,Tommy Tremble,TE,4.160002441406192
2023123106,1841,40488,Adam Thielen,WR,8.649999237060491
2023123106,1871,53555,Chuba Hubbard,RB,6.6100007629394995
2023123106,2187,47836,Miles Sanders,RB,5.349998474121101
2023123106,2212,46170,Ian Thomas,TE,33.6899987792969
2023123106,2290,44835,Evan Engram,TE,12.920002746582
2023123106,2370,46095,Calvin Ridley,WR,11.569998626708994
2023123106,2476,46095,Calvin Ridley,WR,14.020000381469703
2023123106,2647,40488,Adam Thielen,WR,11.020000610351595
2023123106,2743,55904,Jonathan Mingo,WR,12.020000610351602
2023123106,2773,47836,Miles Sanders,RB,9.409998626708997
2023123106,2798,40488,Adam Thielen,WR,13.419999694824192
2023123106,2872,46130,D.J. Chark,WR,27.970001220703097
2023123106,2897,46130,D.J. Chark,WR,34.86
2023123106,2984,46130,D.J. Chark,WR,33.3800004577637
2023123106,3128,46130,D.J. Chark,WR,9.929996643066403
2023123106,3151,46130,D.J. Chark,WR,48.170001525878895
2023123106,3174,40488,Adam Thielen,WR,14.129998168945292
2023123106,3418,53555,Chuba Hubbard,RB,6.9499996948242
2023123106,3443,53555,Chuba Hubbard,RB,8.149998168945302
2023123106,3468,53555,Chuba Hubbard,RB,9.650003662109398
2023123106,3493,53512,Tommy Tremble,TE,22.559999542236298
2023123107,56,43399,Tyler Higbee,TE,6.869999694824198
2023123107,86,43415,Demarcus Robinson,WR,9.3899992370605
2023123107,111,56042,Puka Nacua,WR,9.979998626708998
2023123107,141,56042,Puka Nacua,WR,10.0599990844727
2023123107,210,44881,Cooper Kupp,WR,12.230001220703102
2023123107,262,43415,Demarcus Robinson,WR,19.349998779296897
2023123107,346,44881,Cooper Kupp,WR,11.580001831054702
2023123107,371,56042,Puka Nacua,WR,12.11999847412109
2023123107,443,42547,Darren Waller,TE,9.140003051757802
2023123107,500,55938,Jalin Hyatt,WR,35.69999969482419
2023123107,562,54629,Kyren Williams,RB,7.720000762939502
2023123107,587,43415,Demarcus Robinson,WR,12.000000457763697
2023123107,643,43399,Tyler Higbee,TE,9.050000152587899
2023123107,823,46071,Saquon Barkley,RB,9.920002441406197
2023123107,933,54508,Wan'Dale Robinson,WR,10.990000152587903
2023123107,1011,42547,Darren Waller,TE,14.280001220703099
2023123107,1041,56037,Eric Gray,RB,8.280001373291
2023123107,1070,55938,Jalin Hyatt,WR,31.3800003051758
2023123107,1162,56042,Puka Nacua,WR,11.559996337890595
2023123107,1207,43415,Demarcus Robinson,WR,12.330003662109405
2023123107,1239,44881,Cooper Kupp,WR,26.309999084472693
2023123107,1318,54577,Daniel Bellinger,TE,10.5699994659424
2023123107,1343,54577,Daniel Bellinger,TE,13.019999160766602
2023123107,1417,43415,Demarcus Robinson,WR,17.32999969482421
2023123107,1464,56042,Puka Nacua,WR,30.019999237060496
2023123107,1514,54508,Wan'Dale Robinson,WR,10.529999237060494
2023123107,1539,47954,Darius Slayton,WR,13.450001373291002
2023123107,1618,43399,Tyler Higbee,TE,10.219999542236302
2023123107,1668,43399,Tyler Higbee,TE,8.869998779296907
2023123107,1757,43415,Demarcus Robinson,WR,13.780000095367429
2023123107,1780,44881,Cooper Kupp,WR,10.1800001525879
2023123107,1929,47954,Darius Slayton,WR,37.370003356933594
2023123107,1956,43415,Demarcus Robinson,WR,11.63000152587891
2023123107,1997,54508,Wan'Dale Robinson,WR,9.869998779296907
2023123107,2219,54508,Wan'Dale Robinson,WR,12.630000305175798
2023123107,2244,42547,Darren Waller,TE,9.820001525878908
2023123107,2363,44881,Cooper Kupp,WR,6.560000457763699
2023123107,2400,43399,Tyler Higbee,TE,11.799999084472699
2023123107,2423,56042,Puka Nacua,WR,10.9599999237061
2023123107,2514,47954,Darius Slayton,WR,10.220003356933589
2023123107,2605,46071,Saquon Barkley,RB,11.00000335693359
2023123107,2677,56042,Puka Nacua,WR,16.5699990844727
2023123107,2801,42547,Darren Waller,TE,13.380000305175798
2023123107,2826,47954,Darius Slayton,WR,61.079999847412104
2023123107,2909,43399,Tyler Higbee,TE,9.269999237060496
2023123107,2956,43415,Demarcus Robinson,WR,23.8400009155273
2023123107,3023,54508,Wan'Dale Robinson,WR,10.420001525878902
2023123107,3112,46071,Saquon Barkley,RB,30.059998779297004
2023123107,3213,54577,Daniel Bellinger,TE,11.91999786376951
2023123107,3241,52615,Isaiah Hodgins,WR,21.84999786377
2023123107,3330,43415,Demarcus Robinson,WR,36.40000167846679
2023123107,3448,54508,Wan'Dale Robinson,WR,9.9000015258789
2023123107,3509,47954,Darius Slayton,WR,10.479999237060497
2023123107,3544,52615,Isaiah Hodgins,WR,20.199997253417997
2023123107,3589,43329,Sterling Shepard,WR,11.770000305175806
2023123107,3612,54577,Daniel Bellinger,TE,13.629998626708996
2023123107,3642,55938,Jalin Hyatt,WR,8.519999999999996
2023123107,3696,44881,Cooper Kupp,WR,17.329998168945295
2023123107,3719,43415,Demarcus Robinson,WR,21.839999389648405
2023123107,3773,46071,Saquon Barkley,RB,9.779999237060501
2023123107,3887,42547,Darren Waller,TE,8.630000228881801
2023123107,3912,42547,Darren Waller,TE,29.650000152587896
2023123107,3935,47954,Darius Slayton,WR,24.03
2023123107,4280,46071,Saquon Barkley,RB,12.589998779296906
2023123107,4370,54508,Wan'Dale Robinson,WR,10.619999694824202
2023123108,100,53579,Kenneth Gainwell,RB,2.729998474121089
2023123108,151,54520,Trey McBride,TE,13.510000000000002
2023123108,225,48646,Greg Dortch,WR,12.250003051757801
2023123108,278,54520,Trey McBride,TE,11.110002441406195
2023123108,303,56062,Elijah Higgins,TE,11.049997253417999
2023123108,456,56395,Emari Demercado,RB,8.389999694824198
2023123108,522,47834,A.J. Brown,WR,21.0199987792969
2023123108,599,46118,Dallas Goedert,TE,6.449999542236299
2023123108,750,37079,Julio Jones,WR,26.680000152587894
2023123108,898,53478,Rondale Moore,WR,14.239997863769503
2023123108,944,56062,Elijah Higgins,TE,16.699998779296905
2023123108,991,48646,Greg Dortch,WR,9.359999694824197
2023123108,1048,55959,Michael Wilson,WR,27.320000152587895
2023123108,1218,48646,Greg Dortch,WR,8.330001373290997
2023123108,1432,54520,Trey McBride,TE,7.7200008392334
2023123108,1626,47834,A.J. Brown,WR,29.0099996948242
2023123108,1649,53439,DeVonta Smith,WR,16.6800006103516
2023123108,1674,47834,A.J. Brown,WR,13.009999237060498
2023123108,1702,46118,Dallas Goedert,TE,12.540001373290998
2023123108,1734,47834,A.J. Brown,WR,18.7799998474121
2023123108,1764,46118,Dallas Goedert,TE,14.2299981689453
2023123108,1789,53439,DeVonta Smith,WR,47.850003662109
2023123108,1819,53439,DeVonta Smith,WR,21.979997863769498
2023123108,1915,56395,Emari Demercado,RB,14.800000610351603
2023123108,1938,56395,Emari Demercado,RB,11.049999999999997
2023123108,2065,54520,Trey McBride,TE,7.860001831054703
2023123108,2117,55959,Michael Wilson,WR,14.679999542236303
2023123108,2152,55959,Michael Wilson,WR,10.819998321533205
2023123108,2221,53536,Michael Carter,RB,6.339999160766602
2023123108,2307,52443,D'Andre Swift,RB,8.779999389648403
2023123108,2332,53439,DeVonta Smith,WR,43.160002136230496
2023123108,2428,54520,Trey McBride,TE,11.289996948242205
2023123108,2508,48646,Greg Dortch,WR,18.9
2023123108,2545,55959,Michael Wilson,WR,12.529999694824198
2023123108,2624,44917,James Conner,RB,20.99999980926514
2023123108,2828,46118,Dallas Goedert,TE,14.040001678466794
2023123108,3209,48646,Greg Dortch,WR,10.80000274658201
2023123108,3256,55959,Michael Wilson,WR,13.399997863769997
2023123108,3279,55959,Michael Wilson,WR,16.559999389648
2023123108,3381,47834,A.J. Brown,WR,13.930000457763697
2023123108,3621,53478,Rondale Moore,WR,20.809999237060495
2023123108,3675,48646,Greg Dortch,WR,18.319998474121093
2023123108,3705,48646,Greg Dortch,WR,19.250000610351606
2023123108,3813,53579,Kenneth Gainwell,RB,12.830001525878913
2023123108,3843,53579,Kenneth Gainwell,RB,14.6600003051758
2023123108,3900,46118,Dallas Goedert,TE,30.49000076293951
2023123109,62,52942,Juwan Johnson,TE,13.750000610351599
2023123109,117,54476,Chris Olave,WR,19.490001525878903
2023123109,184,55133,Rashid Shaheed,WR,15.029997253417996
2023123109,209,54476,Chris Olave,WR,16.059998779296905
2023123109,278,45244,Taysom Hill,QB,11.369997863769498
2023123109,374,52942,Juwan Johnson,TE,11.450000915527
2023123109,460,54571,Cade Otton,TE,8.470002136230491
2023123109,562,44879,Alvin Kamara,RB,12.2599987792969
2023123109,631,54571,Cade Otton,TE,11.440003051757799
2023123109,766,41233,Mike Evans,WR,28.699999237060503
2023123109,976,56056,Trey Palmer,WR,38.679999389648
2023123109,1086,52942,Juwan Johnson,TE,35.8600018310547
2023123109,1234,46203,Chase Edmonds,RB,7.1899998474121
2023123109,1314,46203,Chase Edmonds,RB,8.0899996948242
2023123109,1369,52942,Juwan Johnson,TE,6.609997558593804
2023123109,1428,56060,A.T. Perry,WR,14.330001831054702
2023123109,1451,47920,Foster Moreau,TE,18.599998168945298
2023123109,1520,52942,Juwan Johnson,TE,12.799999999999997
2023123109,1552,45244,Taysom Hill,QB,27.919999542236297
2023123109,1616,54571,Cade Otton,TE,16.149998779296904
2023123109,1639,44896,Chris Godwin Jr.,WR,22.060000762939502
2023123109,1740,54476,Chris Olave,WR,13.5900004577637
2023123109,1768,55133,Rashid Shaheed,WR,11.589998474121103
2023123109,1828,56060,A.T. Perry,WR,12.7099998474121
2023123109,1853,52942,Juwan Johnson,TE,16.110000076293897
2023123109,1970,54571,Cade Otton,TE,33.3200009155273
2023123109,2015,41233,Mike Evans,WR,35.750000305175796
2023123109,2097,44947,Jamaal Williams,RB,0.5200006103515982
2023123109,2144,53932,Adam Prentice,FB,10.100000457763699
2023123109,2235,54556,Rachaad White,RB,7.930003356933597
2023123109,2282,56056,Trey Palmer,WR,18.5599996948242
2023123109,2416,54476,Chris Olave,WR,23.170000610351607
2023123109,2506,54476,Chris Olave,WR,13.449998779296905
2023123109,2653,44896,Chris Godwin Jr.,WR,14.809996948242201
2023123109,2678,54556,Rachaad White,RB,5.220000610351605
2023123109,2728,54556,Rachaad White,RB,7.9500003051757915
2023123109,2848,52942,Juwan Johnson,TE,17.469999084472704
2023123109,2935,52942,Juwan Johnson,TE,29.629998474121102
2023123109,2977,46203,Chase Edmonds,RB,9.340000915527302
2023123109,3009,54571,Cade Otton,TE,11.179999847412102
2023123109,3034,55075,Deven Thompkins,WR,15.5800009155273
2023123109,3057,46203,Chase Edmonds,RB,8.970000305175802
2023123109,3087,45039,David Moore,WR,16.8299987792969
2023123109,3114,55133,Rashid Shaheed,WR,6.420001678466804
2023123109,3168,52942,Juwan Johnson,TE,21.5200010681152
2023123109,3210,41233,Mike Evans,WR,31.2200010681152
2023123109,3240,54571,Cade Otton,TE,8.729998474121103
2023123109,3364,44896,Chris Godwin Jr.,WR,18.4900036621094
2023123109,3389,56056,Trey Palmer,WR,30.16000152587901
2023123109,3453,52942,Juwan Johnson,TE,6.569998168945304
2023123109,3741,56056,Trey Palmer,WR,47.50999755859381
2023123109,3883,46203,Chase Edmonds,RB,8.0900010681152
2023123109,3920,44896,Chris Godwin Jr.,WR,44.229998779296906
2023123110,121,52433,Brandon Aiyuk,WR,10.829999694824195
2023123110,168,44959,George Kittle,TE,10.019998474121103
2023123110,249,44820,Christian McCaffrey,RB,10.409996643066407
2023123110,387,44852,Curtis Samuel,WR,13.909996948242195
2023123110,459,44852,Curtis Samuel,WR,17.040001831054695
2023123110,559,52433,Brandon Aiyuk,WR,11.560001831054699
2023123110,606,52433,Brandon Aiyuk,WR,26.38000244140619
2023123110,631,47819,Deebo Samuel Sr.,WR,19.199997558593807
2023123110,815,47859,Terry McLaurin,WR,9.540001678466794
2023123110,914,52474,Antonio Gibson,RB,0.15999816894529317
2023123110,1039,44820,Christian McCaffrey,RB,9.570000610351599
2023123110,1108,56118,Ronnie Bell,WR,18.840000610351602
2023123110,1244,54563,Brian Robinson,RB,9.619998779296907
2023123110,1274,47859,Terry McLaurin,WR,37.2100009155273
2023123110,1370,54481,Jahan Dotson,WR,11.900002746582004
2023123110,1393,47859,Terry McLaurin,WR,10.680000000000007
2023123110,1457,44959,George Kittle,TE,23.120001831054708
2023123110,1487,52433,Brandon Aiyuk,WR,23.7399984741211
2023123110,1662,52433,Brandon Aiyuk,WR,24.42
2023123110,1812,41349,Logan Thomas,TE,9.079999542236301
2023123110,1877,44959,George Kittle,TE,18.620000000000005
2023123110,1928,44820,Christian McCaffrey,RB,8.110000305175802
2023123110,2019,52433,Brandon Aiyuk,WR,10.409999999999997
2023123110,2251,41349,Logan Thomas,TE,10.829999694824199
2023123110,2357,44852,Curtis Samuel,WR,33.209999542236304
2023123110,2600,47859,Terry McLaurin,WR,18.079999694824203
2023123110,2678,40078,Kyle Juszczyk,FB,14.040000915527301
2023123110,2740,40078,Kyle Juszczyk,FB,10.809998474121102
2023123110,2765,52433,Brandon Aiyuk,WR,33.2800012207031
2023123110,2870,47819,Deebo Samuel Sr.,WR,9.930001525878907
2023123110,2893,52433,Brandon Aiyuk,WR,28.360002441405996
2023123110,2957,41349,Logan Thomas,TE,11.379999999999995
2023123110,2986,46522,Byron Pringle,WR,17.980003662109397
2023123110,3098,40078,Kyle Juszczyk,FB,13.809997558593807
2023123110,3145,44959,George Kittle,TE,10.869997863769996
2023123110,3214,54563,Brian Robinson,RB,5.420001525879002
2023123110,3239,54563,Brian Robinson,RB,8.759999084472994
2023123110,3507,47859,Terry McLaurin,WR,55.26000167846679
2023123110,3530,53553,John Bates,TE,9.6700012207031
2023123111,99,47849,Diontae Johnson,WR,10.400001831054695
2023123111,156,54517,George Pickens,WR,11.840000000000003
2023123111,204,54517,George Pickens,WR,10.2599987792969
2023123111,239,54517,George Pickens,WR,30.059999923706098
2023123111,321,47803,Noah Fant,TE,11.070001220703098
2023123111,364,47849,Diontae Johnson,WR,24.6199993896484
2023123111,679,54517,George Pickens,WR,15.5999990844727
2023123111,787,42412,Tyler Lockett,WR,26.059998321533204
2023123111,810,54506,Kenneth Walker III,RB,7.8400010681152
2023123111,835,47803,Noah Fant,TE,11.520001373291002
2023123111,902,47847,DK Metcalf,WR,32.4799989318848
2023123111,1215,47803,Noah Fant,TE,24.159998168945293
2023123111,1308,47847,DK Metcalf,WR,11.030001525878902
2023123111,1333,47803,Noah Fant,TE,25.97000003814697
2023123111,1405,55884,Jaxon Smith-Njigba,WR,24.48999998092651
2023123111,1518,53484,Pat Freiermuth,TE,7.519999237060496
2023123111,1668,47849,Diontae Johnson,WR,12.13999664306641
2023123111,1802,42412,Tyler Lockett,WR,16.81000366210941
2023123111,1837,55917,Zach Charbonnet,RB,11.470002441406194
2023123111,1909,53484,Pat Freiermuth,TE,8.499999084472698
2023123111,1934,54905,Jaylen Warren,RB,8.140001678466795
2023123111,2012,56471,Jake Bobo,WR,9.529999694824198
2023123111,2157,54506,Kenneth Walker III,RB,1.4299969482422057
2023123111,2182,47847,DK Metcalf,WR,11.739999694824206
2023123111,2207,42412,Tyler Lockett,WR,15.490000915527304
2023123111,2307,53484,Pat Freiermuth,TE,10.650001220703103
2023123111,2403,47849,Diontae Johnson,WR,23.64
2023123111,2552,47803,Noah Fant,TE,16.650000152587896
2023123111,2701,54517,George Pickens,WR,19.510000305175794
2023123111,2769,47847,DK Metcalf,WR,20.759998779296904
2023123111,2841,52541,Colby Parkinson,TE,14.799999847412103
2023123111,2886,55917,Zach Charbonnet,RB,9.559999542236298
2023123111,3055,54517,George Pickens,WR,39.500000610351606
2023123111,3134,54905,Jaylen Warren,RB,10.139999389648395
2023123111,3525,47847,DK Metcalf,WR,18.229996337890597
2023123111,3550,55917,Zach Charbonnet,RB,9.3700009155273
2023123111,3575,55917,Zach Charbonnet,RB,8.0099995422363
2023123111,3651,42412,Tyler Lockett,WR,17.0800018310547
2023123111,3676,55917,Zach Charbonnet,RB,9.110000610351598
2023123111,3704,52541,Colby Parkinson,TE,25.359999542236302
2023123111,3729,47847,DK Metcalf,WR,11.840000305175801
2023123111,3841,54517,George Pickens,WR,14.639998168945297
2023123112,99,44856,Gerald Everett,TE,14.579998779296904
2023123112,186,44927,Samaje Perine,RB,10.420002746582
2023123112,253,48541,Lil'Jordan Humphrey,WR,29.649998931884802
2023123112,288,52423,Jerry Jeudy,WR,22.79000122070309
2023123112,514,54967,Brandon Johnson,WR,10.659998626708997
2023123112,630,52513,Adam Trautman,TE,11.230000839233398
2023123112,779,43663,Alex Erickson,WR,8.489999389648403
2023123112,826,44856,Gerald Everett,TE,9.460000305175804
2023123112,849,55885,Quentin Johnston,WR,29.630000915527305
2023123112,946,52513,Adam Trautman,TE,10.960000305175797
2023123112,979,42372,Phillip Dorsett,WR,57.4799999237061
2023123112,1046,54967,Brandon Johnson,WR,10.099999542236297
2023123112,1170,48228,Keelan Doss,WR,5.279997558593806
2023123112,1239,43663,Alex Erickson,WR,16.599999237060494
2023123112,1291,45573,Austin Ekeler,RB,28.33999980926514
2023123112,1314,48228,Keelan Doss,WR,33.70000004768372
2023123112,1402,53464,Javonte Williams,RB,1.7199986267089997
2023123112,1454,54967,Brandon Johnson,WR,18.7300009155273
2023123112,1509,48541,Lil'Jordan Humphrey,WR,18.419996643066405
2023123112,1573,54588,Isaiah Spiller,RB,0.7200030517578
2023123112,1658,55061,Stone Smartt,TE,11.490000305175798
2023123112,1683,44856,Gerald Everett,TE,6.780003356933591
2023123112,1708,43663,Alex Erickson,WR,18.5699978637695
2023123112,1819,42372,Phillip Dorsett,WR,10.080003662109405
2023123112,1864,52423,Jerry Jeudy,WR,13.450002746582001
2023123112,1937,44856,Gerald Everett,TE,11.780000915527296
2023123112,1972,43663,Alex Erickson,WR,23.679998474121092
2023123112,2091,48228,Keelan Doss,WR,6.350001831054698
2023123112,2169,44856,Gerald Everett,TE,10.540001068115195
2023123112,2194,44856,Gerald Everett,TE,14.299999999999997
2023123112,2276,52423,Jerry Jeudy,WR,27.280001525878898
2023123112,2313,55127,Lucas Krull,TE,7.0799966430664085
2023123112,2432,56513,Jaleel McLaughlin,RB,6.950000000000003
2023123112,2457,48541,Lil'Jordan Humphrey,WR,20.39000030517579
2023123112,2506,56513,Jaleel McLaughlin,RB,1.490000915527304
2023123112,2653,48228,Keelan Doss,WR,39.2400004577637
2023123112,2706,55061,Stone Smartt,TE,19.0199996948242
2023123112,2867,54967,Brandon Johnson,WR,9.840001220703101
2023123112,2982,48541,Lil'Jordan Humphrey,WR,46.53999931335449
2023123112,3052,48228,Keelan Doss,WR,10.399999084472698
2023123112,3077,48228,Keelan Doss,WR,7.709999084472699
2023123112,3275,54967,Brandon Johnson,WR,10.560002441406198
2023123112,3445,54967,Brandon Johnson,WR,17.000002441405996
2023123112,3544,43663,Alex Erickson,WR,21.3599987792969
2023123112,3574,43663,Alex Erickson,WR,30.3900007629395
2023123112,3597,48228,Keelan Doss,WR,10.690002136230504
2023123112,3620,43663,Alex Erickson,WR,12.2899978637695
2023123112,3645,55885,Quentin Johnston,WR,11.759999084472696
2023123112,3744,45573,Austin Ekeler,RB,8.599999237060494
2023123112,3791,54588,Isaiah Spiller,RB,6.619999237060497
2023123112,3866,53464,Javonte Williams,RB,3.359999847412105
2023123112,4073,44856,Gerald Everett,TE,6.169999389648396
2023123112,4107,55885,Quentin Johnston,WR,18.8199978637695
2023123112,4132,55885,Quentin Johnston,WR,18.910000762939497
2023123112,4155,55885,Quentin Johnston,WR,13.129997253417997
2023123112,4243,44856,Gerald Everett,TE,36.060000839233396
2023123112,4266,43663,Alex Erickson,WR,18.4599984741211
2023123113,55,47835,Drew Sample,TE,28.659997253418
2023123113,188,56028,Chase Brown,RB,3.4099963378905898
2023123113,240,47835,Drew Sample,TE,7.190001525878898
2023123113,328,52441,Tee Higgins,WR,22.6299996948242
2023123113,398,48471,Trenton Irwin,WR,12.170000839233396
2023123113,488,53591,Noah Gray,TE,6.3300009155273
2023123113,513,55920,Rashee Rice,WR,8.720000610351597
2023123113,626,54716,Isiah Pacheco,RB,17.529996337890992
2023123113,712,47835,Drew Sample,TE,6.869996643066401
2023123113,742,53434,Ja'Marr Chase,WR,29.720000915527308
2023123113,855,47835,Drew Sample,TE,8.330001525878913
2023123113,909,44860,Joe Mixon,RB,5.420002136230494
2023123113,956,44860,Joe Mixon,RB,10.349997253417996
2023123113,1020,46243,Marquez Valdes-Scantling,WR,0.8599990844727046
2023123113,1170,46797,Tanner Hudson,TE,8.220001831054702
2023123113,1405,53591,Noah Gray,TE,18.180002441406188
2023123113,1460,53591,Noah Gray,TE,2.1499986267089994
2023123113,1512,40011,Travis Kelce,TE,9.319998779296903
2023123113,1623,46797,Tanner Hudson,TE,14.759999237060498
2023123113,1724,46309,Richie James,WR,9.2200015258789
2023123113,1749,54716,Isiah Pacheco,RB,7.850001678466796
2023123113,1774,46243,Marquez Valdes-Scantling,WR,11.139999847412096
2023123113,1925,53434,Ja'Marr Chase,WR,20.560000762939502
2023123113,2060,46213,Justin Watson,WR,26.9300021362305
2023123113,2138,53434,Ja'Marr Chase,WR,25.009998779296904
2023123113,2161,46797,Tanner Hudson,TE,11.469999237060499
2023123113,2208,53434,Ja'Marr Chase,WR,18.839999389648405
2023123113,2255,46797,Tanner Hudson,TE,12.790002441406195
2023123113,2407,46243,Marquez Valdes-Scantling,WR,51.040001678466794
2023123113,2437,40011,Travis Kelce,TE,12.189996948242197
2023123113,2462,46213,Justin Watson,WR,39.009996948242204
2023123113,2532,55920,Rashee Rice,WR,11.229999389648405
2023123113,2555,55920,Rashee Rice,WR,12.9799989318848
2023123113,2602,53591,Noah Gray,TE,9.3900002288818
2023123113,2625,54716,Isiah Pacheco,RB,7.9700001525879
2023123113,2741,43344,Tyler Boyd,WR,12.2799984741211
2023123113,2766,53434,Ja'Marr Chase,WR,26.329997863769506
2023123113,2849,55920,Rashee Rice,WR,15.939998474121097
2023123113,2885,55920,Rashee Rice,WR,28.149999084472697
2023123113,2974,54716,Isiah Pacheco,RB,5.620000915527001
2023123113,3066,46797,Tanner Hudson,TE,20.6800036621094
2023123113,3089,46797,Tanner Hudson,TE,9.189997558593802
2023123113,3228,40011,Travis Kelce,TE,15.3700003051758
2023123113,3427,54716,Isiah Pacheco,RB,4.750003051757801
2023123113,3526,53434,Ja'Marr Chase,WR,10.329996643066409
2023123113,3658,55920,Rashee Rice,WR,11.9700030517578
2023123113,3724,46797,Tanner Hudson,TE,12.349998779296897
2023123113,3824,43344,Tyler Boyd,WR,29.870001220703102
2023123113,3903,48471,Trenton Irwin,WR,32.020000305175806
2023123113,3933,52441,Tee Higgins,WR,46.32000076293951
2023123114,62,55915,Jayden Reed,WR,51.99000137329101
2023123114,107,54597,Romeo Doubs,WR,23.780002746582
2023123114,199,45094,Johnny Mundt,TE,11.789999847412101
2023123114,240,55943,Tucker Kraft,TE,13.559997253418004
2023123114,309,54597,Romeo Doubs,WR,10.100001220703092
2023123114,334,55943,Tucker Kraft,TE,7.719996337890592
2023123114,364,55915,Jayden Reed,WR,9.019999694824207
2023123114,417,54694,Bo Melton,CB,18.9899996948242
2023123114,514,56220,Malik Heath,WR,36.39000017166138
2023123114,602,45094,Johnny Mundt,TE,10.889999237060497
2023123114,629,55915,Jayden Reed,WR,2.9499995422362986
2023123114,654,55915,Jayden Reed,WR,42.2600001907349
2023123114,815,52430,Justin Jefferson,WR,30.440003356933595
2023123114,931,54694,Bo Melton,CB,36.1399993896484
2023123114,1080,54694,Bo Melton,CB,27.579997558594002
2023123114,1139,52430,Justin Jefferson,WR,22.02000244140619
2023123114,1174,55887,Jordan Addison,WR,22.510001678466793
2023123114,1249,45094,Johnny Mundt,TE,10.530000305175804
2023123114,1382,55915,Jayden Reed,WR,26.6899981689453
2023123114,1412,55943,Tucker Kraft,TE,11.180003356933597
2023123114,1437,55943,Tucker Kraft,TE,6.740000915527304
2023123114,1634,47852,Josh Oliver,TE,10.489997558593814
2023123114,1734,55887,Jordan Addison,WR,39.9100018310547
2023123114,1878,55915,Jayden Reed,WR,60.8500006103516
2023123114,1927,47885,Alexander Mattison,RB,4.680000915527302
2023123114,1987,54597,Romeo Doubs,WR,20.61
2023123114,2017,54597,Romeo Doubs,WR,20.9300036621094
2023123114,2040,55915,Jayden Reed,WR,10.989997863769503
2023123114,2169,52430,Justin Jefferson,WR,18.699999389648404
2023123114,2340,45094,Johnny Mundt,TE,14.869998474121097
2023123114,2368,52430,Justin Jefferson,WR,26.5100002288818
2023123114,2400,45094,Johnny Mundt,TE,7.810000457763699
2023123114,2445,54634,Ty Chandler,RB,6.6700001525879
2023123114,2544,54597,Romeo Doubs,WR,34.64999847412109
2023123114,2567,56220,Malik Heath,WR,14.179998626709
2023123114,2592,55943,Tucker Kraft,TE,8.1399998474121
2023123114,2644,44995,Aaron Jones,RB,3.849997253417996
2023123114,2735,56529,Ben Sims,TE,12.430002746582005
2023123114,2782,54694,Bo Melton,CB,25.03999755859401
2023123114,2922,55887,Jordan Addison,WR,11.929996948242206
2023123114,3021,45094,Johnny Mundt,TE,5.969999389647995
2023123114,3114,54694,Bo Melton,CB,14.639999084472706
2023123114,3161,54597,Romeo Doubs,WR,12.800000762939497
2023123114,3186,54694,Bo Melton,CB,6.460000915527303
2023123114,3260,55943,Tucker Kraft,TE,6.439998168945301
2023123114,3285,54694,Bo Melton,CB,16.5300006866455
2023123114,3359,54723,Samori Toure,WR,3.9099995422362994
2023123114,3439,55887,Jordan Addison,WR,10.240000610351597
2023123114,3464,52430,Justin Jefferson,WR,21.1800010681152
2023123114,3487,45094,Johnny Mundt,TE,13.270000610351598
2023123114,3545,47885,Alexander Mattison,RB,9.270000915527298
2023123114,3570,52430,Justin Jefferson,WR,12.7800036621094
2023123114,3595,55887,Jordan Addison,WR,25.619996948242203
2023123114,3618,46830,Brandon Powell,WR,14.030000000000001
2023123114,3648,54634,Ty Chandler,RB,6.5499993896483915
2023123114,3685,52430,Justin Jefferson,WR,10.510000000000005
2023123114,3710,52430,Justin Jefferson,WR,26.229996948242004
2023123114,3733,52430,Justin Jefferson,WR,22.75999847412099
2023123114,3756,46830,Brandon Powell,WR,19.189998168944996
2023123114,3924,54694,Bo Melton,CB,40.229998474121096
2024010600,77,53453,Najee Harris,RB,1.4400009155273068
2024010600,106,47849,Diontae Johnson,WR,14.89999755859381
2024010600,178,41290,Allen Robinson,WR,21.820000915527302
2024010600,250,54593,Charlie Kolar,TE,10.289998626709
2024010600,275,47896,Justice Hill,RB,22.1300009155273
2024010600,448,54673,Connor Heyward,TE,3.450001373291002
2024010600,495,47849,Diontae Johnson,WR,9.140001831054704
2024010600,682,54593,Charlie Kolar,TE,10.790000610351598
2024010600,705,47896,Justice Hill,RB,11.9899996948242
2024010600,783,54673,Connor Heyward,TE,5.369996337890598
2024010600,808,47849,Diontae Johnson,WR,40.6399992370605
2024010600,1089,54905,Jaylen Warren,RB,4.569998168945304
2024010600,1137,47896,Justice Hill,RB,15.219998168945295
2024010600,1189,54604,Isaiah Likely,TE,10.210001220703091
2024010600,1371,53453,Najee Harris,RB,9.769999465942401
2024010600,1467,47896,Justice Hill,RB,9.690001525878913
2024010600,1502,43312,Laquon Treadwell,WR,23.750002746582
2024010600,1571,54604,Isaiah Likely,TE,21.939999771118202
2024010600,1679,53484,Pat Freiermuth,TE,13.0200004577637
2024010600,1709,54905,Jaylen Warren,RB,9.089996337890597
2024010600,1810,53484,Pat Freiermuth,TE,16.1400030517578
2024010600,1989,43312,Laquon Treadwell,WR,18.959999389648388
2024010600,2428,43312,Laquon Treadwell,WR,15.260000305175794
2024010600,2451,54593,Charlie Kolar,TE,15.070003356933597
2024010600,2498,42363,Nelson Agholor,WR,17.11
2024010600,2571,47896,Justice Hill,RB,8.890000305175796
2024010600,2756,47849,Diontae Johnson,WR,21.910003051757798
2024010600,2875,42363,Nelson Agholor,WR,11.0700015258789
2024010600,2922,47896,Justice Hill,RB,4.9800018310547
2024010600,3020,53560,Tylan Wallace,WR,21.300000610351603
2024010600,3120,53453,Najee Harris,RB,8.3299993896484
2024010600,3355,53453,Najee Harris,RB,5.690000000000001
2024010600,3506,42363,Nelson Agholor,WR,10.450000305175802
2024010600,3536,47896,Justice Hill,RB,7.7699989318848
2024010600,3565,54593,Charlie Kolar,TE,10.879999389648404
2024010600,3617,47896,Justice Hill,RB,9.139999389648395
2024010600,3691,53560,Tylan Wallace,WR,15.850003662109401
2024010601,112,52442,Michael Pittman,WR,11.230001525878897
2024010601,142,52442,Michael Pittman,WR,12.1599995422363
2024010601,167,52442,Michael Pittman,WR,6.110000305175802
2024010601,302,54798,Tyler Goodson,RB,24.970002136229994
2024010601,403,53518,Nico Collins,WR,58.729998779296906
2024010601,474,54518,Alec Pierce,WR,11.2199993896484
2024010601,641,53518,Nico Collins,WR,10.630003051757797
2024010601,759,54518,Alec Pierce,WR,13.580001220703096
2024010601,782,56027,Will Mallory,TE,13.550001220703095
2024010601,875,46206,Dalton Schultz,TE,38.3299990844727
2024010601,898,53518,Nico Collins,WR,13.450000915527298
2024010601,991,53518,Nico Collins,WR,11.1999983215332
2024010601,1255,54509,John Metchie III,WR,5.459998321533206
2024010601,1280,46206,Dalton Schultz,TE,13.130000305175805
2024010601,1305,46206,Dalton Schultz,TE,22.799998626708998
2024010601,1350,56070,Xavier Hutchinson,WR,10.609998474121099
2024010601,1418,44792,Mo Alie-Cox,TE,25.480003662109397
2024010601,1555,44987,Eric Saubert,TE,11.720001220703097
2024010601,1702,48096,Andrew Beck,FB,17.700002441406
2024010601,1950,44792,Mo Alie-Cox,TE,45.3599996185303
2024010601,2237,53518,Nico Collins,WR,32.019999237060496
2024010601,2437,53556,Kylen Granson,TE,29.069998168945304
2024010601,2566,56070,Xavier Hutchinson,WR,40.959999389648395
2024010601,2866,56070,Xavier Hutchinson,WR,27.340000305175792
2024010601,2950,44792,Mo Alie-Cox,TE,10.069999999999993
2024010601,2997,52442,Michael Pittman,WR,18.460000457763698
2024010601,3207,44792,Mo Alie-Cox,TE,10.129999694824207
2024010601,3282,48096,Andrew Beck,FB,8.010003356933595
2024010601,3349,46206,Dalton Schultz,TE,11.8199963378906
2024010601,3374,46206,Dalton Schultz,TE,9.6400006103516
2024010601,3432,46206,Dalton Schultz,TE,12.48000061035161
2024010601,3457,53518,Nico Collins,WR,29.229998626709005
2024010601,3576,53518,Nico Collins,WR,28.999999389648398
2024010601,3697,55944,Josh Downs,WR,11.16
2024010601,3744,55944,Josh Downs,WR,10.229996337890597
2024010700,85,44947,Jamaal Williams,RB,9.450001220703093
2024010700,212,55872,Bijan Robinson,RB,4.819997558593812
2024010700,247,47991,Scott Miller,WR,28.19999984741211
2024010700,272,54473,Drake London,WR,12.4299996185303
2024010700,476,55133,Rashid Shaheed,WR,26.220001831054702
2024010700,578,45244,Taysom Hill,QB,8.419996337890595
2024010700,603,56060,A.T. Perry,WR,24.099999999999994
2024010700,689,55872,Bijan Robinson,RB,12.579997558593803
2024010700,814,44947,Jamaal Williams,RB,10.830001525878899
2024010700,846,55133,Rashid Shaheed,WR,10.189999694824195
2024010700,869,54476,Chris Olave,WR,23.4400018310547
2024010700,916,45244,Taysom Hill,QB,12.720001831054702
2024010700,983,56368,Jordan Mims,RB,11.659998321533202
2024010700,1040,45244,Taysom Hill,QB,12.569999542236303
2024010700,1066,52942,Juwan Johnson,TE,11.270000305175802
2024010700,1320,55872,Bijan Robinson,RB,5.8700002288818
2024010700,1345,44912,Jonnu Smith,TE,7.580000305175798
2024010700,1448,54476,Chris Olave,WR,12.040002136230498
2024010700,1495,55936,Kendre Miller,RB,9.280000762939501
2024010700,1707,52942,Juwan Johnson,TE,11.6599995422363
2024010700,1813,55133,Rashid Shaheed,WR,13.5500001525879
2024010700,1933,52465,Van Jefferson,WR,17.679999084472698
2024010700,1981,53433,Kyle Pitts,TE,26.8299984741211
2024010700,2011,55872,Bijan Robinson,RB,7.830001831054702
2024010700,2041,54473,Drake London,WR,32.57999755859381
2024010700,2073,42486,MyCole Pruitt,TE,13.740003662109402
2024010700,2110,55872,Bijan Robinson,RB,10.300001525878912
2024010700,2140,52465,Van Jefferson,WR,12.150002746582004
2024010700,2165,55872,Bijan Robinson,RB,5.6100015258789
2024010700,2202,52465,Van Jefferson,WR,11.330001525878913
2024010700,2340,53433,Kyle Pitts,TE,20.0600003051758
2024010700,2396,54476,Chris Olave,WR,31.389999618530304
2024010700,2516,54473,Drake London,WR,35.369997863769505
2024010700,2608,52942,Juwan Johnson,TE,10.4199969482422
2024010700,2660,55133,Rashid Shaheed,WR,52.920000019073484
2024010700,2724,54473,Drake London,WR,10.589998779296902
2024010700,2793,54473,Drake London,WR,12.889998931884804
2024010700,2816,54473,Drake London,WR,29.429998779296902
2024010700,2873,44912,Jonnu Smith,TE,11.039998779296909
2024010700,2929,54616,Tyler Allgeier,RB,5.94999725341799
2024010700,3073,55872,Bijan Robinson,RB,8.879998779296997
2024010700,3148,56060,A.T. Perry,WR,33.6100030517578
2024010700,3222,47920,Foster Moreau,TE,9.219996948242205
2024010700,3434,53433,Kyle Pitts,TE,12.2000012207031
2024010700,3578,56060,A.T. Perry,WR,15.160003356934013
2024010700,3687,54473,Drake London,WR,10.8799975585938
2024010700,3770,44947,Jamaal Williams,RB,6.749999465942402
2024010700,4124,54678,John FitzPatrick,TE,8.899998474121091
2024010700,4183,54616,Tyler Allgeier,RB,5.149999847412104
2024010700,4208,46992,KhaDarel Hodge,WR,14.219998474121098
2024010701,107,55939,Cedric Tillman,WR,31.339999694824193
2024010701,183,53434,Ja'Marr Chase,WR,10.540003051757793
2024010701,206,43344,Tyler Boyd,WR,21.680002746582005
2024010701,233,54564,David Bell,WR,8.539998779296909
2024010701,275,52609,James Proche,WR,9.130001831054699
2024010701,395,55996,Charlie Jones,WR,33.2400018310547
2024010701,420,53434,Ja'Marr Chase,WR,13.439998168945294
2024010701,711,56071,Andrei Iosivas,WR,11.190000610351603
2024010701,765,56071,Andrei Iosivas,WR,17.929999084472698
2024010701,795,44860,Joe Mixon,RB,6.850002746582007
2024010701,926,55939,Cedric Tillman,WR,35.1100016784668
2024010701,1000,55996,Charlie Jones,WR,8.1900003051758
2024010701,1078,47835,Drew Sample,TE,5.380001831054699
2024010701,1215,56071,Andrei Iosivas,WR,16.1599998664856
2024010701,1280,55939,Cedric Tillman,WR,22.689999237060498
2024010701,1354,52609,James Proche,WR,35.820000610351606
2024010701,1397,53434,Ja'Marr Chase,WR,10.090003051758003
2024010701,1548,43344,Tyler Boyd,WR,10.670000610351607
2024010701,1678,56071,Andrei Iosivas,WR,17.380000000000003
2024010701,1726,53434,Ja'Marr Chase,WR,3.5300013732910003
2024010701,1925,46167,Jordan Akins,TE,9.7100021362305
2024010701,1955,46167,Jordan Akins,TE,11.459997558593805
2024010701,2023,53434,Ja'Marr Chase,WR,5.269997558593801
2024010701,2171,55939,Cedric Tillman,WR,8.11
2024010701,2357,48471,Trenton Irwin,WR,15.670000915527297
2024010701,2382,56071,Andrei Iosivas,WR,10.0500003051758
2024010701,2476,47835,Drew Sample,TE,4.669998168945298
2024010701,2533,48471,Trenton Irwin,WR,24.450000305175802
2024010701,2580,56071,Andrei Iosivas,WR,20.93000022888184
2024010701,2667,54564,David Bell,WR,19.9000015258789
2024010701,2692,54592,Pierre Strong,RB,24.790000457763703
2024010701,2876,46797,Tanner Hudson,TE,7.090001525878904
2024010701,2921,46167,Jordan Akins,TE,10.490001678466797
2024010701,3033,44898,Kareem Hunt,RB,6.6700006103516
2024010701,3112,55996,Charlie Jones,WR,9.740000381469702
2024010701,3177,55939,Cedric Tillman,WR,24.440001220703095
2024010701,3256,54621,Jerome Ford,RB,12.82
2024010701,3282,54564,David Bell,WR,43.389999809265134
2024010701,3440,54621,Jerome Ford,RB,6.410003662109403
2024010701,3487,46167,Jordan Akins,TE,16.509998779296907
2024010701,3588,46167,Jordan Akins,TE,9.410000762939504
2024010701,3611,54621,Jerome Ford,RB,6.709998779296903
2024010701,3636,54564,David Bell,WR,26.8600003433228
2024010702,77,44835,Evan Engram,TE,9.340000000000003
2024010702,204,46095,Calvin Ridley,WR,22.4400016784668
2024010702,372,39973,DeAndre Hopkins,WR,12.100001678466796
2024010702,623,44835,Evan Engram,TE,10.050002441406193
2024010702,648,44835,Evan Engram,TE,12.4199969482422
2024010702,673,44849,Zay Jones,WR,22.7499984741211
2024010702,767,46446,Kevin Rader,TE,11.320000610351599
2024010702,945,53707,Tim Jones,WR,7.890003662109407
2024010702,1011,46095,Calvin Ridley,WR,11.519998168945293
2024010702,1100,44849,Zay Jones,WR,19.319999542236303
2024010702,1213,39973,DeAndre Hopkins,WR,17.809996337890595
2024010702,1260,39973,DeAndre Hopkins,WR,36.0600007629395
2024010702,1327,46446,Kevin Rader,TE,30.0600001144409
2024010702,1350,43396,Chris Moore,WR,12.199999313354496
2024010702,1528,44835,Evan Engram,TE,11.130001678466797
2024010702,1679,39973,DeAndre Hopkins,WR,11.8700003051758
2024010702,1704,54608,Chig Okonkwo,TE,5.670000610351604
2024010702,1832,46095,Calvin Ridley,WR,18.19
2024010702,1942,44849,Zay Jones,WR,15.330001220703096
2024010702,1967,44849,Zay Jones,WR,20.830002746582004
2024010702,1999,39973,DeAndre Hopkins,WR,11.280003356933591
2024010702,2027,55946,Tyjae Spears,RB,8.830001831054702
2024010702,2052,43396,Chris Moore,WR,11.249999542236296
2024010702,2102,54628,Kyle Philips,WR,34.0
2024010702,2159,53454,Travis Etienne,RB,10.019996643066406
2024010702,2184,44835,Evan Engram,TE,9.749996337890593
2024010702,2389,39973,DeAndre Hopkins,WR,16.840000915527
2024010702,2462,44835,Evan Engram,TE,5.019999084472701
2024010702,2492,53454,Travis Etienne,RB,5.110000915527294
2024010702,2522,56050,Parker Washington,WR,19.029998168945298
2024010702,2623,44849,Zay Jones,WR,12.140000152587895
2024010702,2646,46095,Calvin Ridley,WR,20.8800006103516
2024010702,2703,44835,Evan Engram,TE,11.829999542236301
2024010702,2748,44835,Evan Engram,TE,11.740000915527304
2024010702,2773,44849,Zay Jones,WR,9.9899996948242
2024010702,2873,43396,Chris Moore,WR,9.3899998474121
2024010702,2956,44835,Evan Engram,TE,12.380000915527305
2024010702,3058,53454,Travis Etienne,RB,7.149999847412104
2024010702,3083,46095,Calvin Ridley,WR,12.659999694824204
2024010702,3185,44835,Evan Engram,TE,23.599998168945007
2024010702,3242,55946,Tyjae Spears,RB,1.6299984741210949
2024010702,3294,54628,Kyle Philips,WR,17.540002441406187
2024010702,3354,39973,DeAndre Hopkins,WR,23.31999877929691
2024010702,3408,53454,Travis Etienne,RB,4.349998474121094
2024010702,3502,44849,Zay Jones,WR,8.020001220703094
2024010702,3534,44849,Zay Jones,WR,10.559996948242201
2024010702,3581,46095,Calvin Ridley,WR,19.780002136229996
2024010702,3604,44849,Zay Jones,WR,9.58999847412099
2024010702,3732,43396,Chris Moore,WR,16.14999847412109
2024010702,3960,46095,Calvin Ridley,WR,51.81999755859381
2024010702,3990,53707,Tim Jones,WR,18.229999999999997
2024010702,4013,44835,Evan Engram,TE,19.3200007629395
2024010703,104,55899,Sam LaPorta,TE,9.4899996948242
2024010703,147,47852,Josh Oliver,TE,6.379998779296997
2024010703,267,52584,K.J. Osborn,WR,10.219998168945295
2024010703,341,53541,Amon-Ra St. Brown,WR,29.249997253417995
2024010703,427,55899,Sam LaPorta,TE,11.710003662109003
2024010703,544,47885,Alexander Mattison,RB,7.730000000000004
2024010703,624,53541,Amon-Ra St. Brown,WR,12.4199998474121
2024010703,654,55899,Sam LaPorta,TE,10.3700016784668
2024010703,701,55899,Sam LaPorta,TE,10.879998779296905
2024010703,937,45094,Johnny Mundt,TE,32.52999908447269
2024010703,1052,52430,Justin Jefferson,WR,10.0099993896484
2024010703,1110,55887,Jordan Addison,WR,45.83000213623
2024010703,1186,52430,Justin Jefferson,WR,24.91000152587891
2024010703,1395,55899,Sam LaPorta,TE,9.529997558593806
2024010703,1442,53541,Amon-Ra St. Brown,WR,31.119999694824195
2024010703,1465,55899,Sam LaPorta,TE,11.399998474121091
2024010703,1549,47852,Josh Oliver,TE,8.879999999999999
2024010703,1609,55887,Jordan Addison,WR,12.830000305175801
2024010703,1661,52430,Justin Jefferson,WR,28.31
2024010703,1684,52430,Justin Jefferson,WR,13.8700018310547
2024010703,1735,55876,Jahmyr Gibbs,RB,12.320001220703091
2024010703,1787,55899,Sam LaPorta,TE,11.079997863769506
2024010703,1862,53541,Amon-Ra St. Brown,WR,9.559998474121087
2024010703,1958,52430,Justin Jefferson,WR,29.8000004577637
2024010703,1988,52430,Justin Jefferson,WR,22.129999694824207
2024010703,2013,54634,Ty Chandler,RB,7.6500033569335955
2024010703,2063,52430,Justin Jefferson,WR,26.670002136230494
2024010703,2093,45094,Johnny Mundt,TE,12.530000915527296
2024010703,2211,52430,Justin Jefferson,WR,12.040001678466798
2024010703,2236,55887,Jordan Addison,WR,9.400001831054702
2024010703,2333,46830,Brandon Powell,WR,15.259999084472696
2024010703,2356,46830,Brandon Powell,WR,9.88000152587891
2024010703,2381,53541,Amon-Ra St. Brown,WR,17.1599990844727
2024010703,2415,53541,Amon-Ra St. Brown,WR,56.4799996948242
2024010703,2460,52595,Donovan Peoples-Jones,WR,10.859998779296902
2024010703,2515,45721,Dan Skipper,T,6.479998321533202
2024010703,2601,44930,Josh Reynolds,WR,22.01999982833862
2024010703,2856,53541,Amon-Ra St. Brown,WR,13.800001220703095
2024010703,2897,54692,Nick Muse,TE,18.270000305175802
2024010703,2973,45094,Johnny Mundt,TE,8.489998779296904
2024010703,2998,52430,Justin Jefferson,WR,18.309999694824207
2024010703,3033,52430,Justin Jefferson,WR,45.759998168945
2024010703,3132,53541,Amon-Ra St. Brown,WR,39.7999975585938
2024010703,3213,52430,Justin Jefferson,WR,32.900000610351604
2024010703,3238,55887,Jordan Addison,WR,47.5499996185303
2024010703,3383,44930,Josh Reynolds,WR,22.490000000000002
2024010703,3454,54642,James Mitchell,TE,17.620002746582003
2024010703,3479,44930,Josh Reynolds,WR,35.419999694824
2024010703,3664,45094,Johnny Mundt,TE,7.609998779296902
2024010703,3733,45094,Johnny Mundt,TE,10.169996643066412
2024010703,3778,45094,Johnny Mundt,TE,15.589998474121096
2024010703,3868,52430,Justin Jefferson,WR,20.069998779296903
2024010703,3893,52584,K.J. Osborn,WR,11.149999694824196
2024010703,3916,46830,Brandon Powell,WR,11.729999389648402
2024010703,4084,55887,Jordan Addison,WR,11.88000244140619
2024010703,4109,55887,Jordan Addison,WR,29.6800009155273
2024010703,4132,55887,Jordan Addison,WR,33.14000335693359
2024010704,100,43293,Ezekiel Elliott,RB,21.729999237060497
2024010704,149,54475,Garrett Wilson,WR,29.90999633789059
2024010704,393,56252,Xavier Gipson,WR,34.0500018310547
2024010704,487,56075,DeMario Douglas,WR,12.5799999237061
2024010704,710,46226,Tyler Conklin,TE,11.52
2024010704,742,46226,Tyler Conklin,TE,17.58000011444092
2024010704,808,42357,DeVante Parker,WR,9.350000610351596
2024010704,833,42357,DeVante Parker,WR,38.020002746582
2024010704,965,56252,Xavier Gipson,WR,21.5399981689453
2024010704,1079,46111,Mike Gesicki,TE,10.6600003051758
2024010704,1104,52429,Jalen Reagor,WR,37.3100006103516
2024010704,1212,54648,Kevin Harris,RB,4.7499996185303
2024010704,1242,46111,Mike Gesicki,TE,23.069999904632567
2024010704,1354,54475,Garrett Wilson,WR,23.210000305175804
2024010704,1455,56248,Jason Brownlee,WR,24.080003051758
2024010704,1478,54475,Garrett Wilson,WR,14.3699966430664
2024010704,1593,45339,Pharaoh Brown,TE,13.180003356933597
2024010704,1678,54475,Garrett Wilson,WR,1.4500001525878972
2024010704,1711,46226,Tyler Conklin,TE,7.759999237060498
2024010704,1870,56252,Xavier Gipson,WR,31.379999084473
2024010704,1921,52429,Jalen Reagor,WR,35.3099995422363
2024010704,1944,42357,DeVante Parker,WR,35.3899989318848
2024010704,2224,46111,Mike Gesicki,TE,23.430001831054696
2024010704,2385,54475,Garrett Wilson,WR,12.950000762939503
2024010704,2427,56075,DeMario Douglas,WR,7.05000274658201
2024010704,2481,56075,DeMario Douglas,WR,26.570000305175803
2024010704,2504,56075,DeMario Douglas,WR,9.6799963378906
2024010704,2821,42357,DeVante Parker,WR,25.060000000000002
2024010704,3009,52429,Jalen Reagor,WR,21.929999084472698
2024010704,3081,45339,Pharaoh Brown,TE,20.219999694824203
2024010704,3155,56252,Xavier Gipson,WR,3.5799983215332034
2024010704,3185,54501,Breece Hall,RB,9.270000610351595
2024010704,3374,45339,Pharaoh Brown,TE,6.879998626709
2024010704,3564,52429,Jalen Reagor,WR,38.450001373291
2024010704,3632,56075,DeMario Douglas,WR,13.780001525878902
2024010704,3768,43293,Ezekiel Elliott,RB,8.460001373291
2024010704,3793,43293,Ezekiel Elliott,RB,6.859999542236302
2024010704,3838,43293,Ezekiel Elliott,RB,6.750001220703098
2024010704,3870,52429,Jalen Reagor,WR,27.540001831054703
2024010705,55,41233,Mike Evans,WR,8.980000152587898
2024010705,80,41233,Mike Evans,WR,13.920001068115198
2024010705,130,56056,Trey Palmer,WR,19.970002136230498
2024010705,153,54571,Cade Otton,TE,11.519999847412102
2024010705,200,54571,Cade Otton,TE,10.220000305175795
2024010705,223,41233,Mike Evans,WR,30.620003662109404
2024010705,328,52659,Stephen Sullivan,TE,11.129998779296898
2024010705,418,54556,Rachaad White,RB,4.6400006866455
2024010705,494,54556,Rachaad White,RB,12.479998474121103
2024010705,519,41233,Mike Evans,WR,47.830001220703096
2024010705,560,53555,Chuba Hubbard,RB,4.470001831054702
2024010705,789,56056,Trey Palmer,WR,43.18999664306641
2024010705,812,56056,Trey Palmer,WR,9.2099998474121
2024010705,995,53512,Tommy Tremble,TE,10.679999389648401
2024010705,1042,46130,D.J. Chark,WR,25.630000915527305
2024010705,1115,56056,Trey Palmer,WR,10.349996948242207
2024010705,1215,40488,Adam Thielen,WR,11.769999542236299
2024010705,1385,54571,Cade Otton,TE,7.399999542236301
2024010705,1462,44896,Chris Godwin Jr.,WR,11.809999313354503
2024010705,1561,53586,Ihmir Smith-Marsette,WR,6.029999465942399
2024010705,1596,46170,Ian Thomas,TE,7.619999618530297
2024010705,1683,41233,Mike Evans,WR,19.620003356933594
2024010705,1715,56056,Trey Palmer,WR,21.069999999999993
2024010705,1816,46130,D.J. Chark,WR,13.470000152587897
2024010705,1859,44896,Chris Godwin Jr.,WR,13.730000915527299
2024010705,1884,54556,Rachaad White,RB,4.310001068115206
2024010705,1936,45039,David Moore,WR,6.789999237060499
2024010705,1973,54556,Rachaad White,RB,8.0899995422363
2024010705,2027,44896,Chris Godwin Jr.,WR,11.969999847412105
2024010705,2346,46170,Ian Thomas,TE,34.1599996948242
2024010705,2440,44896,Chris Godwin Jr.,WR,10.1300001525879
2024010705,2587,40488,Adam Thielen,WR,7.7199993896484
2024010705,2612,53586,Ihmir Smith-Marsette,WR,11.840000000000003
2024010705,2709,40488,Adam Thielen,WR,14.159998474121103
2024010705,2874,44896,Chris Godwin Jr.,WR,9.2499984741211
2024010705,2975,41233,Mike Evans,WR,5.9399998474121
2024010705,3000,56056,Trey Palmer,WR,15.0699996948242
2024010705,3130,53488,Terrace Marshall Jr.,WR,12.7200015258789
2024010705,3199,46130,D.J. Chark,WR,11.3199984741211
2024010705,3462,44896,Chris Godwin Jr.,WR,17.2000006103516
2024010706,84,52451,Cole Kmet,TE,12.849998779296897
2024010706,153,46093,DJ Moore,WR,18.150001373291005
2024010706,178,46276,Equanimeous St. Brown,WR,23.200000915527298
2024010706,338,56024,Dontayvion Wicks,WR,14.169998779296904
2024010706,361,44995,Aaron Jones,RB,10.510000610351597
2024010706,408,56024,Dontayvion Wicks,WR,27.480003356933594
2024010706,455,54694,Bo Melton,CB,12.740000915527304
2024010706,524,54597,Romeo Doubs,WR,21.31000030517599
2024010706,588,55998,Tyler Scott,WR,18.6500036621094
2024010706,625,46093,DJ Moore,WR,11.450001831054706
2024010706,783,55915,Jayden Reed,WR,24.739998779296897
2024010706,902,54694,Bo Melton,CB,18.0800010681152
2024010706,956,56220,Malik Heath,WR,9.569999923706103
2024010706,1103,55998,Tyler Scott,WR,19.360001831054703
2024010706,1214,46093,DJ Moore,WR,13.2300010681152
2024010706,1261,52451,Cole Kmet,TE,10.2799984741211
2024010706,1356,54694,Bo Melton,CB,17.09999938964839
2024010706,1381,44995,Aaron Jones,RB,9.579999694824203
2024010706,1406,55943,Tucker Kraft,TE,10.3500012207031
2024010706,1438,54694,Bo Melton,CB,17.539999542236302
2024010706,1461,55943,Tucker Kraft,TE,10.899998626709
2024010706,1486,56220,Malik Heath,WR,34.189999809265146
2024010706,1516,56024,Dontayvion Wicks,WR,9.860000610351602
2024010706,1629,54694,Bo Melton,CB,26.0199998474121
2024010706,1713,56220,Malik Heath,WR,9.150002746582004
2024010706,1782,56024,Dontayvion Wicks,WR,11.419999389647998
2024010706,2062,55915,Jayden Reed,WR,13.050000457763701
2024010706,2141,54694,Bo Melton,CB,9.079998626709
2024010706,2285,46093,DJ Moore,WR,13.200000762939503
2024010706,2310,52451,Cole Kmet,TE,28.4199969482422
2024010706,2375,45635,Robert Tonyan,TE,23.53
2024010706,2420,52451,Cole Kmet,TE,19.29000122070299
2024010706,2504,55915,Jayden Reed,WR,24.180001525878907
2024010706,2586,54694,Bo Melton,CB,19.68000015258789
2024010706,2724,53646,Khalil Herbert,RB,9.290000610351598
2024010706,2992,55907,Luke Musgrave,TE,11.979998779297006
2024010706,3017,55915,Jayden Reed,WR,18.160003051757798
2024010706,3086,44995,Aaron Jones,RB,7.290003051757793
2024010706,3147,55943,Tucker Kraft,TE,12.090001525878897
2024010707,121,47859,Terry McLaurin,WR,24.469997558593803
2024010707,155,54563,Brian Robinson,RB,9.019999542236299
2024010707,185,47859,Terry McLaurin,WR,2.959999389648388
2024010707,215,52474,Antonio Gibson,RB,9.719996643066409
2024010707,287,41246,Brandin Cooks,WR,22.099999999999994
2024010707,341,52425,CeeDee Lamb,WR,12.950001525878896
2024010707,371,52425,CeeDee Lamb,WR,10.020000915527298
2024010707,443,47911,Tony Pollard,RB,16.5300003051758
2024010707,468,54553,Jalen Tolbert,WR,19.29999994277954
2024010707,643,54594,Jake Ferguson,TE,10.819999465942399
2024010707,690,46150,Michael Gallup,WR,30.220000019073492
2024010707,800,54481,Jahan Dotson,WR,30.159999999999997
2024010707,968,54563,Brian Robinson,RB,6.970000228881801
2024010707,1098,41246,Brandin Cooks,WR,12.330000762939505
2024010707,1123,54594,Jake Ferguson,TE,10.399998168945295
2024010707,1153,47911,Tony Pollard,RB,9.739996643066405
2024010707,1205,53553,John Bates,TE,39.8699981689453
2024010707,1240,41349,Logan Thomas,TE,16.480000457763694
2024010707,1336,44852,Curtis Samuel,WR,6.460000305175804
2024010707,1361,44852,Curtis Samuel,WR,25.83000019073486
2024010707,1544,52425,CeeDee Lamb,WR,9.489999237060495
2024010707,1584,54594,Jake Ferguson,TE,8.0600004577637
2024010707,1773,44852,Curtis Samuel,WR,11.180000610351598
2024010707,1827,54481,Jahan Dotson,WR,9.159998474121096
2024010707,1876,47859,Terry McLaurin,WR,21.760000457763695
2024010707,1916,41349,Logan Thomas,TE,9.160001525878904
2024010707,1996,53041,Rico Dowdle,RB,7.319999847412099
2024010707,2026,53041,Rico Dowdle,RB,7.200000610351601
2024010707,2051,52425,CeeDee Lamb,WR,18.9199996948242
2024010707,2081,52425,CeeDee Lamb,WR,10.779998779296903
2024010707,2106,41246,Brandin Cooks,WR,10.39000366210901
2024010707,2131,52425,CeeDee Lamb,WR,10.39999755859401
2024010707,2271,52425,CeeDee Lamb,WR,20.369999694824198
2024010707,2323,52425,CeeDee Lamb,WR,10.8900007629395
2024010707,2395,52425,CeeDee Lamb,WR,8.3700016784668
2024010707,2464,54594,Jake Ferguson,TE,10.160000610351602
2024010707,2511,52425,CeeDee Lamb,WR,6.270002136230005
2024010707,2536,52425,CeeDee Lamb,WR,20.889999389647997
2024010707,2737,54594,Jake Ferguson,TE,9.340000305175792
2024010707,2832,41246,Brandin Cooks,WR,22.439998779297
2024010707,2908,47859,Terry McLaurin,WR,4.850002136230501
2024010707,2933,52474,Antonio Gibson,RB,7.709999084472699
2024010707,2985,52474,Antonio Gibson,RB,6.869999694824202
2024010707,3010,47859,Terry McLaurin,WR,44.0399992370605
2024010707,3108,41246,Brandin Cooks,WR,10.220000915527308
2024010707,3155,54594,Jake Ferguson,TE,15.090002136230495
2024010707,3236,52425,CeeDee Lamb,WR,12.0800009155273
2024010707,3283,53041,Rico Dowdle,RB,4.719998474121098
2024010707,3313,41246,Brandin Cooks,WR,9.4700008392334
2024010707,3360,41246,Brandin Cooks,WR,26.539999961853027
2024010707,3597,54553,Jalen Tolbert,WR,12.2299981689453
2024010707,3622,55157,Peyton Hendershot,TE,7.969998779296901
2024010707,3669,56109,Jalen Brooks,WR,2.2800001525878955
2024010707,3701,54553,Jalen Tolbert,WR,32.6000003051758
2024010708,63,53464,Javonte Williams,RB,3.4799987792969063
2024010708,110,46109,Courtland Sutton,WR,25.26000061035161
2024010708,174,41282,Davante Adams,WR,8.280000381469701
2024010708,197,41282,Davante Adams,WR,12.979999084472698
2024010708,292,53464,Javonte Williams,RB,5.339999694824201
2024010708,317,46109,Courtland Sutton,WR,15.589996337890597
2024010708,340,48541,Lil'Jordan Humphrey,WR,10.629998168945292
2024010708,440,54587,Zamir White,RB,9.670001068115198
2024010708,578,55965,Tre Tucker,WR,17.589998779296906
2024010708,603,55965,Tre Tucker,WR,16.7900036621094
2024010708,672,43370,Austin Hooper,TE,13.349999694824007
2024010708,782,54967,Brandon Johnson,WR,27.539999694824203
2024010708,835,53464,Javonte Williams,RB,12.710000152587902
2024010708,902,53464,Javonte Williams,RB,10.339996948242202
2024010708,949,52423,Jerry Jeudy,WR,11.470001831054702
2024010708,974,46109,Courtland Sutton,WR,8.900000000000006
2024010708,1019,52423,Jerry Jeudy,WR,12.290002136230498
2024010708,1085,41282,Davante Adams,WR,4.020001220703094
2024010708,1154,55965,Tre Tucker,WR,18.1699996948242
2024010708,1179,54587,Zamir White,RB,9.449999847412101
2024010708,1479,53464,Javonte Williams,RB,4.029998779296903
2024010708,1602,48097,Jakobi Meyers,WR,25.879999999999995
2024010708,1717,44927,Samaje Perine,RB,9.550000762939504
2024010708,1765,46109,Courtland Sutton,WR,23.840000152587898
2024010708,1893,41282,Davante Adams,WR,18.059996337890595
2024010708,1925,43370,Austin Hooper,TE,12.310002746582
2024010708,1950,48097,Jakobi Meyers,WR,21.809998779296905
2024010708,1973,55965,Tre Tucker,WR,49.8399989318848
2024010708,1998,41282,Davante Adams,WR,18.500000381469697
2024010708,2028,42397,Ameer Abdullah,RB,7.870000000000001
2024010708,2053,43370,Austin Hooper,TE,11.749999923706103
2024010708,2108,41282,Davante Adams,WR,19.41999988555908
2024010708,2326,53464,Javonte Williams,RB,9.439999694824198
2024010708,2499,43370,Austin Hooper,TE,18.890002746582
2024010708,2659,52513,Adam Trautman,TE,15.679999847412102
2024010708,2684,53464,Javonte Williams,RB,8.8399989318848
2024010708,2731,54967,Brandon Johnson,WR,11.859996948242198
2024010708,2756,55127,Lucas Krull,TE,49.219998779297
2024010708,2785,53464,Javonte Williams,RB,10.1899987792969
2024010708,2810,52423,Jerry Jeudy,WR,28.139999389648395
2024010708,2951,48097,Jakobi Meyers,WR,20.7300001525879
2024010708,2996,48097,Jakobi Meyers,WR,32.06000213623
2024010708,3055,54967,Brandon Johnson,WR,18.530003051757802
2024010708,3126,52423,Jerry Jeudy,WR,32.0400009155273
2024010708,3151,53464,Javonte Williams,RB,4.3500002288818
2024010708,3324,55965,Tre Tucker,WR,10.030001525878898
2024010708,3349,41282,Davante Adams,WR,10.5699995422363
2024010708,3418,48097,Jakobi Meyers,WR,14.060000762939502
2024010708,3465,43370,Austin Hooper,TE,10.849999389648403
2024010708,3619,41282,Davante Adams,WR,16.39000366210901
2024010708,3687,44927,Samaje Perine,RB,4.8100027465820006
2024010708,3717,52423,Jerry Jeudy,WR,42.640000915527295
2024010708,3765,54967,Brandon Johnson,WR,25.500003662109407
2024010708,3797,44927,Samaje Perine,RB,8.1600003051758
2024010709,100,42460,Blake Bell,TE,17.0699998474121
2024010709,143,44856,Gerald Everett,TE,10.98000061035161
2024010709,242,53506,Josh Palmer,WR,53.9799999237061
2024010709,265,48228,Keelan Doss,WR,12.550000610351603
2024010709,412,55885,Quentin Johnston,WR,5.809998474121102
2024010709,437,53506,Josh Palmer,WR,12.419999237060495
2024010709,484,53506,Josh Palmer,WR,23.9500002670288
2024010709,507,53506,Josh Palmer,WR,12.420000534057596
2024010709,701,53506,Josh Palmer,WR,16.849998626708995
2024010709,726,55885,Quentin Johnston,WR,29.070001068115197
2024010709,804,54885,Justyn Ross,WR,12.139998626709001
2024010709,1085,47839,Mecole Hardman,WR,11.700000610351609
2024010709,1168,52528,La'Mical Perine,RB,6.490000305175798
2024010709,1236,53506,Josh Palmer,WR,8.939998779296904
2024010709,1334,42460,Blake Bell,TE,7.4600006103515994
2024010709,1366,47839,Mecole Hardman,WR,12.339998474121089
2024010709,1418,54885,Justyn Ross,WR,36.400001373291005
2024010709,1463,53591,Noah Gray,TE,10.3600007629395
2024010709,1523,47839,Mecole Hardman,WR,24.410000610351595
2024010709,1592,52440,Clyde Edwards-Helaire,RB,0.8100006866455018
2024010709,1729,48456,Donald Parham,TE,11.6699990844727
2024010709,1752,55061,Stone Smartt,TE,30.4300009155273
2024010709,1775,55061,Stone Smartt,TE,16.999998168945297
2024010709,1877,54885,Justyn Ross,WR,11.799997558593802
2024010709,1914,47839,Mecole Hardman,WR,13.01000061035161
2024010709,1944,52528,La'Mical Perine,RB,10.269999237060496
2024010709,1970,53591,Noah Gray,TE,10.859998321533197
2024010709,2000,47839,Mecole Hardman,WR,45.5699994659424
2024010709,2027,53506,Josh Palmer,WR,21.4200004577637
2024010709,2052,43663,Alex Erickson,WR,10.559999542236298
2024010709,2075,45573,Austin Ekeler,RB,6.030000457763702
2024010709,2156,43663,Alex Erickson,WR,10.340001525878904
2024010709,2188,55885,Quentin Johnston,WR,10.840000915527298
2024010709,2220,48456,Donald Parham,TE,13.689999389648392
2024010709,2255,48228,Keelan Doss,WR,29.310002136229997
2024010709,2500,52528,La'Mical Perine,RB,10.389998321533202
2024010709,2603,46309,Richie James,WR,17.670001373291
2024010709,2704,43663,Alex Erickson,WR,12.869998168945301
2024010709,2729,55061,Stone Smartt,TE,10.320001220703091
2024010709,2826,48456,Donald Parham,TE,8.830000457763703
2024010709,3149,48456,Donald Parham,TE,13.97999847412109
2024010709,3245,45573,Austin Ekeler,RB,6.130001678466797
2024010709,3443,46213,Justin Watson,WR,11.070002746582006
2024010709,3466,52528,La'Mical Perine,RB,6.759999389648399
2024010709,3516,45573,Austin Ekeler,RB,4.33
2024010709,3573,48456,Donald Parham,TE,19.5999989318848
2024010709,3598,55885,Quentin Johnston,WR,33.4500015258789
2024010709,3621,45573,Austin Ekeler,RB,6.0199981689453
2024010709,3646,45573,Austin Ekeler,RB,7.579998474121098
2024010709,3719,43663,Alex Erickson,WR,0.7000036621094097
2024010709,3757,48456,Donald Parham,TE,1.2899993896484006
2024010709,3789,45573,Austin Ekeler,RB,10.180003356933597
2024010709,3902,48228,Keelan Doss,WR,4.929998474120993
2024010709,4262,55990,Derius Davis,WR,11.490000839233398
2024010709,4330,55885,Quentin Johnston,WR,22.499998931884804
2024010710,55,47819,Deebo Samuel Sr.,WR,10.779998168945298
2024010710,85,52598,Charlie Woerner,TE,15.679999389648401
2024010710,154,52433,Brandon Aiyuk,WR,12.719999389648393
2024010710,201,53623,Elijah Mitchell,RB,8.219999999999999
2024010710,248,52433,Brandon Aiyuk,WR,7.890003051757802
2024010710,401,56040,Davis Allen,TE,9.129996337890603
2024010710,431,56042,Puka Nacua,WR,14.059998168945299
2024010710,544,56040,Davis Allen,TE,11.399999237060499
2024010710,569,56042,Puka Nacua,WR,11.460000534057603
2024010710,614,56042,Puka Nacua,WR,27.32000007629395
2024010710,725,47819,Deebo Samuel Sr.,WR,11.0699999237061
2024010710,796,52433,Brandon Aiyuk,WR,21.029998626709002
2024010710,841,56118,Ronnie Bell,WR,18.689998474121104
2024010710,908,52433,Brandon Aiyuk,WR,12.020000762939503
2024010710,1319,56118,Ronnie Bell,WR,25.1600004577637
2024010710,1342,55113,Jordan Mason,RB,12.659998474121103
2024010710,1370,56118,Ronnie Bell,WR,19.980000686645504
2024010710,1426,56040,Davis Allen,TE,4.680000152587901
2024010710,1507,56040,Davis Allen,TE,5.880000610351601
2024010710,1532,56042,Puka Nacua,WR,12.9500010681152
2024010710,1596,52544,Brycen Hopkins,TE,27.330001525878906
2024010710,1674,46256,Ray-Ray McCloud,WR,11.379996337890603
2024010710,1733,53623,Elijah Mitchell,RB,7.6300009155273045
2024010710,1765,46256,Ray-Ray McCloud,WR,12.250001220703098
2024010710,1800,42419,Chris Conley,WR,26.279998474121108
2024010710,1882,56118,Ronnie Bell,WR,12.79
2024010710,1963,52544,Brycen Hopkins,TE,12.249999237060496
2024010710,2182,56042,Puka Nacua,WR,9.619999847412103
2024010710,2342,52569,Tyler Johnson,WR,7.6900033569335875
2024010710,2387,52544,Brycen Hopkins,TE,31.490001220702993
2024010710,2496,52569,Tyler Johnson,WR,22.640001831055002
2024010710,2653,42419,Chris Conley,WR,8.739998474121094
2024010710,2678,56118,Ronnie Bell,WR,35.08
2024010710,2749,52569,Tyler Johnson,WR,15.389999847412103
2024010710,2772,53678,Ben Skowronek,WR,24.100000305175804
2024010710,2817,46140,Royce Freeman,RB,5.790000610351612
2024010710,2981,53486,Tutu Atwell,WR,12.1499993896484
2024010710,3273,53486,Tutu Atwell,WR,9.309999618530298
2024010710,3357,46256,Ray-Ray McCloud,WR,38.709997558593805
2024010710,3653,42419,Chris Conley,WR,28.8399983215332
2024010710,3688,42419,Chris Conley,WR,25.3799990844727
2024010711,55,47954,Darius Slayton,WR,14.360003662109406
2024010711,124,55938,Jalin Hyatt,WR,53.90999954223631
2024010711,167,52608,Quez Watkins,WR,15.330001678466797
2024010711,315,54508,Wan'Dale Robinson,WR,10.640001831054704
2024010711,347,47954,Darius Slayton,WR,12.2499984741211
2024010711,372,52615,Isaiah Hodgins,WR,12.269999542236299
2024010711,397,47954,Darius Slayton,WR,10.359999771118197
2024010711,559,46118,Dallas Goedert,TE,10.990000610351597
2024010711,606,53579,Kenneth Gainwell,RB,10.670001831054705
2024010711,629,52608,Quez Watkins,WR,11.670001831054705
2024010711,698,47834,A.J. Brown,WR,10.880003051757797
2024010711,790,55938,Jalin Hyatt,WR,10.529997253418003
2024010711,839,37079,Julio Jones,WR,12.799999084472699
2024010711,994,52608,Quez Watkins,WR,42.309998474121095
2024010711,1041,52608,Quez Watkins,WR,20.720000610351597
2024010711,1089,46071,Saquon Barkley,RB,3.4699995422363017
2024010711,1191,54508,Wan'Dale Robinson,WR,9.489998474121094
2024010711,1245,42547,Darren Waller,TE,11.370002746582003
2024010711,1275,54508,Wan'Dale Robinson,WR,30.599998779296996
2024010711,1468,52615,Isaiah Hodgins,WR,12.690000762939505
2024010711,1537,42547,Darren Waller,TE,27.50999755859381
2024010711,1562,54508,Wan'Dale Robinson,WR,9.069998168945304
2024010711,1691,37079,Julio Jones,WR,11.090000305175792
2024010711,1742,54508,Wan'Dale Robinson,WR,8.840001678466798
2024010711,1789,46071,Saquon Barkley,RB,37.55
2024010711,1821,47954,Darius Slayton,WR,7.499999084472705
2024010711,1874,37079,Julio Jones,WR,16.479999084472695
2024010711,1919,37079,Julio Jones,WR,45.6799981689453
2024010711,1997,54508,Wan'Dale Robinson,WR,35.199998474121095
2024010711,2020,47954,Darius Slayton,WR,7.940001220703095
2024010711,2045,47954,Darius Slayton,WR,37.8299996948242
2024010711,2115,43329,Sterling Shepard,WR,14.130001831054997
2024010711,2251,48374,Olamide Zaccheaus,WR,5.510003051757792
2024010711,2276,52608,Quez Watkins,WR,11.050002136230503
2024010711,2396,48374,Olamide Zaccheaus,WR,27.7499996185303
2024010711,2580,47954,Darius Slayton,WR,13.629999237060495
2024010711,2697,56037,Eric Gray,RB,8.790001220703097
2024010711,2829,52608,Quez Watkins,WR,11.1399969482422
2024010711,2852,46270,Boston Scott,RB,32.92999938964841
2024010711,2875,53946,Jack Stoll,TE,11.0399978637695
2024010711,2905,52608,Quez Watkins,WR,13.339999237060503
2024010711,3022,54810,Britain Covey,WR,27.459999542236297
2024010711,3088,43329,Sterling Shepard,WR,12.629998931884803
2024010711,3159,42547,Darren Waller,TE,10.770003051757797
2024010711,3182,42547,Darren Waller,TE,11.800002136230503
2024010711,3277,52608,Quez Watkins,WR,14.66
2024010711,3302,54663,Grant Calcaterra,TE,9.2099984741211
2024010711,3327,52608,Quez Watkins,WR,15.779998168945298
2024010711,3352,54810,Britain Covey,WR,27.130000000000003
2024010711,3375,48374,Olamide Zaccheaus,WR,14.5300036621094
2024010711,3422,54810,Britain Covey,WR,22.580001220703096
2024010711,3447,52608,Quez Watkins,WR,24.939999084473
2024010711,3507,43329,Sterling Shepard,WR,3.440003051757799
2024010711,3554,52615,Isaiah Hodgins,WR,14.379996643066406
2024010711,3579,42547,Darren Waller,TE,8.680001678466795
2024010711,3626,42547,Darren Waller,TE,9.099999542236297
2024010711,3806,54810,Britain Covey,WR,13.250000915527302
2024010711,3981,54663,Grant Calcaterra,TE,11.709998321533206
2024010712,185,54520,Trey McBride,TE,34.34000053405761
2024010712,273,54520,Trey McBride,TE,20.7700018310547
2024010712,345,47847,DK Metcalf,WR,12.3500005340576
2024010712,402,56471,Jake Bobo,WR,9.119999237060497
2024010712,471,46189,Will Dissly,TE,22.00999847412109
2024010712,545,47847,DK Metcalf,WR,15.299998474120997
2024010712,655,48646,Greg Dortch,WR,10.390001525878901
2024010712,763,55884,Jaxon Smith-Njigba,WR,13.190000762939501
2024010712,834,47847,DK Metcalf,WR,11.530001525878902
2024010712,857,47847,DK Metcalf,WR,16.760001220703096
2024010712,920,53478,Rondale Moore,WR,5.440001831054701
2024010712,1271,42412,Tyler Lockett,WR,27.409999237060497
2024010712,1318,46189,Will Dissly,TE,16.260000152587903
2024010712,1382,55959,Michael Wilson,WR,10.110000762939503
2024010712,1407,53536,Michael Carter,RB,2.870000610351596
2024010712,1487,48646,Greg Dortch,WR,10.5500018310547
2024010712,1534,55959,Michael Wilson,WR,22.659999694824208
2024010712,1589,53536,Michael Carter,RB,12.669996948242002
2024010712,1824,55884,Jaxon Smith-Njigba,WR,8.529997253418003
2024010712,1890,52541,Colby Parkinson,TE,9.279999389648403
2024010712,2140,52541,Colby Parkinson,TE,11.5800001525879
2024010712,2256,44917,James Conner,RB,4.34999786377
2024010712,2281,56062,Elijah Higgins,TE,26.4599984741211
2024010712,2480,52541,Colby Parkinson,TE,8.309998779296905
2024010712,2628,48646,Greg Dortch,WR,18.929999237060493
2024010712,2707,46189,Will Dissly,TE,5.899999580383302
2024010712,2874,53478,Rondale Moore,WR,12.709998474121093
2024010712,3068,53478,Rondale Moore,WR,13.000000305175789
2024010712,3093,54520,Trey McBride,TE,21.669997863770007
2024010712,3210,47847,DK Metcalf,WR,18.119998779296907
2024010712,3300,56062,Elijah Higgins,TE,8.770001831054703
2024010712,3392,55959,Michael Wilson,WR,19.5799992370605
2024010712,3629,52541,Colby Parkinson,TE,12.899996337890599
2024010712,3654,55917,Zach Charbonnet,RB,9.349996643066405
2024010712,3679,55917,Zach Charbonnet,RB,2.1400036621094074
2024010712,3704,42412,Tyler Lockett,WR,45.269999923706045
2024010712,3785,53478,Rondale Moore,WR,13.049999237060497
2024010712,3808,55959,Michael Wilson,WR,17.6099998474121
2024010712,3833,44917,James Conner,RB,4.029999084472699
2024010712,3858,44917,James Conner,RB,8.730000915527299
2024010712,3883,55959,Michael Wilson,WR,21.629996337890596
2024010713,55,46277,Cedrick Wilson Jr.,WR,25.230001831054707
2024010713,133,43454,Tyreek Hill,WR,10.760001525878906
2024010713,158,43454,Tyreek Hill,WR,40.939998168945294
2024010713,195,42489,Stefon Diggs,WR,9.519999389648397
2024010713,266,42489,Stefon Diggs,WR,10.099998931884798
2024010713,291,55889,Dalton Kincaid,TE,24.099999542236297
2024010713,345,54528,James Cook,RB,7.560000000000002
2024010713,436,47879,Dawson Knox,TE,13.789999694824004
2024010713,459,52536,Gabe Davis,WR,18.030002441405998
2024010713,574,45900,River Cracraft,WR,13.520000915527305
2024010713,599,43454,Tyreek Hill,WR,26.580000915527307
2024010713,696,43454,Tyreek Hill,WR,17.9400010681152
2024010713,746,42489,Stefon Diggs,WR,54.300002136230496
2024010713,821,55889,Dalton Kincaid,TE,12.059999694824207
2024010713,965,46279,Braxton Berrios,WR,10.599998931884802
2024010713,1037,43454,Tyreek Hill,WR,25.8999984741211
2024010713,1211,47879,Dawson Knox,TE,19.479997863769498
2024010713,1344,42489,Stefon Diggs,WR,45.389999771118205
2024010713,1533,46192,Durham Smythe,TE,14.3599993896484
2024010713,1609,46277,Cedrick Wilson Jr.,WR,28.609999084472705
2024010713,1722,43454,Tyreek Hill,WR,8.190003662109007
2024010713,1786,46671,Trent Sherfield,WR,12.029997558593806
2024010713,1811,42489,Stefon Diggs,WR,19.899996948242205
2024010713,1864,54613,Khalil Shakir,WR,9.729997863769498
2024010713,1918,42489,Stefon Diggs,WR,10.9700001525879
2024010713,1943,55889,Dalton Kincaid,TE,8.200000915527298
2024010713,1973,54528,James Cook,RB,26.8099997711182
2024010713,2085,47969,Ty Johnson,RB,13.739999656677199
2024010713,2298,55889,Dalton Kincaid,TE,8.530000762939501
2024010713,2395,56410,Julian Hill,TE,7.6600006866455
2024010713,2420,46279,Braxton Berrios,WR,9.0000015258789
2024010713,2498,46671,Trent Sherfield,WR,17.73999938964839
2024010713,2586,54613,Khalil Shakir,WR,9.000001831054703
2024010713,2611,55889,Dalton Kincaid,TE,13.780001678466803
2024010713,2658,55889,Dalton Kincaid,TE,12.440000457763702
2024010713,2727,54613,Khalil Shakir,WR,21.689999618530297
2024010713,2774,46671,Trent Sherfield,WR,19.780000419616698
2024010713,2827,43454,Tyreek Hill,WR,18.7500004577637
2024010713,2905,43454,Tyreek Hill,WR,20.810001068115206
2024010713,3026,46192,Durham Smythe,TE,9.750000915527295
2024010713,3175,46277,Cedrick Wilson Jr.,WR,18.819996948242206
2024010713,3227,42489,Stefon Diggs,WR,11.259999694824199
2024010713,3296,55889,Dalton Kincaid,TE,28.069998779296903
2024010713,3326,54528,James Cook,RB,9.640003051757802
2024010713,3351,54613,Khalil Shakir,WR,28.359996337890593
2024010713,3403,47879,Dawson Knox,TE,8.550003051757997
2024010713,3467,43454,Tyreek Hill,WR,28.800001220703095
2024010713,3490,52457,Chase Claypool,WR,12.819999999999993
2024010713,3515,43454,Tyreek Hill,WR,17.35999664306641
2024010713,3570,54528,James Cook,RB,6.399998779296904
2024010713,3836,54613,Khalil Shakir,WR,12.259998168945302
2024010713,3906,43454,Tyreek Hill,WR,13.260001831054709
2024010713,3936,46192,Durham Smythe,TE,10.830000610351597
2024010713,3995,43454,Tyreek Hill,WR,25.679999847412102
2024010713,4018,52457,Chase Claypool,WR,25.7400006103516
